# Blender 5.1.0
# www.blender.org
mtllib Cofre.mtl
o Plane.001
v 0.213979 -0.573928 -0.141299
v 0.200749 -0.570937 -0.141278
v 0.188396 -0.568101 -0.141576
v 0.231053 -0.558536 -0.140672
v 0.234230 -0.540261 -0.139659
v 0.237487 -0.522266 -0.138527
v 0.242376 -0.580068 -0.142072
v 0.257236 -0.583141 -0.142715
v 0.272362 -0.586215 -0.143460
v 0.224770 -0.595546 -0.142408
v 0.221624 -0.614158 -0.143168
v 0.218477 -0.632814 -0.143886
v 0.211453 -0.593539 -0.142112
v 0.198750 -0.591451 -0.142036
v 0.186851 -0.589386 -0.142232
v 0.208957 -0.613298 -0.142877
v 0.185347 -0.610888 -0.142858
v 0.206479 -0.633151 -0.143611
v 0.183872 -0.632535 -0.143465
v 0.216543 -0.554513 -0.140424
v 0.219173 -0.535372 -0.139472
v 0.221893 -0.516587 -0.138430
v 0.202803 -0.550683 -0.140472
v 0.204931 -0.530756 -0.139608
v 0.207151 -0.511232 -0.138673
v 0.189998 -0.547105 -0.140879
v 0.191672 -0.526470 -0.140133
v 0.193429 -0.506268 -0.139326
v 0.246164 -0.562689 -0.141155
v 0.261726 -0.566939 -0.141815
v 0.277590 -0.571253 -0.142593
v 0.249937 -0.545358 -0.140104
v 0.266133 -0.550612 -0.140743
v 0.282652 -0.555973 -0.141511
v 0.253762 -0.528205 -0.138899
v 0.270547 -0.534337 -0.139475
v 0.287673 -0.540599 -0.140189
v 0.238511 -0.597365 -0.142871
v 0.234585 -0.614599 -0.143583
v 0.230622 -0.631792 -0.144237
v 0.252568 -0.599046 -0.143459
v 0.247734 -0.614665 -0.144086
v 0.242744 -0.630017 -0.144627
v 0.266840 -0.600633 -0.144133
v 0.143640 -0.385713 -0.146899
v 0.153181 -0.389452 -0.144103
v 0.163726 -0.394031 -0.141258
v 0.175474 -0.399435 -0.138551
v 0.143408 -0.405073 -0.147562
v 0.143181 -0.425065 -0.148086
v 0.142977 -0.445705 -0.148459
v 0.134905 -0.382835 -0.149454
v 0.126774 -0.380831 -0.151578
v 0.119052 -0.379726 -0.153080
v 0.143864 -0.366968 -0.146112
v 0.144061 -0.348824 -0.145215
v 0.144219 -0.331260 -0.144219
v 0.153681 -0.370852 -0.143283
v 0.164533 -0.375608 -0.140391
v 0.176621 -0.381217 -0.137621
v 0.154142 -0.352784 -0.142368
v 0.165283 -0.357633 -0.139448
v 0.177695 -0.363351 -0.136640
v 0.154543 -0.335219 -0.141368
v 0.165951 -0.340069 -0.138439
v 0.178658 -0.345785 -0.135614
v 0.152661 -0.408608 -0.144820
v 0.152143 -0.428354 -0.145420
v 0.151646 -0.448711 -0.145897
v 0.162889 -0.412944 -0.142041
v 0.162046 -0.432388 -0.142734
v 0.161226 -0.452400 -0.143329
v 0.174283 -0.418061 -0.139420
v 0.173080 -0.437152 -0.140221
v 0.171900 -0.456763 -0.140946
v 0.134935 -0.402350 -0.150076
v 0.127050 -0.400462 -0.152172
v 0.119557 -0.399421 -0.153657
v 0.134977 -0.422537 -0.150541
v 0.127338 -0.420785 -0.152591
v 0.120082 -0.419827 -0.154047
v 0.135040 -0.443400 -0.150828
v 0.127650 -0.441805 -0.152814
v 0.120628 -0.440938 -0.154227
v 0.134873 -0.363977 -0.148690
v 0.134831 -0.345771 -0.147803
v 0.134766 -0.328212 -0.146808
v 0.126508 -0.361896 -0.150829
v 0.126240 -0.343649 -0.149947
v 0.125968 -0.326092 -0.148951
v 0.118560 -0.360744 -0.152341
v 0.118080 -0.342475 -0.151461
v 0.117610 -0.324923 -0.150467
v 0.482640 -0.296441 -0.104316
v 0.455325 -0.299377 -0.107961
v 0.428402 -0.301868 -0.111434
v 0.401816 -0.303339 -0.114574
v 0.482888 -0.269336 -0.107350
v 0.483579 -0.242314 -0.109741
v 0.484739 -0.215285 -0.111352
v 0.510406 -0.293638 -0.100659
v 0.538508 -0.291278 -0.097140
v 0.566838 -0.289673 -0.093906
v 0.482812 -0.323711 -0.100774
v 0.483299 -0.351103 -0.096851
v 0.483995 -0.378578 -0.092675
v 0.455711 -0.327109 -0.104966
v 0.429058 -0.330014 -0.109003
v 0.402678 -0.331630 -0.112702
v 0.456495 -0.355147 -0.101643
v 0.430337 -0.358869 -0.106304
v 0.404635 -0.361403 -0.110645
v 0.457542 -0.383387 -0.098100
v 0.432213 -0.388479 -0.103441
v 0.408040 -0.393296 -0.108519
v 0.455468 -0.272052 -0.110515
v 0.456111 -0.244984 -0.112501
v 0.457229 -0.218028 -0.113794
v 0.428401 -0.274382 -0.113496
v 0.428968 -0.247339 -0.115068
v 0.430024 -0.220517 -0.116029
v 0.401696 -0.275893 -0.116144
v 0.402193 -0.249016 -0.117296
v 0.403176 -0.222429 -0.117918
v 0.510650 -0.266674 -0.104149
v 0.538678 -0.264399 -0.101059
v 0.566893 -0.262840 -0.098222
v 0.511330 -0.239684 -0.106926
v 0.539306 -0.237434 -0.104201
v 0.567450 -0.235899 -0.101706
v 0.512505 -0.212620 -0.108843
v 0.540477 -0.210356 -0.106408
v 0.568605 -0.208822 -0.104187
v 0.510533 -0.320616 -0.096600
v 0.510941 -0.347608 -0.092115
v 0.511536 -0.374609 -0.087347
v 0.538711 -0.318096 -0.092600
v 0.539194 -0.344870 -0.087593
v 0.539863 -0.371616 -0.082276
v 0.567183 -0.316417 -0.088922
v 0.567829 -0.343094 -0.083438
v 0.568674 -0.369728 -0.077621
v 0.713088 -0.301492 -0.084662
v 0.682235 -0.296082 -0.085777
v 0.652583 -0.292268 -0.087151
v 0.623732 -0.289975 -0.088892
v 0.712793 -0.274792 -0.090280
v 0.713140 -0.247952 -0.094922
v 0.714256 -0.220945 -0.098393
v 0.745539 -0.308571 -0.083698
v 0.779987 -0.317389 -0.082778
v 0.816833 -0.328022 -0.081793
v 0.713896 -0.328079 -0.078263
v 0.715090 -0.354584 -0.071279
v 0.716541 -0.381031 -0.063906
v 0.683006 -0.322695 -0.079518
v 0.653293 -0.318909 -0.081116
v 0.624354 -0.316651 -0.083153
v 0.684154 -0.349225 -0.072678
v 0.654368 -0.345474 -0.074512
v 0.625325 -0.343254 -0.076861
v 0.685552 -0.375703 -0.065450
v 0.655688 -0.371988 -0.067526
v 0.626530 -0.369807 -0.070200
v 0.681967 -0.269361 -0.091260
v 0.682330 -0.242505 -0.095774
v 0.683448 -0.215487 -0.099125
v 0.652361 -0.265519 -0.092425
v 0.652750 -0.238644 -0.096748
v 0.653869 -0.211611 -0.099930
v 0.623575 -0.263201 -0.093893
v 0.624004 -0.236301 -0.097975
v 0.625131 -0.209254 -0.100948
v 0.745229 -0.281885 -0.089364
v 0.779673 -0.290707 -0.088394
v 0.816519 -0.301330 -0.087249
v 0.745569 -0.255053 -0.094062
v 0.780012 -0.263878 -0.093061
v 0.816859 -0.274493 -0.091790
v 0.746688 -0.228050 -0.097595
v 0.781135 -0.236873 -0.096588
v 0.817987 -0.247479 -0.095233
v 0.746369 -0.335143 -0.077256
v 0.747588 -0.361629 -0.070233
v 0.749068 -0.388057 -0.062821
v 0.780826 -0.343958 -0.076402
v 0.782057 -0.370437 -0.069456
v 0.783548 -0.396859 -0.062130
v 0.817672 -0.354597 -0.075604
v 0.818904 -0.381086 -0.068867
v 0.820398 -0.407515 -0.061762
v 1.044167 -0.411054 -0.074129
v 0.993433 -0.390184 -0.075850
v 0.945052 -0.371535 -0.077568
v 0.899305 -0.355014 -0.079195
v 1.043847 -0.384122 -0.077006
v 1.044193 -0.357069 -0.079355
v 1.045335 -0.329873 -0.081067
v 1.096975 -0.434228 -0.072504
v 1.151578 -0.459794 -0.071066
v 1.207695 -0.487838 -0.069910
v 1.045018 -0.437893 -0.070828
v 1.046268 -0.464659 -0.067210
v 1.047783 -0.491378 -0.063379
v 0.994276 -0.416951 -0.071754
v 0.945891 -0.398234 -0.072768
v 0.900142 -0.381657 -0.073798
v 0.995518 -0.443642 -0.067281
v 0.947127 -0.424854 -0.067536
v 0.901375 -0.408217 -0.067921
v 0.997024 -0.470282 -0.062557
v 0.948626 -0.451420 -0.062016
v 0.902870 -0.434719 -0.061724
v 0.993117 -0.363317 -0.079442
v 0.993465 -0.336323 -0.082407
v 0.994608 -0.309174 -0.084620
v 0.944740 -0.344728 -0.081794
v 0.945088 -0.317786 -0.085301
v 0.946227 -0.290683 -0.087947
v 0.898994 -0.328260 -0.083954
v 0.899341 -0.301366 -0.087914
v 0.900479 -0.274302 -0.090915
v 1.096649 -0.407230 -0.074600
v 1.151243 -0.432734 -0.072330
v 1.207349 -0.460725 -0.070309
v 1.096990 -0.380121 -0.076267
v 1.151578 -0.405573 -0.073271
v 1.207676 -0.433518 -0.070489
v 1.098132 -0.352880 -0.077425
v 1.152718 -0.378289 -0.073828
v 1.208814 -0.406200 -0.070409
v 1.097835 -0.461138 -0.070067
v 1.099095 -0.487981 -0.067376
v 1.100624 -0.514781 -0.064513
v 1.152449 -0.486771 -0.069545
v 1.153723 -0.513688 -0.067832
v 1.155266 -0.540563 -0.065989
v 1.208581 -0.514875 -0.069337
v 1.209871 -0.541853 -0.068633
v 1.211432 -0.568796 -0.067840
v 1.496225 -0.660638 -0.070099
v 1.439719 -0.623478 -0.069363
v 1.381836 -0.586942 -0.068916
v 1.323353 -0.551706 -0.068818
v 1.495904 -0.633572 -0.066254
v 1.496274 -0.606427 -0.062612
v 1.497475 -0.579188 -0.059213
v 1.550574 -0.697745 -0.071066
v 1.601992 -0.734123 -0.072203
v 1.649698 -0.769099 -0.073450
v 1.497099 -0.687639 -0.074107
v 1.498389 -0.714592 -0.078235
v 1.499957 -0.741514 -0.082445
v 1.440639 -0.650556 -0.072527
v 1.382768 -0.614054 -0.071185
v 1.324274 -0.578816 -0.070158
v 1.441973 -0.677588 -0.075772
v 1.384111 -0.641119 -0.073490
v 1.325606 -0.605877 -0.071480
v 1.443583 -0.704588 -0.079070
v 1.385730 -0.668152 -0.075818
v 1.327211 -0.632905 -0.072791
v 1.439350 -0.596338 -0.066306
v 1.439672 -0.569121 -0.063384
v 1.440822 -0.541809 -0.060621
v 1.381454 -0.559768 -0.066692
v 1.381757 -0.532514 -0.064525
v 1.382885 -0.505166 -0.062428
v 1.322976 -0.524530 -0.067457
v 1.323283 -0.497273 -0.066071
v 1.324408 -0.469917 -0.064650
v 1.550345 -0.670804 -0.066493
v 1.601909 -0.707366 -0.066976
v 1.649832 -0.742590 -0.067659
v 1.550808 -0.643780 -0.062182
v 1.602518 -0.680513 -0.062063
v 1.650652 -0.715971 -0.062223
v 1.552102 -0.616650 -0.058186
v 1.603956 -0.653545 -0.057525
v 1.652297 -0.689219 -0.057212
v 1.551359 -0.724617 -0.075850
v 1.552558 -0.751437 -0.080790
v 1.554035 -0.778223 -0.085835
v 1.602627 -0.760806 -0.077679
v 1.603677 -0.787430 -0.083344
v 1.605003 -0.814017 -0.089135
v 1.650115 -0.795521 -0.079524
v 1.650945 -0.821876 -0.085812
v 1.652049 -0.848187 -0.092241
v 1.821901 -0.911752 -0.079885
v 1.794487 -0.886437 -0.078602
v 1.764435 -0.860089 -0.077321
v 1.730871 -0.832133 -0.076037
v 1.824088 -0.887343 -0.072841
v 1.826906 -0.862684 -0.066219
v 1.830476 -0.837725 -0.060102
v 1.847554 -0.936608 -0.081173
v 1.872320 -0.961577 -0.082471
v 1.897078 -0.987237 -0.083780
v 1.820215 -0.935960 -0.087267
v 1.818909 -0.960017 -0.094901
v 1.817852 -0.983976 -0.102703
v 1.793274 -0.911125 -0.085917
v 1.763704 -0.885270 -0.084486
v 1.730593 -0.857791 -0.082957
v 1.792446 -0.935680 -0.093487
v 1.763365 -0.910341 -0.091905
v 1.730717 -0.883356 -0.090120
v 1.791877 -0.960150 -0.101227
v 1.763289 -0.935339 -0.099491
v 1.731109 -0.908861 -0.097447
v 1.796213 -0.861578 -0.071627
v 1.798584 -0.836500 -0.065074
v 1.801725 -0.811161 -0.059032
v 1.765693 -0.834759 -0.070490
v 1.767608 -0.809245 -0.064079
v 1.770311 -0.783509 -0.058173
v 1.731685 -0.806350 -0.069443
v 1.733169 -0.780411 -0.063258
v 1.735456 -0.754288 -0.057560
v 1.850160 -0.912600 -0.074125
v 1.875272 -0.937888 -0.075469
v 1.900269 -0.963748 -0.076862
v 1.853384 -0.888309 -0.067491
v 1.878830 -0.913884 -0.068867
v 1.904057 -0.939917 -0.070327
v 1.857345 -0.863678 -0.061352
v 1.883113 -0.889502 -0.062746
v 1.908560 -0.915675 -0.064251
v 1.845439 -0.960388 -0.088552
v 1.843693 -0.983998 -0.096177
v 1.842193 -1.007494 -0.103970
v 1.869851 -0.985015 -0.089792
v 1.867745 -1.008262 -0.097353
v 1.865880 -1.031385 -0.105075
v 1.894365 -1.010450 -0.091004
v 1.892010 -1.033458 -0.098458
v 1.889894 -1.056329 -0.106067
v 2.268802 -1.205307 -0.056848
v 2.267568 -1.236548 -0.059684
v 2.266484 -1.268211 -0.062740
v 2.265693 -1.299598 -0.066042
v 2.249370 -1.169101 -0.056502
v 2.228192 -1.131670 -0.055936
v 2.205490 -1.094100 -0.055182
v 2.270039 -1.175189 -0.054206
v 2.271288 -1.147296 -0.051763
v 2.272552 -1.122732 -0.049526
v 2.286266 -1.239199 -0.056941
v 2.301631 -1.270011 -0.056804
v 2.314775 -1.296968 -0.056455
v 2.285880 -1.270312 -0.059447
v 2.285530 -1.301767 -0.062146
v 2.285354 -1.332731 -0.065054
v 2.302074 -1.301049 -0.058982
v 2.302407 -1.332191 -0.061308
v 2.302766 -1.362501 -0.063789
v 2.315983 -1.328056 -0.058330
v 2.316927 -1.358888 -0.060296
v 2.317741 -1.388457 -0.062356
v 2.247305 -1.200456 -0.059647
v 2.225325 -1.163050 -0.059358
v 2.201858 -1.125345 -0.058831
v 2.245450 -1.232124 -0.063016
v 2.222687 -1.194530 -0.062992
v 2.198447 -1.156454 -0.062675
v 2.243968 -1.263555 -0.066643
v 2.220468 -1.225707 -0.066877
v 2.195476 -1.187156 -0.066764
v 2.251479 -1.138610 -0.053543
v 2.253591 -1.110218 -0.050793
v 2.255675 -1.085159 -0.048271
v 2.231095 -1.100792 -0.052681
v 2.233938 -1.071532 -0.049603
v 2.236627 -1.045012 -0.046715
v 2.209123 -1.063000 -0.051677
v 2.212514 -1.032396 -0.048257
v 2.215429 -1.002645 -0.044862
v 2.286552 -1.209262 -0.054609
v 2.300949 -1.240015 -0.054761
v 2.313171 -1.266633 -0.054671
v 2.286841 -1.181615 -0.052453
v 2.300211 -1.212311 -0.052867
v 2.287236 -1.157378 -0.050475
v 2.299599 -1.188145 -0.051135
v 0.144012 -0.249025 -0.137830
v 0.155162 -0.251737 -0.135046
v 0.167478 -0.255083 -0.132248
v 0.181195 -0.259053 -0.129636
v 0.144194 -0.265473 -0.139361
v 0.144307 -0.281646 -0.140737
v 0.144349 -0.297818 -0.141986
v 0.133795 -0.246963 -0.140399
v 0.124280 -0.245565 -0.142555
v 0.115230 -0.244840 -0.144098
v 0.143760 -0.232026 -0.136117
v 0.143440 -0.214202 -0.134196
v 0.143051 -0.195276 -0.132038
v 0.155017 -0.234355 -0.133348
v 0.167450 -0.237241 -0.130588
v 0.181298 -0.240675 -0.128046
v 0.154794 -0.216152 -0.131434
v 0.167335 -0.218584 -0.128709
v 0.181301 -0.221487 -0.126237
v 0.154497 -0.196874 -0.129276
v 0.167139 -0.198882 -0.126578
v 0.181216 -0.201291 -0.124168
v 0.155222 -0.268551 -0.136559
v 0.155196 -0.285052 -0.137919
v 0.155077 -0.301494 -0.139153
v 0.167407 -0.272340 -0.133723
v 0.167227 -0.289236 -0.135045
v 0.166931 -0.306003 -0.136250
v 0.180976 -0.276822 -0.131041
v 0.180627 -0.294180 -0.132304
v 0.180134 -0.311327 -0.133461
v 0.134091 -0.263121 -0.141930
v 0.124682 -0.261511 -0.144078
v 0.115737 -0.260659 -0.145609
v 0.134333 -0.279035 -0.143311
v 0.125045 -0.277235 -0.145454
v 0.116219 -0.276267 -0.146977
v 0.134524 -0.294993 -0.144566
v 0.125378 -0.293038 -0.146708
v 0.116686 -0.291973 -0.148225
v 0.133444 -0.230265 -0.138690
v 0.133033 -0.212740 -0.136777
v 0.132559 -0.194093 -0.134635
v 0.123832 -0.229086 -0.140859
v 0.123335 -0.211777 -0.138964
v 0.122780 -0.193332 -0.136846
v 0.114691 -0.228499 -0.142416
v 0.114107 -0.211323 -0.140542
v 0.113471 -0.193003 -0.138446
v 0.140166 -0.078567 -0.117082
v 0.140853 -0.104687 -0.120625
v 0.141491 -0.129548 -0.123900
v 0.142073 -0.153020 -0.126899
v 0.129235 -0.078131 -0.119877
v 0.119042 -0.077918 -0.122292
v 0.109333 -0.077925 -0.124055
v 0.139436 -0.051323 -0.113279
v 0.138667 -0.023082 -0.109225
v 0.137869 0.006020 -0.104927
v 0.152087 -0.079226 -0.114180
v 0.165252 -0.080105 -0.111445
v 0.179914 -0.081205 -0.109146
v 0.152675 -0.105431 -0.117764
v 0.153214 -0.130422 -0.121077
v 0.153702 -0.154076 -0.124108
v 0.165729 -0.106415 -0.115054
v 0.166161 -0.131559 -0.118385
v 0.166544 -0.155427 -0.121426
v 0.180267 -0.107634 -0.112756
v 0.180580 -0.132958 -0.116080
v 0.180847 -0.157074 -0.119100
v 0.130014 -0.104180 -0.123372
v 0.119907 -0.103915 -0.125741
v 0.110281 -0.103892 -0.127470
v 0.130741 -0.128939 -0.126602
v 0.120718 -0.128598 -0.128924
v 0.111173 -0.128527 -0.130617
v 0.131412 -0.152270 -0.129558
v 0.121471 -0.151824 -0.131838
v 0.112006 -0.151688 -0.133496
v 0.128411 -0.050930 -0.116120
v 0.127547 -0.022712 -0.112107
v 0.126649 0.006383 -0.107843
v 0.118130 -0.050747 -0.118579
v 0.117177 -0.022547 -0.114605
v 0.116187 0.006539 -0.110372
v 0.108338 -0.050778 -0.120375
v 0.107298 -0.022590 -0.116430
v 0.106221 0.006491 -0.112221
v 0.151459 -0.051928 -0.110337
v 0.164737 -0.052744 -0.107572
v 0.179525 -0.053774 -0.105266
v 0.150796 -0.023660 -0.106244
v 0.164190 -0.024445 -0.103452
v 0.179107 -0.025440 -0.101134
v 0.150104 0.005452 -0.101915
v 0.163616 0.004678 -0.099096
v 0.178665 0.003697 -0.096765
v 1.066303 -0.190571 -0.078154
v 1.059995 -0.219049 -0.080149
v 1.054741 -0.247159 -0.081508
v 1.050544 -0.274962 -0.082162
v 1.015523 -0.169950 -0.082261
v 0.967094 -0.151545 -0.085966
v 0.921297 -0.135250 -0.089142
v 1.073662 -0.161662 -0.075593
v 1.082071 -0.132267 -0.072536
v 1.091525 -0.102324 -0.069056
v 1.119152 -0.213508 -0.073776
v 1.173789 -0.238871 -0.069256
v 1.229934 -0.266758 -0.064724
v 1.112828 -0.241987 -0.075719
v 1.107561 -0.270100 -0.077093
v 1.103353 -0.297911 -0.077861
v 1.167451 -0.267342 -0.071179
v 1.162169 -0.295456 -0.072602
v 1.157949 -0.323272 -0.073521
v 1.223580 -0.295220 -0.066662
v 1.218284 -0.323328 -0.068173
v 1.214054 -0.351148 -0.069284
v 1.009230 -0.198428 -0.084333
v 0.960813 -0.180018 -0.088134
v 0.915028 -0.163715 -0.091418
v 1.003989 -0.226531 -0.085707
v 0.955586 -0.208113 -0.089547
v 0.909812 -0.191800 -0.092890
v 0.999804 -0.254321 -0.086281
v 0.951412 -0.235888 -0.090076
v 0.905648 -0.219558 -0.093404
v 1.022869 -0.141044 -0.079592
v 1.031265 -0.111653 -0.076431
v 1.040708 -0.081717 -0.072878
v 0.974427 -0.122644 -0.083177
v 0.982811 -0.093259 -0.079899
v 0.992244 -0.063337 -0.076263
v 0.928618 -0.106357 -0.086225
v 0.936991 -0.076983 -0.082824
v 0.946414 -0.047077 -0.079099
v 1.126526 -0.184604 -0.071302
v 1.181178 -0.209973 -0.066842
v 1.237338 -0.237873 -0.062336
v 1.134948 -0.155209 -0.068335
v 1.189613 -0.180584 -0.063940
v 1.245785 -0.208494 -0.059471
v 1.144411 -0.125263 -0.064912
v 1.199087 -0.150638 -0.060557
v 1.255268 -0.178558 -0.056104
v 0.498220 -0.077450 -0.105522
v 0.494476 -0.105581 -0.108313
v 0.491259 -0.133375 -0.110409
v 0.488566 -0.160886 -0.111695
v 0.469256 -0.080634 -0.107629
v 0.440571 -0.083737 -0.109452
v 0.412254 -0.086461 -0.110823
v 0.502493 -0.048928 -0.102158
v 0.507298 -0.019958 -0.098339
v 0.512636 0.009515 -0.094183
v 0.527377 -0.074481 -0.103302
v 0.556641 -0.072021 -0.101140
v 0.585923 -0.070365 -0.099206
v 0.523156 -0.102663 -0.106150
v 0.519561 -0.130513 -0.108269
v 0.516589 -0.158085 -0.109517
v 0.551971 -0.100246 -0.104044
v 0.548021 -0.128137 -0.106184
v 0.544792 -0.155750 -0.107398
v 0.580849 -0.098627 -0.102154
v 0.576583 -0.126551 -0.104306
v 0.573121 -0.154187 -0.105482
v 0.466002 -0.108701 -0.110369
v 0.437807 -0.111727 -0.112157
v 0.409960 -0.114358 -0.113515
v 0.463176 -0.136421 -0.112453
v 0.435373 -0.139350 -0.114245
v 0.407909 -0.141861 -0.115633
v 0.460774 -0.163846 -0.113784
v 0.433267 -0.166656 -0.115639
v 0.406097 -0.169011 -0.117114
v 0.472938 -0.052167 -0.104334
v 0.477053 -0.023246 -0.100581
v 0.481603 0.006183 -0.096467
v 0.443669 -0.055330 -0.106213
v 0.447105 -0.026460 -0.102515
v 0.450879 0.002925 -0.098437
v 0.414793 -0.058124 -0.107615
v 0.417581 -0.029304 -0.103953
v 0.420621 0.000038 -0.099898
v 0.532228 -0.045910 -0.099863
v 0.562034 -0.043404 -0.097632
v 0.591807 -0.041709 -0.095640
v 0.537707 -0.016891 -0.095975
v 0.568152 -0.014339 -0.093678
v 0.598502 -0.012604 -0.091635
v 0.543821 0.012627 -0.091777
v 0.574998 0.015223 -0.089443
v 0.606010 0.017005 -0.087372
v 1.519213 -0.440481 -0.045544
v 1.512726 -0.468746 -0.048162
v 1.507290 -0.496683 -0.050705
v 1.502923 -0.524357 -0.053305
v 1.462278 -0.402760 -0.048714
v 1.404180 -0.365903 -0.052260
v 1.345622 -0.330534 -0.056139
v 1.526733 -0.411821 -0.042718
v 1.535266 -0.382695 -0.039551
v 1.544794 -0.353043 -0.035909
v 1.574281 -0.478447 -0.042797
v 1.626779 -0.516032 -0.040512
v 1.676004 -0.552612 -0.038735
v 1.567719 -0.506602 -0.045612
v 1.562197 -0.534438 -0.048415
v 1.557739 -0.562018 -0.051348
v 1.620111 -0.544032 -0.043522
v 1.614469 -0.571737 -0.046576
v 1.609876 -0.599190 -0.049826
v 1.669194 -0.580414 -0.041925
v 1.663387 -0.607944 -0.045209
v 1.658613 -0.635232 -0.048748
v 1.455842 -0.431103 -0.051139
v 1.397776 -0.394296 -0.054512
v 1.339238 -0.358963 -0.058244
v 1.450463 -0.459108 -0.053425
v 1.392433 -0.422348 -0.056554
v 1.333914 -0.387041 -0.060067
v 1.446155 -0.486847 -0.055687
v 1.388160 -0.450129 -0.058486
v 1.329661 -0.414846 -0.061691
v 1.469757 -0.374007 -0.046029
v 1.478261 -0.344775 -0.042966
v 1.487774 -0.314992 -0.039407
v 1.411632 -0.337092 -0.049699
v 1.420116 -0.307791 -0.046728
v 1.429621 -0.277929 -0.043247
v 1.353055 -0.301686 -0.053676
v 1.361525 -0.272347 -0.050775
v 1.371023 -0.242443 -0.047358
v 1.581860 -0.449918 -0.039822
v 1.634442 -0.487682 -0.037394
v 1.683779 -0.524503 -0.035486
v 1.590436 -0.420953 -0.036545
v 1.643075 -0.458940 -0.034014
v 1.692490 -0.496056 -0.032019
v 1.599982 -0.391493 -0.032824
v 1.652649 -0.429754 -0.030223
v 1.702102 -0.467239 -0.028178
v 0.734622 -0.082192 -0.095539
v 0.728487 -0.110586 -0.098341
v 0.723386 -0.138608 -0.100249
v 0.719315 -0.166310 -0.101044
v 0.703518 -0.076781 -0.095812
v 0.673516 -0.072957 -0.096145
v 0.644194 -0.070654 -0.096708
v 0.741790 -0.053382 -0.092069
v 0.749993 -0.024106 -0.088154
v 0.759232 0.005684 -0.084015
v 0.767245 -0.089253 -0.095158
v 0.801804 -0.098026 -0.094497
v 0.838721 -0.108575 -0.093387
v 0.761047 -0.117665 -0.097869
v 0.755896 -0.145703 -0.099687
v 0.751786 -0.173413 -0.100396
v 0.795573 -0.126454 -0.097107
v 0.790391 -0.154505 -0.098834
v 0.786259 -0.182225 -0.099463
v 0.832472 -0.137015 -0.095888
v 0.827275 -0.165078 -0.097523
v 0.823130 -0.192811 -0.098091
v 0.697484 -0.105153 -0.098688
v 0.667628 -0.101304 -0.099075
v 0.638508 -0.098977 -0.099673
v 0.692461 -0.133160 -0.100679
v 0.662720 -0.129294 -0.101137
v 0.633761 -0.126945 -0.101787
v 0.688449 -0.160851 -0.101564
v 0.658793 -0.156974 -0.102111
v 0.629951 -0.154615 -0.102843
v 0.710566 -0.047996 -0.092274
v 0.718631 -0.018748 -0.088295
v 0.727712 0.011011 -0.084100
v 0.680388 -0.044199 -0.092560
v 0.688245 -0.014982 -0.088540
v 0.697089 0.014744 -0.084299
v 0.650822 -0.041927 -0.093101
v 0.658390 -0.012744 -0.089060
v 0.666904 0.016948 -0.084793
v 0.774486 -0.060422 -0.091774
v 0.809087 -0.069174 -0.091216
v 0.846022 -0.079707 -0.090219
v 0.782775 -0.031120 -0.087938
v 0.817422 -0.039850 -0.087472
v 0.854377 -0.050364 -0.086582
v 0.792112 -0.001301 -0.083868
v 0.826810 -0.010007 -0.083481
v 0.863787 -0.020496 -0.082676
v 0.133530 0.161444 -0.079840
v 0.134442 0.129062 -0.085371
v 0.135330 0.097354 -0.090631
v 0.136197 0.066293 -0.095634
v 0.121785 0.161803 -0.082750
v 0.110830 0.161956 -0.085270
v 0.100395 0.161901 -0.087116
v 0.132594 0.194520 -0.074023
v 0.131634 0.228314 -0.067904
v 0.130648 0.262849 -0.061470
v 0.146340 0.160875 -0.076828
v 0.160485 0.160097 -0.073998
v 0.176240 0.159112 -0.071639
v 0.147132 0.128496 -0.082335
v 0.147904 0.096787 -0.087584
v 0.148655 0.065726 -0.092586
v 0.161144 0.127720 -0.079490
v 0.161787 0.096013 -0.084732
v 0.162411 0.064954 -0.089736
v 0.176752 0.126737 -0.077127
v 0.177249 0.095031 -0.082369
v 0.177734 0.063970 -0.087381
v 0.122806 0.129423 -0.088306
v 0.111955 0.129576 -0.090850
v 0.101619 0.129520 -0.092712
v 0.123803 0.097713 -0.093579
v 0.113052 0.097864 -0.096137
v 0.102811 0.097810 -0.098008
v 0.124776 0.066653 -0.098585
v 0.114123 0.066806 -0.101144
v 0.103976 0.066752 -0.103016
v 0.120734 0.194882 -0.076896
v 0.119659 0.228677 -0.070731
v 0.118554 0.263214 -0.064241
v 0.109676 0.195034 -0.079384
v 0.108491 0.228831 -0.073179
v 0.107275 0.263370 -0.066639
v 0.099141 0.194975 -0.081206
v 0.097854 0.228773 -0.074970
v 0.096535 0.263312 -0.068396
v 0.145528 0.193949 -0.071044
v 0.159809 0.193167 -0.068239
v 0.175713 0.192182 -0.065891
v 0.144692 0.227740 -0.064969
v 0.159113 0.226959 -0.062200
v 0.175171 0.225968 -0.059870
v 0.143835 0.262273 -0.058589
v 0.158397 0.261487 -0.055865
v 0.174612 0.260494 -0.053562
v 1.151735 0.057190 -0.045607
v 1.138681 0.023914 -0.051439
v 1.125866 -0.008667 -0.056556
v 1.113557 -0.040560 -0.061102
v 1.100739 0.077628 -0.050290
v 1.052054 0.095824 -0.054469
v 1.005993 0.111894 -0.057992
v 1.164761 0.091176 -0.038916
v 1.177492 0.125882 -0.031223
v 1.189662 0.161318 -0.022382
v 1.204730 0.034400 -0.040569
v 1.259411 0.009144 -0.035327
v 1.315467 -0.018691 -0.030030
v 1.191614 0.001079 -0.046736
v 1.178770 -0.031540 -0.052117
v 1.166451 -0.063465 -0.056852
v 1.246291 -0.024215 -0.041805
v 1.233448 -0.056868 -0.047444
v 1.221133 -0.088818 -0.052367
v 1.302418 -0.052086 -0.036782
v 1.289614 -0.084761 -0.042657
v 1.277316 -0.116728 -0.047764
v 1.087787 0.044397 -0.055784
v 1.039228 0.062642 -0.059635
v 0.993298 0.078762 -0.062861
v 1.075022 0.011861 -0.060638
v 1.026526 0.030151 -0.064242
v 0.980663 0.046314 -0.067248
v 1.062730 -0.019994 -0.065006
v 1.014256 -0.001666 -0.068446
v 0.968416 0.014538 -0.071310
v 1.113592 0.111563 -0.044008
v 1.126060 0.146219 -0.036787
v 1.137859 0.181607 -0.028476
v 1.064695 0.129710 -0.048588
v 1.076845 0.164316 -0.041838
v 1.088195 0.199659 -0.034064
v 1.018413 0.145731 -0.052484
v 1.030229 0.180289 -0.046177
v 1.041112 0.215585 -0.038913
v 1.217863 0.068434 -0.033484
v 1.272558 0.043222 -0.027886
v 1.328505 0.015426 -0.022293
v 1.230760 0.103187 -0.025346
v 1.285480 0.078026 -0.019360
v 1.341273 0.050276 -0.013463
v 1.243166 0.138670 -0.016020
v 1.297929 0.113559 -0.009625
v 1.353512 0.085863 -0.003433
v 0.545424 0.165985 -0.070716
v 0.538583 0.133388 -0.075858
v 0.531686 0.101461 -0.080713
v 0.524929 0.070187 -0.085342
v 0.509340 0.162440 -0.072494
v 0.473673 0.158988 -0.074004
v 0.438764 0.155927 -0.075075
v 0.552008 0.199272 -0.065221
v 0.558136 0.233269 -0.059311
v 0.563610 0.267992 -0.052921
v 0.581583 0.169317 -0.068842
v 0.617475 0.172137 -0.067049
v 0.652757 0.174142 -0.065507
v 0.573701 0.136678 -0.073811
v 0.565748 0.104709 -0.078508
v 0.557958 0.073389 -0.083015
v 0.608606 0.139456 -0.071843
v 0.599652 0.107440 -0.076381
v 0.590883 0.076074 -0.080763
v 0.642994 0.141416 -0.070136
v 0.633134 0.109357 -0.074523
v 0.623478 0.077949 -0.078782
v 0.503557 0.129885 -0.077803
v 0.468924 0.126471 -0.079462
v 0.434988 0.123445 -0.080656
v 0.497729 0.098000 -0.082807
v 0.464144 0.094625 -0.084603
v 0.431193 0.091633 -0.085909
v 0.492021 0.066768 -0.087556
v 0.459460 0.063434 -0.089457
v 0.427472 0.060478 -0.090856
v 0.514919 0.195688 -0.066834
v 0.520131 0.229646 -0.060775
v 0.524816 0.264333 -0.054272
v 0.478266 0.192200 -0.068198
v 0.482580 0.226120 -0.062010
v 0.486486 0.260776 -0.055409
v 0.442430 0.189105 -0.069149
v 0.445891 0.222997 -0.062857
v 0.449057 0.257622 -0.056185
v 0.589156 0.202647 -0.063523
v 0.625983 0.205510 -0.061903
v 0.662114 0.207556 -0.060525
v 0.596183 0.236682 -0.057769
v 0.633860 0.239587 -0.056306
v 0.670758 0.241677 -0.055075
v 0.602427 0.271445 -0.051502
v 0.640832 0.274390 -0.050161
v 0.678385 0.276522 -0.049045
v 1.941878 -0.511891 -0.004228
v 1.912853 -0.474319 -0.001758
v 1.880507 -0.435388 0.000226
v 1.844368 -0.395505 0.001491
v 1.951671 -0.491294 0.000913
v 1.960749 -0.472569 0.005940
v 1.968902 -0.456275 0.010672
v 1.968060 -0.547691 -0.006952
v 1.991885 -0.581788 -0.009825
v 2.013839 -0.614244 -0.012747
v 1.931582 -0.533791 -0.009299
v 1.920996 -0.556805 -0.014215
v 1.910333 -0.580743 -0.018890
v 1.902182 -0.498685 -0.007398
v 1.869552 -0.462285 -0.005990
v 1.833204 -0.424741 -0.005245
v 1.891197 -0.523613 -0.012734
v 1.858268 -0.489153 -0.011739
v 1.821702 -0.453411 -0.011357
v 1.880161 -0.549016 -0.017709
v 1.846962 -0.516029 -0.016995
v 1.810204 -0.481666 -0.016856
v 1.922943 -0.450595 0.004127
v 1.932305 -0.428508 0.009988
v 1.940791 -0.409058 0.015557
v 1.890829 -0.408421 0.006885
v 1.900334 -0.382347 0.013743
v 1.908846 -0.358134 0.020557
v 1.854849 -0.365556 0.008855
v 1.864238 -0.334780 0.016872
v 1.872121 -0.303066 0.025563
v 1.977488 -0.529745 -0.002422
v 2.000892 -0.566113 -0.005806
v 2.022379 -0.600566 -0.009167
v 1.986261 -0.513843 0.001940
v 2.009354 -0.552639 -0.001984
v 2.030541 -0.589269 -0.005802
v 1.994117 -0.500224 0.006012
v 1.958238 -0.567443 -0.011528
v 1.948170 -0.588738 -0.016053
v 1.938002 -0.611319 -0.020430
v 1.982642 -0.599676 -0.013967
v 1.973227 -0.619469 -0.018131
v 1.963703 -0.640861 -0.022219
v 2.005284 -0.630529 -0.016501
v 1.996671 -0.649060 -0.020334
v 1.987963 -0.669478 -0.024150
v 0.817160 0.163771 -0.063976
v 0.805041 0.130849 -0.068169
v 0.792804 0.098598 -0.072111
v 0.780830 0.067003 -0.075960
v 0.784595 0.168926 -0.063862
v 0.752440 0.172480 -0.063763
v 0.720127 0.174494 -0.063876
v 0.828769 0.197389 -0.059375
v 0.839484 0.231722 -0.054210
v 0.848917 0.266791 -0.048321
v 0.850702 0.156956 -0.063912
v 0.885788 0.148422 -0.063477
v 0.922987 0.138107 -0.062475
v 0.838425 0.123996 -0.068133
v 0.826042 0.091710 -0.072078
v 0.813938 0.060079 -0.075909
v 0.873399 0.115422 -0.067774
v 0.860928 0.083099 -0.071762
v 0.848752 0.051433 -0.075600
v 0.910508 0.105065 -0.066902
v 0.897980 0.072704 -0.070975
v 0.885772 0.041003 -0.074853
v 0.772707 0.136039 -0.068070
v 0.740878 0.139632 -0.068029
v 0.709011 0.141685 -0.068233
v 0.760691 0.103828 -0.072046
v 0.729188 0.107454 -0.072069
v 0.697774 0.109545 -0.072365
v 0.748933 0.072264 -0.075939
v 0.717747 0.075928 -0.076028
v 0.686773 0.078055 -0.076410
v 0.795972 0.202503 -0.059265
v 0.806459 0.236793 -0.054127
v 0.815672 0.271817 -0.048296
v 0.763503 0.206019 -0.059124
v 0.773695 0.240266 -0.053965
v 0.782644 0.275245 -0.048140
v 0.730764 0.207991 -0.059154
v 0.740570 0.242198 -0.053932
v 0.749186 0.277131 -0.048069
v 0.862485 0.190615 -0.059258
v 0.897714 0.182121 -0.058709
v 0.935049 0.171850 -0.057530
v 0.873390 0.224990 -0.054005
v 0.908796 0.216541 -0.053308
v 0.946324 0.206314 -0.051909
v 0.883029 0.260105 -0.047998
v 0.918656 0.251702 -0.047112
v 0.956446 0.241519 -0.045446
v 0.125247 0.448289 -0.022917
v 0.126406 0.409203 -0.031830
v 0.127520 0.371223 -0.040013
v 0.128593 0.334239 -0.047596
v 0.112516 0.448672 -0.025310
v 0.100643 0.448840 -0.027382
v 0.089338 0.448781 -0.028911
v 0.124038 0.488580 -0.013147
v 0.122771 0.530185 -0.002393
v 0.121442 0.573207 0.009474
v 0.139129 0.447692 -0.020419
v 0.154456 0.446883 -0.018037
v 0.171516 0.445872 -0.015988
v 0.140142 0.408611 -0.029250
v 0.141114 0.370634 -0.037351
v 0.142049 0.333654 -0.044853
v 0.155307 0.407809 -0.026792
v 0.156122 0.369837 -0.034817
v 0.156905 0.332864 -0.042248
v 0.172189 0.406802 -0.024684
v 0.172831 0.368834 -0.032653
v 0.173444 0.331864 -0.040029
v 0.113808 0.409585 -0.034304
v 0.102061 0.409748 -0.036443
v 0.090875 0.409690 -0.038020
v 0.115052 0.371600 -0.042568
v 0.103428 0.371761 -0.044777
v 0.092357 0.371703 -0.046402
v 0.116254 0.334613 -0.050229
v 0.104747 0.334771 -0.052506
v 0.093789 0.334713 -0.054178
v 0.111167 0.488967 -0.015465
v 0.109758 0.530576 -0.004641
v 0.108284 0.573601 0.007286
v 0.099167 0.489137 -0.017470
v 0.097625 0.530745 -0.006587
v 0.096013 0.573774 0.005392
v 0.087740 0.489080 -0.018954
v 0.086073 0.530689 -0.008030
v 0.084331 0.573715 0.003984
v 0.138071 0.487980 -0.010729
v 0.153561 0.487166 -0.008417
v 0.170805 0.486151 -0.006423
v 0.136960 0.529577 -0.000045
v 0.152621 0.528762 0.002201
v 0.170054 0.527742 0.004146
v 0.135790 0.572598 0.011761
v 0.151627 0.571777 0.013954
v 0.169256 0.570752 0.015857
v 0.577322 0.452848 -0.011769
v 0.576228 0.414411 -0.021383
v 0.574423 0.376690 -0.030262
v 0.571796 0.339702 -0.038450
v 0.537220 0.449277 -0.013278
v 0.497512 0.445816 -0.014609
v 0.458659 0.442759 -0.015629
v 0.577822 0.491982 -0.001377
v 0.577842 0.531798 0.009835
v 0.577496 0.572277 0.021909
v 0.617354 0.456233 -0.010207
v 0.656855 0.459141 -0.008724
v 0.695361 0.461277 -0.007449
v 0.616337 0.417907 -0.019912
v 0.614472 0.380224 -0.028868
v 0.611622 0.343227 -0.037104
v 0.655926 0.420913 -0.018520
v 0.654016 0.383261 -0.027556
v 0.650969 0.346248 -0.035838
v 0.694524 0.423129 -0.017341
v 0.692582 0.385498 -0.026455
v 0.689364 0.348465 -0.034786
v 0.536068 0.410725 -0.022804
v 0.496331 0.407152 -0.024045
v 0.457487 0.403989 -0.024972
v 0.534344 0.372962 -0.031605
v 0.494711 0.369344 -0.032762
v 0.455994 0.366136 -0.033601
v 0.531957 0.335979 -0.039741
v 0.492578 0.332362 -0.040841
v 0.454127 0.329158 -0.041614
v 0.537894 0.488621 -0.002966
v 0.538183 0.528763 0.008198
v 0.538180 0.569711 0.020273
v 0.498325 0.485364 -0.004373
v 0.498844 0.525825 0.006742
v 0.499140 0.567223 0.018819
v 0.459564 0.482495 -0.005474
v 0.460256 0.523247 0.005590
v 0.460787 0.565062 0.017662
v 0.617660 0.495164 0.000266
v 0.656958 0.497884 0.001836
v 0.695269 0.499859 0.003206
v 0.617388 0.534660 0.011531
v 0.656393 0.537079 0.013166
v 0.694422 0.538795 0.014615
v 0.616677 0.574678 0.023614
v 0.655315 0.576666 0.025270
v 0.692997 0.577996 0.026766
v 0.869224 0.452332 -0.004621
v 0.868455 0.414213 -0.015222
v 0.866245 0.376464 -0.024946
v 0.862387 0.339220 -0.033741
v 0.835166 0.457130 -0.005370
v 0.801531 0.460350 -0.005749
v 0.767539 0.462065 -0.006036
v 0.868757 0.490680 0.006802
v 0.867257 0.529124 0.018993
v 0.864932 0.567528 0.031896
v 0.904488 0.445878 -0.003222
v 0.941739 0.437700 -0.000896
v 0.981759 0.427722 0.002638
v 0.903516 0.407725 -0.014084
v 0.901071 0.369931 -0.024055
v 0.896969 0.332633 -0.033072
v 0.940440 0.399509 -0.012087
v 0.937645 0.361671 -0.022377
v 0.933190 0.324327 -0.031691
v 0.979989 0.389500 -0.008963
v 0.976696 0.351621 -0.019657
v 0.971756 0.314235 -0.029360
v 0.834498 0.419043 -0.015765
v 0.800886 0.422282 -0.015982
v 0.766859 0.423998 -0.016139
v 0.832426 0.381339 -0.025303
v 0.798887 0.384615 -0.025379
v 0.764888 0.386357 -0.025428
v 0.828741 0.344144 -0.033936
v 0.795320 0.347471 -0.033899
v 0.761421 0.349259 -0.033869
v 0.834640 0.495467 0.005833
v 0.833134 0.533921 0.017799
v 0.830861 0.572364 0.030477
v 0.801030 0.498695 0.005278
v 0.799596 0.537192 0.017057
v 0.797440 0.575719 0.029548
v 0.767130 0.500448 0.004847
v 0.765836 0.539029 0.016476
v 0.763861 0.577700 0.028815
v 0.904177 0.484252 0.008471
v 0.941701 0.476101 0.011128
v 0.982124 0.466144 0.015062
v 0.902773 0.522705 0.020932
v 0.940488 0.514570 0.023910
v 0.981208 0.504621 0.028223
v 0.900462 0.561099 0.034100
v 0.938260 0.552961 0.037381
v 0.979132 0.543006 0.042036
v 1.234416 0.347792 0.040807
v 1.228056 0.309757 0.026020
v 1.220300 0.271902 0.012129
v 1.211250 0.234416 -0.000689
v 1.178620 0.368148 0.031471
v 1.124606 0.386201 0.022531
v 1.073226 0.402068 0.014441
v 1.239279 0.385813 0.056307
v 1.242015 0.423842 0.072255
v 1.241995 0.461890 0.088386
v 1.291145 0.325011 0.050077
v 1.347781 0.299407 0.058652
v 1.403294 0.270581 0.065896
v 1.283679 0.287143 0.034630
v 1.275117 0.249352 0.020125
v 1.265488 0.211860 0.006734
v 1.339365 0.261939 0.042725
v 1.330270 0.224319 0.027774
v 1.320399 0.186852 0.013959
v 1.394236 0.233920 0.049812
v 1.385027 0.196671 0.034683
v 1.375368 0.159282 0.020664
v 1.173366 0.330003 0.017387
v 1.120412 0.347988 0.009150
v 1.069996 0.363829 0.001733
v 1.166559 0.292106 0.004178
v 1.114609 0.310071 -0.003351
v 1.065170 0.325910 -0.010084
v 1.158303 0.254629 -0.007983
v 1.107263 0.272609 -0.014821
v 1.058748 0.288463 -0.020882
v 1.182215 0.406374 0.046262
v 1.183839 0.444592 0.061551
v 1.183172 0.482716 0.077133
v 1.127129 0.424549 0.036638
v 1.127864 0.462898 0.051310
v 1.126692 0.501111 0.066387
v 1.074858 0.440479 0.027911
v 1.074895 0.478905 0.042018
v 1.073336 0.517203 0.056634
v 1.297479 0.362735 0.066296
v 1.355619 0.336432 0.075398
v 1.412502 0.306207 0.082783
v 1.301587 0.400499 0.082938
v 1.361466 0.373545 0.092660
v 1.420563 0.341952 0.100482
v 1.302376 0.438500 0.099661
v 1.363908 0.411282 0.110140
v 1.426182 0.378975 0.119003
v 0.572906 0.782962 0.095893
v 0.574192 0.740064 0.079358
v 0.575270 0.697424 0.063652
v 0.576164 0.655161 0.048816
v 0.535729 0.784858 0.095191
v 0.498587 0.786666 0.094664
v 0.461765 0.788439 0.094343
v 0.571386 0.825988 0.113217
v 0.569613 0.869020 0.131292
v 0.567559 0.911931 0.150076
v 0.609828 0.780924 0.096744
v 0.646212 0.778696 0.097719
v 0.681772 0.776223 0.098789
v 0.611569 0.739071 0.080438
v 0.613116 0.697447 0.064959
v 0.614477 0.656127 0.050321
v 0.648406 0.737839 0.081596
v 0.650419 0.697188 0.066305
v 0.652247 0.656762 0.051831
v 0.684392 0.736276 0.082784
v 0.686845 0.696502 0.067620
v 0.689112 0.656878 0.053255
v 0.536583 0.740918 0.078408
v 0.499057 0.741725 0.077637
v 0.461921 0.742579 0.077094
v 0.537218 0.697253 0.062458
v 0.499296 0.697075 0.061443
v 0.461840 0.697031 0.060679
v 0.537670 0.654044 0.047405
v 0.499356 0.652953 0.046176
v 0.461583 0.652072 0.045219
v 0.534615 0.828894 0.112735
v 0.533204 0.872844 0.130974
v 0.531458 0.916530 0.149839
v 0.497835 0.831668 0.112427
v 0.496749 0.876493 0.130830
v 0.495280 0.920906 0.149775
v 0.461311 0.834318 0.112299
v 0.460495 0.879936 0.130841
v 0.459258 0.925009 0.149843
v 0.607885 0.822939 0.113869
v 0.643846 0.819737 0.114688
v 0.679005 0.816370 0.115672
v 0.605730 0.865043 0.131800
v 0.641312 0.860942 0.132522
v 0.676112 0.856738 0.133474
v 0.603355 0.907166 0.150525
v 0.638618 0.902289 0.151231
v 0.673114 0.897351 0.152235
v 0.113738 0.807902 0.086183
v 0.115417 0.759426 0.069111
v 0.117030 0.711290 0.052652
v 0.118573 0.663923 0.037059
v 0.099826 0.808302 0.084081
v 0.086853 0.808473 0.082269
v 0.074503 0.808408 0.080921
v 0.111994 0.856286 0.103617
v 0.110189 0.904149 0.121159
v 0.108325 0.951062 0.138561
v 0.128906 0.807280 0.088402
v 0.145646 0.806448 0.090565
v 0.164278 0.805411 0.092497
v 0.130433 0.758807 0.071312
v 0.131882 0.710672 0.054851
v 0.133256 0.663306 0.039269
v 0.147007 0.757976 0.073447
v 0.148276 0.709842 0.056975
v 0.149462 0.662479 0.041398
v 0.165451 0.756940 0.075337
v 0.166520 0.708809 0.058842
v 0.167500 0.661449 0.043262
v 0.101645 0.759826 0.067019
v 0.088803 0.759998 0.065210
v 0.076575 0.759935 0.063864
v 0.103407 0.711690 0.050557
v 0.090706 0.711862 0.048745
v 0.078612 0.711799 0.047395
v 0.105107 0.664321 0.034947
v 0.092550 0.664493 0.033121
v 0.080595 0.664432 0.031759
v 0.097959 0.856686 0.101494
v 0.096052 0.904551 0.119008
v 0.094112 0.951466 0.136371
v 0.084871 0.856858 0.099670
v 0.082869 0.904724 0.117165
v 0.080858 0.951641 0.134507
v 0.072412 0.856793 0.098316
v 0.070318 0.904657 0.115803
v 0.068240 0.951574 0.133133
v 0.127296 0.855661 0.105867
v 0.144184 0.854830 0.108074
v 0.162980 0.853790 0.110068
v 0.125602 0.903525 0.123454
v 0.142612 0.902689 0.125722
v 0.161543 0.901650 0.127800
v 0.123820 0.950437 0.140911
v 0.140920 0.949600 0.143259
v 0.159950 0.948559 0.145441
v 0.846712 0.756478 0.106826
v 0.850918 0.718932 0.090203
v 0.854910 0.681360 0.074507
v 0.858623 0.643666 0.059627
v 0.813846 0.762104 0.104363
v 0.781588 0.766645 0.102522
v 0.749269 0.770348 0.101107
v 0.842360 0.794096 0.124479
v 0.837931 0.831878 0.143270
v 0.833493 0.869923 0.163307
v 0.880854 0.749521 0.110100
v 0.916942 0.740984 0.114381
v 0.955644 0.730624 0.119860
v 0.885508 0.712163 0.093293
v 0.889878 0.674731 0.077398
v 0.893880 0.637136 0.062309
v 0.922192 0.703789 0.097445
v 0.927047 0.666466 0.081389
v 0.931410 0.628941 0.066100
v 0.961679 0.693591 0.102889
v 0.967170 0.656381 0.086731
v 0.971991 0.618926 0.071277
v 0.817706 0.724312 0.087952
v 0.785161 0.728520 0.086310
v 0.752568 0.731771 0.085052
v 0.821395 0.686542 0.072457
v 0.788582 0.690458 0.070997
v 0.755720 0.693301 0.069874
v 0.824856 0.648690 0.057779
v 0.791803 0.652365 0.056494
v 0.758680 0.654851 0.055494
v 0.809873 0.800016 0.121793
v 0.805845 0.838141 0.140341
v 0.801820 0.876583 0.160107
v 0.777913 0.804929 0.119723
v 0.774186 0.843461 0.138004
v 0.770457 0.882336 0.157456
v 0.745861 0.809108 0.118114
v 0.742389 0.848133 0.136152
v 0.738893 0.887507 0.155298
v 0.875995 0.786894 0.127933
v 0.911396 0.778136 0.132307
v 0.949184 0.767546 0.137755
v 0.871013 0.824370 0.146900
v 0.905655 0.815321 0.151336
v 0.942425 0.804429 0.156687
v 0.865988 0.862040 0.167112
v 0.899816 0.852619 0.171578
v 0.935488 0.841340 0.176764
v 0.098272 1.162150 0.220325
v 0.100354 1.122949 0.203990
v 0.102411 1.082392 0.187963
v 0.104431 1.040325 0.171929
v 0.084149 1.162543 0.217919
v 0.070978 1.162711 0.215946
v 0.058436 1.162644 0.214536
v 0.096171 1.200139 0.237291
v 0.094060 1.237069 0.255205
v 0.091948 1.273091 0.274384
v 0.113664 1.161546 0.223038
v 0.130649 1.160743 0.225927
v 0.149544 1.159755 0.228866
v 0.115821 1.122329 0.206640
v 0.117932 1.081762 0.190539
v 0.119979 1.039695 0.174424
v 0.132890 1.121502 0.209429
v 0.135060 1.080924 0.193213
v 0.137138 1.038852 0.176980
v 0.151878 1.120482 0.212218
v 0.154118 1.079889 0.195840
v 0.156230 1.037814 0.179443
v 0.086165 1.123358 0.201615
v 0.072931 1.123535 0.199652
v 0.060329 1.123473 0.198241
v 0.088171 1.082804 0.185631
v 0.074893 1.082982 0.183689
v 0.062248 1.082921 0.182282
v 0.090167 1.040735 0.169646
v 0.076866 1.040913 0.167729
v 0.064201 1.040848 0.166331
v 0.082129 1.200507 0.234870
v 0.080105 1.237393 0.252792
v 0.078081 1.273353 0.272008
v 0.069031 1.200657 0.232900
v 0.067087 1.237515 0.250840
v 0.065144 1.273427 0.270096
v 0.056559 1.200578 0.231499
v 0.054692 1.237418 0.249460
v 0.052825 1.273306 0.268747
v 0.111475 1.199572 0.240044
v 0.128361 1.198810 0.243011
v 0.147146 1.197869 0.246070
v 0.109269 1.236556 0.257970
v 0.126048 1.235857 0.260977
v 0.144714 1.234989 0.264118
v 0.107063 1.272650 0.277124
v 0.123735 1.272044 0.280130
v 0.142283 1.271279 0.283300
v 0.551688 1.120778 0.253172
v 0.555843 1.080066 0.231487
v 0.559426 1.038747 0.210285
v 0.562518 0.996897 0.189617
v 0.516319 1.126198 0.251673
v 0.480846 1.131215 0.250350
v 0.445482 1.135799 0.249097
v 0.546880 1.160805 0.275292
v 0.541336 1.200063 0.297799
v 0.534975 1.238477 0.320642
v 0.586738 1.114985 0.254952
v 0.621256 1.108852 0.257118
v 0.655026 1.102405 0.259777
v 0.591028 1.074195 0.232856
v 0.594713 1.032885 0.211283
v 0.597913 0.991189 0.190315
v 0.625680 1.068061 0.234608
v 0.629463 1.026828 0.212644
v 0.632771 0.985333 0.191345
v 0.659582 1.061715 0.236842
v 0.663467 1.020638 0.214459
v 0.666881 0.979401 0.192788
v 0.520338 1.085623 0.230397
v 0.484724 1.090815 0.229486
v 0.449217 1.095590 0.228653
v 0.523819 1.044342 0.209558
v 0.488102 1.049607 0.209009
v 0.452490 1.054473 0.208547
v 0.526805 1.002382 0.189173
v 0.490984 1.007570 0.188907
v 0.455272 1.012385 0.188737
v 0.511723 1.166042 0.273370
v 0.506508 1.205124 0.295469
v 0.500630 1.243422 0.317954
v 0.476463 1.170832 0.271615
v 0.471570 1.209693 0.293290
v 0.466165 1.247819 0.315392
v 0.441311 1.175177 0.269921
v 0.436733 1.213788 0.291166
v 0.431775 1.251703 0.312874
v 0.581720 1.155127 0.277485
v 0.616029 1.149019 0.280054
v 0.649595 1.142484 0.283101
v 0.575847 1.194489 0.300376
v 0.609835 1.188384 0.303294
v 0.643089 1.181723 0.306652
v 0.568999 1.232938 0.323536
v 0.602508 1.226761 0.326717
v 0.635304 1.219901 0.330268
v 0.081490 1.440670 0.392078
v 0.083594 1.409421 0.366799
v 0.085680 1.376776 0.341873
v 0.087760 1.342999 0.317818
v 0.068007 1.440323 0.390354
v 0.055425 1.439944 0.388966
v 0.043439 1.439542 0.387968
v 0.079355 1.470264 0.417193
v 0.077179 1.497940 0.441629
v 0.074948 1.523440 0.464868
v 0.096178 1.440977 0.394078
v 0.112375 1.441237 0.396298
v 0.130385 1.441445 0.398681
v 0.098386 1.409549 0.369002
v 0.100555 1.376733 0.344264
v 0.102708 1.342798 0.320368
v 0.114699 1.409604 0.371448
v 0.116961 1.376587 0.346916
v 0.119198 1.342469 0.323193
v 0.132841 1.409575 0.374071
v 0.135209 1.376338 0.349758
v 0.137539 1.342015 0.326212
v 0.070020 1.409221 0.364905
v 0.057353 1.408949 0.363383
v 0.045289 1.408614 0.362299
v 0.072031 1.376715 0.339818
v 0.059296 1.376553 0.338171
v 0.047167 1.376282 0.337004
v 0.074043 1.343067 0.315623
v 0.061246 1.342999 0.313864
v 0.049059 1.342790 0.312624
v 0.065991 1.469774 0.415643
v 0.063969 1.497315 0.440242
v 0.061942 1.522694 0.463626
v 0.053517 1.469289 0.414386
v 0.051637 1.496731 0.439112
v 0.049791 1.522022 0.462609
v 0.041631 1.468820 0.413475
v 0.039883 1.496200 0.438283
v 0.038205 1.521441 0.461854
v 0.093910 1.470750 0.418990
v 0.109954 1.471215 0.420979
v 0.127792 1.471652 0.423114
v 0.091558 1.498593 0.443231
v 0.107403 1.499255 0.445003
v 0.125011 1.499911 0.446903
v 0.089099 1.524238 0.466299
v 0.104685 1.525078 0.467879
v 0.121992 1.525934 0.469574
v 1.602495 -0.194387 -0.007072
v 1.590795 -0.227746 -0.014394
v 1.578737 -0.260215 -0.020920
v 1.566757 -0.291872 -0.026669
v 1.546017 -0.155638 -0.010937
v 1.488468 -0.118194 -0.015223
v 1.430456 -0.082555 -0.019873
v 1.613397 -0.160069 0.001061
v 1.622698 -0.124465 0.010030
v 1.629590 -0.087250 0.019851
v 1.657295 -0.233940 -0.003691
v 1.709651 -0.274064 -0.000967
v 1.758794 -0.314521 0.000922
v 1.645756 -0.267210 -0.011073
v 1.633809 -0.299467 -0.017656
v 1.621903 -0.330846 -0.023462
v 1.698202 -0.307043 -0.008371
v 1.686346 -0.338912 -0.014970
v 1.674516 -0.369859 -0.020791
v 1.747410 -0.346843 -0.006415
v 1.735643 -0.378046 -0.012959
v 1.723898 -0.408364 -0.018744
v 1.534048 -0.189049 -0.018207
v 1.476175 -0.151628 -0.022431
v 1.417838 -0.115989 -0.026988
v 1.521830 -0.221651 -0.024661
v 1.463777 -0.184299 -0.028793
v 1.405265 -0.148685 -0.033227
v 1.509772 -0.253485 -0.030328
v 1.451641 -0.216228 -0.034352
v 1.393059 -0.180653 -0.038657
v 1.557327 -0.121382 -0.002824
v 1.567423 -0.086145 0.006160
v 1.575748 -0.049786 0.016042
v 1.500289 -0.083983 -0.007123
v 1.511236 -0.048947 0.001914
v 1.520906 -0.013047 0.011935
v 1.442798 -0.048373 -0.011815
v 1.454545 -0.013435 -0.002745
v 1.465377 0.022269 0.007403
v 1.667987 -0.199528 0.004513
v 1.720262 -0.239783 0.007273
v 1.769387 -0.280857 0.009088
v 1.676654 -0.163340 0.013563
v 1.728642 -0.203207 0.016432
v 1.778015 -0.244499 0.018308
v 1.682117 -0.124747 0.023487
v 1.733398 -0.163337 0.026590
v 1.783498 -0.204093 0.028804
v 0.810132 1.063592 0.281303
v 0.815640 1.025103 0.256197
v 0.820457 0.986205 0.231492
v 0.824857 0.947181 0.207540
v 0.780332 1.072920 0.276306
v 0.750204 1.081202 0.271476
v 0.719465 1.088697 0.266993
v 0.803663 1.101376 0.306459
v 0.795612 1.138314 0.331217
v 0.785352 1.174254 0.355131
v 0.839888 1.052945 0.286289
v 0.870050 1.040355 0.290820
v 0.901065 1.025186 0.294456
v 0.845813 1.015050 0.260850
v 0.851148 0.976756 0.235880
v 0.856133 0.938316 0.211713
v 0.876434 1.003237 0.265285
v 0.882444 0.965662 0.240297
v 0.888239 0.927872 0.216152
v 0.907878 0.989220 0.269240
v 0.914710 0.952567 0.244598
v 0.921577 0.915517 0.220796
v 0.785535 1.033845 0.251592
v 0.755188 1.041577 0.247195
v 0.724288 1.048599 0.243165
v 0.789999 0.994372 0.227275
v 0.759424 1.001576 0.223345
v 0.728377 1.008141 0.219822
v 0.794011 0.954800 0.203694
v 0.763191 0.961498 0.200235
v 0.731998 0.967614 0.197224
v 0.774104 1.111290 0.301077
v 0.766427 1.148710 0.325524
v 0.756872 1.184932 0.349270
v 0.744189 1.120145 0.295884
v 0.736827 1.158118 0.320101
v 0.727800 1.194834 0.343811
v 0.713647 1.128151 0.291046
v 0.706567 1.166670 0.315067
v 0.697961 1.203961 0.338795
v 0.833140 1.090183 0.311866
v 0.863134 1.076767 0.316605
v 0.894252 1.060189 0.319984
v 0.824628 1.126790 0.337060
v 0.854384 1.112866 0.342190
v 0.885794 1.095265 0.345744
v 0.813411 1.162793 0.361350
v 0.842490 1.149035 0.367127
v 0.874034 1.131450 0.371661
v 0.062793 1.615098 0.552978
v 0.065340 1.600816 0.538702
v 0.067839 1.584849 0.523031
v 0.070278 1.566854 0.505688
v 0.051648 1.614130 0.551993
v 0.041174 1.613319 0.551203
v 0.031143 1.612682 0.550620
v 0.074833 1.616207 0.554146
v 0.087999 1.617443 0.555484
v 0.102519 1.618795 0.556981
v 0.077914 1.601916 0.539850
v 0.080901 1.585918 0.524190
v 0.083773 1.567865 0.506894
v 0.091693 1.603130 0.541151
v 0.095238 1.587085 0.525490
v 0.098604 1.568959 0.508234
v 0.106920 1.604444 0.542587
v 0.111109 1.588335 0.526907
v 0.115046 1.570113 0.509683
v 0.053725 1.599849 0.537722
v 0.042827 1.599033 0.536927
v 0.032403 1.598381 0.536333
v 0.055793 1.583901 0.522033
v 0.044510 1.583089 0.521216
v 0.033727 1.582435 0.520602
v 0.057853 1.565947 0.504643
v 0.046227 1.565161 0.503784
v 0.035126 1.564517 0.503139
v 0.039546 1.626284 0.564331
v 0.029934 1.625664 0.563751
v 0.488838 1.414628 0.436980
v 0.500038 1.381909 0.413918
v 0.510250 1.347810 0.390581
v 0.519474 1.312453 0.367143
v 0.459675 1.420732 0.433717
v 0.430265 1.425839 0.430367
v 0.400606 1.430045 0.427004
v 0.476644 1.445837 0.459600
v 0.463266 1.475475 0.481545
v 0.448515 1.503485 0.502581
v 0.517753 1.407431 0.440087
v 0.546541 1.398876 0.442826
v 0.575318 1.388685 0.444995
v 0.530164 1.375191 0.417068
v 0.541564 1.341547 0.393778
v 0.551884 1.306570 0.370342
v 0.559959 1.367329 0.420020
v 0.572439 1.334299 0.396931
v 0.583805 1.299832 0.373634
v 0.589407 1.358162 0.422679
v 0.602770 1.325970 0.400020
v 0.615085 1.292163 0.377047
v 0.469601 1.387642 0.410667
v 0.438911 1.392480 0.407358
v 0.408035 1.396511 0.404038
v 0.478597 1.353193 0.387365
v 0.446719 1.357779 0.384135
v 0.414729 1.361656 0.380904
v 0.486727 1.317557 0.364011
v 0.453794 1.321957 0.360919
v 0.420828 1.325732 0.357840
v 0.448760 1.452288 0.456313
v 0.436719 1.482162 0.478230
v 0.423417 1.510208 0.499243
v 0.420675 1.457642 0.452938
v 0.410018 1.487676 0.474844
v 0.398171 1.515730 0.495856
v 0.392309 1.461997 0.449566
v 0.383009 1.492114 0.471487
v 0.372567 1.520139 0.492526
v 0.504405 1.438189 0.462708
v 0.532358 1.428894 0.465274
v 0.560816 1.417497 0.466941
v 0.489814 1.467519 0.484682
v 0.516928 1.457666 0.487191
v 0.545169 1.445304 0.488619
v 0.473678 1.495469 0.505761
v 0.499767 1.485475 0.508405
v 2.039004 -1.139092 -0.090164
v 2.008583 -1.105495 -0.089023
v 1.978816 -1.073400 -0.087771
v 1.950069 -1.042917 -0.086451
v 2.041370 -1.114548 -0.083820
v 2.044269 -1.089504 -0.077774
v 2.047851 -1.063902 -0.072076
v 2.069720 -1.174077 -0.091146
v 2.100367 -1.210336 -0.091929
v 2.130583 -1.247761 -0.092465
v 2.037020 -1.163192 -0.096759
v 2.035323 -1.186961 -0.103545
v 2.006318 -1.129301 -0.095731
v 1.976284 -1.096904 -0.094606
v 1.947335 -1.066179 -0.093420
v 2.004386 -1.152830 -0.102626
v 1.974104 -1.120163 -0.101636
v 1.944959 -1.089210 -0.100595
v 2.002676 -1.176173 -0.109646
v 1.942821 -1.112090 -0.107906
v 2.011290 -1.081322 -0.082568
v 2.014575 -1.056708 -0.076417
v 2.018570 -1.031584 -0.070629
v 1.981821 -1.049568 -0.081195
v 1.985420 -1.025333 -0.074941
v 1.989735 -1.000615 -0.069073
v 1.953282 -1.019348 -0.079755
v 1.957089 -0.995397 -0.073401
v 1.961614 -0.970986 -0.067456
v 2.071740 -1.149188 -0.084903
v 2.102080 -1.185179 -0.085769
v 2.132072 -1.222464 -0.086368
v 2.074212 -1.123702 -0.078963
v 2.104119 -1.159281 -0.079932
v 2.133698 -1.196225 -0.080628
v 2.077316 -1.097584 -0.073362
v 2.106700 -1.132643 -0.074436
v 2.135740 -1.169094 -0.075246
v 2.067972 -1.198402 -0.097657
v 2.066430 -1.222305 -0.104368
v 2.065024 -1.245927 -0.111213
v 2.098758 -1.234753 -0.098388
v 2.097226 -1.258612 -0.105073
v 2.095748 -1.282101 -0.111910
v 2.128958 -1.272068 -0.098919
v 2.127229 -1.295631 -0.105638
v 2.125433 -1.318699 -0.112536
v 2.077029 -0.928440 -0.049435
v 2.070327 -0.955931 -0.053295
v 2.063781 -0.983461 -0.057436
v 2.057670 -1.010790 -0.061911
v 2.049941 -0.899088 -0.047951
v 2.022862 -0.870521 -0.046398
v 1.995963 -0.842661 -0.044809
v 2.083615 -0.901223 -0.045800
v 2.089660 -0.874464 -0.042338
v 2.094738 -0.848337 -0.038994
v 2.103957 -0.958665 -0.050814
v 2.130495 -0.990052 -0.052084
v 2.156415 -1.022893 -0.053237
v 2.097780 -0.987042 -0.054713
v 2.091744 -1.015325 -0.058864
v 2.086133 -1.043310 -0.063320
v 2.124881 -1.019368 -0.055999
v 2.119416 -1.048456 -0.060139
v 2.114379 -1.077145 -0.064557
v 2.151409 -1.053081 -0.057132
v 2.146572 -1.082955 -0.061225
v 2.142173 -1.112355 -0.065572
v 2.042743 -0.925867 -0.051773
v 2.015227 -0.896766 -0.050182
v 1.987981 -0.868536 -0.048558
v 2.035750 -0.952766 -0.055892
v 2.007869 -0.923157 -0.054274
v 1.980355 -0.894560 -0.052619
v 2.029218 -0.979519 -0.060368
v 2.001014 -0.949438 -0.058740
v 1.973285 -0.920479 -0.057071
v 2.057087 -0.872676 -0.044370
v 2.063864 -0.846867 -0.040967
v 2.069958 -0.821897 -0.037684
v 2.030539 -0.844686 -0.042856
v 2.038017 -0.819514 -0.039486
v 2.045050 -0.795262 -0.036222
v 2.004104 -0.817189 -0.041293
v 2.012205 -0.792372 -0.037932
v 2.020067 -0.768465 -0.034650
v 2.109995 -0.930398 -0.047114
v 2.135981 -0.960679 -0.048335
v 2.161327 -0.992553 -0.049488
v 2.115314 -0.902328 -0.043563
v 2.140666 -0.931167 -0.044691
v 2.165552 -0.961681 -0.045774
v 2.119336 -0.874549 -0.040107
v 2.143880 -0.901435 -0.041084
v 2.168498 -0.929906 -0.041990
v 1.861959 -0.708347 -0.037859
v 1.890314 -0.735529 -0.038905
v 1.917242 -0.762203 -0.040194
v 1.943393 -0.788717 -0.041654
v 1.853980 -0.734552 -0.041503
v 1.846761 -0.760710 -0.045412
v 1.840382 -0.786705 -0.049725
v 1.831524 -0.680307 -0.037125
v 1.798362 -0.651063 -0.036777
v 1.761820 -0.620265 -0.036881
v 1.870612 -0.682212 -0.034347
v 1.879858 -0.656266 -0.030829
v 1.889614 -0.630628 -0.027171
v 1.899070 -0.709761 -0.035394
v 1.926022 -0.736716 -0.036689
v 1.952093 -0.763395 -0.038154
v 1.908316 -0.684302 -0.031916
v 1.935176 -0.711653 -0.033253
v 1.961042 -0.738595 -0.034757
v 1.917953 -0.659307 -0.028347
v 1.944586 -0.687198 -0.029772
v 1.970097 -0.714533 -0.031358
v 1.882147 -0.761455 -0.042574
v 1.874668 -0.787386 -0.046528
v 1.867975 -0.813169 -0.050892
v 1.908956 -0.787929 -0.043880
v 1.901281 -0.813707 -0.047866
v 1.894338 -0.839352 -0.052262
v 1.935082 -0.814348 -0.045356
v 1.927303 -0.840075 -0.049366
v 1.920194 -0.865680 -0.053783
v 1.823783 -0.706843 -0.040729
v 1.790879 -0.677951 -0.040319
v 1.754596 -0.647499 -0.040340
v 1.816863 -0.733279 -0.044576
v 1.784275 -0.704687 -0.044079
v 1.748299 -0.674536 -0.043981
v 1.810834 -0.759532 -0.048813
v 1.778608 -0.731225 -0.048206
v 1.742978 -0.701357 -0.047959
v 1.840020 -0.653755 -0.033623
v 1.849199 -0.627267 -0.030074
v 1.858995 -0.600926 -0.026335
v 1.806667 -0.624071 -0.033298
v 1.815737 -0.597024 -0.029733
v 1.825514 -0.569969 -0.025928
v 1.769927 -0.592846 -0.033450
v 1.778866 -0.565260 -0.029888
v 1.788590 -0.537525 -0.026039
v 0.301626 1.625748 0.580288
v 0.337667 1.605933 0.567998
v 0.317932 1.608532 0.564767
v 0.374963 1.582268 0.554986
v 0.354561 1.586402 0.551649
v 0.333355 1.589689 0.548400
v 0.392480 1.560220 0.537649
v 0.370406 1.565054 0.534289
v 0.347720 1.568894 0.531018
v 1.462422 -0.757355 -0.049348
v 1.414528 -0.733565 -0.052573
v 1.363407 -0.710193 -0.055832
v 1.308709 -0.687478 -0.059088
v 1.549917 -0.805242 -0.043143
v 1.590213 -0.828860 -0.040239
v 2.239371 -1.535406 -0.059781
v 2.306934 -1.682256 -0.061075
v 0.934013 -0.484551 -0.054503
v 0.775242 -0.410615 -0.045073
v 0.707795 -0.396897 -0.046268
v 0.863996 -0.469023 -0.056667
v 1.071727 -0.518485 -0.049217
v 0.661065 1.346766 0.446178
v 0.633311 1.362329 0.446789
v 0.718491 1.299655 0.432330
v 0.737269 1.273274 0.417071
v 0.755712 1.242566 0.398641
v 0.698616 1.309400 0.429385
v 0.674317 1.322263 0.428155
v 0.647205 1.335266 0.426723
v 0.714496 1.283069 0.412446
v 0.688961 1.294277 0.408964
v 0.661402 1.305646 0.405912
v 0.730425 1.252796 0.393147
v 0.703481 1.263336 0.388447
v 0.675118 1.273719 0.384336
v 0.620509 1.386584 0.466133
v 0.732337 1.295995 0.438901
v 0.756548 1.266133 0.423552
v 0.779107 1.233106 0.405136
v 0.773063 1.260681 0.431015
v 0.801611 1.223516 0.412048
v 0.787552 1.255942 0.438587
v 0.824227 1.212892 0.418785
v 1.614942 0.099725 0.071811
v 1.589411 0.127431 0.073384
v 1.551783 0.163851 0.074438
v 1.506842 0.201653 0.073864
v 1.632607 0.099512 0.077739
v 1.654216 0.098849 0.085272
v 1.674546 0.097835 0.092682
v 1.622092 0.072023 0.064190
v 1.629048 0.034245 0.053673
v 1.632930 -0.006701 0.042142
v 1.585767 0.099757 0.062254
v 1.544644 0.133385 0.061116
v 1.498042 0.168556 0.059000
v 1.585924 0.064926 0.050652
v 1.539690 0.098600 0.047938
v 1.490400 0.132981 0.044709
v 1.584861 0.026841 0.038621
v 1.534798 0.061517 0.035106
v 1.483013 0.096016 0.031203
v 1.601885 0.144044 0.083995
v 1.618755 0.153753 0.094064
v 1.635586 0.160712 0.103562
v 1.563226 0.187981 0.087701
v 1.577044 0.207136 0.100614
v 1.591307 0.222681 0.112885
v 1.517705 0.231185 0.089086
v 1.529591 0.258176 0.104620
v 1.541460 0.283650 0.120419
v 1.654302 0.054532 0.068700
v 1.669002 0.008842 0.057825
v 1.678734 -0.037813 0.046059
v 1.682913 0.043249 0.074544
v 1.705412 -0.012353 0.062569
v 1.722283 -0.067260 0.050047
v 1.708432 0.034133 0.080479
v 1.737898 -0.030411 0.067372
v 1.763596 -0.095820 0.053777
v 1.053431 0.918764 0.292472
v 1.031442 0.936899 0.294442
v 1.000926 0.960608 0.296382
v 0.967456 0.984598 0.297276
v 1.061567 0.922944 0.301615
v 1.066887 0.896425 0.281290
v 1.084511 0.865607 0.265867
v 1.103235 0.831257 0.248801
v 1.039889 0.911747 0.277759
v 1.008545 0.931858 0.276271
v 0.974752 0.952775 0.274647
v 1.053249 0.881236 0.260215
v 1.019120 0.899750 0.255986
v 0.983632 0.918942 0.252283
v 1.068257 0.847479 0.241743
v 1.031246 0.865458 0.235736
v 0.993559 0.883755 0.230457
v 1.031173 0.954576 0.310327
v 1.035505 0.967315 0.325345
v 0.997673 0.984826 0.316111
v 0.997160 1.005300 0.335002
v 0.962277 1.013758 0.319897
v 0.957838 1.041106 0.342337
v 1.087646 0.889874 0.289046
v 1.111401 0.855069 0.273844
v 1.134823 0.818233 0.257231
v 1.134429 0.848095 0.283020
v 1.162751 0.807933 0.266308
v 1.192073 0.651014 0.166423
v 1.207172 0.613815 0.150982
v 1.220444 0.576119 0.135592
v 1.231159 0.538112 0.120119
v 1.142088 0.669276 0.155395
v 1.092149 0.686943 0.144861
v 1.043563 0.703439 0.135186
v 1.175880 0.687533 0.182054
v 1.158746 0.723598 0.197988
v 1.140823 0.759428 0.214345
v 1.240810 0.632728 0.177583
v 1.286573 0.615233 0.188432
v 1.327638 0.599341 0.198527
v 1.259485 0.594264 0.162516
v 1.276142 0.555207 0.147367
v 1.289619 0.515959 0.131959
v 1.309113 0.575173 0.173702
v 1.329985 0.533986 0.158763
v 1.348024 0.491888 0.143362
v 1.353882 0.557674 0.184107
v 1.379823 0.513484 0.169333
v 1.405315 0.465905 0.153820
v 1.154351 0.632694 0.139534
v 1.102206 0.650510 0.128587
v 1.051923 0.666862 0.118553
v 1.165040 0.595700 0.123889
v 1.110971 0.613732 0.112705
v 1.059276 0.629998 0.102486
v 1.173707 0.558338 0.108349
v 1.118163 0.576585 0.097114
v 1.065428 0.592800 0.086879
v 1.128697 0.705394 0.171586
v 1.114401 0.741163 0.188211
v 1.099417 0.776690 0.205375
v 1.081085 0.723051 0.161635
v 1.069237 0.758896 0.179007
v 1.056832 0.794538 0.197080
v 1.034395 0.739779 0.152487
v 1.024612 0.775932 0.170561
v 1.014415 0.811946 0.189512
v 1.221283 0.670197 0.192748
v 1.263527 0.653950 0.203211
v 1.301237 0.639358 0.212981
v 1.200909 0.707080 0.208151
v 1.239796 0.691954 0.218213
v 1.274314 0.678569 0.227679
v 1.179701 0.743777 0.223937
v 1.215209 0.729868 0.233613
v 1.246503 0.717830 0.242827
v 2.348788 -1.645697 -0.091030
v 2.338214 -1.618057 -0.091840
v 2.363361 -1.730812 -0.096952
v 2.353128 -1.752870 -0.106044
v 2.342776 -1.774069 -0.115100
v 2.352784 -1.696794 -0.097649
v 2.341747 -1.665331 -0.098646
v 2.330790 -1.634514 -0.099289
v 2.343558 -1.718231 -0.106431
v 2.333335 -1.684765 -0.106960
v 2.322551 -1.651814 -0.107375
v 2.333901 -1.738981 -0.115351
v 2.324251 -1.704188 -0.115644
v 2.313766 -1.669679 -0.115886
v 2.344548 -1.602726 -0.085241
v 2.361942 -1.789342 -0.106059
v 2.350933 -1.809469 -0.114980
v 2.097492 -0.742354 -0.024434
v 2.087093 -0.725238 -0.022926
v 2.071947 -0.701487 -0.020792
v 2.054082 -0.674494 -0.018325
v 2.099266 -0.756428 -0.026500
v 2.100532 -0.776245 -0.029329
v 2.100307 -0.798722 -0.032447
v 2.083645 -0.737494 -0.025320
v 2.066444 -0.714313 -0.023529
v 2.047244 -0.688226 -0.021393
v 2.081591 -0.754949 -0.028154
v 2.061681 -0.731005 -0.026548
v 2.040750 -0.705047 -0.024647
v 2.078829 -0.775398 -0.031244
v 2.056800 -0.750528 -0.029736
v 2.034275 -0.724398 -0.028001
v 2.079050 -0.693572 -0.018450
v 2.061595 -0.664407 -0.015535
v 2.069246 -0.657264 -0.012999
v 2.113730 -0.769768 -0.026800
v 2.118546 -0.794259 -0.029939
v 2.121175 -0.820220 -0.033270
v 2.126959 -0.779507 -0.026512
v 2.135313 -0.809514 -0.030090
v 2.141402 -0.840348 -0.033768
v 2.138880 -0.787641 -0.025923
v 2.150510 -0.822533 -0.029887
v 2.160954 -0.859570 -0.033994
v 0.197498 1.625978 0.566617
v 0.207076 1.611017 0.551564
v 0.216017 1.594206 0.535492
v 0.224198 1.575168 0.518195
v 0.176329 1.624751 0.564394
v 0.155885 1.623324 0.562325
v 0.136528 1.621790 0.560405
v 0.219034 1.626909 0.569003
v 0.240576 1.627448 0.571555
v 0.261762 1.627499 0.574283
v 0.229897 1.611675 0.553801
v 0.240043 1.594594 0.537631
v 0.249327 1.575296 0.520298
v 0.252770 1.611860 0.556223
v 0.264176 1.594450 0.539968
v 0.274638 1.574854 0.522604
v 0.275318 1.611471 0.558848
v 0.288031 1.593663 0.542526
v 0.299736 1.573718 0.525139
v 0.184683 1.609998 0.549497
v 0.163093 1.608726 0.547582
v 0.142686 1.607303 0.545802
v 0.192491 1.593401 0.533525
v 0.169848 1.592298 0.531708
v 0.148478 1.591008 0.530015
v 0.199643 1.574586 0.516263
v 0.176056 1.573670 0.514475
v 0.153833 1.572539 0.512801
v 0.251915 1.440659 0.411711
v 0.255548 1.407498 0.388287
v 0.258875 1.373020 0.364961
v 0.262038 1.337556 0.342079
v 0.224100 1.441279 0.408966
v 0.197706 1.441585 0.406301
v 0.173066 1.441662 0.403706
v 0.247835 1.472172 0.434888
v 0.243166 1.501709 0.457471
v 0.237764 1.528940 0.479113
v 0.280817 1.439645 0.414547
v 0.310471 1.438159 0.417484
v 0.340542 1.436116 0.420532
v 0.284916 1.406283 0.391303
v 0.288643 1.371612 0.368105
v 0.292154 1.335959 0.345276
v 0.315160 1.404646 0.394383
v 0.319406 1.369827 0.371275
v 0.323367 1.334024 0.348457
v 0.345971 1.402516 0.397529
v 0.350870 1.367609 0.374468
v 0.355401 1.331704 0.351618
v 0.227371 1.408356 0.385333
v 0.200700 1.408926 0.382438
v 0.175845 1.409273 0.379598
v 0.230394 1.374107 0.361847
v 0.203494 1.374927 0.358765
v 0.178468 1.375535 0.355722
v 0.233294 1.338857 0.338880
v 0.206196 1.339908 0.335683
v 0.181021 1.340756 0.332501
v 0.220456 1.472549 0.432373
v 0.216313 1.501840 0.455179
v 0.211547 1.528826 0.477011
v 0.194408 1.472589 0.429955
v 0.190700 1.501619 0.453000
v 0.186475 1.528354 0.475035
v 0.170045 1.472392 0.427619
v 0.166696 1.501154 0.450910
v 0.162935 1.527638 0.473156
v 0.276192 1.471366 0.437519
v 0.305172 1.470042 0.440286
v 0.334421 1.468101 0.443204
v 0.270886 1.501123 0.459901
v 0.299102 1.499977 0.462493
v 0.327442 1.498163 0.465271
v 0.264743 1.528582 0.481370
v 0.292097 1.527637 0.483811
v 0.319444 1.525990 0.486465
v 0.278192 1.151881 0.241162
v 0.281169 1.112345 0.222931
v 0.283882 1.071599 0.204923
v 0.286254 1.029462 0.186959
v 0.248363 1.153948 0.239086
v 0.220334 1.155726 0.236826
v 0.194352 1.157260 0.234375
v 0.275027 1.190380 0.259802
v 0.271752 1.228020 0.279032
v 0.268444 1.264979 0.299032
v 0.309566 1.149487 0.243065
v 0.342233 1.146723 0.244801
v 0.375943 1.143546 0.246380
v 0.312695 1.109861 0.224399
v 0.315519 1.069060 0.205964
v 0.317961 1.026916 0.187604
v 0.345516 1.106985 0.225688
v 0.348455 1.066123 0.206818
v 0.350971 1.023978 0.188062
v 0.379379 1.103677 0.226814
v 0.382432 1.062742 0.207512
v 0.385032 1.020605 0.188375
v 0.251194 1.114487 0.221261
v 0.223023 1.116326 0.219374
v 0.196911 1.117911 0.217250
v 0.253798 1.073784 0.203664
v 0.225525 1.075661 0.202155
v 0.199316 1.077273 0.200369
v 0.256106 1.031659 0.186084
v 0.227775 1.033551 0.184938
v 0.201514 1.035179 0.183476
v 0.245378 1.192343 0.257344
v 0.242308 1.229852 0.276245
v 0.239223 1.266658 0.295996
v 0.217516 1.194035 0.254742
v 0.214631 1.231431 0.273354
v 0.211742 1.268090 0.292894
v 0.191689 1.195493 0.251996
v 0.188973 1.232790 0.270364
v 0.186256 1.269315 0.289737
v 0.306213 1.188109 0.262115
v 0.338684 1.185491 0.264285
v 0.372191 1.182489 0.266308
v 0.302715 1.225897 0.281707
v 0.334946 1.223450 0.284264
v 0.368191 1.220638 0.286698
v 0.299153 1.263024 0.301994
v 0.331094 1.260752 0.304868
v 0.364015 1.258132 0.307648
v 0.291664 0.797688 0.095415
v 0.291738 0.749438 0.077891
v 0.291615 0.701528 0.061140
v 0.291355 0.654372 0.045377
v 0.261955 0.799482 0.095568
v 0.234157 0.801180 0.095457
v 0.208476 0.802758 0.094978
v 0.291334 0.845862 0.113493
v 0.290688 0.893543 0.131904
v 0.289665 0.940314 0.150431
v 0.323082 0.795834 0.095103
v 0.356006 0.793953 0.094736
v 0.390230 0.792070 0.094417
v 0.323006 0.747801 0.077539
v 0.322717 0.700105 0.060765
v 0.322281 0.653151 0.044987
v 0.355845 0.746243 0.077167
v 0.355458 0.698870 0.060406
v 0.354914 0.652215 0.044641
v 0.390067 0.744819 0.076893
v 0.389669 0.697896 0.060189
v 0.389107 0.651659 0.044475
v 0.262226 0.751102 0.078111
v 0.234655 0.752736 0.078080
v 0.209212 0.754290 0.077684
v 0.262318 0.703062 0.061403
v 0.234993 0.704632 0.061431
v 0.209808 0.706162 0.061098
v 0.262283 0.655787 0.045676
v 0.235214 0.657296 0.045750
v 0.210296 0.658805 0.045462
v 0.261452 0.847780 0.113548
v 0.260670 0.895571 0.131818
v 0.259551 0.942428 0.150151
v 0.233458 0.849540 0.113325
v 0.232511 0.897385 0.131445
v 0.231279 0.944286 0.149579
v 0.207566 0.851136 0.112732
v 0.206449 0.898997 0.130704
v 0.205089 0.945910 0.148649
v 0.322879 0.843801 0.113254
v 0.355871 0.841606 0.112922
v 0.390086 0.839285 0.112590
v 0.322332 0.891296 0.131783
v 0.355370 0.888822 0.131536
v 0.389566 0.886109 0.131243
v 0.321374 0.937918 0.150488
v 0.354434 0.935213 0.150390
v 0.388597 0.932176 0.150205
v 0.289466 0.439352 -0.014538
v 0.289017 0.400310 -0.023377
v 0.288540 0.362357 -0.031501
v 0.288032 0.325386 -0.039051
v 0.261508 0.440455 -0.013955
v 0.235666 0.441807 -0.013641
v 0.212009 0.443258 -0.013764
v 0.289888 0.479579 -0.004840
v 0.290286 0.521095 0.005857
v 0.290662 0.564000 0.017698
v 0.319474 0.438648 -0.015222
v 0.351465 0.438488 -0.015840
v 0.385370 0.439021 -0.016226
v 0.318810 0.399630 -0.024155
v 0.318096 0.361684 -0.032373
v 0.317322 0.324711 -0.040020
v 0.350611 0.399506 -0.024875
v 0.349669 0.361573 -0.033199
v 0.348625 0.324597 -0.040944
v 0.384363 0.400091 -0.025367
v 0.383211 0.362177 -0.033797
v 0.381892 0.325200 -0.041641
v 0.261290 0.401399 -0.022716
v 0.235686 0.402742 -0.022343
v 0.212263 0.404191 -0.022433
v 0.261054 0.363438 -0.030758
v 0.235690 0.364781 -0.030323
v 0.212497 0.366228 -0.030376
v 0.260801 0.326473 -0.038225
v 0.235680 0.327815 -0.037726
v 0.212714 0.329262 -0.037736
v 0.261706 0.480708 -0.004332
v 0.261882 0.522265 0.006299
v 0.262039 0.565229 0.018082
v 0.235627 0.482073 -0.004073
v 0.235565 0.523651 0.006506
v 0.235477 0.566644 0.018241
v 0.211731 0.483530 -0.004228
v 0.211424 0.525115 0.006321
v 0.211086 0.568120 0.018022
v 0.320095 0.478832 -0.005438
v 0.352245 0.478606 -0.005962
v 0.386259 0.479047 -0.006251
v 0.320678 0.520280 0.005337
v 0.352965 0.519949 0.004893
v 0.387053 0.520244 0.004683
v 0.321232 0.563083 0.017240
v 0.353640 0.562606 0.016857
v 0.387776 0.562692 0.016699
v 0.285038 0.152580 -0.071763
v 0.284391 0.120192 -0.077437
v 0.283745 0.088477 -0.082820
v 0.283107 0.057411 -0.087915
v 0.259329 0.153698 -0.070567
v 0.235506 0.155061 -0.069728
v 0.213658 0.156519 -0.069476
v 0.285679 0.185663 -0.065799
v 0.286306 0.219463 -0.059546
v 0.286911 0.254000 -0.053003
v 0.312544 0.151857 -0.073086
v 0.341758 0.151679 -0.074306
v 0.372592 0.152198 -0.075197
v 0.311488 0.119459 -0.078795
v 0.310434 0.087734 -0.084199
v 0.309395 0.056660 -0.089298
v 0.340200 0.119268 -0.080032
v 0.338642 0.087530 -0.085441
v 0.337111 0.056444 -0.090531
v 0.370423 0.119768 -0.080913
v 0.368250 0.088012 -0.086301
v 0.366118 0.056908 -0.091366
v 0.259012 0.121319 -0.076195
v 0.235455 0.122685 -0.075306
v 0.213824 0.124144 -0.075008
v 0.258694 0.089608 -0.081548
v 0.235399 0.090977 -0.080623
v 0.213982 0.092438 -0.080290
v 0.258378 0.058547 -0.086628
v 0.235342 0.059920 -0.085685
v 0.214134 0.061380 -0.085331
v 0.259642 0.186774 -0.064663
v 0.259949 0.220566 -0.058479
v 0.260247 0.255097 -0.052013
v 0.235553 0.188133 -0.063884
v 0.235594 0.221921 -0.057768
v 0.235631 0.256449 -0.051372
v 0.213485 0.189587 -0.063684
v 0.213305 0.223374 -0.057623
v 0.213117 0.257900 -0.051284
v 0.313585 0.184948 -0.067072
v 0.343290 0.184787 -0.068263
v 0.374714 0.185323 -0.069153
v 0.314599 0.218759 -0.060757
v 0.344768 0.218609 -0.061905
v 0.376749 0.219163 -0.062778
v 0.315570 0.253307 -0.054143
v 0.346168 0.253170 -0.055232
v 0.378651 0.253744 -0.056069
v 0.280179 -0.088515 -0.108813
v 0.279625 -0.115713 -0.111954
v 0.279070 -0.142195 -0.114700
v 0.278510 -0.167945 -0.117027
v 0.256850 -0.087208 -0.107804
v 0.234978 -0.085675 -0.107110
v 0.214741 -0.084065 -0.106953
v 0.280737 -0.060627 -0.105299
v 0.281305 -0.032068 -0.101432
v 0.281886 -0.002860 -0.097231
v 0.304781 -0.089447 -0.109918
v 0.330472 -0.089855 -0.110892
v 0.357068 -0.089595 -0.111517
v 0.303960 -0.116808 -0.112924
v 0.303164 -0.143533 -0.115503
v 0.302388 -0.169621 -0.117630
v 0.329347 -0.117371 -0.113777
v 0.328284 -0.144328 -0.116199
v 0.327274 -0.170736 -0.118130
v 0.355601 -0.117254 -0.114301
v 0.354240 -0.144421 -0.116587
v 0.352980 -0.171119 -0.118338
v 0.256528 -0.114239 -0.111079
v 0.234858 -0.112542 -0.110509
v 0.214800 -0.110773 -0.110458
v 0.256189 -0.140475 -0.113987
v 0.234712 -0.138530 -0.113570
v 0.214825 -0.136523 -0.113645
v 0.255828 -0.165875 -0.116511
v 0.234533 -0.163583 -0.116271
v 0.214812 -0.161239 -0.116495
v 0.257161 -0.059419 -0.104183
v 0.257464 -0.030910 -0.100236
v 0.257763 -0.001719 -0.095981
v 0.235073 -0.057982 -0.103389
v 0.235153 -0.029521 -0.099368
v 0.235220 -0.000346 -0.095064
v 0.214654 -0.056464 -0.103151
v 0.214544 -0.028050 -0.099068
v 0.214417 0.001111 -0.094725
v 0.305628 -0.061459 -0.106507
v 0.331656 -0.061774 -0.107575
v 0.358645 -0.061419 -0.108269
v 0.306510 -0.032850 -0.102716
v 0.332910 -0.033112 -0.103852
v 0.360334 -0.032705 -0.104594
v 0.307429 -0.003624 -0.098569
v 0.334234 -0.003861 -0.099750
v 0.362140 -0.003429 -0.100529
v 0.275532 -0.286081 -0.122727
v 0.299134 -0.291832 -0.121812
v 0.323864 -0.296946 -0.120688
v 0.349424 -0.300910 -0.119207
v 0.274910 -0.308145 -0.123149
v 0.274050 -0.329585 -0.123570
v 0.272720 -0.350168 -0.124120
v 0.253364 -0.280206 -0.123584
v 0.232738 -0.274386 -0.124542
v 0.213762 -0.268800 -0.125762
v 0.276148 -0.263625 -0.122175
v 0.276756 -0.240679 -0.121412
v 0.277354 -0.217149 -0.120354
v 0.299584 -0.268097 -0.121613
v 0.324083 -0.271902 -0.120884
v 0.349420 -0.274699 -0.119834
v 0.300180 -0.244154 -0.121185
v 0.324626 -0.246974 -0.120823
v 0.349905 -0.248889 -0.120164
v 0.300876 -0.219859 -0.120439
v 0.325401 -0.221946 -0.120409
v 0.350749 -0.223206 -0.120092
v 0.298870 -0.315511 -0.121872
v 0.298374 -0.338623 -0.121977
v 0.297221 -0.360662 -0.122314
v 0.324062 -0.322318 -0.120331
v 0.324273 -0.347555 -0.120032
v 0.324091 -0.372190 -0.120013
v 0.350049 -0.327791 -0.118385
v 0.351407 -0.355656 -0.117561
v 0.353608 -0.384810 -0.116933
v 0.252612 -0.300998 -0.124306
v 0.232024 -0.294182 -0.125507
v 0.213192 -0.287806 -0.126921
v 0.251633 -0.321163 -0.124985
v 0.231103 -0.313385 -0.126395
v 0.212441 -0.306276 -0.127971
v 0.250312 -0.340650 -0.125715
v 0.229924 -0.332056 -0.127274
v 0.211481 -0.324338 -0.128967
v 0.254002 -0.258833 -0.122728
v 0.254547 -0.236796 -0.121665
v 0.255020 -0.214012 -0.120324
v 0.233295 -0.253931 -0.123431
v 0.233727 -0.232721 -0.122110
v 0.234057 -0.210657 -0.120520
v 0.214177 -0.249130 -0.124444
v 0.214463 -0.228666 -0.122911
v 0.214647 -0.207282 -0.121111
v 0.255934 -0.437897 -0.130986
v 0.275784 -0.447581 -0.130334
v 0.296443 -0.457718 -0.129811
v 0.317640 -0.468157 -0.129373
v 0.251938 -0.454236 -0.132679
v 0.248091 -0.470741 -0.134308
v 0.244399 -0.487510 -0.135846
v 0.237163 -0.428812 -0.131808
v 0.219600 -0.420380 -0.132889
v 0.203376 -0.412640 -0.134315
v 0.260077 -0.421612 -0.129259
v 0.264097 -0.405041 -0.127602
v 0.267724 -0.387841 -0.126124
v 0.281172 -0.432157 -0.128229
v 0.303299 -0.443321 -0.127254
v 0.326118 -0.454897 -0.126316
v 0.286486 -0.416310 -0.126199
v 0.310369 -0.428555 -0.124706
v 0.335535 -0.441711 -0.123069
v 0.291249 -0.399482 -0.124419
v 0.317122 -0.412791 -0.122366
v 0.345696 -0.428233 -0.119754
v 0.270799 -0.463136 -0.132338
v 0.266161 -0.478901 -0.134219
v 0.261812 -0.494948 -0.135955
v 0.290327 -0.472380 -0.132173
v 0.284816 -0.487339 -0.134332
v 0.279773 -0.502630 -0.136276
v 0.310298 -0.481852 -0.132126
v 0.303862 -0.495963 -0.134579
v 0.298099 -0.510473 -0.136737
v 0.233965 -0.445794 -0.133254
v 0.217046 -0.437883 -0.134139
v 0.201348 -0.430577 -0.135411
v 0.230802 -0.462951 -0.134667
v 0.214476 -0.455615 -0.135366
v 0.199292 -0.448816 -0.136476
v 0.227713 -0.480392 -0.136019
v 0.211938 -0.473679 -0.136545
v 0.197256 -0.467449 -0.137495
v 0.240361 -0.411893 -0.130360
v 0.243417 -0.394825 -0.128967
v 0.246191 -0.377401 -0.127690
v 0.222090 -0.402995 -0.131641
v 0.224443 -0.385602 -0.130422
v 0.226581 -0.368068 -0.129269
v 0.205331 -0.394920 -0.133205
v 0.207167 -0.377320 -0.132100
v 0.208834 -0.359750 -0.131014
v 0.142612 -0.558194 -0.147948
v 0.135904 -0.557184 -0.149469
v 0.129654 -0.556515 -0.150768
v 0.123708 -0.556194 -0.151710
v 0.142605 -0.534675 -0.148318
v 0.142631 -0.511582 -0.148576
v 0.142698 -0.488997 -0.148700
v 0.149932 -0.559537 -0.146335
v 0.158017 -0.561207 -0.144759
v 0.167019 -0.563195 -0.143353
v 0.142646 -0.582056 -0.147491
v 0.142700 -0.606171 -0.146966
v 0.142767 -0.630459 -0.146398
v 0.136165 -0.581327 -0.148779
v 0.130124 -0.580858 -0.149883
v 0.124379 -0.580652 -0.150692
v 0.136442 -0.605728 -0.148008
v 0.130609 -0.605461 -0.148909
v 0.125058 -0.605374 -0.149578
v 0.136730 -0.630303 -0.147185
v 0.131102 -0.630239 -0.147875
v 0.125745 -0.630274 -0.148399
v 0.135665 -0.533390 -0.150057
v 0.135454 -0.510027 -0.150512
v 0.135275 -0.487183 -0.150810
v 0.129201 -0.532525 -0.151534
v 0.128769 -0.508969 -0.152150
v 0.128364 -0.485941 -0.152590
v 0.123052 -0.532086 -0.152599
v 0.122412 -0.508419 -0.153327
v 0.121792 -0.485280 -0.153863
v 0.150180 -0.536370 -0.146464
v 0.158547 -0.538470 -0.144645
v 0.167867 -0.540963 -0.143009
v 0.150468 -0.513622 -0.146503
v 0.159123 -0.516138 -0.144460
v 0.168767 -0.519126 -0.142608
v 0.150801 -0.491371 -0.146434
v 0.159756 -0.494296 -0.144188
v 0.169732 -0.497761 -0.142138
v 0.149716 -0.583039 -0.146132
v 0.149524 -0.606790 -0.145877
v 0.149348 -0.630708 -0.145583
v 0.157524 -0.584268 -0.144815
v 0.157058 -0.607574 -0.144828
v 0.156612 -0.631043 -0.144813
v 0.166217 -0.585740 -0.143652
v 0.165445 -0.608522 -0.143915
v 0.164696 -0.631462 -0.144156
v 1.487451 0.431988 0.172141
v 1.716464 0.095028 0.109697
v 1.706111 0.095832 0.105020
v 1.745382 0.023520 0.090925
v 1.782642 -0.049799 0.076647
v 1.818636 -0.124234 0.062497
v 1.674530 0.167620 0.124015
v 1.631524 0.238309 0.138118
v 1.588309 0.306090 0.151988
v 1.664094 0.167245 0.118626
v 1.619381 0.237767 0.131803
v 1.572027 0.307407 0.144614
v 2.272098 -1.452505 -0.088924
v 2.242845 -1.407262 -0.091032
v 2.215765 -1.365997 -0.092104
v 2.188277 -1.325651 -0.092629
v 2.268479 -1.416634 -0.082657
v 2.266570 -1.387161 -0.077790
v 2.265580 -1.358739 -0.073487
v 2.294852 -1.470719 -0.082305
v 2.312044 -1.485480 -0.077109
v 2.326238 -1.498251 -0.072607
v 2.290107 -1.497209 -0.090792
v 2.304038 -1.531392 -0.091740
v 2.316376 -1.561887 -0.092179
v 2.260709 -1.467304 -0.098006
v 2.252016 -1.482749 -0.106373
v 2.244170 -1.498801 -0.114702
v 2.237964 -1.428037 -0.098360
v 2.212475 -1.388181 -0.098960
v 2.185934 -1.348883 -0.099235
v 2.231267 -1.445968 -0.106297
v 2.208053 -1.408488 -0.106321
v 2.182924 -1.370799 -0.106249
v 2.224814 -1.463639 -0.114315
v 2.203239 -1.427954 -0.113937
v 2.179467 -1.391838 -0.113537
v 2.243848 -1.381061 -0.084840
v 2.243116 -1.352216 -0.079520
v 2.242793 -1.323507 -0.074807
v 2.217179 -1.340901 -0.086001
v 2.217636 -1.313786 -0.080534
v 2.218057 -1.285543 -0.075583
v 2.189728 -1.300668 -0.086566
v 2.190732 -1.274126 -0.080999
v 2.191730 -1.246229 -0.075876
v 2.289811 -1.443109 -0.079028
v 2.307962 -1.463398 -0.074838
v 2.323050 -1.480411 -0.070978
v 2.287394 -1.416373 -0.075181
v 2.305528 -1.440734 -0.072106
v 2.320911 -1.461122 -0.068982
v 2.286059 -1.389856 -0.071565
v 2.304085 -1.416865 -0.069256
v 2.319514 -1.439773 -0.066776
v 2.304061 -1.499858 -0.084212
v 2.315048 -1.528467 -0.085168
v 2.325425 -1.554493 -0.085592
v 2.318432 -1.507598 -0.078573
v 2.326143 -1.529221 -0.079400
v 2.334198 -1.549815 -0.079762
v 2.330776 -1.515251 -0.073718
v 2.336252 -1.531500 -0.074379
v 2.342257 -1.547093 -0.074668
v 2.279020 -1.504834 -0.098467
v 2.269757 -1.518342 -0.106746
v 2.261281 -1.533345 -0.115132
v 2.294184 -1.540145 -0.099172
v 2.285119 -1.552813 -0.107195
v 2.276473 -1.567486 -0.115536
v 2.307495 -1.572756 -0.099547
v 2.298740 -1.586232 -0.107500
v 2.290068 -1.601444 -0.115843
v 2.259605 -1.049990 -0.043996
v 2.242247 -1.009409 -0.041928
v 2.223253 -0.966149 -0.039418
v 2.343204 -1.490742 -0.063437
v 2.342006 -1.473321 -0.062164
v 2.333894 -1.336254 -0.055210
v 2.336288 -1.368084 -0.056620
v 2.330833 -1.304207 -0.053798
v 2.327087 -1.272940 -0.052435
v 0.009316 -0.584938 -0.147127
v 0.013833 -0.603206 -0.147758
v 0.018355 -0.621542 -0.148324
v 0.022878 -0.639918 -0.148847
v -0.004844 -0.589047 -0.148342
v -0.019390 -0.593189 -0.149731
v -0.034195 -0.597350 -0.151235
v 0.004803 -0.566754 -0.146411
v 0.000262 -0.548758 -0.145594
v -0.004343 -0.531049 -0.144661
v 0.022958 -0.580868 -0.146144
v 0.035918 -0.576926 -0.145459
v 0.048032 -0.573201 -0.145135
v 0.026937 -0.600241 -0.146792
v 0.034841 -0.639386 -0.147964
v 0.039434 -0.597240 -0.146077
v 0.042922 -0.617749 -0.146660
v 0.051149 -0.594317 -0.145673
v 0.054237 -0.615652 -0.146183
v 0.057307 -0.637133 -0.146675
v 0.000303 -0.606018 -0.148913
v -0.013550 -0.608712 -0.150210
v -0.027615 -0.611328 -0.151600
v 0.005497 -0.622921 -0.149394
v -0.007569 -0.623940 -0.150561
v -0.020737 -0.624635 -0.151787
v 0.010725 -0.639780 -0.149814
v -0.001458 -0.638887 -0.150820
v -0.013509 -0.637159 -0.151821
v -0.009923 -0.571992 -0.147650
v -0.014993 -0.554981 -0.146823
v -0.020105 -0.538152 -0.145846
v -0.025082 -0.577358 -0.149090
v -0.030710 -0.561396 -0.148272
v -0.036351 -0.545484 -0.147259
v -0.040532 -0.582809 -0.150662
v -0.046737 -0.567938 -0.149865
v -0.052920 -0.552972 -0.148827
v 0.018951 -0.561691 -0.145435
v 0.032363 -0.556874 -0.144796
v 0.044878 -0.552377 -0.144560
v 0.014897 -0.542794 -0.144653
v 0.028755 -0.537156 -0.144076
v 0.041678 -0.531917 -0.143937
v 0.010772 -0.524256 -0.143784
v 0.025081 -0.517845 -0.143291
v 0.038421 -0.511897 -0.143258
v 0.079657 -0.388036 -0.148521
v 0.078036 -0.369361 -0.147782
v 0.076477 -0.351279 -0.146929
v 0.074997 -0.333775 -0.145974
v 0.088279 -0.384528 -0.150637
v 0.096340 -0.381937 -0.152350
v 0.104029 -0.380272 -0.153461
v 0.081326 -0.407328 -0.149136
v 0.083027 -0.427251 -0.149612
v 0.084746 -0.447821 -0.149937
v 0.070284 -0.392463 -0.146207
v 0.059968 -0.397801 -0.143889
v 0.048521 -0.404045 -0.141770
v 0.068395 -0.373950 -0.145446
v 0.066579 -0.355964 -0.144589
v 0.064856 -0.338478 -0.143643
v 0.057784 -0.379486 -0.143098
v 0.055686 -0.361615 -0.142229
v 0.053696 -0.344146 -0.141287
v 0.046009 -0.385962 -0.140935
v 0.043596 -0.368224 -0.140042
v 0.041309 -0.350776 -0.139098
v 0.086904 -0.365721 -0.149906
v 0.095195 -0.363033 -0.151622
v 0.103105 -0.361305 -0.152733
v 0.085581 -0.347561 -0.149052
v 0.094093 -0.344818 -0.150762
v 0.102212 -0.343052 -0.151864
v 0.084322 -0.330044 -0.148087
v 0.093041 -0.327288 -0.149786
v 0.101358 -0.325513 -0.150880
v 0.089695 -0.403995 -0.151224
v 0.091141 -0.424130 -0.151652
v 0.092606 -0.444941 -0.151905
v 0.097519 -0.401534 -0.152921
v 0.098726 -0.421826 -0.153317
v 0.099952 -0.442813 -0.153517
v 0.104981 -0.399951 -0.154026
v 0.105958 -0.420338 -0.154405
v 0.106955 -0.441436 -0.154573
v 0.072227 -0.411531 -0.146858
v 0.062214 -0.416602 -0.144594
v 0.051101 -0.422536 -0.142544
v 0.074206 -0.431184 -0.147397
v 0.064497 -0.435930 -0.145209
v 0.053724 -0.441488 -0.143248
v 0.076200 -0.451451 -0.147810
v 0.066795 -0.455829 -0.145724
v 0.056359 -0.460961 -0.143877
v -0.266644 -0.323660 -0.123320
v -0.265017 -0.350877 -0.119741
v -0.263714 -0.378238 -0.115797
v -0.262626 -0.405699 -0.111611
v -0.294688 -0.322883 -0.121078
v -0.323030 -0.322574 -0.118990
v -0.351529 -0.323034 -0.117198
v -0.268701 -0.296639 -0.126412
v -0.271228 -0.269732 -0.128884
v -0.274262 -0.242858 -0.130602
v -0.239037 -0.324601 -0.125572
v -0.211864 -0.325127 -0.127674
v -0.185116 -0.324660 -0.129460
v -0.237563 -0.352292 -0.122551
v -0.236478 -0.380319 -0.119218
v -0.235653 -0.408569 -0.115680
v -0.210599 -0.353251 -0.125226
v -0.209918 -0.382127 -0.122543
v -0.209784 -0.411800 -0.119723
v -0.184018 -0.352941 -0.127582
v -0.183913 -0.382782 -0.125573
v -0.185099 -0.414843 -0.123562
v -0.293065 -0.349808 -0.116981
v -0.321518 -0.349344 -0.114417
v -0.350186 -0.349741 -0.112188
v -0.291741 -0.376768 -0.112473
v -0.320311 -0.376094 -0.109391
v -0.349172 -0.376405 -0.106695
v -0.290618 -0.403748 -0.107690
v -0.319308 -0.402826 -0.104065
v -0.348378 -0.403040 -0.100878
v -0.296711 -0.296004 -0.124626
v -0.299204 -0.269129 -0.127483
v -0.302240 -0.242217 -0.129506
v -0.324950 -0.295771 -0.122962
v -0.327372 -0.268918 -0.126181
v -0.330391 -0.241992 -0.128495
v -0.353311 -0.296267 -0.121561
v -0.355642 -0.269430 -0.125118
v -0.358632 -0.242506 -0.127704
v -0.241032 -0.297353 -0.128181
v -0.213751 -0.297710 -0.129782
v -0.186907 -0.297275 -0.131072
v -0.243535 -0.270400 -0.130247
v -0.216198 -0.270776 -0.131431
v -0.189293 -0.270502 -0.132297
v -0.246537 -0.243593 -0.131643
v -0.219146 -0.244099 -0.132494
v -0.192170 -0.244055 -0.133017
v -0.496817 -0.345446 -0.115348
v -0.496019 -0.372031 -0.108949
v -0.495640 -0.398566 -0.101986
v -0.495541 -0.425062 -0.094645
v -0.528677 -0.354858 -0.116016
v -0.562397 -0.366154 -0.116824
v -0.598376 -0.379432 -0.117684
v -0.498174 -0.318783 -0.120993
v -0.500231 -0.292030 -0.125695
v -0.503126 -0.265165 -0.129269
v -0.466421 -0.337808 -0.114910
v -0.437092 -0.331851 -0.114787
v -0.408432 -0.327471 -0.115069
v -0.465575 -0.364418 -0.108648
v -0.465141 -0.390975 -0.101826
v -0.464982 -0.417496 -0.094630
v -0.436173 -0.358485 -0.108747
v -0.435652 -0.385070 -0.102157
v -0.435398 -0.411623 -0.095197
v -0.407407 -0.354132 -0.109320
v -0.406765 -0.380745 -0.103036
v -0.406377 -0.407328 -0.096396
v -0.527902 -0.381433 -0.109574
v -0.561628 -0.392724 -0.110449
v -0.597598 -0.406009 -0.111498
v -0.527552 -0.407950 -0.102572
v -0.561286 -0.419235 -0.103525
v -0.597247 -0.432529 -0.104782
v -0.527485 -0.434428 -0.095197
v -0.561228 -0.445709 -0.096236
v -0.597179 -0.459011 -0.097715
v -0.530015 -0.328210 -0.121708
v -0.532062 -0.301465 -0.126465
v -0.534956 -0.274608 -0.130099
v -0.563733 -0.339507 -0.122466
v -0.565781 -0.312765 -0.127192
v -0.568679 -0.285908 -0.130821
v -0.599723 -0.352777 -0.123168
v -0.601778 -0.326026 -0.127769
v -0.604687 -0.299159 -0.131314
v -0.467815 -0.311128 -0.120421
v -0.438544 -0.305150 -0.120092
v -0.409966 -0.300745 -0.120106
v -0.469895 -0.284360 -0.124997
v -0.440660 -0.278364 -0.124479
v -0.412135 -0.273940 -0.124253
v -0.472797 -0.257489 -0.128450
v -0.443574 -0.251477 -0.127763
v -0.415068 -0.247040 -0.127330
v -0.819188 -0.478744 -0.121386
v -0.818256 -0.505578 -0.118083
v -0.817744 -0.532373 -0.114484
v -0.817509 -0.559139 -0.110685
v -0.870191 -0.505687 -0.122395
v -0.922799 -0.535148 -0.123676
v -0.976721 -0.567189 -0.125310
v -0.820676 -0.451853 -0.124295
v -0.822864 -0.424894 -0.126705
v -0.825887 -0.397849 -0.128523
v -0.770078 -0.454247 -0.120574
v -0.723152 -0.432133 -0.119877
v -0.678700 -0.412338 -0.119216
v -0.769185 -0.481013 -0.116478
v -0.768713 -0.507730 -0.112025
v -0.768520 -0.534417 -0.107334
v -0.722295 -0.458833 -0.115076
v -0.721861 -0.485482 -0.109864
v -0.721707 -0.512097 -0.104379
v -0.677875 -0.438981 -0.113819
v -0.677475 -0.465571 -0.107963
v -0.677356 -0.492122 -0.101801
v -0.869220 -0.532593 -0.119955
v -0.921788 -0.562121 -0.122152
v -0.975673 -0.594220 -0.124733
v -0.868665 -0.559463 -0.117280
v -0.921193 -0.589062 -0.120455
v -0.975037 -0.621224 -0.124045
v -0.868388 -0.586310 -0.114450
v -0.920873 -0.615982 -0.118643
v -0.974677 -0.648210 -0.123283
v -0.871718 -0.478733 -0.124520
v -0.873939 -0.451718 -0.126254
v -0.876993 -0.424628 -0.127516
v -0.924363 -0.508134 -0.124971
v -0.926619 -0.481067 -0.125978
v -0.929705 -0.453937 -0.126640
v -0.978322 -0.540123 -0.125742
v -0.980612 -0.513013 -0.125987
v -0.983729 -0.485849 -0.126014
v -0.771532 -0.427420 -0.124196
v -0.724572 -0.405368 -0.124131
v -0.680089 -0.385621 -0.124002
v -0.773684 -0.400516 -0.127225
v -0.726695 -0.378515 -0.127701
v -0.682186 -0.358816 -0.128023
v -0.776678 -0.373518 -0.129542
v -0.729661 -0.351562 -0.130451
v -0.685129 -0.331902 -0.131129
v -1.251581 -0.760456 -0.139787
v -1.250292 -0.787441 -0.143784
v -1.249413 -0.814409 -0.147923
v -1.248809 -0.841367 -0.152157
v -1.302978 -0.801404 -0.143436
v -1.351499 -0.841414 -0.147108
v -1.396419 -0.879754 -0.150704
v -1.253418 -0.733446 -0.135981
v -1.255940 -0.706406 -0.132412
v -1.259284 -0.679331 -0.129128
v -1.198029 -0.719298 -0.136260
v -1.143045 -0.678663 -0.132950
v -1.087350 -0.639278 -0.129957
v -1.196822 -0.746365 -0.139416
v -1.196026 -0.773416 -0.142675
v -1.195505 -0.800458 -0.146001
v -1.141891 -0.705765 -0.135215
v -1.141151 -0.732854 -0.137534
v -1.086235 -0.666382 -0.131292
v -1.085531 -0.693465 -0.132629
v -1.085104 -0.720536 -0.133972
v -1.301569 -0.828254 -0.148203
v -1.349919 -0.868061 -0.152561
v -1.394611 -0.906124 -0.156744
v -1.300569 -0.855082 -0.153148
v -1.348748 -0.894681 -0.158222
v -1.393207 -0.932460 -0.163016
v -1.299842 -0.881894 -0.158212
v -1.347849 -0.921283 -0.164023
v -1.392074 -0.958770 -0.169443
v -1.304934 -0.774527 -0.138907
v -1.307573 -0.747613 -0.134675
v -1.311032 -0.720659 -0.130800
v -1.353621 -0.814730 -0.141932
v -1.356424 -0.788001 -0.137106
v -1.360042 -0.761217 -0.132696
v -1.398766 -0.853334 -0.144976
v -1.401790 -0.826855 -0.139636
v -1.405622 -0.800303 -0.134764
v -1.199785 -0.692208 -0.133238
v -1.144746 -0.651536 -0.130760
v -1.089015 -0.612149 -0.128629
v -1.202226 -0.665091 -0.130385
v -1.147135 -0.624381 -0.128661
v -1.091366 -0.584989 -0.127308
v -1.205491 -0.637940 -0.127735
v -1.150347 -0.597191 -0.126674
v -1.094544 -0.557790 -0.125998
v -1.557278 -1.034506 -0.165586
v -1.553470 -1.058514 -0.172827
v -1.550036 -1.082401 -0.180342
v -1.546852 -1.106203 -0.188037
v -1.580962 -1.061153 -0.168126
v -1.603755 -1.087851 -0.170629
v -1.626490 -1.115235 -0.173143
v -1.561583 -1.010334 -0.158707
v -1.566512 -0.985956 -0.152280
v -1.572188 -0.961332 -0.146399
v -1.531872 -1.007272 -0.162963
v -1.503914 -0.978816 -0.160211
v -1.472572 -0.948502 -0.157281
v -1.528503 -1.031793 -0.170162
v -1.525515 -1.056211 -0.177636
v -1.522782 -1.080561 -0.185292
v -1.500995 -1.003865 -0.167283
v -1.498465 -1.028832 -0.174630
v -1.496193 -1.053744 -0.182157
v -1.470085 -0.974061 -0.164130
v -1.467992 -0.999555 -0.171244
v -1.466161 -1.025007 -0.178534
v -1.576758 -1.084704 -0.175343
v -1.599227 -1.111033 -0.177772
v -1.621738 -1.138178 -0.180178
v -1.572920 -1.108111 -0.182828
v -1.595060 -1.134054 -0.185175
v -1.617346 -1.160940 -0.187461
v -1.569328 -1.131422 -0.190491
v -1.591134 -1.156966 -0.192749
v -1.613195 -1.183583 -0.194909
v -1.585656 -1.037411 -0.161263
v -1.590964 -1.013430 -0.154844
v -1.597006 -0.989162 -0.148959
v -1.608770 -1.064451 -0.163830
v -1.614387 -1.040780 -0.157460
v -1.620731 -1.016784 -0.151609
v -1.631721 -1.092053 -0.166439
v -1.637553 -1.068571 -0.160147
v -1.644104 -1.044731 -0.154351
v -1.535747 -0.982615 -0.156129
v -1.507349 -0.953658 -0.153499
v -1.475586 -0.922858 -0.150785
v -1.540257 -0.957787 -0.149752
v -1.511430 -0.928361 -0.147240
v -1.479258 -0.897107 -0.144730
v -1.545530 -0.932757 -0.143922
v -1.516289 -0.902899 -0.141526
v -1.483719 -0.871228 -0.139203
v -1.982309 -1.359735 -0.164661
v -1.997241 -1.394804 -0.165577
v -2.010320 -1.426648 -0.166160
v -2.021475 -1.454489 -0.166429
v -1.985860 -1.329790 -0.162141
v -1.989249 -1.302066 -0.159816
v -1.992403 -1.277664 -0.157691
v -1.965596 -1.322216 -0.163400
v -1.947242 -1.283348 -0.161831
v -1.927391 -1.244233 -0.159998
v -1.978670 -1.390799 -0.167373
v -1.975139 -1.422294 -0.170313
v -1.971910 -1.453533 -0.173513
v -1.994474 -1.425803 -0.168004
v -2.008399 -1.457633 -0.168302
v -2.020329 -1.485580 -0.168304
v -1.991709 -1.457144 -0.170623
v -2.006356 -1.488714 -0.170584
v -2.018933 -1.516395 -0.170259
v -1.989141 -1.488008 -0.173460
v -2.004389 -1.518965 -0.173024
v -2.017496 -1.545941 -0.172304
v -1.999815 -1.364970 -0.163317
v -2.002217 -1.337421 -0.161229
v -2.004467 -1.313281 -0.159318
v -2.011919 -1.396685 -0.164141
v -2.013288 -1.369005 -0.162264
v -2.014519 -1.344863 -0.160548
v -2.022166 -1.424121 -0.164621
v -2.022481 -1.395949 -0.162926
v -2.022497 -1.371447 -0.161392
v -1.970056 -1.291964 -0.160607
v -1.952538 -1.252768 -0.158784
v -1.933442 -1.213484 -0.156738
v -1.974359 -1.263803 -0.158020
v -1.957649 -1.223799 -0.155907
v -1.939215 -1.183213 -0.153551
v -1.978379 -1.238967 -0.155652
v -1.962396 -1.197547 -0.153207
v -1.944446 -1.153758 -0.150362
v -1.961106 -1.353333 -0.166379
v -1.956791 -1.384777 -0.169592
v -1.952853 -1.416011 -0.173080
v -1.941937 -1.314433 -0.165046
v -1.936843 -1.345631 -0.168483
v -1.932176 -1.376558 -0.172195
v -1.921324 -1.275124 -0.163402
v -1.915477 -1.305898 -0.167010
v -1.910084 -1.336296 -0.170887
v 0.068917 -0.251753 -0.139734
v 0.067848 -0.234784 -0.138043
v 0.066778 -0.216987 -0.136140
v 0.065683 -0.198087 -0.133999
v 0.079073 -0.248950 -0.141787
v 0.088560 -0.246861 -0.143461
v 0.097599 -0.245481 -0.144545
v 0.070005 -0.268167 -0.141242
v 0.071135 -0.284304 -0.142593
v 0.072329 -0.300435 -0.143814
v 0.057867 -0.255271 -0.137514
v 0.045699 -0.259508 -0.135337
v 0.032192 -0.264466 -0.133415
v 0.056664 -0.237928 -0.135843
v 0.055469 -0.219760 -0.133953
v 0.054258 -0.200515 -0.131819
v 0.044348 -0.241714 -0.133710
v 0.043016 -0.223101 -0.131862
v 0.041675 -0.203440 -0.129760
v 0.030675 -0.246146 -0.131866
v 0.029190 -0.227013 -0.130095
v 0.027704 -0.206867 -0.128061
v 0.078126 -0.232276 -0.140092
v 0.087724 -0.230399 -0.141775
v 0.096867 -0.229146 -0.142868
v 0.077169 -0.214769 -0.138194
v 0.086869 -0.213101 -0.139890
v 0.096108 -0.211976 -0.140997
v 0.076180 -0.196141 -0.136065
v 0.085977 -0.194669 -0.137780
v 0.095306 -0.193662 -0.138906
v 0.080028 -0.265085 -0.143301
v 0.081011 -0.280971 -0.144664
v 0.082042 -0.296899 -0.145898
v 0.089393 -0.262794 -0.144973
v 0.090240 -0.278500 -0.146336
v 0.091119 -0.294283 -0.147576
v 0.098318 -0.261293 -0.146051
v 0.099039 -0.276890 -0.147412
v 0.099775 -0.292587 -0.148655
v 0.059101 -0.272042 -0.138998
v 0.047097 -0.276709 -0.136774
v 0.033770 -0.282170 -0.134775
v 0.060393 -0.288496 -0.140323
v 0.048567 -0.293547 -0.138055
v 0.035440 -0.299454 -0.135988
v 0.061766 -0.304885 -0.141520
v 0.050139 -0.310247 -0.139212
v 0.037232 -0.316519 -0.137086
v 0.059337 -0.081504 -0.119133
v 0.047364 -0.083029 -0.116836
v 0.034176 -0.084867 -0.114768
v 0.019534 -0.087032 -0.113214
v 0.057896 -0.054285 -0.115348
v 0.056408 -0.026072 -0.111311
v 0.054876 0.003006 -0.107032
v 0.070334 -0.080271 -0.121370
v 0.080595 -0.079314 -0.123267
v 0.090355 -0.078616 -0.124536
v 0.060726 -0.107597 -0.122657
v 0.062060 -0.132434 -0.125915
v 0.063333 -0.155880 -0.128896
v 0.048861 -0.109202 -0.120397
v 0.035792 -0.111134 -0.118349
v 0.021282 -0.113408 -0.116789
v 0.050302 -0.134161 -0.123687
v 0.037352 -0.136238 -0.121653
v 0.022975 -0.138683 -0.120077
v 0.051684 -0.157781 -0.126695
v 0.038855 -0.160065 -0.124665
v 0.024611 -0.162750 -0.123063
v 0.045815 -0.055766 -0.113016
v 0.044219 -0.027532 -0.108948
v 0.042578 0.001547 -0.104642
v 0.032509 -0.057548 -0.110927
v 0.030794 -0.029291 -0.106835
v 0.029032 -0.000211 -0.102509
v 0.017736 -0.059651 -0.109370
v 0.015888 -0.031367 -0.105274
v 0.013995 -0.002285 -0.100941
v 0.068992 -0.053088 -0.117627
v 0.079345 -0.052157 -0.119563
v 0.089192 -0.051474 -0.120862
v 0.067603 -0.024889 -0.113628
v 0.078048 -0.023969 -0.115597
v 0.087984 -0.023292 -0.116921
v 0.066174 0.004186 -0.109378
v 0.076711 0.005105 -0.111374
v 0.086735 0.005784 -0.112715
v 0.071625 -0.106302 -0.124853
v 0.072859 -0.131042 -0.128069
v 0.074033 -0.154353 -0.131012
v 0.081793 -0.105300 -0.126708
v 0.082935 -0.129969 -0.129883
v 0.084017 -0.153184 -0.132788
v 0.091468 -0.104574 -0.127946
v 0.092524 -0.129205 -0.131090
v 0.093518 -0.152360 -0.133965
v -0.857021 -0.260437 -0.126932
v -0.908221 -0.287155 -0.125193
v -0.961034 -0.316420 -0.123398
v -1.015165 -0.348316 -0.121663
v -0.866577 -0.232145 -0.124800
v -0.877239 -0.203442 -0.122228
v -0.889002 -0.174270 -0.119285
v -0.807727 -0.236182 -0.128501
v -0.760635 -0.214308 -0.129784
v -0.716038 -0.194729 -0.130668
v -0.848571 -0.288381 -0.128553
v -0.841231 -0.316034 -0.129593
v -0.835001 -0.343457 -0.129982
v -0.899759 -0.315097 -0.126761
v -0.952559 -0.344355 -0.124945
v -1.006675 -0.376238 -0.123224
v -0.892405 -0.342752 -0.127816
v -0.945187 -0.372008 -0.126047
v -0.999286 -0.403885 -0.124413
v -0.886157 -0.370184 -0.128317
v -0.938920 -0.399446 -0.126700
v -0.992998 -0.431322 -0.125258
v -0.917787 -0.258866 -0.123148
v -0.928457 -0.230164 -0.120665
v -0.940229 -0.200990 -0.117781
v -0.970612 -0.288139 -0.121413
v -0.981290 -0.259444 -0.118997
v -0.993070 -0.230272 -0.116153
v -1.024757 -0.320047 -0.119705
v -1.035445 -0.291364 -0.117326
v -1.047233 -0.262198 -0.114499
v -0.817275 -0.207890 -0.126261
v -0.770176 -0.186018 -0.127423
v -0.725573 -0.166448 -0.128178
v -0.827929 -0.179191 -0.123582
v -0.780823 -0.157326 -0.124627
v -0.736215 -0.137765 -0.125260
v -0.839686 -0.150026 -0.120567
v -0.792574 -0.128173 -0.121528
v -0.747959 -0.108629 -0.122071
v -0.799288 -0.264125 -0.130199
v -0.791961 -0.291773 -0.131255
v -0.785748 -0.319184 -0.131565
v -0.752205 -0.242244 -0.131579
v -0.744888 -0.269884 -0.132674
v -0.738690 -0.297282 -0.132940
v -0.707615 -0.222660 -0.132570
v -0.700308 -0.250289 -0.133726
v -0.694121 -0.277672 -0.133977
v -2.084559 -1.531188 -0.166912
v -2.095802 -1.569609 -0.166782
v -2.097736 -1.640192 -0.166107
v -2.085857 -1.568327 -0.166986
v -2.086711 -1.603500 -0.166982
v -2.087338 -1.636233 -0.166960
v -2.103276 -1.492638 -0.167594
v -2.082604 -1.492558 -0.166698
v -2.100284 -1.452417 -0.167882
v -2.089373 -1.452658 -0.167143
v -2.079773 -1.452909 -0.166281
v -2.096268 -1.411893 -0.167818
v -2.085408 -1.412306 -0.166760
v -2.075857 -1.412719 -0.165598
v -0.297981 -0.106374 -0.125715
v -0.327351 -0.105530 -0.124979
v -0.356788 -0.105203 -0.124306
v -0.386173 -0.105679 -0.123860
v -0.304476 -0.078242 -0.122624
v -0.311555 -0.049704 -0.119106
v -0.319221 -0.020704 -0.115281
v -0.268791 -0.107444 -0.126348
v -0.239902 -0.108455 -0.126711
v -0.211429 -0.109117 -0.126641
v -0.292070 -0.134153 -0.128260
v -0.286744 -0.161636 -0.130141
v -0.282001 -0.188879 -0.131238
v -0.320959 -0.133327 -0.127559
v -0.349942 -0.133010 -0.126918
v -0.378920 -0.133493 -0.126496
v -0.315251 -0.160839 -0.129441
v -0.343878 -0.160537 -0.128803
v -0.372538 -0.161029 -0.128377
v -0.310228 -0.188120 -0.130488
v -0.338597 -0.187840 -0.129803
v -0.367026 -0.188339 -0.129326
v -0.334428 -0.077391 -0.121844
v -0.342188 -0.048855 -0.118290
v -0.350630 -0.019866 -0.114462
v -0.364412 -0.077058 -0.121127
v -0.372815 -0.048524 -0.117542
v -0.381992 -0.019542 -0.113713
v -0.394291 -0.077530 -0.120650
v -0.403274 -0.048994 -0.117042
v -0.413116 -0.020017 -0.113219
v -0.274691 -0.079325 -0.123295
v -0.245212 -0.080354 -0.123684
v -0.216176 -0.081045 -0.123618
v -0.281077 -0.050786 -0.119808
v -0.250914 -0.051816 -0.120218
v -0.221228 -0.052509 -0.120155
v -0.287951 -0.021773 -0.115985
v -0.257011 -0.022790 -0.116390
v -0.226590 -0.023471 -0.116313
v -0.263378 -0.135195 -0.128866
v -0.258448 -0.162635 -0.130754
v -0.253997 -0.189811 -0.131912
v -0.234983 -0.136166 -0.129220
v -0.230450 -0.163535 -0.131131
v -0.226301 -0.190617 -0.132367
v -0.206986 -0.136770 -0.129163
v -0.202841 -0.164048 -0.131123
v -0.198992 -0.190992 -0.132460
v -1.291686 -0.542592 -0.116833
v -1.343924 -0.584456 -0.116806
v -1.393606 -0.625752 -0.117114
v -1.440075 -0.665807 -0.117764
v -1.301398 -0.514557 -0.114443
v -1.312170 -0.486134 -0.111766
v -1.323994 -0.457255 -0.108666
v -1.237550 -0.500835 -0.117185
v -1.182172 -0.459857 -0.117852
v -1.126211 -0.420326 -0.118828
v -1.283043 -0.570307 -0.119067
v -1.275473 -0.597772 -0.121280
v -1.268985 -0.625052 -0.123605
v -1.335204 -0.612055 -0.119234
v -1.384783 -0.653190 -0.119730
v -1.431117 -0.693037 -0.120553
v -1.327543 -0.639413 -0.121703
v -1.376998 -0.680407 -0.122444
v -1.423170 -0.720068 -0.123489
v -1.320954 -0.666591 -0.124357
v -1.370269 -0.707449 -0.125408
v -1.416255 -0.746931 -0.126731
v -1.353694 -0.556557 -0.114272
v -1.364500 -0.528296 -0.111488
v -1.376336 -0.499612 -0.108307
v -1.403455 -0.598039 -0.114439
v -1.414308 -0.570003 -0.111554
v -1.426154 -0.541597 -0.108306
v -1.450025 -0.638343 -0.114964
v -1.460939 -0.610610 -0.111995
v -1.472797 -0.582573 -0.108698
v -1.247220 -0.472706 -0.114935
v -1.191812 -0.431665 -0.115726
v -1.135831 -0.392099 -0.116797
v -1.257964 -0.444173 -0.112359
v -1.202538 -0.403062 -0.113241
v -1.146542 -0.363456 -0.114383
v -1.269781 -0.415162 -0.109343
v -1.214348 -0.373974 -0.110302
v -1.158344 -0.334327 -0.111505
v -1.228961 -0.528632 -0.119230
v -1.221455 -0.556169 -0.121188
v -1.215040 -0.583519 -0.123179
v -1.173621 -0.487706 -0.119724
v -1.166159 -0.515293 -0.121442
v -1.159792 -0.542687 -0.123106
v -1.117685 -0.448214 -0.120555
v -1.110253 -0.475830 -0.122055
v -1.103917 -0.503249 -0.123410
v -0.533618 -0.128264 -0.127704
v -0.565620 -0.137671 -0.128962
v -0.599442 -0.148929 -0.130035
v -0.635505 -0.162129 -0.130777
v -0.543022 -0.100055 -0.124654
v -0.553514 -0.071459 -0.121214
v -0.565088 -0.042423 -0.117602
v -0.503015 -0.120610 -0.126412
v -0.473390 -0.114620 -0.125233
v -0.444322 -0.110196 -0.124315
v -0.525307 -0.156130 -0.130139
v -0.518097 -0.183707 -0.131736
v -0.511992 -0.211038 -0.132271
v -0.557250 -0.165552 -0.131304
v -0.591041 -0.176824 -0.132274
v -0.627092 -0.190037 -0.132906
v -0.549993 -0.193140 -0.132808
v -0.583758 -0.204422 -0.133684
v -0.619797 -0.217645 -0.134223
v -0.543854 -0.220479 -0.133254
v -0.577601 -0.231768 -0.134053
v -0.613629 -0.245003 -0.134529
v -0.575095 -0.109446 -0.126002
v -0.585671 -0.080829 -0.122643
v -0.597339 -0.051775 -0.119107
v -0.608953 -0.120687 -0.127179
v -0.619572 -0.092052 -0.123917
v -0.631289 -0.062975 -0.120461
v -0.645031 -0.133871 -0.128035
v -0.655665 -0.105218 -0.124879
v -0.667401 -0.076118 -0.121509
v -0.512302 -0.092419 -0.123289
v -0.482501 -0.086444 -0.122054
v -0.453189 -0.082033 -0.121101
v -0.522656 -0.063840 -0.119777
v -0.492650 -0.057880 -0.118489
v -0.463049 -0.053483 -0.117501
v -0.534072 -0.034825 -0.116100
v -0.503830 -0.028880 -0.114756
v -0.473898 -0.024495 -0.113726
v -0.494801 -0.148464 -0.128926
v -0.487666 -0.176030 -0.130609
v -0.481616 -0.203356 -0.131239
v -0.465320 -0.142460 -0.127809
v -0.458299 -0.170017 -0.129569
v -0.452331 -0.197337 -0.130292
v -0.436455 -0.138026 -0.126936
v -0.429590 -0.165573 -0.128756
v -0.423735 -0.192890 -0.129567
v -2.076187 -1.291341 -0.164628
v -2.084257 -1.331220 -0.166222
v -2.065340 -1.292242 -0.163054
v -2.073426 -1.331929 -0.164743
v -2.055799 -1.293085 -0.161415
v -2.063899 -1.332603 -0.163191
v 0.046658 0.158288 -0.082044
v 0.033787 0.156784 -0.079682
v 0.019610 0.154980 -0.077571
v 0.003869 0.152852 -0.076010
v 0.044897 0.191334 -0.076246
v 0.043093 0.225097 -0.070150
v 0.041247 0.259600 -0.063738
v 0.058479 0.159505 -0.084355
v 0.069507 0.160455 -0.086318
v 0.079998 0.161159 -0.087632
v 0.048377 0.125937 -0.087554
v 0.050057 0.094257 -0.092794
v 0.051700 0.063223 -0.097777
v 0.035625 0.124445 -0.085163
v 0.021579 0.122651 -0.083030
v 0.005985 0.120533 -0.081458
v 0.037422 0.092774 -0.090386
v 0.023504 0.090989 -0.088239
v 0.008054 0.088884 -0.086660
v 0.039179 0.061750 -0.095362
v 0.025387 0.059974 -0.093212
v 0.010077 0.057879 -0.091633
v 0.031906 0.189821 -0.073925
v 0.029979 0.223571 -0.067879
v 0.028007 0.258064 -0.061528
v 0.017594 0.188001 -0.071846
v 0.015532 0.221742 -0.065842
v 0.013420 0.256221 -0.059542
v 0.001705 0.185861 -0.070304
v -0.000509 0.219587 -0.064327
v -0.002776 0.254051 -0.058061
v 0.056829 0.192560 -0.078517
v 0.067960 0.193518 -0.080443
v 0.078550 0.194227 -0.081728
v 0.055139 0.226333 -0.072369
v 0.066376 0.227301 -0.074246
v 0.077066 0.228018 -0.075497
v 0.053406 0.260850 -0.065894
v 0.064750 0.261826 -0.067717
v 0.075544 0.262549 -0.068929
v 0.060090 0.127144 -0.089897
v 0.061663 0.095457 -0.095156
v 0.063202 0.064415 -0.100146
v 0.071017 0.128089 -0.091889
v 0.072491 0.096391 -0.097165
v 0.073930 0.065346 -0.102163
v 0.081411 0.128785 -0.093223
v 0.082790 0.097082 -0.098516
v 0.084136 0.066032 -0.103519
v -0.961730 -0.019584 -0.099208
v -1.013121 -0.046167 -0.096817
v -1.066022 -0.075331 -0.094303
v -1.120107 -0.107167 -0.091799
v -0.977510 0.013356 -0.093247
v -0.993096 0.047032 -0.086271
v -1.008236 0.081475 -0.078125
v -0.912179 0.004505 -0.101341
v -0.864793 0.026191 -0.103082
v -0.819898 0.045566 -0.104299
v -0.946020 -0.051817 -0.104310
v -0.930633 -0.083373 -0.108712
v -0.915830 -0.114279 -0.112571
v -0.997327 -0.078438 -0.102251
v -1.050206 -0.107641 -0.100047
v -1.104347 -0.139515 -0.097821
v -0.981896 -0.110030 -0.106915
v -1.034760 -0.139265 -0.104970
v -1.088926 -0.171166 -0.102980
v -0.967072 -0.140968 -0.110961
v -1.019927 -0.170227 -0.109204
v -1.074100 -0.202146 -0.107399
v -1.029029 -0.013188 -0.090468
v -1.044807 0.020524 -0.083057
v -1.060209 0.054999 -0.074438
v -1.081965 -0.042310 -0.087599
v -1.097792 -0.008551 -0.079803
v -1.113261 0.025968 -0.070776
v -1.135960 -0.074098 -0.084796
v -1.151652 -0.040283 -0.076687
v -1.166932 -0.005695 -0.067354
v -0.927761 0.037409 -0.095779
v -0.880141 0.059062 -0.097912
v -0.835003 0.078403 -0.099489
v -0.943058 0.071056 -0.089262
v -0.895093 0.092684 -0.091850
v -0.849599 0.112002 -0.093852
v -0.957798 0.105481 -0.081625
v -0.909355 0.127095 -0.084726
v -0.863365 0.146401 -0.087213
v -0.896591 -0.027688 -0.106110
v -0.881271 -0.059205 -0.110253
v -0.866497 -0.090078 -0.113933
v -0.849350 -0.005962 -0.107533
v -0.834108 -0.037440 -0.111430
v -0.819367 -0.068276 -0.114949
v -0.804606 0.013450 -0.108458
v -0.789445 -0.017987 -0.112140
v -0.774736 -0.048784 -0.115520
v -0.364413 0.132933 -0.093791
v -0.400767 0.133632 -0.093757
v -0.436813 0.133839 -0.093787
v -0.472180 0.133276 -0.094038
v -0.373664 0.165645 -0.088697
v -0.382532 0.199096 -0.083167
v -0.390825 0.233320 -0.077128
v -0.328124 0.132018 -0.093733
v -0.292269 0.131164 -0.093430
v -0.257221 0.130646 -0.092727
v -0.354976 0.100929 -0.098521
v -0.345544 0.069595 -0.102961
v -0.336312 0.038902 -0.107185
v -0.390299 0.101660 -0.098259
v -0.425367 0.101894 -0.098066
v -0.459850 0.101352 -0.098106
v -0.379819 0.070359 -0.102489
v -0.413897 0.070621 -0.102086
v -0.447480 0.070102 -0.101929
v -0.369562 0.039696 -0.106538
v -0.402667 0.039985 -0.105961
v -0.435369 0.039484 -0.105636
v -0.410996 0.166314 -0.088888
v -0.420755 0.199740 -0.083560
v -0.429813 0.233948 -0.077681
v -0.447969 0.166496 -0.089140
v -0.458569 0.199902 -0.084011
v -0.468348 0.234097 -0.078292
v -0.484176 0.165916 -0.089597
v -0.495536 0.199310 -0.084655
v -0.505966 0.233499 -0.079081
v -0.336378 0.164764 -0.088424
v -0.299547 0.163943 -0.087924
v -0.263578 0.163460 -0.087054
v -0.344339 0.198242 -0.082700
v -0.306616 0.197451 -0.082025
v -0.269802 0.196998 -0.081009
v -0.351850 0.232487 -0.076506
v -0.313354 0.231720 -0.075694
v -0.275803 0.231291 -0.074569
v -0.319734 0.099978 -0.098684
v -0.311364 0.068609 -0.103328
v -0.303172 0.037883 -0.107723
v -0.284904 0.099087 -0.098581
v -0.277574 0.067682 -0.103414
v -0.270401 0.036919 -0.107968
v -0.250822 0.098532 -0.098049
v -0.244469 0.067091 -0.103046
v -0.238253 0.036294 -0.107740
v -1.709609 -0.644535 -0.096835
v -1.697509 -0.665622 -0.101339
v -1.685046 -0.687799 -0.105670
v -1.672452 -0.710891 -0.109754
v -1.732954 -0.682136 -0.100815
v -1.754069 -0.717865 -0.104828
v -1.773436 -0.751823 -0.108798
v -1.721116 -0.624715 -0.092235
v -1.731771 -0.606705 -0.087708
v -1.741312 -0.591053 -0.083424
v -1.683546 -0.604964 -0.092967
v -1.654252 -0.563793 -0.089420
v -1.621209 -0.521397 -0.086402
v -1.670865 -0.628484 -0.098015
v -1.657846 -0.652536 -0.102743
v -1.644758 -0.677066 -0.107104
v -1.641074 -0.589813 -0.095024
v -1.627595 -0.615781 -0.100145
v -1.614118 -0.641757 -0.104772
v -1.607629 -0.549734 -0.092509
v -1.593784 -0.577485 -0.097980
v -1.580002 -0.604821 -0.102837
v -1.721507 -0.701114 -0.104852
v -1.743355 -0.735029 -0.108463
v -1.763542 -0.767437 -0.112084
v -1.709707 -0.721616 -0.108822
v -1.732331 -0.754080 -0.112109
v -1.753425 -0.785288 -0.115441
v -1.697719 -0.743392 -0.112636
v -1.721085 -0.774715 -0.115671
v -1.743078 -0.805013 -0.118774
v -1.743876 -0.664929 -0.096801
v -1.753989 -0.649713 -0.092919
v -1.763008 -0.636709 -0.089274
v -1.764380 -0.702892 -0.101299
v -1.773980 -0.690075 -0.097935
v -1.782555 -0.679381 -0.094799
v -1.783116 -0.738806 -0.105679
v -1.792234 -0.728137 -0.102753
v -1.800444 -0.719561 -0.100042
v -1.695616 -0.582044 -0.087646
v -1.666825 -0.537657 -0.083343
v -1.634194 -0.492299 -0.079633
v -1.706839 -0.560705 -0.082307
v -1.678530 -0.512357 -0.077022
v -1.646183 -0.462301 -0.072158
v -1.716985 -0.541932 -0.077210
v -1.689110 -0.488836 -0.070694
v -1.656776 -0.431261 -0.063935
v -0.635264 0.111010 -0.100812
v -0.668183 0.101781 -0.102434
v -0.702536 0.090723 -0.103759
v -0.738892 0.077736 -0.104622
v -0.649499 0.143688 -0.096867
v -0.662923 0.177145 -0.092313
v -0.675160 0.211426 -0.086974
v -0.603207 0.118512 -0.099058
v -0.571440 0.124388 -0.097338
v -0.539395 0.128741 -0.095818
v -0.620595 0.079061 -0.104325
v -0.605866 0.047789 -0.107583
v -0.591455 0.017154 -0.110764
v -0.653352 0.069804 -0.105966
v -0.687586 0.058716 -0.107363
v -0.723843 0.045693 -0.108351
v -0.638476 0.038510 -0.109220
v -0.672617 0.027392 -0.110654
v -0.708811 0.014335 -0.111725
v -0.623932 0.007845 -0.112375
v -0.658000 -0.003302 -0.113814
v -0.694156 -0.016390 -0.114923
v -0.682597 0.134486 -0.098443
v -0.696217 0.167972 -0.093814
v -0.708669 0.202283 -0.088367
v -0.717101 0.123461 -0.099662
v -0.730908 0.156976 -0.094892
v -0.743593 0.191318 -0.089269
v -0.753603 0.110507 -0.100358
v -0.767619 0.144051 -0.095376
v -0.780581 0.178419 -0.089500
v -0.617208 0.151168 -0.095105
v -0.585127 0.157026 -0.093327
v -0.552659 0.161370 -0.091704
v -0.630400 0.184600 -0.090568
v -0.598024 0.190436 -0.088754
v -0.565171 0.194766 -0.087047
v -0.642410 0.218851 -0.085276
v -0.609769 0.224663 -0.083454
v -0.576582 0.228971 -0.081692
v -0.588767 0.086583 -0.102600
v -0.574263 0.055332 -0.105902
v -0.560064 0.024714 -0.109138
v -0.557325 0.092474 -0.100953
v -0.543146 0.061236 -0.104336
v -0.529261 0.030629 -0.107655
v -0.525723 0.096833 -0.099548
v -0.511991 0.065599 -0.103046
v -0.498545 0.034996 -0.106472
v 0.031228 0.444873 -0.025302
v 0.017316 0.443264 -0.023510
v 0.001990 0.441344 -0.021904
v -0.015035 0.439097 -0.020719
v 0.029016 0.485129 -0.015557
v 0.026716 0.526696 -0.004829
v 0.024320 0.569680 0.007010
v 0.044002 0.446183 -0.027048
v 0.055921 0.447214 -0.028515
v 0.067263 0.447980 -0.029471
v 0.033358 0.405823 -0.034190
v 0.035418 0.367878 -0.042349
v 0.037413 0.330928 -0.049908
v 0.019588 0.404230 -0.032308
v 0.004417 0.402328 -0.030618
v -0.012433 0.400094 -0.029367
v 0.021785 0.366298 -0.040378
v 0.006765 0.364411 -0.038606
v -0.009915 0.362195 -0.037287
v 0.023915 0.329364 -0.047849
v 0.009042 0.327492 -0.045999
v -0.007473 0.325293 -0.044618
v 0.014959 0.483505 -0.013851
v 0.012510 0.525058 -0.003202
v 0.009957 0.568026 0.008570
v -0.000529 0.481569 -0.012326
v -0.003146 0.523104 -0.001750
v -0.005870 0.566055 0.009960
v -0.017734 0.479302 -0.011206
v -0.020535 0.520820 -0.000688
v -0.023451 0.563751 0.010969
v 0.041925 0.486454 -0.017221
v 0.053968 0.487493 -0.018617
v 0.065430 0.488268 -0.019520
v 0.039762 0.528033 -0.006416
v 0.051935 0.529086 -0.007746
v 0.063520 0.529869 -0.008602
v 0.037509 0.571031 0.005491
v 0.049815 0.572095 0.004219
v 0.061527 0.572886 0.003405
v 0.046004 0.407121 -0.036023
v 0.047937 0.369161 -0.044271
v 0.049810 0.332198 -0.051914
v 0.057802 0.408141 -0.037565
v 0.059617 0.370168 -0.045888
v 0.061376 0.333195 -0.053606
v 0.069028 0.408897 -0.038574
v 0.070731 0.370917 -0.046950
v 0.072381 0.333936 -0.054722
v -0.419971 0.416618 -0.037062
v -0.460171 0.417090 -0.037535
v -0.499802 0.417123 -0.038060
v -0.538378 0.416460 -0.038739
v -0.423833 0.455595 -0.026781
v -0.427307 0.495283 -0.015658
v -0.430509 0.535661 -0.003656
v -0.379692 0.415968 -0.036532
v -0.339820 0.415399 -0.035845
v -0.300846 0.415167 -0.034892
v -0.415607 0.378381 -0.046537
v -0.410625 0.340906 -0.055244
v -0.404911 0.304221 -0.063221
v -0.455888 0.378955 -0.047105
v -0.495610 0.379081 -0.047725
v -0.534276 0.378491 -0.048505
v -0.450843 0.341525 -0.055887
v -0.490520 0.341685 -0.056583
v -0.529154 0.341117 -0.057441
v -0.444905 0.304847 -0.063900
v -0.484381 0.305006 -0.064631
v -0.522839 0.304429 -0.065529
v -0.463829 0.455879 -0.027163
v -0.466992 0.495268 -0.015971
v -0.469797 0.535209 -0.003941
v -0.503249 0.455738 -0.027589
v -0.506101 0.494850 -0.016318
v -0.508511 0.534387 -0.004247
v -0.541622 0.454928 -0.028163
v -0.544180 0.493799 -0.016798
v -0.546218 0.532979 -0.004662
v -0.383738 0.455141 -0.026340
v -0.344016 0.454766 -0.025736
v -0.305142 0.454716 -0.024869
v -0.387501 0.495137 -0.015279
v -0.348029 0.495061 -0.014736
v -0.309347 0.495289 -0.013928
v -0.391078 0.535955 -0.003295
v -0.351938 0.536307 -0.002766
v -0.313518 0.536935 -0.001976
v -0.375265 0.377620 -0.045917
v -0.370366 0.340097 -0.054549
v -0.364894 0.303401 -0.062486
v -0.335362 0.376940 -0.045138
v -0.330566 0.339363 -0.053692
v -0.325351 0.302651 -0.061586
v -0.296394 0.376602 -0.044092
v -0.291726 0.338975 -0.052565
v -0.286779 0.302244 -0.060406
v -0.711053 0.394925 -0.044699
v -0.745782 0.385929 -0.045075
v -0.782412 0.375068 -0.044623
v -0.821730 0.362208 -0.043100
v -0.713947 0.433187 -0.033337
v -0.715859 0.471617 -0.021158
v -0.716981 0.510063 -0.008224
v -0.677438 0.402182 -0.043732
v -0.644151 0.407835 -0.042414
v -0.610401 0.412009 -0.040983
v -0.706987 0.356985 -0.055177
v -0.701556 0.319512 -0.064708
v -0.694568 0.282662 -0.073227
v -0.741498 0.347967 -0.055805
v -0.777783 0.337092 -0.055665
v -0.816610 0.324236 -0.054528
v -0.735819 0.310466 -0.065569
v -0.771734 0.299575 -0.065729
v -0.810040 0.286717 -0.064972
v -0.728570 0.273584 -0.074298
v -0.764117 0.262669 -0.074739
v -0.801917 0.249805 -0.074343
v -0.748848 0.424205 -0.033452
v -0.750868 0.462637 -0.021007
v -0.752017 0.501069 -0.007809
v -0.785767 0.413349 -0.032683
v -0.787994 0.451780 -0.019926
v -0.789242 0.490206 -0.006431
v -0.825509 0.400480 -0.030783
v -0.828052 0.438899 -0.017663
v -0.829469 0.477307 -0.003834
v -0.680262 0.440435 -0.032587
v -0.646991 0.446093 -0.031446
v -0.613328 0.450302 -0.030164
v -0.682157 0.478878 -0.020632
v -0.648950 0.484573 -0.019681
v -0.615426 0.488854 -0.018556
v -0.683322 0.517360 -0.007925
v -0.650227 0.523130 -0.007168
v -0.616887 0.527543 -0.006203
v -0.673486 0.364265 -0.054010
v -0.668206 0.326826 -0.063362
v -0.661400 0.290013 -0.071729
v -0.640230 0.369932 -0.052531
v -0.635030 0.332526 -0.061745
v -0.628353 0.295753 -0.070006
v -0.606454 0.374111 -0.050968
v -0.601290 0.336730 -0.060077
v -0.594718 0.299995 -0.068263
v -1.069533 0.264097 -0.017626
v -1.124859 0.237248 -0.011196
v -1.179850 0.207588 -0.005453
v -1.233423 0.174798 -0.000975
v -1.077920 0.301640 -0.002461
v -1.084211 0.339340 0.013259
v -1.087765 0.377258 0.029298
v -1.014960 0.288464 -0.024161
v -0.962015 0.310402 -0.030389
v -0.911576 0.329968 -0.035897
v -1.059693 0.226651 -0.032001
v -1.048520 0.189484 -0.045413
v -1.036138 0.152776 -0.057687
v -1.113895 0.200046 -0.026177
v -1.167944 0.170858 -0.020865
v -1.220927 0.138921 -0.016512
v -1.101890 0.163004 -0.040160
v -1.155401 0.134024 -0.035266
v -1.208287 0.102465 -0.031087
v -1.088903 0.126335 -0.052977
v -1.142152 0.097398 -0.048495
v -1.195247 0.065901 -0.044530
v -1.134724 0.274381 0.004611
v -1.142397 0.311718 0.020956
v -1.146785 0.349531 0.037547
v -1.191190 0.243916 0.010806
v -1.200579 0.280474 0.027683
v -1.206632 0.317905 0.044947
v -1.246032 0.209632 0.015359
v -1.257548 0.244666 0.032560
v -1.266769 0.281149 0.050707
v -1.022063 0.326301 -0.009642
v -0.968023 0.348439 -0.016499
v -0.916670 0.368133 -0.022597
v -1.027224 0.364272 0.005475
v -0.972277 0.386608 -0.001952
v -0.920207 0.406431 -0.008581
v -1.030114 0.402319 0.021001
v -0.974645 0.424777 0.013094
v -0.922170 0.444714 0.006023
v -1.006249 0.250826 -0.037892
v -0.996051 0.213546 -0.050669
v -0.984494 0.176789 -0.062328
v -0.954389 0.272619 -0.043470
v -0.945227 0.235247 -0.055593
v -0.934612 0.198433 -0.066607
v -0.904944 0.292086 -0.048354
v -0.896788 0.254639 -0.059842
v -0.887129 0.217775 -0.070233
v -0.444958 0.745986 0.070078
v -0.481632 0.741275 0.069063
v -0.517762 0.736413 0.068199
v -0.553057 0.731366 0.067472
v -0.447443 0.788979 0.087378
v -0.449711 0.831991 0.105439
v -0.451728 0.874906 0.124224
v -0.408029 0.750574 0.071255
v -0.371138 0.755072 0.072607
v -0.334573 0.759510 0.074146
v -0.442292 0.703139 0.053578
v -0.439479 0.660561 0.037917
v -0.436555 0.618373 0.023132
v -0.479506 0.699437 0.052765
v -0.516168 0.695534 0.052060
v -0.551960 0.691365 0.051428
v -0.477245 0.657838 0.037305
v -0.514453 0.654871 0.036761
v -0.550753 0.651544 0.036232
v -0.474864 0.616555 0.022693
v -0.512607 0.614446 0.022287
v -0.549408 0.611888 0.021843
v -0.483610 0.783289 0.086187
v -0.485425 0.825405 0.104126
v -0.487062 0.867557 0.122871
v -0.519239 0.777486 0.085191
v -0.520606 0.818732 0.103053
v -0.521867 0.860133 0.121800
v -0.554067 0.771578 0.084399
v -0.555013 0.812016 0.102251
v -0.555921 0.852704 0.121064
v -0.411002 0.794544 0.088753
v -0.374551 0.799976 0.090303
v -0.338356 0.805268 0.092018
v -0.413706 0.838447 0.106959
v -0.377652 0.844729 0.108654
v -0.341790 0.850792 0.110493
v -0.416090 0.882107 0.125807
v -0.380368 0.889097 0.127567
v -0.344788 0.895801 0.129451
v -0.404846 0.706719 0.054532
v -0.401504 0.663153 0.038650
v -0.398059 0.620052 0.023673
v -0.367486 0.710245 0.055660
v -0.363666 0.665727 0.039556
v -0.359754 0.621745 0.024388
v -0.330530 0.713793 0.056996
v -0.326315 0.668400 0.040689
v -0.322017 0.623605 0.025346
v 0.011094 0.804173 0.083580
v -0.004082 0.802449 0.085028
v -0.020807 0.800400 0.086342
v -0.039388 0.798012 0.087331
v 0.008439 0.852525 0.100990
v 0.005878 0.900360 0.118513
v 0.003451 0.947254 0.135900
v 0.025027 0.805585 0.082183
v 0.038029 0.806700 0.081031
v 0.050403 0.807533 0.080310
v 0.013799 0.755735 0.066533
v 0.016517 0.707639 0.050103
v 0.019204 0.660312 0.034538
v -0.001224 0.754023 0.067973
v -0.017780 0.751990 0.069267
v -0.036174 0.749616 0.070223
v 0.001657 0.705942 0.051548
v -0.014720 0.703923 0.052840
v -0.032914 0.701565 0.053784
v 0.004511 0.658629 0.036005
v -0.011679 0.656626 0.037312
v -0.029666 0.654287 0.038262
v -0.006872 0.850789 0.102464
v -0.009545 0.898616 0.120027
v -0.012055 0.945502 0.137464
v -0.023746 0.848728 0.103814
v -0.026543 0.896544 0.121433
v -0.029148 0.943422 0.138946
v -0.042493 0.846327 0.104857
v -0.045429 0.894131 0.122550
v -0.048137 0.941002 0.140163
v 0.022497 0.853945 0.099580
v 0.035613 0.855070 0.098421
v 0.048099 0.855907 0.097699
v 0.020040 0.901791 0.117079
v 0.033252 0.902920 0.115908
v 0.045826 0.903766 0.115182
v 0.017691 0.948691 0.134432
v 0.030973 0.949829 0.133242
v 0.043617 0.950679 0.132507
v 0.027596 0.757137 0.065140
v 0.030163 0.709028 0.048700
v 0.032695 0.661690 0.033110
v 0.040466 0.758242 0.063984
v 0.042894 0.710125 0.047532
v 0.045283 0.662774 0.031921
v 0.052717 0.759069 0.063258
v 0.055013 0.710942 0.046796
v 0.057264 0.663584 0.031167
v -0.716325 0.699700 0.067184
v -0.749996 0.690278 0.068739
v -0.785540 0.679140 0.071203
v -0.823616 0.665990 0.074735
v -0.715612 0.737500 0.084966
v -0.714892 0.775469 0.103888
v -0.714243 0.813700 0.124054
v -0.683871 0.707699 0.066379
v -0.651976 0.714569 0.066164
v -0.619980 0.720608 0.066380
v -0.716950 0.661979 0.050439
v -0.717410 0.624243 0.034629
v -0.717620 0.586407 0.019651
v -0.751072 0.652713 0.051786
v -0.787214 0.641693 0.054091
v -0.826085 0.628649 0.057548
v -0.751906 0.615092 0.035760
v -0.788532 0.604146 0.037879
v -0.828037 0.591167 0.041201
v -0.752402 0.577332 0.020556
v -0.789383 0.566431 0.022459
v -0.829341 0.553490 0.025592
v -0.748768 0.727873 0.086726
v -0.747482 0.765576 0.105852
v -0.746233 0.803475 0.126224
v -0.783617 0.716563 0.089319
v -0.781557 0.754029 0.108546
v -0.779470 0.791617 0.128990
v -0.820765 0.703251 0.092867
v -0.817664 0.740492 0.112048
v -0.814448 0.777770 0.132382
v -0.683545 0.745764 0.083918
v -0.651962 0.752986 0.083459
v -0.620257 0.759483 0.083467
v -0.683236 0.784049 0.102575
v -0.651969 0.791653 0.101835
v -0.620542 0.798623 0.101587
v -0.683016 0.822644 0.122449
v -0.652059 0.830663 0.121379
v -0.620884 0.838112 0.120812
v -0.684145 0.669757 0.049862
v -0.684298 0.631845 0.034270
v -0.684257 0.593870 0.019506
v -0.651950 0.676316 0.049863
v -0.651822 0.638133 0.034467
v -0.651533 0.599937 0.019888
v -0.619656 0.681925 0.050251
v -0.619238 0.643353 0.035003
v -0.618671 0.604817 0.020561
v -0.005979 1.158363 0.217682
v -0.021406 1.156641 0.219612
v -0.038411 1.154603 0.221640
v -0.057310 1.152241 0.223619
v -0.007500 1.196375 0.234662
v -0.008982 1.233329 0.252592
v -0.010463 1.269370 0.271787
v 0.008180 1.159785 0.215992
v 0.021389 1.160910 0.214689
v 0.033959 1.161754 0.213915
v -0.004385 1.119147 0.201333
v -0.002681 1.078575 0.185298
v -0.000830 1.036501 0.169259
v -0.019881 1.117399 0.203198
v -0.036962 1.115333 0.205121
v -0.055944 1.112931 0.206947
v -0.018227 1.076815 0.187086
v -0.035361 1.074733 0.188891
v -0.054402 1.072314 0.190551
v -0.016398 1.034741 0.170965
v -0.033558 1.032653 0.172651
v -0.052625 1.030226 0.174146
v -0.022842 1.194691 0.236638
v -0.024233 1.231704 0.254584
v -0.025623 1.267833 0.273759
v -0.039757 1.192703 0.238746
v -0.041050 1.229787 0.256739
v -0.042340 1.266013 0.275918
v -0.058555 1.190396 0.240853
v -0.059739 1.227564 0.258933
v -0.060919 1.263898 0.278146
v 0.006583 1.197762 0.232955
v 0.019718 1.198866 0.231649
v 0.032218 1.199695 0.230882
v 0.005017 1.234667 0.250887
v 0.018073 1.235735 0.249597
v 0.030497 1.236540 0.248846
v 0.003453 1.270642 0.270115
v 0.016430 1.271659 0.268860
v 0.028780 1.272432 0.268137
v 0.009840 1.120585 0.199679
v 0.011590 1.080021 0.183690
v 0.013463 1.037949 0.167701
v 0.023110 1.121726 0.198389
v 0.024904 1.081167 0.182421
v 0.026797 1.039095 0.166460
v 0.035737 1.122578 0.197617
v 0.037573 1.082025 0.181656
v 0.039487 1.039952 0.165704
v -0.456283 1.084162 0.227608
v -0.490865 1.075839 0.227622
v -0.524912 1.067215 0.228050
v -0.558217 1.058331 0.229007
v -0.455515 1.124390 0.249870
v -0.453978 1.163906 0.272555
v -0.451584 1.202638 0.295621
v -0.421368 1.092134 0.227891
v -0.386332 1.099715 0.228357
v -0.351375 1.106853 0.228888
v -0.456371 1.043296 0.205814
v -0.455871 1.001863 0.184536
v -0.454869 0.959938 0.163814
v -0.491062 1.034885 0.205412
v -0.525221 1.026253 0.205419
v -0.558644 1.017460 0.205946
v -0.490644 0.993457 0.183756
v -0.524888 0.984893 0.183367
v -0.558401 0.976251 0.183470
v -0.489746 0.951677 0.162729
v -0.524096 0.943306 0.162005
v -0.557716 0.934914 0.161730
v -0.489917 1.116199 0.250307
v -0.488081 1.155842 0.273392
v -0.485220 1.194640 0.296799
v -0.523779 1.107613 0.251147
v -0.521640 1.147280 0.274597
v -0.518311 1.186044 0.298292
v -0.556896 1.098655 0.252502
v -0.554451 1.138222 0.276280
v -0.550660 1.176819 0.300190
v -0.420777 1.132167 0.249721
v -0.385915 1.139506 0.249743
v -0.351130 1.146389 0.249823
v -0.419536 1.171484 0.271983
v -0.384957 1.178578 0.271568
v -0.350446 1.185192 0.271202
v -0.417596 1.210066 0.294666
v -0.383455 1.216954 0.293843
v -0.349355 1.223327 0.293063
v -0.421351 1.051414 0.206514
v -0.420771 1.010029 0.185601
v -0.419671 0.968000 0.165169
v -0.386208 1.059177 0.207398
v -0.385548 1.017870 0.186852
v -0.384354 0.975771 0.166707
v -0.351146 1.066514 0.208354
v -0.350406 1.025306 0.188184
v -0.349123 0.983165 0.168336
v -0.018153 1.437052 0.389551
v -0.032908 1.436290 0.390804
v -0.049172 1.435370 0.392201
v -0.067248 1.434265 0.393668
v -0.019445 1.466675 0.414688
v -0.020520 1.494390 0.439152
v -0.021325 1.519943 0.462426
v -0.004611 1.437686 0.388513
v 0.008019 1.438223 0.387763
v 0.020039 1.438691 0.387375
v -0.016704 1.405777 0.364255
v -0.015154 1.373114 0.339316
v -0.013558 1.339319 0.315248
v -0.031558 1.404829 0.365705
v -0.047935 1.403697 0.367322
v -0.066138 1.402348 0.369025
v -0.030086 1.371987 0.340950
v -0.046552 1.370647 0.342768
v -0.064855 1.369069 0.344684
v -0.028562 1.338030 0.317039
v -0.045106 1.336500 0.319026
v -0.063495 1.334712 0.321112
v -0.034068 1.466100 0.415743
v -0.034971 1.493996 0.440021
v -0.035550 1.519711 0.463136
v -0.050185 1.465398 0.416918
v -0.050893 1.493505 0.440988
v -0.051215 1.519414 0.463925
v -0.068091 1.464536 0.418146
v -0.068576 1.492878 0.441993
v -0.068604 1.519010 0.464740
v -0.006019 1.467158 0.413816
v 0.006506 1.467580 0.413194
v 0.018423 1.467977 0.412886
v -0.007249 1.494727 0.438436
v 0.005137 1.495042 0.437933
v 0.016925 1.495368 0.437700
v -0.008251 1.520146 0.461845
v 0.003952 1.520356 0.461446
v 0.015573 1.520618 0.461281
v -0.003072 1.406564 0.363050
v -0.001448 1.374047 0.337955
v 0.000211 1.340386 0.313749
v 0.009641 1.407217 0.362173
v 0.011332 1.374811 0.336955
v 0.013052 1.341248 0.312641
v 0.021737 1.407759 0.361701
v 0.023492 1.375421 0.336405
v 0.025270 1.341925 0.312019
v -1.394434 -0.303255 -0.083079
v -1.446323 -0.346684 -0.082403
v -1.495703 -0.390502 -0.082260
v -1.541814 -0.434420 -0.082786
v -1.408194 -0.269833 -0.075570
v -1.420492 -0.235013 -0.067150
v -1.430553 -0.198416 -0.057758
v -1.340791 -0.260507 -0.084150
v -1.285965 -0.218980 -0.085586
v -1.230529 -0.179218 -0.087359
v -1.379991 -0.335664 -0.089737
v -1.365294 -0.367161 -0.095585
v -1.350776 -0.397856 -0.100662
v -1.432042 -0.379015 -0.089130
v -1.481531 -0.422550 -0.089014
v -1.527760 -0.465816 -0.089478
v -1.417470 -0.410311 -0.095041
v -1.467078 -0.453463 -0.094946
v -1.513445 -0.496076 -0.095360
v -1.403042 -0.440731 -0.100179
v -1.452753 -0.483463 -0.100103
v -1.499255 -0.525450 -0.100487
v -1.459884 -0.313152 -0.074814
v -1.471597 -0.277705 -0.066281
v -1.480341 -0.239626 -0.056718
v -1.509174 -0.357097 -0.074630
v -1.520637 -0.321243 -0.065975
v -1.528779 -0.281841 -0.056144
v -1.555221 -0.401628 -0.075229
v -1.566917 -0.366010 -0.066525
v -1.575840 -0.326125 -0.056394
v -1.354951 -0.227176 -0.076684
v -1.300631 -0.185729 -0.078158
v -1.245710 -0.146036 -0.079999
v -1.368017 -0.192778 -0.068287
v -1.314533 -0.151597 -0.069752
v -1.260404 -0.112059 -0.071600
v -1.379446 -0.157138 -0.058905
v -1.327275 -0.116513 -0.060299
v -1.274295 -0.077253 -0.062079
v -1.326079 -0.292946 -0.090743
v -1.311217 -0.324566 -0.096511
v -1.296612 -0.355429 -0.101501
v -1.270932 -0.251420 -0.092102
v -1.255892 -0.283095 -0.097766
v -1.241206 -0.314049 -0.102646
v -1.215176 -0.211638 -0.093765
v -1.199966 -0.243324 -0.099300
v -1.185214 -0.274312 -0.104045
v -0.710991 1.008335 0.242725
v -0.740111 0.995549 0.246218
v -0.769470 0.980798 0.249239
v -0.799448 0.963411 0.251329
v -0.708561 1.046441 0.268107
v -0.704473 1.083819 0.293173
v -0.698070 1.120366 0.317509
v -0.681730 1.019811 0.239226
v -0.652077 1.030261 0.235913
v -0.621775 1.039975 0.232977
v -0.712415 0.969597 0.217443
v -0.713142 0.930495 0.192597
v -0.713483 0.891301 0.168525
v -0.741976 0.957371 0.220580
v -0.771845 0.943362 0.223482
v -0.802350 0.927093 0.225866
v -0.743251 0.918838 0.195444
v -0.773842 0.905496 0.198291
v -0.805251 0.890088 0.200977
v -0.744204 0.880182 0.171125
v -0.775653 0.867427 0.173953
v -0.808200 0.852679 0.176926
v -0.737384 1.033131 0.272034
v -0.732834 1.070213 0.297561
v -0.725502 1.106890 0.322322
v -0.766529 1.017570 0.275274
v -0.761724 1.054159 0.301203
v -0.753764 1.091048 0.326644
v -0.796494 0.998770 0.277104
v -0.791914 1.034319 0.303195
v -0.784137 1.071215 0.329607
v -0.679563 1.058484 0.264210
v -0.650144 1.069492 0.260522
v -0.620058 1.079703 0.257221
v -0.675868 1.096318 0.288945
v -0.646790 1.107855 0.285009
v -0.617014 1.118587 0.281498
v -0.670178 1.133092 0.313078
v -0.641661 1.145085 0.309079
v -0.612348 1.156361 0.305564
v -0.682828 0.980506 0.214352
v -0.683182 0.940857 0.189912
v -0.683115 0.901142 0.166231
v -0.652938 0.990425 0.211483
v -0.653049 0.950266 0.187523
v -0.652727 0.910066 0.164325
v -0.622464 0.999675 0.209009
v -0.622423 0.959071 0.185564
v -0.621947 0.918430 0.162885
v -0.020322 1.612077 0.550870
v -0.032455 1.612308 0.551424
v -0.045728 1.612585 0.552092
v -0.009101 1.611923 0.550452
v 0.001429 1.611876 0.550195
v 0.011497 1.611968 0.550122
v -0.021101 1.597677 0.536509
v -0.021640 1.581598 0.520762
v -0.021888 1.563506 0.503350
v -0.033765 1.597858 0.537017
v -0.047644 1.598069 0.537617
v -0.062978 1.598270 0.538277
v -0.034786 1.581713 0.521257
v -0.049218 1.581837 0.521825
v -0.065189 1.581929 0.522435
v -0.035464 1.563533 0.503869
v -0.050384 1.563545 0.504455
v -0.066916 1.563504 0.505068
v -0.008632 1.624960 0.563654
v 0.001447 1.624902 0.563365
v 0.011095 1.624982 0.563273
v -0.009413 1.597557 0.536120
v -0.009523 1.581528 0.520376
v -0.009391 1.563503 0.502937
v 0.001542 1.597533 0.535879
v 0.001819 1.581538 0.520134
v 0.002290 1.563565 0.502670
v 0.012002 1.597639 0.535816
v 0.012637 1.581670 0.520067
v 0.013426 1.563729 0.502588
v -0.424291 1.381457 0.413822
v -0.452729 1.372178 0.415472
v -0.480921 1.361551 0.416768
v -0.508956 1.349300 0.417496
v -0.415552 1.413426 0.436972
v -0.405487 1.443918 0.459511
v -0.393890 1.472884 0.481216
v -0.395519 1.389666 0.412027
v -0.366425 1.396899 0.410161
v -0.337017 1.403249 0.408297
v -0.431908 1.348055 0.390282
v -0.438425 1.313348 0.366521
v -0.443862 1.277459 0.342712
v -0.461587 1.339165 0.391915
v -0.490844 1.329158 0.393370
v -0.519648 1.317873 0.394551
v -0.469324 1.304823 0.368140
v -0.499711 1.295352 0.369739
v -0.529476 1.284839 0.371304
v -0.475881 1.269234 0.344276
v -0.507355 1.260193 0.345961
v -0.538129 1.250268 0.347799
v -0.442807 1.403781 0.438685
v -0.431512 1.434048 0.461315
v -0.418535 1.463058 0.483134
v -0.470107 1.392478 0.439850
v -0.457932 1.422253 0.462467
v -0.497712 1.379044 0.440095
v -0.388079 1.421888 0.435089
v -0.360321 1.429271 0.433131
v -0.332213 1.435677 0.431191
v -0.379360 1.452517 0.457533
v -0.352994 1.459958 0.455492
v -0.326241 1.466349 0.453498
v -0.369207 1.481415 0.479140
v -0.344290 1.488759 0.477026
v -0.318937 1.495021 0.474989
v -0.401839 1.355985 0.388566
v -0.407123 1.321017 0.364901
v -0.411455 1.284929 0.341231
v -0.371453 1.363042 0.386807
v -0.375539 1.327910 0.363282
v -0.378814 1.291713 0.339802
v -0.340822 1.369308 0.385046
v -0.343792 1.334101 0.361666
v -0.346094 1.297871 0.338389
v -2.088424 -1.748535 -0.168833
v -2.089397 -1.734011 -0.167967
v -2.089377 -1.715229 -0.167417
v -2.099842 -1.701166 -0.165850
v -2.088761 -1.692478 -0.167111
v -2.091823 -1.787657 -0.171560
v -2.086109 -1.792658 -0.174021
v -2.086059 -1.758513 -0.170084
v -2.078341 -1.769009 -0.173515
v -1.756525 -1.276970 -0.186423
v -1.752467 -1.300851 -0.192866
v -1.748709 -1.324422 -0.199513
v -1.745150 -1.347784 -0.206296
v -1.784534 -1.314088 -0.188896
v -1.812392 -1.352475 -0.191161
v -1.839750 -1.391988 -0.193158
v -1.760982 -1.252673 -0.180252
v -1.765992 -1.227917 -0.174408
v -1.771705 -1.202653 -0.168945
v -1.728716 -1.241258 -0.183807
v -1.701459 -1.207092 -0.181109
v -1.675101 -1.174607 -0.178391
v -1.724396 -1.264823 -0.190348
v -1.720415 -1.288138 -0.197092
v -1.716664 -1.311284 -0.203974
v -1.696884 -1.230337 -0.187763
v -1.692670 -1.253364 -0.194630
v -1.688698 -1.276243 -0.201637
v -1.670337 -1.197596 -0.185170
v -1.665937 -1.220383 -0.192172
v -1.661779 -1.243033 -0.199323
v -1.780700 -1.338211 -0.195265
v -1.808692 -1.376695 -0.197487
v -1.836041 -1.416101 -0.199477
v -1.777091 -1.361926 -0.201846
v -1.805098 -1.400370 -0.204043
v -1.832272 -1.439465 -0.206057
v -1.773630 -1.385372 -0.208568
v -1.801576 -1.423677 -0.210753
v -1.828459 -1.462330 -0.212812
v -1.788666 -1.289421 -0.182808
v -1.793278 -1.264194 -0.177047
v -1.798548 -1.238380 -0.171659
v -1.816234 -1.327518 -0.185143
v -1.820438 -1.301846 -0.179463
v -1.825220 -1.275475 -0.174155
v -1.843374 -1.366877 -0.187190
v -1.847189 -1.340837 -0.181588
v -1.851462 -1.313936 -0.176368
v -1.733494 -1.217356 -0.177540
v -1.706512 -1.183552 -0.174737
v -1.680348 -1.151344 -0.171909
v -1.738861 -1.193057 -0.171610
v -1.712169 -1.159652 -0.168717
v -1.686199 -1.127744 -0.165799
v -1.744955 -1.168299 -0.166077
v -1.718558 -1.135325 -0.163120
v -1.692777 -1.103736 -0.160136
v -1.811738 -1.069706 -0.148060
v -1.836299 -1.101800 -0.150744
v -1.860393 -1.135028 -0.153297
v -1.883772 -1.169659 -0.155701
v -1.820455 -1.043045 -0.144813
v -1.828593 -1.016799 -0.141711
v -1.835715 -0.991117 -0.138676
v -1.786959 -1.038468 -0.145262
v -1.762136 -1.008017 -0.142392
v -1.737442 -0.978282 -0.139494
v -1.802871 -1.096632 -0.151525
v -1.794146 -1.123606 -0.155278
v -1.785851 -1.150411 -0.159388
v -1.827890 -1.129647 -0.154272
v -1.852477 -1.163852 -0.156871
v -1.876400 -1.199397 -0.159282
v -1.819618 -1.157410 -0.158061
v -1.844715 -1.192458 -0.160675
v -1.869208 -1.228834 -0.163071
v -1.811774 -1.184907 -0.162177
v -1.837392 -1.220698 -0.164778
v -1.862472 -1.257829 -0.167135
v -1.844550 -1.074052 -0.147408
v -1.852064 -1.046449 -0.144181
v -1.858259 -1.019040 -0.140984
v -1.868177 -1.106136 -0.149886
v -1.875168 -1.077047 -0.146539
v -1.880708 -1.047634 -0.143154
v -1.891054 -1.139760 -0.152261
v -1.897689 -1.109284 -0.148823
v -1.903120 -1.077813 -0.145252
v -1.796173 -1.012651 -0.142095
v -1.771836 -0.982814 -0.139289
v -1.747577 -0.953473 -0.136442
v -1.804969 -0.987408 -0.139086
v -1.781280 -0.958256 -0.136348
v -1.757617 -0.929316 -0.133541
v -1.813015 -0.962952 -0.136162
v -1.790210 -0.934582 -0.133489
v -1.767346 -0.906048 -0.130703
v -1.777653 -1.064650 -0.148664
v -1.768529 -1.090960 -0.152374
v -1.759857 -1.117164 -0.156465
v -1.752437 -1.033632 -0.145735
v -1.742986 -1.059412 -0.149400
v -1.734026 -1.085117 -0.153466
v -1.727425 -1.003503 -0.142786
v -1.717737 -1.028897 -0.146408
v -1.708591 -1.054228 -0.150449
v -1.614055 -0.834617 -0.126015
v -1.624746 -0.809187 -0.122994
v -1.636016 -0.783986 -0.119997
v -1.647780 -0.759129 -0.116884
v -1.585810 -0.804448 -0.123794
v -1.554917 -0.772876 -0.121821
v -1.520747 -0.739509 -0.120132
v -1.604023 -0.860170 -0.129202
v -1.594738 -0.885729 -0.132693
v -1.586280 -0.911183 -0.136629
v -1.640275 -0.863784 -0.128445
v -1.665098 -0.892337 -0.131046
v -1.689151 -0.920675 -0.133781
v -1.651043 -0.838724 -0.125429
v -1.662274 -0.814009 -0.122472
v -1.673866 -0.789785 -0.119441
v -1.675869 -0.867560 -0.128038
v -1.686979 -0.843232 -0.125115
v -1.698303 -0.819533 -0.122162
v -1.699830 -0.896056 -0.130772
v -1.710714 -0.871977 -0.127877
v -1.721650 -0.848642 -0.124985
v -1.596375 -0.778587 -0.120774
v -1.565321 -0.746564 -0.118816
v -1.530982 -0.712756 -0.117165
v -1.607619 -0.752841 -0.117744
v -1.576497 -0.720252 -0.115764
v -1.542068 -0.685898 -0.114111
v -1.619476 -0.727287 -0.114554
v -1.588391 -0.693984 -0.112509
v -1.553959 -0.658948 -0.110811
v -1.575992 -0.830344 -0.126953
v -1.566988 -0.856202 -0.130396
v -1.558865 -0.881942 -0.134273
v -1.545333 -0.799144 -0.124931
v -1.536625 -0.825325 -0.128302
v -1.528848 -0.851373 -0.132088
v -1.511399 -0.766143 -0.123170
v -1.502982 -0.792645 -0.126437
v -1.495536 -0.819001 -0.130093
v -1.630074 -0.889042 -0.131649
v -1.654794 -0.917387 -0.134262
v -1.678826 -0.945629 -0.137011
v -1.620544 -0.914356 -0.135171
v -1.645077 -0.942533 -0.137806
v -1.669008 -0.970716 -0.140573
v -1.611786 -0.939577 -0.139143
v -1.636078 -0.967600 -0.141799
v -1.659848 -0.995731 -0.144578
v -0.365277 1.526049 0.521232
v -0.328990 1.556696 0.537132
v -0.343963 1.533468 0.518972
v -0.294216 1.582980 0.551971
v -0.308799 1.562304 0.534826
v -0.322156 1.539895 0.516724
v -0.274583 1.587010 0.549740
v -0.287751 1.567127 0.532647
v -0.299671 1.545377 0.514598
v -1.812857 -1.519068 -0.150785
v -1.841127 -1.546901 -0.154313
v -1.869295 -1.575034 -0.158011
v -1.897392 -1.603366 -0.161821
v -1.783614 -1.432213 -0.145211
v -1.784447 -1.491634 -0.147483
v -1.899763 -1.659218 -0.161945
v -1.928907 -1.686825 -0.165495
v -1.810864 -1.460639 -0.148991
v -1.837957 -1.489401 -0.152963
v -1.756155 -1.404233 -0.141687
v -1.728433 -1.376809 -0.138482
v -0.101214 -0.562160 -0.090821
v -0.136422 -0.506570 -0.088257
v -0.660491 1.222496 0.381621
v -0.675703 1.190567 0.362337
v -0.591388 1.301269 0.414414
v -0.564902 1.318804 0.416400
v -0.625231 1.261309 0.395811
v -0.638282 1.233927 0.378138
v -0.650977 1.202615 0.358112
v -0.601898 1.275903 0.395788
v -0.613485 1.246965 0.375932
v -0.624665 1.215091 0.354764
v -0.575763 1.290840 0.395706
v -0.586703 1.260307 0.374259
v -0.596958 1.227510 0.352074
v -0.554888 1.343886 0.436323
v -1.432153 -0.010964 -0.005469
v -1.436879 -0.039099 -0.013390
v -1.440537 -0.077262 -0.024175
v -1.440851 -0.118361 -0.035814
v -1.450031 -0.012468 -0.000442
v -1.471889 -0.014713 0.005990
v -1.492441 -0.017211 0.012363
v -1.408810 0.018516 -0.002656
v -1.374022 0.057569 0.000235
v -1.331970 0.098529 0.001867
v -1.402609 -0.008800 -0.013535
v -1.399653 -0.043530 -0.025066
v -1.395223 -0.081414 -0.036958
v -1.364029 0.027723 -0.012652
v -1.355904 -0.006587 -0.025498
v -1.347692 -0.043195 -0.037998
v -1.320052 0.066185 -0.012470
v -1.309138 0.031283 -0.026291
v -1.298414 -0.005022 -0.039337
v -1.467923 -0.058888 -0.010484
v -1.495899 -0.072225 -0.006076
v -1.520959 -0.083178 -0.001424
v -1.478703 -0.105503 -0.022005
v -1.513673 -0.129291 -0.019070
v -1.544965 -0.149665 -0.015887
v -1.484417 -0.152717 -0.034163
v -1.525862 -0.185254 -0.032331
v -1.565131 -0.216739 -0.030644
v -1.422978 0.034160 0.007280
v -1.387841 0.080779 0.012857
v -1.345702 0.127168 0.016465
v -1.440995 0.042601 0.016464
v -1.403648 0.098859 0.025018
v -1.360285 0.153197 0.031328
v -1.458744 0.048307 0.025084
v -1.419604 0.113306 0.036524
v -1.374753 0.177714 0.046459
v -1.887632 -0.777260 -0.109359
v -0.943400 0.846226 0.241831
v -0.954619 0.822990 0.230022
v -0.969156 0.791005 0.213783
v -0.984451 0.755417 0.195854
v -0.952270 0.849789 0.250541
v -0.922911 0.865904 0.244876
v -0.894334 0.891761 0.248316
v -0.862779 0.918113 0.250857
v -0.928657 0.840237 0.227833
v -0.938865 0.808869 0.209691
v -0.950431 0.774147 0.190546
v -0.898820 0.862570 0.227897
v -0.905999 0.829818 0.207162
v -0.914566 0.794774 0.186387
v -0.866594 0.885885 0.227948
v -0.871853 0.851539 0.205225
v -0.878084 0.815764 0.182990
v -0.975213 0.814938 0.236729
v -0.995582 0.778531 0.220408
v -1.018478 0.769889 0.228420
v -1.015399 0.740122 0.202699
v -1.042932 0.727809 0.210368
v -0.924729 0.883525 0.260722
v -0.893848 0.916113 0.268139
v -0.860880 0.947528 0.273659
v -0.930729 0.895889 0.275478
v -0.895777 0.936535 0.286993
v -0.859577 0.975083 0.296244
v -0.857554 1.001735 0.318510
v -1.055705 0.569360 0.109417
v -1.103490 0.547567 0.118128
v -1.148353 0.526779 0.126679
v -1.188615 0.507936 0.134710
v -1.043014 0.606931 0.125779
v -1.029367 0.644114 0.142494
v -1.014942 0.681117 0.159671
v -1.006679 0.591219 0.100899
v -0.957686 0.612480 0.092875
v -0.909996 0.632473 0.085641
v -1.067264 0.531192 0.093299
v -1.076973 0.492662 0.077325
v -1.084105 0.454005 0.061401
v -1.118538 0.507877 0.102205
v -1.167155 0.485218 0.110899
v -1.211005 0.464499 0.119057
v -1.131531 0.467744 0.086304
v -1.184202 0.442656 0.094999
v -1.232893 0.418574 0.103071
v -1.141330 0.427652 0.070307
v -1.198338 0.399386 0.078782
v -1.254049 0.369300 0.086374
v -1.087521 0.586328 0.134193
v -1.070683 0.624561 0.150540
v -1.053017 0.662670 0.167313
v -1.128952 0.567042 0.142534
v -1.108830 0.606636 0.158648
v -1.087867 0.646206 0.175204
v -1.165951 0.549735 0.150410
v -1.142721 0.590770 0.166379
v -1.118632 0.631914 0.182844
v -0.996781 0.628184 0.117681
v -0.950130 0.649263 0.110120
v -0.904373 0.669350 0.103317
v -0.985976 0.664863 0.134941
v -0.941809 0.685842 0.128003
v -0.898167 0.706084 0.121797
v -0.974495 0.701353 0.152777
v -0.932951 0.722256 0.146616
v -0.891579 0.742708 0.141172
v -1.015440 0.553875 0.084505
v -1.022613 0.516231 0.068407
v -1.027750 0.478367 0.052517
v -0.964237 0.575443 0.076178
v -0.969496 0.538155 0.059940
v -0.973177 0.500615 0.044074
v -0.914828 0.595416 0.068673
v -0.918667 0.558147 0.052321
v -0.921307 0.520630 0.036491
v -1.849409 -0.642434 -0.093606
v -1.822098 -0.597178 -0.084616
v -1.839577 -0.644681 -0.091425
v -1.856144 -0.690210 -0.097696
v -2.049233 -1.865474 -0.199296
v -2.036361 -1.890639 -0.208536
v -2.024107 -1.911881 -0.217058
v -2.011803 -1.932255 -0.225538
v -2.055842 -1.914172 -0.201540
v -2.061906 -1.956248 -0.202931
v -2.067598 -1.995675 -0.203977
v -2.063396 -1.866207 -0.192786
v -2.074671 -1.864104 -0.187592
v -2.084887 -1.860620 -0.182925
v -2.051608 -1.824280 -0.192823
v -2.052821 -1.794012 -0.187921
v -2.053537 -1.769408 -0.183757
v -2.037453 -1.833322 -0.201166
v -2.028318 -1.804701 -0.202039
v -2.019748 -1.776366 -0.202365
v -2.028257 -1.855942 -0.208759
v -2.017071 -1.876638 -0.217022
v -2.005494 -1.896615 -0.225405
v -2.019494 -1.823759 -0.209253
v -2.009286 -1.842516 -0.217094
v -1.998388 -1.861215 -0.225273
v -2.010783 -1.792227 -0.209398
v -2.000911 -1.808871 -0.217025
v -1.990434 -1.826035 -0.225047
v -2.043089 -1.929720 -0.209206
v -2.048870 -1.969972 -0.210247
v -2.054132 -2.008188 -0.211136
v -2.030242 -1.948895 -0.217451
v -2.035629 -1.986272 -0.218047
v -2.068435 -1.905791 -0.194961
v -2.080511 -1.900988 -0.189218
v -2.091706 -1.896178 -0.184055
v -2.074660 -1.946538 -0.196337
v -2.080741 -1.985701 -0.197347
v -2.060865 -1.830537 -0.189377
v -2.059632 -1.799463 -0.185541
v -2.058484 -1.773665 -0.182082
v -2.070137 -1.830445 -0.185298
v -2.066549 -1.800523 -0.182673
v -2.063544 -1.774851 -0.180045
v -2.078743 -1.828100 -0.181427
v -2.073306 -1.799043 -0.179685
v -2.043049 -1.807574 -0.194797
v -2.035059 -1.785102 -0.195747
v -2.027503 -1.761548 -0.196124
v -2.046390 -1.782319 -0.189441
v -2.040194 -1.766353 -0.190284
v -2.034092 -1.748082 -0.190631
v -2.048813 -1.761179 -0.184894
v -2.039561 -1.736276 -0.185850
v -1.846880 -0.885639 -0.124468
v -1.847522 -0.899801 -0.126595
v -1.847201 -0.919652 -0.129449
v -1.845189 -0.942049 -0.132510
v -1.855006 -0.889426 -0.124321
v -1.864969 -0.894404 -0.124012
v -1.874310 -0.899235 -0.123513
v -1.837839 -0.867816 -0.122468
v -1.824582 -0.843035 -0.119612
v -1.808870 -0.814822 -0.116295
v -1.833392 -0.879787 -0.124661
v -1.829940 -0.897042 -0.127355
v -1.825548 -0.917231 -0.130265
v -1.818032 -0.855422 -0.122045
v -1.811923 -0.871720 -0.124789
v -1.805485 -0.890831 -0.127690
v -1.800907 -0.828016 -0.118987
v -1.793054 -0.844315 -0.121878
v -1.785031 -0.863138 -0.124864
v -1.860945 -0.914154 -0.127604
v -1.873430 -0.924827 -0.127966
v -1.884746 -0.933804 -0.127968
v -1.863808 -0.938925 -0.130937
v -1.879396 -0.955355 -0.131909
v -1.893599 -0.969442 -0.132451
v -1.864376 -0.965000 -0.134349
v -1.883039 -0.986542 -0.135833
v -1.901110 -1.007131 -0.137013
v -1.845208 -0.863480 -0.121061
v -1.832350 -0.835660 -0.117649
v -1.817226 -0.805311 -0.113907
v -1.853835 -0.863535 -0.120048
v -1.840513 -0.831792 -0.115995
v -1.825493 -0.798745 -0.111776
v -1.862048 -0.864742 -0.119039
v -1.848246 -0.829925 -0.114499
v -1.833188 -0.794390 -0.109850
v -0.163673 1.597549 0.542162
v -0.170548 1.580163 0.525687
v -0.176439 1.560612 0.508034
v -0.186566 1.596545 0.543238
v -0.209485 1.595070 0.544500
v -0.232050 1.593040 0.545979
v -0.194614 1.578804 0.526608
v -0.218762 1.576907 0.527720
v -0.242596 1.574389 0.529068
v -0.201587 1.558917 0.508863
v -0.226883 1.556636 0.509884
v -0.251929 1.553678 0.511148
v -0.141189 1.598161 0.541232
v -0.146954 1.581069 0.524916
v -0.151841 1.561817 0.507349
v -0.119495 1.598460 0.540414
v -0.124229 1.581613 0.524248
v -0.128190 1.562617 0.506759
v -0.098975 1.598525 0.539674
v -0.102764 1.581881 0.523642
v -0.105887 1.563104 0.506215
v -0.188904 1.424644 0.400531
v -0.217762 1.421533 0.401902
v -0.247341 1.417895 0.403336
v -0.277301 1.413672 0.404863
v -0.188298 1.456327 0.423827
v -0.186932 1.486085 0.446562
v -0.184622 1.513597 0.468400
v -0.161103 1.427285 0.399197
v -0.134701 1.429511 0.397871
v -0.110032 1.431379 0.396525
v -0.188932 1.391351 0.377014
v -0.188566 1.356767 0.353613
v -0.187986 1.321207 0.330665
v -0.218249 1.388005 0.378541
v -0.248413 1.384175 0.380089
v -0.279108 1.379810 0.381676
v -0.218274 1.353200 0.355249
v -0.248947 1.349181 0.356861
v -0.280288 1.344681 0.358460
v -0.218031 1.317425 0.332336
v -0.249142 1.313226 0.333937
v -0.281042 1.308583 0.335477
v -0.216619 1.453463 0.425021
v -0.214624 1.483485 0.447587
v -0.211584 1.511279 0.469290
v -0.245529 1.450037 0.426318
v -0.242777 1.480292 0.448749
v -0.238886 1.508349 0.470344
v -0.274671 1.445975 0.427756
v -0.271016 1.476423 0.450093
v -0.266140 1.504719 0.471613
v -0.160926 1.458694 0.422700
v -0.134861 1.460630 0.421604
v -0.110461 1.462203 0.420504
v -0.160078 1.488167 0.445632
v -0.134438 1.489808 0.444753
v -0.110390 1.491089 0.443883
v -0.158393 1.515387 0.467629
v -0.133286 1.516740 0.466925
v -0.109691 1.517735 0.466241
v -0.160779 1.394256 0.375489
v -0.160117 1.359921 0.351942
v -0.159287 1.324595 0.328922
v -0.134105 1.396764 0.373946
v -0.133226 1.362694 0.350225
v -0.132210 1.327615 0.327101
v -0.109230 1.398917 0.372367
v -0.108188 1.365120 0.348450
v -0.107034 1.330292 0.325196
v -0.185505 1.135037 0.229402
v -0.216678 1.130370 0.229718
v -0.249105 1.125242 0.229804
v -0.282533 1.119627 0.229679
v -0.186087 1.173629 0.248107
v -0.186529 1.211374 0.267408
v -0.186926 1.248436 0.287483
v -0.155838 1.139264 0.228834
v -0.127932 1.143074 0.227993
v -0.102040 1.146494 0.226858
v -0.184681 1.095423 0.211115
v -0.183517 1.054621 0.193069
v -0.181915 1.012456 0.175085
v -0.215976 1.090655 0.210991
v -0.248526 1.085406 0.210622
v -0.282074 1.079649 0.210038
v -0.214898 1.049792 0.192512
v -0.247535 1.044472 0.191702
v -0.281169 1.038635 0.190682
v -0.213345 1.007616 0.174129
v -0.246037 1.002291 0.172920
v -0.279735 0.996457 0.171516
v -0.217104 1.169098 0.248843
v -0.217352 1.207005 0.268517
v -0.217523 1.244254 0.288889
v -0.249367 1.164129 0.249369
v -0.249407 1.202222 0.269444
v -0.249318 1.239667 0.290149
v -0.282627 1.158701 0.249701
v -0.282442 1.197002 0.270196
v -0.282061 1.234663 0.291262
v -0.156573 1.177744 0.247149
v -0.128810 1.181453 0.245958
v -0.103052 1.184788 0.244520
v -0.157192 1.215341 0.266113
v -0.129591 1.218927 0.264623
v -0.103980 1.222146 0.262934
v -0.157788 1.252234 0.285926
v -0.130360 1.255662 0.284217
v -0.104903 1.258739 0.282352
v -0.154893 1.099735 0.210962
v -0.153645 1.058984 0.193330
v -0.152000 1.016834 0.175734
v -0.126872 1.103616 0.210500
v -0.125542 1.062908 0.193252
v -0.123859 1.020777 0.176020
v -0.100868 1.107094 0.209698
v -0.099463 1.066420 0.192791
v -0.097746 1.024307 0.175887
v -0.165864 0.781069 0.083811
v -0.197009 0.776942 0.081913
v -0.229647 0.772677 0.079882
v -0.263585 0.768321 0.077835
v -0.169943 0.829106 0.101793
v -0.173688 0.876674 0.120127
v -0.176999 0.923362 0.138596
v -0.136408 0.785011 0.085465
v -0.108837 0.788723 0.086758
v -0.083347 0.792156 0.087576
v -0.161552 0.732972 0.066395
v -0.157106 0.685228 0.049759
v -0.152629 0.638245 0.034117
v -0.192561 0.729072 0.064464
v -0.225138 0.725139 0.062432
v -0.259109 0.721237 0.060429
v -0.187964 0.681554 0.047813
v -0.220469 0.677949 0.045800
v -0.254465 0.674497 0.043852
v -0.183326 0.634785 0.032164
v -0.215747 0.631485 0.030168
v -0.249757 0.628451 0.028272
v -0.201204 0.824764 0.099961
v -0.205040 0.872138 0.118408
v -0.208413 0.918672 0.137052
v -0.233888 0.820183 0.097964
v -0.237756 0.867276 0.116493
v -0.241142 0.913578 0.135286
v -0.267786 0.815388 0.095906
v -0.271607 0.862091 0.114475
v -0.274942 0.908073 0.133377
v -0.140320 0.833185 0.103358
v -0.112550 0.836972 0.104549
v -0.086847 0.840441 0.105265
v -0.143929 0.880873 0.121557
v -0.115996 0.884725 0.122605
v -0.090114 0.888225 0.123183
v -0.147142 0.927656 0.139836
v -0.119085 0.931559 0.140693
v -0.093070 0.935081 0.141087
v -0.132287 0.736770 0.068105
v -0.128048 0.688880 0.051502
v -0.123790 0.641762 0.035885
v -0.104940 0.740400 0.069467
v -0.100947 0.692429 0.052911
v -0.096941 0.645229 0.037325
v -0.079690 0.743794 0.070358
v -0.075953 0.695782 0.053850
v -0.072215 0.648543 0.038296
v -0.132124 0.424036 -0.025230
v -0.161928 0.421160 -0.027431
v -0.193752 0.418683 -0.029667
v -0.227543 0.416756 -0.031771
v -0.135953 0.464112 -0.015640
v -0.139901 0.505471 -0.005052
v -0.143985 0.548211 0.006675
v -0.104385 0.427163 -0.023235
v -0.078759 0.430383 -0.021616
v -0.055292 0.433547 -0.020543
v -0.128399 0.385148 -0.033963
v -0.124759 0.347342 -0.041984
v -0.121189 0.310520 -0.049431
v -0.157986 0.382310 -0.036247
v -0.189617 0.379881 -0.038576
v -0.223254 0.378019 -0.040777
v -0.154106 0.344530 -0.044350
v -0.185507 0.342131 -0.046772
v -0.218931 0.340303 -0.049068
v -0.150269 0.307726 -0.051878
v -0.181393 0.305344 -0.054387
v -0.214538 0.303533 -0.056769
v -0.165956 0.461177 -0.017765
v -0.170088 0.502452 -0.007110
v -0.174346 0.545080 0.004671
v -0.197937 0.458620 -0.019916
v -0.202202 0.499782 -0.009187
v -0.206574 0.542256 0.002648
v -0.231836 0.456592 -0.021927
v -0.236167 0.497605 -0.011124
v -0.240574 0.539867 0.000762
v -0.107988 0.467280 -0.013707
v -0.082124 0.470531 -0.012132
v -0.058418 0.473716 -0.011079
v -0.111716 0.508694 -0.003176
v -0.085612 0.511985 -0.001639
v -0.061663 0.515196 -0.000606
v -0.115584 0.551512 0.008505
v -0.089237 0.554849 0.010004
v -0.065036 0.558092 0.011020
v -0.100893 0.388242 -0.031902
v -0.097498 0.350413 -0.039852
v -0.094187 0.313576 -0.047229
v -0.075506 0.391438 -0.030236
v -0.072352 0.353590 -0.038136
v -0.069287 0.316737 -0.045460
v -0.052274 0.394582 -0.029142
v -0.049353 0.356717 -0.037017
v -0.046516 0.319847 -0.044311
v -0.104021 0.138446 -0.081630
v -0.131301 0.135734 -0.084342
v -0.160325 0.133441 -0.087040
v -0.191032 0.131723 -0.089492
v -0.107361 0.171385 -0.075767
v -0.110752 0.205037 -0.069617
v -0.114192 0.239429 -0.063176
v -0.078556 0.141425 -0.079137
v -0.054967 0.144511 -0.077096
v -0.033323 0.147547 -0.075740
v -0.100742 0.106201 -0.087205
v -0.097526 0.074628 -0.092491
v -0.094380 0.043700 -0.097489
v -0.127611 0.103509 -0.089931
v -0.156134 0.101238 -0.092620
v -0.186229 0.099547 -0.095030
v -0.123987 0.071953 -0.095218
v -0.152007 0.069705 -0.097885
v -0.181491 0.068042 -0.100245
v -0.120442 0.041047 -0.100200
v -0.147970 0.038822 -0.102834
v -0.176854 0.037184 -0.105137
v -0.135042 0.168652 -0.078450
v -0.138823 0.202288 -0.072257
v -0.142631 0.236663 -0.065764
v -0.164558 0.166337 -0.081143
v -0.168805 0.199952 -0.074931
v -0.173043 0.234309 -0.068400
v -0.195854 0.164596 -0.083624
v -0.200656 0.198190 -0.077421
v -0.205399 0.232527 -0.070881
v -0.081565 0.174380 -0.073317
v -0.057708 0.177480 -0.071322
v -0.035842 0.180530 -0.070007
v -0.084634 0.208048 -0.067219
v -0.060509 0.211164 -0.065278
v -0.038419 0.214230 -0.064007
v -0.087761 0.242454 -0.060839
v -0.063372 0.245589 -0.058956
v -0.041056 0.248666 -0.057731
v -0.075607 0.109162 -0.084682
v -0.072720 0.077569 -0.089954
v -0.069896 0.046623 -0.094954
v -0.052287 0.112231 -0.082604
v -0.049664 0.080624 -0.087853
v -0.047098 0.049659 -0.092847
v -0.030860 0.115254 -0.081214
v -0.028452 0.083632 -0.086439
v -0.026096 0.052653 -0.091423
v -0.079824 -0.101593 -0.117945
v -0.104206 -0.104306 -0.120290
v -0.129718 -0.106574 -0.122565
v -0.156198 -0.108239 -0.124535
v -0.082581 -0.073824 -0.114514
v -0.085413 -0.045390 -0.110732
v -0.088322 -0.016309 -0.106620
v -0.056733 -0.098600 -0.115758
v -0.035091 -0.095486 -0.113960
v -0.015059 -0.092413 -0.112782
v -0.077142 -0.128672 -0.121002
v -0.074530 -0.155041 -0.123668
v -0.071987 -0.180677 -0.125918
v -0.101254 -0.131527 -0.123202
v -0.126457 -0.133930 -0.125337
v -0.152590 -0.135714 -0.127190
v -0.098393 -0.158120 -0.125688
v -0.123319 -0.160734 -0.127653
v -0.149148 -0.162708 -0.129353
v -0.095618 -0.184080 -0.127725
v -0.120301 -0.186995 -0.129482
v -0.145868 -0.189241 -0.130990
v -0.107253 -0.076459 -0.116979
v -0.110397 -0.047995 -0.113290
v -0.113641 -0.018920 -0.109248
v -0.133103 -0.078656 -0.119362
v -0.136618 -0.050168 -0.115760
v -0.140264 -0.021098 -0.111785
v -0.159975 -0.080257 -0.121423
v -0.163926 -0.051749 -0.117891
v -0.168053 -0.022688 -0.113976
v -0.059240 -0.070912 -0.112208
v -0.037384 -0.067880 -0.110300
v -0.017167 -0.064887 -0.109031
v -0.061809 -0.042507 -0.108333
v -0.039730 -0.039506 -0.106339
v -0.019325 -0.036545 -0.105000
v -0.064440 -0.013424 -0.104152
v -0.042132 -0.010421 -0.102098
v -0.021532 -0.007460 -0.100709
v -0.054286 -0.125532 -0.118962
v -0.051900 -0.151667 -0.121802
v -0.049571 -0.176968 -0.124257
v -0.032854 -0.122267 -0.117299
v -0.030668 -0.148171 -0.120300
v -0.028537 -0.173139 -0.122943
v -0.013005 -0.119051 -0.116236
v -0.011001 -0.144727 -0.119373
v -0.009052 -0.169372 -0.122174
v -0.060166 -0.298276 -0.131241
v -0.062436 -0.275924 -0.130764
v -0.064744 -0.253085 -0.130073
v -0.067099 -0.229661 -0.129090
v -0.038468 -0.290807 -0.130986
v -0.018295 -0.283505 -0.130909
v 0.000263 -0.276557 -0.131177
v -0.057924 -0.320235 -0.131591
v -0.055491 -0.341556 -0.131927
v -0.052647 -0.361989 -0.132372
v -0.083303 -0.305724 -0.131512
v -0.107624 -0.312619 -0.131632
v -0.132871 -0.318429 -0.131439
v -0.085484 -0.282083 -0.131379
v -0.087835 -0.258250 -0.131026
v -0.090327 -0.234072 -0.130362
v -0.109648 -0.287656 -0.131885
v -0.112000 -0.262835 -0.131897
v -0.114608 -0.237931 -0.131568
v -0.134735 -0.292286 -0.132114
v -0.137074 -0.266579 -0.132514
v -0.139780 -0.241024 -0.132533
v -0.040697 -0.269537 -0.130202
v -0.020390 -0.263146 -0.129865
v -0.001644 -0.256969 -0.129917
v -0.042891 -0.247602 -0.129209
v -0.022424 -0.242026 -0.128607
v -0.003490 -0.236585 -0.128439
v -0.045082 -0.224914 -0.127935
v -0.024434 -0.220048 -0.127075
v -0.005314 -0.215274 -0.126691
v -0.036174 -0.311488 -0.131630
v -0.033702 -0.331528 -0.132222
v -0.030937 -0.350866 -0.132849
v -0.016100 -0.303195 -0.131801
v -0.013746 -0.322278 -0.132605
v -0.011172 -0.340815 -0.133388
v 0.002268 -0.295468 -0.132270
v 0.004408 -0.313833 -0.133247
v 0.006724 -0.331777 -0.134162
v -0.081323 -0.329322 -0.131514
v -0.105999 -0.337941 -0.131239
v -0.131587 -0.345288 -0.130600
v -0.079147 -0.352338 -0.131552
v -0.104394 -0.363128 -0.130905
v -0.130961 -0.373180 -0.129796
v -0.076382 -0.374233 -0.131789
v -0.102429 -0.387683 -0.130830
v -0.131070 -0.402416 -0.129226
v -0.029218 -0.448255 -0.138219
v -0.034614 -0.432318 -0.136733
v -0.039903 -0.416085 -0.135314
v -0.044837 -0.399196 -0.134052
v -0.011137 -0.437833 -0.138106
v 0.005800 -0.428147 -0.138311
v 0.021471 -0.419249 -0.138929
v -0.023967 -0.464259 -0.139677
v -0.018856 -0.480437 -0.141080
v -0.013884 -0.496892 -0.142397
v -0.048321 -0.459355 -0.138554
v -0.068190 -0.470964 -0.139060
v -0.088570 -0.482913 -0.139675
v -0.054913 -0.444367 -0.136753
v -0.061459 -0.428948 -0.135025
v -0.067514 -0.412514 -0.133520
v -0.076194 -0.457106 -0.136880
v -0.084436 -0.442897 -0.134719
v -0.092424 -0.427666 -0.132754
v -0.098130 -0.470309 -0.137075
v -0.108631 -0.457845 -0.134335
v -0.119897 -0.445146 -0.131562
v -0.015623 -0.421191 -0.136853
v 0.001995 -0.410991 -0.137222
v 0.018182 -0.401718 -0.137953
v -0.019977 -0.404393 -0.135648
v -0.001670 -0.393816 -0.136159
v 0.015022 -0.384299 -0.136973
v -0.024065 -0.387217 -0.134544
v -0.005132 -0.376485 -0.135145
v 0.012031 -0.366899 -0.136006
v -0.006648 -0.454535 -0.139356
v -0.002183 -0.471415 -0.140575
v 0.002228 -0.488584 -0.141739
v 0.009676 -0.445417 -0.139398
v 0.013584 -0.462913 -0.140461
v 0.017482 -0.480744 -0.141477
v 0.024847 -0.436989 -0.139887
v 0.028271 -0.455027 -0.140814
v 0.031701 -0.473462 -0.141694
v -0.042126 -0.474505 -0.140274
v -0.060915 -0.485139 -0.141082
v -0.080125 -0.496035 -0.142028
v -0.036268 -0.489886 -0.141890
v -0.054233 -0.499655 -0.142930
v -0.072565 -0.509639 -0.144126
v -0.030686 -0.505574 -0.143373
v -0.048002 -0.514537 -0.144588
v -0.065664 -0.523686 -0.145962
v 0.093241 -0.559987 -0.149201
v 0.094915 -0.583790 -0.148702
v 0.096584 -0.607848 -0.148136
v 0.098249 -0.632077 -0.147527
v 0.085966 -0.561862 -0.147957
v 0.077954 -0.564114 -0.146790
v 0.069059 -0.566753 -0.145838
v 0.091561 -0.536528 -0.149613
v 0.089874 -0.513499 -0.149914
v 0.088176 -0.490978 -0.150083
v 0.099927 -0.558493 -0.150383
v 0.106170 -0.557369 -0.151362
v 0.112116 -0.556615 -0.152004
v 0.101382 -0.582591 -0.149661
v 0.102837 -0.606949 -0.148860
v 0.104290 -0.631480 -0.148008
v 0.107421 -0.581681 -0.150459
v 0.108673 -0.606257 -0.149465
v 0.109926 -0.631009 -0.148413
v 0.113171 -0.581059 -0.150977
v 0.114230 -0.605768 -0.149853
v 0.115292 -0.630654 -0.148665
v 0.087875 -0.585285 -0.147702
v 0.080120 -0.587080 -0.146779
v 0.071509 -0.589181 -0.146054
v 0.089775 -0.608960 -0.147391
v 0.082274 -0.610292 -0.146725
v 0.073944 -0.611846 -0.146236
v 0.091670 -0.632802 -0.147046
v 0.084420 -0.633666 -0.146644
v 0.076365 -0.634670 -0.146396
v 0.084046 -0.538773 -0.148142
v 0.082113 -0.516103 -0.148238
v 0.080162 -0.493937 -0.148226
v 0.075772 -0.541476 -0.146745
v 0.073568 -0.519247 -0.146630
v 0.071341 -0.497509 -0.146431
v 0.066586 -0.544642 -0.145578
v 0.064086 -0.522929 -0.145263
v 0.061551 -0.501691 -0.144882
v 0.098469 -0.534741 -0.151000
v 0.104921 -0.533406 -0.152149
v 0.111068 -0.532521 -0.152903
v 0.097009 -0.511424 -0.151486
v 0.103673 -0.509882 -0.152787
v 0.110025 -0.508869 -0.153642
v 0.095545 -0.488627 -0.151818
v 0.102429 -0.486883 -0.153248
v 0.108991 -0.485746 -0.154187
v -0.005141 -0.679092 -0.086612
v -0.036585 -0.683154 -0.089243
v -1.304248 0.384525 0.116846
v -1.334331 0.329485 0.100577
v -2.013262 -1.218515 -0.150067
v -2.027296 -1.256340 -0.154399
v -2.032126 -1.255580 -0.156040
v -2.033076 -1.295923 -0.154756
v -2.041474 -1.294551 -0.158228
v -2.044784 -1.334403 -0.158552
v -2.049595 -1.333815 -0.160135
v -1.623897 -0.178884 0.006248
v -1.524363 -0.021521 0.023090
v -1.576036 -0.100581 0.014336
v -1.638911 -0.249902 -0.016864
v -1.568631 -0.099256 0.010856
v -1.600610 -0.175215 -0.005208
v -1.630994 -0.249983 -0.020536
v -1.557522 -0.096463 0.007158
v -1.588598 -0.172264 -0.008852
v -1.618336 -0.249087 -0.024669
v -1.488376 0.052727 0.038674
v -1.449619 0.126282 0.053968
v -1.424647 0.196639 0.075574
v -1.408150 0.199151 0.069033
v -2.054274 -1.723555 -0.174434
v -2.054181 -1.734741 -0.177174
v -2.061593 -1.736866 -0.174235
v -2.047308 -1.718883 -0.178256
v -1.966042 -1.606462 -0.196410
v -1.953166 -1.620380 -0.204876
v -1.942963 -1.635139 -0.212764
v -1.933562 -1.650563 -0.220655
v -1.980646 -1.652351 -0.199106
v -1.991995 -1.687451 -0.200694
v -2.002051 -1.718760 -0.201701
v -1.987722 -1.626290 -0.190918
v -2.004041 -1.642267 -0.186571
v -2.017480 -1.656043 -0.182770
v -1.965356 -1.570434 -0.190033
v -1.965839 -1.540909 -0.185130
v -1.967132 -1.512500 -0.180836
v -1.940079 -1.559214 -0.197116
v -1.916042 -1.516090 -0.196892
v -1.891561 -1.473858 -0.196099
v -1.933339 -1.579567 -0.204151
v -1.924965 -1.596950 -0.211705
v -1.916851 -1.614091 -0.219354
v -1.910810 -1.537964 -0.203532
v -1.904560 -1.557885 -0.210623
v -1.897967 -1.576936 -0.217950
v -1.887208 -1.496845 -0.202535
v -1.882265 -1.518472 -0.209349
v -1.876928 -1.539193 -0.216414
v -1.968660 -1.659137 -0.206196
v -1.981169 -1.695453 -0.207602
v -1.992044 -1.728944 -0.208589
v -1.958035 -1.671924 -0.213968
v -1.970816 -1.707417 -0.215131
v -1.981942 -1.741734 -0.216064
v -1.948080 -1.686256 -0.221888
v -1.960716 -1.721409 -0.222997
v -1.971780 -1.756263 -0.223929
v -1.994685 -1.656016 -0.193235
v -2.008725 -1.664788 -0.188316
v -2.020711 -1.673325 -0.184077
v -2.003506 -1.685344 -0.194693
v -2.014795 -1.686912 -0.189493
v -2.024954 -1.689928 -0.184986
v -2.011934 -1.712054 -0.195594
v -2.021307 -1.708036 -0.190223
v -2.029789 -1.705914 -0.185549
v -1.984868 -1.598394 -0.187440
v -1.984595 -1.571558 -0.183524
v -1.985371 -1.545022 -0.179895
v -2.001690 -1.619953 -0.184137
v -2.001047 -1.597176 -0.181326
v -2.001485 -1.573271 -0.178451
v -2.015681 -1.638022 -0.181013
v -2.015049 -1.618633 -0.178947
v -2.015318 -1.597243 -0.176713
v -1.943291 -1.533165 -0.191032
v -1.919580 -1.491175 -0.190915
v -1.895125 -1.449055 -0.190164
v -1.944923 -1.504351 -0.185734
v -1.922279 -1.464174 -0.185529
v -1.898332 -1.422668 -0.184702
v -1.946922 -1.475705 -0.181064
v -1.924995 -1.436044 -0.180656
v -1.901607 -1.394925 -0.179689
v -1.938370 -1.028632 -0.131460
v -1.888381 -0.906035 -0.121926
v -1.909372 -0.948853 -0.124246
v -1.906189 -0.947537 -0.125810
v -1.919358 -0.987742 -0.130713
v -1.932462 -1.028685 -0.135394
v -1.901268 -0.945034 -0.126914
v -1.913749 -0.985384 -0.131863
v -1.926264 -1.028108 -0.136803
v -1.881225 -0.868779 -0.113883
v -1.874648 -0.867365 -0.116864
v -1.848680 -0.787888 -0.104716
v -1.844940 -0.789353 -0.106422
v -1.978080 -1.146382 -0.142652
v -1.997711 -1.243234 -0.154052
v -2.010361 -1.270410 -0.154507
v -2.019419 -1.305818 -0.156355
v -2.026869 -1.339886 -0.157979
v -2.008596 -1.279714 -0.156048
v -2.017624 -1.313349 -0.157692
v -2.024710 -1.343868 -0.159040
v -1.989381 -1.188493 -0.147896
v -1.987541 -1.194457 -0.149835
v -1.985060 -1.204185 -0.151647
v -1.976596 -1.148947 -0.144929
v -1.974191 -1.153977 -0.146906
v -1.970819 -1.162455 -0.148777
v -1.963240 -1.108907 -0.141580
v -1.960060 -1.112291 -0.143543
v -1.955162 -1.117935 -0.145388
v -2.046612 -1.703832 -0.175094
v -2.038144 -1.686962 -0.177328
v -2.040200 -1.696081 -0.177818
v -2.046619 -1.679644 -0.170949
v -2.035698 -1.664310 -0.175647
v -2.046488 -1.667880 -0.170293
v -2.041944 -1.660217 -0.172439
v -2.035388 -1.649801 -0.174483
v -2.046548 -1.652631 -0.169519
v -2.042036 -1.644046 -0.171446
v -2.035522 -1.632341 -0.173184
v -1.766893 -0.556507 -0.067777
v -1.804042 -0.654674 -0.082215
v -1.746013 -0.502935 -0.059398
v -1.761020 -0.562641 -0.073360
v -1.756013 -0.569016 -0.076273
v -1.784223 -0.608956 -0.078002
v -1.802350 -0.656406 -0.084769
v -1.819330 -0.701546 -0.091057
v -1.781106 -0.612605 -0.080536
v -1.799526 -0.659517 -0.087120
v -1.816669 -0.703972 -0.093252
v -1.776632 -0.618215 -0.083128
v -1.795398 -0.664232 -0.089453
v -1.812749 -0.707681 -0.095367
v -1.787001 -0.606162 -0.072315
v -1.743173 -0.504942 -0.062407
v -1.738882 -0.509030 -0.065452
v -1.733107 -0.516011 -0.068774
v -1.719897 -0.447525 -0.053180
v -1.714615 -0.451272 -0.056537
v -1.707363 -0.457996 -0.060337
v -1.694770 -0.386088 -0.042676
v -1.688147 -0.388874 -0.046338
v -1.678231 -0.393762 -0.050671
v -1.891634 -0.867890 -0.111097
v -1.883108 -0.824286 -0.109694
v -1.867903 -0.782175 -0.103957
v -1.902937 -0.864240 -0.116914
v -1.888072 -0.822931 -0.111423
v -1.872866 -0.780818 -0.105729
v -2.059805 -1.598281 -0.163881
v -2.069855 -1.530542 -0.166007
v -2.063188 -1.492919 -0.164174
v -2.060516 -1.453869 -0.163058
v -2.068072 -1.492688 -0.165234
v -2.065361 -1.453490 -0.164291
v -2.061517 -1.413545 -0.163146
v -2.055085 -1.494696 -0.158205
v -2.070914 -1.566452 -0.166638
v -2.071457 -1.599819 -0.167156
v -2.066438 -1.628205 -0.167219
v -2.071690 -1.630045 -0.167591
v -2.049833 -1.588179 -0.164683
v -2.049726 -1.616041 -0.165652
v -2.046621 -1.516959 -0.164184
v -2.042988 -1.507900 -0.165377
v -2.037734 -1.495059 -0.166080
v -2.047223 -1.550222 -0.165441
v -2.047308 -1.581248 -0.166602
v -2.043348 -1.540485 -0.166721
v -2.043220 -1.571302 -0.167999
v -2.042816 -1.599442 -0.169210
v -2.037737 -1.526977 -0.167552
v -2.037305 -1.557644 -0.168995
v -2.036649 -1.586083 -0.170412
v -2.045290 -1.482287 -0.162827
v -2.041927 -1.474462 -0.163960
v -2.037079 -1.462878 -0.164574
v -2.043028 -1.446619 -0.161381
v -2.039994 -1.440648 -0.162495
v -2.035684 -1.431425 -0.163081
v -2.037016 -1.406940 -0.161001
v -2.033460 -1.401693 -0.161647
v -2.071474 -1.721142 -0.169689
v -2.066257 -1.703341 -0.168956
v -2.066433 -1.690795 -0.168555
v -2.066444 -1.674337 -0.168154
v -2.072061 -1.710776 -0.169149
v -2.072189 -1.696689 -0.168711
v -2.072046 -1.678677 -0.168333
v -2.068500 -1.732163 -0.171187
v -1.780033 -0.553320 -0.069001
v -1.783715 -0.552127 -0.071062
v -1.788673 -0.550770 -0.072987
v -1.759901 -0.500407 -0.060500
v -1.763582 -0.499214 -0.062570
v -1.717823 -0.382618 -0.042209
v -1.768540 -0.497858 -0.064509
v -1.746667 -0.441516 -0.054959
v -1.754019 -0.503881 -0.051852
v -1.792818 -0.606758 -0.068005
v -1.798700 -0.603286 -0.076624
v -1.802382 -0.602095 -0.078671
v -1.807341 -0.600736 -0.080577
v -1.819861 -0.649597 -0.085583
v -1.824820 -0.648240 -0.087463
v -1.832742 -0.696316 -0.089972
v -1.836423 -0.695123 -0.091978
v -1.841384 -0.693766 -0.093828
v 0.115392 -0.485211 -0.154453
v 0.116220 -0.508382 -0.153879
v 0.117060 -0.532083 -0.153105
v 0.117914 -0.556223 -0.152166
v 0.118776 -0.580717 -0.151094
v 0.119646 -0.605478 -0.149924
v 0.120520 -0.630411 -0.148686
v 0.192951 -0.653895 -0.144142
v 0.204012 -0.653055 -0.144329
v 0.215329 -0.651491 -0.144582
v 0.226639 -0.648966 -0.144862
v 0.349279 -0.466681 -0.125394
v 0.361340 -0.455319 -0.121364
v 0.375620 -0.444744 -0.116862
v 0.382634 -0.393515 -0.113095
v 0.378591 -0.360935 -0.114466
v 0.376399 -0.331156 -0.115889
v 0.375508 -0.303211 -0.117219
v 0.375366 -0.276145 -0.118306
v 0.375824 -0.249653 -0.119042
v 0.376735 -0.223434 -0.119319
v 0.195287 -0.486570 -0.138452
v 0.209480 -0.492183 -0.137656
v 0.224731 -0.498234 -0.137283
v 0.240863 -0.504649 -0.137262
v 0.257698 -0.511358 -0.137522
v 0.275063 -0.518285 -0.137993
v 0.292779 -0.525357 -0.138605
v 0.113790 -0.440810 -0.154876
v 0.113017 -0.419671 -0.154715
v 0.112266 -0.399244 -0.154339
v 0.111535 -0.379533 -0.153771
v 0.110827 -0.360541 -0.153038
v 0.110141 -0.342270 -0.152162
v 0.109479 -0.324722 -0.151170
v 0.179483 -0.328463 -0.134552
v 0.166508 -0.322871 -0.137370
v 0.154860 -0.318132 -0.140293
v 0.144320 -0.314266 -0.143138
v 0.134668 -0.311287 -0.145723
v 0.125683 -0.309222 -0.147865
v 0.117147 -0.308088 -0.149381
v 0.597664 -0.369080 -0.073542
v 0.596615 -0.342486 -0.079809
v 0.595784 -0.315845 -0.085722
v 0.595283 -0.289135 -0.091107
v 0.595219 -0.262330 -0.095786
v 0.595701 -0.235408 -0.099582
v 0.596841 -0.208346 -0.102321
v 0.404521 -0.195853 -0.117895
v 0.431485 -0.193695 -0.116259
v 0.458792 -0.191030 -0.114264
v 0.486393 -0.188172 -0.112048
v 0.514238 -0.185436 -0.109755
v 0.542278 -0.183136 -0.107526
v 0.570464 -0.181593 -0.105501
v 0.569620 -0.396339 -0.071636
v 0.540627 -0.398345 -0.076803
v 0.512224 -0.401615 -0.082436
v 0.484796 -0.406095 -0.088371
v 0.458722 -0.411730 -0.094445
v 0.434385 -0.418466 -0.100495
v 0.412169 -0.426251 -0.106357
v 0.860034 -0.420109 -0.061650
v 0.858541 -0.393653 -0.068382
v 0.857309 -0.367140 -0.074768
v 0.856472 -0.340539 -0.080634
v 0.856160 -0.313824 -0.085809
v 0.856505 -0.286965 -0.090118
v 0.857638 -0.259934 -0.093388
v 0.627074 -0.182033 -0.102633
v 0.655843 -0.184397 -0.101781
v 0.685445 -0.188278 -0.101120
v 0.716272 -0.193739 -0.100500
v 0.748718 -0.200846 -0.099771
v 0.783173 -0.209667 -0.098786
v 0.820033 -0.220261 -0.097394
v 0.822025 -0.433915 -0.054476
v 0.785172 -0.423249 -0.054614
v 0.750678 -0.414456 -0.055216
v 0.718120 -0.407451 -0.056336
v 0.687079 -0.402151 -0.058029
v 0.657129 -0.398474 -0.060351
v 0.627852 -0.396335 -0.063356
v 1.268839 -0.599552 -0.070098
v 1.267259 -0.572557 -0.069830
v 1.265949 -0.545528 -0.069516
v 1.265046 -0.518446 -0.069130
v 1.264686 -0.491293 -0.068648
v 1.265004 -0.464054 -0.068048
v 1.266136 -0.436711 -0.067304
v 0.902536 -0.247043 -0.092799
v 0.948291 -0.263392 -0.089586
v 0.996676 -0.281851 -0.085952
v 1.047408 -0.302513 -0.082038
v 1.100209 -0.325485 -0.077984
v 1.154797 -0.350863 -0.073932
v 1.210894 -0.378750 -0.070020
v 1.213126 -0.595721 -0.067005
v 1.156943 -0.567417 -0.064082
v 1.102284 -0.541558 -0.061565
v 1.049431 -0.518073 -0.059443
v 0.998662 -0.496896 -0.057709
v 0.950258 -0.477959 -0.056354
v 0.904497 -0.461195 -0.055368
v 1.694355 -0.880038 -0.095046
v 1.693558 -0.854084 -0.088101
v 1.693034 -0.828078 -0.081309
v 1.692917 -0.801994 -0.074748
v 1.693344 -0.775806 -0.068496
v 1.694454 -0.749489 -0.062631
v 1.696377 -0.723017 -0.057229
v 1.326489 -0.442447 -0.063193
v 1.384973 -0.477711 -0.060410
v 1.442937 -0.514389 -0.058047
v 1.499646 -0.551836 -0.056097
v 1.554366 -0.589403 -0.054558
v 1.606364 -0.626444 -0.053425
v 1.654905 -0.662313 -0.052696
v 1.653290 -0.874479 -0.098740
v 1.606468 -0.840584 -0.094988
v 1.555650 -0.804993 -0.090932
v 1.501662 -0.768420 -0.086694
v 1.445331 -0.731573 -0.082396
v 1.387485 -0.695171 -0.078157
v 1.328950 -0.659918 -0.074098
v 2.153524 -1.355388 -0.113080
v 2.155956 -1.333109 -0.106038
v 2.158156 -1.310170 -0.099212
v 2.160008 -1.286236 -0.092713
v 2.161394 -1.260980 -0.086649
v 2.162666 -1.234513 -0.081001
v 2.164171 -1.206952 -0.075744
v 1.966973 -0.946039 -0.061990
v 1.994893 -0.975343 -0.063651
v 2.023407 -1.005878 -0.065262
v 2.052267 -1.037682 -0.066772
v 2.081229 -1.070798 -0.068136
v 2.110047 -1.105262 -0.069304
v 2.138473 -1.141121 -0.070227
v 2.281438 -1.617525 -0.124381
v 2.268034 -1.583162 -0.124038
v 2.253199 -1.549094 -0.123575
v 2.236746 -1.515157 -0.123011
v 2.218486 -1.481180 -0.122372
v 2.198229 -1.446999 -0.121682
v 2.175789 -1.412440 -0.120960
v 0.181060 -0.179887 -0.121802
v 0.166872 -0.177905 -0.124161
v 0.154131 -0.176265 -0.126843
v 0.142595 -0.174974 -0.129614
v 0.132020 -0.174033 -0.132238
v 0.122160 -0.173450 -0.134480
v 0.112775 -0.173228 -0.136106
v 0.108226 -0.291816 -0.148936
v 0.107626 -0.276146 -0.147692
v 0.107026 -0.260582 -0.146332
v 0.106415 -0.244808 -0.144827
v 0.105781 -0.228515 -0.143155
v 0.105111 -0.211386 -0.141291
v 0.104394 -0.193111 -0.139208
v 0.423918 0.029953 -0.095513
v 0.454996 0.032872 -0.094058
v 0.486592 0.036168 -0.092094
v 0.518513 0.039544 -0.089811
v 0.550571 0.042701 -0.087411
v 0.582574 0.045344 -0.085084
v 0.614334 0.047172 -0.083027
v 0.676365 0.047194 -0.080506
v 0.706922 0.045030 -0.080057
v 0.737812 0.041332 -0.079906
v 0.769512 0.036037 -0.079877
v 0.802500 0.029084 -0.079786
v 0.837253 0.020405 -0.079453
v 0.874251 0.009943 -0.078700
v 0.956890 -0.016586 -0.075208
v 1.002726 -0.032823 -0.072402
v 1.051198 -0.051183 -0.069036
v 1.102021 -0.071776 -0.065222
v 1.154914 -0.094702 -0.061071
v 1.209595 -0.120071 -0.056697
v 1.265781 -0.147990 -0.052211
v 1.381538 -0.211904 -0.043345
v 1.440133 -0.247432 -0.039155
v 1.498284 -0.284585 -0.035234
v 1.555297 -0.322789 -0.031659
v 1.610479 -0.361477 -0.028511
v 1.663138 -0.400077 -0.025866
v 1.712583 -0.438020 -0.023804
v 0.178206 0.033534 -0.092175
v 0.163022 0.034516 -0.094520
v 0.149388 0.035290 -0.097358
v 0.137044 0.035855 -0.100394
v 0.125724 0.036216 -0.103334
v 0.115167 0.036371 -0.105884
v 0.105111 0.036321 -0.107750
v 0.102771 -0.151865 -0.134287
v 0.101858 -0.128728 -0.131423
v 0.100885 -0.104110 -0.128292
v 0.099855 -0.078159 -0.124894
v 0.098777 -0.051020 -0.121230
v 0.097653 -0.022837 -0.117298
v 0.096491 0.006239 -0.113099
v 0.390989 -0.002177 -0.100661
v 0.388615 -0.031484 -0.104709
v 0.386416 -0.060251 -0.108360
v 0.384391 -0.088513 -0.111568
v 0.382535 -0.116300 -0.114285
v 0.380845 -0.143651 -0.116464
v 0.379318 -0.170601 -0.118061
v 0.862794 -0.205234 -0.096123
v 0.866948 -0.177490 -0.095596
v 0.872155 -0.149415 -0.094047
v 0.878413 -0.120960 -0.091659
v 0.885723 -0.092079 -0.088614
v 0.894085 -0.062719 -0.085091
v 0.903501 -0.032830 -0.081275
v 1.312675 -0.209124 -0.051667
v 1.303183 -0.239048 -0.055044
v 1.294724 -0.268410 -0.057906
v 1.287306 -0.297280 -0.060308
v 1.280937 -0.325727 -0.062305
v 1.275627 -0.353823 -0.063949
v 1.271384 -0.381639 -0.065293
v 0.636698 0.017678 -0.085758
v 0.628624 -0.011972 -0.090034
v 0.621437 -0.041118 -0.094070
v 0.615137 -0.069811 -0.097672
v 0.609718 -0.098105 -0.100644
v 0.605182 -0.126052 -0.102790
v 0.601525 -0.153706 -0.103915
v 1.747647 -0.503359 -0.026759
v 1.737986 -0.531697 -0.030622
v 1.729173 -0.559762 -0.034154
v 1.721252 -0.587563 -0.037511
v 1.714259 -0.615113 -0.040853
v 1.708236 -0.642423 -0.044337
v 1.703221 -0.669502 -0.048123
v 0.451833 0.293003 -0.049110
v 0.489861 0.296183 -0.048363
v 0.528812 0.299770 -0.047277
v 0.568230 0.303462 -0.045990
v 0.607652 0.306953 -0.044641
v 0.646626 0.309937 -0.043371
v 0.684689 0.312111 -0.042319
v 0.756254 0.312812 -0.041427
v 0.789976 0.310972 -0.041500
v 0.823226 0.307595 -0.041617
v 0.856680 0.302615 -0.041550
v 0.891017 0.295979 -0.041074
v 0.926914 0.287623 -0.039961
v 0.965046 0.277486 -0.037984
v 1.050728 0.251639 -0.030534
v 1.098437 0.235751 -0.025110
v 1.148702 0.217739 -0.018925
v 1.201004 0.197489 -0.012252
v 1.254826 0.174893 -0.005372
v 1.309652 0.149832 0.001440
v 1.364964 0.122196 0.007908
v 0.174038 0.295785 -0.046953
v 0.157662 0.296781 -0.049220
v 0.142955 0.297569 -0.051889
v 0.129634 0.298150 -0.054705
v 0.117419 0.298519 -0.057412
v 0.106029 0.298676 -0.059753
v 0.095179 0.298618 -0.061469
v 0.094068 0.066495 -0.103906
v 0.092814 0.097550 -0.098898
v 0.091527 0.129255 -0.093600
v 0.090209 0.161633 -0.087998
v 0.088857 0.194708 -0.082081
v 0.087471 0.228503 -0.075835
v 0.086050 0.263039 -0.069248
v 0.412965 0.255176 -0.056453
v 0.410477 0.220576 -0.063165
v 0.407786 0.186713 -0.069521
v 0.404957 0.153564 -0.075530
v 0.402053 0.121112 -0.081200
v 0.399141 0.089330 -0.086539
v 0.396282 0.058203 -0.091557
v 0.925494 0.028725 -0.073484
v 0.937720 0.060462 -0.069532
v 0.950293 0.092864 -0.065327
v 0.962866 0.125950 -0.060710
v 0.975083 0.159738 -0.055522
v 0.986596 0.194248 -0.049600
v 0.997049 0.229501 -0.042785
v 1.409475 0.055472 0.002322
v 1.397755 0.019829 -0.007857
v 1.385367 -0.015067 -0.016879
v 1.372586 -0.049221 -0.024829
v 1.359697 -0.082639 -0.031798
v 1.346982 -0.115331 -0.037877
v 1.334719 -0.147304 -0.043156
v 0.714649 0.277538 -0.048298
v 0.706465 0.242648 -0.054232
v 0.697167 0.208485 -0.059554
v 0.687088 0.175028 -0.064392
v 0.676565 0.142260 -0.068872
v 0.665929 0.110158 -0.073121
v 0.655517 0.078707 -0.077267
v 0.461211 0.607987 0.030839
v 0.499287 0.609591 0.031937
v 0.537977 0.611468 0.033321
v 0.576898 0.613405 0.034889
v 0.615661 0.615180 0.036535
v 0.653880 0.616581 0.038157
v 0.691168 0.617386 0.039651
v 0.761408 0.616343 0.041833
v 0.794771 0.614151 0.042707
v 0.828031 0.610664 0.043820
v 0.861986 0.605753 0.045459
v 0.897435 0.599287 0.047913
v 0.935181 0.591133 0.051469
v 0.976019 0.581159 0.056415
v 0.168405 0.615286 0.028850
v 0.150576 0.616313 0.026974
v 0.134556 0.617137 0.024822
v 0.120044 0.617751 0.022582
v 0.106735 0.618147 0.020440
v 0.094323 0.618319 0.018586
v 0.082507 0.618260 0.017206
v 0.083095 0.334436 -0.055000
v 0.081553 0.371423 -0.047206
v 0.079960 0.409409 -0.038806
v 0.078308 0.448497 -0.029680
v 0.076593 0.488792 -0.019708
v 0.074803 0.530399 -0.008769
v 0.072936 0.573421 0.003256
v 0.423528 0.563468 0.016917
v 0.422848 0.521296 0.004863
v 0.422059 0.480294 -0.006143
v 0.421124 0.440395 -0.016211
v 0.420007 0.401535 -0.025457
v 0.418669 0.363648 -0.033990
v 0.417075 0.326668 -0.041927
v 1.013374 0.302301 -0.025836
v 1.018960 0.339723 -0.015644
v 1.022921 0.377629 -0.004445
v 1.025326 0.415869 0.007657
v 1.026244 0.454298 0.020560
v 1.025741 0.492765 0.034161
v 1.023889 0.531127 0.048355
v 0.729316 0.578422 0.027986
v 0.731047 0.539532 0.015759
v 0.732142 0.500808 0.004253
v 0.732410 0.462351 -0.006510
v 0.731659 0.424257 -0.016503
v 0.729698 0.386631 -0.025703
v 0.726338 0.349569 -0.034084
v 0.457538 0.969254 0.169183
v 0.493376 0.964677 0.169167
v 0.529337 0.959768 0.169262
v 0.565203 0.954601 0.169531
v 0.600753 0.949239 0.170035
v 0.635768 0.943759 0.170834
v 0.670030 0.938230 0.171992
v 0.735415 0.927307 0.175629
v 0.766775 0.921655 0.178169
v 0.797856 0.915437 0.181191
v 0.829112 0.908325 0.184695
v 0.861001 0.899991 0.188679
v 0.893977 0.890109 0.193147
v 0.928498 0.878345 0.198096
v 0.158184 0.994092 0.162739
v 0.139098 0.995132 0.160429
v 0.121946 0.995970 0.157986
v 0.106404 0.996598 0.155567
v 0.092148 0.997005 0.153334
v 0.078854 0.997179 0.151444
v 0.066197 0.997113 0.150058
v 1.016404 0.606932 0.078111
v 1.010996 0.644286 0.093678
v 1.004686 0.681354 0.109850
v 0.997628 0.718190 0.126731
v 0.989977 0.754853 0.144431
v 0.981888 0.791400 0.163060
v 0.973518 0.827887 0.182722
v 0.424712 0.651580 0.044622
v 0.425186 0.697258 0.060238
v 0.425488 0.743579 0.076830
v 0.425551 0.790222 0.094251
v 0.425306 0.836854 0.112352
v 0.424686 0.883149 0.130984
v 0.423621 0.928784 0.150000
v 0.706615 0.892405 0.153576
v 0.709887 0.852462 0.134678
v 0.713099 0.812831 0.116815
v 0.716219 0.773458 0.099927
v 0.719217 0.734286 0.083953
v 0.722057 0.695253 0.068833
v 0.724710 0.656303 0.054506
v 0.068935 0.664133 0.031047
v 0.066818 0.711496 0.046685
v 0.064652 0.759626 0.063155
v 0.062459 0.808097 0.080210
v 0.060261 0.856479 0.097602
v 0.058079 0.904341 0.115085
v 0.055934 0.951256 0.132411
v 0.426464 1.288996 0.335084
v 0.460240 1.285231 0.337930
v 0.494051 1.280910 0.340807
v 0.527714 1.275968 0.343773
v 0.561052 1.270341 0.346886
v 0.593887 1.263970 0.350204
v 0.626036 1.256788 0.353787
v 0.139880 1.306901 0.303901
v 0.121444 1.307530 0.300768
v 0.104870 1.308013 0.297821
v 0.089846 1.308351 0.295149
v 0.076059 1.308529 0.292844
v 0.063198 1.308542 0.290994
v 0.050950 1.308382 0.289691
v 0.051850 1.040532 0.165606
v 0.049917 1.082605 0.181556
v 0.048039 1.123158 0.197515
v 0.046203 1.162329 0.213816
v 0.044394 1.200262 0.230787
v 0.042599 1.237099 0.248758
v 0.040808 1.272977 0.268061
v 0.397659 1.255127 0.310319
v 0.402204 1.217429 0.289000
v 0.406484 1.179062 0.268187
v 0.410442 1.139920 0.247809
v 0.414031 1.099894 0.227796
v 0.417196 1.058874 0.208078
v 0.419883 1.016754 0.188586
v 0.700028 0.973472 0.194721
v 0.696508 1.014387 0.216821
v 0.692523 1.055210 0.239660
v 0.687833 1.095677 0.263033
v 0.682206 1.135525 0.286731
v 0.675402 1.174493 0.310544
v 0.667187 1.212315 0.334266
v 0.118688 1.549431 0.490658
v 0.101763 1.548405 0.489119
v 0.086512 1.547420 0.487688
v 0.072653 1.546497 0.486393
v 0.059904 1.545658 0.485268
v 0.047985 1.544915 0.484344
v 0.036614 1.544295 0.483652
v 0.037171 1.342432 0.311981
v 0.035335 1.375904 0.336392
v 0.033519 1.408215 0.361717
v 0.031745 1.439121 0.387419
v 0.030034 1.468378 0.412958
v 0.028410 1.495741 0.437799
v 0.026896 1.520967 0.461398
v 0.346395 1.523531 0.489361
v 0.355534 1.495576 0.468262
v 0.363584 1.465450 0.446292
v 0.370700 1.433439 0.423702
v 0.377033 1.399829 0.400747
v 0.382742 1.364904 0.377679
v 0.387979 1.328954 0.354750
v 0.024282 1.564032 0.502730
v 0.023188 1.581955 0.520212
v 0.022210 1.597912 0.535958
v 0.021328 1.612225 0.550255
v 0.020521 1.625228 0.563396
v 0.282231 1.626962 0.577191
v 0.297163 1.610398 0.561690
v 0.311220 1.592114 0.545328
v 0.324227 1.571771 0.527934
v 2.324027 -1.759384 -0.124343
v 2.314829 -1.723608 -0.124515
v 2.304707 -1.687825 -0.124609
v 1.799052 -0.509655 -0.021747
v 1.835941 -0.542954 -0.021732
v 1.869339 -0.574815 -0.022262
v 1.899801 -0.605413 -0.023237
v 1.927880 -0.634928 -0.024560
v 1.954134 -0.663539 -0.026132
v 1.979117 -0.691423 -0.027856
v 1.738681 -0.727947 -0.052434
v 1.773934 -0.757514 -0.052853
v 1.805765 -0.785520 -0.053582
v 1.834926 -0.812415 -0.054576
v 1.862167 -0.838651 -0.055791
v 1.888241 -0.864679 -0.057184
v 1.913900 -0.890951 -0.058710
v 1.934467 -0.942675 -0.065832
v 1.929873 -0.966918 -0.071845
v 1.925991 -0.990720 -0.078294
v 1.922702 -1.014158 -0.085106
v 1.919890 -1.037302 -0.092208
v 1.917433 -1.060226 -0.099529
v 1.995064 -0.741544 -0.033013
v 1.986517 -0.765408 -0.036344
v 1.977911 -0.790113 -0.039714
v 1.969417 -0.815421 -0.043216
v 1.961199 -0.841093 -0.046937
v 1.953427 -0.866891 -0.050970
v 1.946268 -0.892580 -0.055404
v 1.160894 -0.586997 -0.057051
v 1.094879 -0.568266 -0.060073
v 1.026456 -0.550554 -0.062887
v 1.250087 -0.665660 -0.062305
v 2.270574 -1.560908 -0.061850
v 2.231951 -1.480776 -0.060249
v 0.126434 -0.655262 -0.147189
v 0.137025 -0.654962 -0.146336
v 0.142840 -0.654832 -0.145807
v 0.156174 -0.654592 -0.144784
v 0.121197 -0.462757 -0.154173
v 0.127989 -0.463524 -0.152821
v 0.135136 -0.464945 -0.150924
v 0.142811 -0.467010 -0.148668
v 0.151192 -0.469707 -0.146238
v 0.160454 -0.473023 -0.143816
v 0.170773 -0.476946 -0.141588
v 0.352940 -0.410563 -0.117372
v 0.322161 -0.394507 -0.120661
v 0.294986 -0.381117 -0.123065
v 0.270688 -0.369664 -0.124928
v 0.248535 -0.359411 -0.126586
v 0.228434 -0.350263 -0.128208
v 0.210288 -0.342120 -0.129965
v 0.351817 -0.197372 -0.119517
v 0.326314 -0.196605 -0.119543
v 0.301626 -0.195066 -0.119284
v 0.277939 -0.192936 -0.118920
v 0.255441 -0.190399 -0.118629
v 0.234317 -0.187644 -0.118594
v 0.214754 -0.184851 -0.118991
v 0.364066 0.026434 -0.096108
v 0.335633 0.025987 -0.095301
v 0.308390 0.026214 -0.094089
v 0.282485 0.026973 -0.092718
v 0.258067 0.028111 -0.091438
v 0.235281 0.029486 -0.090496
v 0.214279 0.030945 -0.090140
v 0.380380 0.289081 -0.049024
v 0.347462 0.288493 -0.048244
v 0.316482 0.288617 -0.047230
v 0.287489 0.289302 -0.046171
v 0.260531 0.290392 -0.045262
v 0.235659 0.291738 -0.044694
v 0.212919 0.293187 -0.044658
v 0.388453 0.606472 0.029922
v 0.354285 0.606665 0.030062
v 0.321764 0.607343 0.030410
v 0.291016 0.608392 0.030824
v 0.262173 0.609700 0.031159
v 0.235362 0.611157 0.031274
v 0.210711 0.612649 0.031022
v 0.387109 0.977129 0.169306
v 0.352991 0.980393 0.169296
v 0.319939 0.983259 0.169164
v 0.288207 0.985760 0.168856
v 0.258048 0.987934 0.168315
v 0.229713 0.989817 0.167490
v 0.203456 0.991446 0.166321
v 0.359728 1.295109 0.329254
v 0.327209 1.297557 0.326225
v 0.295606 1.299654 0.323131
v 0.265181 1.301432 0.319988
v 0.236194 1.302931 0.316805
v 0.208910 1.304192 0.313593
v 0.183588 1.305246 0.310364
v 0.310263 1.551280 0.506512
v 0.283998 1.552702 0.503947
v 0.257609 1.553416 0.501609
v 0.231490 1.553536 0.499470
v 0.206032 1.553183 0.497497
v 0.181630 1.552477 0.495660
v 0.158676 1.551537 0.493928
v 0.133365 1.571315 0.511214
v 0.128768 1.589649 0.528422
v 0.123835 1.605841 0.544143
v 0.118620 1.620250 0.558626
v 0.158043 1.341445 0.329341
v 0.155608 1.375986 0.352717
v 0.153121 1.409467 0.376810
v 0.150514 1.441589 0.401168
v 0.147721 1.472047 0.425344
v 0.144677 1.500550 0.448886
v 0.141313 1.526796 0.471345
v 0.177580 1.036585 0.181659
v 0.175428 1.078668 0.198274
v 0.173112 1.119280 0.214871
v 0.170672 1.158588 0.231724
v 0.168149 1.196760 0.249105
v 0.165584 1.233963 0.267284
v 0.163017 1.270367 0.286536
v 0.187675 0.660222 0.044678
v 0.186928 0.707580 0.060276
v 0.186083 0.755708 0.076809
v 0.185115 0.804177 0.094025
v 0.184001 0.852555 0.111678
v 0.182714 0.900416 0.129516
v 0.181232 0.947327 0.147293
v 0.191954 0.330663 -0.038442
v 0.191526 0.367631 -0.031092
v 0.191078 0.405595 -0.023155
v 0.190603 0.444663 -0.014491
v 0.190097 0.484938 -0.004957
v 0.189556 0.526526 0.005586
v 0.188975 0.569531 0.017279
v 0.194886 0.062780 -0.085814
v 0.194560 0.093838 -0.080791
v 0.194221 0.125544 -0.075536
v 0.193874 0.157920 -0.070036
v 0.193513 0.190988 -0.064279
v 0.193143 0.224774 -0.058253
v 0.192758 0.259300 -0.051947
v 0.196854 -0.159014 -0.117375
v 0.196718 -0.134612 -0.114415
v 0.196541 -0.109087 -0.111137
v 0.196326 -0.082526 -0.107559
v 0.196079 -0.055013 -0.103699
v 0.195805 -0.026640 -0.099577
v 0.195513 0.002507 -0.095210
v 0.194910 -0.317446 -0.130973
v 0.195622 -0.299866 -0.129883
v 0.196161 -0.281982 -0.128710
v 0.196545 -0.263631 -0.127407
v 0.196795 -0.244642 -0.125929
v 0.196930 -0.224851 -0.124232
v 0.196972 -0.204093 -0.122270
v 0.183849 -0.461784 -0.138938
v 0.185434 -0.442634 -0.138071
v 0.187038 -0.423946 -0.137146
v 0.188625 -0.405644 -0.136173
v 0.190154 -0.387661 -0.135164
v 0.191586 -0.369921 -0.134129
v 0.192881 -0.352353 -0.133079
v 0.180900 -0.501754 -0.140459
v 0.179562 -0.522573 -0.141111
v 0.178298 -0.543844 -0.141704
v 0.177096 -0.565496 -0.142248
v 0.175943 -0.587448 -0.142752
v 0.174827 -0.609628 -0.143227
v 0.173737 -0.631960 -0.143683
v 2.337634 -1.508896 -0.068743
v 2.335223 -1.494294 -0.067524
v 2.333486 -1.477729 -0.066021
v 2.332202 -1.458589 -0.064340
v 2.299492 -1.169036 -0.049572
v 2.257692 -1.064671 -0.045999
v 2.239337 -1.023535 -0.044121
v 2.218722 -0.978857 -0.041810
v 2.330092 -1.410143 -0.060864
v 2.328903 -1.381256 -0.059178
v 2.325572 -1.319307 -0.055917
v 2.323153 -1.288303 -0.054347
v 2.320304 -1.259102 -0.052877
v 1.454215 0.443958 0.163394
v 1.421953 0.496210 0.178771
v 1.391613 0.542894 0.193298
v 1.948254 -0.393240 0.020567
v 1.916710 -0.338476 0.026755
v 1.880182 -0.277245 0.033643
v 1.526546 0.373153 0.157810
v 1.797452 -0.116981 0.057758
v 1.764347 -0.043502 0.072106
v 1.729657 0.027466 0.086082
v 1.692281 0.096740 0.099439
v 1.651118 0.165138 0.111933
v 1.605568 0.233323 0.123589
v 1.555030 0.301946 0.134434
v 2.177203 -0.873729 -0.033659
v 2.163015 -0.832093 -0.029288
v 2.193165 -1.217172 -0.071147
v 2.218860 -1.256178 -0.071060
v 2.243027 -1.294200 -0.070561
v 2.265344 -1.330007 -0.069615
v 2.285486 -1.362371 -0.068188
v 2.303281 -1.391039 -0.066435
v 2.318558 -1.415754 -0.064516
v 2.342226 -1.569608 -0.079747
v 2.335241 -1.578918 -0.085582
v 2.327606 -1.590255 -0.092187
v 2.319510 -1.603826 -0.099588
v 2.311066 -1.619073 -0.107586
v 2.302391 -1.635436 -0.115983
v 2.169281 -1.149005 -0.066322
v 2.172991 -1.118921 -0.062083
v 2.177142 -1.088350 -0.058084
v 2.181489 -1.057480 -0.054272
v 2.185788 -1.026497 -0.050593
v 2.189620 -0.995034 -0.046925
v 2.192560 -0.962721 -0.043144
v 2.167768 -0.896209 -0.038082
v 2.144500 -0.871243 -0.037461
v 2.121483 -0.847149 -0.036694
v 2.098429 -0.823030 -0.035715
v 2.075052 -0.797995 -0.034464
v 2.051391 -0.772180 -0.032993
v 2.027490 -0.745723 -0.031365
v 2.011310 -0.697287 -0.026114
v 2.019010 -0.677566 -0.022544
v 2.026654 -0.660034 -0.019015
v 2.034410 -0.645126 -0.015615
v 2.042449 -0.633275 -0.012434
v 2.050333 -0.624040 -0.009484
v 1.780479 -0.155809 0.040614
v 1.732091 -0.118560 0.037784
v 1.683202 -0.083113 0.034310
v 1.633268 -0.048105 0.030549
v 1.581745 -0.012171 0.026854
v 1.528893 0.023758 0.022984
v 1.474973 0.058751 0.018697
v 1.429779 0.129040 0.026521
v 1.438649 0.166270 0.040459
v 1.447420 0.202867 0.055401
v 1.456657 0.238129 0.071178
v 1.466929 0.271358 0.087623
v 1.477173 0.304053 0.104952
v 1.486325 0.337713 0.123384
v 1.830408 -0.249755 0.028877
v 1.823602 -0.288074 0.018638
v 1.814528 -0.322775 0.009701
v 1.803955 -0.355080 0.001800
v 1.792653 -0.386208 -0.005330
v 1.780995 -0.416381 -0.011722
v 1.769360 -0.445816 -0.017403
v 1.423166 0.419536 0.137173
v 1.360306 0.450460 0.127239
v 1.298751 0.476924 0.116116
v 1.238586 0.499975 0.104428
v 1.179900 0.520660 0.092801
v 1.123497 0.539053 0.081709
v 1.070180 0.555218 0.071630
v 1.003997 0.847870 0.209443
v 1.044092 0.830039 0.215955
v 1.083962 0.812092 0.223183
v 1.122267 0.795240 0.231243
v 1.157669 0.780692 0.240250
v 1.189585 0.768318 0.249587
v 1.217438 0.757985 0.258632
v 0.956551 0.900922 0.225584
v 0.948317 0.937114 0.248641
v 0.940525 0.972547 0.272448
v 0.933384 1.006811 0.296755
v 0.927099 1.039500 0.321312
v 0.919922 1.072005 0.346276
v 0.910102 1.105716 0.371808
v 0.854878 1.170182 0.396440
v 0.825539 1.185755 0.390664
v 0.798551 1.198223 0.384217
v 0.772260 1.209054 0.377755
v 0.745013 1.219712 0.371937
v 0.716790 1.230003 0.366699
v 0.687567 1.239740 0.361971
v 0.645575 1.283483 0.380605
v 0.632460 1.316451 0.403021
v 0.618495 1.347527 0.424945
v 0.604201 1.376595 0.446384
v 0.590096 1.403544 0.467347
v 0.432202 1.529801 0.522477
v 0.408715 1.536278 0.519125
v 0.385008 1.541593 0.515747
v 0.360849 1.545818 0.512449
v 2.340871 -1.452313 -0.060804
v 0.049847 -0.659095 -0.147772
v 0.038778 -0.659058 -0.148519
v 0.027404 -0.658319 -0.149349
v 0.015969 -0.656618 -0.150205
v 0.004718 -0.653696 -0.151034
v -0.006106 -0.649293 -0.151782
v -0.025494 -0.635013 -0.152821
v -0.033955 -0.625168 -0.153040
v -0.041787 -0.613906 -0.153038
v -0.049130 -0.601522 -0.152798
v -0.056126 -0.588303 -0.152301
v -0.062918 -0.574544 -0.151531
v -0.069649 -0.560534 -0.150472
v -0.083497 -0.532930 -0.147415
v -0.091083 -0.519727 -0.145397
v -0.099543 -0.507060 -0.143044
v -0.109205 -0.495033 -0.140348
v -0.120394 -0.483742 -0.137306
v -0.133435 -0.473293 -0.133913
v -0.148654 -0.463788 -0.130158
v -0.159546 -0.413211 -0.126847
v -0.157812 -0.380422 -0.128070
v -0.157716 -0.350558 -0.129436
v -0.158787 -0.322619 -0.130769
v -0.160553 -0.295612 -0.131898
v -0.162893 -0.269223 -0.132705
v -0.165687 -0.243137 -0.133075
v 0.035099 -0.492388 -0.142515
v 0.021328 -0.499018 -0.142428
v 0.006556 -0.506160 -0.142817
v -0.009048 -0.513728 -0.143600
v -0.025318 -0.521638 -0.144700
v -0.042088 -0.529805 -0.146037
v -0.059192 -0.538143 -0.147532
v 0.039179 -0.333560 -0.138111
v 0.051839 -0.327038 -0.140278
v 0.063246 -0.321460 -0.142618
v 0.073609 -0.316834 -0.144932
v 0.083139 -0.313160 -0.147031
v 0.092047 -0.310445 -0.148718
v 0.100544 -0.308691 -0.149802
v -0.377507 -0.404505 -0.098274
v -0.378074 -0.377894 -0.104529
v -0.378879 -0.351251 -0.110442
v -0.380043 -0.324565 -0.115844
v -0.381686 -0.297818 -0.120562
v -0.383927 -0.270996 -0.124428
v -0.386884 -0.244082 -0.127269
v -0.195437 -0.217646 -0.133111
v -0.222534 -0.217454 -0.132848
v -0.250028 -0.216779 -0.132241
v -0.277841 -0.215934 -0.131431
v -0.305891 -0.215229 -0.130556
v -0.334100 -0.214973 -0.129753
v -0.362390 -0.215481 -0.129160
v -0.347694 -0.429661 -0.094901
v -0.318407 -0.429550 -0.098589
v -0.289593 -0.430743 -0.102771
v -0.261647 -0.433211 -0.107303
v -0.234958 -0.436929 -0.112038
v -0.209923 -0.441871 -0.116836
v -0.186932 -0.448013 -0.121551
v -0.635752 -0.474444 -0.099585
v -0.635840 -0.447938 -0.106282
v -0.636214 -0.421395 -0.112646
v -0.637012 -0.394791 -0.118511
v -0.638376 -0.368115 -0.123713
v -0.640449 -0.341344 -0.128082
v -0.643372 -0.314459 -0.131457
v -0.418892 -0.220030 -0.129160
v -0.447420 -0.224475 -0.129763
v -0.476658 -0.230491 -0.130593
v -0.507000 -0.238175 -0.131523
v -0.538840 -0.247619 -0.132425
v -0.572572 -0.258916 -0.133169
v -0.608590 -0.272158 -0.133626
v -0.464959 -0.444001 -0.087247
v -1.029516 -0.683043 -0.128387
v -1.029913 -0.656006 -0.128090
v -1.030584 -0.628953 -0.127760
v -1.031668 -0.601876 -0.127378
v -1.033303 -0.574772 -0.126929
v -1.035625 -0.547628 -0.126396
v -1.038773 -0.520439 -0.125760
v -0.689060 -0.304860 -0.133164
v -0.733613 -0.324489 -0.132242
v -0.780653 -0.346412 -0.131029
v -0.829886 -0.370708 -0.129649
v -0.881020 -0.397454 -0.128231
v -0.933759 -0.426732 -0.126900
v -0.987812 -0.458621 -0.125783
v -0.721695 -0.538696 -0.098757
v -0.677378 -0.518659 -0.095487
v -1.431764 -0.993598 -0.174330
v -1.433204 -0.967668 -0.167399
v -1.434911 -0.941705 -0.160638
v -1.437018 -0.915694 -0.154128
v -1.439659 -0.889617 -0.147954
v -1.442968 -0.863461 -0.142200
v -1.447079 -0.837208 -0.136951
v -1.098681 -0.530544 -0.124698
v -1.154520 -0.569963 -0.124816
v -1.209716 -0.610752 -0.125321
v -1.263587 -0.652215 -0.126177
v -1.315447 -0.693654 -0.127340
v -1.364612 -0.734371 -0.128773
v -1.410398 -0.773666 -0.130437
v -1.391076 -0.985069 -0.175950
v -1.853752 -1.500958 -0.214712
v -1.858147 -1.478929 -0.207842
v -1.862348 -1.456220 -0.201179
v -1.866256 -1.432496 -0.194825
v -1.869776 -1.407417 -0.188886
v -1.873247 -1.381123 -0.183358
v -1.877012 -1.353754 -0.178234
v -1.700200 -1.079253 -0.154994
v -1.725802 -1.110503 -0.158013
v -1.751909 -1.143021 -0.161008
v -1.778274 -1.176832 -0.163920
v -1.804652 -1.211958 -0.166687
v -1.830798 -1.248420 -0.169250
v -1.856467 -1.286242 -0.171544
v -1.609164 -1.206166 -0.202440
v -1.587330 -1.179824 -0.200410
v -1.565858 -1.154687 -0.198243
v -1.543792 -1.129967 -0.195824
v -1.520175 -1.104877 -0.193039
v -1.494050 -1.078629 -0.189773
v -1.464463 -1.050437 -0.185913
v -1.961586 -1.771661 -0.231990
v -1.950743 -1.736414 -0.231033
v -1.938460 -1.701363 -0.229881
v -1.924560 -1.666322 -0.228548
v -1.908867 -1.631114 -0.227048
v -1.891204 -1.595552 -0.225395
v -1.871394 -1.559459 -0.223603
v 0.026189 -0.185512 -0.125730
v 0.040297 -0.182502 -0.127372
v 0.053005 -0.179940 -0.129409
v 0.064542 -0.177809 -0.131594
v 0.075141 -0.176099 -0.133680
v 0.085033 -0.174799 -0.135422
v 0.094448 -0.173893 -0.136570
v -0.232263 0.006117 -0.112154
v -0.263506 0.006772 -0.112281
v -0.295316 0.007766 -0.111923
v -0.327472 0.008812 -0.111267
v -0.359755 0.009632 -0.110498
v -0.391943 0.009942 -0.109799
v -0.423815 0.009459 -0.109357
v -0.485731 0.004980 -0.109979
v -0.516036 0.000606 -0.111073
v -0.546543 -0.005323 -0.112479
v -0.577737 -0.012902 -0.114045
v -0.610096 -0.022232 -0.115611
v -0.644100 -0.033406 -0.117023
v -0.680233 -0.046527 -0.118124
v -0.760801 -0.078984 -0.118772
v -0.805423 -0.098507 -0.118259
v -0.852543 -0.120341 -0.117316
v -0.901867 -0.144569 -0.116042
v -0.953101 -0.171278 -0.114534
v -1.005949 -0.200555 -0.112886
v -1.060118 -0.232481 -0.111199
v -1.171236 -0.304636 -0.108086
v -1.227237 -0.344328 -0.106802
v -1.282665 -0.385607 -0.105762
v -1.336866 -0.427851 -0.105009
v -1.389186 -0.470443 -0.104587
v -1.438973 -0.512765 -0.104540
v -1.485577 -0.554198 -0.104915
v 0.012056 0.027498 -0.096388
v 0.027229 0.029582 -0.097963
v 0.040897 0.031348 -0.100109
v 0.053306 0.032813 -0.102518
v 0.064703 0.034000 -0.104883
v 0.075336 0.034924 -0.106895
v 0.085450 0.035606 -0.108248
v -0.196874 -0.023532 -0.115570
v -0.192178 -0.052582 -0.119440
v -0.187718 -0.081108 -0.122922
v -0.183489 -0.109142 -0.125970
v -0.179488 -0.136717 -0.128539
v -0.175711 -0.163869 -0.130581
v -0.172155 -0.190634 -0.132048
v -0.652336 -0.260273 -0.134550
v -0.658513 -0.232905 -0.134285
v -0.665813 -0.205283 -0.133053
v -0.674229 -0.177363 -0.131037
v -0.683760 -0.149094 -0.128418
v -0.694396 -0.120423 -0.125378
v -0.706137 -0.091303 -0.122097
v -1.102422 -0.296855 -0.112918
v -1.090626 -0.326006 -0.115753
v -1.079927 -0.354672 -0.118131
v -1.070323 -0.382923 -0.120101
v -1.061816 -0.410831 -0.121720
v -1.054407 -0.438464 -0.123041
v -1.048095 -0.465896 -0.124119
v -1.961361 -1.065696 -0.134932
v -1.967659 -1.063584 -0.138919
v -0.443815 -0.021573 -0.113161
v -0.433405 -0.050554 -0.116969
v -0.423930 -0.079094 -0.120582
v -0.415390 -0.107245 -0.123808
v -0.407792 -0.135067 -0.126450
v -0.401137 -0.162608 -0.128311
v -0.395432 -0.189922 -0.129199
v -1.515616 -0.621901 -0.109521
v -1.503743 -0.649458 -0.112838
v -1.492752 -0.676803 -0.115866
v -1.482675 -0.703951 -0.118767
v -1.473543 -0.730914 -0.121700
v -1.465385 -0.757709 -0.124825
v -1.458236 -0.784348 -0.128301
v -0.281492 0.266364 -0.067708
v -0.319640 0.266776 -0.068894
v -0.358755 0.267530 -0.069786
v -0.398349 0.268351 -0.070503
v -0.437940 0.268970 -0.071158
v -0.477041 0.269119 -0.071869
v -0.515165 0.268525 -0.072749
v -0.586547 0.264031 -0.075482
v -0.619999 0.259753 -0.077259
v -0.652867 0.253973 -0.079053
v -0.685833 0.246583 -0.080670
v -0.719579 0.237472 -0.081921
v -0.754785 0.226534 -0.082611
v -0.792133 0.213655 -0.082549
v -0.875982 0.181647 -0.079398
v -0.922627 0.162333 -0.076368
v -0.971702 0.140713 -0.072701
v -1.022668 0.116714 -0.068649
v -1.074990 0.090258 -0.064460
v -1.128129 0.061277 -0.060385
v -1.181546 0.029692 -0.056676
v -0.005096 0.289279 -0.051496
v 0.011258 0.291464 -0.052932
v 0.025985 0.293319 -0.054855
v 0.039353 0.294871 -0.056995
v 0.051631 0.296129 -0.059081
v 0.063084 0.297117 -0.060842
v 0.073982 0.297848 -0.062007
v -0.239663 0.231468 -0.073005
v -0.234336 0.197154 -0.079519
v -0.228878 0.163584 -0.085668
v -0.223352 0.130739 -0.091466
v -0.217819 0.098593 -0.096920
v -0.212343 0.067117 -0.102048
v -0.206986 0.036289 -0.106856
v -0.732901 -0.031519 -0.115544
v -0.747579 -0.000758 -0.112275
v -0.762667 0.030638 -0.108771
v -0.777823 0.062717 -0.104858
v -0.792706 0.095522 -0.100356
v -0.806975 0.129095 -0.095087
v -0.820288 0.163485 -0.088876
v -1.220762 -0.040076 -0.064384
v -1.205989 -0.074756 -0.073893
v -1.190662 -0.108644 -0.082209
v -1.175053 -0.141768 -0.089440
v -1.159439 -0.174151 -0.095687
v -1.144094 -0.205823 -0.101055
v -1.129293 -0.236813 -0.105647
v -0.542198 0.231880 -0.080173
v -0.531217 0.197687 -0.085622
v -0.519208 0.164298 -0.090403
v -0.506498 0.131669 -0.094664
v -0.493412 0.099758 -0.098544
v -0.480277 0.068520 -0.102191
v -0.467414 0.037916 -0.105746
v -0.317722 0.579692 0.011084
v -0.355820 0.578527 0.010250
v -0.394566 0.577594 0.009670
v -0.433553 0.576700 0.009262
v -0.472376 0.575656 0.008940
v -0.510629 0.574277 0.008623
v -0.547905 0.572374 0.008226
v -0.617904 0.566240 0.006852
v -0.651022 0.561630 0.006039
v -0.683955 0.555740 0.005473
v -0.717504 0.548379 0.005401
v -0.752470 0.539352 0.006068
v -0.789657 0.528476 0.007724
v -0.829862 0.515558 0.010615
v -0.026491 0.608205 0.023907
v -0.008711 0.610528 0.022935
v 0.007294 0.612515 0.021595
v 0.021818 0.614183 0.020091
v 0.035157 0.615548 0.018625
v 0.047601 0.616623 0.017401
v 0.059444 0.617423 0.016622
v -0.276253 0.538049 -0.000831
v -0.271907 0.496060 -0.012758
v -0.267591 0.455242 -0.023633
v -0.263257 0.415534 -0.033569
v -0.258859 0.376874 -0.042675
v -0.254348 0.339199 -0.051060
v -0.249676 0.302449 -0.058837
v -0.842685 0.234879 -0.072908
v -0.851480 0.271777 -0.063082
v -0.858741 0.309274 -0.052167
v -0.864523 0.347218 -0.040272
v -0.868875 0.385453 -0.027504
v -0.871853 0.423832 -0.013966
v -0.873507 0.462199 0.000233
v -0.582488 0.530770 -0.005284
v -0.580773 0.491879 -0.017511
v -0.578473 0.453200 -0.028987
v -0.575407 0.414841 -0.039678
v -0.571391 0.376923 -0.049550
v -0.566244 0.339555 -0.058569
v -0.559783 0.302849 -0.066702
v -0.347262 0.940018 0.148772
v -0.382627 0.932855 0.146950
v -0.418096 0.925352 0.145233
v -0.453459 0.917594 0.143695
v -0.488507 0.909669 0.142409
v -0.523029 0.901664 0.141446
v -0.556815 0.893664 0.140877
v -0.621335 0.878019 0.141220
v -0.652291 0.870105 0.142179
v -0.682952 0.861645 0.143635
v -0.713747 0.852279 0.145566
v -0.745108 0.841649 0.147946
v -0.777465 0.829392 0.150756
v -0.811249 0.815148 0.153973
v -0.050557 0.986508 0.157444
v -0.031503 0.988934 0.156102
v -0.014356 0.991019 0.154528
v 0.001202 0.992776 0.152899
v 0.015486 0.994220 0.151390
v 0.028812 0.995363 0.150175
v 0.041495 0.996217 0.149432
v -0.873055 0.538295 0.030192
v -0.871166 0.575915 0.045944
v -0.868387 0.613313 0.062345
v -0.864882 0.650531 0.079495
v -0.860815 0.687620 0.097492
v -0.856352 0.724622 0.116439
v -0.851655 0.761585 0.136433
v -0.285224 0.625790 0.026617
v -0.289798 0.671285 0.042104
v -0.294298 0.717432 0.058574
v -0.298625 0.763915 0.075884
v -0.302679 0.810408 0.093888
v -0.306361 0.856593 0.112444
v -0.309572 0.902148 0.131405
v -0.589001 0.845340 0.120717
v -0.588406 0.805298 0.101751
v -0.587827 0.765573 0.083822
v -0.587227 0.726109 0.066870
v -0.586563 0.686851 0.050836
v -0.585797 0.647744 0.035664
v -0.584889 0.608731 0.021291
v -0.347893 1.260866 0.315445
v -0.381409 1.254657 0.316584
v -0.414918 1.247891 0.317754
v -0.448242 1.240514 0.319021
v -0.481199 1.232481 0.320453
v -0.513610 1.223739 0.322117
v -0.545295 1.214238 0.324079
v -0.062152 1.299561 0.298778
v -0.043675 1.301531 0.296580
v -0.027051 1.303223 0.294475
v -0.011975 1.304651 0.292567
v 0.001861 1.305834 0.290962
v 0.014765 1.306782 0.289766
v 0.027042 1.307512 0.289085
v -0.315492 1.229223 0.292232
v -0.316207 1.191331 0.270781
v -0.316633 1.152795 0.249848
v -0.316707 1.113504 0.229367
v -0.316366 1.073359 0.209272
v -0.315546 1.032257 0.189495
v -0.314182 0.990088 0.169969
v -0.590401 0.926594 0.161994
v -0.590980 0.967617 0.184168
v -0.591126 1.008580 0.207105
v -0.590573 1.049236 0.230611
v -0.589056 1.089345 0.254489
v -0.586310 1.128658 0.278544
v -0.582071 1.166936 0.302583
v -0.068082 1.542645 0.485920
v -0.051072 1.542853 0.485243
v -0.035737 1.542978 0.484587
v -0.021799 1.543066 0.483998
v -0.008982 1.543155 0.483521
v 0.002990 1.543283 0.483203
v 0.014396 1.543489 0.483088
v -0.292954 1.500305 0.473145
v -0.298963 1.471802 0.451661
v -0.303684 1.441211 0.429368
v -0.307306 1.408809 0.406506
v -0.310017 1.374869 0.383322
v -0.312002 1.339665 0.360058
v -0.313451 1.303474 0.336959
v -0.253876 1.590381 0.547714
v -0.265723 1.571156 0.530696
v -0.276325 1.549955 0.512703
v -2.086407 -2.022835 -0.198136
v -2.056330 -1.373454 -0.161770
v -1.993723 -1.916232 -0.233848
v -1.987147 -1.879884 -0.233621
v -1.979656 -1.843461 -0.233267
v -1.824626 -1.484945 -0.219655
v -1.798090 -1.446802 -0.217538
v -1.770246 -1.408682 -0.215360
v -1.741692 -1.371043 -0.213147
v -1.713026 -1.334346 -0.210924
v -1.684843 -1.299050 -0.208715
v -1.657740 -1.265616 -0.206549
v -1.566618 -0.631918 -0.107106
v -1.600948 -0.667806 -0.108896
v -1.631879 -0.702003 -0.111057
v -1.659952 -0.734727 -0.113517
v -1.685715 -0.766197 -0.116206
v -1.709713 -0.796634 -0.119053
v -1.732488 -0.826252 -0.121988
v -1.489102 -0.845201 -0.134295
v -1.522050 -0.877246 -0.136444
v -1.551690 -0.907485 -0.138732
v -1.578736 -0.936422 -0.141152
v -1.603907 -0.964561 -0.143696
v -1.627920 -0.992409 -0.146359
v -1.651496 -1.020469 -0.149134
v -1.667872 -1.073537 -0.157192
v -1.661233 -1.097370 -0.162921
v -1.655314 -1.120816 -0.169121
v -1.649994 -1.143941 -0.175714
v -1.645155 -1.166806 -0.182624
v -1.640675 -1.189480 -0.189766
v -1.636434 -1.212023 -0.197069
v -1.744477 -0.877388 -0.127854
v -1.734064 -0.900564 -0.130703
v -1.723531 -0.924575 -0.133589
v -1.713057 -0.949191 -0.136608
v -1.702820 -0.974193 -0.139862
v -1.693005 -0.999354 -0.143449
v -1.683788 -1.024447 -0.147467
v -1.958035 -1.714519 -0.169093
v -1.925455 -1.631799 -0.165688
v 0.116356 -0.655627 -0.147444
v 0.111180 -0.655847 -0.147331
v 0.105742 -0.656099 -0.147129
v 0.099913 -0.656391 -0.146895
v 0.093562 -0.656730 -0.146683
v 0.086561 -0.657121 -0.146549
v 0.107968 -0.463237 -0.154510
v 0.101189 -0.464498 -0.153501
v 0.094077 -0.466437 -0.151966
v 0.086467 -0.469059 -0.150097
v 0.078192 -0.472359 -0.148089
v 0.069085 -0.476343 -0.146133
v 0.058977 -0.481008 -0.144423
v -0.128516 -0.428055 -0.129584
v -0.098855 -0.409801 -0.131339
v -0.072635 -0.394471 -0.132390
v -0.049169 -0.381284 -0.133041
v -0.027762 -0.369449 -0.133593
v -0.008321 -0.358865 -0.134214
v 0.009252 -0.349423 -0.135064
v -0.142747 -0.215339 -0.132061
v -0.117399 -0.212725 -0.130797
v -0.092931 -0.209399 -0.129292
v -0.069510 -0.205557 -0.127731
v -0.047298 -0.201398 -0.126307
v -0.026459 -0.197117 -0.125208
v -0.007156 -0.192911 -0.124618
v -0.172361 0.006950 -0.109713
v -0.144048 0.008559 -0.107467
v -0.116989 0.010762 -0.104877
v -0.091310 0.013395 -0.102199
v -0.067135 0.016299 -0.099686
v -0.044588 0.019318 -0.097594
v -0.023790 0.022299 -0.096177
v -0.210040 0.267634 -0.063998
v -0.177248 0.269433 -0.061553
v -0.146450 0.271801 -0.058970
v -0.117674 0.274583 -0.056447
v -0.090946 0.277624 -0.054176
v -0.066297 0.280769 -0.052352
v -0.043754 0.283865 -0.051168
v -0.245091 0.583457 0.013853
v -0.211079 0.586127 0.015722
v -0.178751 0.589161 0.017716
v -0.148222 0.592434 0.019684
v -0.119603 0.595832 0.021477
v -0.093009 0.599230 0.022945
v -0.068550 0.602504 0.023939
v -0.277687 0.952979 0.152445
v -0.243938 0.958710 0.154156
v -0.211216 0.963965 0.155693
v -0.179775 0.968759 0.156986
v -0.149864 0.973116 0.157971
v -0.121735 0.977051 0.158576
v -0.095639 0.980583 0.158736
v -0.281566 1.271812 0.312990
v -0.249200 1.276618 0.311605
v -0.217716 1.281006 0.310113
v -0.187380 1.284992 0.308510
v -0.158455 1.288595 0.306796
v -0.131206 1.291836 0.304967
v -0.105895 1.294729 0.303023
v -0.259844 1.530570 0.492052
v -0.233655 1.533900 0.490817
v -0.207303 1.536527 0.489818
v -0.181186 1.538545 0.489004
v -0.155702 1.540043 0.488322
v -0.131252 1.541111 0.487725
v -0.108233 1.541839 0.487159
v -0.085329 1.563370 0.505667
v -0.082953 1.581959 0.523053
v -0.080008 1.598436 0.538973
v -0.084036 1.332650 0.323201
v -0.085300 1.367235 0.346607
v -0.086469 1.400764 0.370733
v -0.087435 1.432945 0.395134
v -0.088085 1.463484 0.419364
v -0.088311 1.492088 0.442977
v -0.088000 1.518464 0.465529
v -0.073915 1.027449 0.175280
v -0.075664 1.069547 0.191906
v -0.077141 1.110189 0.208524
v -0.078415 1.149539 0.225407
v -0.079549 1.187762 0.242822
v -0.080613 1.225020 0.261040
v -0.081670 1.261479 0.280330
v -0.049745 0.651597 0.038655
v -0.053225 0.698857 0.054186
v -0.056710 0.746888 0.070651
v -0.060131 0.795268 0.087805
v -0.063423 0.843569 0.105402
v -0.066515 0.891363 0.123195
v -0.069339 0.938224 0.140937
v -0.025902 0.322749 -0.043968
v -0.028530 0.359637 -0.036674
v -0.031237 0.397518 -0.028794
v -0.034036 0.436504 -0.020188
v -0.036935 0.476691 -0.010715
v -0.039945 0.518190 -0.000235
v -0.043077 0.561103 0.011393
v -0.007001 0.055446 -0.090934
v -0.009182 0.086437 -0.085959
v -0.011411 0.118075 -0.080751
v -0.013689 0.150380 -0.075300
v -0.016020 0.183377 -0.069594
v -0.018405 0.217090 -0.063618
v -0.020846 0.251539 -0.057365
v 0.008720 -0.165848 -0.122147
v 0.006935 -0.141507 -0.119228
v 0.005095 -0.116042 -0.115993
v 0.003203 -0.089541 -0.112456
v 0.001258 -0.062090 -0.108640
v -0.000737 -0.033780 -0.104562
v -0.002779 -0.004695 -0.100240
v 0.022833 -0.323696 -0.135337
v 0.020793 -0.306217 -0.134318
v 0.018900 -0.288421 -0.133205
v 0.017121 -0.270147 -0.131958
v 0.015420 -0.251230 -0.130530
v 0.013764 -0.231503 -0.128877
v 0.012118 -0.210808 -0.126959
v 0.044719 -0.466837 -0.142468
v 0.041709 -0.447855 -0.141715
v 0.038708 -0.429333 -0.140907
v 0.035751 -0.411197 -0.140051
v 0.032873 -0.393374 -0.139153
v 0.030108 -0.375787 -0.138225
v 0.027490 -0.358363 -0.137274
v 0.050631 -0.506487 -0.143764
v 0.053507 -0.527152 -0.144308
v 0.056339 -0.548274 -0.144798
v 0.059134 -0.569781 -0.145240
v 0.061899 -0.591592 -0.145646
v 0.064643 -0.613631 -0.146022
v 0.067371 -0.635824 -0.146381
v -0.067723 -0.621720 -0.091010
v -2.033561 -1.693337 -0.181114
v -2.030550 -1.680943 -0.180441
v -2.028255 -1.667492 -0.179468
v -2.026973 -1.652757 -0.178155
v -2.026521 -1.636113 -0.176596
v -2.026716 -1.616932 -0.174888
v -2.079391 -1.684663 -0.167959
v -2.079742 -1.704748 -0.168305
v -2.079679 -1.720889 -0.168792
v -2.078922 -1.733074 -0.169475
v -2.077194 -1.741294 -0.170407
v -2.071650 -1.749534 -0.172886
v -2.064696 -1.753003 -0.175964
v -2.057464 -1.752862 -0.179012
v -2.047256 -1.736038 -0.181527
v -2.038443 -1.254766 -0.157615
v -2.047774 -1.293857 -0.159783
v -2.055885 -1.333233 -0.161632
v -2.022984 -1.353221 -0.160075
v -2.015877 -1.325798 -0.159016
v -2.006587 -1.293672 -0.157590
v -1.995247 -1.257685 -0.155769
v -1.981989 -1.218684 -0.153523
v -1.966783 -1.176328 -0.150794
v -1.949606 -1.130278 -0.147524
v -2.067822 -1.413131 -0.164379
v -2.071700 -1.453183 -0.165321
v -2.074462 -1.492579 -0.166035
v -2.076321 -1.530771 -0.166563
v -2.077485 -1.567220 -0.166950
v -2.078164 -1.601377 -0.167239
v -2.078568 -1.632700 -0.167474
v -2.028302 -1.568468 -0.171400
v -2.029299 -1.539574 -0.169708
v -2.030148 -1.508931 -0.168043
v -2.030637 -1.477552 -0.166397
v -2.030555 -1.446457 -0.164763
v -2.029908 -1.417131 -0.163204
v -2.028708 -1.391055 -0.161780
v -1.301651 0.343847 0.093500
v -1.274083 0.398273 0.110395
v -1.247983 0.447006 0.126353
v -1.222597 0.491966 0.141868
v -1.197168 0.535071 0.157431
v -1.171266 0.577386 0.173301
v -1.667779 -0.320316 -0.030652
v -1.660075 -0.321792 -0.034468
v -1.647844 -0.323923 -0.039030
v -1.807397 -0.712826 -0.097572
v -1.789799 -0.670779 -0.091951
v -1.770650 -0.626136 -0.085974
v -1.749480 -0.578309 -0.079556
v -1.725819 -0.526706 -0.072612
v -1.698682 -0.469809 -0.064937
v -1.667087 -0.406104 -0.056321
v -1.368281 0.267995 0.084393
v -1.388635 0.262572 0.091327
v -1.775027 -0.496249 -0.066480
v -1.795160 -0.549161 -0.074939
v -1.813829 -0.599128 -0.082504
v -1.831309 -0.646631 -0.089356
v -1.847873 -0.692158 -0.095680
v -1.597522 -0.240308 -0.028344
v -1.570600 -0.164650 -0.012474
v -1.541900 -0.091379 0.003110
v -1.510370 -0.019602 0.018215
v -1.474960 0.051580 0.032652
v -1.435122 0.122865 0.046473
v -1.390309 0.194953 0.059736
v -1.916286 -1.022432 -0.137475
v -1.905393 -0.979884 -0.132469
v -1.894243 -0.940678 -0.127614
v -1.882342 -0.903312 -0.122819
v -1.869201 -0.866286 -0.117992
v -1.854978 -0.829163 -0.113093
v -1.839832 -0.791505 -0.108082
v -1.879359 -0.779209 -0.107477
v -1.894565 -0.821325 -0.113112
v -1.905382 -1.366058 -0.175092
v -1.928154 -1.406824 -0.176234
v -1.949495 -1.446499 -0.176889
v -1.969175 -1.483832 -0.177008
v -1.986962 -1.517574 -0.176542
v -2.002699 -1.547460 -0.175641
v -2.016222 -1.573221 -0.174451
v -2.034799 -1.721343 -0.185820
v -2.027870 -1.728359 -0.190579
v -2.019941 -1.737127 -0.196036
v -2.011181 -1.747868 -0.202224
v -2.001756 -1.760802 -0.209181
v -1.991835 -1.775382 -0.216714
v -1.981582 -1.791058 -0.224630
v -1.886781 -1.296345 -0.169189
v -1.892872 -1.266618 -0.165199
v -1.899426 -1.236437 -0.161472
v -1.906188 -1.205970 -0.157941
v -1.912902 -1.175389 -0.154541
v -1.919185 -1.144293 -0.151129
v -1.924649 -1.112285 -0.147562
v -2.098657 -1.672078 -0.165885
v -2.087949 -1.666051 -0.166982
v -2.070637 -1.372458 -0.164588
v -2.080166 -1.371931 -0.165987
v -2.091001 -1.371388 -0.167300
v -2.073580 -1.771622 -0.175586
v -2.079845 -1.796072 -0.176745
v -2.086842 -1.824397 -0.177791
v -2.094370 -1.856244 -0.178677
v -1.905031 -1.044159 -0.141374
v -1.883698 -1.017574 -0.139621
v -1.862558 -0.991875 -0.137733
v -1.841392 -0.966151 -0.135634
v -1.819984 -0.939490 -0.133246
v -1.798362 -0.912029 -0.130629
v -1.776554 -0.883910 -0.127841
v -1.764218 -0.834438 -0.121866
v -1.773498 -0.815335 -0.118727
v -1.782562 -0.798409 -0.115622
v -1.791542 -0.784108 -0.112646
v -1.800568 -0.772877 -0.109898
v -1.809242 -0.764245 -0.107368
v -1.817158 -0.757734 -0.105046
v -1.872070 -0.734239 -0.103613
v -1.576930 -0.277771 -0.044535
v -1.531292 -0.237108 -0.044981
v -1.484988 -0.198202 -0.046040
v -1.437599 -0.159657 -0.047332
v -1.388695 -0.120075 -0.048481
v -1.338460 -0.080403 -0.049737
v -1.287071 -0.041584 -0.051353
v -1.247546 0.031783 -0.041381
v -1.259787 0.068246 -0.027978
v -1.271934 0.104082 -0.013566
v -1.284491 0.138553 0.001658
v -1.297965 0.170922 0.017500
v -1.311415 0.202754 0.034229
v -1.323906 0.235628 0.052113
v -1.619259 -0.375069 -0.058611
v -1.609183 -0.412772 -0.068423
v -1.597176 -0.446710 -0.076825
v -1.583902 -0.478149 -0.084121
v -1.570026 -0.508363 -0.090613
v -1.555904 -0.537598 -0.096350
v -1.541890 -0.566103 -0.101381
v -1.267625 0.321789 0.068931
v -1.206751 0.357206 0.062135
v -1.146793 0.388085 0.054094
v -1.087944 0.415459 0.045424
v -1.030400 0.440368 0.036743
v -0.974990 0.462822 0.028488
v -0.922544 0.482830 0.021091
v -0.884817 0.779255 0.161539
v -0.923791 0.758554 0.166046
v -0.962570 0.737749 0.171281
v -0.999911 0.718148 0.177421
v -1.034575 0.701055 0.184652
v -1.065941 0.686384 0.192382
v -1.093394 0.674041 0.200025
v -0.842220 0.835578 0.179965
v -0.837810 0.872230 0.203343
v -0.833823 0.908090 0.227448
v -0.830425 0.942740 0.252022
v -0.827779 0.975752 0.276806
v -0.824250 1.008644 0.302042
v -0.818205 1.042934 0.327975
v -0.740732 1.128859 0.350941
v -0.714428 1.143263 0.345845
v -0.688697 1.155982 0.340703
v -0.662036 1.168597 0.336252
v -0.634404 1.180919 0.332429
v -0.605762 1.192759 0.329171
v -0.568049 1.239396 0.349825
v -0.558511 1.273188 0.372816
v -0.547965 1.305154 0.395361
v -0.536919 1.335142 0.417443
v -0.525884 1.363003 0.439044
v -0.403562 1.490879 0.503905
v -0.380556 1.500276 0.501863
v -0.357460 1.508444 0.499693
v -0.334060 1.515471 0.497510
v -0.310137 1.521445 0.495432
v -1.829118 -0.749181 -0.100984
v -1.835504 -0.744918 -0.097019
v -1.945897 -1.070245 -0.139716
v -1.939756 -1.072521 -0.141417
v -2.035984 -1.611309 -0.171807
v -2.042350 -1.623995 -0.170359
v -2.046759 -1.633280 -0.168639
v -1.852347 -0.739156 -0.098042
v -1.857308 -0.737798 -0.099855
v -2.071817 -1.656531 -0.167974
v -2.066406 -1.653597 -0.167719
v -2.062403 -1.651724 -0.166852
v 0.392453 -0.435027 -0.111868
v 0.377948 -0.197183 -0.119028
v 0.598821 -0.395649 -0.067099
v 0.598745 -0.181120 -0.103823
v 0.861660 -0.446535 -0.054745
v 0.859690 -0.232699 -0.095448
v 1.270555 -0.626529 -0.070340
v 1.268218 -0.409243 -0.066394
v 1.695288 -0.905966 -0.102070
v 1.699255 -0.696363 -0.052367
v 2.166260 -1.178410 -0.070859
v 2.293599 -1.652358 -0.124578
v 0.393543 0.027708 -0.096261
v 0.645661 0.047889 -0.081437
v 0.913970 -0.002366 -0.077345
v 1.323190 -0.178566 -0.047723
v 1.758118 -0.474736 -0.022406
v 0.415187 0.290533 -0.049377
v 0.721384 0.313171 -0.041625
v 1.006093 0.265512 -0.034917
v 1.420243 0.091873 0.013752
v 0.424138 0.606875 0.030133
v 0.727140 0.617380 0.040910
v 1.020753 0.569230 0.063039
v 0.422043 0.973427 0.169250
v 0.703319 0.932723 0.173570
v 0.965021 0.864376 0.203528
v 0.392900 1.292267 0.332212
v 0.657322 1.248732 0.357690
v 0.336012 1.549025 0.509336
v 2.003384 -0.718757 -0.029633
v 1.939893 -0.917921 -0.060327
v 1.223582 -0.606702 -0.053884
v 0.172659 -0.654368 -0.144129
v 0.182325 -0.481467 -0.139737
v 0.194002 -0.334884 -0.132023
v 0.196939 -0.182203 -0.120000
v 0.195204 0.032343 -0.090616
v 0.192363 0.294587 -0.045348
v 0.188349 0.614063 0.030262
v 0.179529 0.992860 0.164756
v 0.160491 1.306138 0.307130
v 0.137564 1.550483 0.492271
v 2.331146 -1.436264 -0.062586
v 2.193742 -0.925667 -0.038687
v 1.833246 -0.200979 0.042198
v 1.493113 0.377979 0.145230
v 0.114581 -0.462657 -0.154799
v 0.121397 -0.655435 -0.147415
v -0.016257 -0.643152 -0.152395
v -0.076461 -0.546566 -0.149105
v -0.166378 -0.455326 -0.126040
v -0.168815 -0.217046 -0.132895
v 0.108840 -0.307903 -0.150087
v -0.377060 -0.431102 -0.091849
v -0.390680 -0.217063 -0.128918
v -0.647288 -0.287441 -0.133668
v -1.042884 -0.493199 -0.125007
v -1.430457 -1.019513 -0.181344
v -1.452123 -0.810841 -0.132290
v -1.849261 -1.522650 -0.221684
v -1.881409 -1.325447 -0.173512
v -1.971163 -1.807282 -0.232739
v 0.103619 -0.173373 -0.136881
v -0.201808 0.006081 -0.111360
v -0.455152 0.007899 -0.109356
v -0.718973 -0.061685 -0.118759
v -1.115311 -0.267148 -0.109566
v -1.528342 -0.594122 -0.105755
v 0.095294 0.036067 -0.108635
v -0.244796 0.266558 -0.066115
v -0.551830 0.266919 -0.073915
v -0.832305 0.198730 -0.081543
v -1.234707 -0.004571 -0.053581
v 0.084591 0.298344 -0.062307
v -0.280676 0.581272 0.012257
v -0.583799 0.569757 0.007663
v -0.873891 0.500406 0.014988
v 0.070982 0.617965 0.016489
v -0.312211 0.946755 0.150628
v -0.589653 0.885751 0.140778
v -0.846890 0.798557 0.157575
v 0.053851 0.996796 0.149334
v -0.314552 1.266568 0.314269
v -0.576072 1.203928 0.326408
v 0.039002 1.308043 0.289024
v -0.285470 1.526450 0.493573
v 0.025512 1.543813 0.483223
v -1.632315 -1.234502 -0.204449
v -1.754588 -0.855272 -0.124941
v -1.675350 -1.049250 -0.152015
v 0.070093 -0.658094 -0.146730
v 0.047704 -0.486357 -0.143152
v 0.025053 -0.341024 -0.136308
v 0.010449 -0.188976 -0.124730
v -0.004867 0.025076 -0.095691
v -0.023344 0.286752 -0.050819
v -0.046340 0.605538 0.024310
v -0.071830 0.983729 0.158381
v -0.082789 1.297299 0.300960
v -0.087042 1.542322 0.486575
v -2.027370 -1.594593 -0.173124
v -2.078907 -1.660643 -0.167700
v -2.040558 -1.715858 -0.181722
v -1.928738 -1.075422 -0.143239
v -2.062622 -1.372965 -0.163164
v -2.027324 -1.372367 -0.160724
v -1.626297 -0.326651 -0.045540
v -1.334694 0.275257 0.073512
v -1.863799 -0.736190 -0.101659
v -1.823918 -0.752871 -0.102921
vn -0.0011 0.0432 -0.9991
vn -0.0075 0.0407 -0.9991
vn 0.0111 0.0345 -0.9993
vn 0.0196 0.0361 -0.9992
vn 0.0367 0.0269 -0.9990
vn 0.0481 0.0281 -0.9984
vn 0.0727 0.0180 -0.9972
vn 0.0882 0.0188 -0.9959
vn -0.0212 0.0460 -0.9987
vn -0.0251 0.0436 -0.9987
vn -0.0131 0.0391 -0.9991
vn -0.0075 0.0408 -0.9991
vn 0.0248 0.0264 -0.9993
vn 0.0559 0.0176 -0.9983
vn -0.0282 0.0423 -0.9987
vn -0.0184 0.0384 -0.9991
vn 0.0123 0.0264 -0.9996
vn 0.0377 0.0178 -0.9991
vn -0.0288 0.0416 -0.9987
vn -0.0203 0.0379 -0.9991
vn -0.0092 0.0538 -0.9985
vn 0.0064 0.0464 -0.9989
vn 0.0153 0.0504 -0.9986
vn -0.0007 0.0592 -0.9982
vn 0.0256 0.0551 -0.9982
vn 0.0098 0.0655 -0.9978
vn 0.0374 0.0607 -0.9975
vn 0.0224 0.0727 -0.9971
vn 0.0285 0.0384 -0.9989
vn 0.0381 0.0413 -0.9984
vn 0.0485 0.0449 -0.9978
vn 0.0598 0.0491 -0.9970
vn 0.0593 0.0297 -0.9978
vn 0.0703 0.0319 -0.9970
vn 0.0813 0.0347 -0.9961
vn 0.0924 0.0381 -0.9950
vn 0.1025 0.0202 -0.9945
vn 0.1157 0.0221 -0.9930
vn 0.1279 0.0246 -0.9915
vn 0.1390 0.0276 -0.9899
vn -0.0265 0.0552 -0.9981
vn -0.0200 0.0610 -0.9979
vn -0.0267 0.0678 -0.9973
vn -0.0333 0.0606 -0.9976
vn -0.0298 0.0744 -0.9968
vn -0.0369 0.0657 -0.9972
vn -0.0113 0.0678 -0.9976
vn -0.0175 0.0764 -0.9969
vn -0.0200 0.0848 -0.9962
vn -0.0002 0.0759 -0.9971
vn -0.0057 0.0864 -0.9962
vn -0.0072 0.0970 -0.9953
vn 0.0133 0.0852 -0.9963
vn 0.0091 0.0980 -0.9951
vn 0.0089 0.1109 -0.9938
vn -0.0311 0.0506 -0.9982
vn -0.0339 0.0472 -0.9983
vn -0.0355 0.0451 -0.9984
vn -0.0353 0.0442 -0.9984
vn -0.0377 0.0547 -0.9978
vn -0.0401 0.0502 -0.9979
vn -0.0408 0.0472 -0.9981
vn -0.0415 0.0586 -0.9974
vn 0.2914 0.0330 -0.9560
vn 0.2893 0.0405 -0.9564
vn 0.2815 0.0382 -0.9588
vn 0.2825 0.0316 -0.9588
vn 0.2558 0.0373 -0.9660
vn 0.2555 0.0317 -0.9663
vn 0.2179 0.0385 -0.9752
vn 0.2161 0.0343 -0.9758
vn 0.1725 0.0424 -0.9841
vn 0.1694 0.0397 -0.9848
vn 0.2863 0.0480 -0.9569
vn 0.2794 0.0449 -0.9591
vn 0.2548 0.0430 -0.9660
vn 0.2180 0.0429 -0.9750
vn 0.1737 0.0449 -0.9838
vn 0.2827 0.0555 -0.9576
vn 0.2764 0.0518 -0.9597
vn 0.2525 0.0489 -0.9664
vn 0.2163 0.0473 -0.9752
vn 0.1726 0.0473 -0.9839
vn 0.2787 0.0628 -0.9583
vn 0.2725 0.0587 -0.9604
vn 0.2489 0.0549 -0.9670
vn 0.2129 0.0517 -0.9757
vn 0.1690 0.0494 -0.9844
vn 0.2820 0.0251 -0.9591
vn 0.2920 0.0256 -0.9561
vn 0.2797 0.0189 -0.9599
vn 0.2909 0.0182 -0.9566
vn 0.2750 0.0129 -0.9614
vn 0.2873 0.0109 -0.9578
vn 0.2672 0.0070 -0.9636
vn 0.2804 0.0037 -0.9599
vn 0.2536 0.0264 -0.9669
vn 0.2499 0.0213 -0.9680
vn 0.2441 0.0165 -0.9696
vn 0.2356 0.0118 -0.9718
vn 0.2127 0.0301 -0.9767
vn 0.2075 0.0261 -0.9779
vn 0.2004 0.0223 -0.9795
vn 0.1912 0.0186 -0.9814
vn 0.1643 0.0369 -0.9857
vn 0.1574 0.0339 -0.9869
vn 0.1490 0.0309 -0.9884
vn 0.2771 0.0269 -0.9605
vn 0.2756 0.0352 -0.9606
vn 0.2302 0.0281 -0.9727
vn 0.2283 0.0372 -0.9729
vn 0.1458 0.0277 -0.9889
vn 0.1442 0.0374 -0.9888
vn 0.0244 0.0245 -0.9994
vn 0.0241 0.0344 -0.9991
vn 0.2769 0.0185 -0.9607
vn 0.2307 0.0186 -0.9728
vn 0.1466 0.0176 -0.9890
vn 0.0248 0.0140 -0.9996
vn 0.2744 0.0099 -0.9616
vn 0.2293 0.0090 -0.9733
vn 0.1462 0.0070 -0.9892
vn 0.0252 0.0032 -0.9997
vn 0.2687 0.0013 -0.9632
vn 0.2252 -0.0010 -0.9743
vn 0.1442 -0.0039 -0.9895
vn 0.0257 -0.0081 -0.9996
vn 0.2729 0.0434 -0.9611
vn 0.2694 0.0515 -0.9617
vn 0.2655 0.0593 -0.9623
vn 0.2616 0.0668 -0.9629
vn 0.2254 0.0460 -0.9732
vn 0.2220 0.0544 -0.9735
vn 0.2185 0.0624 -0.9738
vn 0.2150 0.0699 -0.9741
vn 0.1421 0.0466 -0.9888
vn 0.1397 0.0553 -0.9887
vn 0.1372 0.0634 -0.9885
vn 0.1350 0.0709 -0.9883
vn 0.0237 0.0439 -0.9988
vn 0.0234 0.0528 -0.9983
vn 0.0231 0.0609 -0.9979
vn 0.0228 0.0684 -0.9974
vn 0.1434 -0.1184 -0.9826
vn 0.1653 -0.1306 -0.9776
vn 0.1639 -0.1072 -0.9806
vn 0.1403 -0.0984 -0.9852
vn 0.1528 -0.0833 -0.9847
vn 0.1291 -0.0784 -0.9885
vn 0.1329 -0.0610 -0.9893
vn 0.1110 -0.0596 -0.9920
vn 0.1053 -0.0427 -0.9935
vn 0.0868 -0.0425 -0.9953
vn 0.1896 -0.1383 -0.9721
vn 0.1916 -0.1116 -0.9751
vn 0.1830 -0.0822 -0.9797
vn 0.1615 -0.0540 -0.9854
vn 0.1272 -0.0337 -0.9913
vn 0.2154 -0.1419 -0.9661
vn 0.2232 -0.1124 -0.9683
vn 0.2217 -0.0775 -0.9720
vn 0.2059 -0.0381 -0.9778
vn 0.1580 -0.0114 -0.9874
vn 0.2295 -0.1417 -0.9629
vn 0.2407 -0.1103 -0.9643
vn 0.2436 -0.0722 -0.9672
vn 0.2293 -0.0252 -0.9730
vn 0.1870 0.0348 -0.9817
vn 0.1203 -0.0841 -0.9892
vn 0.1245 -0.1006 -0.9871
vn 0.1035 -0.0635 -0.9926
vn 0.1082 -0.0768 -0.9912
vn 0.0894 -0.0368 -0.9953
vn 0.0944 -0.0471 -0.9944
vn 0.0777 -0.0049 -0.9970
vn 0.0830 -0.0120 -0.9965
vn 0.1096 -0.0672 -0.9917
vn 0.0930 -0.0495 -0.9944
vn 0.0789 -0.0258 -0.9965
vn 0.0672 0.0032 -0.9977
vn 0.0927 -0.0506 -0.9944
vn 0.0768 -0.0352 -0.9964
vn 0.0631 -0.0140 -0.9979
vn 0.0516 0.0122 -0.9986
vn 0.0702 -0.0345 -0.9969
vn 0.0553 -0.0206 -0.9983
vn 0.0421 -0.0014 -0.9991
vn 0.0308 0.0222 -0.9993
vn 0.1220 -0.1161 -0.9857
vn 0.1392 -0.1369 -0.9808
vn 0.1131 -0.1304 -0.9850
vn 0.1284 -0.1536 -0.9798
vn 0.0974 -0.1434 -0.9849
vn 0.1106 -0.1688 -0.9794
vn 0.0745 -0.1554 -0.9850
vn 0.0855 -0.1827 -0.9795
vn 0.1069 -0.0893 -0.9903
vn 0.0994 -0.1009 -0.9899
vn 0.0855 -0.1116 -0.9901
vn 0.0648 -0.1213 -0.9905
vn 0.0938 -0.0566 -0.9940
vn 0.0875 -0.0654 -0.9940
vn 0.0753 -0.0733 -0.9945
vn 0.0569 -0.0804 -0.9951
vn 0.0830 -0.0184 -0.9964
vn 0.0778 -0.0240 -0.9967
vn 0.0671 -0.0289 -0.9973
vn 0.0509 -0.0331 -0.9982
vn 0.1583 -0.1520 -0.9756
vn 0.1790 -0.1620 -0.9704
vn 0.2004 -0.1672 -0.9653
vn 0.2119 -0.1681 -0.9627
vn 0.1450 -0.1710 -0.9746
vn 0.1624 -0.1827 -0.9697
vn 0.1804 -0.1890 -0.9653
vn 0.1896 -0.1908 -0.9631
vn 0.1249 -0.1879 -0.9742
vn 0.1397 -0.2010 -0.9696
vn 0.1549 -0.2082 -0.9657
vn 0.1623 -0.2106 -0.9640
vn 0.0975 -0.2033 -0.9743
vn 0.1102 -0.2175 -0.9698
vn 0.1234 -0.2255 -0.9664
vn 0.1293 -0.2283 -0.9650
vn -0.0109 -0.2192 -0.9756
vn -0.0129 -0.2438 -0.9697
vn 0.0100 -0.2380 -0.9712
vn 0.0079 -0.2139 -0.9768
vn 0.0369 -0.2290 -0.9727
vn 0.0309 -0.2057 -0.9781
vn 0.0666 -0.2172 -0.9739
vn 0.0571 -0.1951 -0.9791
vn -0.0135 -0.2613 -0.9652
vn 0.0135 -0.2550 -0.9669
vn 0.0442 -0.2451 -0.9685
vn 0.0769 -0.2324 -0.9696
vn -0.0126 -0.2717 -0.9623
vn 0.0183 -0.2649 -0.9641
vn 0.0524 -0.2545 -0.9657
vn 0.0881 -0.2411 -0.9665
vn -0.0144 -0.2755 -0.9612
vn 0.0186 -0.2688 -0.9630
vn 0.0548 -0.2581 -0.9646
vn 0.0924 -0.2444 -0.9653
vn 0.0072 -0.1825 -0.9832
vn -0.0074 -0.1872 -0.9823
vn 0.0080 -0.1438 -0.9896
vn -0.0024 -0.1481 -0.9890
vn 0.0104 -0.0980 -0.9951
vn 0.0039 -0.1019 -0.9948
vn 0.0144 -0.0454 -0.9989
vn 0.0116 -0.0490 -0.9987
vn 0.0262 -0.1754 -0.9842
vn 0.0230 -0.1377 -0.9902
vn 0.0216 -0.0929 -0.9954
vn 0.0218 -0.0413 -0.9989
vn 0.0489 -0.1662 -0.9849
vn 0.0422 -0.1301 -0.9906
vn 0.0372 -0.0870 -0.9955
vn 0.0341 -0.0372 -0.9987
vn -0.0171 -0.1891 -0.9818
vn -0.0248 -0.2211 -0.9749
vn -0.0220 -0.1877 -0.9820
vn -0.0335 -0.2192 -0.9751
vn -0.0220 -0.1825 -0.9830
vn -0.0370 -0.2131 -0.9763
vn -0.0174 -0.1733 -0.9847
vn -0.0353 -0.2022 -0.9787
vn -0.0081 -0.1501 -0.9886
vn -0.0093 -0.1494 -0.9887
vn -0.0061 -0.1457 -0.9893
vn 0.0011 -0.1385 -0.9904
vn 0.0020 -0.1042 -0.9946
vn 0.0042 -0.1046 -0.9945
vn 0.0102 -0.1028 -0.9947
vn 0.0195 -0.0983 -0.9950
vn 0.0130 -0.0519 -0.9986
vn 0.0182 -0.0538 -0.9984
vn 0.0266 -0.0543 -0.9982
vn 0.0376 -0.0531 -0.9979
vn -0.0310 -0.2459 -0.9688
vn -0.0357 -0.2636 -0.9640
vn -0.0388 -0.2742 -0.9609
vn -0.0425 -0.2778 -0.9597
vn -0.0437 -0.2438 -0.9688
vn -0.0524 -0.2614 -0.9638
vn -0.0594 -0.2721 -0.9604
vn -0.0647 -0.2753 -0.9592
vn -0.0508 -0.2370 -0.9702
vn -0.0632 -0.2543 -0.9651
vn -0.0740 -0.2648 -0.9615
vn -0.0805 -0.2673 -0.9602
vn -0.0524 -0.2251 -0.9729
vn -0.0681 -0.2417 -0.9679
vn -0.0822 -0.2520 -0.9642
vn -0.0898 -0.2536 -0.9631
vn -0.0165 -0.1142 -0.9933
vn -0.0388 -0.1290 -0.9909
vn -0.0442 -0.1592 -0.9863
vn -0.0222 -0.1419 -0.9896
vn -0.0481 -0.1857 -0.9814
vn -0.0270 -0.1661 -0.9857
vn -0.0507 -0.2079 -0.9768
vn -0.0312 -0.1865 -0.9820
vn -0.0607 -0.1402 -0.9883
vn -0.0656 -0.1721 -0.9829
vn -0.0684 -0.2001 -0.9774
vn -0.0691 -0.2235 -0.9722
vn -0.0816 -0.1475 -0.9857
vn -0.0858 -0.1803 -0.9799
vn -0.0872 -0.2091 -0.9740
vn -0.0860 -0.2333 -0.9686
vn -0.0911 -0.1451 -0.9852
vn -0.0953 -0.1789 -0.9792
vn -0.0965 -0.2088 -0.9732
vn -0.0947 -0.2339 -0.9676
vn -0.0001 -0.1205 -0.9927
vn 0.0057 -0.0962 -0.9953
vn 0.0216 -0.0955 -0.9952
vn 0.0270 -0.0753 -0.9968
vn 0.0421 -0.0672 -0.9968
vn 0.0470 -0.0519 -0.9975
vn 0.0611 -0.0360 -0.9975
vn 0.0652 -0.0261 -0.9975
vn -0.0055 -0.1418 -0.9899
vn 0.0158 -0.1131 -0.9935
vn 0.0364 -0.0803 -0.9961
vn 0.0556 -0.0439 -0.9975
vn -0.0111 -0.1596 -0.9871
vn 0.0092 -0.1276 -0.9918
vn 0.0291 -0.0908 -0.9954
vn 0.0481 -0.0497 -0.9976
vn 0.0119 -0.0694 -0.9975
vn -0.0096 -0.0839 -0.9964
vn 0.0189 -0.0408 -0.9990
vn -0.0016 -0.0516 -0.9987
vn 0.0267 -0.0110 -0.9996
vn 0.0078 -0.0181 -0.9998
vn 0.0353 0.0194 -0.9992
vn 0.0183 0.0159 -0.9997
vn 0.0324 -0.0529 -0.9981
vn 0.0381 -0.0287 -0.9989
vn 0.0441 -0.0034 -0.9990
vn 0.0506 0.0228 -0.9985
vn 0.0513 -0.0345 -0.9981
vn 0.0554 -0.0156 -0.9983
vn 0.0595 0.0047 -0.9982
vn 0.0638 0.0260 -0.9976
vn 0.0682 -0.0145 -0.9976
vn 0.0706 -0.0014 -0.9975
vn 0.0726 0.0132 -0.9973
vn 0.0745 0.0290 -0.9968
vn -0.0316 -0.0960 -0.9949
vn -0.0535 -0.1053 -0.9930
vn -0.0747 -0.1115 -0.9909
vn -0.0839 -0.1080 -0.9906
vn -0.0228 -0.0608 -0.9979
vn -0.0442 -0.0681 -0.9967
vn -0.0652 -0.0732 -0.9952
vn -0.0738 -0.0686 -0.9949
vn -0.0122 -0.0244 -0.9996
vn -0.0327 -0.0296 -0.9990
vn -0.0531 -0.0334 -0.9980
vn -0.0609 -0.0279 -0.9978
vn -0.0000 0.0125 -0.9999
vn -0.0192 0.0094 -0.9998
vn -0.0386 0.0068 -0.9992
vn -0.0455 0.0131 -0.9989
vn 0.0813 0.1441 -0.9862
vn 0.0711 0.1506 -0.9860
vn 0.0511 0.1188 -0.9916
vn 0.0634 0.1144 -0.9914
vn 0.0320 0.0847 -0.9959
vn 0.0464 0.0828 -0.9955
vn 0.0146 0.0491 -0.9987
vn 0.0310 0.0498 -0.9983
vn 0.0587 0.1549 -0.9862
vn 0.0369 0.1214 -0.9919
vn 0.0161 0.0855 -0.9962
vn -0.0029 0.0480 -0.9988
vn 0.0443 0.1570 -0.9866
vn 0.0212 0.1224 -0.9923
vn -0.0009 0.0854 -0.9963
vn -0.0212 0.0467 -0.9987
vn 0.0417 0.1644 -0.9855
vn 0.0178 0.1299 -0.9914
vn -0.0053 0.0927 -0.9957
vn -0.0268 0.0536 -0.9982
vn 0.0735 0.1083 -0.9914
vn 0.0889 0.1353 -0.9868
vn 0.0811 0.1004 -0.9916
vn 0.0940 0.1243 -0.9878
vn 0.0862 0.0909 -0.9921
vn 0.0962 0.1113 -0.9891
vn 0.0887 0.0799 -0.9928
vn 0.0957 0.0966 -0.9907
vn 0.0589 0.0796 -0.9951
vn 0.0692 0.0752 -0.9948
vn 0.0771 0.0695 -0.9946
vn 0.0824 0.0628 -0.9946
vn 0.0458 0.0498 -0.9977
vn 0.0587 0.0491 -0.9971
vn 0.0693 0.0477 -0.9965
vn 0.0775 0.0457 -0.9959
vn 0.1046 0.1601 -0.9815
vn 0.0994 0.1713 -0.9802
vn 0.1199 0.1823 -0.9759
vn 0.1172 0.1955 -0.9737
vn 0.1345 0.2014 -0.9702
vn 0.1343 0.2163 -0.9671
vn 0.1479 0.2171 -0.9649
vn 0.1504 0.2333 -0.9607
vn 0.1069 0.1464 -0.9834
vn 0.1196 0.1663 -0.9788
vn 0.1314 0.1835 -0.9742
vn 0.1420 0.1977 -0.9699
vn 0.1064 0.1304 -0.9857
vn 0.1162 0.1477 -0.9822
vn 0.1252 0.1629 -0.9787
vn 0.1328 0.1755 -0.9755
vn 0.1029 0.1124 -0.9883
vn 0.1099 0.1269 -0.9858
vn 0.1160 0.1398 -0.9834
vn 0.1207 0.1507 -0.9812
vn 0.0914 0.1797 -0.9795
vn 0.0808 0.1855 -0.9793
vn 0.0678 0.1885 -0.9797
vn 0.0659 0.1958 -0.9784
vn 0.1114 0.2056 -0.9723
vn 0.1027 0.2127 -0.9717
vn 0.0912 0.2167 -0.9720
vn 0.0900 0.2236 -0.9705
vn 0.1308 0.2279 -0.9649
vn 0.1241 0.2360 -0.9638
vn 0.1143 0.2408 -0.9638
vn 0.1139 0.2472 -0.9622
vn 0.1495 0.2460 -0.9577
vn 0.1451 0.2551 -0.9560
vn 0.1373 0.2606 -0.9556
vn 0.1379 0.2663 -0.9540
vn 0.2027 0.2630 -0.9433
vn 0.2143 0.2773 -0.9366
vn 0.2003 0.2750 -0.9404
vn 0.1919 0.2606 -0.9462
vn 0.1844 0.2693 -0.9452
vn 0.1794 0.2551 -0.9501
vn 0.1674 0.2597 -0.9511
vn 0.1655 0.2462 -0.9550
vn 0.2222 0.2877 -0.9316
vn 0.2048 0.2855 -0.9362
vn 0.1857 0.2796 -0.9420
vn 0.1657 0.2696 -0.9486
vn 0.2260 0.2941 -0.9287
vn 0.2055 0.2920 -0.9341
vn 0.1831 0.2860 -0.9406
vn 0.1603 0.2756 -0.9478
vn 0.1799 0.2427 -0.9533
vn 0.1875 0.2451 -0.9512
vn 0.1646 0.2214 -0.9612
vn 0.1693 0.2241 -0.9598
vn 0.1464 0.1973 -0.9693
vn 0.1484 0.2002 -0.9684
vn 0.1259 0.1708 -0.9772
vn 0.1255 0.1741 -0.9767
vn 0.1706 0.2374 -0.9563
vn 0.1585 0.2164 -0.9634
vn 0.1433 0.1924 -0.9708
vn 0.1254 0.1660 -0.9781
vn 0.1600 0.2290 -0.9602
vn 0.1510 0.2086 -0.9663
vn 0.1388 0.1853 -0.9728
vn 0.1237 0.1594 -0.9794
vn 0.1933 0.2453 -0.9500
vn 0.2112 0.2628 -0.9415
vn 0.1968 0.2437 -0.9497
vn 0.2167 0.2606 -0.9408
vn 0.1979 0.2409 -0.9502
vn 0.2190 0.2572 -0.9412
vn 0.1969 0.2372 -0.9513
vn 0.2183 0.2529 -0.9425
vn 0.1725 0.2247 -0.9590
vn 0.1741 0.2238 -0.9590
vn 0.1743 0.2216 -0.9594
vn 0.1732 0.2187 -0.9603
vn 0.1494 0.2014 -0.9680
vn 0.1495 0.2012 -0.9681
vn 0.1489 0.1999 -0.9684
vn 0.1479 0.1978 -0.9690
vn 0.1246 0.1759 -0.9765
vn 0.1235 0.1766 -0.9765
vn 0.1224 0.1762 -0.9767
vn 0.1216 0.1751 -0.9770
vn 0.2257 0.2767 -0.9341
vn 0.2365 0.2868 -0.9283
vn 0.2433 0.2929 -0.9247
vn 0.2334 0.2741 -0.9330
vn 0.2465 0.2838 -0.9267
vn 0.2556 0.2896 -0.9224
vn 0.2370 0.2701 -0.9332
vn 0.2514 0.2794 -0.9267
vn 0.2619 0.2848 -0.9221
vn 0.2366 0.2655 -0.9346
vn 0.2515 0.2744 -0.9281
vn 0.1448 0.0822 -0.9860
vn 0.1530 0.0766 -0.9852
vn 0.1697 0.0798 -0.9823
vn 0.1611 0.0861 -0.9832
vn 0.1929 0.0862 -0.9774
vn 0.1831 0.0931 -0.9787
vn 0.2232 0.0966 -0.9700
vn 0.2113 0.1041 -0.9719
vn 0.2618 0.1127 -0.9585
vn 0.2472 0.1205 -0.9615
vn 0.1627 0.0713 -0.9841
vn 0.1786 0.0735 -0.9812
vn 0.2020 0.0789 -0.9762
vn 0.2332 0.0882 -0.9684
vn 0.2735 0.1034 -0.9563
vn 0.1762 0.0670 -0.9821
vn 0.1904 0.0678 -0.9794
vn 0.2126 0.0716 -0.9745
vn 0.2433 0.0794 -0.9667
vn 0.2839 0.0930 -0.9543
vn 0.2293 0.0653 -0.9712
vn 0.2575 0.0712 -0.9637
vn 0.2960 0.0827 -0.9516
vn 0.1525 0.0921 -0.9840
vn 0.1374 0.0880 -0.9866
vn 0.1437 0.0977 -0.9848
vn 0.1302 0.0936 -0.9871
vn 0.1336 0.1031 -0.9857
vn 0.1217 0.0989 -0.9876
vn 0.1218 0.1084 -0.9866
vn 0.1113 0.1039 -0.9883
vn 0.1726 0.0993 -0.9800
vn 0.1618 0.1050 -0.9812
vn 0.1499 0.1105 -0.9825
vn 0.1364 0.1158 -0.9839
vn 0.1983 0.1105 -0.9739
vn 0.1852 0.1161 -0.9758
vn 0.1712 0.1215 -0.9777
vn 0.1558 0.1269 -0.9796
vn 0.2311 0.1268 -0.9646
vn 0.2152 0.1321 -0.9676
vn 0.1988 0.1372 -0.9704
vn 0.1813 0.1424 -0.9731
vn 0.1269 0.0866 -0.9881
vn 0.1336 0.0810 -0.9877
vn 0.1219 0.0881 -0.9886
vn 0.1282 0.0823 -0.9883
vn 0.1253 0.0933 -0.9877
vn 0.1319 0.0873 -0.9874
vn 0.1211 0.0923 -0.9883
vn 0.1172 0.0941 -0.9886
vn 0.1210 0.0996 -0.9876
vn 0.1410 0.1118 -0.9837
vn 0.1456 0.1050 -0.9838
vn 0.1143 0.0976 -0.9886
vn 0.1119 0.0996 -0.9887
vn 0.1169 0.1055 -0.9875
vn 0.1391 0.1193 -0.9831
vn 0.1054 0.1024 -0.9892
vn 0.1044 0.1042 -0.9891
vn 0.1104 0.1103 -0.9878
vn 0.1399 0.1303 -0.9816
vn 0.1420 0.0757 -0.9870
vn 0.1528 0.0713 -0.9857
vn 0.1686 0.0681 -0.9833
vn 0.1935 0.0668 -0.9788
vn 0.1983 0.0640 -0.9781
vn 0.1369 0.0772 -0.9876
vn 0.1490 0.0732 -0.9861
vn 0.1413 0.0822 -0.9865
vn 0.1545 0.0782 -0.9849
vn 0.2620 0.0961 -0.9603
vn 0.2576 0.1041 -0.9606
vn 0.2474 0.0999 -0.9638
vn 0.2531 0.0915 -0.9631
vn 0.2194 0.0945 -0.9711
vn 0.2264 0.0858 -0.9702
vn 0.1787 0.0875 -0.9800
vn 0.1872 0.0789 -0.9792
vn 0.1298 0.0789 -0.9884
vn 0.1396 0.0705 -0.9877
vn 0.2535 0.1112 -0.9609
vn 0.2418 0.1076 -0.9643
vn 0.2122 0.1028 -0.9718
vn 0.1700 0.0963 -0.9807
vn 0.1196 0.0880 -0.9889
vn 0.2499 0.1173 -0.9611
vn 0.2366 0.1145 -0.9648
vn 0.2054 0.1105 -0.9724
vn 0.1615 0.1049 -0.9813
vn 0.1095 0.0974 -0.9892
vn 0.2473 0.1223 -0.9612
vn 0.2323 0.1205 -0.9652
vn 0.1993 0.1176 -0.9729
vn 0.1537 0.1132 -0.9816
vn 0.1002 0.1070 -0.9892
vn 0.2585 0.0829 -0.9624
vn 0.2663 0.0876 -0.9599
vn 0.2636 0.0743 -0.9618
vn 0.2705 0.0790 -0.9595
vn 0.2682 0.0661 -0.9611
vn 0.2746 0.0705 -0.9590
vn 0.2331 0.0772 -0.9694
vn 0.2391 0.0690 -0.9686
vn 0.2443 0.0614 -0.9677
vn 0.1950 0.0707 -0.9783
vn 0.2020 0.0632 -0.9773
vn 0.2080 0.0568 -0.9765
vn 0.1486 0.0631 -0.9869
vn 0.1567 0.0569 -0.9860
vn 0.1635 0.0523 -0.9851
vn 0.2509 0.0914 -0.9637
vn 0.2477 0.0996 -0.9637
vn 0.2069 0.0939 -0.9739
vn 0.2047 0.1018 -0.9735
vn 0.1301 0.0943 -0.9870
vn 0.1290 0.1019 -0.9864
vn 0.0219 0.0917 -0.9955
vn 0.0216 0.0993 -0.9948
vn 0.2543 0.0830 -0.9636
vn 0.2092 0.0857 -0.9741
vn 0.1314 0.0863 -0.9876
vn 0.0222 0.0838 -0.9962
vn 0.2578 0.0746 -0.9633
vn 0.2119 0.0775 -0.9742
vn 0.1331 0.0784 -0.9880
vn 0.0225 0.0759 -0.9969
vn 0.2446 0.1071 -0.9637
vn 0.2419 0.1136 -0.9636
vn 0.2397 0.1190 -0.9635
vn 0.2384 0.1233 -0.9633
vn 0.2028 0.1088 -0.9732
vn 0.2013 0.1149 -0.9728
vn 0.2003 0.1197 -0.9724
vn 0.1999 0.1234 -0.9720
vn 0.1281 0.1087 -0.9858
vn 0.1275 0.1144 -0.9852
vn 0.1272 0.1190 -0.9847
vn 0.1273 0.1224 -0.9843
vn 0.0214 0.1059 -0.9941
vn 0.0211 0.1115 -0.9935
vn 0.0209 0.1160 -0.9930
vn 0.0208 0.1193 -0.9926
vn 0.2460 0.1385 -0.9593
vn 0.2260 0.1388 -0.9642
vn 0.2263 0.1347 -0.9647
vn 0.2454 0.1346 -0.9600
vn 0.2273 0.1304 -0.9651
vn 0.2451 0.1307 -0.9606
vn 0.2292 0.1257 -0.9652
vn 0.2457 0.1266 -0.9610
vn 0.1872 0.1388 -0.9725
vn 0.1887 0.1343 -0.9728
vn 0.1911 0.1293 -0.9730
vn 0.1946 0.1238 -0.9730
vn 0.1352 0.1380 -0.9812
vn 0.1380 0.1329 -0.9815
vn 0.1420 0.1272 -0.9817
vn 0.1472 0.1207 -0.9817
vn 0.0754 0.1362 -0.9878
vn 0.0796 0.1303 -0.9883
vn 0.0851 0.1236 -0.9887
vn 0.0920 0.1159 -0.9890
vn 0.2395 0.1343 -0.9616
vn 0.2408 0.1380 -0.9607
vn 0.2026 0.1336 -0.9701
vn 0.2041 0.1374 -0.9693
vn 0.1296 0.1322 -0.9827
vn 0.1306 0.1360 -0.9821
vn 0.0204 0.1289 -0.9914
vn 0.0203 0.1327 -0.9909
vn 0.2385 0.1306 -0.9623
vn 0.2012 0.1301 -0.9709
vn 0.1286 0.1286 -0.9833
vn 0.0206 0.1254 -0.9919
vn 0.2380 0.1269 -0.9629
vn 0.2003 0.1267 -0.9715
vn 0.1278 0.1254 -0.9838
vn 0.0207 0.1222 -0.9923
vn 0.2421 0.1419 -0.9598
vn 0.2469 0.1423 -0.9585
vn 0.2432 0.1459 -0.9589
vn 0.2476 0.1462 -0.9578
vn 0.2436 0.1502 -0.9582
vn 0.2479 0.1502 -0.9571
vn 0.2433 0.1546 -0.9575
vn 0.2476 0.1543 -0.9565
vn 0.2054 0.1414 -0.9684
vn 0.2064 0.1456 -0.9676
vn 0.2069 0.1501 -0.9668
vn 0.2066 0.1550 -0.9661
vn 0.1315 0.1401 -0.9814
vn 0.1322 0.1445 -0.9806
vn 0.1324 0.1493 -0.9799
vn 0.1321 0.1544 -0.9791
vn 0.0202 0.1369 -0.9904
vn 0.0200 0.1414 -0.9898
vn 0.0198 0.1462 -0.9891
vn 0.0196 0.1515 -0.9883
vn 0.2262 0.1428 -0.9636
vn 0.1863 0.1430 -0.9720
vn 0.1333 0.1426 -0.9808
vn 0.0723 0.1414 -0.9873
vn 0.2264 0.1466 -0.9629
vn 0.1859 0.1469 -0.9715
vn 0.1320 0.1469 -0.9803
vn 0.0703 0.1462 -0.9868
vn 0.2265 0.1504 -0.9623
vn 0.1856 0.1507 -0.9710
vn 0.1313 0.1508 -0.9798
vn 0.0691 0.1505 -0.9862
vn 0.2260 0.1543 -0.9618
vn 0.1851 0.1544 -0.9705
vn 0.1308 0.1545 -0.9793
vn 0.0686 0.1544 -0.9856
vn 0.1039 0.0542 -0.9931
vn 0.1052 0.0515 -0.9931
vn 0.0998 0.0380 -0.9943
vn 0.0987 0.0389 -0.9944
vn 0.0923 0.0226 -0.9955
vn 0.0910 0.0205 -0.9956
vn 0.0820 0.0051 -0.9966
vn 0.0801 -0.0010 -0.9968
vn 0.1051 0.0502 -0.9932
vn 0.0996 0.0385 -0.9943
vn 0.0924 0.0261 -0.9954
vn 0.0830 0.0129 -0.9965
vn 0.1040 0.0502 -0.9933
vn 0.0984 0.0406 -0.9943
vn 0.0917 0.0312 -0.9953
vn 0.0833 0.0221 -0.9963
vn 0.1023 0.0519 -0.9934
vn 0.0966 0.0443 -0.9943
vn 0.0904 0.0379 -0.9952
vn 0.0832 0.0328 -0.9960
vn 0.0959 0.0411 -0.9945
vn 0.1008 0.0582 -0.9932
vn 0.0908 0.0446 -0.9949
vn 0.0955 0.0632 -0.9934
vn 0.0828 0.0492 -0.9953
vn 0.0873 0.0693 -0.9938
vn 0.0711 0.0549 -0.9960
vn 0.0753 0.0764 -0.9942
vn 0.0881 0.0199 -0.9959
vn 0.0831 0.0207 -0.9963
vn 0.0753 0.0228 -0.9969
vn 0.0638 0.0264 -0.9976
vn 0.0768 -0.0057 -0.9970
vn 0.0716 -0.0087 -0.9974
vn 0.0640 -0.0100 -0.9979
vn 0.0529 -0.0095 -0.9986
vn 0.1037 0.0713 -0.9920
vn 0.1073 0.0667 -0.9920
vn 0.1052 0.0806 -0.9912
vn 0.1095 0.0763 -0.9910
vn 0.1060 0.0863 -0.9906
vn 0.1112 0.0832 -0.9903
vn 0.1066 0.0884 -0.9904
vn 0.1130 0.0872 -0.9898
vn 0.0979 0.0769 -0.9922
vn 0.0988 0.0860 -0.9914
vn 0.0987 0.0905 -0.9910
vn 0.0984 0.0906 -0.9910
vn 0.0893 0.0835 -0.9925
vn 0.0897 0.0923 -0.9917
vn 0.0889 0.0958 -0.9914
vn 0.0877 0.0942 -0.9917
vn 0.0770 0.0912 -0.9929
vn 0.0770 0.0998 -0.9920
vn 0.0757 0.1024 -0.9919
vn 0.0738 0.0994 -0.9923
vn 0.1091 0.0632 -0.9920
vn 0.1096 0.0610 -0.9921
vn 0.1090 0.0601 -0.9922
vn 0.1077 0.0607 -0.9923
vn 0.1121 0.0731 -0.9910
vn 0.1134 0.0709 -0.9910
vn 0.1137 0.0700 -0.9910
vn 0.1133 0.0703 -0.9911
vn 0.1149 0.0811 -0.9901
vn 0.1173 0.0799 -0.9899
vn 0.1187 0.0797 -0.9897
vn 0.1194 0.0805 -0.9896
vn 0.1179 0.0871 -0.9892
vn 0.1216 0.0877 -0.9887
vn 0.1243 0.0891 -0.9882
vn 0.1262 0.0910 -0.9878
vn 0.0635 0.0989 -0.9931
vn 0.0653 0.0995 -0.9929
vn 0.0668 0.0788 -0.9947
vn 0.0653 0.0788 -0.9947
vn 0.0698 0.0523 -0.9962
vn 0.0687 0.0536 -0.9962
vn 0.0750 0.0198 -0.9970
vn 0.0744 0.0232 -0.9970
vn 0.0625 0.1009 -0.9929
vn 0.0636 0.0796 -0.9948
vn 0.0661 0.0517 -0.9965
vn 0.0706 0.0170 -0.9974
vn 0.0551 0.1030 -0.9932
vn 0.0558 0.0810 -0.9952
vn 0.0577 0.0517 -0.9970
vn 0.0613 0.0150 -0.9980
vn 0.0432 0.1056 -0.9935
vn 0.0436 0.0828 -0.9956
vn 0.0447 0.0521 -0.9976
vn 0.0469 0.0134 -0.9988
vn 0.0591 0.0796 -0.9951
vn 0.0570 0.0991 -0.9934
vn 0.0479 0.0813 -0.9955
vn 0.0455 0.1000 -0.9939
vn 0.0317 0.0841 -0.9960
vn 0.0289 0.1019 -0.9944
vn 0.0100 0.0879 -0.9961
vn 0.0067 0.1048 -0.9945
vn 0.0628 0.0558 -0.9965
vn 0.0520 0.0589 -0.9969
vn 0.0360 0.0632 -0.9974
vn 0.0149 0.0686 -0.9975
vn 0.0688 0.0276 -0.9972
vn 0.0582 0.0328 -0.9978
vn 0.0426 0.0392 -0.9983
vn 0.0217 0.0467 -0.9987
vn 0.0558 0.1142 -0.9919
vn 0.0626 0.1140 -0.9915
vn 0.0549 0.1254 -0.9906
vn 0.0619 0.1244 -0.9903
vn 0.0536 0.1328 -0.9897
vn 0.0607 0.1304 -0.9896
vn 0.0513 0.1367 -0.9893
vn 0.0583 0.1324 -0.9895
vn 0.0441 0.1152 -0.9924
vn 0.0430 0.1270 -0.9910
vn 0.0417 0.1355 -0.9899
vn 0.0395 0.1411 -0.9892
vn 0.0271 0.1168 -0.9928
vn 0.0259 0.1289 -0.9913
vn 0.0247 0.1383 -0.9901
vn 0.0228 0.1452 -0.9891
vn 0.0046 0.1191 -0.9929
vn 0.0032 0.1312 -0.9914
vn 0.0021 0.1410 -0.9900
vn 0.0007 0.1488 -0.9889
vn 0.0646 0.1145 -0.9913
vn 0.0620 0.1158 -0.9913
vn 0.0549 0.1179 -0.9915
vn 0.0431 0.1208 -0.9917
vn 0.0641 0.1241 -0.9902
vn 0.0617 0.1247 -0.9903
vn 0.0546 0.1263 -0.9905
vn 0.0428 0.1289 -0.9907
vn 0.0630 0.1287 -0.9897
vn 0.0607 0.1280 -0.9899
vn 0.0537 0.1284 -0.9903
vn 0.0418 0.1304 -0.9906
vn 0.0608 0.1287 -0.9898
vn 0.0587 0.1261 -0.9903
vn 0.0518 0.1250 -0.9908
vn 0.0398 0.1258 -0.9913
vn 0.0998 0.0703 -0.9925
vn 0.0998 0.0763 -0.9921
vn 0.0975 0.0783 -0.9922
vn 0.0964 0.0705 -0.9928
vn 0.0973 0.0848 -0.9916
vn 0.0947 0.0748 -0.9927
vn 0.0991 0.0961 -0.9904
vn 0.0945 0.0835 -0.9920
vn 0.0994 0.0823 -0.9916
vn 0.0983 0.0859 -0.9914
vn 0.0996 0.0943 -0.9905
vn 0.1035 0.1079 -0.9888
vn 0.0980 0.0883 -0.9913
vn 0.0981 0.0932 -0.9908
vn 0.1011 0.1032 -0.9895
vn 0.1070 0.1186 -0.9872
vn 0.0951 0.0939 -0.9910
vn 0.0965 0.0999 -0.9903
vn 0.1011 0.1111 -0.9887
vn 0.1091 0.1279 -0.9858
vn 0.0955 0.0630 -0.9934
vn 0.0997 0.0646 -0.9929
vn 0.0949 0.0559 -0.9939
vn 0.0999 0.0594 -0.9932
vn 0.0952 0.0495 -0.9942
vn 0.1007 0.0551 -0.9934
vn 0.0923 0.0648 -0.9936
vn 0.0905 0.0551 -0.9944
vn 0.0897 0.0460 -0.9949
vn 0.0901 0.0704 -0.9934
vn 0.0864 0.0574 -0.9946
vn 0.0839 0.0447 -0.9955
vn 0.1051 0.0694 -0.9920
vn 0.1047 0.0737 -0.9918
vn 0.1118 0.0770 -0.9907
vn 0.1113 0.0805 -0.9905
vn 0.1199 0.0871 -0.9890
vn 0.1195 0.0902 -0.9887
vn 0.1293 0.0993 -0.9866
vn 0.1293 0.1024 -0.9863
vn 0.1056 0.0656 -0.9922
vn 0.1122 0.0740 -0.9909
vn 0.1199 0.0844 -0.9892
vn 0.1287 0.0963 -0.9870
vn 0.1064 0.0626 -0.9923
vn 0.1127 0.0717 -0.9910
vn 0.1197 0.0821 -0.9894
vn 0.1276 0.0935 -0.9874
vn 0.1041 0.0784 -0.9915
vn 0.1029 0.0832 -0.9912
vn 0.1007 0.0881 -0.9910
vn 0.0968 0.0929 -0.9910
vn 0.1104 0.0843 -0.9903
vn 0.1087 0.0882 -0.9902
vn 0.1059 0.0922 -0.9901
vn 0.1013 0.0963 -0.9902
vn 0.1185 0.0934 -0.9885
vn 0.1167 0.0968 -0.9884
vn 0.1136 0.1003 -0.9884
vn 0.1087 0.1039 -0.9886
vn 0.1286 0.1055 -0.9861
vn 0.1269 0.1087 -0.9859
vn 0.1238 0.1119 -0.9860
vn 0.1188 0.1153 -0.9862
vn 0.0300 0.1019 -0.9943
vn 0.0380 0.0969 -0.9946
vn 0.0353 0.0729 -0.9967
vn 0.0280 0.0776 -0.9966
vn 0.0304 0.0403 -0.9987
vn 0.0243 0.0445 -0.9987
vn 0.0230 -0.0013 -0.9997
vn 0.0188 0.0024 -0.9998
vn 0.0488 0.0907 -0.9947
vn 0.0454 0.0673 -0.9967
vn 0.0395 0.0356 -0.9986
vn 0.0306 -0.0047 -0.9995
vn 0.0615 0.0838 -0.9946
vn 0.0576 0.0612 -0.9965
vn 0.0509 0.0309 -0.9982
vn 0.0407 -0.0075 -0.9991
vn 0.0244 0.0812 -0.9964
vn 0.0258 0.1056 -0.9941
vn 0.0255 0.0833 -0.9962
vn 0.0262 0.1074 -0.9939
vn 0.0318 0.0839 -0.9960
vn 0.0319 0.1075 -0.9937
vn 0.0220 0.0481 -0.9986
vn 0.0244 0.0506 -0.9984
vn 0.0319 0.0520 -0.9981
vn 0.0187 0.0059 -0.9998
vn 0.0231 0.0091 -0.9997
vn 0.0325 0.0116 -0.9994
vn 0.0261 0.1216 -0.9922
vn 0.0306 0.1180 -0.9925
vn 0.0253 0.1299 -0.9912
vn 0.0298 0.1263 -0.9915
vn 0.0235 0.1308 -0.9911
vn 0.0278 0.1274 -0.9915
vn 0.0207 0.1250 -0.9919
vn 0.0248 0.1217 -0.9923
vn 0.0263 0.1233 -0.9920
vn 0.0257 0.1315 -0.9910
vn 0.0241 0.1325 -0.9909
vn 0.0216 0.1268 -0.9917
vn 0.0319 0.1230 -0.9919
vn 0.0314 0.1312 -0.9909
vn 0.0302 0.1323 -0.9907
vn 0.0280 0.1270 -0.9915
vn 0.0388 0.1128 -0.9929
vn 0.0500 0.1064 -0.9931
vn 0.0630 0.0991 -0.9931
vn 0.0381 0.1212 -0.9919
vn 0.0494 0.1148 -0.9922
vn 0.0626 0.1076 -0.9922
vn 0.0361 0.1225 -0.9918
vn 0.0475 0.1164 -0.9921
vn 0.0610 0.1096 -0.9921
vn 0.0331 0.1170 -0.9926
vn 0.0447 0.1115 -0.9928
vn 0.0585 0.1055 -0.9927
vn 0.2371 0.1724 -0.9561
vn 0.2174 0.1712 -0.9610
vn 0.2206 0.1667 -0.9610
vn 0.2410 0.1677 -0.9559
vn 0.2231 0.1624 -0.9612
vn 0.2441 0.1631 -0.9559
vn 0.2250 0.1582 -0.9614
vn 0.2463 0.1586 -0.9561
vn 0.1792 0.1703 -0.9689
vn 0.1814 0.1661 -0.9693
vn 0.1831 0.1620 -0.9696
vn 0.1843 0.1581 -0.9701
vn 0.1285 0.1700 -0.9770
vn 0.1293 0.1659 -0.9776
vn 0.1299 0.1619 -0.9782
vn 0.1304 0.1581 -0.9788
vn 0.0703 0.1701 -0.9829
vn 0.0696 0.1660 -0.9837
vn 0.0690 0.1621 -0.9844
vn 0.0686 0.1582 -0.9850
vn 0.2364 0.1691 -0.9568
vn 0.2323 0.1741 -0.9569
vn 0.2003 0.1704 -0.9648
vn 0.1967 0.1757 -0.9646
vn 0.1279 0.1707 -0.9770
vn 0.1255 0.1762 -0.9763
vn 0.0189 0.1682 -0.9856
vn 0.0186 0.1738 -0.9846
vn 0.2396 0.1642 -0.9569
vn 0.2033 0.1652 -0.9651
vn 0.1298 0.1652 -0.9777
vn 0.0191 0.1626 -0.9865
vn 0.2420 0.1593 -0.9571
vn 0.2054 0.1600 -0.9655
vn 0.1312 0.1598 -0.9784
vn 0.0193 0.1570 -0.9874
vn 0.2274 0.1792 -0.9572
vn 0.2324 0.1773 -0.9563
vn 0.2218 0.1843 -0.9575
vn 0.2270 0.1822 -0.9567
vn 0.2156 0.1895 -0.9579
vn 0.2209 0.1872 -0.9572
vn 0.2087 0.1947 -0.9584
vn 0.2142 0.1923 -0.9577
vn 0.1923 0.1810 -0.9645
vn 0.1874 0.1863 -0.9645
vn 0.1819 0.1916 -0.9645
vn 0.1760 0.1970 -0.9645
vn 0.1226 0.1816 -0.9757
vn 0.1195 0.1871 -0.9751
vn 0.1160 0.1925 -0.9744
vn 0.1122 0.1979 -0.9738
vn 0.0184 0.1794 -0.9836
vn 0.0182 0.1850 -0.9826
vn 0.0180 0.1905 -0.9815
vn 0.0178 0.1960 -0.9804
vn 0.2135 0.1758 -0.9610
vn 0.1766 0.1747 -0.9687
vn 0.1274 0.1741 -0.9765
vn 0.0710 0.1741 -0.9822
vn 0.2089 0.1804 -0.9611
vn 0.1734 0.1791 -0.9684
vn 0.1259 0.1784 -0.9759
vn 0.0715 0.1782 -0.9814
vn 0.2037 0.1852 -0.9614
vn 0.1697 0.1837 -0.9682
vn 0.1241 0.1827 -0.9753
vn 0.0718 0.1824 -0.9806
vn 0.1980 0.1901 -0.9616
vn 0.1654 0.1883 -0.9681
vn 0.1218 0.1870 -0.9748
vn 0.0716 0.1865 -0.9798
vn 0.1446 0.1266 -0.9814
vn 0.1530 0.1329 -0.9792
vn 0.1405 0.1168 -0.9832
vn 0.1327 0.1116 -0.9849
vn 0.1303 0.1037 -0.9860
vn 0.1232 0.1000 -0.9873
vn 0.1226 0.0938 -0.9880
vn 0.1166 0.0918 -0.9889
vn 0.1599 0.1392 -0.9773
vn 0.1470 0.1222 -0.9816
vn 0.1361 0.1079 -0.9848
vn 0.1275 0.0964 -0.9871
vn 0.1654 0.1451 -0.9755
vn 0.1523 0.1274 -0.9801
vn 0.1409 0.1122 -0.9836
vn 0.1315 0.0994 -0.9863
vn 0.1695 0.1502 -0.9740
vn 0.1564 0.1323 -0.9788
vn 0.1447 0.1165 -0.9826
vn 0.1345 0.1027 -0.9856
vn 0.1233 0.1071 -0.9866
vn 0.1345 0.1208 -0.9835
vn 0.1120 0.1037 -0.9883
vn 0.1223 0.1161 -0.9857
vn 0.0982 0.1021 -0.9899
vn 0.1074 0.1131 -0.9878
vn 0.0810 0.1028 -0.9914
vn 0.0889 0.1126 -0.9897
vn 0.1147 0.0970 -0.9886
vn 0.1044 0.0953 -0.9900
vn 0.0917 0.0951 -0.9912
vn 0.0757 0.0972 -0.9924
vn 0.1091 0.0907 -0.9899
vn 0.0998 0.0908 -0.9909
vn 0.0881 0.0924 -0.9918
vn 0.0733 0.0960 -0.9927
vn 0.1481 0.1382 -0.9793
vn 0.1587 0.1449 -0.9766
vn 0.1637 0.1593 -0.9736
vn 0.1747 0.1666 -0.9704
vn 0.1809 0.1841 -0.9661
vn 0.1921 0.1918 -0.9624
vn 0.1993 0.2127 -0.9566
vn 0.2106 0.2203 -0.9524
vn 0.1351 0.1324 -0.9819
vn 0.1501 0.1526 -0.9768
vn 0.1668 0.1769 -0.9700
vn 0.1849 0.2054 -0.9611
vn 0.1192 0.1282 -0.9846
vn 0.1332 0.1475 -0.9800
vn 0.1492 0.1711 -0.9739
vn 0.1666 0.1990 -0.9657
vn 0.0993 0.1266 -0.9870
vn 0.1119 0.1448 -0.9831
vn 0.1266 0.1674 -0.9777
vn 0.1428 0.1945 -0.9704
vn 0.1675 0.1520 -0.9741
vn 0.1746 0.1589 -0.9717
vn 0.1801 0.1651 -0.9697
vn 0.1839 0.1704 -0.9681
vn 0.1836 0.1742 -0.9674
vn 0.1907 0.1813 -0.9648
vn 0.1960 0.1877 -0.9625
vn 0.1994 0.1928 -0.9608
vn 0.2011 0.1994 -0.9591
vn 0.2080 0.2066 -0.9561
vn 0.2130 0.2127 -0.9536
vn 0.2158 0.2175 -0.9519
vn 0.2195 0.2277 -0.9487
vn 0.2262 0.2345 -0.9454
vn 0.2309 0.2403 -0.9428
vn 0.2333 0.2446 -0.9411
vn 0.0355 0.1521 -0.9877
vn 0.0379 0.1452 -0.9887
vn 0.0448 0.1370 -0.9896
vn 0.0422 0.1441 -0.9887
vn 0.0513 0.1312 -0.9900
vn 0.0487 0.1379 -0.9893
vn 0.0569 0.1283 -0.9901
vn 0.0543 0.1339 -0.9895
vn 0.0369 0.1392 -0.9896
vn 0.0434 0.1310 -0.9904
vn 0.0496 0.1257 -0.9908
vn 0.0550 0.1239 -0.9908
vn 0.0321 0.1348 -0.9904
vn 0.0379 0.1267 -0.9912
vn 0.0435 0.1219 -0.9916
vn 0.0483 0.1212 -0.9915
vn 0.0231 0.1325 -0.9909
vn 0.0278 0.1247 -0.9918
vn 0.0325 0.1206 -0.9922
vn 0.0366 0.1208 -0.9920
vn 0.0360 0.1514 -0.9878
vn 0.0298 0.1591 -0.9868
vn 0.0262 0.1583 -0.9870
vn 0.0209 0.1656 -0.9860
vn 0.0124 0.1643 -0.9863
vn 0.0084 0.1712 -0.9852
vn -0.0058 0.1689 -0.9856
vn -0.0081 0.1754 -0.9845
vn 0.0421 0.1449 -0.9886
vn 0.0314 0.1516 -0.9879
vn 0.0164 0.1576 -0.9874
vn -0.0034 0.1623 -0.9867
vn 0.0474 0.1399 -0.9890
vn 0.0360 0.1459 -0.9887
vn 0.0201 0.1512 -0.9883
vn -0.0011 0.1556 -0.9878
vn 0.0239 0.1677 -0.9855
vn 0.0290 0.1615 -0.9864
vn 0.0187 0.1771 -0.9840
vn 0.0233 0.1721 -0.9848
vn 0.0146 0.1870 -0.9823
vn 0.0186 0.1836 -0.9828
vn 0.0118 0.1974 -0.9803
vn 0.0154 0.1959 -0.9805
vn 0.0159 0.1735 -0.9847
vn 0.0116 0.1816 -0.9833
vn 0.0083 0.1900 -0.9817
vn 0.0063 0.1986 -0.9801
vn 0.0047 0.1783 -0.9840
vn 0.0017 0.1853 -0.9827
vn -0.0005 0.1924 -0.9813
vn -0.0015 0.1994 -0.9799
vn -0.0101 0.1817 -0.9833
vn -0.0115 0.1879 -0.9821
vn -0.0122 0.1938 -0.9810
vn -0.0120 0.1995 -0.9798
vn 0.0313 0.1554 -0.9874
vn 0.0306 0.1500 -0.9882
vn 0.0265 0.1458 -0.9890
vn 0.0187 0.1435 -0.9895
vn 0.0254 0.1672 -0.9856
vn 0.0249 0.1627 -0.9864
vn 0.0216 0.1593 -0.9870
vn 0.0150 0.1573 -0.9874
vn 0.0206 0.1802 -0.9834
vn 0.0203 0.1771 -0.9840
vn 0.0176 0.1748 -0.9844
vn 0.0122 0.1736 -0.9847
vn 0.0172 0.1944 -0.9808
vn 0.0170 0.1930 -0.9810
vn 0.0149 0.1922 -0.9812
vn 0.0106 0.1920 -0.9813
vn 0.1354 0.1711 -0.9759
vn 0.1243 0.1603 -0.9792
vn 0.1318 0.1600 -0.9783
vn 0.1432 0.1720 -0.9746
vn 0.1400 0.1595 -0.9772
vn 0.1519 0.1726 -0.9732
vn 0.1479 0.1584 -0.9762
vn 0.1605 0.1725 -0.9718
vn 0.1552 0.1566 -0.9754
vn 0.1684 0.1715 -0.9707
vn 0.1134 0.1495 -0.9822
vn 0.1208 0.1483 -0.9815
vn 0.1284 0.1467 -0.9808
vn 0.1358 0.1448 -0.9801
vn 0.1426 0.1423 -0.9795
vn 0.1023 0.1383 -0.9851
vn 0.1095 0.1364 -0.9846
vn 0.1169 0.1342 -0.9840
vn 0.1239 0.1316 -0.9835
vn 0.1305 0.1286 -0.9831
vn 0.0907 0.1263 -0.9878
vn 0.0979 0.1241 -0.9874
vn 0.1052 0.1215 -0.9870
vn 0.1123 0.1186 -0.9866
vn 0.1547 0.1838 -0.9707
vn 0.1472 0.1818 -0.9722
vn 0.1671 0.1955 -0.9664
vn 0.1602 0.1924 -0.9681
vn 0.1825 0.2082 -0.9609
vn 0.1767 0.2039 -0.9629
vn 0.1640 0.1858 -0.9688
vn 0.1768 0.1997 -0.9638
vn 0.1920 0.2147 -0.9576
vn 0.2152 0.2331 -0.9483
vn 0.2056 0.2240 -0.9526
vn 0.1738 0.1875 -0.9668
vn 0.1884 0.2041 -0.9606
vn 0.2051 0.2226 -0.9531
vn 0.2320 0.2466 -0.9409
vn 0.1830 0.1880 -0.9650
vn 0.1997 0.2068 -0.9578
vn 0.2191 0.2291 -0.9484
vn 0.2578 0.2661 -0.9288
vn 0.1418 0.1806 -0.9733
vn 0.1292 0.1707 -0.9768
vn 0.1383 0.1802 -0.9739
vn 0.1246 0.1707 -0.9774
vn 0.1367 0.1805 -0.9740
vn 0.1215 0.1708 -0.9778
vn 0.1367 0.1809 -0.9740
vn 0.1199 0.1704 -0.9781
vn 0.1561 0.1905 -0.9692
vn 0.1544 0.1900 -0.9696
vn 0.1548 0.1905 -0.9694
vn 0.1568 0.1916 -0.9689
vn 0.1744 0.2015 -0.9639
vn 0.1177 0.1607 -0.9800
vn 0.1067 0.1504 -0.9828
vn 0.0956 0.1396 -0.9856
vn 0.0840 0.1280 -0.9882
vn 0.1123 0.1610 -0.9805
vn 0.1009 0.1509 -0.9834
vn 0.0898 0.1403 -0.9860
vn 0.0783 0.1289 -0.9886
vn 0.1082 0.1609 -0.9810
vn 0.0964 0.1506 -0.9839
vn 0.0852 0.1400 -0.9865
vn 0.0741 0.1289 -0.9889
vn 0.1057 0.1599 -0.9815
vn 0.0935 0.1494 -0.9844
vn 0.0825 0.1388 -0.9869
vn 0.0718 0.1280 -0.9892
vn 0.0217 0.1237 -0.9921
vn 0.0341 0.1203 -0.9922
vn 0.0312 0.1128 -0.9931
vn 0.0204 0.1166 -0.9930
vn 0.0300 0.1096 -0.9935
vn 0.0206 0.1137 -0.9933
vn 0.0306 0.1109 -0.9934
vn 0.0220 0.1152 -0.9931
vn 0.0502 0.1169 -0.9919
vn 0.0456 0.1090 -0.9930
vn 0.0430 0.1052 -0.9935
vn 0.0427 0.1060 -0.9935
vn 0.0688 0.1142 -0.9911
vn 0.0625 0.1055 -0.9925
vn 0.0586 0.1009 -0.9932
vn 0.0572 0.1008 -0.9933
vn 0.0142 0.1198 -0.9927
vn 0.0138 0.1269 -0.9918
vn 0.0133 0.1223 -0.9924
vn 0.0114 0.1294 -0.9915
vn 0.0179 0.1238 -0.9921
vn 0.0146 0.1312 -0.9912
vn 0.0156 0.1169 -0.9930
vn 0.0158 0.1191 -0.9928
vn 0.0215 0.1203 -0.9925
vn 0.0178 0.1185 -0.9928
vn 0.0186 0.1205 -0.9925
vn 0.0249 0.1212 -0.9923
vn 0.0145 0.1377 -0.9904
vn 0.0243 0.1348 -0.9906
vn 0.0163 0.1521 -0.9882
vn 0.0283 0.1497 -0.9883
vn 0.0192 0.1699 -0.9853
vn 0.0338 0.1682 -0.9852
vn 0.0236 0.1910 -0.9813
vn 0.0408 0.1904 -0.9809
vn 0.0102 0.1402 -0.9901
vn 0.0099 0.1543 -0.9880
vn 0.0106 0.1715 -0.9851
vn 0.0125 0.1916 -0.9814
vn 0.0117 0.1421 -0.9898
vn 0.0095 0.1561 -0.9877
vn 0.0083 0.1728 -0.9849
vn 0.0082 0.1920 -0.9814
vn 0.0388 0.1318 -0.9905
vn 0.0569 0.1291 -0.9900
vn 0.0775 0.1272 -0.9888
vn 0.0452 0.1472 -0.9881
vn 0.0656 0.1453 -0.9872
vn 0.0883 0.1444 -0.9856
vn 0.0533 0.1667 -0.9846
vn 0.0762 0.1658 -0.9832
vn 0.1011 0.1659 -0.9809
vn 0.0630 0.1901 -0.9797
vn 0.0884 0.1905 -0.9777
vn 0.1156 0.1919 -0.9746
vn 0.1842 0.2303 -0.9555
vn 0.1717 0.2281 -0.9584
vn 0.1783 0.2155 -0.9601
vn 0.1918 0.2179 -0.9569
vn 0.1850 0.2048 -0.9612
vn 0.1995 0.2072 -0.9577
vn 0.1917 0.1962 -0.9616
vn 0.2070 0.1986 -0.9580
vn 0.1454 0.2262 -0.9632
vn 0.1504 0.2135 -0.9653
vn 0.1556 0.2028 -0.9668
vn 0.1606 0.1943 -0.9677
vn 0.1099 0.2248 -0.9682
vn 0.1129 0.2120 -0.9707
vn 0.1160 0.2013 -0.9726
vn 0.1190 0.1928 -0.9740
vn 0.0691 0.2240 -0.9721
vn 0.0698 0.2112 -0.9750
vn 0.0705 0.2004 -0.9772
vn 0.0712 0.1921 -0.9788
vn 0.1860 0.2204 -0.9575
vn 0.1784 0.2327 -0.9561
vn 0.1564 0.2226 -0.9623
vn 0.1498 0.2347 -0.9605
vn 0.0997 0.2236 -0.9696
vn 0.0954 0.2357 -0.9671
vn 0.0167 0.2220 -0.9749
vn 0.0161 0.2341 -0.9721
vn 0.1938 0.2098 -0.9584
vn 0.1631 0.2121 -0.9636
vn 0.1040 0.2131 -0.9715
vn 0.0171 0.2114 -0.9773
vn 0.2014 0.2011 -0.9586
vn 0.1697 0.2034 -0.9643
vn 0.1082 0.2045 -0.9729
vn 0.0175 0.2027 -0.9791
vn 0.1711 0.2463 -0.9540
vn 0.1770 0.2442 -0.9534
vn 0.1643 0.2611 -0.9512
vn 0.1704 0.2592 -0.9507
vn 0.1583 0.2767 -0.9478
vn 0.1644 0.2751 -0.9472
vn 0.1531 0.2929 -0.9438
vn 0.1595 0.2917 -0.9431
vn 0.1434 0.2483 -0.9580
vn 0.1375 0.2628 -0.9550
vn 0.1322 0.2782 -0.9514
vn 0.1275 0.2941 -0.9472
vn 0.0913 0.2491 -0.9642
vn 0.0875 0.2636 -0.9607
vn 0.0839 0.2788 -0.9567
vn 0.0808 0.2946 -0.9522
vn 0.0156 0.2476 -0.9687
vn 0.0149 0.2621 -0.9649
vn 0.0143 0.2773 -0.9607
vn 0.0136 0.2931 -0.9560
vn 0.1654 0.2422 -0.9560
vn 0.1406 0.2405 -0.9604
vn 0.1071 0.2393 -0.9650
vn 0.0684 0.2386 -0.9687
vn 0.1596 0.2575 -0.9530
vn 0.1363 0.2561 -0.9570
vn 0.1046 0.2551 -0.9612
vn 0.0680 0.2545 -0.9647
vn 0.1545 0.2738 -0.9493
vn 0.1326 0.2727 -0.9529
vn 0.1026 0.2719 -0.9568
vn 0.0679 0.2716 -0.9600
vn 0.1503 0.2907 -0.9450
vn 0.1296 0.2899 -0.9482
vn 0.1011 0.2895 -0.9518
vn 0.0682 0.2894 -0.9548
vn 0.0156 0.2493 -0.9683
vn 0.0172 0.2523 -0.9675
vn 0.0157 0.2378 -0.9712
vn 0.0142 0.2354 -0.9718
vn 0.0150 0.2233 -0.9746
vn 0.0135 0.2218 -0.9750
vn 0.0154 0.2089 -0.9778
vn 0.0138 0.2087 -0.9779
vn 0.0178 0.2554 -0.9667
vn 0.0161 0.2402 -0.9706
vn 0.0152 0.2249 -0.9743
vn 0.0154 0.2093 -0.9777
vn 0.0175 0.2585 -0.9659
vn 0.0153 0.2427 -0.9700
vn 0.0140 0.2266 -0.9739
vn 0.0138 0.2098 -0.9776
vn 0.0162 0.2616 -0.9650
vn 0.0134 0.2453 -0.9694
vn 0.0113 0.2284 -0.9735
vn 0.0103 0.2108 -0.9775
vn 0.0114 0.2330 -0.9724
vn 0.0129 0.2464 -0.9691
vn 0.0072 0.2306 -0.9730
vn 0.0089 0.2436 -0.9698
vn 0.0013 0.2282 -0.9736
vn 0.0033 0.2408 -0.9706
vn -0.0068 0.2257 -0.9742
vn -0.0043 0.2381 -0.9712
vn 0.0105 0.2203 -0.9754
vn 0.0060 0.2187 -0.9758
vn -0.0004 0.2169 -0.9762
vn -0.0091 0.2150 -0.9766
vn 0.0105 0.2084 -0.9780
vn 0.0056 0.2080 -0.9781
vn -0.0014 0.2073 -0.9783
vn -0.0109 0.2062 -0.9785
vn 0.0147 0.2606 -0.9653
vn 0.0175 0.2637 -0.9644
vn 0.0168 0.2753 -0.9612
vn 0.0197 0.2785 -0.9602
vn 0.0189 0.2906 -0.9567
vn 0.0221 0.2936 -0.9557
vn 0.0211 0.3063 -0.9517
vn 0.0245 0.3090 -0.9507
vn 0.0108 0.2576 -0.9662
vn 0.0129 0.2724 -0.9621
vn 0.0149 0.2878 -0.9576
vn 0.0169 0.3038 -0.9526
vn 0.0054 0.2547 -0.9670
vn 0.0077 0.2696 -0.9629
vn 0.0098 0.2853 -0.9584
vn 0.0118 0.3017 -0.9533
vn -0.0017 0.2520 -0.9677
vn 0.0008 0.2670 -0.9637
vn 0.0033 0.2830 -0.9591
vn 0.0056 0.2997 -0.9540
vn 0.0193 0.2670 -0.9635
vn 0.0202 0.2705 -0.9625
vn 0.0204 0.2740 -0.9615
vn 0.0199 0.2776 -0.9605
vn 0.0218 0.2819 -0.9592
vn 0.0231 0.2855 -0.9581
vn 0.0239 0.2893 -0.9569
vn 0.0241 0.2932 -0.9557
vn 0.0245 0.2970 -0.9546
vn 0.0264 0.3006 -0.9534
vn 0.0278 0.3045 -0.9521
vn 0.0290 0.3088 -0.9507
vn 0.0274 0.3122 -0.9496
vn 0.0299 0.3157 -0.9484
vn 0.0322 0.3197 -0.9470
vn 0.0344 0.3241 -0.9454
vn 0.0746 0.2761 -0.9582
vn 0.1055 0.2807 -0.9540
vn 0.0949 0.2598 -0.9610
vn 0.0657 0.2562 -0.9644
vn 0.0841 0.2379 -0.9676
vn 0.0570 0.2355 -0.9702
vn 0.0735 0.2147 -0.9739
vn 0.0487 0.2136 -0.9757
vn 0.1386 0.2856 -0.9483
vn 0.1266 0.2638 -0.9562
vn 0.1142 0.2409 -0.9638
vn 0.1014 0.2165 -0.9710
vn 0.1717 0.2907 -0.9413
vn 0.1587 0.2683 -0.9502
vn 0.1450 0.2445 -0.9587
vn 0.1306 0.2191 -0.9669
vn 0.2028 0.2960 -0.9334
vn 0.1894 0.2732 -0.9431
vn 0.1749 0.2488 -0.9526
vn 0.1593 0.2227 -0.9618
vn 0.0414 0.2531 -0.9666
vn 0.0485 0.2719 -0.9611
vn 0.0241 0.2503 -0.9679
vn 0.0294 0.2681 -0.9629
vn 0.0147 0.2478 -0.9687
vn 0.0186 0.2648 -0.9641
vn 0.0348 0.2335 -0.9717
vn 0.0194 0.2318 -0.9726
vn 0.0116 0.2302 -0.9731
vn 0.0289 0.2129 -0.9767
vn 0.0155 0.2123 -0.9771
vn 0.0094 0.2117 -0.9773
vn 0.0561 0.2901 -0.9554
vn 0.0837 0.2952 -0.9518
vn 0.0640 0.3077 -0.9493
vn 0.0930 0.3135 -0.9450
vn 0.0724 0.3248 -0.9430
vn 0.1023 0.3313 -0.9380
vn 0.0811 0.3415 -0.9364
vn 0.1118 0.3484 -0.9306
vn 0.0354 0.2854 -0.9577
vn 0.0420 0.3023 -0.9523
vn 0.0492 0.3188 -0.9465
vn 0.0569 0.3350 -0.9405
vn 0.0232 0.2813 -0.9593
vn 0.0285 0.2975 -0.9543
vn 0.0345 0.3134 -0.9490
vn 0.0411 0.3292 -0.9434
vn 0.1160 0.3006 -0.9467
vn 0.1501 0.3062 -0.9401
vn 0.1838 0.3118 -0.9322
vn 0.2151 0.3175 -0.9235
vn 0.1263 0.3196 -0.9391
vn 0.1612 0.3257 -0.9316
vn 0.1951 0.3318 -0.9230
vn 0.2265 0.3378 -0.9136
vn 0.1364 0.3379 -0.9313
vn 0.1717 0.3444 -0.9230
vn 0.2058 0.3507 -0.9136
vn 0.2371 0.3570 -0.9035
vn 0.1463 0.3554 -0.9232
vn 0.1818 0.3622 -0.9142
vn 0.2159 0.3688 -0.9041
vn 0.2471 0.3754 -0.8933
vn 0.2730 0.3209 -0.9069
vn 0.2814 0.3265 -0.9023
vn 0.2681 0.3048 -0.9139
vn 0.2596 0.2987 -0.9183
vn 0.2535 0.2815 -0.9255
vn 0.2449 0.2749 -0.9298
vn 0.2374 0.2560 -0.9371
vn 0.2286 0.2490 -0.9411
vn 0.2876 0.3312 -0.8987
vn 0.2743 0.3101 -0.9103
vn 0.2598 0.2873 -0.9219
vn 0.2439 0.2622 -0.9337
vn 0.2916 0.3348 -0.8960
vn 0.2783 0.3142 -0.9077
vn 0.2639 0.2919 -0.9193
vn 0.2483 0.2674 -0.9310
vn 0.2933 0.3371 -0.8946
vn 0.2797 0.3169 -0.9063
vn 0.2656 0.2951 -0.9178
vn 0.2503 0.2712 -0.9294
vn 0.2484 0.2922 -0.9235
vn 0.2619 0.3147 -0.9123
vn 0.2340 0.2854 -0.9294
vn 0.2475 0.3083 -0.9185
vn 0.2150 0.2789 -0.9359
vn 0.2285 0.3019 -0.9256
vn 0.2336 0.2680 -0.9347
vn 0.2191 0.2609 -0.9402
vn 0.2002 0.2543 -0.9462
vn 0.2173 0.2417 -0.9457
vn 0.2028 0.2344 -0.9508
vn 0.1840 0.2278 -0.9562
vn 0.2740 0.3360 -0.9011
vn 0.2851 0.3419 -0.8954
vn 0.2852 0.3564 -0.8897
vn 0.2962 0.3623 -0.8838
vn 0.2956 0.3763 -0.8781
vn 0.3067 0.3824 -0.8716
vn 0.3055 0.3961 -0.8659
vn 0.3170 0.4030 -0.8586
vn 0.2597 0.3298 -0.9076
vn 0.2709 0.3502 -0.8966
vn 0.2813 0.3699 -0.8855
vn 0.2911 0.3891 -0.8740
vn 0.2408 0.3235 -0.9151
vn 0.2521 0.3439 -0.9045
vn 0.2625 0.3634 -0.8939
vn 0.2724 0.3821 -0.8831
vn 0.2936 0.3472 -0.8907
vn 0.3000 0.3514 -0.8868
vn 0.3045 0.3546 -0.8841
vn 0.3070 0.3563 -0.8825
vn 0.3049 0.3674 -0.8786
vn 0.3119 0.3714 -0.8745
vn 0.3173 0.3740 -0.8715
vn 0.3210 0.3747 -0.8698
vn 0.3158 0.3880 -0.8659
vn 0.3234 0.3922 -0.8611
vn 0.3300 0.3944 -0.8577
vn 0.3353 0.3932 -0.8561
vn 0.3266 0.4095 -0.8518
vn 0.3353 0.4153 -0.8456
vn 0.3440 0.4199 -0.8399
vn 0.3568 0.4226 -0.8332
vn 0.0392 0.3676 -0.9292
vn 0.0450 0.3718 -0.9272
vn 0.0391 0.3571 -0.9333
vn 0.0342 0.3534 -0.9348
vn 0.0344 0.3423 -0.9390
vn 0.0302 0.3390 -0.9403
vn 0.0306 0.3273 -0.9444
vn 0.0271 0.3243 -0.9456
vn 0.0512 0.3768 -0.9249
vn 0.0442 0.3614 -0.9314
vn 0.0385 0.3461 -0.9374
vn 0.0339 0.3309 -0.9431
vn 0.0581 0.3828 -0.9220
vn 0.0497 0.3666 -0.9290
vn 0.0428 0.3507 -0.9355
vn 0.0371 0.3350 -0.9415
vn 0.0660 0.3897 -0.9186
vn 0.0559 0.3727 -0.9263
vn 0.0475 0.3560 -0.9333
vn 0.0404 0.3398 -0.9396
vn 0.0293 0.3504 -0.9362
vn 0.0337 0.3640 -0.9308
vn 0.0244 0.3478 -0.9373
vn 0.0283 0.3610 -0.9321
vn 0.0191 0.3455 -0.9382
vn 0.0229 0.3583 -0.9333
vn 0.0134 0.3435 -0.9391
vn 0.0172 0.3559 -0.9344
vn 0.0259 0.3363 -0.9414
vn 0.0213 0.3340 -0.9423
vn 0.0162 0.3320 -0.9431
vn 0.0104 0.3302 -0.9438
vn 0.0233 0.3217 -0.9466
vn 0.0189 0.3195 -0.9474
vn 0.0139 0.3175 -0.9481
vn 0.0079 0.3158 -0.9488
vn 0.0393 0.3775 -0.9252
vn 0.0456 0.3817 -0.9232
vn 0.0462 0.3910 -0.9192
vn 0.0533 0.3958 -0.9168
vn 0.0543 0.4047 -0.9128
vn 0.0624 0.4100 -0.9099
vn 0.0635 0.4187 -0.9059
vn 0.0726 0.4246 -0.9025
vn 0.0334 0.3740 -0.9268
vn 0.0397 0.3868 -0.9213
vn 0.0472 0.3999 -0.9153
vn 0.0558 0.4133 -0.9089
vn 0.0277 0.3707 -0.9283
vn 0.0336 0.3830 -0.9231
vn 0.0408 0.3954 -0.9176
vn 0.0492 0.4082 -0.9116
vn 0.0221 0.3677 -0.9297
vn 0.0280 0.3793 -0.9248
vn 0.0352 0.3909 -0.9197
vn 0.0438 0.4029 -0.9142
vn 0.0524 0.3865 -0.9208
vn 0.0599 0.3922 -0.9179
vn 0.0683 0.3990 -0.9144
vn 0.0780 0.4069 -0.9101
vn 0.0612 0.4013 -0.9139
vn 0.0702 0.4077 -0.9104
vn 0.0803 0.4153 -0.9061
vn 0.0920 0.4240 -0.9010
vn 0.0715 0.4161 -0.9065
vn 0.0820 0.4232 -0.9023
vn 0.0941 0.4314 -0.8972
vn 0.1081 0.4409 -0.8910
vn 0.0831 0.4311 -0.8985
vn 0.0953 0.4387 -0.8936
vn 0.1095 0.4474 -0.8876
vn 0.1259 0.4574 -0.8803
vn 0.1502 0.3365 -0.9296
vn 0.1437 0.3367 -0.9306
vn 0.1438 0.3286 -0.9334
vn 0.1509 0.3287 -0.9323
vn 0.1449 0.3186 -0.9367
vn 0.1527 0.3190 -0.9354
vn 0.1471 0.3061 -0.9406
vn 0.1555 0.3068 -0.9390
vn 0.1267 0.3373 -0.9328
vn 0.1260 0.3289 -0.9359
vn 0.1263 0.3186 -0.9395
vn 0.1275 0.3058 -0.9435
vn 0.1025 0.3382 -0.9355
vn 0.1009 0.3295 -0.9388
vn 0.1002 0.3188 -0.9425
vn 0.1003 0.3057 -0.9468
vn 0.0741 0.3394 -0.9377
vn 0.0716 0.3303 -0.9412
vn 0.0699 0.3193 -0.9451
vn 0.0688 0.3059 -0.9496
vn 0.1438 0.3292 -0.9333
vn 0.1426 0.3367 -0.9307
vn 0.1190 0.3297 -0.9366
vn 0.1177 0.3371 -0.9341
vn 0.0747 0.3297 -0.9411
vn 0.0737 0.3370 -0.9386
vn 0.0121 0.3282 -0.9445
vn 0.0117 0.3355 -0.9420
vn 0.1458 0.3196 -0.9363
vn 0.1210 0.3204 -0.9395
vn 0.0762 0.3205 -0.9442
vn 0.0125 0.3190 -0.9477
vn 0.1489 0.3077 -0.9397
vn 0.1238 0.3087 -0.9431
vn 0.0782 0.3090 -0.9478
vn 0.0130 0.3075 -0.9515
vn 0.1422 0.3426 -0.9286
vn 0.1504 0.3426 -0.9274
vn 0.1427 0.3470 -0.9270
vn 0.1515 0.3472 -0.9255
vn 0.1438 0.3499 -0.9257
vn 0.1535 0.3503 -0.9240
vn 0.1456 0.3513 -0.9249
vn 0.1565 0.3520 -0.9228
vn 0.1170 0.3428 -0.9321
vn 0.1170 0.3470 -0.9305
vn 0.1174 0.3498 -0.9294
vn 0.1183 0.3510 -0.9289
vn 0.0731 0.3426 -0.9366
vn 0.0728 0.3467 -0.9351
vn 0.0728 0.3494 -0.9341
vn 0.0731 0.3506 -0.9337
vn 0.0114 0.3411 -0.9400
vn 0.0112 0.3452 -0.9385
vn 0.0112 0.3478 -0.9375
vn 0.0111 0.3489 -0.9371
vn 0.1446 0.3431 -0.9281
vn 0.1284 0.3440 -0.9302
vn 0.1052 0.3452 -0.9326
vn 0.0776 0.3468 -0.9347
vn 0.1465 0.3479 -0.9260
vn 0.1312 0.3492 -0.9278
vn 0.1089 0.3508 -0.9301
vn 0.0823 0.3529 -0.9320
vn 0.1495 0.3513 -0.9242
vn 0.1353 0.3529 -0.9258
vn 0.1139 0.3551 -0.9279
vn 0.0882 0.3577 -0.9297
vn 0.1536 0.3533 -0.9228
vn 0.1405 0.3553 -0.9241
vn 0.1203 0.3580 -0.9259
vn 0.0957 0.3613 -0.9275
vn 0.1561 0.4244 -0.8919
vn 0.1900 0.4326 -0.8813
vn 0.1780 0.4122 -0.8936
vn 0.1435 0.4043 -0.9033
vn 0.1669 0.3922 -0.9046
vn 0.1322 0.3847 -0.9135
vn 0.1564 0.3732 -0.9145
vn 0.1217 0.3660 -0.9226
vn 0.2242 0.4402 -0.8695
vn 0.2129 0.4195 -0.8824
vn 0.2022 0.3995 -0.8942
vn 0.1919 0.3802 -0.9048
vn 0.2569 0.4473 -0.8567
vn 0.2462 0.4266 -0.8703
vn 0.2359 0.4064 -0.8827
vn 0.2259 0.3871 -0.8940
vn 0.2868 0.4543 -0.8434
vn 0.2766 0.4337 -0.8575
vn 0.2667 0.4135 -0.8706
vn 0.2568 0.3939 -0.8825
vn 0.1119 0.3960 -0.9114
vn 0.1247 0.4156 -0.9010
vn 0.0857 0.3877 -0.9178
vn 0.0982 0.4066 -0.9083
vn 0.0667 0.3798 -0.9227
vn 0.0783 0.3977 -0.9141
vn 0.1006 0.3770 -0.9207
vn 0.0748 0.3693 -0.9263
vn 0.0569 0.3622 -0.9304
vn 0.0904 0.3587 -0.9291
vn 0.0653 0.3517 -0.9338
vn 0.0484 0.3453 -0.9372
vn 0.1392 0.4353 -0.8894
vn 0.1700 0.4447 -0.8794
vn 0.1555 0.4549 -0.8769
vn 0.1855 0.4647 -0.8658
vn 0.1739 0.4739 -0.8632
vn 0.2029 0.4842 -0.8511
vn 0.1946 0.4920 -0.8486
vn 0.2224 0.5027 -0.8354
vn 0.1126 0.4256 -0.8979
vn 0.1291 0.4445 -0.8864
vn 0.1477 0.4629 -0.8740
vn 0.1686 0.4804 -0.8607
vn 0.0919 0.4159 -0.9048
vn 0.1077 0.4339 -0.8945
vn 0.1255 0.4516 -0.8833
vn 0.1455 0.4687 -0.8713
vn 0.2030 0.4532 -0.8680
vn 0.2363 0.4609 -0.8554
vn 0.2681 0.4680 -0.8421
vn 0.2973 0.4749 -0.8283
vn 0.2174 0.4736 -0.8535
vn 0.2493 0.4815 -0.8403
vn 0.2799 0.4885 -0.8264
vn 0.3082 0.4951 -0.8123
vn 0.2333 0.4934 -0.8379
vn 0.2636 0.5014 -0.8241
vn 0.2927 0.5084 -0.8098
vn 0.3197 0.5147 -0.7956
vn 0.2511 0.5122 -0.8214
vn 0.2795 0.5204 -0.8069
vn 0.3066 0.5273 -0.7924
vn 0.3317 0.5332 -0.7782
vn 0.1692 0.3984 -0.9015
vn 0.1728 0.3995 -0.9003
vn 0.1689 0.3799 -0.9095
vn 0.1670 0.3784 -0.9104
vn 0.1639 0.3658 -0.9162
vn 0.1638 0.3641 -0.9168
vn 0.1586 0.3570 -0.9205
vn 0.1600 0.3554 -0.9209
vn 0.1663 0.4014 -0.9007
vn 0.1605 0.3823 -0.9100
vn 0.1538 0.3683 -0.9169
vn 0.1468 0.3594 -0.9216
vn 0.1525 0.4043 -0.9018
vn 0.1449 0.3856 -0.9112
vn 0.1365 0.3717 -0.9183
vn 0.1280 0.3626 -0.9231
vn 0.1340 0.4081 -0.9031
vn 0.1247 0.3898 -0.9124
vn 0.1146 0.3760 -0.9195
vn 0.1047 0.3665 -0.9245
vn 0.1519 0.3778 -0.9134
vn 0.1526 0.3982 -0.9045
vn 0.1209 0.3776 -0.9180
vn 0.1204 0.3983 -0.9093
vn 0.0730 0.3772 -0.9233
vn 0.0720 0.3981 -0.9145
vn 0.0098 0.3756 -0.9267
vn 0.0089 0.3966 -0.9180
vn 0.1502 0.3633 -0.9195
vn 0.1204 0.3630 -0.9240
vn 0.0734 0.3624 -0.9291
vn 0.0105 0.3608 -0.9326
vn 0.1479 0.3546 -0.9232
vn 0.1195 0.3542 -0.9275
vn 0.0734 0.3537 -0.9325
vn 0.0110 0.3520 -0.9359
vn 0.1516 0.4243 -0.8927
vn 0.1696 0.4240 -0.8896
vn 0.1485 0.4558 -0.8776
vn 0.1674 0.4547 -0.8748
vn 0.1424 0.4917 -0.8590
vn 0.1619 0.4897 -0.8567
vn 0.1330 0.5310 -0.8369
vn 0.1524 0.5280 -0.8355
vn 0.1186 0.4249 -0.8974
vn 0.1151 0.4570 -0.8820
vn 0.1094 0.4936 -0.8628
vn 0.1012 0.5335 -0.8397
vn 0.0700 0.4251 -0.9025
vn 0.0670 0.4575 -0.8867
vn 0.0627 0.4945 -0.8669
vn 0.0569 0.5348 -0.8430
vn 0.0076 0.4237 -0.9058
vn 0.0060 0.4563 -0.8898
vn 0.0041 0.4935 -0.8698
vn 0.0020 0.5340 -0.8455
vn 0.1748 0.4243 -0.8885
vn 0.1701 0.4255 -0.8888
vn 0.1582 0.4276 -0.8900
vn 0.1415 0.4306 -0.8914
vn 0.1741 0.4541 -0.8738
vn 0.1711 0.4542 -0.8743
vn 0.1610 0.4551 -0.8757
vn 0.1462 0.4568 -0.8775
vn 0.1698 0.4880 -0.8562
vn 0.1684 0.4868 -0.8571
vn 0.1601 0.4862 -0.8590
vn 0.1472 0.4862 -0.8614
vn 0.1610 0.5251 -0.8357
vn 0.1609 0.5224 -0.8374
vn 0.1544 0.5200 -0.8401
vn 0.1434 0.5180 -0.8433
vn 0.1175 0.4838 -0.8672
vn 0.1330 0.4906 -0.8612
vn 0.1208 0.4756 -0.8714
vn 0.1063 0.4688 -0.8769
vn 0.1082 0.4608 -0.8809
vn 0.0950 0.4539 -0.8860
vn 0.0955 0.4461 -0.8899
vn 0.0836 0.4392 -0.8945
vn 0.1521 0.4979 -0.8538
vn 0.1383 0.4831 -0.8646
vn 0.1240 0.4685 -0.8747
vn 0.1095 0.4538 -0.8844
vn 0.1752 0.5059 -0.8446
vn 0.1593 0.4915 -0.8562
vn 0.1427 0.4772 -0.8671
vn 0.1259 0.4627 -0.8775
vn 0.2029 0.5149 -0.8329
vn 0.1843 0.5010 -0.8456
vn 0.1649 0.4872 -0.8576
vn 0.1452 0.4729 -0.8691
vn 0.0947 0.4624 -0.8816
vn 0.1051 0.4776 -0.8723
vn 0.0857 0.4564 -0.8856
vn 0.0958 0.4715 -0.8766
vn 0.0791 0.4503 -0.8894
vn 0.0893 0.4655 -0.8805
vn 0.0749 0.4439 -0.8929
vn 0.0856 0.4592 -0.8842
vn 0.0842 0.4476 -0.8903
vn 0.0755 0.4416 -0.8940
vn 0.0688 0.4356 -0.8975
vn 0.0641 0.4294 -0.9009
vn 0.0736 0.4331 -0.8984
vn 0.0654 0.4273 -0.9018
vn 0.0587 0.4216 -0.9049
vn 0.0535 0.4156 -0.9080
vn 0.1153 0.4931 -0.8623
vn 0.1283 0.4993 -0.8569
vn 0.1254 0.5089 -0.8516
vn 0.1390 0.5153 -0.8456
vn 0.1356 0.5252 -0.8401
vn 0.1499 0.5320 -0.8334
vn 0.1465 0.5420 -0.8275
vn 0.1615 0.5495 -0.8197
vn 0.1057 0.4870 -0.8670
vn 0.1153 0.5028 -0.8567
vn 0.1250 0.5188 -0.8457
vn 0.1349 0.5350 -0.8340
vn 0.0992 0.4811 -0.8711
vn 0.1086 0.4969 -0.8610
vn 0.1177 0.5129 -0.8503
vn 0.1266 0.5289 -0.8392
vn 0.0958 0.4751 -0.8747
vn 0.1053 0.4912 -0.8646
vn 0.1139 0.5075 -0.8541
vn 0.1215 0.5238 -0.8431
vn 0.1449 0.5060 -0.8503
vn 0.1654 0.5132 -0.8422
vn 0.1903 0.5209 -0.8321
vn 0.2201 0.5293 -0.8194
vn 0.1565 0.5221 -0.8384
vn 0.1781 0.5293 -0.8295
vn 0.2044 0.5369 -0.8185
vn 0.2359 0.5449 -0.8047
vn 0.1681 0.5392 -0.8252
vn 0.1905 0.5467 -0.8154
vn 0.2178 0.5544 -0.8033
vn 0.2504 0.5621 -0.7883
vn 0.1803 0.5575 -0.8104
vn 0.2033 0.5656 -0.7992
vn 0.2309 0.5738 -0.7858
vn 0.2637 0.5816 -0.7696
vn 0.0860 0.6390 -0.7644
vn 0.0931 0.6339 -0.7678
vn 0.1128 0.6136 -0.7815
vn 0.1048 0.6186 -0.7787
vn 0.1314 0.5893 -0.7972
vn 0.1228 0.5939 -0.7951
vn 0.1478 0.5601 -0.8151
vn 0.1390 0.5641 -0.8139
vn 0.0953 0.6282 -0.7722
vn 0.1148 0.6082 -0.7855
vn 0.1330 0.5844 -0.8005
vn 0.1488 0.5561 -0.8177
vn 0.0936 0.6220 -0.7774
vn 0.1122 0.6023 -0.7903
vn 0.1293 0.5792 -0.8048
vn 0.1438 0.5521 -0.8213
vn 0.0891 0.6153 -0.7832
vn 0.1063 0.5962 -0.7958
vn 0.1218 0.5740 -0.8097
vn 0.1346 0.5483 -0.8254
vn 0.0895 0.6229 -0.7772
vn 0.0729 0.6433 -0.7622
vn 0.0661 0.6262 -0.7769
vn 0.0532 0.6464 -0.7611
vn 0.0348 0.6280 -0.7775
vn 0.0271 0.6481 -0.7610
vn -0.0031 0.6277 -0.7785
vn -0.0042 0.6480 -0.7617
vn 0.1056 0.5980 -0.7945
vn 0.0788 0.6013 -0.7951
vn 0.0425 0.6031 -0.7966
vn -0.0017 0.6026 -0.7980
vn 0.1204 0.5678 -0.8143
vn 0.0907 0.5708 -0.8160
vn 0.0500 0.5725 -0.8184
vn -0.0000 0.5719 -0.8203
vn 0.0565 0.6598 -0.7493
vn 0.0673 0.6557 -0.7520
vn 0.0412 0.6728 -0.7387
vn 0.0497 0.6690 -0.7416
vn 0.0277 0.6825 -0.7304
vn 0.0342 0.6791 -0.7332
vn 0.0168 0.6888 -0.7248
vn 0.0216 0.6860 -0.7272
vn 0.0406 0.6628 -0.7477
vn 0.0289 0.6756 -0.7367
vn 0.0186 0.6849 -0.7284
vn 0.0103 0.6908 -0.7230
vn 0.0197 0.6644 -0.7471
vn 0.0129 0.6770 -0.7358
vn 0.0070 0.6863 -0.7273
vn 0.0024 0.6919 -0.7220
vn -0.0052 0.6643 -0.7474
vn -0.0059 0.6771 -0.7359
vn -0.0065 0.6864 -0.7272
vn -0.0068 0.6920 -0.7218
vn 0.0734 0.6507 -0.7558
vn 0.0756 0.6450 -0.7605
vn 0.0747 0.6387 -0.7659
vn 0.0715 0.6319 -0.7718
vn 0.0548 0.6643 -0.7455
vn 0.0568 0.6588 -0.7501
vn 0.0565 0.6528 -0.7554
vn 0.0544 0.6462 -0.7612
vn 0.0381 0.6749 -0.7369
vn 0.0400 0.6700 -0.7412
vn 0.0402 0.6646 -0.7461
vn 0.0391 0.6587 -0.7514
vn 0.0246 0.6827 -0.7303
vn 0.0264 0.6788 -0.7339
vn 0.0269 0.6744 -0.7379
vn 0.0265 0.6697 -0.7421
vn 0.1775 0.1624 -0.9706
vn 0.1779 0.1649 -0.9701
vn 0.1645 0.1487 -0.9751
vn 0.1644 0.1458 -0.9756
vn 0.1518 0.1335 -0.9793
vn 0.1520 0.1304 -0.9797
vn 0.1399 0.1192 -0.9830
vn 0.1403 0.1160 -0.9833
vn 0.1769 0.1674 -0.9699
vn 0.1634 0.1516 -0.9749
vn 0.1505 0.1366 -0.9791
vn 0.1384 0.1223 -0.9828
vn 0.1740 0.1696 -0.9700
vn 0.1605 0.1542 -0.9749
vn 0.1477 0.1395 -0.9792
vn 0.1354 0.1254 -0.9828
vn 0.1634 0.1429 -0.9762
vn 0.1763 0.1600 -0.9712
vn 0.1618 0.1399 -0.9769
vn 0.1747 0.1575 -0.9719
vn 0.1595 0.1364 -0.9777
vn 0.1725 0.1543 -0.9728
vn 0.1512 0.1273 -0.9803
vn 0.1497 0.1239 -0.9809
vn 0.1476 0.1204 -0.9817
vn 0.1398 0.1128 -0.9837
vn 0.1387 0.1095 -0.9843
vn 0.1369 0.1061 -0.9849
vn 0.1902 0.1789 -0.9653
vn 0.1916 0.1807 -0.9647
vn 0.2051 0.1998 -0.9581
vn 0.2073 0.2013 -0.9574
vn 0.2214 0.2229 -0.9494
vn 0.2246 0.2243 -0.9483
vn 0.2392 0.2485 -0.9386
vn 0.2440 0.2499 -0.9370
vn 0.1885 0.1769 -0.9660
vn 0.2034 0.1984 -0.9588
vn 0.2193 0.2220 -0.9501
vn 0.2364 0.2479 -0.9395
vn 0.1865 0.1742 -0.9669
vn 0.2015 0.1963 -0.9596
vn 0.2176 0.2205 -0.9508
vn 0.2347 0.2470 -0.9402
vn 0.1925 0.1828 -0.9641
vn 0.1920 0.1851 -0.9638
vn 0.1893 0.1869 -0.9640
vn 0.2091 0.2033 -0.9565
vn 0.2093 0.2054 -0.9560
vn 0.2069 0.2069 -0.9562
vn 0.2279 0.2266 -0.9469
vn 0.2296 0.2294 -0.9459
vn 0.2281 0.2309 -0.9459
vn 0.2496 0.2531 -0.9347
vn 0.2542 0.2578 -0.9322
vn 0.2581 0.2635 -0.9295
vn 0.3158 0.5565 -0.7685
vn 0.3396 0.5670 -0.7505
vn 0.3153 0.5556 -0.7694
vn 0.2911 0.5451 -0.7862
vn 0.2923 0.5431 -0.7872
vn 0.2669 0.5329 -0.8030
vn 0.2708 0.5289 -0.8043
vn 0.2439 0.5191 -0.8192
vn 0.3601 0.5767 -0.7333
vn 0.3374 0.5650 -0.7530
vn 0.3163 0.5521 -0.7715
vn 0.2970 0.5374 -0.7893
vn 0.3775 0.5851 -0.7177
vn 0.3571 0.5730 -0.7377
vn 0.3385 0.5596 -0.7565
vn 0.3217 0.5445 -0.7746
vn 0.3919 0.5918 -0.7044
vn 0.3743 0.5792 -0.7242
vn 0.3586 0.5654 -0.7428
vn 0.3446 0.5502 -0.7606
vn 0.2653 0.5340 -0.8028
vn 0.2895 0.5457 -0.7864
vn 0.2387 0.5227 -0.8184
vn 0.2616 0.5350 -0.8033
vn 0.2115 0.5116 -0.8328
vn 0.2326 0.5246 -0.8189
vn 0.2410 0.5218 -0.8184
vn 0.2150 0.5101 -0.8328
vn 0.1894 0.4984 -0.8460
vn 0.2172 0.5081 -0.8335
vn 0.1913 0.4963 -0.8468
vn 0.1672 0.4843 -0.8588
vn 0.3126 0.5575 -0.7691
vn 0.3400 0.5677 -0.7498
vn 0.3338 0.5703 -0.7506
vn 0.3627 0.5796 -0.7297
vn 0.3525 0.5850 -0.7305
vn 0.3834 0.5936 -0.7076
vn 0.3683 0.6026 -0.7080
vn 0.4015 0.6108 -0.6825
vn 0.2832 0.5477 -0.7873
vn 0.3027 0.5614 -0.7702
vn 0.3197 0.5771 -0.7515
vn 0.3340 0.5955 -0.7306
vn 0.2522 0.5382 -0.8042
vn 0.2699 0.5530 -0.7882
vn 0.2855 0.5696 -0.7707
vn 0.2990 0.5888 -0.7509
vn 0.3640 0.5780 -0.7304
vn 0.3836 0.5878 -0.7123
vn 0.3992 0.5964 -0.6964
vn 0.4109 0.6032 -0.6836
vn 0.3877 0.5894 -0.7087
vn 0.4071 0.5991 -0.6894
vn 0.4212 0.6077 -0.6733
vn 0.4302 0.6141 -0.6616
vn 0.4099 0.6030 -0.6844
vn 0.4297 0.6127 -0.6633
vn 0.4435 0.6213 -0.6460
vn 0.4499 0.6264 -0.6365
vn 0.4303 0.6205 -0.6557
vn 0.4516 0.6309 -0.6309
vn 0.4670 0.6416 -0.6086
vn 0.0022 0.7104 -0.7037
vn 0.0042 0.7115 -0.7026
vn 0.0049 0.7039 -0.7103
vn 0.0030 0.7040 -0.7102
vn 0.0083 0.6964 -0.7177
vn 0.0063 0.6976 -0.7165
vn 0.0148 0.6892 -0.7244
vn 0.0124 0.6916 -0.7222
vn 0.0058 0.7129 -0.7013
vn 0.0064 0.7039 -0.7103
vn 0.0099 0.6950 -0.7190
vn 0.0164 0.6866 -0.7269
vn 0.0069 0.7145 -0.6996
vn 0.0075 0.7040 -0.7102
vn 0.0108 0.6935 -0.7203
vn 0.0172 0.6836 -0.7296
vn 0.0077 0.7164 -0.6977
vn 0.0082 0.7042 -0.7099
vn 0.0113 0.6921 -0.7217
vn 0.0173 0.6805 -0.7325
vn 0.0007 0.7041 -0.7101
vn -0.0001 0.7096 -0.7046
vn -0.0019 0.7042 -0.7100
vn -0.0026 0.7090 -0.7052
vn -0.0047 0.7043 -0.7099
vn -0.0052 0.7087 -0.7055
vn -0.0076 0.7042 -0.7099
vn -0.0078 0.7085 -0.7056
vn 0.0036 0.6986 -0.7155
vn 0.0004 0.6994 -0.7147
vn -0.0033 0.6999 -0.7143
vn -0.0073 0.6999 -0.7142
vn 0.0089 0.6935 -0.7204
vn 0.0043 0.6949 -0.7191
vn -0.0010 0.6957 -0.7183
vn -0.0070 0.6958 -0.7182
vn -0.0050 0.7128 -0.7014
vn -0.0018 0.7136 -0.7006
vn -0.0080 0.7125 -0.7017
vn 0.2253 0.6204 -0.7512
vn 0.2481 0.6334 -0.7329
vn 0.2273 0.6141 -0.7558
vn 0.2061 0.6024 -0.7711
vn 0.2093 0.5951 -0.7759
vn 0.1892 0.5848 -0.7888
vn 0.1938 0.5763 -0.7939
vn 0.1745 0.5673 -0.8048
vn 0.2724 0.6466 -0.7125
vn 0.2508 0.6260 -0.7384
vn 0.2325 0.6056 -0.7610
vn 0.2170 0.5855 -0.7811
vn 0.2984 0.6592 -0.6902
vn 0.2770 0.6373 -0.7191
vn 0.2593 0.6157 -0.7441
vn 0.2443 0.5945 -0.7661
vn 0.3262 0.6702 -0.6666
vn 0.3060 0.6473 -0.6982
vn 0.2899 0.6247 -0.7251
vn 0.2764 0.6028 -0.7485
vn 0.1870 0.5916 -0.7842
vn 0.2037 0.6085 -0.7670
vn 0.1699 0.5822 -0.7951
vn 0.1834 0.5982 -0.7800
vn 0.1543 0.5747 -0.8037
vn 0.1640 0.5903 -0.7904
vn 0.1401 0.5697 -0.8098
vn 0.1452 0.5850 -0.7979
vn 0.1720 0.5751 -0.7998
vn 0.1573 0.5666 -0.8088
vn 0.1449 0.5596 -0.8160
vn 0.1345 0.5547 -0.8211
vn 0.1585 0.5587 -0.8141
vn 0.1456 0.5510 -0.8217
vn 0.1356 0.5445 -0.8277
vn 0.1283 0.5395 -0.8321
vn 0.2215 0.6260 -0.7477
vn 0.2461 0.6387 -0.7290
vn 0.2392 0.6445 -0.7262
vn 0.2669 0.6572 -0.7048
vn 0.2551 0.6645 -0.7024
vn 0.2858 0.6763 -0.6789
vn 0.2669 0.6862 -0.6767
vn 0.3000 0.6963 -0.6521
vn 0.1974 0.6152 -0.7633
vn 0.2110 0.6335 -0.7444
vn 0.2231 0.6538 -0.7230
vn 0.2317 0.6767 -0.6989
vn 0.1735 0.6067 -0.7757
vn 0.1825 0.6247 -0.7592
vn 0.1901 0.6449 -0.7402
vn 0.1952 0.6682 -0.7179
vn 0.1499 0.6011 -0.7850
vn 0.1538 0.6186 -0.7705
vn 0.1567 0.6383 -0.7537
vn 0.1579 0.6610 -0.7336
vn 0.2712 0.6525 -0.7076
vn 0.2967 0.6666 -0.6839
vn 0.3231 0.6799 -0.6583
vn 0.3504 0.6915 -0.6317
vn 0.2945 0.6710 -0.6805
vn 0.3217 0.6849 -0.6538
vn 0.3486 0.6979 -0.6256
vn 0.3155 0.6889 -0.6525
vn 0.3439 0.7015 -0.6242
vn 0.2269 0.2317 -0.9460
vn 0.2441 0.2440 -0.9386
vn 0.2384 0.2489 -0.9387
vn 0.2209 0.2369 -0.9461
vn 0.2356 0.2545 -0.9379
vn 0.2178 0.2426 -0.9454
vn 0.2352 0.2602 -0.9365
vn 0.2170 0.2480 -0.9441
vn 0.2572 0.2530 -0.9327
vn 0.2521 0.2577 -0.9328
vn 0.2498 0.2632 -0.9318
vn 0.2498 0.2690 -0.9302
vn 0.2003 0.2222 -0.9542
vn 0.2063 0.2168 -0.9542
vn 0.1775 0.2053 -0.9625
vn 0.1834 0.2000 -0.9625
vn 0.1531 0.1867 -0.9704
vn 0.1590 0.1818 -0.9704
vn 0.1281 0.1668 -0.9776
vn 0.1340 0.1626 -0.9775
vn 0.1970 0.2277 -0.9536
vn 0.1739 0.2104 -0.9620
vn 0.1493 0.1911 -0.9701
vn 0.1241 0.1703 -0.9775
vn 0.1959 0.2328 -0.9526
vn 0.1725 0.2149 -0.9613
vn 0.1476 0.1949 -0.9697
vn 0.1219 0.1731 -0.9773
vn 0.2154 0.2116 -0.9533
vn 0.2363 0.2271 -0.9448
vn 0.2281 0.2070 -0.9514
vn 0.2498 0.2234 -0.9422
vn 0.2452 0.2031 -0.9480
vn 0.2682 0.2207 -0.9377
vn 0.2675 0.1998 -0.9426
vn 0.2924 0.2187 -0.9310
vn 0.1920 0.1946 -0.9619
vn 0.2039 0.1895 -0.9605
vn 0.2195 0.1847 -0.9580
vn 0.2397 0.1803 -0.9539
vn 0.1672 0.1766 -0.9700
vn 0.1782 0.1713 -0.9690
vn 0.1924 0.1661 -0.9672
vn 0.2105 0.1610 -0.9643
vn 0.1419 0.1580 -0.9772
vn 0.1521 0.1530 -0.9764
vn 0.1651 0.1478 -0.9751
vn 0.2535 0.2400 -0.9371
vn 0.2660 0.2496 -0.9311
vn 0.2673 0.2373 -0.9339
vn 0.2795 0.2477 -0.9277
vn 0.2863 0.2541 -0.9238
vn 0.2738 0.2555 -0.9272
vn 0.2866 0.2358 -0.9286
vn 0.2986 0.2471 -0.9218
vn 0.3044 0.2543 -0.9180
vn 0.3119 0.2350 -0.9206
vn 0.3241 0.2473 -0.9131
vn 0.3293 0.2552 -0.9091
vn 0.0765 0.1169 -0.9902
vn 0.0832 0.1147 -0.9899
vn 0.0913 0.1206 -0.9885
vn 0.0843 0.1234 -0.9888
vn 0.1033 0.1294 -0.9862
vn 0.0959 0.1327 -0.9865
vn 0.1198 0.1416 -0.9826
vn 0.1121 0.1455 -0.9830
vn 0.0912 0.1118 -0.9895
vn 0.0998 0.1172 -0.9881
vn 0.1123 0.1255 -0.9857
vn 0.1294 0.1371 -0.9821
vn 0.1006 0.1082 -0.9890
vn 0.1099 0.1132 -0.9875
vn 0.1232 0.1210 -0.9850
vn 0.1413 0.1322 -0.9811
vn 0.0788 0.1254 -0.9890
vn 0.0712 0.1185 -0.9904
vn 0.0746 0.1267 -0.9891
vn 0.0672 0.1195 -0.9906
vn 0.0718 0.1273 -0.9893
vn 0.0645 0.1198 -0.9907
vn 0.0705 0.1272 -0.9894
vn 0.0633 0.1196 -0.9908
vn 0.0902 0.1353 -0.9867
vn 0.0859 0.1372 -0.9868
vn 0.0831 0.1383 -0.9869
vn 0.0819 0.1386 -0.9870
vn 0.1062 0.1488 -0.9831
vn 0.1020 0.1514 -0.9832
vn 0.0994 0.1533 -0.9832
vn 0.0986 0.1543 -0.9831
vn 0.0671 0.1146 -0.9911
vn 0.0722 0.1133 -0.9909
vn 0.0662 0.1137 -0.9913
vn 0.0714 0.1126 -0.9911
vn 0.0688 0.1162 -0.9908
vn 0.0743 0.1151 -0.9906
vn 0.0757 0.1230 -0.9895
vn 0.0818 0.1219 -0.9892
vn 0.0633 0.1155 -0.9913
vn 0.0626 0.1147 -0.9914
vn 0.0654 0.1175 -0.9909
vn 0.0725 0.1247 -0.9895
vn 0.0609 0.1159 -0.9914
vn 0.0605 0.1153 -0.9915
vn 0.0638 0.1187 -0.9909
vn 0.0713 0.1265 -0.9894
vn 0.0598 0.1158 -0.9915
vn 0.0598 0.1156 -0.9915
vn 0.0636 0.1196 -0.9908
vn 0.0788 0.1115 -0.9906
vn 0.0866 0.1092 -0.9902
vn 0.0955 0.1062 -0.9897
vn 0.0781 0.1113 -0.9907
vn 0.0861 0.1096 -0.9902
vn 0.0950 0.1074 -0.9897
vn 0.0817 0.1144 -0.9901
vn 0.0906 0.1138 -0.9894
vn 0.1005 0.1128 -0.9885
vn 0.0906 0.1219 -0.9884
vn 0.1017 0.1232 -0.9872
vn 0.1163 0.1261 -0.9852
vn 0.0746 0.1116 -0.9909
vn 0.0730 0.1086 -0.9914
vn 0.0675 0.1114 -0.9915
vn 0.0697 0.1147 -0.9910
vn 0.0632 0.1136 -0.9915
vn 0.0659 0.1171 -0.9909
vn 0.0605 0.1151 -0.9915
vn 0.0637 0.1187 -0.9909
vn 0.0751 0.1101 -0.9911
vn 0.0690 0.1125 -0.9912
vn 0.0641 0.1144 -0.9914
vn 0.0610 0.1154 -0.9914
vn 0.0808 0.1160 -0.9899
vn 0.0744 0.1180 -0.9902
vn 0.0690 0.1194 -0.9904
vn 0.0653 0.1199 -0.9906
vn 0.0759 0.1224 -0.9896
vn 0.0801 0.1193 -0.9896
vn 0.0866 0.1349 -0.9871
vn 0.0900 0.1320 -0.9872
vn 0.1025 0.1525 -0.9830
vn 0.1049 0.1500 -0.9831
vn 0.0726 0.1248 -0.9895
vn 0.0839 0.1370 -0.9870
vn 0.1005 0.1540 -0.9829
vn 0.0707 0.1264 -0.9895
vn 0.0823 0.1382 -0.9870
vn 0.0991 0.1545 -0.9830
vn 0.0848 0.1155 -0.9897
vn 0.0801 0.1080 -0.9909
vn 0.0893 0.1110 -0.9898
vn 0.0856 0.1038 -0.9909
vn 0.0934 0.1059 -0.9900
vn 0.0907 0.0992 -0.9909
vn 0.0936 0.1282 -0.9873
vn 0.0969 0.1235 -0.9876
vn 0.0995 0.1179 -0.9880
vn 0.1071 0.1465 -0.9834
vn 0.1088 0.1417 -0.9839
vn 0.1095 0.1356 -0.9847
vn 0.0791 0.1053 -0.9913
vn 0.0818 0.1072 -0.9909
vn 0.0879 0.1135 -0.9896
vn 0.0854 0.1015 -0.9912
vn 0.0886 0.1039 -0.9906
vn 0.0952 0.1107 -0.9893
vn 0.0914 0.0974 -0.9910
vn 0.0953 0.1003 -0.9904
vn 0.1022 0.1075 -0.9889
vn 0.1665 0.7513 -0.6386
vn 0.1821 0.7362 -0.6518
vn 0.1431 0.7300 -0.6683
vn 0.1306 0.7469 -0.6520
vn 0.2198 0.7408 -0.6347
vn 0.2311 0.7225 -0.6516
vn 0.1919 0.7161 -0.6711
vn 0.1516 0.7089 -0.6888
vn 0.2686 0.7282 -0.6305
vn 0.2719 0.7083 -0.6515
vn 0.2349 0.7005 -0.6739
vn 0.1961 0.6928 -0.6939
vn 0.1564 0.6854 -0.7111
vn 0.3856 0.6843 -0.6188
vn 0.3675 0.6604 -0.6549
vn 0.3361 0.6549 -0.6769
vn 0.3552 0.6788 -0.6427
vn 0.4341 0.6716 -0.6004
vn 0.4276 0.6512 -0.6270
vn 0.3905 0.6430 -0.6589
vn 0.4006 0.6650 -0.6303
vn 0.3553 0.6372 -0.6839
vn 0.3223 0.6317 -0.7050
vn 0.4164 0.6303 -0.6552
vn 0.3806 0.6221 -0.6842
vn 0.3454 0.6158 -0.7081
vn 0.3108 0.6098 -0.7291
vn 0.3792 0.7007 -0.6044
vn 0.4669 0.6828 -0.5620
vn 0.4617 0.6623 -0.5901
vn 0.4482 0.6408 -0.6233
vn 0.4888 0.6748 -0.5530
vn 0.4723 0.6525 -0.5926
vn 0.5083 0.6865 -0.5200
vn 0.4896 0.6640 -0.5652
vn 0.3009 0.3280 -0.8955
vn 0.2921 0.3148 -0.9031
vn 0.2851 0.3144 -0.9055
vn 0.2987 0.3315 -0.8949
vn 0.2817 0.3162 -0.9059
vn 0.2961 0.3353 -0.8944
vn 0.2801 0.3175 -0.9059
vn 0.2942 0.3374 -0.8942
vn 0.2787 0.2958 -0.9137
vn 0.2711 0.2946 -0.9164
vn 0.2675 0.2955 -0.9171
vn 0.2661 0.2962 -0.9173
vn 0.2626 0.2744 -0.9251
vn 0.2562 0.2730 -0.9273
vn 0.2529 0.2731 -0.9281
vn 0.2513 0.2729 -0.9286
vn 0.3136 0.3462 -0.8842
vn 0.3122 0.3359 -0.8887
vn 0.3298 0.3590 -0.8731
vn 0.3272 0.3459 -0.8794
vn 0.3461 0.3705 -0.8620
vn 0.3428 0.3561 -0.8693
vn 0.3629 0.3810 -0.8504
vn 0.3586 0.3659 -0.8588
vn 0.3114 0.3525 -0.8825
vn 0.3275 0.3677 -0.8704
vn 0.3436 0.3809 -0.8584
vn 0.3611 0.3932 -0.8456
vn 0.3088 0.3558 -0.8821
vn 0.3240 0.3728 -0.8695
vn 0.3394 0.3885 -0.8567
vn 0.3581 0.4051 -0.8412
vn 0.3037 0.3200 -0.8974
vn 0.2893 0.3005 -0.9088
vn 0.2709 0.2786 -0.9214
vn 0.3173 0.3285 -0.8896
vn 0.3006 0.3081 -0.9026
vn 0.2792 0.2852 -0.9169
vn 0.3311 0.3378 -0.8810
vn 0.3121 0.3169 -0.8957
vn 0.2876 0.2931 -0.9118
vn 0.3457 0.3476 -0.8716
vn 0.3248 0.3265 -0.8876
vn 0.2969 0.3020 -0.9059
vn 0.4347 0.5996 -0.6719
vn 0.4305 0.5926 -0.6808
vn 0.4167 0.5888 -0.6926
vn 0.4272 0.5997 -0.6766
vn 0.4030 0.5864 -0.7026
vn 0.4163 0.5990 -0.6840
vn 0.3892 0.5835 -0.7128
vn 0.4044 0.5964 -0.6934
vn 0.4239 0.5825 -0.6935
vn 0.4078 0.5768 -0.7078
vn 0.3920 0.5730 -0.7197
vn 0.3762 0.5697 -0.7307
vn 0.4153 0.5714 -0.7078
vn 0.3989 0.5644 -0.7228
vn 0.3823 0.5591 -0.7357
vn 0.3647 0.5548 -0.7478
vn 0.4054 0.5591 -0.7232
vn 0.3893 0.5507 -0.7384
vn 0.3723 0.5440 -0.7519
vn 0.3537 0.5385 -0.7648
vn 0.4403 0.6093 -0.6594
vn 0.4456 0.6060 -0.6590
vn 0.4313 0.6098 -0.6649
vn 0.4466 0.6190 -0.6461
vn 0.4542 0.6176 -0.6420
vn 0.4211 0.6077 -0.6733
vn 0.4380 0.6178 -0.6530
vn 0.4445 0.5990 -0.6661
vn 0.4389 0.5900 -0.6777
vn 0.4303 0.5801 -0.6916
vn 0.4200 0.5691 -0.7070
vn 0.4518 0.5982 -0.6618
vn 0.4430 0.5893 -0.6757
vn 0.4324 0.5795 -0.6908
vn 0.3597 0.4883 -0.7951
vn 0.3717 0.4991 -0.7828
vn 0.3599 0.4770 -0.8018
vn 0.3486 0.4671 -0.8126
vn 0.3486 0.4545 -0.8197
vn 0.3378 0.4456 -0.8291
vn 0.3375 0.4319 -0.8364
vn 0.3273 0.4241 -0.8444
vn 0.3825 0.5102 -0.7704
vn 0.3703 0.4871 -0.7910
vn 0.3586 0.4632 -0.8105
vn 0.3471 0.4393 -0.8286
vn 0.3929 0.5212 -0.7577
vn 0.3804 0.4969 -0.7800
vn 0.3685 0.4715 -0.8012
vn 0.3567 0.4461 -0.8208
vn 0.3916 0.5065 -0.7682
vn 0.3799 0.4799 -0.7908
vn 0.3688 0.4532 -0.8115
vn 0.3358 0.4577 -0.8233
vn 0.3463 0.4784 -0.8070
vn 0.3206 0.4491 -0.8340
vn 0.3307 0.4695 -0.8186
vn 0.3016 0.4411 -0.8452
vn 0.3116 0.4616 -0.8305
vn 0.3255 0.4369 -0.8386
vn 0.3106 0.4286 -0.8484
vn 0.2918 0.4208 -0.8589
vn 0.3154 0.4162 -0.8528
vn 0.3008 0.4085 -0.8618
vn 0.2820 0.4011 -0.8716
vn 0.3570 0.4985 -0.7900
vn 0.3712 0.5087 -0.7768
vn 0.3679 0.5175 -0.7725
vn 0.3828 0.5276 -0.7583
vn 0.3788 0.5351 -0.7551
vn 0.3944 0.5446 -0.7401
vn 0.3410 0.4896 -0.8025
vn 0.3514 0.5090 -0.7858
vn 0.3620 0.5272 -0.7688
vn 0.3218 0.4819 -0.8150
vn 0.3322 0.5017 -0.7987
vn 0.3429 0.5207 -0.7819
vn 0.3838 0.5200 -0.7631
vn 0.3951 0.5318 -0.7490
vn 0.4058 0.5435 -0.7348
vn 0.3962 0.5391 -0.7432
vn 0.4080 0.5511 -0.7279
vn 0.4190 0.5629 -0.7125
vn 0.4084 0.5557 -0.7242
vn 0.4206 0.5672 -0.7081
vn 0.4318 0.5785 -0.6920
vn 0.4437 0.5897 -0.6749
vn 0.4913 0.1575 -0.8566
vn 0.4951 0.1521 -0.8554
vn 0.4920 0.1646 -0.8549
vn 0.4869 0.1677 -0.8572
vn 0.4846 0.1790 -0.8562
vn 0.4787 0.1806 -0.8592
vn 0.4845 0.1306 -0.8650
vn 0.4960 0.1241 -0.8594
vn 0.5006 0.1343 -0.8552
vn 0.4914 0.1409 -0.8594
vn 0.5012 0.1466 -0.8528
vn 0.4980 0.1606 -0.8522
vn 0.4907 0.1764 -0.8533
vn 0.5056 0.1179 -0.8547
vn 0.5090 0.1285 -0.8511
vn 0.5085 0.1413 -0.8494
vn 0.5044 0.1562 -0.8492
vn 0.4966 0.1730 -0.8505
vn 0.5130 0.1226 -0.8496
vn 0.5128 0.1352 -0.8478
vn 0.5090 0.1500 -0.8476
vn 0.5019 0.1671 -0.8487
vn 0.4754 0.1820 -0.8608
vn 0.4844 0.1706 -0.8580
vn 0.4874 0.1158 -0.8655
vn 0.4981 0.1093 -0.8602
vn 0.1248 0.1618 -0.9789
vn 0.1158 0.1532 -0.9814
vn 0.1085 0.1536 -0.9822
vn 0.1227 0.1642 -0.9788
vn 0.1052 0.1558 -0.9822
vn 0.1207 0.1672 -0.9785
vn 0.1046 0.1581 -0.9819
vn 0.1196 0.1693 -0.9783
vn 0.1038 0.1420 -0.9844
vn 0.0959 0.1426 -0.9851
vn 0.0926 0.1448 -0.9851
vn 0.0921 0.1473 -0.9848
vn 0.0922 0.1314 -0.9870
vn 0.0852 0.1324 -0.9875
vn 0.0820 0.1345 -0.9875
vn 0.0814 0.1368 -0.9872
vn 0.1379 0.1807 -0.9738
vn 0.1400 0.1789 -0.9739
vn 0.1603 0.1924 -0.9681
vn 0.1301 0.1567 -0.9790
vn 0.1167 0.1442 -0.9826
vn 0.1030 0.1325 -0.9858
vn 0.1512 0.1643 -0.9748
vn 0.1346 0.1497 -0.9795
vn 0.1175 0.1360 -0.9837
vn 0.1788 0.1754 -0.9681
vn 0.1584 0.1587 -0.9745
vn 0.1369 0.1423 -0.9803
vn 0.1941 0.1731 -0.9656
vn 0.1669 0.1533 -0.9740
vn 0.0370 0.7293 -0.6832
vn 0.0528 0.7332 -0.6779
vn 0.0581 0.7148 -0.6969
vn 0.0407 0.7115 -0.7015
vn 0.0635 0.6946 -0.7165
vn 0.0452 0.6926 -0.7199
vn 0.0690 0.6740 -0.7355
vn 0.0508 0.6735 -0.7374
vn 0.0751 0.6536 -0.7531
vn 0.0578 0.6550 -0.7534
vn 0.0728 0.7372 -0.6717
vn 0.0801 0.7187 -0.6907
vn 0.0864 0.6978 -0.7111
vn 0.0918 0.6758 -0.7313
vn 0.0969 0.6538 -0.7504
vn 0.0982 0.7417 -0.6635
vn 0.1078 0.7236 -0.6817
vn 0.1151 0.7024 -0.7024
vn 0.1204 0.6795 -0.7238
vn 0.1240 0.6561 -0.7444
vn 0.0273 0.7088 -0.7049
vn 0.0249 0.7256 -0.6877
vn 0.0174 0.7066 -0.7074
vn 0.0160 0.7220 -0.6917
vn 0.0109 0.7050 -0.7091
vn 0.0102 0.7189 -0.6951
vn 0.0311 0.6914 -0.7218
vn 0.0207 0.6909 -0.7226
vn 0.0139 0.6911 -0.7226
vn 0.0367 0.6741 -0.7377
vn 0.0262 0.6756 -0.7368
vn 0.0195 0.6777 -0.7351
vn 0.0442 0.6575 -0.7521
vn 0.0343 0.6610 -0.7496
vn 0.0282 0.6651 -0.7462
vn 0.0957 0.5898 -0.8018
vn 0.1040 0.5856 -0.8039
vn 0.1102 0.5695 -0.8146
vn 0.1045 0.5731 -0.8128
vn 0.1147 0.5527 -0.8255
vn 0.1117 0.5553 -0.8241
vn 0.1172 0.5348 -0.8368
vn 0.1165 0.5359 -0.8362
vn 0.1167 0.5153 -0.8490
vn 0.1179 0.5144 -0.8494
vn 0.1149 0.5831 -0.8043
vn 0.1178 0.5674 -0.8150
vn 0.1195 0.5515 -0.8256
vn 0.1194 0.5349 -0.8365
vn 0.1170 0.5171 -0.8479
vn 0.1285 0.5827 -0.8025
vn 0.1277 0.5673 -0.8136
vn 0.1260 0.5520 -0.8243
vn 0.1231 0.5364 -0.8350
vn 0.1186 0.5199 -0.8460
vn 0.1010 0.5780 -0.8098
vn 0.0896 0.5953 -0.7985
vn 0.0997 0.5837 -0.8058
vn 0.0862 0.6016 -0.7941
vn 0.1011 0.5899 -0.8011
vn 0.0857 0.6084 -0.7890
vn 0.1105 0.5591 -0.8217
vn 0.1114 0.5637 -0.8185
vn 0.1149 0.5688 -0.8144
vn 0.1174 0.5381 -0.8347
vn 0.1203 0.5410 -0.8324
vn 0.1258 0.5445 -0.8293
vn 0.1206 0.5144 -0.8490
vn 0.1254 0.5151 -0.8479
vn 0.1326 0.5163 -0.8461
vn 0.0775 0.6114 -0.7875
vn 0.0858 0.6058 -0.7909
vn 0.0653 0.6268 -0.7764
vn 0.0758 0.6216 -0.7797
vn 0.0539 0.6419 -0.7649
vn 0.0662 0.6377 -0.7674
vn 0.0719 0.6179 -0.7830
vn 0.0579 0.6329 -0.7721
vn 0.0451 0.6470 -0.7611
vn 0.0697 0.6248 -0.7777
vn 0.0541 0.6394 -0.7669
vn 0.0399 0.6527 -0.7565
vn 0.0969 0.6015 -0.7930
vn 0.1110 0.5989 -0.7931
vn 0.1284 0.5986 -0.7907
vn 0.0894 0.6177 -0.7813
vn 0.1065 0.6155 -0.7809
vn 0.1277 0.6156 -0.7776
vn 0.0820 0.6347 -0.7684
vn 0.1018 0.6335 -0.7670
vn 0.1262 0.6344 -0.7626
vn 0.0896 0.4314 -0.8977
vn 0.0860 0.4385 -0.8946
vn 0.0739 0.4224 -0.9034
vn 0.0775 0.4149 -0.9065
vn 0.0615 0.4082 -0.9108
vn 0.0649 0.4008 -0.9138
vn 0.0495 0.3960 -0.9169
vn 0.0528 0.3893 -0.9196
vn 0.0387 0.3860 -0.9217
vn 0.0419 0.3804 -0.9239
vn 0.0842 0.4456 -0.8913
vn 0.0724 0.4298 -0.9000
vn 0.0603 0.4155 -0.9076
vn 0.0487 0.4028 -0.9140
vn 0.0381 0.3918 -0.9193
vn 0.0842 0.4526 -0.8877
vn 0.0728 0.4371 -0.8965
vn 0.0613 0.4226 -0.9042
vn 0.0501 0.4094 -0.9110
vn 0.0399 0.3974 -0.9168
vn 0.0836 0.4078 -0.9093
vn 0.0955 0.4247 -0.9003
vn 0.0927 0.4010 -0.9114
vn 0.1042 0.4184 -0.9023
vn 0.1059 0.3950 -0.9126
vn 0.1166 0.4128 -0.9033
vn 0.0711 0.3937 -0.9165
vn 0.0807 0.3871 -0.9185
vn 0.0946 0.3811 -0.9197
vn 0.0591 0.3828 -0.9219
vn 0.0689 0.3767 -0.9238
vn 0.0835 0.3713 -0.9248
vn 0.0483 0.3749 -0.9258
vn 0.0584 0.3698 -0.9273
vn 0.0736 0.3653 -0.9280
vn 0.1061 0.4442 -0.8896
vn 0.1005 0.4500 -0.8873
vn 0.1144 0.4660 -0.8773
vn 0.1094 0.4704 -0.8757
vn 0.1195 0.4896 -0.8637
vn 0.1154 0.4920 -0.8629
vn 0.1142 0.4390 -0.8912
vn 0.1217 0.4623 -0.8783
vn 0.1257 0.4878 -0.8638
vn 0.1256 0.4343 -0.8919
vn 0.1319 0.4592 -0.8785
vn 0.1346 0.4867 -0.8631
vn 0.0970 0.4562 -0.8846
vn 0.0951 0.4625 -0.8815
vn 0.0948 0.4689 -0.8782
vn 0.1062 0.4751 -0.8735
vn 0.1045 0.4803 -0.8709
vn 0.1043 0.4857 -0.8679
vn 0.1130 0.4950 -0.8615
vn 0.1120 0.4986 -0.8596
vn 0.1123 0.5028 -0.8571
vn 0.0138 0.3464 -0.9380
vn 0.0106 0.3487 -0.9372
vn 0.0064 0.3376 -0.9413
vn 0.0096 0.3357 -0.9419
vn 0.0028 0.3251 -0.9457
vn 0.0060 0.3236 -0.9462
vn -0.0004 0.3109 -0.9504
vn 0.0028 0.3094 -0.9509
vn -0.0035 0.2943 -0.9557
vn -0.0004 0.2927 -0.9562
vn 0.0103 0.3511 -0.9363
vn 0.0062 0.3395 -0.9406
vn 0.0027 0.3268 -0.9451
vn -0.0003 0.3125 -0.9499
vn -0.0032 0.2960 -0.9552
vn 0.0126 0.3534 -0.9354
vn 0.0086 0.3415 -0.9398
vn 0.0053 0.3285 -0.9445
vn 0.0025 0.3141 -0.9494
vn -0.0001 0.2978 -0.9546
vn 0.0165 0.3340 -0.9424
vn 0.0206 0.3443 -0.9386
vn 0.0281 0.3325 -0.9427
vn 0.0319 0.3424 -0.9390
vn 0.0456 0.3313 -0.9424
vn 0.0490 0.3407 -0.9389
vn 0.0131 0.3221 -0.9466
vn 0.0249 0.3209 -0.9468
vn 0.0430 0.3199 -0.9465
vn 0.0099 0.3081 -0.9513
vn 0.0221 0.3070 -0.9514
vn 0.0409 0.3063 -0.9511
vn 0.0069 0.2913 -0.9566
vn 0.0195 0.2903 -0.9567
vn 0.0391 0.2896 -0.9563
vn 0.0256 0.3533 -0.9352
vn 0.0189 0.3559 -0.9343
vn 0.0317 0.3612 -0.9320
vn 0.0252 0.3646 -0.9308
vn 0.0392 0.3683 -0.9289
vn 0.0327 0.3727 -0.9274
vn 0.0366 0.3508 -0.9357
vn 0.0424 0.3581 -0.9327
vn 0.0496 0.3643 -0.9299
vn 0.0532 0.3486 -0.9357
vn 0.0586 0.3553 -0.9329
vn 0.0653 0.3608 -0.9304
vn 0.0157 0.3588 -0.9333
vn 0.0154 0.3617 -0.9322
vn 0.0176 0.3647 -0.9310
vn 0.0219 0.3682 -0.9295
vn 0.0216 0.3719 -0.9280
vn 0.0236 0.3756 -0.9265
vn 0.0295 0.3772 -0.9257
vn 0.0291 0.3818 -0.9238
vn 0.0310 0.3864 -0.9218
vn -0.0141 0.2278 -0.9736
vn -0.0173 0.2301 -0.9730
vn -0.0209 0.2178 -0.9758
vn -0.0177 0.2153 -0.9764
vn -0.0245 0.2075 -0.9779
vn -0.0213 0.2050 -0.9785
vn -0.0280 0.1997 -0.9795
vn -0.0249 0.1972 -0.9801
vn -0.0312 0.1946 -0.9804
vn -0.0283 0.1922 -0.9810
vn -0.0162 0.2327 -0.9724
vn -0.0196 0.2204 -0.9752
vn -0.0230 0.2102 -0.9774
vn -0.0261 0.2022 -0.9790
vn -0.0289 0.1969 -0.9800
vn -0.0117 0.2354 -0.9718
vn -0.0148 0.2231 -0.9747
vn -0.0176 0.2127 -0.9770
vn -0.0202 0.2045 -0.9787
vn -0.0223 0.1986 -0.9798
vn -0.0090 0.2132 -0.9770
vn -0.0057 0.2258 -0.9741
vn 0.0068 0.2118 -0.9773
vn 0.0094 0.2245 -0.9744
vn 0.0320 0.2110 -0.9770
vn 0.0333 0.2238 -0.9741
vn -0.0123 0.2028 -0.9791
vn 0.0043 0.2012 -0.9795
vn 0.0308 0.2004 -0.9792
vn -0.0156 0.1949 -0.9807
vn 0.0017 0.1932 -0.9812
vn 0.0294 0.1922 -0.9809
vn -0.0188 0.1898 -0.9816
vn -0.0010 0.1880 -0.9822
vn 0.0279 0.1868 -0.9820
vn -0.0025 0.2403 -0.9707
vn -0.0106 0.2421 -0.9702
vn 0.0007 0.2563 -0.9666
vn -0.0071 0.2579 -0.9661
vn 0.0038 0.2734 -0.9619
vn -0.0037 0.2749 -0.9615
vn 0.0119 0.2390 -0.9709
vn 0.0144 0.2551 -0.9668
vn 0.0169 0.2723 -0.9621
vn 0.0345 0.2384 -0.9705
vn 0.0359 0.2545 -0.9664
vn 0.0374 0.2717 -0.9617
vn -0.0137 0.2443 -0.9696
vn -0.0128 0.2467 -0.9690
vn -0.0087 0.2493 -0.9684
vn -0.0102 0.2599 -0.9656
vn -0.0095 0.2621 -0.9650
vn -0.0057 0.2645 -0.9644
vn -0.0068 0.2767 -0.9609
vn -0.0063 0.2787 -0.9604
vn -0.0028 0.2808 -0.9598
vn -0.0403 0.1756 -0.9836
vn -0.0412 0.1772 -0.9833
vn -0.0429 0.1718 -0.9842
vn -0.0425 0.1706 -0.9844
vn -0.0441 0.1661 -0.9851
vn -0.0443 0.1653 -0.9853
vn -0.0448 0.1599 -0.9861
vn -0.0455 0.1596 -0.9861
vn -0.0450 0.1532 -0.9872
vn -0.0459 0.1534 -0.9871
vn -0.0356 0.1780 -0.9834
vn -0.0363 0.1724 -0.9844
vn -0.0367 0.1662 -0.9854
vn -0.0367 0.1596 -0.9865
vn -0.0365 0.1526 -0.9876
vn -0.0244 0.1777 -0.9838
vn -0.0238 0.1716 -0.9849
vn -0.0229 0.1652 -0.9860
vn -0.0220 0.1584 -0.9871
vn -0.0211 0.1513 -0.9883
vn -0.0339 0.1691 -0.9850
vn -0.0314 0.1737 -0.9843
vn -0.0147 0.1677 -0.9857
vn -0.0123 0.1720 -0.9850
vn 0.0181 0.1666 -0.9859
vn 0.0200 0.1707 -0.9851
vn -0.0359 0.1642 -0.9858
vn -0.0167 0.1632 -0.9865
vn 0.0166 0.1624 -0.9866
vn -0.0373 0.1590 -0.9866
vn -0.0181 0.1585 -0.9872
vn 0.0155 0.1583 -0.9873
vn -0.0378 0.1536 -0.9874
vn -0.0186 0.1538 -0.9879
vn 0.0152 0.1541 -0.9879
vn -0.0285 0.1781 -0.9836
vn -0.0377 0.1802 -0.9829
vn -0.0253 0.1822 -0.9829
vn -0.0347 0.1845 -0.9822
vn -0.0221 0.1862 -0.9823
vn -0.0316 0.1885 -0.9816
vn -0.0095 0.1762 -0.9843
vn -0.0067 0.1803 -0.9836
vn -0.0037 0.1842 -0.9829
vn 0.0221 0.1748 -0.9844
vn 0.0242 0.1789 -0.9836
vn 0.0262 0.1829 -0.9828
vn -0.0392 0.1821 -0.9825
vn -0.0346 0.1833 -0.9824
vn -0.0247 0.1834 -0.9827
vn -0.0368 0.1866 -0.9817
vn -0.0331 0.1882 -0.9816
vn -0.0245 0.1888 -0.9817
vn -0.0342 0.1908 -0.9810
vn -0.0312 0.1927 -0.9808
vn -0.0237 0.1939 -0.9807
vn -0.0376 0.1206 -0.9920
vn -0.0376 0.1162 -0.9925
vn -0.0325 0.1036 -0.9941
vn -0.0322 0.1095 -0.9935
vn -0.0260 0.0894 -0.9957
vn -0.0252 0.0970 -0.9950
vn -0.0178 0.0736 -0.9971
vn -0.0167 0.0831 -0.9964
vn -0.0081 0.0559 -0.9984
vn -0.0067 0.0674 -0.9977
vn -0.0298 0.1121 -0.9933
vn -0.0253 0.0980 -0.9949
vn -0.0193 0.0820 -0.9964
vn -0.0115 0.0642 -0.9979
vn -0.0020 0.0444 -0.9990
vn -0.0149 0.1083 -0.9940
vn -0.0110 0.0927 -0.9956
vn -0.0056 0.0750 -0.9972
vn 0.0017 0.0552 -0.9985
vn 0.0110 0.0331 -0.9994
vn -0.0232 0.1154 -0.9930
vn -0.0289 0.1250 -0.9917
vn -0.0038 0.1211 -0.9926
vn -0.0095 0.1293 -0.9916
vn 0.0289 0.1262 -0.9916
vn 0.0236 0.1331 -0.9908
vn -0.0160 0.1046 -0.9944
vn 0.0034 0.1119 -0.9937
vn 0.0356 0.1183 -0.9923
vn -0.0073 0.0924 -0.9957
vn 0.0120 0.1013 -0.9948
vn 0.0436 0.1093 -0.9930
vn 0.0028 0.0786 -0.9969
vn 0.0219 0.0892 -0.9958
vn 0.0530 0.0989 -0.9937
vn -0.0331 0.1334 -0.9905
vn -0.0416 0.1303 -0.9906
vn -0.0359 0.1410 -0.9894
vn -0.0442 0.1390 -0.9893
vn -0.0374 0.1477 -0.9883
vn -0.0456 0.1467 -0.9881
vn -0.0137 0.1365 -0.9905
vn -0.0166 0.1429 -0.9896
vn -0.0181 0.1486 -0.9887
vn 0.0198 0.1393 -0.9901
vn 0.0171 0.1447 -0.9893
vn 0.0156 0.1496 -0.9886
vn -0.0411 0.1273 -0.9910
vn -0.0329 0.1245 -0.9917
vn -0.0175 0.1218 -0.9924
vn -0.0434 0.1372 -0.9896
vn -0.0348 0.1353 -0.9902
vn -0.0192 0.1334 -0.9909
vn -0.0446 0.1458 -0.9883
vn -0.0359 0.1447 -0.9888
vn -0.0202 0.1432 -0.9895
vn 0.0438 0.0202 -0.9988
vn 0.0303 0.0278 -0.9992
vn 0.0293 0.0123 -0.9995
vn 0.0433 0.0046 -0.9991
vn 0.0355 -0.0033 -0.9994
vn 0.0499 -0.0111 -0.9987
vn 0.0491 -0.0189 -0.9986
vn 0.0641 -0.0266 -0.9976
vn 0.0171 0.0384 -0.9991
vn 0.0158 0.0237 -0.9996
vn 0.0218 0.0089 -0.9997
vn 0.0349 -0.0059 -0.9994
vn 0.0046 0.0517 -0.9987
vn 0.0032 0.0384 -0.9993
vn 0.0091 0.0250 -0.9996
vn 0.0221 0.0117 -0.9997
vn 0.0575 0.0021 -0.9983
vn 0.0573 0.0169 -0.9982
vn 0.0718 0.0064 -0.9974
vn 0.0704 0.0189 -0.9973
vn 0.0857 0.0180 -0.9962
vn 0.0824 0.0265 -0.9962
vn 0.0989 0.0394 -0.9943
vn 0.0928 0.0408 -0.9948
vn 0.0649 -0.0127 -0.9978
vn 0.0804 -0.0068 -0.9967
vn 0.0966 0.0084 -0.9953
vn 0.1141 0.0397 -0.9927
vn 0.0802 -0.0274 -0.9964
vn 0.0972 -0.0199 -0.9951
vn 0.1164 -0.0011 -0.9932
vn 0.1422 0.0467 -0.9887
vn 0.0645 0.0308 -0.9974
vn 0.0520 0.0351 -0.9980
vn 0.0804 0.0433 -0.9958
vn 0.0690 0.0486 -0.9964
vn 0.1073 0.0541 -0.9928
vn 0.0970 0.0605 -0.9934
vn 0.0764 0.0304 -0.9966
vn 0.0910 0.0408 -0.9950
vn 0.1165 0.0496 -0.9919
vn 0.0870 0.0342 -0.9956
vn 0.1001 0.0413 -0.9941
vn 0.1245 0.0473 -0.9911
vn 0.0956 0.0427 -0.9945
vn 0.1074 0.0450 -0.9932
vn 0.1307 0.0473 -0.9903
vn 0.0391 0.0426 -0.9983
vn 0.0263 0.0525 -0.9983
vn 0.0140 0.0646 -0.9978
vn 0.0570 0.0563 -0.9968
vn 0.0448 0.0658 -0.9968
vn 0.0329 0.0768 -0.9965
vn 0.0861 0.0685 -0.9939
vn 0.0747 0.0777 -0.9942
vn 0.0635 0.0880 -0.9941
vn 0.0800 0.0855 -0.9931
vn 0.0918 0.0809 -0.9925
vn 0.0961 0.0999 -0.9903
vn 0.0810 0.1053 -0.9911
vn 0.1057 0.1243 -0.9866
vn 0.0869 0.1289 -0.9878
vn 0.1192 0.1534 -0.9810
vn 0.0964 0.1549 -0.9832
vn 0.0985 0.0712 -0.9926
vn 0.1053 0.0860 -0.9907
vn 0.1199 0.1085 -0.9868
vn 0.1397 0.1405 -0.9802
vn 0.1536 0.1578 -0.9755
vn 0.1293 0.1693 -0.9771
vn 0.0990 0.0575 -0.9934
vn 0.1068 0.0652 -0.9921
vn 0.1246 0.0797 -0.9890
vn 0.1548 0.1103 -0.9818
vn 0.1741 0.1213 -0.9772
vn 0.0632 0.1044 -0.9925
vn 0.0658 0.0858 -0.9941
vn 0.0457 0.1006 -0.9939
vn 0.0511 0.0838 -0.9952
vn 0.0289 0.0941 -0.9951
vn 0.0365 0.0794 -0.9962
vn 0.0658 0.1256 -0.9899
vn 0.0453 0.1190 -0.9919
vn 0.0263 0.1095 -0.9936
vn 0.0724 0.1486 -0.9863
vn 0.0492 0.1383 -0.9892
vn 0.0278 0.1254 -0.9917
vn 0.0750 0.0701 -0.9947
vn 0.0861 0.0697 -0.9939
vn 0.0928 0.0570 -0.9940
vn 0.1015 0.0573 -0.9932
vn 0.1214 0.0461 -0.9915
vn 0.1282 0.0475 -0.9906
vn 0.0628 0.0688 -0.9956
vn 0.0827 0.0556 -0.9950
vn 0.1130 0.0440 -0.9926
vn 0.0501 0.0657 -0.9966
vn 0.0715 0.0530 -0.9960
vn 0.1031 0.0414 -0.9938
vn 0.0949 0.0667 -0.9932
vn 0.1000 0.0609 -0.9931
vn 0.1005 0.0528 -0.9935
vn 0.1080 0.0562 -0.9926
vn 0.1115 0.0537 -0.9923
vn 0.1115 0.0499 -0.9925
vn 0.1329 0.0484 -0.9900
vn 0.1351 0.0486 -0.9896
vn 0.1345 0.0483 -0.9897
vn 0.2150 -0.0167 -0.9765
vn 0.1888 -0.0196 -0.9818
vn 0.1844 -0.0272 -0.9825
vn 0.2088 -0.0236 -0.9777
vn 0.1575 -0.0339 -0.9869
vn 0.1773 -0.0297 -0.9837
vn 0.1049 -0.0395 -0.9937
vn 0.1165 -0.0352 -0.9926
vn 0.0269 -0.0437 -0.9987
vn 0.0268 -0.0396 -0.9989
vn 0.1587 -0.0217 -0.9871
vn 0.1563 -0.0299 -0.9873
vn 0.1347 -0.0371 -0.9902
vn 0.0916 -0.0427 -0.9949
vn 0.0271 -0.0465 -0.9985
vn 0.1249 -0.0231 -0.9919
vn 0.1245 -0.0318 -0.9917
vn 0.1091 -0.0392 -0.9933
vn 0.0766 -0.0448 -0.9961
vn 0.0271 -0.0482 -0.9985
vn 0.1070 -0.0236 -0.9940
vn 0.1078 -0.0325 -0.9936
vn 0.0686 -0.0456 -0.9966
vn 0.0271 -0.0488 -0.9984
vn 0.2294 -0.0190 -0.9731
vn 0.2372 -0.0130 -0.9714
vn 0.2463 -0.0134 -0.9691
vn 0.2555 -0.0084 -0.9668
vn 0.2594 -0.0067 -0.9658
vn 0.2699 -0.0029 -0.9629
vn 0.1940 -0.0245 -0.9807
vn 0.2075 -0.0180 -0.9781
vn 0.2179 -0.0103 -0.9759
vn 0.1263 -0.0295 -0.9915
vn 0.1342 -0.0226 -0.9907
vn 0.1402 -0.0141 -0.9900
vn 0.0266 -0.0341 -0.9991
vn 0.0264 -0.0272 -0.9993
vn 0.0260 -0.0186 -0.9995
vn 0.2231 -0.0061 -0.9748
vn 0.2011 -0.0089 -0.9795
vn 0.1926 0.0018 -0.9813
vn 0.1722 -0.0003 -0.9851
vn 0.1509 0.0106 -0.9885
vn 0.1332 0.0091 -0.9910
vn 0.2414 -0.0026 -0.9704
vn 0.2098 0.0044 -0.9777
vn 0.1664 0.0126 -0.9860
vn 0.2561 0.0017 -0.9667
vn 0.2242 0.0077 -0.9745
vn 0.1798 0.0153 -0.9836
vn 0.1754 -0.0110 -0.9844
vn 0.1461 -0.0125 -0.9892
vn 0.1131 -0.0133 -0.9935
vn 0.1488 -0.0017 -0.9889
vn 0.1223 -0.0025 -0.9925
vn 0.0927 -0.0028 -0.9957
vn 0.1133 0.0081 -0.9935
vn 0.0912 0.0077 -0.9958
vn 0.0668 0.0077 -0.9977
vn 0.3898 0.4646 -0.7951
vn 0.3855 0.4406 -0.8107
vn 0.3848 0.3798 -0.8412
vn 0.3708 0.3614 -0.8555
vn 0.3480 0.3403 -0.8735
vn 0.3188 0.3168 -0.8933
vn 0.4371 0.4037 -0.8037
vn 0.3893 0.3951 -0.8321
vn 0.4395 0.4183 -0.7949
vn 0.3877 0.4083 -0.8264
vn 0.4347 0.4307 -0.7909
vn 0.3852 0.4225 -0.8204
vn 0.4286 0.4437 -0.7871
vn 0.4082 0.2063 -0.8893
vn 0.4245 0.2260 -0.8767
vn 0.3992 0.2315 -0.8872
vn 0.3743 0.2119 -0.9028
vn 0.3706 0.2336 -0.8989
vn 0.3476 0.2151 -0.9126
vn 0.3411 0.2345 -0.9103
vn 0.3199 0.2170 -0.9223
vn 0.4320 0.2344 -0.8709
vn 0.4093 0.2423 -0.8796
vn 0.3830 0.2463 -0.8903
vn 0.3536 0.2474 -0.9021
vn 0.4370 0.2384 -0.8673
vn 0.4142 0.2484 -0.8756
vn 0.3876 0.2540 -0.8861
vn 0.3584 0.2557 -0.8979
vn 0.4431 0.2369 -0.8646
vn 0.4209 0.2486 -0.8724
vn 0.3950 0.2559 -0.8823
vn 0.3661 0.2588 -0.8939
vn 0.3409 0.1900 -0.9207
vn 0.3657 0.1841 -0.9124
vn 0.3054 0.1685 -0.9372
vn 0.3277 0.1628 -0.9307
vn 0.2685 0.1471 -0.9520
vn 0.2878 0.1412 -0.9472
vn 0.3170 0.1938 -0.9284
vn 0.2840 0.1728 -0.9431
vn 0.2497 0.1519 -0.9563
vn 0.2925 0.1969 -0.9358
vn 0.2623 0.1765 -0.9487
vn 0.2305 0.1563 -0.9604
vn 0.3887 0.1742 -0.9047
vn 0.4209 0.1901 -0.8870
vn 0.3991 0.1605 -0.9027
vn 0.4296 0.1780 -0.8853
vn 0.4097 0.1481 -0.9001
vn 0.4421 0.1686 -0.8810
vn 0.4231 0.1360 -0.8958
vn 0.4596 0.1597 -0.8737
vn 0.3480 0.1541 -0.9248
vn 0.3617 0.1422 -0.9214
vn 0.3715 0.1288 -0.9195
vn 0.3825 0.1157 -0.9167
vn 0.3054 0.1331 -0.9429
vn 0.3186 0.1226 -0.9399
vn 0.3289 0.1105 -0.9379
vn 0.3398 0.0983 -0.9353
vn 0.4443 0.1997 -0.8733
vn 0.4422 0.2099 -0.8720
vn 0.4591 0.2012 -0.8653
vn 0.4603 0.2055 -0.8637
vn 0.4671 0.1940 -0.8626
vn 0.4698 0.1945 -0.8611
vn 0.4520 0.1921 -0.8711
vn 0.4647 0.1982 -0.8630
vn 0.4708 0.1951 -0.8604
vn 0.4782 0.1848 -0.8586
vn 0.4658 0.1870 -0.8649
vn 0.4783 0.1981 -0.8556
vn 0.4831 0.1990 -0.8526
vn 0.4469 0.2185 -0.8675
vn 0.4519 0.2229 -0.8638
vn 0.4563 0.2247 -0.8610
vn 0.4617 0.2217 -0.8589
vn 0.4639 0.2082 -0.8611
vn 0.4681 0.2091 -0.8586
vn 0.4725 0.2085 -0.8563
vn 0.4776 0.2042 -0.8545
vn 0.4752 0.1945 -0.8581
vn 0.4806 0.1932 -0.8554
vn 0.4858 0.1909 -0.8530
vn 0.4911 0.1857 -0.8511
vn 0.2010 0.1299 -0.9709
vn 0.1950 0.1372 -0.9712
vn 0.1963 0.1472 -0.9694
vn 0.4112 0.1037 -0.9056
vn 0.3691 0.0876 -0.9253
vn 0.3285 0.0743 -0.9416
vn 0.2522 0.0649 -0.9655
vn 0.2539 0.0705 -0.9647
vn 0.1940 0.0711 -0.9784
vn 0.2616 0.0780 -0.9620
vn 0.0629 0.0523 -0.9966
vn 0.0485 0.0450 -0.9978
vn 0.0551 0.0430 -0.9976
vn 0.0684 0.0493 -0.9964
vn 0.0756 0.0460 -0.9961
vn 0.0662 0.0415 -0.9969
vn 0.0681 0.0411 -0.9968
vn 0.0763 0.0454 -0.9961
vn 0.0285 0.0364 -0.9989
vn 0.0370 0.0354 -0.9987
vn 0.0006 0.0263 -0.9997
vn 0.0121 0.0260 -0.9996
vn 0.0239 0.0263 -0.9994
vn 0.0453 0.0350 -0.9984
vn -0.0389 0.0142 -0.9991
vn -0.0233 0.0145 -0.9996
vn -0.0065 0.0153 -0.9999
vn 0.0118 0.0168 -0.9998
vn 0.0364 0.0273 -0.9990
vn 0.0778 0.0545 -0.9955
vn 0.0729 0.0588 -0.9956
vn 0.0841 0.0591 -0.9947
vn 0.0793 0.0647 -0.9948
vn 0.0876 0.0633 -0.9941
vn 0.0825 0.0700 -0.9941
vn 0.0881 0.0661 -0.9939
vn 0.0828 0.0732 -0.9939
vn 0.0724 0.0471 -0.9963
vn 0.0809 0.0513 -0.9954
vn 0.0868 0.0548 -0.9947
vn 0.0904 0.0578 -0.9942
vn 0.0912 0.0604 -0.9940
vn 0.0826 0.0494 -0.9954
vn 0.0878 0.0518 -0.9948
vn 0.0912 0.0538 -0.9944
vn 0.0925 0.0560 -0.9941
vn 0.0825 0.0484 -0.9954
vn 0.0871 0.0505 -0.9949
vn 0.0903 0.0519 -0.9946
vn 0.0923 0.0529 -0.9943
vn 0.0660 0.0641 -0.9958
vn 0.0559 0.0562 -0.9969
vn 0.0568 0.0703 -0.9959
vn 0.0470 0.0609 -0.9970
vn 0.0452 0.0776 -0.9960
vn 0.0360 0.0664 -0.9971
vn 0.0309 0.0859 -0.9958
vn 0.0229 0.0727 -0.9971
vn 0.0722 0.0714 -0.9948
vn 0.0624 0.0793 -0.9949
vn 0.0498 0.0885 -0.9948
vn 0.0342 0.0989 -0.9945
vn 0.0747 0.0782 -0.9941
vn 0.0642 0.0879 -0.9941
vn 0.0505 0.0991 -0.9938
vn 0.0334 0.1119 -0.9932
vn 0.0748 0.0819 -0.9938
vn 0.0639 0.0923 -0.9937
vn 0.0498 0.1043 -0.9933
vn 0.0320 0.1183 -0.9925
vn 0.0408 0.0476 -0.9980
vn 0.0194 0.0381 -0.9991
vn -0.0107 0.0272 -0.9996
vn -0.0533 0.0146 -0.9985
vn 0.0317 0.0510 -0.9982
vn 0.0096 0.0403 -0.9991
vn -0.0218 0.0286 -0.9994
vn -0.0666 0.0155 -0.9977
vn 0.0211 0.0550 -0.9983
vn -0.0011 0.0431 -0.9991
vn -0.0331 0.0305 -0.9990
vn -0.0789 0.0170 -0.9967
vn 0.0089 0.0596 -0.9982
vn -0.0127 0.0465 -0.9988
vn -0.0444 0.0331 -0.9985
vn -0.0903 0.0193 -0.9957
vn -0.2442 0.0136 -0.9696
vn -0.2351 0.0127 -0.9719
vn -0.2346 0.0194 -0.9719
vn -0.2427 0.0212 -0.9699
vn -0.2330 0.0263 -0.9721
vn -0.2402 0.0288 -0.9703
vn -0.2304 0.0334 -0.9725
vn -0.2371 0.0365 -0.9708
vn -0.2271 0.0405 -0.9730
vn -0.2336 0.0442 -0.9713
vn -0.2079 0.0149 -0.9780
vn -0.2086 0.0204 -0.9778
vn -0.2080 0.0262 -0.9778
vn -0.2061 0.0323 -0.9780
vn -0.2030 0.0385 -0.9784
vn -0.1684 0.0203 -0.9855
vn -0.1704 0.0244 -0.9851
vn -0.1709 0.0288 -0.9849
vn -0.1695 0.0333 -0.9850
vn -0.1664 0.0379 -0.9853
vn -0.1217 0.0291 -0.9921
vn -0.1251 0.0316 -0.9916
vn -0.1264 0.0340 -0.9914
vn -0.1255 0.0365 -0.9914
vn -0.1221 0.0388 -0.9918
vn -0.2263 0.0253 -0.9737
vn -0.2284 0.0169 -0.9734
vn -0.1786 0.0313 -0.9834
vn -0.1808 0.0223 -0.9833
vn -0.0949 0.0380 -0.9948
vn -0.0963 0.0287 -0.9949
vn -0.2233 0.0336 -0.9742
vn -0.1759 0.0399 -0.9836
vn -0.0931 0.0469 -0.9946
vn -0.2200 0.0416 -0.9746
vn -0.1729 0.0481 -0.9838
vn -0.0913 0.0551 -0.9943
vn -0.2166 0.0494 -0.9750
vn -0.1699 0.0559 -0.9839
vn -0.0896 0.0627 -0.9940
vn -0.2294 0.0085 -0.9733
vn -0.2444 0.0061 -0.9697
vn -0.2286 0.0001 -0.9735
vn -0.2427 -0.0011 -0.9701
vn -0.2254 -0.0082 -0.9742
vn -0.2385 -0.0082 -0.9711
vn -0.2190 -0.0164 -0.9756
vn -0.2310 -0.0149 -0.9728
vn -0.1821 0.0131 -0.9832
vn -0.1819 0.0037 -0.9833
vn -0.1798 -0.0059 -0.9837
vn -0.1749 -0.0155 -0.9845
vn -0.0972 0.0189 -0.9951
vn -0.0972 0.0087 -0.9952
vn -0.0961 -0.0018 -0.9954
vn -0.0932 -0.0125 -0.9956
vn -0.2342 0.0064 -0.9722
vn -0.2056 0.0097 -0.9786
vn -0.1646 0.0164 -0.9862
vn -0.1164 0.0267 -0.9928
vn -0.2314 0.0004 -0.9729
vn -0.2015 0.0049 -0.9795
vn -0.1591 0.0128 -0.9872
vn -0.1093 0.0243 -0.9937
vn -0.2262 -0.0053 -0.9741
vn -0.1952 0.0005 -0.9808
vn -0.1516 0.0095 -0.9884
vn -0.1006 0.0218 -0.9947
vn -0.2179 -0.0106 -0.9759
vn -0.1863 -0.0035 -0.9825
vn -0.1421 0.0065 -0.9898
vn -0.0846 -0.1266 -0.9883
vn -0.0827 -0.1065 -0.9909
vn -0.1059 -0.1170 -0.9875
vn -0.1057 -0.1405 -0.9844
vn -0.1334 -0.1234 -0.9833
vn -0.1296 -0.1499 -0.9802
vn -0.1652 -0.1265 -0.9781
vn -0.1554 -0.1554 -0.9756
vn -0.1829 -0.1257 -0.9751
vn -0.1695 -0.1562 -0.9731
vn -0.0729 -0.0857 -0.9936
vn -0.0963 -0.0924 -0.9911
vn -0.1268 -0.0934 -0.9875
vn -0.1660 -0.0916 -0.9819
vn -0.1884 -0.0879 -0.9782
vn -0.0560 -0.0656 -0.9963
vn -0.0778 -0.0687 -0.9946
vn -0.1071 -0.0638 -0.9922
vn -0.1528 -0.0511 -0.9869
vn -0.1774 -0.0400 -0.9833
vn -0.0330 -0.0468 -0.9984
vn -0.0515 -0.0484 -0.9975
vn -0.0741 -0.0410 -0.9964
vn -0.1065 -0.0211 -0.9941
vn -0.1391 0.0229 -0.9900
vn -0.0973 -0.1613 -0.9821
vn -0.0791 -0.1448 -0.9863
vn -0.0827 -0.1793 -0.9803
vn -0.0671 -0.1607 -0.9847
vn -0.0614 -0.1947 -0.9789
vn -0.0484 -0.1746 -0.9835
vn -0.0330 -0.2081 -0.9776
vn -0.0223 -0.1866 -0.9822
vn -0.1174 -0.1728 -0.9779
vn -0.0995 -0.1922 -0.9763
vn -0.0755 -0.2088 -0.9750
vn -0.0449 -0.2231 -0.9738
vn -0.1387 -0.1795 -0.9739
vn -0.1171 -0.1999 -0.9728
vn -0.0903 -0.2171 -0.9720
vn -0.0576 -0.2320 -0.9710
vn -0.1502 -0.1812 -0.9719
vn -0.1263 -0.2023 -0.9712
vn -0.0976 -0.2200 -0.9706
vn -0.0634 -0.2353 -0.9699
vn -0.0632 -0.1229 -0.9904
vn -0.0667 -0.1076 -0.9920
vn -0.0499 -0.0950 -0.9942
vn -0.0520 -0.0826 -0.9952
vn -0.0390 -0.0615 -0.9973
vn -0.0403 -0.0520 -0.9978
vn -0.0309 -0.0226 -0.9993
vn -0.0314 -0.0162 -0.9994
vn -0.0533 -0.1364 -0.9892
vn -0.0416 -0.1060 -0.9935
vn -0.0321 -0.0697 -0.9970
vn -0.0253 -0.0278 -0.9993
vn -0.0368 -0.1483 -0.9883
vn -0.0270 -0.1156 -0.9929
vn -0.0193 -0.0767 -0.9969
vn -0.0142 -0.0318 -0.9994
vn -0.0131 -0.1585 -0.9873
vn -0.0057 -0.1238 -0.9923
vn -0.0004 -0.0825 -0.9966
vn 0.0022 -0.0349 -0.9994
vn -0.0637 -0.0908 -0.9938
vn -0.0541 -0.0731 -0.9959
vn -0.0383 -0.0553 -0.9977
vn -0.0170 -0.0377 -0.9991
vn -0.0483 -0.0690 -0.9965
vn -0.0386 -0.0543 -0.9978
vn -0.0235 -0.0388 -0.9990
vn -0.0031 -0.0228 -0.9997
vn -0.0360 -0.0414 -0.9985
vn -0.0263 -0.0296 -0.9992
vn -0.0113 -0.0167 -0.9998
vn 0.0087 -0.0026 -1.0000
vn -0.0266 -0.0087 -0.9996
vn -0.0167 0.0001 -0.9999
vn -0.0017 0.0102 -0.9999
vn 0.0183 0.0218 -0.9996
vn 0.0761 -0.2160 -0.9734
vn 0.0571 -0.2121 -0.9756
vn 0.0564 -0.2363 -0.9700
vn 0.0796 -0.2405 -0.9674
vn 0.0539 -0.2535 -0.9658
vn 0.0812 -0.2579 -0.9628
vn 0.0498 -0.2637 -0.9633
vn 0.0809 -0.2683 -0.9599
vn 0.0337 -0.2056 -0.9780
vn 0.0291 -0.2292 -0.9729
vn 0.0228 -0.2459 -0.9690
vn 0.0151 -0.2558 -0.9666
vn 0.0068 -0.1970 -0.9804
vn -0.0013 -0.2196 -0.9756
vn -0.0107 -0.2356 -0.9718
vn -0.0213 -0.2451 -0.9693
vn 0.0977 -0.2412 -0.9655
vn 0.0901 -0.2169 -0.9720
vn 0.1103 -0.2382 -0.9649
vn 0.0986 -0.2144 -0.9718
vn 0.1169 -0.2309 -0.9659
vn 0.1017 -0.2080 -0.9728
vn 0.1177 -0.2189 -0.9686
vn 0.0994 -0.1973 -0.9753
vn 0.1035 -0.2585 -0.9604
vn 0.1200 -0.2552 -0.9594
vn 0.1303 -0.2473 -0.9601
vn 0.1344 -0.2344 -0.9628
vn 0.1072 -0.2689 -0.9572
vn 0.1275 -0.2653 -0.9557
vn 0.1415 -0.2570 -0.9560
vn 0.1490 -0.2436 -0.9584
vn 0.0805 -0.1855 -0.9793
vn 0.0706 -0.1844 -0.9803
vn 0.0690 -0.1472 -0.9867
vn 0.0632 -0.1457 -0.9873
vn 0.0559 -0.1022 -0.9932
vn 0.0538 -0.1000 -0.9935
vn 0.0413 -0.0509 -0.9978
vn 0.0426 -0.0479 -0.9979
vn 0.0852 -0.1838 -0.9793
vn 0.0701 -0.1465 -0.9867
vn 0.0537 -0.1028 -0.9933
vn 0.0363 -0.0532 -0.9979
vn 0.0849 -0.1787 -0.9802
vn 0.0667 -0.1430 -0.9875
vn 0.0476 -0.1014 -0.9937
vn 0.0280 -0.0543 -0.9981
vn 0.0797 -0.1697 -0.9823
vn 0.0591 -0.1364 -0.9889
vn 0.0380 -0.0976 -0.9945
vn 0.0169 -0.0539 -0.9984
vn 0.0558 -0.1807 -0.9819
vn 0.0364 -0.1750 -0.9839
vn 0.0131 -0.1675 -0.9858
vn 0.0525 -0.1422 -0.9884
vn 0.0372 -0.1372 -0.9898
vn 0.0175 -0.1310 -0.9912
vn 0.0471 -0.0967 -0.9942
vn 0.0357 -0.0924 -0.9951
vn 0.0197 -0.0876 -0.9960
vn 0.0395 -0.0445 -0.9982
vn 0.0318 -0.0410 -0.9987
vn 0.0193 -0.0377 -0.9991
vn 0.0750 -0.1109 -0.9910
vn 0.0825 -0.1380 -0.9870
vn 0.1055 -0.1537 -0.9825
vn 0.0981 -0.1241 -0.9874
vn 0.1276 -0.1651 -0.9780
vn 0.1206 -0.1337 -0.9837
vn 0.1481 -0.1719 -0.9739
vn 0.1419 -0.1394 -0.9800
vn 0.0889 -0.1619 -0.9828
vn 0.1111 -0.1799 -0.9774
vn 0.1321 -0.1928 -0.9723
vn 0.1514 -0.2005 -0.9679
vn 0.0944 -0.1819 -0.9788
vn 0.1151 -0.2018 -0.9726
vn 0.1343 -0.2162 -0.9671
vn 0.1516 -0.2246 -0.9626
vn 0.1603 -0.2247 -0.9612
vn 0.1605 -0.1995 -0.9667
vn 0.0888 -0.0916 -0.9918
vn 0.0661 -0.0812 -0.9945
vn 0.0776 -0.0572 -0.9953
vn 0.0558 -0.0496 -0.9972
vn 0.0645 -0.0216 -0.9977
vn 0.0442 -0.0168 -0.9989
vn 0.0497 0.0143 -0.9987
vn 0.0312 0.0164 -0.9994
vn 0.1112 -0.0993 -0.9888
vn 0.0994 -0.0629 -0.9931
vn 0.0853 -0.0253 -0.9960
vn 0.0690 0.0126 -0.9975
vn 0.1327 -0.1040 -0.9857
vn 0.1206 -0.0664 -0.9905
vn 0.1058 -0.0276 -0.9940
vn 0.0885 0.0115 -0.9960
vn 0.0437 -0.0683 -0.9967
vn 0.0517 -0.0945 -0.9942
vn 0.0221 -0.0532 -0.9983
vn 0.0290 -0.0752 -0.9967
vn 0.0019 -0.0363 -0.9993
vn 0.0074 -0.0533 -0.9986
vn -0.0164 -0.0176 -0.9997
vn -0.0125 -0.0290 -0.9995
vn 0.0347 -0.0402 -0.9986
vn 0.0147 -0.0296 -0.9995
vn -0.0036 -0.0177 -0.9998
vn -0.0197 -0.0046 -0.9998
vn 0.0248 -0.0111 -0.9996
vn 0.0069 -0.0047 -1.0000
vn -0.0091 0.0022 -1.0000
vn -0.0228 0.0097 -0.9997
vn 0.0140 0.0186 -0.9997
vn -0.0015 0.0209 -0.9998
vn -0.0149 0.0231 -0.9996
vn -0.0259 0.0254 -0.9993
vn 0.0591 -0.1184 -0.9912
vn 0.0659 -0.1392 -0.9881
vn 0.0726 -0.1566 -0.9850
vn 0.0358 -0.0950 -0.9948
vn 0.0428 -0.1121 -0.9928
vn 0.0503 -0.1261 -0.9907
vn 0.0133 -0.0683 -0.9976
vn 0.0200 -0.0809 -0.9965
vn 0.0280 -0.0909 -0.9955
vn -0.0078 -0.0385 -0.9992
vn -0.0017 -0.0460 -0.9989
vn 0.0062 -0.0512 -0.9987
vn -0.0415 0.1396 -0.9893
vn -0.0212 0.1113 -0.9936
vn -0.0093 0.1166 -0.9931
vn -0.0319 0.1469 -0.9886
vn 0.0046 0.1202 -0.9927
vn -0.0198 0.1520 -0.9882
vn 0.0203 0.1224 -0.9923
vn -0.0056 0.1552 -0.9879
vn -0.0018 0.0810 -0.9967
vn 0.0124 0.0840 -0.9964
vn 0.0282 0.0860 -0.9959
vn 0.0160 0.0492 -0.9987
vn 0.0324 0.0497 -0.9982
vn 0.0500 0.0499 -0.9975
vn 0.0683 0.0499 -0.9964
vn -0.0545 0.1744 -0.9832
vn -0.0618 0.1654 -0.9843
vn -0.0766 0.1988 -0.9770
vn -0.0816 0.1883 -0.9787
vn -0.0979 0.2195 -0.9707
vn -0.1005 0.2078 -0.9730
vn -0.1183 0.2362 -0.9645
vn -0.1181 0.2235 -0.9675
vn -0.0444 0.1809 -0.9825
vn -0.0685 0.2064 -0.9761
vn -0.0919 0.2282 -0.9693
vn -0.1146 0.2457 -0.9626
vn -0.0317 0.1850 -0.9822
vn -0.0574 0.2113 -0.9757
vn -0.0825 0.2337 -0.9688
vn -0.1073 0.2517 -0.9618
vn -0.0826 0.2401 -0.9672
vn -0.1084 0.2573 -0.9602
vn -0.0661 0.1539 -0.9859
vn -0.0484 0.1303 -0.9903
vn -0.0674 0.1401 -0.9878
vn -0.0526 0.1190 -0.9915
vn -0.0655 0.1242 -0.9901
vn -0.0538 0.1059 -0.9929
vn -0.0606 0.1064 -0.9925
vn -0.0521 0.0912 -0.9945
vn -0.0833 0.1749 -0.9811
vn -0.0817 0.1590 -0.9839
vn -0.0768 0.1407 -0.9871
vn -0.0688 0.1204 -0.9903
vn -0.0994 0.1930 -0.9762
vn -0.0949 0.1753 -0.9799
vn -0.0870 0.1552 -0.9841
vn -0.0759 0.1328 -0.9882
vn -0.1142 0.2076 -0.9715
vn -0.1066 0.1887 -0.9762
vn -0.0956 0.1671 -0.9813
vn -0.0815 0.1433 -0.9863
vn -0.0309 0.1045 -0.9940
vn -0.0140 0.0770 -0.9969
vn 0.0012 0.0482 -0.9988
vn -0.0379 0.0961 -0.9947
vn -0.0240 0.0718 -0.9971
vn -0.0116 0.0466 -0.9988
vn -0.0423 0.0862 -0.9954
vn -0.0315 0.0656 -0.9974
vn -0.0221 0.0444 -0.9988
vn -0.0438 0.0751 -0.9962
vn -0.0363 0.0585 -0.9976
vn -0.0301 0.0418 -0.9987
vn -0.1732 0.2493 -0.9528
vn -0.1621 0.2477 -0.9552
vn -0.1718 0.2614 -0.9498
vn -0.1862 0.2627 -0.9467
vn -0.1774 0.2716 -0.9459
vn -0.1950 0.2725 -0.9422
vn -0.1785 0.2781 -0.9438
vn -0.1995 0.2787 -0.9394
vn -0.1835 0.2808 -0.9420
vn -0.2055 0.2804 -0.9376
vn -0.1491 0.2432 -0.9585
vn -0.1554 0.2569 -0.9539
vn -0.1576 0.2671 -0.9507
vn -0.1555 0.2737 -0.9492
vn -0.1591 0.2775 -0.9475
vn -0.1344 0.2353 -0.9626
vn -0.1375 0.2486 -0.9588
vn -0.1366 0.2586 -0.9563
vn -0.1316 0.2650 -0.9552
vn -0.1339 0.2697 -0.9536
vn -0.1976 0.2613 -0.9448
vn -0.1817 0.2485 -0.9514
vn -0.2051 0.2582 -0.9441
vn -0.1871 0.2459 -0.9511
vn -0.2085 0.2539 -0.9445
vn -0.1892 0.2423 -0.9516
vn -0.2076 0.2493 -0.9459
vn -0.1881 0.2382 -0.9528
vn -0.2094 0.2707 -0.9396
vn -0.2192 0.2669 -0.9385
vn -0.2238 0.2621 -0.9387
vn -0.2234 0.2572 -0.9402
vn -0.2168 0.2763 -0.9363
vn -0.2289 0.2719 -0.9347
vn -0.2348 0.2668 -0.9347
vn -0.2349 0.2615 -0.9362
vn -0.2232 0.2772 -0.9345
vn -0.2350 0.2723 -0.9331
vn -0.2400 0.2669 -0.9334
vn -0.2389 0.2617 -0.9351
vn -0.1622 0.2324 -0.9590
vn -0.1564 0.2326 -0.9599
vn -0.1395 0.2134 -0.9669
vn -0.1363 0.2130 -0.9675
vn -0.1144 0.1918 -0.9747
vn -0.1133 0.1907 -0.9751
vn -0.0875 0.1682 -0.9819
vn -0.0882 0.1663 -0.9821
vn -0.1656 0.2306 -0.9589
vn -0.1411 0.2123 -0.9670
vn -0.1145 0.1916 -0.9748
vn -0.0864 0.1690 -0.9818
vn -0.1665 0.2276 -0.9594
vn -0.1412 0.2102 -0.9674
vn -0.1138 0.1904 -0.9751
vn -0.0853 0.1687 -0.9820
vn -0.1652 0.2241 -0.9605
vn -0.1398 0.2073 -0.9682
vn -0.1126 0.1884 -0.9756
vn -0.0844 0.1676 -0.9822
vn -0.1485 0.2307 -0.9616
vn -0.1388 0.2262 -0.9641
vn -0.1274 0.2186 -0.9675
vn -0.1314 0.2107 -0.9687
vn -0.1248 0.2061 -0.9705
vn -0.1166 0.1989 -0.9731
vn -0.1111 0.1880 -0.9759
vn -0.1075 0.1833 -0.9772
vn -0.1024 0.1765 -0.9790
vn -0.0883 0.1631 -0.9827
vn -0.0874 0.1583 -0.9835
vn -0.0852 0.1518 -0.9847
vn -0.1003 0.0733 -0.9922
vn -0.1170 0.0759 -0.9902
vn -0.1251 0.0691 -0.9897
vn -0.1081 0.0671 -0.9919
vn -0.1336 0.0622 -0.9891
vn -0.1174 0.0612 -0.9912
vn -0.1450 0.0556 -0.9879
vn -0.1307 0.0558 -0.9899
vn -0.1640 0.0496 -0.9852
vn -0.1526 0.0513 -0.9870
vn -0.1396 0.0814 -0.9869
vn -0.1489 0.0738 -0.9861
vn -0.1575 0.0658 -0.9853
vn -0.1677 0.0578 -0.9841
vn -0.1840 0.0504 -0.9816
vn -0.1688 0.0903 -0.9815
vn -0.1802 0.0819 -0.9802
vn -0.1896 0.0728 -0.9792
vn -0.1992 0.0633 -0.9779
vn -0.2128 0.0541 -0.9756
vn -0.2063 0.1040 -0.9729
vn -0.2204 0.0952 -0.9707
vn -0.2315 0.0850 -0.9691
vn -0.2412 0.0740 -0.9676
vn -0.2527 0.0628 -0.9655
vn -0.0969 0.0670 -0.9930
vn -0.0890 0.0729 -0.9934
vn -0.0920 0.0689 -0.9934
vn -0.0837 0.0746 -0.9937
vn -0.0968 0.0735 -0.9926
vn -0.0877 0.0793 -0.9930
vn -0.1207 0.0830 -0.9892
vn -0.1100 0.0892 -0.9899
vn -0.1075 0.0619 -0.9923
vn -0.1038 0.0641 -0.9925
vn -0.1098 0.0686 -0.9916
vn -0.1347 0.0775 -0.9879
vn -0.1230 0.0576 -0.9907
vn -0.1219 0.0605 -0.9907
vn -0.1298 0.0652 -0.9894
vn -0.1513 0.0723 -0.9858
vn -0.1479 0.0544 -0.9875
vn -0.1488 0.0586 -0.9871
vn -0.1559 0.0643 -0.9857
vn -0.1643 0.0695 -0.9840
vn -0.0827 0.0790 -0.9934
vn -0.0933 0.0796 -0.9924
vn -0.0773 0.0851 -0.9934
vn -0.0865 0.0857 -0.9926
vn -0.0709 0.0909 -0.9933
vn -0.0784 0.0916 -0.9927
vn -0.0623 0.0963 -0.9934
vn -0.0684 0.0974 -0.9929
vn -0.0777 0.0808 -0.9937
vn -0.0735 0.0872 -0.9935
vn -0.0687 0.0931 -0.9933
vn -0.0614 0.0981 -0.9933
vn -0.0816 0.0858 -0.9930
vn -0.0778 0.0924 -0.9927
vn -0.0741 0.0986 -0.9924
vn -0.0679 0.1038 -0.9923
vn -0.1027 0.0960 -0.9901
vn -0.0988 0.1030 -0.9898
vn -0.0974 0.1107 -0.9891
vn -0.0991 0.1217 -0.9876
vn -0.1088 0.0826 -0.9906
vn -0.1296 0.0884 -0.9876
vn -0.1563 0.0976 -0.9829
vn -0.1906 0.1115 -0.9753
vn -0.1003 0.0889 -0.9910
vn -0.1191 0.0948 -0.9883
vn -0.1435 0.1042 -0.9842
vn -0.1750 0.1180 -0.9775
vn -0.0907 0.0950 -0.9913
vn -0.1075 0.1011 -0.9890
vn -0.1298 0.1105 -0.9854
vn -0.1588 0.1242 -0.9795
vn -0.0792 0.1011 -0.9917
vn -0.0944 0.1074 -0.9897
vn -0.1148 0.1170 -0.9865
vn -0.1416 0.1307 -0.9813
vn -0.2193 0.0786 -0.9725
vn -0.2099 0.0747 -0.9749
vn -0.2049 0.0835 -0.9752
vn -0.2155 0.0869 -0.9726
vn -0.1998 0.0916 -0.9755
vn -0.2119 0.0943 -0.9727
vn -0.1951 0.0988 -0.9758
vn -0.2088 0.1006 -0.9728
vn -0.1913 0.1051 -0.9759
vn -0.2065 0.1058 -0.9727
vn -0.1827 0.0710 -0.9806
vn -0.1762 0.0801 -0.9811
vn -0.1697 0.0889 -0.9815
vn -0.1634 0.0971 -0.9818
vn -0.1578 0.1046 -0.9819
vn -0.1426 0.0669 -0.9875
vn -0.1347 0.0762 -0.9880
vn -0.1266 0.0855 -0.9883
vn -0.1187 0.0947 -0.9884
vn -0.1116 0.1036 -0.9883
vn -0.0941 0.0621 -0.9936
vn -0.0849 0.0712 -0.9938
vn -0.0754 0.0809 -0.9939
vn -0.0661 0.0911 -0.9937
vn -0.0574 0.1013 -0.9932
vn -0.2027 0.0909 -0.9750
vn -0.2052 0.0832 -0.9752
vn -0.1606 0.0956 -0.9824
vn -0.1620 0.0884 -0.9828
vn -0.0856 0.1009 -0.9912
vn -0.0859 0.0941 -0.9918
vn -0.2004 0.0975 -0.9748
vn -0.1596 0.1017 -0.9819
vn -0.0854 0.1067 -0.9906
vn -0.1987 0.1031 -0.9746
vn -0.1589 0.1067 -0.9815
vn -0.0854 0.1113 -0.9901
vn -0.1977 0.1074 -0.9744
vn -0.1589 0.1104 -0.9811
vn -0.0858 0.1146 -0.9897
vn -0.2078 0.0748 -0.9753
vn -0.2230 0.0699 -0.9723
vn -0.2105 0.0661 -0.9754
vn -0.2266 0.0609 -0.9721
vn -0.2134 0.0575 -0.9753
vn -0.2301 0.0522 -0.9718
vn -0.1635 0.0805 -0.9833
vn -0.1653 0.0721 -0.9836
vn -0.1674 0.0638 -0.9838
vn -0.0865 0.0865 -0.9925
vn -0.0872 0.0784 -0.9931
vn -0.0882 0.0704 -0.9936
vn -0.2148 0.0657 -0.9745
vn -0.1887 0.0619 -0.9801
vn -0.1498 0.0581 -0.9870
vn -0.1027 0.0540 -0.9933
vn -0.2192 0.0567 -0.9740
vn -0.1941 0.0533 -0.9795
vn -0.1563 0.0502 -0.9864
vn -0.1103 0.0472 -0.9928
vn -0.2233 0.0482 -0.9735
vn -0.1988 0.0453 -0.9790
vn -0.1618 0.0434 -0.9859
vn -0.1168 0.0421 -0.9923
vn -0.2065 0.1220 -0.9708
vn -0.2055 0.1182 -0.9715
vn -0.1864 0.1197 -0.9752
vn -0.1864 0.1238 -0.9746
vn -0.1484 0.1221 -0.9814
vn -0.1473 0.1266 -0.9810
vn -0.0974 0.1244 -0.9874
vn -0.0950 0.1297 -0.9870
vn -0.0387 0.1260 -0.9913
vn -0.0349 0.1322 -0.9906
vn -0.2050 0.1143 -0.9721
vn -0.1870 0.1153 -0.9756
vn -0.1504 0.1169 -0.9817
vn -0.1010 0.1184 -0.9878
vn -0.0437 0.1189 -0.9919
vn -0.2052 0.1102 -0.9725
vn -0.1885 0.1105 -0.9758
vn -0.1535 0.1112 -0.9819
vn -0.1057 0.1115 -0.9881
vn -0.0499 0.1108 -0.9926
vn -0.1869 0.1278 -0.9740
vn -0.2077 0.1258 -0.9701
vn -0.1874 0.1316 -0.9734
vn -0.2088 0.1296 -0.9693
vn -0.1878 0.1354 -0.9728
vn -0.2094 0.1336 -0.9687
vn -0.1877 0.1393 -0.9723
vn -0.2094 0.1377 -0.9681
vn -0.1467 0.1309 -0.9805
vn -0.1466 0.1349 -0.9800
vn -0.1466 0.1387 -0.9794
vn -0.1464 0.1424 -0.9789
vn -0.0934 0.1344 -0.9865
vn -0.0925 0.1387 -0.9860
vn -0.0921 0.1427 -0.9855
vn -0.0919 0.1464 -0.9849
vn -0.0323 0.1376 -0.9900
vn -0.0306 0.1425 -0.9893
vn -0.0298 0.1469 -0.9887
vn -0.0296 0.1508 -0.9881
vn -0.2029 0.1257 -0.9711
vn -0.2012 0.1220 -0.9719
vn -0.1659 0.1279 -0.9778
vn -0.1642 0.1240 -0.9786
vn -0.0915 0.1320 -0.9870
vn -0.0902 0.1279 -0.9877
vn -0.2042 0.1297 -0.9703
vn -0.1672 0.1320 -0.9770
vn -0.0925 0.1364 -0.9863
vn -0.2051 0.1339 -0.9696
vn -0.1680 0.1365 -0.9763
vn -0.0931 0.1411 -0.9856
vn -0.2051 0.1384 -0.9689
vn -0.1681 0.1414 -0.9756
vn -0.0932 0.1463 -0.9848
vn -0.1996 0.1183 -0.9727
vn -0.1983 0.1147 -0.9734
vn -0.1976 0.1111 -0.9740
vn -0.1624 0.1204 -0.9794
vn -0.1608 0.1169 -0.9800
vn -0.1595 0.1136 -0.9806
vn -0.0889 0.1242 -0.9883
vn -0.0876 0.1208 -0.9888
vn -0.0866 0.1176 -0.9893
vn -0.0572 0.0484 -0.9972
vn -0.0508 0.0335 -0.9981
vn -0.0518 0.0325 -0.9981
vn -0.0582 0.0456 -0.9973
vn -0.0516 0.0330 -0.9981
vn -0.0581 0.0442 -0.9973
vn -0.0506 0.0352 -0.9981
vn -0.0570 0.0444 -0.9974
vn -0.0491 0.0390 -0.9980
vn -0.0553 0.0462 -0.9974
vn -0.0417 0.0157 -0.9990
vn -0.0432 0.0177 -0.9989
vn -0.0435 0.0212 -0.9988
vn -0.0432 0.0263 -0.9987
vn -0.0424 0.0331 -0.9986
vn -0.0292 -0.0050 -0.9996
vn -0.0316 0.0010 -0.9995
vn -0.0331 0.0086 -0.9994
vn -0.0341 0.0178 -0.9993
vn -0.0348 0.0285 -0.9990
vn -0.0630 0.0570 -0.9964
vn -0.0615 0.0606 -0.9963
vn -0.0668 0.0666 -0.9955
vn -0.0645 0.0700 -0.9955
vn -0.0702 0.0743 -0.9948
vn -0.0667 0.0767 -0.9948
vn -0.0736 0.0801 -0.9941
vn -0.0688 0.0806 -0.9944
vn -0.0633 0.0547 -0.9965
vn -0.0680 0.0643 -0.9956
vn -0.0725 0.0730 -0.9947
vn -0.0774 0.0805 -0.9937
vn -0.0627 0.0538 -0.9966
vn -0.0682 0.0633 -0.9957
vn -0.0739 0.0727 -0.9946
vn -0.0802 0.0816 -0.9934
vn -0.0614 0.0545 -0.9966
vn -0.0678 0.0637 -0.9957
vn -0.0747 0.0734 -0.9945
vn -0.0823 0.0835 -0.9931
vn -0.0583 0.0654 -0.9962
vn -0.0544 0.0525 -0.9971
vn -0.0529 0.0714 -0.9960
vn -0.0494 0.0579 -0.9971
vn -0.0448 0.0787 -0.9959
vn -0.0417 0.0646 -0.9970
vn -0.0331 0.0872 -0.9956
vn -0.0302 0.0725 -0.9969
vn -0.0605 0.0746 -0.9954
vn -0.0545 0.0804 -0.9953
vn -0.0458 0.0874 -0.9951
vn -0.0337 0.0957 -0.9948
vn -0.0617 0.0802 -0.9949
vn -0.0547 0.0849 -0.9949
vn -0.0453 0.0909 -0.9948
vn -0.0326 0.0985 -0.9946
vn -0.0625 0.0822 -0.9947
vn -0.0544 0.0851 -0.9949
vn -0.0440 0.0894 -0.9950
vn -0.0305 0.0956 -0.9950
vn -0.0481 0.0359 -0.9982
vn -0.0388 0.0153 -0.9991
vn -0.0256 -0.0094 -0.9996
vn -0.0433 0.0397 -0.9983
vn -0.0338 0.0165 -0.9993
vn -0.0202 -0.0120 -0.9997
vn -0.0357 0.0449 -0.9984
vn -0.0262 0.0192 -0.9995
vn -0.0125 -0.0128 -0.9998
vn -0.0244 0.0514 -0.9984
vn -0.0150 0.0236 -0.9996
vn -0.0014 -0.0115 -0.9999
vn -0.0852 -0.0061 -0.9963
vn -0.0692 0.0012 -0.9976
vn -0.0917 0.0049 -0.9958
vn -0.1073 -0.0005 -0.9942
vn 0.0293 0.0021 -0.9996
vn 0.0636 0.0090 -0.9979
vn 0.0255 0.0084 -0.9996
vn -0.0076 0.0008 -1.0000
vn -0.0095 0.0077 -0.9999
vn -0.0410 0.0002 -0.9992
vn -0.0393 0.0079 -0.9992
vn -0.0630 0.0101 -0.9980
vn 0.0669 0.0035 -0.9978
vn 0.1022 0.0092 -0.9947
vn 0.1027 0.0045 -0.9947
vn 0.1383 0.0084 -0.9904
vn 0.0571 -0.0080 -0.9983
vn 0.0849 -0.0028 -0.9964
vn 0.1072 0.0017 -0.9942
vn 0.0774 -0.0013 -0.9970
vn 0.1338 0.0052 -0.9910
vn 0.1695 0.0068 -0.9855
vn 0.1070 0.0036 -0.9943
vn 0.1308 0.0051 -0.9914
vn 0.1581 0.0057 -0.9874
vn 0.1935 0.0044 -0.9811
vn -0.0202 0.0958 -0.9952
vn -0.0204 0.0757 -0.9969
vn -0.0219 0.0756 -0.9969
vn -0.0220 0.0963 -0.9951
vn -0.0187 0.0766 -0.9969
vn -0.0193 0.0979 -0.9950
vn -0.0111 0.0785 -0.9968
vn -0.0121 0.1005 -0.9949
vn 0.0010 0.0812 -0.9967
vn -0.0004 0.1040 -0.9946
vn -0.0219 0.0503 -0.9985
vn -0.0228 0.0489 -0.9985
vn -0.0191 0.0486 -0.9986
vn -0.0107 0.0492 -0.9987
vn 0.0022 0.0506 -0.9987
vn -0.0253 0.0196 -0.9995
vn -0.0256 0.0161 -0.9995
vn -0.0211 0.0137 -0.9997
vn -0.0116 0.0123 -0.9999
vn 0.0028 0.0118 -0.9999
vn -0.0225 0.1113 -0.9935
vn -0.0204 0.1110 -0.9936
vn -0.0227 0.1210 -0.9924
vn -0.0205 0.1214 -0.9924
vn -0.0220 0.1256 -0.9918
vn -0.0198 0.1275 -0.9916
vn -0.0198 0.1258 -0.9919
vn -0.0176 0.1297 -0.9914
vn -0.0200 0.1128 -0.9934
vn -0.0203 0.1217 -0.9924
vn -0.0197 0.1250 -0.9920
vn -0.0175 0.1233 -0.9922
vn -0.0130 0.1155 -0.9932
vn -0.0134 0.1238 -0.9922
vn -0.0127 0.1260 -0.9919
vn -0.0105 0.1227 -0.9924
vn -0.0015 0.1192 -0.9929
vn -0.0018 0.1273 -0.9919
vn -0.0010 0.1288 -0.9917
vn 0.0014 0.1244 -0.9922
vn -0.0137 0.1117 -0.9936
vn -0.0137 0.0965 -0.9952
vn -0.0021 0.1135 -0.9935
vn -0.0023 0.0983 -0.9952
vn 0.0147 0.1164 -0.9931
vn 0.0142 0.1014 -0.9947
vn 0.0370 0.1203 -0.9920
vn 0.0361 0.1058 -0.9937
vn -0.0137 0.1229 -0.9923
vn -0.0019 0.1253 -0.9921
vn 0.0150 0.1285 -0.9916
vn 0.0375 0.1324 -0.9905
vn -0.0129 0.1304 -0.9914
vn -0.0012 0.1339 -0.9910
vn 0.0155 0.1380 -0.9903
vn 0.0378 0.1423 -0.9891
vn -0.0109 0.1345 -0.9909
vn 0.0005 0.1397 -0.9902
vn 0.0168 0.1450 -0.9893
vn 0.0385 0.1502 -0.9879
vn -0.0143 0.0769 -0.9969
vn -0.0162 0.0529 -0.9985
vn -0.0201 0.0243 -0.9995
vn -0.0033 0.0795 -0.9968
vn -0.0056 0.0568 -0.9984
vn -0.0099 0.0304 -0.9995
vn 0.0128 0.0834 -0.9964
vn 0.0100 0.0622 -0.9980
vn 0.0053 0.0378 -0.9993
vn 0.0341 0.0888 -0.9955
vn 0.0307 0.0692 -0.9971
vn 0.0255 0.0468 -0.9986
vn -0.0542 0.0647 -0.9964
vn -0.0509 0.0652 -0.9966
vn -0.0526 0.0728 -0.9960
vn -0.0547 0.0707 -0.9960
vn -0.0539 0.0804 -0.9953
vn -0.0548 0.0767 -0.9955
vn -0.0543 0.0876 -0.9947
vn -0.0539 0.0827 -0.9951
vn -0.0532 0.0945 -0.9941
vn -0.0514 0.0886 -0.9947
vn -0.0495 0.0696 -0.9963
vn -0.0529 0.0793 -0.9954
vn -0.0559 0.0887 -0.9945
vn -0.0581 0.0974 -0.9936
vn -0.0587 0.1053 -0.9927
vn -0.0499 0.0782 -0.9957
vn -0.0555 0.0904 -0.9944
vn -0.0608 0.1019 -0.9929
vn -0.0652 0.1124 -0.9915
vn -0.0680 0.1215 -0.9903
vn -0.0592 0.0725 -0.9956
vn -0.0594 0.0678 -0.9959
vn -0.0659 0.0778 -0.9948
vn -0.0665 0.0740 -0.9950
vn -0.0748 0.0864 -0.9934
vn -0.0755 0.0831 -0.9937
vn -0.0859 0.0977 -0.9915
vn -0.0863 0.0945 -0.9918
vn -0.0583 0.0774 -0.9953
vn -0.0645 0.0819 -0.9945
vn -0.0732 0.0899 -0.9933
vn -0.0844 0.1010 -0.9913
vn -0.0565 0.0824 -0.9950
vn -0.0620 0.0861 -0.9944
vn -0.0704 0.0936 -0.9931
vn -0.0815 0.1045 -0.9912
vn -0.0530 0.0874 -0.9948
vn -0.0578 0.0906 -0.9942
vn -0.0657 0.0976 -0.9931
vn -0.0767 0.1082 -0.9912
vn -0.0595 0.0634 -0.9962
vn -0.0537 0.0590 -0.9968
vn -0.0597 0.0596 -0.9964
vn -0.0535 0.0539 -0.9971
vn -0.0603 0.0565 -0.9966
vn -0.0540 0.0495 -0.9973
vn -0.0668 0.0705 -0.9953
vn -0.0670 0.0675 -0.9955
vn -0.0673 0.0652 -0.9956
vn -0.0756 0.0800 -0.9939
vn -0.0755 0.0773 -0.9942
vn -0.0751 0.0750 -0.9944
vn -0.0860 0.0915 -0.9921
vn -0.0852 0.0885 -0.9924
vn -0.0839 0.0858 -0.9928
vn -0.0493 0.0577 -0.9971
vn -0.0463 0.0598 -0.9971
vn -0.0445 0.0656 -0.9969
vn -0.0483 0.0507 -0.9975
vn -0.0438 0.0502 -0.9978
vn -0.0399 0.0528 -0.9978
vn -0.0481 0.0443 -0.9979
vn -0.0424 0.0412 -0.9983
vn -0.0365 0.0404 -0.9985
vn 0.0131 0.1013 -0.9948
vn 0.0170 0.0772 -0.9969
vn 0.0100 0.0720 -0.9974
vn 0.0055 0.0957 -0.9954
vn 0.0003 0.0657 -0.9978
vn -0.0048 0.0888 -0.9960
vn -0.0114 0.0587 -0.9982
vn -0.0169 0.0809 -0.9966
vn 0.0232 0.0445 -0.9987
vn 0.0174 0.0398 -0.9991
vn 0.0086 0.0345 -0.9994
vn -0.0024 0.0290 -0.9996
vn 0.0317 0.0028 -0.9995
vn 0.0278 -0.0011 -0.9996
vn 0.0205 -0.0050 -0.9998
vn 0.0106 -0.0086 -0.9999
vn 0.0034 0.1116 -0.9938
vn 0.0113 0.1173 -0.9930
vn 0.0034 0.1200 -0.9928
vn 0.0114 0.1257 -0.9920
vn 0.0053 0.1213 -0.9926
vn 0.0132 0.1269 -0.9918
vn 0.0088 0.1161 -0.9932
vn 0.0167 0.1214 -0.9925
vn -0.0072 0.1044 -0.9945
vn -0.0073 0.1128 -0.9936
vn -0.0056 0.1145 -0.9934
vn -0.0023 0.1098 -0.9940
vn -0.0196 0.0961 -0.9952
vn -0.0200 0.1046 -0.9943
vn -0.0185 0.1067 -0.9941
vn -0.0157 0.1028 -0.9946
vn 0.0154 0.1212 -0.9925
vn 0.0170 0.1052 -0.9943
vn 0.0151 0.1229 -0.9923
vn 0.0164 0.1071 -0.9941
vn 0.0095 0.1222 -0.9925
vn 0.0107 0.1067 -0.9942
vn 0.0155 0.1295 -0.9915
vn 0.0151 0.1311 -0.9912
vn 0.0094 0.1304 -0.9914
vn 0.0173 0.1306 -0.9913
vn 0.0165 0.1322 -0.9911
vn 0.0105 0.1316 -0.9913
vn 0.0205 0.1250 -0.9919
vn 0.0194 0.1267 -0.9917
vn 0.0131 0.1264 -0.9919
vn 0.0202 0.0810 -0.9965
vn 0.0251 0.0482 -0.9985
vn 0.0316 0.0064 -0.9995
vn 0.0190 0.0831 -0.9964
vn 0.0226 0.0506 -0.9985
vn 0.0269 0.0092 -0.9996
vn 0.0126 0.0832 -0.9965
vn 0.0150 0.0514 -0.9986
vn 0.0174 0.0111 -0.9998
vn 0.1315 0.0170 -0.9912
vn 0.1561 0.0131 -0.9877
vn 0.1468 0.0090 -0.9891
vn 0.1223 0.0104 -0.9924
vn 0.1835 0.0083 -0.9830
vn 0.1744 0.0066 -0.9847
vn 0.2180 0.0014 -0.9760
vn 0.2094 0.0023 -0.9778
vn -0.2003 0.1566 -0.9671
vn -0.2038 0.1516 -0.9672
vn -0.1832 0.1520 -0.9713
vn -0.1803 0.1567 -0.9710
vn -0.1436 0.1543 -0.9775
vn -0.1418 0.1587 -0.9771
vn -0.0913 0.1579 -0.9832
vn -0.0908 0.1620 -0.9826
vn -0.0316 0.1624 -0.9862
vn -0.0326 0.1663 -0.9855
vn -0.2066 0.1467 -0.9674
vn -0.1854 0.1476 -0.9715
vn -0.1450 0.1501 -0.9780
vn -0.0916 0.1539 -0.9838
vn -0.0306 0.1584 -0.9869
vn -0.2085 0.1421 -0.9677
vn -0.1869 0.1433 -0.9719
vn -0.1459 0.1461 -0.9784
vn -0.0918 0.1501 -0.9844
vn -0.0299 0.1546 -0.9875
vn -0.1767 0.1616 -0.9709
vn -0.1960 0.1617 -0.9672
vn -0.1725 0.1666 -0.9708
vn -0.1909 0.1670 -0.9673
vn -0.1677 0.1717 -0.9708
vn -0.1852 0.1725 -0.9674
vn -0.1623 0.1770 -0.9707
vn -0.1789 0.1780 -0.9676
vn -0.1395 0.1632 -0.9767
vn -0.1366 0.1679 -0.9763
vn -0.1333 0.1727 -0.9759
vn -0.1294 0.1776 -0.9756
vn -0.0901 0.1662 -0.9820
vn -0.0890 0.1705 -0.9813
vn -0.0875 0.1750 -0.9807
vn -0.0855 0.1795 -0.9800
vn -0.0336 0.1703 -0.9848
vn -0.0345 0.1744 -0.9841
vn -0.0351 0.1785 -0.9833
vn -0.0353 0.1826 -0.9825
vn -0.1910 0.1640 -0.9678
vn -0.1955 0.1585 -0.9678
vn -0.1558 0.1683 -0.9733
vn -0.1598 0.1627 -0.9736
vn -0.0859 0.1741 -0.9810
vn -0.0883 0.1684 -0.9818
vn -0.1858 0.1695 -0.9679
vn -0.1513 0.1740 -0.9731
vn -0.0832 0.1797 -0.9802
vn -0.1799 0.1751 -0.9680
vn -0.1463 0.1797 -0.9728
vn -0.0801 0.1854 -0.9794
vn -0.1735 0.1808 -0.9681
vn -0.1408 0.1854 -0.9725
vn -0.0768 0.1911 -0.9786
vn -0.1992 0.1533 -0.9679
vn -0.2021 0.1481 -0.9681
vn -0.2041 0.1431 -0.9684
vn -0.1630 0.1572 -0.9740
vn -0.1656 0.1518 -0.9744
vn -0.1673 0.1465 -0.9750
vn -0.0903 0.1628 -0.9825
vn -0.0918 0.1572 -0.9833
vn -0.0928 0.1517 -0.9841
vn -0.1036 0.1176 -0.9876
vn -0.0904 0.1035 -0.9905
vn -0.0987 0.1081 -0.9892
vn -0.1125 0.1232 -0.9860
vn -0.1056 0.1130 -0.9880
vn -0.1199 0.1290 -0.9844
vn -0.1114 0.1179 -0.9868
vn -0.1259 0.1345 -0.9829
vn -0.1158 0.1224 -0.9857
vn -0.1305 0.1393 -0.9816
vn -0.0800 0.0926 -0.9925
vn -0.0874 0.0958 -0.9916
vn -0.0936 0.0995 -0.9906
vn -0.0987 0.1035 -0.9897
vn -0.1028 0.1075 -0.9889
vn -0.0727 0.0849 -0.9937
vn -0.0789 0.0864 -0.9931
vn -0.0841 0.0887 -0.9925
vn -0.0882 0.0914 -0.9919
vn -0.0916 0.0945 -0.9913
vn -0.1285 0.1412 -0.9816
vn -0.1192 0.1348 -0.9837
vn -0.1465 0.1622 -0.9758
vn -0.1370 0.1553 -0.9783
vn -0.1662 0.1861 -0.9684
vn -0.1565 0.1791 -0.9713
vn -0.1871 0.2130 -0.9590
vn -0.1775 0.2062 -0.9623
vn -0.1362 0.1476 -0.9796
vn -0.1542 0.1688 -0.9735
vn -0.1738 0.1927 -0.9658
vn -0.1945 0.2192 -0.9561
vn -0.1422 0.1534 -0.9779
vn -0.1601 0.1748 -0.9715
vn -0.1793 0.1985 -0.9636
vn -0.1997 0.2246 -0.9538
vn -0.1465 0.1584 -0.9764
vn -0.1639 0.1796 -0.9700
vn -0.1826 0.2031 -0.9620
vn -0.2025 0.2288 -0.9522
vn -0.1079 0.1289 -0.9858
vn -0.0930 0.1126 -0.9893
vn -0.0945 0.1240 -0.9878
vn -0.0804 0.1087 -0.9908
vn -0.0782 0.1210 -0.9896
vn -0.0652 0.1068 -0.9921
vn -0.0581 0.1209 -0.9910
vn -0.0467 0.1077 -0.9931
vn -0.1253 0.1488 -0.9809
vn -0.1111 0.1431 -0.9834
vn -0.0938 0.1392 -0.9858
vn -0.0722 0.1381 -0.9878
vn -0.1446 0.1723 -0.9744
vn -0.1299 0.1662 -0.9775
vn -0.1117 0.1616 -0.9805
vn -0.0887 0.1596 -0.9832
vn -0.1655 0.1994 -0.9658
vn -0.1504 0.1932 -0.9696
vn -0.1315 0.1882 -0.9733
vn -0.1072 0.1854 -0.9768
vn -0.0806 0.0997 -0.9917
vn -0.0712 0.0903 -0.9934
vn -0.0651 0.0844 -0.9943
vn -0.0690 0.0971 -0.9929
vn -0.0607 0.0892 -0.9942
vn -0.0558 0.0852 -0.9948
vn -0.0551 0.0965 -0.9938
vn -0.0480 0.0900 -0.9948
vn -0.0442 0.0876 -0.9952
vn -0.0380 0.0985 -0.9944
vn -0.0322 0.0933 -0.9951
vn -0.0297 0.0922 -0.9953
vn 0.0036 0.1509 -0.9885
vn -0.0025 0.1424 -0.9898
vn -0.0044 0.1353 -0.9908
vn 0.0017 0.1439 -0.9896
vn -0.0026 0.1293 -0.9916
vn 0.0033 0.1380 -0.9904
vn 0.0033 0.1254 -0.9921
vn 0.0084 0.1339 -0.9910
vn 0.0135 0.1241 -0.9922
vn 0.0175 0.1323 -0.9911
vn -0.0085 0.1358 -0.9907
vn -0.0105 0.1290 -0.9916
vn -0.0084 0.1236 -0.9923
vn -0.0019 0.1203 -0.9927
vn 0.0092 0.1197 -0.9928
vn -0.0137 0.1314 -0.9912
vn -0.0159 0.1257 -0.9919
vn -0.0136 0.1214 -0.9925
vn -0.0067 0.1192 -0.9928
vn 0.0050 0.1196 -0.9928
vn 0.0075 0.1545 -0.9880
vn 0.0093 0.1608 -0.9869
vn 0.0125 0.1667 -0.9859
vn 0.0142 0.1718 -0.9850
vn 0.0162 0.1800 -0.9835
vn 0.0179 0.1836 -0.9828
vn 0.0185 0.1944 -0.9807
vn 0.0201 0.1961 -0.9804
vn 0.0087 0.1492 -0.9888
vn 0.0133 0.1623 -0.9867
vn 0.0168 0.1770 -0.9841
vn 0.0187 0.1931 -0.9810
vn 0.0131 0.1453 -0.9893
vn 0.0169 0.1591 -0.9871
vn 0.0196 0.1749 -0.9844
vn 0.0208 0.1924 -0.9811
vn 0.0210 0.1436 -0.9894
vn 0.0236 0.1577 -0.9872
vn 0.0251 0.1741 -0.9844
vn 0.0252 0.1925 -0.9810
vn 0.0139 0.1673 -0.9858
vn 0.0087 0.1583 -0.9874
vn 0.0215 0.1737 -0.9846
vn 0.0171 0.1655 -0.9861
vn 0.0322 0.1793 -0.9833
vn 0.0291 0.1720 -0.9847
vn 0.0466 0.1838 -0.9819
vn 0.0452 0.1774 -0.9831
vn 0.0184 0.1771 -0.9840
vn 0.0251 0.1821 -0.9830
vn 0.0346 0.1865 -0.9818
vn 0.0475 0.1900 -0.9806
vn 0.0217 0.1873 -0.9821
vn 0.0277 0.1907 -0.9813
vn 0.0362 0.1937 -0.9804
vn 0.0477 0.1959 -0.9795
vn 0.0236 0.1978 -0.9800
vn 0.0290 0.1994 -0.9795
vn 0.0366 0.2008 -0.9790
vn 0.0471 0.2016 -0.9783
vn 0.0031 0.1502 -0.9887
vn -0.0024 0.1433 -0.9897
vn -0.0073 0.1379 -0.9904
vn 0.0124 0.1578 -0.9874
vn 0.0077 0.1508 -0.9885
vn 0.0036 0.1447 -0.9895
vn 0.0257 0.1648 -0.9860
vn 0.0222 0.1578 -0.9872
vn 0.0191 0.1512 -0.9883
vn 0.0434 0.1707 -0.9844
vn 0.0415 0.1639 -0.9856
vn 0.0398 0.1571 -0.9868
vn -0.0979 0.1627 -0.9818
vn -0.1057 0.1629 -0.9810
vn -0.0934 0.1519 -0.9840
vn -0.0858 0.1527 -0.9845
vn -0.0813 0.1409 -0.9867
vn -0.0740 0.1427 -0.9870
vn -0.0692 0.1299 -0.9891
vn -0.0621 0.1323 -0.9893
vn -0.0566 0.1185 -0.9913
vn -0.0495 0.1212 -0.9914
vn -0.1145 0.1629 -0.9800
vn -0.1015 0.1507 -0.9834
vn -0.0889 0.1388 -0.9863
vn -0.0763 0.1271 -0.9889
vn -0.0637 0.1154 -0.9913
vn -0.1232 0.1622 -0.9790
vn -0.1094 0.1491 -0.9828
vn -0.0961 0.1364 -0.9860
vn -0.0832 0.1241 -0.9888
vn -0.0705 0.1119 -0.9912
vn -0.1310 0.1606 -0.9783
vn -0.1165 0.1467 -0.9823
vn -0.1027 0.1334 -0.9857
vn -0.0895 0.1206 -0.9887
vn -0.0793 0.1535 -0.9850
vn -0.0916 0.1627 -0.9824
vn -0.0739 0.1542 -0.9853
vn -0.0870 0.1630 -0.9828
vn -0.0698 0.1544 -0.9855
vn -0.0839 0.1633 -0.9830
vn -0.0672 0.1536 -0.9858
vn -0.0823 0.1631 -0.9832
vn -0.0674 0.1441 -0.9873
vn -0.0616 0.1450 -0.9875
vn -0.0571 0.1451 -0.9878
vn -0.0541 0.1440 -0.9881
vn -0.0555 0.1341 -0.9894
vn -0.0497 0.1352 -0.9896
vn -0.0451 0.1353 -0.9898
vn -0.0423 0.1343 -0.9900
vn -0.0430 0.1234 -0.9914
vn -0.0373 0.1247 -0.9915
vn -0.0331 0.1250 -0.9916
vn -0.0307 0.1243 -0.9918
vn -0.1050 0.1716 -0.9796
vn -0.1106 0.1725 -0.9788
vn -0.1203 0.1805 -0.9762
vn -0.1245 0.1821 -0.9754
vn -0.1395 0.1901 -0.9718
vn -0.1421 0.1924 -0.9710
vn -0.1669 0.2019 -0.9651
vn -0.1677 0.2049 -0.9643
vn -0.1015 0.1715 -0.9799
vn -0.1185 0.1801 -0.9765
vn -0.1399 0.1893 -0.9719
vn -0.1699 0.2009 -0.9648
vn -0.1000 0.1719 -0.9800
vn -0.1190 0.1805 -0.9763
vn -0.1428 0.1899 -0.9714
vn -0.1761 0.2017 -0.9635
vn -0.0999 0.1723 -0.9800
vn -0.1211 0.1816 -0.9759
vn -0.1476 0.1916 -0.9703
vn -0.1845 0.2043 -0.9614
vn -0.1183 0.1739 -0.9776
vn -0.1278 0.1752 -0.9762
vn -0.1378 0.1762 -0.9747
vn -0.1470 0.1760 -0.9734
vn -0.1317 0.1847 -0.9739
vn -0.1418 0.1881 -0.9719
vn -0.1538 0.1917 -0.9693
vn -0.1654 0.1935 -0.9670
vn -0.1483 0.1962 -0.9693
vn -0.1584 0.2020 -0.9665
vn -0.1722 0.2089 -0.9627
vn -0.1868 0.2143 -0.9587
vn -0.1729 0.2103 -0.9622
vn -0.1833 0.2186 -0.9584
vn -0.2014 0.2309 -0.9519
vn -0.2291 0.2484 -0.9412
vn 0.0197 0.1237 -0.9921
vn 0.0215 0.1166 -0.9929
vn 0.0110 0.1121 -0.9936
vn 0.0075 0.1193 -0.9928
vn -0.0030 0.1072 -0.9942
vn -0.0083 0.1148 -0.9934
vn -0.0196 0.1025 -0.9945
vn -0.0267 0.1108 -0.9935
vn 0.0216 0.1137 -0.9933
vn 0.0124 0.1090 -0.9940
vn -0.0002 0.1037 -0.9946
vn -0.0154 0.0983 -0.9950
vn 0.0200 0.1151 -0.9931
vn 0.0117 0.1102 -0.9938
vn 0.0001 0.1044 -0.9945
vn -0.0140 0.0983 -0.9951
vn 0.0019 0.1304 -0.9915
vn 0.0162 0.1345 -0.9908
vn -0.0057 0.1454 -0.9894
vn 0.0110 0.1490 -0.9888
vn -0.0153 0.1642 -0.9863
vn 0.0040 0.1671 -0.9859
vn -0.0269 0.1869 -0.9820
vn -0.0048 0.1887 -0.9820
vn -0.0160 0.1264 -0.9918
vn -0.0259 0.1420 -0.9895
vn -0.0381 0.1617 -0.9861
vn -0.0524 0.1854 -0.9813
vn -0.0363 0.1231 -0.9917
vn -0.0485 0.1394 -0.9890
vn -0.0630 0.1600 -0.9851
vn -0.0797 0.1848 -0.9795
vn 0.0257 0.1381 -0.9901
vn 0.0272 0.1274 -0.9915
vn 0.0298 0.1409 -0.9896
vn 0.0295 0.1301 -0.9911
vn 0.0282 0.1427 -0.9894
vn 0.0262 0.1316 -0.9910
vn 0.0228 0.1524 -0.9881
vn 0.0290 0.1550 -0.9875
vn 0.0292 0.1568 -0.9872
vn 0.0184 0.1699 -0.9853
vn 0.0269 0.1721 -0.9847
vn 0.0291 0.1735 -0.9844
vn 0.0124 0.1906 -0.9816
vn 0.0233 0.1920 -0.9811
vn 0.0276 0.1927 -0.9809
vn 0.0274 0.1203 -0.9924
vn 0.0263 0.1173 -0.9927
vn 0.0240 0.1187 -0.9926
vn 0.0281 0.1228 -0.9920
vn 0.0259 0.1195 -0.9925
vn 0.0230 0.1207 -0.9924
vn 0.0234 0.1240 -0.9920
vn 0.0201 0.1202 -0.9925
vn 0.0166 0.1209 -0.9925
vn -0.1519 0.2181 -0.9640
vn -0.1584 0.2051 -0.9658
vn -0.1446 0.2038 -0.9683
vn -0.1390 0.2168 -0.9663
vn -0.1165 0.2039 -0.9720
vn -0.1125 0.2169 -0.9697
vn -0.0787 0.2051 -0.9756
vn -0.0768 0.2180 -0.9729
vn -0.0355 0.2073 -0.9776
vn -0.0358 0.2202 -0.9748
vn -0.1652 0.1939 -0.9670
vn -0.1505 0.1926 -0.9697
vn -0.1208 0.1928 -0.9738
vn -0.0809 0.1941 -0.9776
vn -0.0353 0.1966 -0.9799
vn -0.1721 0.1848 -0.9676
vn -0.1565 0.1836 -0.9705
vn -0.1251 0.1839 -0.9750
vn -0.0832 0.1855 -0.9791
vn -0.0353 0.1882 -0.9815
vn -0.1339 0.2313 -0.9636
vn -0.1458 0.2324 -0.9616
vn -0.1294 0.2470 -0.9603
vn -0.1404 0.2479 -0.9586
vn -0.1257 0.2636 -0.9564
vn -0.1358 0.2642 -0.9548
vn -0.1229 0.2807 -0.9519
vn -0.1323 0.2811 -0.9505
vn -0.1089 0.2315 -0.9667
vn -0.1059 0.2473 -0.9631
vn -0.1036 0.2641 -0.9589
vn -0.1021 0.2815 -0.9541
vn -0.0752 0.2327 -0.9696
vn -0.0740 0.2486 -0.9658
vn -0.0735 0.2656 -0.9613
vn -0.0735 0.2832 -0.9562
vn -0.0364 0.2348 -0.9714
vn -0.0374 0.2507 -0.9673
vn -0.0387 0.2677 -0.9627
vn -0.0405 0.2855 -0.9575
vn -0.1400 0.2350 -0.9619
vn -0.1462 0.2209 -0.9643
vn -0.1123 0.2390 -0.9645
vn -0.1176 0.2250 -0.9672
vn -0.0602 0.2436 -0.9680
vn -0.0632 0.2299 -0.9712
vn -0.1345 0.2503 -0.9588
vn -0.1076 0.2539 -0.9612
vn -0.0576 0.2583 -0.9644
vn -0.1297 0.2663 -0.9551
vn -0.1036 0.2696 -0.9574
vn -0.0553 0.2737 -0.9602
vn -0.1259 0.2828 -0.9509
vn -0.1004 0.2859 -0.9530
vn -0.0536 0.2897 -0.9556
vn -0.1528 0.2081 -0.9661
vn -0.1597 0.1969 -0.9673
vn -0.1667 0.1878 -0.9680
vn -0.1232 0.2124 -0.9694
vn -0.1290 0.2014 -0.9710
vn -0.1349 0.1924 -0.9720
vn -0.0664 0.2176 -0.9738
vn -0.0699 0.2068 -0.9759
vn -0.0733 0.1979 -0.9775
vn 0.0154 0.2493 -0.9683
vn 0.0180 0.2355 -0.9717
vn 0.0163 0.2378 -0.9712
vn 0.0135 0.2522 -0.9676
vn 0.0157 0.2402 -0.9706
vn 0.0126 0.2552 -0.9668
vn 0.0162 0.2428 -0.9699
vn 0.0127 0.2583 -0.9660
vn 0.0180 0.2455 -0.9692
vn 0.0137 0.2615 -0.9651
vn 0.0199 0.2221 -0.9748
vn 0.0182 0.2235 -0.9745
vn 0.0179 0.2250 -0.9742
vn 0.0189 0.2268 -0.9738
vn 0.0214 0.2288 -0.9732
vn 0.0207 0.2089 -0.9777
vn 0.0191 0.2091 -0.9777
vn 0.0190 0.2094 -0.9776
vn 0.0205 0.2101 -0.9775
vn 0.0239 0.2113 -0.9771
vn 0.0102 0.2667 -0.9637
vn 0.0123 0.2636 -0.9646
vn 0.0064 0.2814 -0.9596
vn 0.0088 0.2781 -0.9605
vn 0.0024 0.2962 -0.9551
vn 0.0051 0.2930 -0.9561
vn -0.0019 0.3111 -0.9504
vn 0.0013 0.3082 -0.9513
vn 0.0090 0.2701 -0.9628
vn 0.0048 0.2849 -0.9586
vn 0.0002 0.2997 -0.9540
vn -0.0047 0.3145 -0.9493
vn 0.0085 0.2735 -0.9618
vn 0.0037 0.2886 -0.9574
vn -0.0016 0.3035 -0.9528
vn -0.0073 0.3183 -0.9480
vn 0.0087 0.2772 -0.9608
vn 0.0031 0.2925 -0.9563
vn -0.0031 0.3076 -0.9515
vn -0.0099 0.3225 -0.9465
vn 0.0153 0.2606 -0.9653
vn 0.0184 0.2466 -0.9689
vn 0.0195 0.2579 -0.9660
vn 0.0226 0.2441 -0.9695
vn 0.0251 0.2554 -0.9665
vn 0.0284 0.2417 -0.9699
vn 0.0324 0.2532 -0.9669
vn 0.0362 0.2396 -0.9702
vn 0.0120 0.2752 -0.9613
vn 0.0162 0.2725 -0.9620
vn 0.0216 0.2701 -0.9626
vn 0.0286 0.2680 -0.9630
vn 0.0085 0.2902 -0.9569
vn 0.0128 0.2878 -0.9576
vn 0.0181 0.2856 -0.9582
vn 0.0247 0.2838 -0.9586
vn 0.0050 0.3057 -0.9521
vn 0.0094 0.3036 -0.9528
vn 0.0146 0.3018 -0.9533
vn 0.0210 0.3003 -0.9536
vn 0.0210 0.2333 -0.9722
vn 0.0229 0.2207 -0.9751
vn 0.0239 0.2089 -0.9776
vn 0.0254 0.2312 -0.9726
vn 0.0275 0.2195 -0.9752
vn 0.0288 0.2089 -0.9775
vn 0.0315 0.2293 -0.9729
vn 0.0340 0.2182 -0.9753
vn 0.0359 0.2087 -0.9773
vn 0.0397 0.2274 -0.9730
vn 0.0429 0.2169 -0.9753
vn 0.0454 0.2082 -0.9770
vn -0.0458 0.2717 -0.9613
vn -0.0352 0.2526 -0.9669
vn -0.0647 0.2540 -0.9650
vn -0.0771 0.2741 -0.9586
vn -0.0968 0.2557 -0.9619
vn -0.1108 0.2765 -0.9546
vn -0.1295 0.2578 -0.9575
vn -0.1444 0.2792 -0.9493
vn -0.1607 0.2605 -0.9520
vn -0.1762 0.2822 -0.9430
vn -0.0247 0.2325 -0.9723
vn -0.0521 0.2329 -0.9711
vn -0.0824 0.2337 -0.9688
vn -0.1136 0.2351 -0.9653
vn -0.1440 0.2373 -0.9607
vn -0.0146 0.2113 -0.9773
vn -0.0394 0.2106 -0.9768
vn -0.0675 0.2104 -0.9753
vn -0.0970 0.2108 -0.9727
vn -0.1262 0.2123 -0.9690
vn -0.0894 0.2931 -0.9519
vn -0.0566 0.2901 -0.9553
vn -0.1014 0.3113 -0.9449
vn -0.0675 0.3077 -0.9491
vn -0.1132 0.3288 -0.9376
vn -0.0785 0.3247 -0.9426
vn -0.1248 0.3455 -0.9301
vn -0.0895 0.3411 -0.9357
vn -0.1242 0.2962 -0.9470
vn -0.1370 0.3149 -0.9392
vn -0.1493 0.3327 -0.9311
vn -0.1611 0.3497 -0.9229
vn -0.1585 0.2994 -0.9409
vn -0.1717 0.3185 -0.9323
vn -0.1842 0.3366 -0.9235
vn -0.1960 0.3538 -0.9145
vn -0.1906 0.3027 -0.9338
vn -0.2039 0.3221 -0.9245
vn -0.2163 0.3405 -0.9150
vn -0.2281 0.3581 -0.9054
vn -0.0285 0.2870 -0.9575
vn -0.0194 0.2694 -0.9628
vn -0.0075 0.2839 -0.9588
vn -0.0000 0.2671 -0.9637
vn 0.0050 0.2806 -0.9598
vn 0.0111 0.2645 -0.9643
vn -0.0380 0.3040 -0.9519
vn -0.0155 0.3002 -0.9538
vn -0.0017 0.2964 -0.9551
vn -0.0479 0.3205 -0.9461
vn -0.0242 0.3161 -0.9484
vn -0.0091 0.3118 -0.9501
vn -0.0582 0.3365 -0.9399
vn -0.0333 0.3318 -0.9428
vn -0.0170 0.3271 -0.9448
vn -0.0107 0.2512 -0.9679
vn -0.0024 0.2321 -0.9727
vn 0.0053 0.2120 -0.9773
vn 0.0069 0.2497 -0.9683
vn 0.0131 0.2316 -0.9727
vn 0.0186 0.2124 -0.9770
vn 0.0164 0.2479 -0.9687
vn 0.0210 0.2305 -0.9728
vn 0.0248 0.2122 -0.9769
vn -0.2492 0.3019 -0.9202
vn -0.2338 0.2808 -0.9309
vn -0.2429 0.2863 -0.9268
vn -0.2583 0.3069 -0.9160
vn -0.2497 0.2911 -0.9236
vn -0.2650 0.3111 -0.9127
vn -0.2540 0.2949 -0.9212
vn -0.2694 0.3144 -0.9103
vn -0.2557 0.2974 -0.9198
vn -0.2713 0.3166 -0.9089
vn -0.2168 0.2582 -0.9415
vn -0.2261 0.2641 -0.9376
vn -0.2330 0.2694 -0.9344
vn -0.2375 0.2737 -0.9320
vn -0.2395 0.2767 -0.9306
vn -0.1981 0.2335 -0.9520
vn -0.2076 0.2398 -0.9484
vn -0.2147 0.2456 -0.9453
vn -0.2195 0.2504 -0.9429
vn -0.2219 0.2540 -0.9414
vn -0.2725 0.3266 -0.9050
vn -0.2634 0.3220 -0.9094
vn -0.2859 0.3460 -0.8936
vn -0.2766 0.3414 -0.8983
vn -0.2989 0.3656 -0.8815
vn -0.2891 0.3608 -0.8867
vn -0.3119 0.3863 -0.8680
vn -0.3015 0.3805 -0.8742
vn -0.2794 0.3304 -0.9015
vn -0.2933 0.3495 -0.8899
vn -0.3070 0.3693 -0.8771
vn -0.3213 0.3914 -0.8623
vn -0.2843 0.3332 -0.8990
vn -0.2990 0.3516 -0.8871
vn -0.3138 0.3710 -0.8740
vn -0.3306 0.3954 -0.8570
vn -0.2870 0.3347 -0.8976
vn -0.3029 0.3520 -0.8856
vn -0.3192 0.3694 -0.8727
vn -0.3438 0.3971 -0.8509
vn -0.2517 0.3169 -0.9144
vn -0.2375 0.2966 -0.9250
vn -0.2367 0.3117 -0.9202
vn -0.2224 0.2912 -0.9305
vn -0.2170 0.3068 -0.9267
vn -0.2027 0.2862 -0.9365
vn -0.2648 0.3364 -0.9037
vn -0.2498 0.3313 -0.9099
vn -0.2303 0.3263 -0.9168
vn -0.2772 0.3555 -0.8926
vn -0.2622 0.3501 -0.8993
vn -0.2426 0.3450 -0.9067
vn -0.2892 0.3745 -0.8810
vn -0.2740 0.3686 -0.8883
vn -0.2543 0.3630 -0.8964
vn -0.2219 0.2751 -0.9355
vn -0.2048 0.2520 -0.9458
vn -0.1861 0.2270 -0.9560
vn -0.2067 0.2694 -0.9406
vn -0.1896 0.2461 -0.9505
vn -0.1708 0.2208 -0.9602
vn -0.1870 0.2643 -0.9461
vn -0.1699 0.2409 -0.9556
vn -0.1514 0.2156 -0.9647
vn -0.0187 0.3655 -0.9306
vn -0.0123 0.3517 -0.9360
vn -0.0176 0.3550 -0.9347
vn -0.0249 0.3692 -0.9290
vn -0.0231 0.3590 -0.9331
vn -0.0315 0.3738 -0.9270
vn -0.0291 0.3638 -0.9310
vn -0.0390 0.3792 -0.9245
vn -0.0358 0.3694 -0.9286
vn -0.0475 0.3856 -0.9214
vn -0.0071 0.3377 -0.9412
vn -0.0115 0.3406 -0.9401
vn -0.0160 0.3441 -0.9388
vn -0.0207 0.3484 -0.9371
vn -0.0259 0.3533 -0.9351
vn -0.0027 0.3232 -0.9463
vn -0.0064 0.3260 -0.9454
vn -0.0100 0.3293 -0.9442
vn -0.0136 0.3332 -0.9428
vn -0.0173 0.3377 -0.9411
vn -0.0336 0.3834 -0.9230
vn -0.0263 0.3790 -0.9250
vn -0.0438 0.3975 -0.9166
vn -0.0354 0.3925 -0.9191
vn -0.0555 0.4115 -0.9097
vn -0.0458 0.4061 -0.9127
vn -0.0686 0.4256 -0.9023
vn -0.0574 0.4199 -0.9058
vn -0.0416 0.3885 -0.9205
vn -0.0534 0.4032 -0.9135
vn -0.0667 0.4178 -0.9061
vn -0.0815 0.4323 -0.8981
vn -0.0507 0.3947 -0.9174
vn -0.0643 0.4100 -0.9098
vn -0.0796 0.4251 -0.9016
vn -0.0965 0.4399 -0.8928
vn -0.0611 0.4018 -0.9137
vn -0.0768 0.4179 -0.9052
vn -0.0945 0.4336 -0.8962
vn -0.1141 0.4487 -0.8864
vn -0.0197 0.3754 -0.9267
vn -0.0129 0.3623 -0.9320
vn -0.0135 0.3723 -0.9280
vn -0.0072 0.3597 -0.9330
vn -0.0075 0.3695 -0.9292
vn -0.0015 0.3575 -0.9339
vn -0.0016 0.3669 -0.9303
vn 0.0043 0.3554 -0.9347
vn -0.0278 0.3883 -0.9211
vn -0.0209 0.3846 -0.9228
vn -0.0146 0.3813 -0.9244
vn -0.0086 0.3780 -0.9258
vn -0.0372 0.4014 -0.9152
vn -0.0296 0.3971 -0.9173
vn -0.0229 0.3931 -0.9192
vn -0.0169 0.3890 -0.9211
vn -0.0478 0.4147 -0.9087
vn -0.0396 0.4099 -0.9113
vn -0.0325 0.4052 -0.9137
vn -0.0265 0.4004 -0.9160
vn -0.0072 0.3490 -0.9371
vn -0.0026 0.3353 -0.9421
vn 0.0014 0.3209 -0.9471
vn -0.0020 0.3468 -0.9379
vn 0.0023 0.3333 -0.9428
vn 0.0060 0.3190 -0.9477
vn 0.0034 0.3450 -0.9386
vn 0.0076 0.3317 -0.9433
vn 0.0112 0.3174 -0.9482
vn 0.0093 0.3433 -0.9392
vn 0.0135 0.3303 -0.9438
vn 0.0173 0.3161 -0.9486
vn -0.1270 0.3265 -0.9366
vn -0.1270 0.3186 -0.9393
vn -0.1198 0.3191 -0.9401
vn -0.1204 0.3271 -0.9373
vn -0.1019 0.3206 -0.9417
vn -0.1034 0.3289 -0.9387
vn -0.0769 0.3230 -0.9433
vn -0.0793 0.3316 -0.9401
vn -0.0476 0.3259 -0.9442
vn -0.0510 0.3348 -0.9409
vn -0.1279 0.3088 -0.9425
vn -0.1200 0.3090 -0.9435
vn -0.1013 0.3103 -0.9452
vn -0.0752 0.3124 -0.9470
vn -0.0449 0.3151 -0.9480
vn -0.1297 0.2964 -0.9462
vn -0.1211 0.2964 -0.9474
vn -0.1014 0.2974 -0.9493
vn -0.0742 0.2993 -0.9513
vn -0.0426 0.3018 -0.9524
vn -0.1219 0.3334 -0.9349
vn -0.1277 0.3325 -0.9344
vn -0.1244 0.3381 -0.9329
vn -0.1293 0.3370 -0.9326
vn -0.1277 0.3412 -0.9313
vn -0.1316 0.3399 -0.9312
vn -0.1319 0.3429 -0.9301
vn -0.1346 0.3414 -0.9302
vn -0.1058 0.3355 -0.9361
vn -0.1091 0.3404 -0.9339
vn -0.1134 0.3439 -0.9321
vn -0.1189 0.3459 -0.9307
vn -0.0826 0.3384 -0.9374
vn -0.0868 0.3437 -0.9351
vn -0.0922 0.3476 -0.9331
vn -0.0989 0.3501 -0.9315
vn -0.0552 0.3420 -0.9381
vn -0.0604 0.3477 -0.9357
vn -0.0668 0.3521 -0.9336
vn -0.0746 0.3552 -0.9318
vn -0.1195 0.3331 -0.9353
vn -0.1193 0.3272 -0.9374
vn -0.0942 0.3352 -0.9374
vn -0.0943 0.3294 -0.9395
vn -0.0502 0.3382 -0.9397
vn -0.0503 0.3325 -0.9418
vn -0.1203 0.3374 -0.9336
vn -0.0945 0.3393 -0.9359
vn -0.0503 0.3423 -0.9383
vn -0.1217 0.3402 -0.9324
vn -0.0952 0.3420 -0.9348
vn -0.0506 0.3449 -0.9373
vn -0.1237 0.3415 -0.9317
vn -0.0963 0.3432 -0.9343
vn -0.0509 0.3461 -0.9368
vn -0.1198 0.3196 -0.9400
vn -0.1211 0.3099 -0.9430
vn -0.1231 0.2979 -0.9466
vn -0.0950 0.3219 -0.9420
vn -0.0962 0.3125 -0.9450
vn -0.0979 0.3006 -0.9487
vn -0.0507 0.3252 -0.9443
vn -0.0513 0.3159 -0.9474
vn -0.0523 0.3042 -0.9512
vn -0.1411 0.4136 -0.8995
vn -0.1266 0.3945 -0.9101
vn -0.1620 0.3998 -0.9022
vn -0.1760 0.4193 -0.8906
vn -0.1978 0.4046 -0.8928
vn -0.2112 0.4243 -0.8805
vn -0.2321 0.4092 -0.8824
vn -0.2449 0.4290 -0.8694
vn -0.2636 0.4141 -0.8712
vn -0.2760 0.4339 -0.8577
vn -0.1133 0.3758 -0.9198
vn -0.1489 0.3808 -0.9126
vn -0.1851 0.3854 -0.9040
vn -0.2198 0.3899 -0.8943
vn -0.2515 0.3947 -0.8837
vn -0.1010 0.3579 -0.9283
vn -0.1366 0.3626 -0.9219
vn -0.1729 0.3670 -0.9140
vn -0.2078 0.3713 -0.9050
vn -0.2397 0.3759 -0.8951
vn -0.1912 0.4389 -0.8780
vn -0.1570 0.4328 -0.8877
vn -0.2077 0.4582 -0.8643
vn -0.1747 0.4516 -0.8749
vn -0.2258 0.4767 -0.8496
vn -0.1942 0.4698 -0.8612
vn -0.2457 0.4941 -0.8340
vn -0.2157 0.4868 -0.8465
vn -0.2255 0.4442 -0.8671
vn -0.2407 0.4637 -0.8527
vn -0.2572 0.4825 -0.8373
vn -0.2752 0.5002 -0.8210
vn -0.2583 0.4489 -0.8554
vn -0.2724 0.4685 -0.8404
vn -0.2874 0.4873 -0.8246
vn -0.3035 0.5051 -0.8079
vn -0.2887 0.4536 -0.8432
vn -0.3018 0.4730 -0.8278
vn -0.3155 0.4916 -0.8117
vn -0.3297 0.5092 -0.7950
vn -0.1252 0.4258 -0.8961
vn -0.1087 0.4071 -0.9069
vn -0.0976 0.4179 -0.9032
vn -0.0813 0.4000 -0.9129
vn -0.0759 0.4098 -0.9090
vn -0.0606 0.3927 -0.9177
vn -0.1435 0.4440 -0.8844
vn -0.1159 0.4356 -0.8927
vn -0.0934 0.4266 -0.8996
vn -0.1639 0.4616 -0.8718
vn -0.1365 0.4525 -0.8812
vn -0.1131 0.4429 -0.8894
vn -0.1865 0.4781 -0.8582
vn -0.1592 0.4685 -0.8690
vn -0.1348 0.4585 -0.8784
vn -0.0941 0.3886 -0.9166
vn -0.0809 0.3704 -0.9254
vn -0.0690 0.3529 -0.9331
vn -0.0670 0.3822 -0.9217
vn -0.0544 0.3646 -0.9296
vn -0.0433 0.3478 -0.9366
vn -0.0473 0.3756 -0.9256
vn -0.0358 0.3589 -0.9327
vn -0.0258 0.3426 -0.9391
vn -0.1518 0.3868 -0.9096
vn -0.1477 0.3670 -0.9184
vn -0.1497 0.3683 -0.9176
vn -0.1555 0.3875 -0.9086
vn -0.1415 0.3713 -0.9177
vn -0.1491 0.3900 -0.9087
vn -0.1262 0.3757 -0.9181
vn -0.1355 0.3938 -0.9091
vn -0.1063 0.3814 -0.9183
vn -0.1173 0.3990 -0.9094
vn -0.1431 0.3530 -0.9246
vn -0.1434 0.3546 -0.9240
vn -0.1335 0.3578 -0.9242
vn -0.1164 0.3625 -0.9247
vn -0.0949 0.3684 -0.9248
vn -0.1385 0.3446 -0.9285
vn -0.1372 0.3463 -0.9280
vn -0.1257 0.3495 -0.9285
vn -0.1070 0.3540 -0.9291
vn -0.0840 0.3597 -0.9293
vn -0.1599 0.4122 -0.8970
vn -0.1547 0.4122 -0.8979
vn -0.1621 0.4419 -0.8823
vn -0.1555 0.4429 -0.8830
vn -0.1611 0.4760 -0.8646
vn -0.1534 0.4782 -0.8647
vn -0.1561 0.5136 -0.8437
vn -0.1478 0.5171 -0.8431
vn -0.1553 0.4137 -0.8971
vn -0.1591 0.4422 -0.8827
vn -0.1596 0.4749 -0.8654
vn -0.1558 0.5109 -0.8454
vn -0.1435 0.4167 -0.8977
vn -0.1491 0.4439 -0.8836
vn -0.1512 0.4749 -0.8669
vn -0.1490 0.5090 -0.8478
vn -0.1270 0.4208 -0.8982
vn -0.1343 0.4466 -0.8846
vn -0.1382 0.4758 -0.8686
vn -0.1377 0.5078 -0.8504
vn -0.1366 0.4139 -0.9000
vn -0.1350 0.3877 -0.9118
vn -0.1035 0.4169 -0.9031
vn -0.1028 0.3902 -0.9150
vn -0.0549 0.4205 -0.9056
vn -0.0542 0.3935 -0.9177
vn -0.1365 0.4454 -0.8849
vn -0.1031 0.4491 -0.8875
vn -0.0550 0.4531 -0.8898
vn -0.1341 0.4817 -0.8660
vn -0.1011 0.4859 -0.8681
vn -0.0544 0.4902 -0.8699
vn -0.1286 0.5215 -0.8435
vn -0.0970 0.5263 -0.8448
vn -0.0528 0.5309 -0.8458
vn -0.1324 0.3674 -0.9206
vn -0.1294 0.3531 -0.9266
vn -0.1263 0.3446 -0.9302
vn -0.1013 0.3695 -0.9237
vn -0.0995 0.3550 -0.9296
vn -0.0977 0.3463 -0.9330
vn -0.0534 0.3726 -0.9265
vn -0.0524 0.3579 -0.9323
vn -0.0515 0.3491 -0.9357
vn -0.1082 0.4757 -0.8730
vn -0.0955 0.4614 -0.8820
vn -0.1107 0.4672 -0.8772
vn -0.1245 0.4812 -0.8677
vn -0.1290 0.4734 -0.8714
vn -0.1444 0.4871 -0.8613
vn -0.1510 0.4802 -0.8640
vn -0.1685 0.4934 -0.8533
vn -0.1771 0.4879 -0.8547
vn -0.1972 0.5003 -0.8431
vn -0.0827 0.4475 -0.8905
vn -0.0966 0.4534 -0.8861
vn -0.1132 0.4599 -0.8807
vn -0.1329 0.4672 -0.8741
vn -0.1562 0.4756 -0.8657
vn -0.0699 0.4337 -0.8984
vn -0.0824 0.4396 -0.8944
vn -0.0972 0.4463 -0.8896
vn -0.1146 0.4539 -0.8836
vn -0.1349 0.4627 -0.8762
vn -0.1380 0.4957 -0.8575
vn -0.1206 0.4903 -0.8632
vn -0.1513 0.5110 -0.8462
vn -0.1330 0.5055 -0.8525
vn -0.1648 0.5271 -0.8337
vn -0.1457 0.5213 -0.8409
vn -0.1790 0.5444 -0.8195
vn -0.1592 0.5379 -0.8279
vn -0.1593 0.5014 -0.8504
vn -0.1738 0.5165 -0.8384
vn -0.1881 0.5329 -0.8250
vn -0.2030 0.5509 -0.8095
vn -0.1851 0.5073 -0.8417
vn -0.2011 0.5222 -0.8288
vn -0.2164 0.5386 -0.8143
vn -0.2318 0.5570 -0.7975
vn -0.2162 0.5134 -0.8305
vn -0.2338 0.5278 -0.8166
vn -0.2502 0.5439 -0.8010
vn -0.2658 0.5624 -0.7830
vn -0.1070 0.4850 -0.8680
vn -0.0952 0.4703 -0.8774
vn -0.0967 0.4797 -0.8721
vn -0.0852 0.4650 -0.8812
vn -0.0896 0.4742 -0.8758
vn -0.0781 0.4594 -0.8848
vn -0.0856 0.4685 -0.8793
vn -0.0738 0.4534 -0.8882
vn -0.1187 0.5000 -0.8578
vn -0.1080 0.4947 -0.8624
vn -0.1007 0.4893 -0.8663
vn -0.0967 0.4839 -0.8698
vn -0.1307 0.5155 -0.8469
vn -0.1193 0.5099 -0.8519
vn -0.1114 0.5046 -0.8562
vn -0.1070 0.4995 -0.8597
vn -0.1433 0.5314 -0.8349
vn -0.1310 0.5254 -0.8407
vn -0.1220 0.5199 -0.8455
vn -0.1163 0.5152 -0.8492
vn -0.0833 0.4560 -0.8861
vn -0.0712 0.4420 -0.8942
vn -0.0593 0.4282 -0.9017
vn -0.0736 0.4506 -0.8897
vn -0.0619 0.4366 -0.8975
vn -0.0505 0.4230 -0.9047
vn -0.0664 0.4450 -0.8931
vn -0.0547 0.4311 -0.9006
vn -0.0432 0.4178 -0.9075
vn -0.0616 0.4390 -0.8964
vn -0.0493 0.4252 -0.9037
vn -0.0375 0.4123 -0.9103
vn -0.0933 0.6325 -0.7689
vn -0.1098 0.6108 -0.7841
vn -0.1173 0.6053 -0.7873
vn -0.0999 0.6269 -0.7727
vn -0.1187 0.5997 -0.7914
vn -0.1014 0.6211 -0.7772
vn -0.1154 0.5940 -0.7961
vn -0.0989 0.6150 -0.7823
vn -0.1088 0.5884 -0.8013
vn -0.0937 0.6087 -0.7879
vn -0.1251 0.5849 -0.8014
vn -0.1332 0.5797 -0.8039
vn -0.1343 0.5746 -0.8073
vn -0.1300 0.5698 -0.8114
vn -0.1220 0.5652 -0.8159
vn -0.1382 0.5540 -0.8210
vn -0.1466 0.5494 -0.8226
vn -0.1471 0.5453 -0.8252
vn -0.1417 0.5418 -0.8285
vn -0.1320 0.5386 -0.8322
vn -0.0821 0.6450 -0.7597
vn -0.0765 0.6505 -0.7557
vn -0.0650 0.6599 -0.7485
vn -0.0605 0.6650 -0.7444
vn -0.0496 0.6717 -0.7391
vn -0.0461 0.6762 -0.7353
vn -0.0371 0.6804 -0.7319
vn -0.0344 0.6840 -0.7286
vn -0.0836 0.6392 -0.7645
vn -0.0664 0.6544 -0.7533
vn -0.0510 0.6667 -0.7435
vn -0.0384 0.6764 -0.7355
vn -0.0819 0.6330 -0.7698
vn -0.0654 0.6484 -0.7585
vn -0.0505 0.6613 -0.7484
vn -0.0384 0.6720 -0.7395
vn -0.0779 0.6264 -0.7756
vn -0.0625 0.6420 -0.7642
vn -0.0486 0.6555 -0.7536
vn -0.0374 0.6674 -0.7437
vn -0.0662 0.6553 -0.7524
vn -0.0806 0.6377 -0.7661
vn -0.0506 0.6594 -0.7500
vn -0.0613 0.6423 -0.7640
vn -0.0300 0.6626 -0.7484
vn -0.0354 0.6459 -0.7626
vn -0.0524 0.6694 -0.7411
vn -0.0404 0.6730 -0.7385
vn -0.0247 0.6757 -0.7368
vn -0.0401 0.6800 -0.7321
vn -0.0313 0.6831 -0.7296
vn -0.0199 0.6853 -0.7280
vn -0.0300 0.6871 -0.7259
vn -0.0238 0.6895 -0.7239
vn -0.0160 0.6912 -0.7225
vn -0.0950 0.6162 -0.7818
vn -0.1084 0.5903 -0.7999
vn -0.1199 0.5591 -0.8204
vn -0.0719 0.6212 -0.7804
vn -0.0818 0.5955 -0.7992
vn -0.0904 0.5643 -0.8206
vn -0.0408 0.6252 -0.7794
vn -0.0457 0.5999 -0.7988
vn -0.0499 0.5689 -0.8209
vn -0.1394 0.1509 -0.9787
vn -0.1249 0.1353 -0.9829
vn -0.1252 0.1382 -0.9825
vn -0.1400 0.1533 -0.9782
vn -0.1244 0.1411 -0.9822
vn -0.1392 0.1559 -0.9779
vn -0.1217 0.1439 -0.9821
vn -0.1365 0.1583 -0.9779
vn -0.1112 0.1209 -0.9864
vn -0.1114 0.1240 -0.9860
vn -0.1103 0.1271 -0.9857
vn -0.1076 0.1302 -0.9856
vn -0.0984 0.1074 -0.9893
vn -0.0983 0.1105 -0.9890
vn -0.0970 0.1138 -0.9888
vn -0.0943 0.1171 -0.9886
vn -0.1562 0.1702 -0.9730
vn -0.1552 0.1681 -0.9735
vn -0.1746 0.1894 -0.9663
vn -0.1726 0.1875 -0.9670
vn -0.1955 0.2112 -0.9577
vn -0.1920 0.2091 -0.9589
vn -0.2196 0.2361 -0.9466
vn -0.2137 0.2333 -0.9486
vn -0.1559 0.1724 -0.9726
vn -0.1750 0.1915 -0.9658
vn -0.1974 0.2138 -0.9567
vn -0.2247 0.2404 -0.9443
vn -0.1533 0.1745 -0.9727
vn -0.1727 0.1931 -0.9659
vn -0.1961 0.2155 -0.9566
vn -0.2291 0.2458 -0.9419
vn -0.1535 0.1664 -0.9740
vn -0.1381 0.1486 -0.9792
vn -0.1517 0.1645 -0.9746
vn -0.1362 0.1462 -0.9798
vn -0.1495 0.1620 -0.9754
vn -0.1338 0.1432 -0.9806
vn -0.1703 0.1862 -0.9676
vn -0.1684 0.1849 -0.9682
vn -0.1664 0.1829 -0.9689
vn -0.1887 0.2080 -0.9598
vn -0.1864 0.2073 -0.9604
vn -0.1846 0.2059 -0.9610
vn -0.2088 0.2322 -0.9500
vn -0.2059 0.2319 -0.9507
vn -0.2041 0.2311 -0.9513
vn -0.1237 0.1325 -0.9834
vn -0.1102 0.1178 -0.9869
vn -0.0977 0.1042 -0.9898
vn -0.1218 0.1296 -0.9841
vn -0.1085 0.1146 -0.9875
vn -0.0962 0.1009 -0.9902
vn -0.1193 0.1263 -0.9848
vn -0.1060 0.1112 -0.9881
vn -0.0942 0.0977 -0.9907
vn -0.3160 0.5335 -0.7845
vn -0.2897 0.5240 -0.8009
vn -0.3154 0.5326 -0.7854
vn -0.3413 0.5423 -0.7677
vn -0.3389 0.5404 -0.7701
vn -0.3634 0.5505 -0.7516
vn -0.3599 0.5469 -0.7558
vn -0.3822 0.5575 -0.7370
vn -0.3782 0.5519 -0.7432
vn -0.3976 0.5631 -0.7244
vn -0.2639 0.5136 -0.8164
vn -0.2907 0.5219 -0.8019
vn -0.3160 0.5291 -0.7875
vn -0.3395 0.5349 -0.7737
vn -0.3606 0.5393 -0.7610
vn -0.2391 0.5015 -0.8315
vn -0.2674 0.5093 -0.8180
vn -0.2948 0.5159 -0.8043
vn -0.3208 0.5211 -0.7909
vn -0.3446 0.5251 -0.7781
vn -0.3675 0.5514 -0.7489
vn -0.3419 0.5429 -0.7670
vn -0.3930 0.5611 -0.7285
vn -0.3664 0.5531 -0.7482
vn -0.4173 0.5730 -0.7054
vn -0.3891 0.5655 -0.7272
vn -0.4404 0.5888 -0.6777
vn -0.4096 0.5813 -0.7031
vn -0.3887 0.5597 -0.7318
vn -0.4141 0.5693 -0.7102
vn -0.4389 0.5811 -0.6853
vn -0.4637 0.5976 -0.6541
vn -0.4056 0.5672 -0.7168
vn -0.4295 0.5768 -0.6949
vn -0.4541 0.5886 -0.6688
vn -0.4185 0.5731 -0.7046
vn -0.4396 0.5825 -0.6837
vn -0.4614 0.5933 -0.6597
vn -0.3128 0.5348 -0.7849
vn -0.2881 0.5248 -0.8010
vn -0.2819 0.5271 -0.8016
vn -0.2587 0.5161 -0.8165
vn -0.2496 0.5200 -0.8169
vn -0.2283 0.5079 -0.8306
vn -0.3358 0.5459 -0.7676
vn -0.3032 0.5394 -0.7855
vn -0.2690 0.5334 -0.8019
vn -0.3565 0.5592 -0.7484
vn -0.3222 0.5538 -0.7678
vn -0.2866 0.5488 -0.7852
vn -0.3747 0.5756 -0.7268
vn -0.3389 0.5711 -0.7477
vn -0.3025 0.5669 -0.7662
vn -0.2623 0.5149 -0.8161
vn -0.2364 0.5044 -0.8305
vn -0.2109 0.4925 -0.8444
vn -0.2342 0.5055 -0.8304
vn -0.2089 0.4947 -0.8436
vn -0.1837 0.4827 -0.8563
vn -0.2056 0.4964 -0.8434
vn -0.1820 0.4849 -0.8554
vn -0.1581 0.4725 -0.8670
vn -0.0181 0.7097 -0.7043
vn -0.0181 0.7032 -0.7108
vn -0.0199 0.7030 -0.7109
vn -0.0202 0.7106 -0.7033
vn -0.0215 0.7028 -0.7111
vn -0.0219 0.7119 -0.7020
vn -0.0206 0.6966 -0.7172
vn -0.0225 0.6952 -0.7184
vn -0.0238 0.6937 -0.7198
vn -0.0246 0.6923 -0.7212
vn -0.0225 0.7029 -0.7110
vn -0.0249 0.6908 -0.7226
vn -0.0233 0.7031 -0.7107
vn -0.0259 0.6902 -0.7232
vn -0.0281 0.6877 -0.7255
vn -0.0293 0.6849 -0.7281
vn -0.0297 0.6819 -0.7308
vn -0.0295 0.6788 -0.7337
vn -0.0158 0.7090 -0.7050
vn -0.0177 0.7142 -0.6997
vn -0.0146 0.7131 -0.7009
vn -0.0132 0.7087 -0.7054
vn -0.0112 0.7126 -0.7015
vn -0.0104 0.7085 -0.7056
vn -0.0158 0.7035 -0.7105
vn -0.0180 0.6978 -0.7160
vn -0.0227 0.6924 -0.7212
vn -0.0132 0.7038 -0.7103
vn -0.0149 0.6989 -0.7151
vn -0.0184 0.6941 -0.7197
vn -0.0104 0.7041 -0.7101
vn -0.0113 0.6996 -0.7145
vn -0.0131 0.6953 -0.7186
vn -0.2313 0.6038 -0.7628
vn -0.2099 0.5873 -0.7817
vn -0.2327 0.5974 -0.7675
vn -0.2560 0.6151 -0.7457
vn -0.2579 0.6075 -0.7513
vn -0.2822 0.6265 -0.7266
vn -0.2857 0.6169 -0.7334
vn -0.3101 0.6371 -0.7056
vn -0.3164 0.6246 -0.7140
vn -0.3398 0.6460 -0.6835
vn -0.1909 0.5710 -0.7984
vn -0.2124 0.5798 -0.7866
vn -0.2370 0.5885 -0.7729
vn -0.2653 0.5966 -0.7574
vn -0.2974 0.6033 -0.7400
vn -0.1742 0.5546 -0.8137
vn -0.1947 0.5622 -0.8038
vn -0.2190 0.5697 -0.7921
vn -0.2477 0.5766 -0.7786
vn -0.2811 0.5825 -0.7627
vn -0.2816 0.6324 -0.7216
vn -0.2545 0.6205 -0.7417
vn -0.3075 0.6491 -0.6958
vn -0.2779 0.6374 -0.7187
vn -0.3312 0.6655 -0.6689
vn -0.2994 0.6551 -0.6937
vn -0.3494 0.6818 -0.6427
vn -0.3163 0.6739 -0.6677
vn -0.3092 0.6445 -0.6992
vn -0.3370 0.6610 -0.6705
vn -0.3378 0.6559 -0.6751
vn -0.3672 0.6655 -0.6499
vn -0.2281 0.6097 -0.7591
vn -0.2082 0.5935 -0.7774
vn -0.2025 0.6007 -0.7734
vn -0.1865 0.5848 -0.7894
vn -0.1776 0.5940 -0.7846
vn -0.1661 0.5783 -0.7988
vn -0.1531 0.5901 -0.7927
vn -0.1467 0.5744 -0.8053
vn -0.2482 0.6268 -0.7386
vn -0.2184 0.6179 -0.7553
vn -0.1887 0.6112 -0.7686
vn -0.1590 0.6073 -0.7784
vn -0.2667 0.6455 -0.7157
vn -0.2330 0.6372 -0.7346
vn -0.1987 0.6308 -0.7501
vn -0.1642 0.6266 -0.7618
vn -0.2813 0.6663 -0.6906
vn -0.2446 0.6594 -0.7109
vn -0.2066 0.6536 -0.7281
vn -0.1680 0.6492 -0.7418
vn -0.1895 0.5779 -0.7938
vn -0.1725 0.5626 -0.8085
vn -0.1572 0.5473 -0.8221
vn -0.1712 0.5698 -0.8038
vn -0.1568 0.5552 -0.8168
vn -0.1434 0.5405 -0.8290
vn -0.1547 0.5635 -0.8115
vn -0.1436 0.5492 -0.8233
vn -0.1327 0.5348 -0.8345
vn -0.1398 0.5595 -0.8169
vn -0.1326 0.5450 -0.8279
vn -0.1248 0.5304 -0.8385
vn -0.1800 0.0614 -0.9818
vn -0.1469 0.0381 -0.9884
vn -0.1159 0.0385 -0.9925
vn -0.1477 0.0621 -0.9871
vn -0.1262 0.0224 -0.9918
vn -0.0970 0.0239 -0.9950
vn -0.1097 0.0119 -0.9939
vn -0.0814 0.0152 -0.9966
vn -0.1258 0.0085 -0.9920
vn -0.3227 0.1190 -0.9390
vn -0.3138 0.1299 -0.9406
vn -0.3419 0.1387 -0.9294
vn -0.3478 0.1264 -0.9290
vn -0.1958 0.0928 -0.9762
vn -0.2252 0.0890 -0.9702
vn -0.1949 0.2164 -0.9567
vn -0.1894 0.2221 -0.9565
vn -0.2080 0.2327 -0.9500
vn -0.2133 0.2274 -0.9502
vn -0.2225 0.2404 -0.9448
vn -0.2273 0.2354 -0.9449
vn -0.2327 0.2449 -0.9412
vn -0.2366 0.2402 -0.9414
vn -0.2370 0.2451 -0.9401
vn -0.2411 0.2409 -0.9401
vn -0.1867 0.2279 -0.9556
vn -0.2057 0.2385 -0.9491
vn -0.2208 0.2461 -0.9438
vn -0.2317 0.2503 -0.9400
vn -0.2358 0.2504 -0.9390
vn -0.1864 0.2334 -0.9544
vn -0.2057 0.2442 -0.9477
vn -0.2213 0.2518 -0.9421
vn -0.2326 0.2561 -0.9382
vn -0.2367 0.2561 -0.9372
vn -0.2224 0.2228 -0.9492
vn -0.2040 0.2111 -0.9560
vn -0.2362 0.2191 -0.9467
vn -0.2173 0.2064 -0.9540
vn -0.2555 0.2162 -0.9423
vn -0.2357 0.2024 -0.9505
vn -0.2811 0.2135 -0.9356
vn -0.2600 0.1986 -0.9450
vn -0.2359 0.2314 -0.9438
vn -0.2494 0.2285 -0.9411
vn -0.2687 0.2265 -0.9362
vn -0.2945 0.2248 -0.9288
vn -0.2443 0.2367 -0.9404
vn -0.2568 0.2344 -0.9376
vn -0.2752 0.2332 -0.9327
vn -0.3005 0.2323 -0.9251
vn -0.2492 0.2378 -0.9388
vn -0.2624 0.2362 -0.9356
vn -0.2818 0.2357 -0.9301
vn -0.3083 0.2351 -0.9218
vn -0.1816 0.1972 -0.9634
vn -0.1729 0.2030 -0.9638
vn -0.1567 0.1820 -0.9707
vn -0.1485 0.1879 -0.9709
vn -0.1302 0.1658 -0.9775
vn -0.1224 0.1715 -0.9775
vn -0.1034 0.1491 -0.9834
vn -0.0958 0.1543 -0.9834
vn -0.1940 0.1917 -0.9621
vn -0.1682 0.1760 -0.9699
vn -0.1408 0.1597 -0.9771
vn -0.1132 0.1434 -0.9832
vn -0.2109 0.1865 -0.9595
vn -0.1835 0.1701 -0.9682
vn -0.1547 0.1534 -0.9760
vn -0.1258 0.1372 -0.9825
vn -0.2332 0.1816 -0.9553
vn -0.2036 0.1642 -0.9652
vn -0.1725 0.1470 -0.9740
vn -0.1674 0.2089 -0.9635
vn -0.1645 0.2146 -0.9628
vn -0.1638 0.2198 -0.9617
vn -0.1429 0.1937 -0.9706
vn -0.1398 0.1990 -0.9700
vn -0.1388 0.2036 -0.9692
vn -0.1169 0.1769 -0.9773
vn -0.1135 0.1816 -0.9768
vn -0.1120 0.1855 -0.9762
vn -0.0902 0.1588 -0.9832
vn -0.0864 0.1627 -0.9829
vn -0.0845 0.1656 -0.9826
vn -0.0346 0.1129 -0.9930
vn -0.0429 0.1187 -0.9920
vn -0.0496 0.1155 -0.9921
vn -0.0410 0.1102 -0.9931
vn -0.0579 0.1115 -0.9921
vn -0.0488 0.1067 -0.9931
vn -0.0677 0.1067 -0.9920
vn -0.0580 0.1025 -0.9930
vn -0.0553 0.1272 -0.9903
vn -0.0623 0.1234 -0.9904
vn -0.0710 0.1188 -0.9904
vn -0.0816 0.1135 -0.9902
vn -0.0725 0.1388 -0.9877
vn -0.0798 0.1343 -0.9877
vn -0.0891 0.1292 -0.9876
vn -0.1006 0.1234 -0.9872
vn -0.0364 0.1073 -0.9936
vn -0.0300 0.1096 -0.9935
vn -0.0357 0.1071 -0.9936
vn -0.0291 0.1089 -0.9936
vn -0.0396 0.1100 -0.9931
vn -0.0322 0.1113 -0.9933
vn -0.0490 0.1169 -0.9919
vn -0.0402 0.1175 -0.9923
vn -0.0440 0.1045 -0.9936
vn -0.0436 0.1049 -0.9935
vn -0.0484 0.1088 -0.9929
vn -0.0603 0.1173 -0.9913
vn -0.0527 0.1008 -0.9935
vn -0.0523 0.1020 -0.9934
vn -0.0582 0.1070 -0.9925
vn -0.0752 0.1191 -0.9900
vn -0.0250 0.1113 -0.9935
vn -0.0294 0.1149 -0.9929
vn -0.0212 0.1124 -0.9934
vn -0.0254 0.1161 -0.9929
vn -0.0188 0.1129 -0.9934
vn -0.0228 0.1167 -0.9929
vn -0.0178 0.1130 -0.9934
vn -0.0215 0.1165 -0.9930
vn -0.0240 0.1105 -0.9936
vn -0.0205 0.1117 -0.9935
vn -0.0185 0.1125 -0.9935
vn -0.0178 0.1128 -0.9935
vn -0.0269 0.1128 -0.9933
vn -0.0235 0.1143 -0.9932
vn -0.0220 0.1156 -0.9931
vn -0.0219 0.1165 -0.9930
vn -0.0343 0.1190 -0.9923
vn -0.0311 0.1209 -0.9922
vn -0.0301 0.1228 -0.9920
vn -0.0375 0.1211 -0.9919
vn -0.0497 0.1302 -0.9902
vn -0.0668 0.1425 -0.9875
vn -0.0334 0.1227 -0.9919
vn -0.0456 0.1324 -0.9902
vn -0.0628 0.1454 -0.9874
vn -0.0306 0.1235 -0.9919
vn -0.0429 0.1337 -0.9901
vn -0.0604 0.1475 -0.9872
vn -0.0293 0.1235 -0.9919
vn -0.0417 0.1341 -0.9901
vn -0.0596 0.1486 -0.9871
vn -0.0323 0.1077 -0.9937
vn -0.0276 0.1112 -0.9934
vn -0.0251 0.1081 -0.9938
vn -0.0304 0.1048 -0.9940
vn -0.0267 0.1091 -0.9937
vn -0.0326 0.1062 -0.9938
vn -0.0325 0.1142 -0.9929
vn -0.0388 0.1117 -0.9930
vn -0.0240 0.1138 -0.9932
vn -0.0210 0.1106 -0.9936
vn -0.0220 0.1112 -0.9936
vn -0.0273 0.1159 -0.9929
vn -0.0219 0.1156 -0.9930
vn -0.0184 0.1122 -0.9935
vn -0.0189 0.1125 -0.9935
vn -0.0236 0.1167 -0.9929
vn -0.0363 0.1011 -0.9942
vn -0.0374 0.1037 -0.9939
vn -0.0423 0.0969 -0.9944
vn -0.0426 0.0992 -0.9942
vn -0.0480 0.0923 -0.9946
vn -0.0474 0.0941 -0.9944
vn -0.0391 0.1028 -0.9939
vn -0.0457 0.0990 -0.9940
vn -0.0520 0.0949 -0.9941
vn -0.0457 0.1087 -0.9930
vn -0.0528 0.1053 -0.9930
vn -0.0595 0.1016 -0.9930
vn -0.0427 0.1109 -0.9929
vn -0.0384 0.1150 -0.9926
vn -0.0526 0.1229 -0.9910
vn -0.0493 0.1269 -0.9907
vn -0.0675 0.1401 -0.9878
vn -0.0656 0.1438 -0.9874
vn -0.0469 0.1061 -0.9932
vn -0.0555 0.1180 -0.9915
vn -0.0688 0.1353 -0.9884
vn -0.0505 0.1006 -0.9936
vn -0.0577 0.1122 -0.9920
vn -0.0691 0.1291 -0.9892
vn -0.0344 0.1184 -0.9924
vn -0.0313 0.1210 -0.9922
vn -0.0295 0.1227 -0.9920
vn -0.0461 0.1301 -0.9904
vn -0.0435 0.1323 -0.9902
vn -0.0420 0.1337 -0.9901
vn -0.0634 0.1465 -0.9872
vn -0.0615 0.1481 -0.9871
vn -0.0601 0.1488 -0.9870
vn -0.3256 0.6930 -0.6433
vn -0.2892 0.6879 -0.6657
vn -0.2884 0.7080 -0.6446
vn -0.2496 0.7051 -0.6638
vn -0.2506 0.6829 -0.6862
vn -0.2406 0.7241 -0.6463
vn -0.2017 0.7222 -0.6616
vn -0.2091 0.7015 -0.6813
vn -0.2104 0.6781 -0.7042
vn -0.1616 0.7189 -0.6760
vn -0.1676 0.6973 -0.6969
vn -0.1695 0.6736 -0.7194
vn -0.4414 0.6196 -0.6490
vn -0.4022 0.6142 -0.6790
vn -0.3896 0.5941 -0.7037
vn -0.4273 0.5997 -0.6767
vn -0.4154 0.6354 -0.6510
vn -0.3808 0.6332 -0.6738
vn -0.3656 0.6111 -0.7021
vn -0.3529 0.5904 -0.7258
vn -0.4025 0.6557 -0.6388
vn -0.3705 0.6524 -0.6611
vn -0.3480 0.6300 -0.6943
vn -0.3311 0.6080 -0.7216
vn -0.3169 0.5870 -0.7450
vn -0.3980 0.6725 -0.6240
vn -0.2782 0.3070 -0.9102
vn -0.2763 0.3106 -0.9095
vn -0.2609 0.2945 -0.9193
vn -0.2680 0.2944 -0.9173
vn -0.2450 0.2759 -0.9294
vn -0.2528 0.2765 -0.9272
vn -0.2281 0.2554 -0.9396
vn -0.2346 0.2564 -0.9377
vn -0.2740 0.3145 -0.9089
vn -0.2576 0.2966 -0.9196
vn -0.2415 0.2770 -0.9300
vn -0.2247 0.2557 -0.9403
vn -0.2722 0.3168 -0.9086
vn -0.2562 0.2980 -0.9195
vn -0.2401 0.2778 -0.9301
vn -0.2231 0.2557 -0.9407
vn -0.2803 0.2988 -0.9122
vn -0.2904 0.3140 -0.9039
vn -0.2949 0.3063 -0.9051
vn -0.3065 0.3229 -0.8954
vn -0.3097 0.3145 -0.8973
vn -0.3232 0.3319 -0.8862
vn -0.3254 0.3232 -0.8886
vn -0.3403 0.3406 -0.8765
vn -0.2639 0.2804 -0.9229
vn -0.2760 0.2871 -0.9173
vn -0.2885 0.2951 -0.9109
vn -0.3023 0.3037 -0.9035
vn -0.2434 0.2600 -0.9344
vn -0.2523 0.2659 -0.9304
vn -0.2615 0.2731 -0.9257
vn -0.2717 0.2813 -0.9203
vn -0.2927 0.3242 -0.8996
vn -0.2911 0.3306 -0.8978
vn -0.2887 0.3341 -0.8972
vn -0.3103 0.3358 -0.8894
vn -0.3088 0.3446 -0.8865
vn -0.3057 0.3499 -0.8855
vn -0.3279 0.3460 -0.8791
vn -0.3264 0.3566 -0.8754
vn -0.3229 0.3644 -0.8735
vn -0.3461 0.3552 -0.8684
vn -0.3454 0.3676 -0.8635
vn -0.3435 0.3797 -0.8590
vn 0.2191 0.0501 -0.9744
vn 0.2267 0.0483 -0.9728
vn 0.2570 0.0378 -0.9657
vn 0.2497 0.0398 -0.9675
vn -0.4425 0.5678 -0.6942
vn -0.4348 0.5684 -0.6985
vn -0.4227 0.5583 -0.7139
vn -0.4373 0.5611 -0.7028
vn -0.4122 0.5470 -0.7286
vn -0.4294 0.5515 -0.7152
vn -0.4017 0.5353 -0.7431
vn -0.4193 0.5411 -0.7290
vn -0.3903 0.5224 -0.7581
vn -0.4077 0.5296 -0.7438
vn -0.4235 0.5685 -0.7053
vn -0.4084 0.5569 -0.7232
vn -0.3956 0.5444 -0.7397
vn -0.3840 0.5313 -0.7551
vn -0.3722 0.5170 -0.7708
vn -0.4109 0.5668 -0.7141
vn -0.3939 0.5551 -0.7326
vn -0.3790 0.5422 -0.7499
vn -0.3656 0.5282 -0.7664
vn -0.3526 0.5128 -0.7827
vn -0.4524 0.5664 -0.6889
vn -0.4544 0.5733 -0.6818
vn -0.4456 0.5579 -0.7002
vn -0.4357 0.5486 -0.7136
vn -0.4498 0.5568 -0.6983
vn -0.4599 0.5651 -0.6850
vn -0.4238 0.5384 -0.7284
vn -0.4377 0.5479 -0.7129
vn -0.4493 0.5770 -0.6820
vn -0.4402 0.5781 -0.6870
vn -0.4294 0.5768 -0.6949
vn -0.4647 0.5843 -0.6653
vn -0.4570 0.5862 -0.6690
vn -0.4480 0.5856 -0.6755
vn -0.4668 0.5945 -0.6547
vn -0.3535 0.4624 -0.8132
vn -0.3400 0.4421 -0.8300
vn -0.3525 0.4512 -0.8199
vn -0.3668 0.4722 -0.8016
vn -0.3641 0.4604 -0.8096
vn -0.3789 0.4825 -0.7897
vn -0.3755 0.4694 -0.7992
vn -0.3907 0.4927 -0.7775
vn -0.3879 0.4782 -0.7879
vn -0.4033 0.5025 -0.7647
vn -0.3269 0.4214 -0.8459
vn -0.3387 0.4295 -0.8372
vn -0.3497 0.4375 -0.8284
vn -0.3607 0.4450 -0.8197
vn -0.3732 0.4525 -0.8099
vn -0.3140 0.4008 -0.8607
vn -0.3252 0.4078 -0.8532
vn -0.3356 0.4145 -0.8459
vn -0.3461 0.4205 -0.8387
vn -0.3592 0.4268 -0.8300
vn -0.3814 0.4922 -0.7825
vn -0.3673 0.4819 -0.7956
vn -0.3961 0.5103 -0.7633
vn -0.3812 0.4999 -0.7777
vn -0.4105 0.5259 -0.7449
vn -0.3949 0.5160 -0.7602
vn -0.3942 0.5031 -0.7691
vn -0.4095 0.5214 -0.7486
vn -0.4242 0.5365 -0.7295
vn -0.4064 0.5139 -0.7554
vn -0.4221 0.5324 -0.7338
vn -0.4370 0.5469 -0.7141
vn -0.4505 0.5572 -0.6976
vn -0.4192 0.5244 -0.7412
vn -0.4350 0.5429 -0.7183
vn -0.3518 0.4727 -0.8079
vn -0.3387 0.4535 -0.8244
vn -0.3345 0.4651 -0.8196
vn -0.3220 0.4458 -0.8352
vn -0.3142 0.4588 -0.8311
vn -0.3018 0.4393 -0.8461
vn -0.3649 0.4909 -0.7911
vn -0.3472 0.4836 -0.8035
vn -0.3269 0.4778 -0.8154
vn -0.3779 0.5076 -0.7743
vn -0.3599 0.5010 -0.7871
vn -0.3397 0.4959 -0.7992
vn -0.3260 0.4337 -0.8400
vn -0.3135 0.4137 -0.8548
vn -0.3012 0.3938 -0.8684
vn -0.3097 0.4262 -0.8500
vn -0.2975 0.4065 -0.8638
vn -0.2856 0.3872 -0.8766
vn -0.2896 0.4196 -0.8602
vn -0.2777 0.4001 -0.8734
vn -0.2659 0.3812 -0.8854
vn 0.2453 0.0513 -0.9681
vn 0.2746 0.0401 -0.9607
vn 0.2694 0.0376 -0.9623
vn 0.2397 0.0485 -0.9696
vn 0.2635 0.0367 -0.9640
vn 0.2335 0.0474 -0.9712
vn -0.4322 0.1068 -0.8954
vn -0.4527 0.1151 -0.8842
vn -0.4562 0.1065 -0.8835
vn -0.4483 0.0967 -0.8887
vn -0.4650 0.0992 -0.8797
vn -0.4595 0.0895 -0.8837
vn -0.4733 0.0929 -0.8760
vn -0.4689 0.0825 -0.8794
vn -0.4574 0.1231 -0.8807
vn -0.4609 0.1174 -0.8797
vn -0.4667 0.1114 -0.8774
vn -0.4737 0.1056 -0.8743
vn -0.4777 0.0992 -0.8729
vn -0.4769 0.0866 -0.8747
vn -0.4538 0.1335 -0.8810
vn -0.4588 0.1300 -0.8790
vn -0.4645 0.1256 -0.8766
vn -0.4707 0.1208 -0.8740
vn -0.4751 0.1143 -0.8725
vn -0.4464 0.1470 -0.8827
vn -0.4524 0.1450 -0.8800
vn -0.4583 0.1419 -0.8774
vn -0.4642 0.1381 -0.8749
vn -0.4691 0.1318 -0.8733
vn -0.4378 0.0885 -0.8947
vn -0.4218 0.0940 -0.9018
vn -0.4266 0.0819 -0.9007
vn -0.4126 0.0860 -0.9069
vn -0.4166 0.0762 -0.9059
vn -0.4056 0.0800 -0.9105
vn -0.4501 0.0818 -0.8892
vn -0.4385 0.0756 -0.8956
vn -0.4036 0.0965 -0.9099
vn -0.4070 0.1080 -0.9070
vn -0.3888 0.0971 -0.9162
vn -0.3898 0.1080 -0.9145
vn -0.3752 0.0965 -0.9219
vn -0.3736 0.1067 -0.9214
vn -0.3987 0.0883 -0.9128
vn -0.3949 0.0820 -0.9151
vn -0.4083 0.1210 -0.9048
vn -0.4333 0.1214 -0.8931
vn -0.4091 0.1327 -0.9028
vn -0.4352 0.1322 -0.8906
vn -0.4125 0.1450 -0.8994
vn -0.4430 0.1436 -0.8850
vn -0.3889 0.1203 -0.9134
vn -0.3873 0.1320 -0.9125
vn -0.3863 0.1445 -0.9110
vn -0.3707 0.1183 -0.9212
vn -0.3672 0.1299 -0.9210
vn -0.3579 0.1041 -0.9279
vn -0.3530 0.1151 -0.9285
vn -0.4520 0.1237 -0.8834
vn -0.4564 0.1284 -0.8805
vn -0.4515 0.1366 -0.8818
vn -0.4431 0.1486 -0.8841
vn -0.4556 0.1318 -0.8804
vn -0.4605 0.1343 -0.8775
vn -0.4552 0.1404 -0.8792
vn -0.4463 0.1512 -0.8820
vn -0.4666 0.1417 -0.8730
vn -0.4677 0.1460 -0.8718
vn -0.4585 0.1560 -0.8749
vn -0.0865 0.1541 -0.9843
vn -0.0846 0.1567 -0.9840
vn -0.0695 0.1472 -0.9867
vn -0.0767 0.1463 -0.9863
vn -0.0560 0.1371 -0.9890
vn -0.0638 0.1359 -0.9887
vn -0.0445 0.1276 -0.9908
vn -0.0514 0.1262 -0.9907
vn -0.0828 0.1598 -0.9837
vn -0.0664 0.1496 -0.9865
vn -0.0528 0.1395 -0.9888
vn -0.0415 0.1300 -0.9906
vn -0.0819 0.1620 -0.9834
vn -0.0659 0.1520 -0.9862
vn -0.0526 0.1420 -0.9885
vn -0.0410 0.1323 -0.9904
vn -0.0914 0.1487 -0.9846
vn -0.1016 0.1590 -0.9820
vn -0.1131 0.1547 -0.9815
vn -0.1258 0.1670 -0.9779
vn -0.1417 0.1638 -0.9763
vn -0.1575 0.1776 -0.9714
vn -0.1836 0.1775 -0.9668
vn -0.2023 0.1924 -0.9602
vn -0.0770 0.1372 -0.9875
vn -0.0953 0.1414 -0.9854
vn -0.1199 0.1486 -0.9816
vn -0.1570 0.1604 -0.9745
vn -0.0623 0.1265 -0.9900
vn -0.0771 0.1289 -0.9887
vn -0.0970 0.1338 -0.9862
vn -0.1281 0.1426 -0.9814
vn -0.1044 0.1660 -0.9806
vn -0.1032 0.1700 -0.9800
vn -0.1012 0.1720 -0.9799
vn -0.1303 0.1759 -0.9757
vn -0.1286 0.1806 -0.9751
vn -0.1246 0.1821 -0.9754
vn -0.1632 0.1874 -0.9686
vn -0.1603 0.1922 -0.9682
vn -0.1538 0.1930 -0.9691
vn -0.2085 0.2024 -0.9568
vn -0.2041 0.2068 -0.9568
vn -0.1944 0.2069 -0.9589
vn -0.0567 0.7080 -0.7040
vn -0.0589 0.6888 -0.7226
vn -0.0773 0.6895 -0.7201
vn -0.0744 0.7099 -0.7003
vn -0.1006 0.6910 -0.7158
vn -0.0969 0.7123 -0.6952
vn -0.1301 0.6935 -0.7086
vn -0.1254 0.7152 -0.6876
vn -0.0621 0.6694 -0.7403
vn -0.0803 0.6685 -0.7393
vn -0.1034 0.6687 -0.7363
vn -0.1326 0.6703 -0.7302
vn -0.0669 0.6505 -0.7566
vn -0.0841 0.6478 -0.7571
vn -0.1059 0.6464 -0.7556
vn -0.1334 0.6467 -0.7510
vn -0.0429 0.7062 -0.7067
vn -0.0446 0.6886 -0.7238
vn -0.0480 0.6710 -0.7399
vn -0.0537 0.6540 -0.7546
vn -0.0327 0.7048 -0.7087
vn -0.0341 0.6889 -0.7240
vn -0.0378 0.6732 -0.7385
vn -0.0441 0.6582 -0.7516
vn -0.0261 0.7037 -0.7100
vn -0.0274 0.6896 -0.7236
vn -0.0314 0.6759 -0.7364
vn -0.0385 0.6627 -0.7479
vn -0.0975 0.5828 -0.8067
vn -0.1045 0.5655 -0.8181
vn -0.1098 0.5615 -0.8202
vn -0.1054 0.5780 -0.8092
vn -0.1173 0.5588 -0.8209
vn -0.1160 0.5747 -0.8101
vn -0.1272 0.5580 -0.8200
vn -0.1296 0.5733 -0.8090
vn -0.1098 0.5473 -0.8297
vn -0.1126 0.5444 -0.8312
vn -0.1172 0.5429 -0.8316
vn -0.1238 0.5429 -0.8306
vn -0.1125 0.5276 -0.8420
vn -0.1131 0.5264 -0.8427
vn -0.1153 0.5263 -0.8424
vn -0.1192 0.5276 -0.8411
vn -0.1117 0.5061 -0.8552
vn -0.1106 0.5070 -0.8548
vn -0.1111 0.5088 -0.8537
vn -0.1130 0.5115 -0.8519
vn -0.1000 0.5944 -0.7980
vn -0.0894 0.5995 -0.7954
vn -0.0943 0.6110 -0.7860
vn -0.0811 0.6159 -0.7836
vn -0.0888 0.6285 -0.7727
vn -0.0733 0.6326 -0.7710
vn -0.1138 0.5907 -0.7988
vn -0.1112 0.6076 -0.7864
vn -0.1085 0.6258 -0.7724
vn -0.1313 0.5891 -0.7973
vn -0.1324 0.6061 -0.7843
vn -0.1331 0.6250 -0.7692
vn -0.0816 0.6057 -0.7915
vn -0.0920 0.5887 -0.8031
vn -0.0768 0.6125 -0.7867
vn -0.0893 0.5952 -0.7986
vn -0.0753 0.6196 -0.7813
vn -0.0896 0.6020 -0.7934
vn -0.0712 0.6218 -0.7799
vn -0.0645 0.6284 -0.7752
vn -0.0614 0.6353 -0.7699
vn -0.0615 0.6377 -0.7678
vn -0.0533 0.6435 -0.7636
vn -0.0487 0.6495 -0.7588
vn -0.1015 0.5706 -0.8149
vn -0.1090 0.5511 -0.8273
vn -0.1137 0.5297 -0.8405
vn -0.1145 0.5058 -0.8550
vn -0.1008 0.5764 -0.8109
vn -0.1104 0.5556 -0.8241
vn -0.1170 0.5324 -0.8384
vn -0.1193 0.5062 -0.8541
vn -0.1030 0.5824 -0.8063
vn -0.1144 0.5604 -0.8203
vn -0.1228 0.5355 -0.8356
vn -0.1267 0.5069 -0.8526
vn -0.0751 0.4255 -0.9019
vn -0.0614 0.4099 -0.9101
vn -0.0585 0.4176 -0.9068
vn -0.0721 0.4327 -0.8986
vn -0.0577 0.4251 -0.9033
vn -0.0711 0.4400 -0.8952
vn -0.0588 0.4323 -0.8998
vn -0.0717 0.4469 -0.8917
vn -0.0475 0.3968 -0.9167
vn -0.0447 0.4043 -0.9135
vn -0.0443 0.4117 -0.9102
vn -0.0459 0.4187 -0.9069
vn -0.0343 0.3861 -0.9218
vn -0.0316 0.3931 -0.9190
vn -0.0314 0.3999 -0.9160
vn -0.0334 0.4063 -0.9131
vn -0.0226 0.3780 -0.9255
vn -0.0199 0.3839 -0.9232
vn -0.0198 0.3897 -0.9207
vn -0.0221 0.3952 -0.9183
vn -0.0849 0.4496 -0.8892
vn -0.0879 0.4432 -0.8921
vn -0.0960 0.4678 -0.8786
vn -0.0988 0.4628 -0.8809
vn -0.1048 0.4871 -0.8671
vn -0.1070 0.4839 -0.8686
vn -0.0837 0.4560 -0.8860
vn -0.0949 0.4730 -0.8759
vn -0.1042 0.4907 -0.8651
vn -0.0840 0.4624 -0.8827
vn -0.0952 0.4784 -0.8729
vn -0.1049 0.4949 -0.8626
vn -0.0929 0.4370 -0.8947
vn -0.0804 0.4183 -0.9048
vn -0.1004 0.4312 -0.8967
vn -0.0885 0.4114 -0.9072
vn -0.1114 0.4257 -0.8980
vn -0.1003 0.4049 -0.9088
vn -0.1033 0.4581 -0.8829
vn -0.1102 0.4539 -0.8842
vn -0.1202 0.4500 -0.8849
vn -0.1108 0.4812 -0.8696
vn -0.1169 0.4790 -0.8700
vn -0.1256 0.4773 -0.8697
vn -0.0668 0.4023 -0.9131
vn -0.0530 0.3892 -0.9196
vn -0.0399 0.3792 -0.9245
vn -0.0284 0.3721 -0.9277
vn -0.0753 0.3949 -0.9156
vn -0.0619 0.3819 -0.9221
vn -0.0492 0.3724 -0.9268
vn -0.0381 0.3663 -0.9297
vn -0.0880 0.3879 -0.9175
vn -0.0753 0.3749 -0.9240
vn -0.0633 0.3659 -0.9285
vn -0.0528 0.3607 -0.9312
vn 0.0086 0.3462 -0.9381
vn 0.0138 0.3359 -0.9418
vn 0.0168 0.3380 -0.9410
vn 0.0116 0.3487 -0.9372
vn 0.0169 0.3399 -0.9403
vn 0.0117 0.3511 -0.9363
vn 0.0142 0.3417 -0.9397
vn 0.0092 0.3533 -0.9355
vn 0.0184 0.3240 -0.9459
vn 0.0215 0.3258 -0.9452
vn 0.0214 0.3275 -0.9446
vn 0.0187 0.3290 -0.9441
vn 0.0229 0.3101 -0.9504
vn 0.0260 0.3119 -0.9498
vn 0.0258 0.3134 -0.9493
vn 0.0227 0.3149 -0.9489
vn 0.0276 0.2937 -0.9555
vn 0.0306 0.2955 -0.9548
vn 0.0301 0.2972 -0.9543
vn 0.0268 0.2988 -0.9539
vn 0.0056 0.3584 -0.9335
vn 0.0026 0.3554 -0.9347
vn -0.0015 0.3673 -0.9301
vn -0.0044 0.3635 -0.9316
vn -0.0099 0.3757 -0.9267
vn -0.0127 0.3710 -0.9285
vn 0.0057 0.3614 -0.9324
vn -0.0015 0.3711 -0.9286
vn -0.0099 0.3804 -0.9248
vn 0.0032 0.3642 -0.9313
vn -0.0039 0.3746 -0.9272
vn -0.0123 0.3848 -0.9229
vn -0.0038 0.3522 -0.9359
vn 0.0020 0.3436 -0.9391
vn -0.0145 0.3489 -0.9370
vn -0.0090 0.3409 -0.9401
vn -0.0309 0.3456 -0.9379
vn -0.0259 0.3380 -0.9408
vn -0.0106 0.3597 -0.9330
vn -0.0210 0.3557 -0.9343
vn -0.0369 0.3518 -0.9353
vn -0.0187 0.3662 -0.9303
vn -0.0288 0.3615 -0.9319
vn -0.0441 0.3568 -0.9331
vn 0.0070 0.3337 -0.9427
vn 0.0116 0.3221 -0.9466
vn 0.0159 0.3083 -0.9512
vn 0.0204 0.2918 -0.9563
vn -0.0043 0.3313 -0.9435
vn -0.0001 0.3200 -0.9474
vn 0.0038 0.3064 -0.9519
vn 0.0079 0.2899 -0.9570
vn -0.0218 0.3288 -0.9441
vn -0.0182 0.3177 -0.9480
vn -0.0148 0.3042 -0.9525
vn -0.0115 0.2878 -0.9576
vn 0.0468 0.2300 -0.9721
vn 0.0515 0.2178 -0.9746
vn 0.0544 0.2205 -0.9739
vn 0.0498 0.2326 -0.9713
vn 0.0529 0.2231 -0.9734
vn 0.0485 0.2351 -0.9708
vn 0.0479 0.2254 -0.9731
vn 0.0438 0.2375 -0.9704
vn 0.0559 0.2078 -0.9766
vn 0.0588 0.2106 -0.9758
vn 0.0571 0.2131 -0.9754
vn 0.0516 0.2153 -0.9752
vn 0.0601 0.2003 -0.9779
vn 0.0629 0.2030 -0.9772
vn 0.0609 0.2054 -0.9768
vn 0.0548 0.2072 -0.9768
vn 0.0639 0.1955 -0.9786
vn 0.0666 0.1982 -0.9779
vn 0.0641 0.2003 -0.9776
vn 0.0574 0.2015 -0.9778
vn 0.0450 0.2464 -0.9681
vn 0.0421 0.2440 -0.9689
vn 0.0402 0.2617 -0.9643
vn 0.0373 0.2595 -0.9650
vn 0.0353 0.2782 -0.9599
vn 0.0324 0.2762 -0.9606
vn 0.0439 0.2488 -0.9676
vn 0.0393 0.2639 -0.9637
vn 0.0347 0.2801 -0.9593
vn 0.0396 0.2511 -0.9672
vn 0.0353 0.2660 -0.9633
vn 0.0310 0.2820 -0.9589
vn 0.0342 0.2416 -0.9698
vn 0.0386 0.2275 -0.9730
vn 0.0200 0.2393 -0.9707
vn 0.0238 0.2250 -0.9741
vn -0.0026 0.2371 -0.9715
vn -0.0001 0.2226 -0.9749
vn 0.0297 0.2573 -0.9659
vn 0.0161 0.2551 -0.9668
vn -0.0053 0.2530 -0.9675
vn 0.0251 0.2741 -0.9614
vn 0.0121 0.2721 -0.9622
vn -0.0083 0.2700 -0.9628
vn 0.0430 0.2151 -0.9756
vn 0.0471 0.2050 -0.9776
vn 0.0510 0.1973 -0.9790
vn 0.0547 0.1925 -0.9798
vn 0.0273 0.2125 -0.9768
vn 0.0307 0.2022 -0.9789
vn 0.0340 0.1943 -0.9803
vn 0.0370 0.1893 -0.9812
vn 0.0023 0.2100 -0.9777
vn 0.0044 0.1994 -0.9799
vn 0.0064 0.1914 -0.9815
vn 0.0084 0.1861 -0.9825
vn 0.0772 0.1798 -0.9807
vn 0.0798 0.1750 -0.9813
vn 0.0801 0.1763 -0.9811
vn 0.0780 0.1815 -0.9803
vn 0.0735 0.1763 -0.9816
vn 0.0723 0.1820 -0.9806
vn 0.0611 0.1747 -0.9827
vn 0.0612 0.1808 -0.9816
vn 0.0820 0.1698 -0.9821
vn 0.0817 0.1707 -0.9819
vn 0.0744 0.1703 -0.9826
vn 0.0608 0.1682 -0.9839
vn 0.0837 0.1642 -0.9829
vn 0.0830 0.1645 -0.9829
vn 0.0749 0.1637 -0.9837
vn 0.0604 0.1614 -0.9850
vn 0.0846 0.1582 -0.9838
vn 0.0837 0.1579 -0.9839
vn 0.0753 0.1567 -0.9848
vn 0.0601 0.1543 -0.9862
vn 0.0756 0.1862 -0.9796
vn 0.0742 0.1842 -0.9801
vn 0.0729 0.1906 -0.9790
vn 0.0709 0.1883 -0.9795
vn 0.0699 0.1946 -0.9784
vn 0.0675 0.1921 -0.9791
vn 0.0709 0.1872 -0.9798
vn 0.0690 0.1919 -0.9790
vn 0.0668 0.1963 -0.9783
vn 0.0610 0.1865 -0.9806
vn 0.0604 0.1919 -0.9796
vn 0.0592 0.1969 -0.9786
vn 0.0652 0.1815 -0.9812
vn 0.0685 0.1773 -0.9818
vn 0.0466 0.1782 -0.9829
vn 0.0497 0.1742 -0.9834
vn 0.0151 0.1746 -0.9845
vn 0.0175 0.1706 -0.9852
vn 0.0618 0.1854 -0.9807
vn 0.0434 0.1821 -0.9823
vn 0.0127 0.1784 -0.9839
vn 0.0582 0.1891 -0.9802
vn 0.0401 0.1858 -0.9818
vn 0.0104 0.1823 -0.9832
vn 0.0714 0.1729 -0.9824
vn 0.0738 0.1682 -0.9830
vn 0.0756 0.1631 -0.9837
vn 0.0766 0.1577 -0.9845
vn 0.0524 0.1701 -0.9840
vn 0.0548 0.1658 -0.9846
vn 0.0565 0.1612 -0.9853
vn 0.0574 0.1565 -0.9860
vn 0.0198 0.1667 -0.9858
vn 0.0216 0.1626 -0.9865
vn 0.0230 0.1585 -0.9871
vn 0.0237 0.1544 -0.9877
vn 0.0790 0.1248 -0.9890
vn 0.0744 0.1134 -0.9908
vn 0.0752 0.1075 -0.9914
vn 0.0792 0.1204 -0.9896
vn 0.0685 0.1014 -0.9925
vn 0.0718 0.1158 -0.9907
vn 0.0547 0.0951 -0.9940
vn 0.0573 0.1109 -0.9922
vn 0.0685 0.1005 -0.9926
vn 0.0698 0.0929 -0.9932
vn 0.0637 0.0851 -0.9943
vn 0.0506 0.0771 -0.9957
vn 0.0611 0.0859 -0.9944
vn 0.0629 0.0765 -0.9951
vn 0.0573 0.0667 -0.9961
vn 0.0448 0.0568 -0.9974
vn 0.0524 0.0695 -0.9962
vn 0.0545 0.0581 -0.9968
vn 0.0494 0.0463 -0.9977
vn 0.0373 0.0341 -0.9987
vn 0.0819 0.1318 -0.9879
vn 0.0821 0.1349 -0.9875
vn 0.0834 0.1418 -0.9864
vn 0.0840 0.1437 -0.9860
vn 0.0839 0.1504 -0.9851
vn 0.0848 0.1514 -0.9848
vn 0.0739 0.1284 -0.9890
vn 0.0750 0.1393 -0.9874
vn 0.0754 0.1487 -0.9860
vn 0.0589 0.1246 -0.9905
vn 0.0596 0.1363 -0.9889
vn 0.0599 0.1461 -0.9875
vn 0.0734 0.1373 -0.9878
vn 0.0699 0.1286 -0.9892
vn 0.0539 0.1389 -0.9888
vn 0.0503 0.1314 -0.9901
vn 0.0204 0.1393 -0.9900
vn 0.0170 0.1329 -0.9910
vn 0.0756 0.1450 -0.9865
vn 0.0562 0.1456 -0.9878
vn 0.0225 0.1449 -0.9892
vn 0.0766 0.1518 -0.9854
vn 0.0573 0.1514 -0.9868
vn 0.0236 0.1499 -0.9884
vn 0.0650 0.1186 -0.9908
vn 0.0587 0.1073 -0.9925
vn 0.0510 0.0945 -0.9942
vn 0.0420 0.0800 -0.9959
vn 0.0453 0.1229 -0.9914
vn 0.0389 0.1131 -0.9928
vn 0.0311 0.1020 -0.9943
vn 0.0222 0.0892 -0.9958
vn 0.0123 0.1256 -0.9920
vn 0.0062 0.1173 -0.9931
vn -0.0011 0.1077 -0.9942
vn -0.0097 0.0966 -0.9953
vn 0.0055 0.0188 -0.9998
vn 0.0072 0.0033 -1.0000
vn 0.0205 0.0120 -0.9997
vn 0.0184 0.0273 -0.9995
vn 0.0332 0.0243 -0.9992
vn 0.0308 0.0389 -0.9988
vn 0.0446 0.0399 -0.9982
vn 0.0423 0.0531 -0.9977
vn 0.0017 -0.0129 -0.9999
vn 0.0154 -0.0041 -0.9999
vn 0.0282 0.0091 -0.9996
vn 0.0397 0.0261 -0.9989
vn -0.0115 -0.0294 -0.9995
vn 0.0031 -0.0206 -0.9998
vn 0.0162 -0.0066 -0.9998
vn 0.0277 0.0119 -0.9995
vn 0.0085 0.0415 -0.9991
vn -0.0038 0.0331 -0.9994
vn -0.0104 0.0538 -0.9985
vn -0.0218 0.0453 -0.9987
vn -0.0404 0.0639 -0.9971
vn -0.0508 0.0551 -0.9972
vn 0.0205 0.0523 -0.9984
vn 0.0011 0.0642 -0.9979
vn -0.0298 0.0739 -0.9968
vn 0.0318 0.0653 -0.9974
vn 0.0121 0.0761 -0.9970
vn -0.0193 0.0849 -0.9962
vn -0.0160 0.0279 -0.9995
vn -0.0078 0.0145 -0.9999
vn -0.0279 0.0266 -0.9993
vn -0.0210 0.0156 -0.9997
vn -0.0387 0.0297 -0.9988
vn -0.0335 0.0223 -0.9992
vn -0.0480 0.0375 -0.9981
vn -0.0450 0.0358 -0.9983
vn -0.0329 0.0392 -0.9987
vn -0.0432 0.0359 -0.9984
vn -0.0524 0.0357 -0.9980
vn -0.0600 0.0389 -0.9974
vn -0.0606 0.0480 -0.9970
vn -0.0695 0.0429 -0.9967
vn -0.0772 0.0400 -0.9962
vn -0.0835 0.0395 -0.9957
vn -0.0069 -0.0002 -1.0000
vn -0.0132 -0.0156 -0.9998
vn -0.0274 -0.0313 -0.9991
vn -0.0215 0.0030 -0.9998
vn -0.0291 -0.0108 -0.9995
vn -0.0450 -0.0251 -0.9987
vn -0.0363 0.0135 -0.9993
vn -0.0465 0.0032 -0.9989
vn -0.0656 -0.0077 -0.9978
vn -0.0511 0.0340 -0.9981
vn -0.0662 0.0332 -0.9973
vn -0.0950 0.0380 -0.9948
vn -0.0357 0.0813 -0.9961
vn -0.0382 0.1010 -0.9942
vn -0.0528 0.0945 -0.9941
vn -0.0470 0.0759 -0.9960
vn -0.0610 0.0799 -0.9949
vn -0.0530 0.0656 -0.9964
vn -0.0609 0.0591 -0.9964
vn -0.0525 0.0520 -0.9973
vn -0.0458 0.1241 -0.9912
vn -0.0643 0.1181 -0.9909
vn -0.0773 0.1013 -0.9918
vn -0.0798 0.0722 -0.9942
vn -0.0575 0.1494 -0.9871
vn -0.0802 0.1461 -0.9860
vn -0.0997 0.1318 -0.9862
vn -0.1125 0.1006 -0.9885
vn -0.0660 0.1631 -0.9844
vn -0.0916 0.1613 -0.9827
vn -0.1151 0.1480 -0.9823
vn -0.1327 0.1102 -0.9850
vn -0.0491 0.0615 -0.9969
vn -0.0404 0.0651 -0.9971
vn -0.0614 0.0500 -0.9969
vn -0.0549 0.0516 -0.9972
vn -0.0857 0.0404 -0.9955
vn -0.0810 0.0399 -0.9959
vn -0.0538 0.0554 -0.9970
vn -0.0647 0.0473 -0.9968
vn -0.0880 0.0405 -0.9953
vn -0.0536 0.0473 -0.9974
vn -0.0645 0.0436 -0.9970
vn -0.0874 0.0402 -0.9954
vn -0.0294 0.0663 -0.9974
vn -0.0214 0.0827 -0.9963
vn -0.0172 0.0659 -0.9977
vn -0.0066 0.0817 -0.9966
vn -0.0042 0.0637 -0.9980
vn 0.0083 0.0783 -0.9969
vn -0.0463 0.0520 -0.9976
vn -0.0360 0.0513 -0.9980
vn -0.0246 0.0495 -0.9985
vn -0.0741 0.0390 -0.9965
vn -0.0655 0.0376 -0.9971
vn -0.0554 0.0356 -0.9978
vn -0.0203 0.1014 -0.9946
vn -0.0245 0.1223 -0.9922
vn -0.0329 0.1447 -0.9889
vn -0.0391 0.1568 -0.9869
vn -0.0025 0.0988 -0.9951
vn -0.0035 0.1172 -0.9931
vn -0.0089 0.1362 -0.9906
vn -0.0130 0.1462 -0.9892
vn 0.0148 0.0935 -0.9955
vn 0.0162 0.1092 -0.9939
vn 0.0134 0.1249 -0.9921
vn 0.0109 0.1329 -0.9911
vn -0.1635 -0.0304 -0.9861
vn -0.1567 -0.0368 -0.9870
vn -0.1319 -0.0387 -0.9905
vn -0.1370 -0.0314 -0.9901
vn -0.1035 -0.0394 -0.9939
vn -0.1066 -0.0313 -0.9938
vn -0.0716 -0.0389 -0.9967
vn -0.0725 -0.0302 -0.9969
vn -0.0547 -0.0385 -0.9978
vn -0.0545 -0.0295 -0.9981
vn -0.1246 -0.0407 -0.9914
vn -0.1044 -0.0434 -0.9936
vn -0.0814 -0.0449 -0.9957
vn -0.0556 -0.0452 -0.9974
vn -0.0419 -0.0450 -0.9981
vn -0.0633 -0.0417 -0.9971
vn -0.0514 -0.0452 -0.9977
vn -0.0378 -0.0474 -0.9982
vn -0.0226 -0.0484 -0.9986
vn -0.0146 -0.0487 -0.9987
vn -0.1241 -0.0219 -0.9920
vn -0.1500 -0.0217 -0.9884
vn -0.0980 -0.0107 -0.9951
vn -0.1216 -0.0109 -0.9925
vn -0.0632 0.0017 -0.9980
vn -0.0832 0.0012 -0.9965
vn -0.0945 -0.0212 -0.9953
vn -0.0713 -0.0096 -0.9974
vn -0.0410 0.0029 -0.9992
vn -0.0614 -0.0196 -0.9979
vn -0.0417 -0.0077 -0.9991
vn -0.0165 0.0047 -0.9999
vn -0.0441 -0.0187 -0.9989
vn -0.0264 -0.0067 -0.9996
vn -0.1724 -0.0205 -0.9848
vn -0.1861 -0.0284 -0.9821
vn -0.1911 -0.0183 -0.9814
vn -0.2049 -0.0251 -0.9785
vn -0.2063 -0.0150 -0.9784
vn -0.2198 -0.0207 -0.9753
vn -0.1423 -0.0104 -0.9898
vn -0.1599 -0.0090 -0.9871
vn -0.1745 -0.0068 -0.9846
vn -0.1011 0.0014 -0.9949
vn -0.1168 0.0024 -0.9932
vn -0.1304 0.0040 -0.9914
vn -0.1778 -0.0338 -0.9835
vn -0.1418 -0.0367 -0.9892
vn -0.0735 -0.0368 -0.9966
vn -0.1953 -0.0295 -0.9803
vn -0.1559 -0.0313 -0.9873
vn -0.0819 -0.0304 -0.9962
vn -0.2090 -0.0238 -0.9776
vn -0.1669 -0.0243 -0.9857
vn -0.0885 -0.0224 -0.9958
vn -0.3934 0.4624 -0.7946
vn -0.3817 0.4366 -0.8147
vn -0.3749 0.4130 -0.8300
vn 0.2788 -0.0132 -0.9602
vn 0.2767 -0.0116 -0.9609
vn 0.2210 0.0024 -0.9753
vn 0.2693 -0.0077 -0.9630
vn 0.2547 -0.0020 -0.9670
vn -0.4744 0.3566 -0.8048
vn -0.3554 0.3188 -0.8787
vn -0.3329 0.3020 -0.8933
vn -0.4576 0.3425 -0.8205
vn -0.4085 0.3555 -0.8407
vn -0.3522 0.3352 -0.8738
vn -0.3271 0.3158 -0.8907
vn -0.3831 0.3370 -0.8600
vn -0.2953 0.2945 -0.9089
vn -0.2689 0.2749 -0.9231
vn -0.3682 0.3525 -0.8603
vn -0.3743 0.3673 -0.8514
vn -0.3739 0.3806 -0.8458
vn -0.3728 0.3950 -0.8397
vn -0.4193 0.4129 -0.8085
vn -0.4181 0.4306 -0.7999
vn -0.3766 0.1778 -0.9092
vn -0.3425 0.1859 -0.9209
vn -0.3695 0.2036 -0.9067
vn -0.3949 0.1962 -0.8975
vn -0.3807 0.2136 -0.8997
vn -0.4032 0.2040 -0.8921
vn -0.3863 0.2193 -0.8959
vn -0.4087 0.2077 -0.8887
vn -0.3932 0.2190 -0.8930
vn -0.4147 0.2058 -0.8864
vn -0.3156 0.1910 -0.9295
vn -0.3406 0.2078 -0.9170
vn -0.3543 0.2195 -0.9090
vn -0.3597 0.2268 -0.9051
vn -0.3673 0.2282 -0.9017
vn -0.2878 0.1949 -0.9377
vn -0.3107 0.2108 -0.9268
vn -0.3245 0.2228 -0.9193
vn -0.3300 0.2307 -0.9153
vn -0.3382 0.2332 -0.9117
vn -0.4171 0.1871 -0.8894
vn -0.4115 0.1789 -0.8937
vn -0.4336 0.1755 -0.8838
vn -0.4296 0.1732 -0.8862
vn -0.4440 0.1611 -0.8814
vn -0.4384 0.1615 -0.8841
vn -0.4226 0.1912 -0.8859
vn -0.4379 0.1762 -0.8816
vn -0.4494 0.1594 -0.8790
vn -0.4272 0.1926 -0.8834
vn -0.4424 0.1753 -0.8795
vn -0.4546 0.1568 -0.8768
vn -0.4325 0.1892 -0.8816
vn -0.4473 0.1706 -0.8780
vn -0.4595 0.1511 -0.8752
vn -0.4128 0.1685 -0.8951
vn -0.3881 0.1607 -0.9075
vn -0.4200 0.1605 -0.8932
vn -0.3960 0.1480 -0.9063
vn -0.4338 0.1543 -0.8877
vn -0.4081 0.1377 -0.9025
vn -0.4561 0.1496 -0.8773
vn -0.4252 0.1276 -0.8961
vn -0.4281 0.1690 -0.8878
vn -0.4336 0.1655 -0.8858
vn -0.4475 0.1644 -0.8790
vn -0.4737 0.1663 -0.8648
vn -0.4357 0.1612 -0.8855
vn -0.4396 0.1620 -0.8835
vn -0.4524 0.1651 -0.8764
vn -0.3540 0.1472 -0.9236
vn -0.3314 0.1588 -0.9300
vn -0.3110 0.1302 -0.9415
vn -0.2911 0.1403 -0.9464
vn -0.2662 0.1124 -0.9574
vn -0.2490 0.1218 -0.9608
vn -0.3635 0.1328 -0.9221
vn -0.3239 0.1173 -0.9388
vn -0.2786 0.1009 -0.9551
vn -0.3733 0.1197 -0.9200
vn -0.3328 0.1033 -0.9373
vn -0.2882 0.0881 -0.9535
vn -0.3859 0.1066 -0.9163
vn -0.3430 0.0893 -0.9351
vn -0.2982 0.0751 -0.9515
vn -0.3067 0.1665 -0.9371
vn -0.2828 0.1720 -0.9436
vn -0.2583 0.1769 -0.9497
vn -0.2690 0.1476 -0.9518
vn -0.2477 0.1534 -0.9566
vn -0.2260 0.1588 -0.9611
vn -0.2300 0.1291 -0.9646
vn -0.2113 0.1352 -0.9680
vn -0.1923 0.1409 -0.9712
vn -0.4145 0.2475 -0.8757
vn -0.2628 0.2025 -0.9434
vn -0.2279 0.1827 -0.9564
vn -0.3681 0.2256 -0.9020
vn -0.1910 0.1624 -0.9681
vn -0.3227 0.2045 -0.9242
vn -0.1682 0.1467 -0.9748
vn -0.2911 0.1873 -0.9382
vn -0.2863 0.2190 -0.9328
vn -0.2929 0.2293 -0.9283
vn -0.2695 0.2312 -0.9348
vn -0.2529 0.2268 -0.9405
vn -0.3381 0.1417 -0.9304
vn -0.1882 0.1030 -0.9767
vn -0.2088 0.0965 -0.9732
vn -0.3698 0.1323 -0.9196
vn -0.2278 0.0887 -0.9697
vn -0.3971 0.1198 -0.9099
vn -0.1718 0.1097 -0.9790
vn -0.1605 0.1168 -0.9801
vn -0.5284 0.2240 -0.8189
vn -0.5094 0.2330 -0.8284
vn -0.2778 0.1649 -0.9464
vn -0.2893 0.1571 -0.9443
vn -0.1550 0.1245 -0.9800
vn -0.5068 0.2432 -0.8270
vn -0.2774 0.1746 -0.9448
vn -0.1572 0.1343 -0.9784
vn -0.5010 0.1454 -0.8531
vn -0.5258 0.1717 -0.8331
vn -0.4165 0.0927 -0.9044
vn -0.3712 0.0752 -0.9255
vn -0.6006 0.0461 -0.7982
vn -0.5702 0.0366 -0.8207
vn -0.4071 0.0496 -0.9120
vn -0.4474 0.0610 -0.8923
vn -0.3271 0.0622 -0.9429
vn -0.5466 0.0304 -0.8369
vn -0.3713 0.0415 -0.9276
vn -0.2849 0.0520 -0.9571
vn -0.5133 0.3135 -0.7989
vn -0.3235 0.2574 -0.9105
vn -0.3414 0.2582 -0.9037
vn -0.5447 0.3157 -0.7770
vn -0.3637 0.2619 -0.8939
vn -0.5780 0.3202 -0.7506
vn -0.3115 0.2595 -0.9141
vn -0.2158 0.2249 -0.9502
vn -0.2187 0.2216 -0.9503
vn -0.2265 0.2209 -0.9486
vn -0.2384 0.2227 -0.9453
vn -0.3064 0.2652 -0.9142
vn -0.2187 0.2314 -0.9480
vn -0.4655 0.3164 -0.8266
vn -0.4534 0.3222 -0.8311
vn -0.3089 0.2745 -0.9106
vn -0.2286 0.2418 -0.9430
vn -0.4506 0.3309 -0.8291
vn -0.3178 0.2870 -0.9037
vn -0.2475 0.2573 -0.9341
vn 0.3918 -0.0170 -0.9199
vn 0.2955 0.0215 -0.9551
vn 0.3028 0.0199 -0.9528
vn 0.3981 -0.0184 -0.9172
vn 0.3096 0.0179 -0.9507
vn 0.4039 -0.0203 -0.9146
vn 0.2418 0.0413 -0.9694
vn 0.2912 0.0086 -0.9566
vn 0.1679 0.0116 -0.9857
vn 0.2027 0.0083 -0.9792
vn 0.3222 0.0019 -0.9467
vn 0.1299 0.0133 -0.9914
vn 0.2324 0.0039 -0.9726
vn 0.0914 0.0139 -0.9957
vn 0.0551 0.0139 -0.9984
vn 0.0233 0.0140 -0.9996
vn 0.1501 0.0192 -0.9885
vn 0.1216 0.0200 -0.9924
vn -0.0025 0.0151 -0.9999
vn -0.5709 0.0491 -0.8195
vn -0.3350 0.0477 -0.9410
vn -0.3279 0.0412 -0.9438
vn -0.5479 0.0384 -0.8356
vn -0.3308 0.0378 -0.9429
vn -0.5349 0.0316 -0.8443
vn -0.2071 0.0483 -0.9771
vn -0.2123 0.0447 -0.9762
vn -0.2264 0.0437 -0.9731
vn -0.2499 0.0455 -0.9672
vn -0.3447 0.0374 -0.9380
vn -0.5998 0.0638 -0.7976
vn -0.3505 0.0570 -0.9348
vn -0.2092 0.0536 -0.9764
vn -0.6295 0.0827 -0.7726
vn -0.3722 0.0692 -0.9256
vn -0.2176 0.0606 -0.9742
vn -0.3954 0.0849 -0.9146
vn -0.2297 0.0699 -0.9708
vn 0.0623 0.0418 -0.9972
vn -0.0568 0.0393 -0.9976
vn -0.0387 0.0258 -0.9989
vn 0.0802 0.0285 -0.9964
vn -0.0225 0.0186 -0.9996
vn 0.0984 0.0223 -0.9949
vn -0.0888 0.0641 -0.9940
vn 0.5572 -0.0806 -0.8264
vn 0.4213 -0.0170 -0.9068
vn 0.4241 -0.0135 -0.9055
vn 0.5592 -0.0785 -0.8253
vn 0.3301 0.0228 -0.9437
vn 0.3334 0.0272 -0.9424
vn 0.2791 0.0440 -0.9593
vn 0.2826 0.0491 -0.9580
vn 0.5548 -0.0822 -0.8279
vn 0.4178 -0.0196 -0.9083
vn 0.3260 0.0194 -0.9452
vn 0.4136 -0.0212 -0.9102
vn 0.3211 0.0173 -0.9469
vn 0.4090 -0.0215 -0.9123
vn 0.3156 0.0167 -0.9487
vn 0.1268 0.0061 -0.9919
vn 0.1231 -0.0035 -0.9924
vn 0.1335 -0.0118 -0.9910
vn 0.1396 -0.0037 -0.9902
vn 0.1354 -0.0182 -0.9906
vn 0.1422 -0.0113 -0.9898
vn 0.0959 0.0252 -0.9951
vn 0.1122 0.0158 -0.9936
vn 0.1114 0.0292 -0.9933
vn 0.0921 0.0400 -0.9949
vn 0.1292 0.0180 -0.9915
vn 0.0716 0.0502 -0.9962
vn 0.0786 0.0341 -0.9963
s 1
usemtl BLUE.002
f 1//1 13//2 14//3 2//4
f 2//4 14//3 15//5 3//6
f 3//6 15//5 5814//7 5813//8
f 10//9 11//10 16//11 13//12
f 15//5 17//13 5815//14 5814//7
f 11//10 12//15 18//16 16//11
f 17//13 19//17 5816//18 5815//14
f 12//15 5192//19 5191//20 18//16
f 4//21 20//22 21//23 5//24
f 5//24 21//23 22//25 6//26
f 6//26 22//25 5206//27 5207//28
f 1//1 2//4 23//29 20//22
f 20//22 23//29 24//30 21//23
f 21//23 24//30 25//31 22//25
f 22//25 25//31 5205//32 5206//27
f 2//4 3//6 26//33 23//29
f 23//29 26//33 27//34 24//30
f 24//30 27//34 28//35 25//31
f 25//31 28//35 5204//36 5205//32
f 3//6 5813//8 5812//37 26//33
f 26//33 5812//37 5811//38 27//34
f 27//34 5811//38 5810//39 28//35
f 28//35 5810//39 6743//40 5204//36
f 7//41 29//42 30//43 8//44
f 8//44 30//43 31//45 9//46
f 4//21 5//24 32//47 29//42
f 29//42 32//47 33//48 30//43
f 30//43 33//48 34//49 31//45
f 5//24 6//26 35//50 32//47
f 32//47 35//50 36//51 33//48
f 33//48 36//51 37//52 34//49
f 6//26 5207//28 5208//53 35//50
f 35//50 5208//53 5209//54 36//51
f 36//51 5209//54 5210//55 37//52
f 10//9 38//56 39//57 11//10
f 11//10 39//57 40//58 12//15
f 12//15 40//58 5193//59 5192//19
f 7//41 8//44 41//60 38//56
f 38//56 41//60 42//61 39//57
f 39//57 42//61 43//62 40//58
f 8//44 9//46 44//63 41//60
f 45//64 55//65 58//66 46//67
f 46//67 58//66 59//68 47//69
f 47//69 59//68 60//70 48//71
f 48//71 60//70 5807//72 5806//73
f 55//65 56//74 61//75 58//66
f 58//66 61//75 62//76 59//68
f 59//68 62//76 63//77 60//70
f 60//70 63//77 5808//78 5807//72
f 56//74 57//79 64//80 61//75
f 61//75 64//80 65//81 62//76
f 62//76 65//81 66//82 63//77
f 63//77 66//82 5809//83 5808//78
f 57//79 5221//84 5220//85 64//80
f 64//80 5220//85 5219//86 65//81
f 65//81 5219//86 5218//87 66//82
f 66//82 5218//87 6744//88 5809//83
f 45//64 46//67 67//89 49//90
f 49//90 67//89 68//91 50//92
f 50//92 68//91 69//93 51//94
f 51//94 69//93 5691//95 5690//96
f 46//67 47//69 70//97 67//89
f 67//89 70//97 71//98 68//91
f 68//91 71//98 72//99 69//93
f 69//93 72//99 5692//100 5691//95
f 47//69 48//71 73//101 70//97
f 70//97 73//101 74//102 71//98
f 71//98 74//102 75//103 72//99
f 72//99 75//103 5693//104 5692//100
f 48//71 5806//73 5805//105 73//101
f 73//101 5805//105 5804//106 74//102
f 74//102 5804//106 5803//107 75//103
f 75//103 5803//107 6743//40 5693//104
f 45//64 49//90 76//108 52//109
f 52//109 76//108 77//110 53//111
f 53//111 77//110 78//112 54//113
f 54//113 78//112 5213//114 5214//115
f 49//90 50//92 79//116 76//108
f 76//108 79//116 80//117 77//110
f 77//110 80//117 81//118 78//112
f 78//112 81//118 5212//119 5213//114
f 50//92 51//94 82//120 79//116
f 79//116 82//120 83//121 80//117
f 80//117 83//121 84//122 81//118
f 81//118 84//122 5211//123 5212//119
f 51//94 5690//96 5689//124 82//120
f 82//120 5689//124 5688//125 83//121
f 83//121 5688//125 5687//126 84//122
f 84//122 5687//126 6756//127 5211//123
f 45//64 52//109 85//128 55//65
f 55//65 85//128 86//129 56//74
f 56//74 86//129 87//130 57//79
f 57//79 87//130 5222//131 5221//84
f 52//109 53//111 88//132 85//128
f 85//128 88//132 89//133 86//129
f 86//129 89//133 90//134 87//130
f 87//130 90//134 5223//135 5222//131
f 53//111 54//113 91//136 88//132
f 88//132 91//136 92//137 89//133
f 89//133 92//137 93//138 90//134
f 90//134 93//138 5224//139 5223//135
f 54//113 5214//115 5215//140 91//136
f 91//136 5215//140 5216//141 92//137
f 92//137 5216//141 5217//142 93//138
f 93//138 5217//142 6762//143 5224//139
f 94//144 104//145 107//146 95//147
f 95//147 107//146 108//148 96//149
f 96//149 108//148 109//150 97//151
f 97//151 109//150 5199//152 5200//153
f 104//145 105//154 110//155 107//146
f 107//146 110//155 111//156 108//148
f 108//148 111//156 112//157 109//150
f 109//150 112//157 5198//158 5199//152
f 105//154 106//159 113//160 110//155
f 110//155 113//160 114//161 111//156
f 111//156 114//161 115//162 112//157
f 112//157 115//162 5197//163 5198//158
f 106//159 5242//164 5243//165 113//160
f 113//160 5243//165 5244//166 114//161
f 114//161 5244//166 5245//167 115//162
f 115//162 5245//167 6709//168 5197//163
f 94//144 95//147 116//169 98//170
f 98//170 116//169 117//171 99//172
f 99//172 117//171 118//173 100//174
f 100//174 118//173 5234//175 5235//176
f 95//147 96//149 119//177 116//169
f 116//169 119//177 120//178 117//171
f 117//171 120//178 121//179 118//173
f 118//173 121//179 5233//180 5234//175
f 96//149 97//151 122//181 119//177
f 119//177 122//181 123//182 120//178
f 120//178 123//182 124//183 121//179
f 121//179 124//183 5232//184 5233//180
f 97//151 5200//153 5201//185 122//181
f 122//181 5201//185 5202//186 123//182
f 123//182 5202//186 5203//187 124//183
f 124//183 5203//187 6710//188 5232//184
f 94//144 98//170 125//189 101//190
f 101//190 125//189 126//191 102//192
f 102//192 126//191 127//193 103//194
f 103//194 127//193 5229//195 5228//196
f 98//170 99//172 128//197 125//189
f 125//189 128//197 129//198 126//191
f 126//191 129//198 130//199 127//193
f 127//193 130//199 5230//200 5229//195
f 99//172 100//174 131//201 128//197
f 128//197 131//201 132//202 129//198
f 129//198 132//202 133//203 130//199
f 130//199 133//203 5231//204 5230//200
f 100//174 5235//176 5236//205 131//201
f 131//201 5236//205 5237//206 132//202
f 132//202 5237//206 5238//207 133//203
f 133//203 5238//207 6712//208 5231//204
f 94//144 101//190 134//209 104//145
f 104//145 134//209 135//210 105//154
f 105//154 135//210 136//211 106//159
f 106//159 136//211 5241//212 5242//164
f 101//190 102//192 137//213 134//209
f 134//209 137//213 138//214 135//210
f 135//210 138//214 139//215 136//211
f 136//211 139//215 5240//216 5241//212
f 102//192 103//194 140//217 137//213
f 137//213 140//217 141//218 138//214
f 138//214 141//218 142//219 139//215
f 139//215 142//219 5239//220 5240//216
f 103//194 5228//196 5227//221 140//217
f 140//217 5227//221 5226//222 141//218
f 141//218 5226//222 5225//223 142//219
f 142//219 5225//223 6711//224 5239//220
f 143//225 153//226 156//227 144//228
f 144//228 156//227 157//229 145//230
f 145//230 157//229 158//231 146//232
f 146//232 158//231 5227//221 5228//196
f 153//226 154//233 159//234 156//227
f 156//227 159//234 160//235 157//229
f 157//229 160//235 161//236 158//231
f 158//231 161//236 5226//222 5227//221
f 154//233 155//237 162//238 159//234
f 159//234 162//238 163//239 160//235
f 160//235 163//239 164//240 161//236
f 161//236 164//240 5225//223 5226//222
f 155//237 5263//241 5264//242 162//238
f 162//238 5264//242 5265//243 163//239
f 163//239 5265//243 5266//244 164//240
f 164//240 5266//244 6711//224 5225//223
f 143//225 144//228 165//245 147//246
f 147//246 165//245 166//247 148//248
f 148//248 166//247 167//249 149//250
f 149//250 167//249 5255//251 5256//252
f 144//228 145//230 168//253 165//245
f 165//245 168//253 169//254 166//247
f 166//247 169//254 170//255 167//249
f 167//249 170//255 5254//256 5255//251
f 145//230 146//232 171//257 168//253
f 168//253 171//257 172//258 169//254
f 169//254 172//258 173//259 170//255
f 170//255 173//259 5253//260 5254//256
f 146//232 5228//196 5229//195 171//257
f 171//257 5229//195 5230//200 172//258
f 172//258 5230//200 5231//204 173//259
f 173//259 5231//204 6712//208 5253//260
f 143//225 147//246 174//261 150//262
f 150//262 174//261 175//263 151//264
f 151//264 175//263 176//265 152//266
f 152//266 176//265 5250//267 5249//268
f 147//246 148//248 177//269 174//261
f 174//261 177//269 178//270 175//263
f 175//263 178//270 179//271 176//265
f 176//265 179//271 5251//272 5250//267
f 148//248 149//250 180//273 177//269
f 177//269 180//273 181//274 178//270
f 178//270 181//274 182//275 179//271
f 179//271 182//275 5252//276 5251//272
f 149//250 5256//252 5257//277 180//273
f 180//273 5257//277 5258//278 181//274
f 181//274 5258//278 5259//279 182//275
f 182//275 5259//279 6714//280 5252//276
f 143//225 150//262 183//281 153//226
f 153//226 183//281 184//282 154//233
f 154//233 184//282 185//283 155//237
f 155//237 185//283 5262//284 5263//241
f 150//262 151//264 186//285 183//281
f 183//281 186//285 187//286 184//282
f 184//282 187//286 188//287 185//283
f 185//283 188//287 5261//288 5262//284
f 151//264 152//266 189//289 186//285
f 186//285 189//289 190//290 187//286
f 187//286 190//290 191//291 188//287
f 188//287 191//291 5260//292 5261//288
f 152//266 5249//268 5248//293 189//289
f 189//289 5248//293 5247//294 190//290
f 190//290 5247//294 5246//295 191//291
f 191//291 5246//295 6713//296 5260//292
f 192//297 202//298 205//299 193//300
f 193//300 205//299 206//301 194//302
f 194//302 206//301 207//303 195//304
f 195//304 207//303 5248//293 5249//268
f 202//298 203//305 208//306 205//299
f 205//299 208//306 209//307 206//301
f 206//301 209//307 210//308 207//303
f 207//303 210//308 5247//294 5248//293
f 203//305 204//309 211//310 208//306
f 208//306 211//310 212//311 209//307
f 209//307 212//311 213//312 210//308
f 210//308 213//312 5246//295 5247//294
f 204//309 5284//313 5285//314 211//310
f 211//310 5285//314 5286//315 212//311
f 212//311 5286//315 5287//316 213//312
f 213//312 5287//316 6713//296 5246//295
f 192//297 193//300 214//317 196//318
f 196//318 214//317 215//319 197//320
f 197//320 215//319 216//321 198//322
f 198//322 216//321 5276//323 5277//324
f 193//300 194//302 217//325 214//317
f 214//317 217//325 218//326 215//319
f 215//319 218//326 219//327 216//321
f 216//321 219//327 5275//328 5276//323
f 194//302 195//304 220//329 217//325
f 217//325 220//329 221//330 218//326
f 218//326 221//330 222//331 219//327
f 219//327 222//331 5274//332 5275//328
f 195//304 5249//268 5250//267 220//329
f 220//329 5250//267 5251//272 221//330
f 221//330 5251//272 5252//276 222//331
f 222//331 5252//276 6714//280 5274//332
f 192//297 196//318 223//333 199//334
f 199//334 223//333 224//335 200//336
f 200//336 224//335 225//337 201//338
f 201//338 225//337 5271//339 5270//340
f 196//318 197//320 226//341 223//333
f 223//333 226//341 227//342 224//335
f 224//335 227//342 228//343 225//337
f 225//337 228//343 5272//344 5271//339
f 197//320 198//322 229//345 226//341
f 226//341 229//345 230//346 227//342
f 227//342 230//346 231//347 228//343
f 228//343 231//347 5273//348 5272//344
f 198//322 5277//324 5278//349 229//345
f 229//345 5278//349 5279//350 230//346
f 230//346 5279//350 5280//351 231//347
f 231//347 5280//351 6716//352 5273//348
f 192//297 199//334 232//353 202//298
f 202//298 232//353 233//354 203//305
f 203//305 233//354 234//355 204//309
f 204//309 234//355 5283//356 5284//313
f 199//334 200//336 235//357 232//353
f 232//353 235//357 236//358 233//354
f 233//354 236//358 237//359 234//355
f 234//355 237//359 5282//360 5283//356
f 200//336 201//338 238//361 235//357
f 235//357 238//361 239//362 236//358
f 236//358 239//362 240//363 237//359
f 237//359 240//363 5281//364 5282//360
f 201//338 5270//340 5269//365 238//361
f 238//361 5269//365 5268//366 239//362
f 239//362 5268//366 5267//367 240//363
f 240//363 5267//367 6715//368 5281//364
f 241//369 251//370 254//371 242//372
f 242//372 254//371 255//373 243//374
f 243//374 255//373 256//375 244//376
f 244//376 256//375 5269//365 5270//340
f 251//370 252//377 257//378 254//371
f 254//371 257//378 258//379 255//373
f 255//373 258//379 259//380 256//375
f 256//375 259//380 5268//366 5269//365
f 252//377 253//381 260//382 257//378
f 257//378 260//382 261//383 258//379
f 258//379 261//383 262//384 259//380
f 259//380 262//384 5267//367 5268//366
f 253//381 5305//385 5306//386 260//382
f 260//382 5306//386 5307//387 261//383
f 261//383 5307//387 5308//388 262//384
f 262//384 5308//388 6715//368 5267//367
f 241//369 242//372 263//389 245//390
f 245//390 263//389 264//391 246//392
f 246//392 264//391 265//393 247//394
f 247//394 265//393 5297//395 5298//396
f 242//372 243//374 266//397 263//389
f 263//389 266//397 267//398 264//391
f 264//391 267//398 268//399 265//393
f 265//393 268//399 5296//400 5297//395
f 243//374 244//376 269//401 266//397
f 266//397 269//401 270//402 267//398
f 267//398 270//402 271//403 268//399
f 268//399 271//403 5295//404 5296//400
f 244//376 5270//340 5271//339 269//401
f 269//401 5271//339 5272//344 270//402
f 270//402 5272//344 5273//348 271//403
f 271//403 5273//348 6716//352 5295//404
f 241//369 245//390 272//405 248//406
f 248//406 272//405 273//407 249//408
f 249//408 273//407 274//409 250//410
f 250//410 274//409 5292//411 5291//412
f 245//390 246//392 275//413 272//405
f 272//405 275//413 276//414 273//407
f 273//407 276//414 277//415 274//409
f 274//409 277//415 5293//416 5292//411
f 246//392 247//394 278//417 275//413
f 275//413 278//417 279//418 276//414
f 276//414 279//418 280//419 277//415
f 277//415 280//419 5294//420 5293//416
f 247//394 5298//396 5299//421 278//417
f 278//417 5299//421 5300//422 279//418
f 279//418 5300//422 5301//423 280//419
f 280//419 5301//423 6718//424 5294//420
f 241//369 248//406 281//425 251//370
f 251//370 281//425 282//426 252//377
f 252//377 282//426 283//427 253//381
f 253//381 283//427 5304//428 5305//385
f 248//406 249//408 284//429 281//425
f 281//425 284//429 285//430 282//426
f 282//426 285//430 286//431 283//427
f 283//427 286//431 5303//432 5304//428
f 249//408 250//410 287//433 284//429
f 284//429 287//433 288//434 285//430
f 285//430 288//434 289//435 286//431
f 286//431 289//435 5302//436 5303//432
f 250//410 5291//412 5290//437 287//433
f 287//433 5290//437 5289//438 288//434
f 288//434 5289//438 5288//439 289//435
f 289//435 5288//439 6717//440 5302//436
f 290//441 300//442 303//443 291//444
f 291//444 303//443 304//445 292//446
f 292//446 304//445 305//447 293//448
f 293//448 305//447 5290//437 5291//412
f 300//442 301//449 306//450 303//443
f 303//443 306//450 307//451 304//445
f 304//445 307//451 308//452 305//447
f 305//447 308//452 5289//438 5290//437
f 301//449 302//453 309//454 306//450
f 306//450 309//454 310//455 307//451
f 307//451 310//455 311//456 308//452
f 308//452 311//456 5288//439 5289//438
f 290//441 291//444 312//457 294//458
f 294//458 312//457 313//459 295//460
f 295//460 313//459 314//461 296//462
f 296//462 314//461 5659//463 5660//464
f 291//444 292//446 315//465 312//457
f 312//457 315//465 316//466 313//459
f 313//459 316//466 317//467 314//461
f 314//461 317//467 5658//468 5659//463
f 292//446 293//448 318//469 315//465
f 315//465 318//469 319//470 316//466
f 316//466 319//470 320//471 317//467
f 317//467 320//471 5657//472 5658//468
f 293//448 5291//412 5292//411 318//469
f 318//469 5292//411 5293//416 319//470
f 319//470 5293//416 5294//420 320//471
f 320//471 5294//420 6718//424 5657//472
f 290//441 294//458 321//473 297//474
f 297//474 321//473 322//475 298//476
f 298//476 322//475 323//477 299//478
f 299//478 323//477 5666//479 5667//480
f 294//458 295//460 324//481 321//473
f 321//473 324//481 325//482 322//475
f 322//475 325//482 326//483 323//477
f 323//477 326//483 5665//484 5666//479
f 295//460 296//462 327//485 324//481
f 324//481 327//485 328//486 325//482
f 325//482 328//486 329//487 326//483
f 326//483 329//487 5664//488 5665//484
f 296//462 5660//464 5661//489 327//485
f 327//485 5661//489 5662//490 328//486
f 328//486 5662//490 5663//491 329//487
f 329//487 5663//491 6740//492 5664//488
f 290//441 297//474 330//493 300//442
f 300//442 330//493 331//494 301//449
f 301//449 331//494 332//495 302//453
f 297//474 298//476 333//496 330//493
f 330//493 333//496 334//497 331//494
f 331//494 334//497 335//498 332//495
f 298//476 299//478 336//499 333//496
f 333//496 336//499 337//500 334//497
f 334//497 337//500 338//501 335//498
f 299//478 5667//480 5668//502 336//499
f 336//499 5668//502 5669//503 337//500
f 339//504 349//505 352//506 340//507
f 340//507 352//506 353//508 341//509
f 341//509 353//508 354//510 342//511
f 342//511 354//510 5850//512 5849//513
f 349//505 350//514 355//515 352//506
f 352//506 355//515 356//516 353//508
f 353//508 356//516 357//517 354//510
f 354//510 357//517 5851//518 5850//512
f 350//514 351//519 358//520 355//515
f 355//515 358//520 359//521 356//516
f 356//516 359//521 360//522 357//517
f 357//517 360//522 5852//523 5851//518
f 359//521 5826//524 5825//525 360//522
f 360//522 5825//525 6752//526 5852//523
f 339//504 340//507 361//527 343//528
f 343//528 361//527 362//529 344//530
f 344//530 362//529 363//531 345//532
f 345//532 363//531 5861//533 5862//534
f 340//507 341//509 364//535 361//527
f 361//527 364//535 365//536 362//529
f 362//529 365//536 366//537 363//531
f 363//531 366//537 5860//538 5861//533
f 341//509 342//511 367//539 364//535
f 364//535 367//539 368//540 365//536
f 365//536 368//540 369//541 366//537
f 366//537 369//541 5859//542 5860//538
f 342//511 5849//513 5848//543 367//539
f 367//539 5848//543 5847//544 368//540
f 368//540 5847//544 5846//545 369//541
f 369//541 5846//545 6719//546 5859//542
f 339//504 343//528 370//547 346//548
f 346//548 370//547 371//549 347//550
f 347//550 371//549 372//551 348//552
f 343//528 344//530 373//553 370//547
f 370//547 373//553 374//554 371//549
f 371//549 374//554 375//555 372//551
f 372//551 375//555 5823//556 5822//557
f 344//530 345//532 376//558 373//553
f 373//553 376//558 377//559 374//554
f 374//554 377//559 378//560 375//555
f 375//555 378//560 5824//561 5823//556
f 345//532 5862//534 5863//562 376//558
f 376//558 5863//562 5864//563 377//559
f 377//559 5864//563 5865//564 378//560
f 378//560 5865//564 6753//565 5824//561
f 339//504 346//548 379//566 349//505
f 349//505 379//566 380//567 350//514
f 350//514 380//567 381//568 351//519
f 351//519 381//568 5828//569 5827//570
f 346//548 347//550 382//571 379//566
f 379//566 382//571 383//572 380//567
f 347//550 348//552 384//573 382//571
f 382//571 384//573 385//574 383//572
f 386//575 396//576 399//577 387//578
f 387//578 399//577 400//579 388//580
f 388//580 400//579 401//581 389//582
f 389//582 401//581 5800//583 5799//584
f 396//576 397//585 402//586 399//577
f 399//577 402//586 403//587 400//579
f 400//579 403//587 404//588 401//581
f 401//581 404//588 5801//589 5800//583
f 397//585 398//590 405//591 402//586
f 402//586 405//591 406//592 403//587
f 403//587 406//592 407//593 404//588
f 404//588 407//593 5802//594 5801//589
f 398//590 5333//595 5332//596 405//591
f 405//591 5332//596 5331//597 406//592
f 406//592 5331//597 5330//598 407//593
f 407//593 5330//598 6745//599 5802//594
f 386//575 387//578 408//600 390//601
f 390//601 408//600 409//602 391//603
f 391//603 409//602 410//604 392//605
f 392//605 410//604 5220//85 5221//84
f 387//578 388//580 411//606 408//600
f 408//600 411//606 412//607 409//602
f 409//602 412//607 413//608 410//604
f 410//604 413//608 5219//86 5220//85
f 388//580 389//582 414//609 411//606
f 411//606 414//609 415//610 412//607
f 412//607 415//610 416//611 413//608
f 413//608 416//611 5218//87 5219//86
f 389//582 5799//584 5798//612 414//609
f 414//609 5798//612 5797//613 415//610
f 415//610 5797//613 5796//614 416//611
f 416//611 5796//614 6744//88 5218//87
f 386//575 390//601 417//615 393//616
f 393//616 417//615 418//617 394//618
f 394//618 418//617 419//619 395//620
f 395//620 419//619 5339//621 5340//622
f 390//601 391//603 420//623 417//615
f 417//615 420//623 421//624 418//617
f 418//617 421//624 422//625 419//619
f 419//619 422//625 5338//626 5339//621
f 391//603 392//605 423//627 420//623
f 420//623 423//627 424//628 421//624
f 421//624 424//628 425//629 422//625
f 422//625 425//629 5337//630 5338//626
f 392//605 5221//84 5222//131 423//627
f 423//627 5222//131 5223//135 424//628
f 424//628 5223//135 5224//139 425//629
f 425//629 5224//139 6762//143 5337//630
f 386//575 393//616 426//631 396//576
f 396//576 426//631 427//632 397//585
f 397//585 427//632 428//633 398//590
f 398//590 428//633 5334//634 5333//595
f 393//616 394//618 429//635 426//631
f 426//631 429//635 430//636 427//632
f 427//632 430//636 431//637 428//633
f 428//633 431//637 5335//638 5334//634
f 394//618 395//620 432//639 429//635
f 429//635 432//639 433//640 430//636
f 430//636 433//640 434//641 431//637
f 431//637 434//641 5336//642 5335//638
f 395//620 5340//622 5341//643 432//639
f 432//639 5341//643 5342//644 433//640
f 433//640 5342//644 5343//645 434//641
f 434//641 5343//645 6772//646 5336//642
f 435//647 445//648 448//649 436//650
f 436//650 448//649 449//651 437//652
f 437//652 449//651 450//653 438//654
f 438//654 450//653 5332//596 5333//595
f 445//648 446//655 451//656 448//649
f 448//649 451//656 452//657 449//651
f 449//651 452//657 453//658 450//653
f 450//653 453//658 5331//597 5332//596
f 446//655 447//659 454//660 451//656
f 451//656 454//660 455//661 452//657
f 452//657 455//661 456//662 453//658
f 453//658 456//662 5330//598 5331//597
f 447//659 5792//663 5791//664 454//660
f 454//660 5791//664 5790//665 455//661
f 455//661 5790//665 5789//666 456//662
f 456//662 5789//666 6745//599 5330//598
f 435//647 436//650 457//667 439//668
f 439//668 457//667 458//669 440//670
f 440//670 458//669 459//671 441//672
f 441//672 459//671 5381//673 5382//674
f 436//650 437//652 460//675 457//667
f 457//667 460//675 461//676 458//669
f 458//669 461//676 462//677 459//671
f 459//671 462//677 5380//678 5381//673
f 437//652 438//654 463//679 460//675
f 460//675 463//679 464//680 461//676
f 461//676 464//680 465//681 462//677
f 462//677 465//681 5379//682 5380//678
f 438//654 5333//595 5334//634 463//679
f 463//679 5334//634 5335//638 464//680
f 464//680 5335//638 5336//642 465//681
f 465//681 5336//642 6772//646 5379//682
f 435//647 439//668 466//683 442//684
f 442//684 466//683 467//685 443//686
f 443//686 467//685 468//687 444//688
f 444//688 468//687 5376//689 5375//690
f 439//668 440//670 469//691 466//683
f 466//683 469//691 470//692 467//685
f 467//685 470//692 471//693 468//687
f 468//687 471//693 5377//694 5376//689
f 440//670 441//672 472//695 469//691
f 469//691 472//695 473//696 470//692
f 470//692 473//696 474//697 471//693
f 471//693 474//697 5378//698 5377//694
f 441//672 5382//674 5383//699 472//695
f 472//695 5383//699 5384//700 473//696
f 473//696 5384//700 5385//701 474//697
f 474//697 5385//701 6778//702 5378//698
f 435//647 442//684 475//703 445//648
f 445//648 475//703 476//704 446//655
f 446//655 476//704 477//705 447//659
f 447//659 477//705 5793//706 5792//663
f 442//684 443//686 478//707 475//703
f 475//703 478//707 479//708 476//704
f 476//704 479//708 480//709 477//705
f 477//705 480//709 5794//710 5793//706
f 443//686 444//688 481//711 478//707
f 478//707 481//711 482//712 479//708
f 479//708 482//712 483//713 480//709
f 480//709 483//713 5795//714 5794//710
f 444//688 5375//690 5374//715 481//711
f 481//711 5374//715 5373//716 482//712
f 482//712 5373//716 5372//717 483//713
f 483//713 5372//717 6746//718 5795//714
f 484//719 494//720 497//721 485//722
f 485//722 497//721 498//723 486//724
f 486//724 498//723 499//725 487//726
f 487//726 499//725 5278//349 5277//324
f 494//720 495//727 500//728 497//721
f 497//721 500//728 501//729 498//723
f 498//723 501//729 502//730 499//725
f 499//725 502//730 5279//350 5278//349
f 495//727 496//731 503//732 500//728
f 500//728 503//732 504//733 501//729
f 501//729 504//733 505//734 502//730
f 502//730 505//734 5280//351 5279//350
f 496//731 5403//735 5404//736 503//732
f 503//732 5404//736 5405//737 504//733
f 504//733 5405//737 5406//738 505//734
f 505//734 5406//738 6716//352 5280//351
f 484//719 485//722 506//739 488//740
f 488//740 506//739 507//741 489//742
f 489//742 507//741 508//743 490//744
f 490//744 508//743 5395//745 5396//746
f 485//722 486//724 509//747 506//739
f 506//739 509//747 510//748 507//741
f 507//741 510//748 511//749 508//743
f 508//743 511//749 5394//750 5395//745
f 486//724 487//726 512//751 509//747
f 509//747 512//751 513//752 510//748
f 510//748 513//752 514//753 511//749
f 511//749 514//753 5393//754 5394//750
f 487//726 5277//324 5276//323 512//751
f 512//751 5276//323 5275//328 513//752
f 513//752 5275//328 5274//332 514//753
f 514//753 5274//332 6714//280 5393//754
f 484//719 488//740 515//755 491//756
f 491//756 515//755 516//757 492//758
f 492//758 516//757 517//759 493//760
f 493//760 517//759 5360//761 5361//762
f 488//740 489//742 518//763 515//755
f 515//755 518//763 519//764 516//757
f 516//757 519//764 520//765 517//759
f 517//759 520//765 5359//766 5360//761
f 489//742 490//744 521//767 518//763
f 518//763 521//767 522//768 519//764
f 519//764 522//768 523//769 520//765
f 520//765 523//769 5358//770 5359//766
f 490//744 5396//746 5397//771 521//767
f 521//767 5397//771 5398//772 522//768
f 522//768 5398//772 5399//773 523//769
f 523//769 5399//773 6723//774 5358//770
f 484//719 491//756 524//775 494//720
f 494//720 524//775 525//776 495//727
f 495//727 525//776 526//777 496//731
f 496//731 526//777 5402//778 5403//735
f 491//756 492//758 527//779 524//775
f 524//775 527//779 528//780 525//776
f 525//776 528//780 529//781 526//777
f 526//777 529//781 5401//782 5402//778
f 492//758 493//760 530//783 527//779
f 527//779 530//783 531//784 528//780
f 528//780 531//784 532//785 529//781
f 529//781 532//785 5400//786 5401//782
f 493//760 5361//762 5362//787 530//783
f 530//783 5362//787 5363//788 531//784
f 531//784 5363//788 5364//789 532//785
f 532//785 5364//789 6724//790 5400//786
f 533//791 543//792 546//793 534//794
f 534//794 546//793 547//795 535//796
f 535//796 547//795 548//797 536//798
f 536//798 548//797 5236//205 5235//176
f 543//792 544//799 549//800 546//793
f 546//793 549//800 550//801 547//795
f 547//795 550//801 551//802 548//797
f 548//797 551//802 5237//206 5236//205
f 544//799 545//803 552//804 549//800
f 549//800 552//804 553//805 550//801
f 550//801 553//805 554//806 551//802
f 551//802 554//806 5238//207 5237//206
f 545//803 5410//807 5411//808 552//804
f 552//804 5411//808 5412//809 553//805
f 553//805 5412//809 5413//810 554//806
f 554//806 5413//810 6712//208 5238//207
f 533//791 534//794 555//811 537//812
f 537//812 555//811 556//813 538//814
f 538//814 556//813 557//815 539//816
f 539//816 557//815 5390//817 5389//818
f 534//794 535//796 558//819 555//811
f 555//811 558//819 559//820 556//813
f 556//813 559//820 560//821 557//815
f 557//815 560//821 5391//822 5390//817
f 535//796 536//798 561//823 558//819
f 558//819 561//823 562//824 559//820
f 559//820 562//824 563//825 560//821
f 560//821 563//825 5392//826 5391//822
f 536//798 5235//176 5234//175 561//823
f 561//823 5234//175 5233//180 562//824
f 562//824 5233//180 5232//184 563//825
f 563//825 5232//184 6710//188 5392//826
f 533//791 537//812 564//827 540//828
f 540//828 564//827 565//829 541//830
f 541//830 565//829 566//831 542//832
f 542//832 566//831 5346//833 5347//834
f 537//812 538//814 567//835 564//827
f 564//827 567//835 568//836 565//829
f 565//829 568//836 569//837 566//831
f 566//831 569//837 5345//838 5346//833
f 538//814 539//816 570//839 567//835
f 567//835 570//839 571//840 568//836
f 568//836 571//840 572//841 569//837
f 569//837 572//841 5344//842 5345//838
f 539//816 5389//818 5388//843 570//839
f 570//839 5388//843 5387//844 571//840
f 571//840 5387//844 5386//845 572//841
f 572//841 5386//845 6721//846 5344//842
f 533//791 540//828 573//847 543//792
f 543//792 573//847 574//848 544//799
f 544//799 574//848 575//849 545//803
f 545//803 575//849 5409//850 5410//807
f 540//828 541//830 576//851 573//847
f 573//847 576//851 577//852 574//848
f 574//848 577//852 578//853 575//849
f 575//849 578//853 5408//854 5409//850
f 541//830 542//832 579//855 576//851
f 576//851 579//855 580//856 577//852
f 577//852 580//856 581//857 578//853
f 578//853 581//857 5407//858 5408//854
f 542//832 5347//834 5348//859 579//855
f 579//855 5348//859 5349//860 580//856
f 580//856 5349//860 5350//861 581//857
f 581//857 5350//861 6722//862 5407//858
f 582//863 592//864 595//865 583//866
f 583//866 595//865 596//867 584//868
f 584//868 596//867 597//869 585//870
f 585//870 597//869 5299//421 5298//396
f 592//864 593//871 598//872 595//865
f 595//865 598//872 599//873 596//867
f 596//867 599//873 600//874 597//869
f 597//869 600//874 5300//422 5299//421
f 593//871 594//875 601//876 598//872
f 598//872 601//876 602//877 599//873
f 599//873 602//877 603//878 600//874
f 600//874 603//878 5301//423 5300//422
f 594//875 5417//879 5418//880 601//876
f 601//876 5418//880 5419//881 602//877
f 602//877 5419//881 5420//882 603//878
f 603//878 5420//882 6718//424 5301//423
f 582//863 583//866 604//883 586//884
f 586//884 604//883 605//885 587//886
f 587//886 605//885 606//887 588//888
f 588//888 606//887 5404//736 5403//735
f 583//866 584//868 607//889 604//883
f 604//883 607//889 608//890 605//885
f 605//885 608//890 609//891 606//887
f 606//887 609//891 5405//737 5404//736
f 584//868 585//870 610//892 607//889
f 607//889 610//892 611//893 608//890
f 608//890 611//893 612//894 609//891
f 609//891 612//894 5406//738 5405//737
f 585//870 5298//396 5297//395 610//892
f 610//892 5297//395 5296//400 611//893
f 611//893 5296//400 5295//404 612//894
f 612//894 5295//404 6716//352 5406//738
f 582//863 586//884 613//895 589//896
f 589//896 613//895 614//897 590//898
f 590//898 614//897 615//899 591//900
f 591//900 615//899 5367//901 5368//902
f 586//884 587//886 616//903 613//895
f 613//895 616//903 617//904 614//897
f 614//897 617//904 618//905 615//899
f 615//899 618//905 5366//906 5367//901
f 587//886 588//888 619//907 616//903
f 616//903 619//907 620//908 617//904
f 617//904 620//908 621//909 618//905
f 618//905 621//909 5365//910 5366//906
f 588//888 5403//735 5402//778 619//907
f 619//907 5402//778 5401//782 620//908
f 620//908 5401//782 5400//786 621//909
f 621//909 5400//786 6724//790 5365//910
f 582//863 589//896 622//911 592//864
f 592//864 622//911 623//912 593//871
f 593//871 623//912 624//913 594//875
f 594//875 624//913 5416//914 5417//879
f 589//896 590//898 625//915 622//911
f 622//911 625//915 626//916 623//912
f 623//912 626//916 627//917 624//913
f 624//913 627//917 5415//918 5416//914
f 590//898 591//900 628//919 625//915
f 625//915 628//919 629//920 626//916
f 626//916 629//920 630//921 627//917
f 627//917 630//921 5414//922 5415//918
f 591//900 5368//902 5369//923 628//919
f 628//919 5369//923 5370//924 629//920
f 629//920 5370//924 5371//925 630//921
f 630//921 5371//925 6725//926 5414//922
f 631//927 641//928 644//929 632//930
f 632//930 644//929 645//931 633//932
f 633//932 645//931 646//933 634//934
f 634//934 646//933 5257//277 5256//252
f 641//928 642//935 647//936 644//929
f 644//929 647//936 648//937 645//931
f 645//931 648//937 649//938 646//933
f 646//933 649//938 5258//278 5257//277
f 642//935 643//939 650//940 647//936
f 647//936 650//940 651//941 648//937
f 648//937 651//941 652//942 649//938
f 649//938 652//942 5259//279 5258//278
f 643//939 5396//746 5395//745 650//940
f 650//940 5395//745 5394//750 651//941
f 651//941 5394//750 5393//754 652//942
f 652//942 5393//754 6714//280 5259//279
f 631//927 632//930 653//943 635//944
f 635//944 653//943 654//945 636//946
f 636//946 654//945 655//947 637//948
f 637//948 655//947 5411//808 5410//807
f 632//930 633//932 656//949 653//943
f 653//943 656//949 657//950 654//945
f 654//945 657//950 658//951 655//947
f 655//947 658//951 5412//809 5411//808
f 633//932 634//934 659//952 656//949
f 656//949 659//952 660//953 657//950
f 657//950 660//953 661//954 658//951
f 658//951 661//954 5413//810 5412//809
f 634//934 5256//252 5255//251 659//952
f 659//952 5255//251 5254//256 660//953
f 660//953 5254//256 5253//260 661//954
f 661//954 5253//260 6712//208 5413//810
f 631//927 635//944 662//955 638//956
f 638//956 662//955 663//957 639//958
f 639//958 663//957 664//959 640//960
f 640//960 664//959 5353//961 5354//962
f 635//944 636//946 665//963 662//955
f 662//955 665//963 666//964 663//957
f 663//957 666//964 667//965 664//959
f 664//959 667//965 5352//966 5353//961
f 636//946 637//948 668//967 665//963
f 665//963 668//967 669//968 666//964
f 666//964 669//968 670//969 667//965
f 667//965 670//969 5351//970 5352//966
f 637//948 5410//807 5409//850 668//967
f 668//967 5409//850 5408//854 669//968
f 669//968 5408//854 5407//858 670//969
f 670//969 5407//858 6722//862 5351//970
f 631//927 638//956 671//971 641//928
f 641//928 671//971 672//972 642//935
f 642//935 672//972 673//973 643//939
f 643//939 673//973 5397//771 5396//746
f 638//956 639//958 674//974 671//971
f 671//971 674//974 675//975 672//972
f 672//972 675//975 676//976 673//973
f 673//973 676//976 5398//772 5397//771
f 639//958 640//960 677//977 674//974
f 674//974 677//977 678//978 675//975
f 675//975 678//978 679//979 676//976
f 676//976 679//979 5399//773 5398//772
f 640//960 5354//962 5355//980 677//977
f 677//977 5355//980 5356//981 678//978
f 678//978 5356//981 5357//982 679//979
f 679//979 5357//982 6723//774 5399//773
f 680//983 690//984 693//985 681//986
f 681//986 693//985 694//987 682//988
f 682//988 694//987 695//989 683//990
f 683//990 695//989 5374//715 5375//690
f 690//984 691//991 696//992 693//985
f 693//985 696//992 697//993 694//987
f 694//987 697//993 698//994 695//989
f 695//989 698//994 5373//716 5374//715
f 691//991 692//995 699//996 696//992
f 696//992 699//996 700//997 697//993
f 697//993 700//997 701//998 698//994
f 698//994 701//998 5372//717 5373//716
f 692//995 5785//999 5784//1000 699//996
f 699//996 5784//1000 5783//1001 700//997
f 700//997 5783//1001 5782//1002 701//998
f 701//998 5782//1002 6746//718 5372//717
f 680//983 681//986 702//1003 684//1004
f 684//1004 702//1003 703//1005 685//1006
f 685//1006 703//1005 704//1007 686//1008
f 686//1008 704//1007 5451//1009 5452//1010
f 681//986 682//988 705//1011 702//1003
f 702//1003 705//1011 706//1012 703//1005
f 703//1005 706//1012 707//1013 704//1007
f 704//1007 707//1013 5450//1014 5451//1009
f 682//988 683//990 708//1015 705//1011
f 705//1011 708//1015 709//1016 706//1012
f 706//1012 709//1016 710//1017 707//1013
f 707//1013 710//1017 5449//1018 5450//1014
f 683//990 5375//690 5376//689 708//1015
f 708//1015 5376//689 5377//694 709//1016
f 709//1016 5377//694 5378//698 710//1017
f 710//1017 5378//698 6778//702 5449//1018
f 680//983 684//1004 711//1019 687//1020
f 687//1020 711//1019 712//1021 688//1022
f 688//1022 712//1021 713//1023 689//1024
f 689//1024 713//1023 5446//1025 5445//1026
f 684//1004 685//1006 714//1027 711//1019
f 711//1019 714//1027 715//1028 712//1021
f 712//1021 715//1028 716//1029 713//1023
f 713//1023 716//1029 5447//1030 5446//1025
f 685//1006 686//1008 717//1031 714//1027
f 714//1027 717//1031 718//1032 715//1028
f 715//1028 718//1032 719//1033 716//1029
f 716//1029 719//1033 5448//1034 5447//1030
f 686//1008 5452//1010 5453//1035 717//1031
f 717//1031 5453//1035 5454//1036 718//1032
f 718//1032 5454//1036 5455//1037 719//1033
f 719//1033 5455//1037 6783//1038 5448//1034
f 680//983 687//1020 720//1039 690//984
f 690//984 720//1039 721//1040 691//991
f 691//991 721//1040 722//1041 692//995
f 692//995 722//1041 5786//1042 5785//999
f 687//1020 688//1022 723//1043 720//1039
f 720//1039 723//1043 724//1044 721//1040
f 721//1040 724//1044 725//1045 722//1041
f 722//1041 725//1045 5787//1046 5786//1042
f 688//1022 689//1024 726//1047 723//1043
f 723//1043 726//1047 727//1048 724//1044
f 724//1044 727//1048 728//1049 725//1045
f 725//1045 728//1049 5788//1050 5787//1046
f 689//1024 5445//1026 5444//1051 726//1047
f 726//1047 5444//1051 5443//1052 727//1048
f 727//1048 5443//1052 5442//1053 728//1049
f 728//1049 5442//1053 6747//1054 5788//1050
f 729//1055 739//1056 742//1057 730//1058
f 730//1058 742//1057 743//1059 731//1060
f 731//1060 743//1059 744//1061 732//1062
f 732//1062 744//1061 5362//787 5361//762
f 739//1056 740//1063 745//1064 742//1057
f 742//1057 745//1064 746//1065 743//1059
f 743//1059 746//1065 747//1066 744//1061
f 744//1061 747//1066 5363//788 5362//787
f 740//1063 741//1067 748//1068 745//1064
f 745//1064 748//1068 749//1069 746//1065
f 746//1065 749//1069 750//1070 747//1066
f 747//1066 750//1070 5364//789 5363//788
f 741//1067 5473//1071 5474//1072 748//1068
f 748//1068 5474//1072 5475//1073 749//1069
f 749//1069 5475//1073 5476//1074 750//1070
f 750//1070 5476//1074 6724//790 5364//789
f 729//1055 730//1058 751//1075 733//1076
f 733//1076 751//1075 752//1077 734//1078
f 734//1078 752//1077 753//1079 735//1080
f 735//1080 753//1079 5465//1081 5466//1082
f 730//1058 731//1060 754//1083 751//1075
f 751//1075 754//1083 755//1084 752//1077
f 752//1077 755//1084 756//1085 753//1079
f 753//1079 756//1085 5464//1086 5465//1081
f 731//1060 732//1062 757//1087 754//1083
f 754//1083 757//1087 758//1088 755//1084
f 755//1084 758//1088 759//1089 756//1085
f 756//1085 759//1089 5463//1090 5464//1086
f 732//1062 5361//762 5360//761 757//1087
f 757//1087 5360//761 5359//766 758//1088
f 758//1088 5359//766 5358//770 759//1089
f 759//1089 5358//770 6723//774 5463//1090
f 729//1055 733//1076 760//1091 736//1092
f 736//1092 760//1091 761//1093 737//1094
f 737//1094 761//1093 762//1095 738//1096
f 738//1096 762//1095 5437//1097 5438//1098
f 733//1076 734//1078 763//1099 760//1091
f 760//1091 763//1099 764//1100 761//1093
f 761//1093 764//1100 765//1101 762//1095
f 762//1095 765//1101 5436//1102 5437//1097
f 734//1078 735//1080 766//1103 763//1099
f 763//1099 766//1103 767//1104 764//1100
f 764//1100 767//1104 768//1105 765//1101
f 765//1101 768//1105 5435//1106 5436//1102
f 735//1080 5466//1082 5467//1107 766//1103
f 766//1103 5467//1107 5468//1108 767//1104
f 767//1104 5468//1108 5469//1109 768//1105
f 768//1105 5469//1109 6728//1110 5435//1106
f 729//1055 736//1092 769//1111 739//1056
f 739//1056 769//1111 770//1112 740//1063
f 740//1063 770//1112 771//1113 741//1067
f 741//1067 771//1113 5472//1114 5473//1071
f 736//1092 737//1094 772//1115 769//1111
f 769//1111 772//1115 773//1116 770//1112
f 770//1112 773//1116 774//1117 771//1113
f 771//1113 774//1117 5471//1118 5472//1114
f 737//1094 738//1096 775//1119 772//1115
f 772//1115 775//1119 776//1120 773//1116
f 773//1116 776//1120 777//1121 774//1117
f 774//1117 777//1121 5470//1122 5471//1118
f 738//1096 5438//1098 5439//1123 775//1119
f 775//1119 5439//1123 5440//1124 776//1120
f 776//1120 5440//1124 5441//1125 777//1121
f 777//1121 5441//1125 6729//1126 5470//1122
f 778//1127 788//1128 791//1129 779//1130
f 779//1130 791//1129 792//1131 780//1132
f 780//1132 792//1131 793//1133 781//1134
f 781//1134 793//1133 5348//859 5347//834
f 788//1128 789//1135 794//1136 791//1129
f 791//1129 794//1136 795//1137 792//1131
f 792//1131 795//1137 796//1138 793//1133
f 793//1133 796//1138 5349//860 5348//859
f 789//1135 790//1139 797//1140 794//1136
f 794//1136 797//1140 798//1141 795//1137
f 795//1137 798//1141 799//1142 796//1138
f 796//1138 799//1142 5350//861 5349//860
f 790//1139 5480//1143 5481//1144 797//1140
f 797//1140 5481//1144 5482//1145 798//1141
f 798//1141 5482//1145 5483//1146 799//1142
f 799//1142 5483//1146 6722//862 5350//861
f 778//1127 779//1130 800//1147 782//1148
f 782//1148 800//1147 801//1149 783//1150
f 783//1150 801//1149 802//1151 784//1152
f 784//1152 802//1151 5460//1153 5459//1154
f 779//1130 780//1132 803//1155 800//1147
f 800//1147 803//1155 804//1156 801//1149
f 801//1149 804//1156 805//1157 802//1151
f 802//1151 805//1157 5461//1158 5460//1153
f 780//1132 781//1134 806//1159 803//1155
f 803//1155 806//1159 807//1160 804//1156
f 804//1156 807//1160 808//1161 805//1157
f 805//1157 808//1161 5462//1162 5461//1158
f 781//1134 5347//834 5346//833 806//1159
f 806//1159 5346//833 5345//838 807//1160
f 807//1160 5345//838 5344//842 808//1161
f 808//1161 5344//842 6721//846 5462//1162
f 778//1127 782//1148 809//1163 785//1164
f 785//1164 809//1163 810//1165 786//1166
f 786//1166 810//1165 811//1167 787//1168
f 787//1168 811//1167 5423//1169 5424//1170
f 782//1148 783//1150 812//1171 809//1163
f 809//1163 812//1171 813//1172 810//1165
f 810//1165 813//1172 814//1173 811//1167
f 811//1167 814//1173 5422//1174 5423//1169
f 783//1150 784//1152 815//1175 812//1171
f 812//1171 815//1175 816//1176 813//1172
f 813//1172 816//1176 817//1177 814//1173
f 814//1173 817//1177 5421//1178 5422//1174
f 784//1152 5459//1154 5458//1179 815//1175
f 815//1175 5458//1179 5457//1180 816//1176
f 816//1176 5457//1180 5456//1181 817//1177
f 817//1177 5456//1181 6726//1182 5421//1178
f 778//1127 785//1164 818//1183 788//1128
f 788//1128 818//1183 819//1184 789//1135
f 789//1135 819//1184 820//1185 790//1139
f 790//1139 820//1185 5479//1186 5480//1143
f 785//1164 786//1166 821//1187 818//1183
f 818//1183 821//1187 822//1188 819//1184
f 819//1184 822//1188 823//1189 820//1185
f 820//1185 823//1189 5478//1190 5479//1186
f 786//1166 787//1168 824//1191 821//1187
f 821//1187 824//1191 825//1192 822//1188
f 822//1188 825//1192 826//1193 823//1189
f 823//1189 826//1193 5477//1194 5478//1190
f 787//1168 5424//1170 5425//1195 824//1191
f 824//1191 5425//1195 5426//1196 825//1192
f 825//1192 5426//1196 5427//1197 826//1193
f 826//1193 5427//1197 6727//1198 5477//1194
f 827//1199 837//1200 840//1201 828//1202
f 828//1202 840//1201 841//1203 829//1204
f 829//1204 841//1203 842//1205 830//1206
f 830//1206 842//1205 5897//1207 5896//1208
f 837//1200 838//1209 843//1210 840//1201
f 840//1201 843//1210 844//1211 841//1203
f 841//1203 844//1211 845//1212 842//1205
f 842//1205 845//1212 5898//1213 5897//1207
f 838//1209 839//1214 846//1215 843//1210
f 843//1210 846//1215 847//1216 844//1211
f 844//1211 847//1216 848//1217 845//1212
f 845//1212 848//1217 5899//1218 5898//1213
f 839//1214 5653//1219 5652//1220 846//1215
f 846//1215 5652//1220 5651//1221 847//1216
f 847//1216 5651//1221 5650//1222 848//1217
f 848//1217 5650//1222 6725//926 5899//1218
f 827//1199 828//1202 849//1223 831//1224
f 831//1224 849//1223 850//1225 832//1226
f 832//1226 850//1225 851//1227 833//1228
f 828//1202 829//1204 852//1229 849//1223
f 849//1223 852//1229 853//1230 850//1225
f 850//1225 853//1230 854//1231 851//1227
f 851//1227 854//1231 5834//1232 5833//1233
f 829//1204 830//1206 855//1234 852//1229
f 852//1229 855//1234 856//1235 853//1230
f 853//1230 856//1235 857//1236 854//1231
f 854//1231 857//1236 5835//1237 5834//1232
f 830//1206 5896//1208 5895//1238 855//1234
f 855//1234 5895//1238 5894//1239 856//1235
f 856//1235 5894//1239 5893//1240 857//1236
f 857//1236 5893//1240 6754//1241 5835//1237
f 827//1199 831//1224 858//1242 834//1243
f 834//1243 858//1242 859//1244 835//1245
f 835//1245 859//1244 860//1246 836//1247
f 836//1247 860//1246 5877//1248 5876//1249
f 831//1224 832//1226 861//1250 858//1242
f 858//1242 861//1250 862//1251 859//1244
f 859//1244 862//1251 863//1252 860//1246
f 860//1246 863//1252 5878//1253 5877//1248
f 832//1226 833//1228 864//1254 861//1250
f 827//1199 834//1243 865//1255 837//1200
f 837//1200 865//1255 866//1256 838//1209
f 838//1209 866//1256 867//1257 839//1214
f 839//1214 867//1257 5654//1258 5653//1219
f 834//1243 835//1245 868//1259 865//1255
f 865//1255 868//1259 869//1260 866//1256
f 866//1256 869//1260 870//1261 867//1257
f 867//1257 870//1261 5655//1262 5654//1258
f 835//1245 836//1247 871//1263 868//1259
f 868//1259 871//1263 872//1264 869//1260
f 869//1260 872//1264 873//1265 870//1261
f 870//1261 873//1265 5656//1266 5655//1262
f 836//1247 5876//1249 5875//1267 871//1263
f 871//1263 5875//1267 5874//1268 872//1264
f 872//1264 5874//1268 5873//1269 873//1265
f 873//1265 5873//1269 6739//1270 5656//1266
f 874//1271 884//1272 887//1273 875//1274
f 875//1274 887//1273 888//1275 876//1276
f 876//1276 888//1275 889//1277 877//1278
f 877//1278 889//1277 5355//980 5354//962
f 884//1272 885//1279 890//1280 887//1273
f 887//1273 890//1280 891//1281 888//1275
f 888//1275 891//1281 892//1282 889//1277
f 889//1277 892//1282 5356//981 5355//980
f 885//1279 886//1283 893//1284 890//1280
f 890//1280 893//1284 894//1285 891//1281
f 891//1281 894//1285 895//1286 892//1282
f 892//1282 895//1286 5357//982 5356//981
f 886//1283 5466//1082 5465//1081 893//1284
f 893//1284 5465//1081 5464//1086 894//1285
f 894//1285 5464//1086 5463//1090 895//1286
f 895//1286 5463//1090 6723//774 5357//982
f 874//1271 875//1274 896//1287 878//1288
f 878//1288 896//1287 897//1289 879//1290
f 879//1290 897//1289 898//1291 880//1292
f 880//1292 898//1291 5481//1144 5480//1143
f 875//1274 876//1276 899//1293 896//1287
f 896//1287 899//1293 900//1294 897//1289
f 897//1289 900//1294 901//1295 898//1291
f 898//1291 901//1295 5482//1145 5481//1144
f 876//1276 877//1278 902//1296 899//1293
f 899//1293 902//1296 903//1297 900//1294
f 900//1294 903//1297 904//1298 901//1295
f 901//1295 904//1298 5483//1146 5482//1145
f 877//1278 5354//962 5353//961 902//1296
f 902//1296 5353//961 5352//966 903//1297
f 903//1297 5352//966 5351//970 904//1298
f 904//1298 5351//970 6722//862 5483//1146
f 874//1271 878//1288 905//1299 881//1300
f 881//1300 905//1299 906//1301 882//1302
f 882//1302 906//1301 907//1303 883//1304
f 883//1304 907//1303 5430//1305 5431//1306
f 878//1288 879//1290 908//1307 905//1299
f 905//1299 908//1307 909//1308 906//1301
f 906//1301 909//1308 910//1309 907//1303
f 907//1303 910//1309 5429//1310 5430//1305
f 879//1290 880//1292 911//1311 908//1307
f 908//1307 911//1311 912//1312 909//1308
f 909//1308 912//1312 913//1313 910//1309
f 910//1309 913//1313 5428//1314 5429//1310
f 880//1292 5480//1143 5479//1186 911//1311
f 911//1311 5479//1186 5478//1190 912//1312
f 912//1312 5478//1190 5477//1194 913//1313
f 913//1313 5477//1194 6727//1198 5428//1314
f 874//1271 881//1300 914//1315 884//1272
f 884//1272 914//1315 915//1316 885//1279
f 885//1279 915//1316 916//1317 886//1283
f 886//1283 916//1317 5467//1107 5466//1082
f 881//1300 882//1302 917//1318 914//1315
f 914//1315 917//1318 918//1319 915//1316
f 915//1316 918//1319 919//1320 916//1317
f 916//1317 919//1320 5468//1108 5467//1107
f 882//1302 883//1304 920//1321 917//1318
f 917//1318 920//1321 921//1322 918//1319
f 918//1319 921//1322 922//1323 919//1320
f 919//1320 922//1323 5469//1109 5468//1108
f 883//1304 5431//1306 5432//1324 920//1321
f 920//1321 5432//1324 5433//1325 921//1322
f 921//1322 5433//1325 5434//1326 922//1323
f 922//1323 5434//1326 6728//1110 5469//1109
f 923//1327 933//1328 936//1329 924//1330
f 924//1330 936//1329 937//1331 925//1332
f 925//1332 937//1331 938//1333 926//1334
f 926//1334 938//1333 5444//1051 5445//1026
f 933//1328 934//1335 939//1336 936//1329
f 936//1329 939//1336 940//1337 937//1331
f 937//1331 940//1337 941//1338 938//1333
f 938//1333 941//1338 5443//1052 5444//1051
f 934//1335 935//1339 942//1340 939//1336
f 939//1336 942//1340 943//1341 940//1337
f 940//1337 943//1341 944//1342 941//1338
f 941//1338 944//1342 5442//1053 5443//1052
f 935//1339 5778//1343 5777//1344 942//1340
f 942//1340 5777//1344 5776//1345 943//1341
f 943//1341 5776//1345 5775//1346 944//1342
f 944//1342 5775//1346 6747//1054 5442//1053
f 923//1327 924//1330 945//1347 927//1348
f 927//1348 945//1347 946//1349 928//1350
f 928//1350 946//1349 947//1351 929//1352
f 929//1352 947//1351 5507//1353 5508//1354
f 924//1330 925//1332 948//1355 945//1347
f 945//1347 948//1355 949//1356 946//1349
f 946//1349 949//1356 950//1357 947//1351
f 947//1351 950//1357 5506//1358 5507//1353
f 925//1332 926//1334 951//1359 948//1355
f 948//1355 951//1359 952//1360 949//1356
f 949//1356 952//1360 953//1361 950//1357
f 950//1357 953//1361 5505//1362 5506//1358
f 926//1334 5445//1026 5446//1025 951//1359
f 951//1359 5446//1025 5447//1030 952//1360
f 952//1360 5447//1030 5448//1034 953//1361
f 953//1361 5448//1034 6783//1038 5505//1362
f 923//1327 927//1348 954//1363 930//1364
f 930//1364 954//1363 955//1365 931//1366
f 931//1366 955//1365 956//1367 932//1368
f 932//1368 956//1367 5502//1369 5501//1370
f 927//1348 928//1350 957//1371 954//1363
f 954//1363 957//1371 958//1372 955//1365
f 955//1365 958//1372 959//1373 956//1367
f 956//1367 959//1373 5503//1374 5502//1369
f 928//1350 929//1352 960//1375 957//1371
f 957//1371 960//1375 961//1376 958//1372
f 958//1372 961//1376 962//1377 959//1373
f 959//1373 962//1377 5504//1378 5503//1374
f 929//1352 5508//1354 5509//1379 960//1375
f 960//1375 5509//1379 5510//1380 961//1376
f 961//1376 5510//1380 5511//1381 962//1377
f 962//1377 5511//1381 6787//1382 5504//1378
f 923//1327 930//1364 963//1383 933//1328
f 933//1328 963//1383 964//1384 934//1335
f 934//1335 964//1384 965//1385 935//1339
f 935//1339 965//1385 5779//1386 5778//1343
f 930//1364 931//1366 966//1387 963//1383
f 963//1383 966//1387 967//1388 964//1384
f 964//1384 967//1388 968//1389 965//1385
f 965//1385 968//1389 5780//1390 5779//1386
f 931//1366 932//1368 969//1391 966//1387
f 966//1387 969//1391 970//1392 967//1388
f 967//1388 970//1392 971//1393 968//1389
f 968//1389 971//1393 5781//1394 5780//1390
f 932//1368 5501//1370 5500//1395 969//1391
f 969//1391 5500//1395 5499//1396 970//1392
f 970//1392 5499//1396 5498//1397 971//1393
f 971//1393 5498//1397 6748//1398 5781//1394
f 972//1399 982//1400 985//1401 973//1402
f 973//1402 985//1401 986//1403 974//1404
f 974//1404 986//1403 987//1405 975//1406
f 975//1406 987//1405 5425//1195 5424//1170
f 982//1400 983//1407 988//1408 985//1401
f 985//1401 988//1408 989//1409 986//1403
f 986//1403 989//1409 990//1410 987//1405
f 987//1405 990//1410 5426//1196 5425//1195
f 983//1407 984//1411 991//1412 988//1408
f 988//1408 991//1412 992//1413 989//1409
f 989//1409 992//1413 993//1414 990//1410
f 990//1410 993//1414 5427//1197 5426//1196
f 984//1411 5529//1415 5530//1416 991//1412
f 991//1412 5530//1416 5531//1417 992//1413
f 992//1413 5531//1417 5532//1418 993//1414
f 993//1414 5532//1418 6727//1198 5427//1197
f 972//1399 973//1402 994//1419 976//1420
f 976//1420 994//1419 995//1421 977//1422
f 977//1422 995//1421 996//1423 978//1424
f 978//1424 996//1423 5516//1425 5515//1426
f 973//1402 974//1404 997//1427 994//1419
f 994//1419 997//1427 998//1428 995//1421
f 995//1421 998//1428 999//1429 996//1423
f 996//1423 999//1429 5517//1430 5516//1425
f 974//1404 975//1406 1000//1431 997//1427
f 997//1427 1000//1431 1001//1432 998//1428
f 998//1428 1001//1432 1002//1433 999//1429
f 999//1429 1002//1433 5518//1434 5517//1430
f 975//1406 5424//1170 5423//1169 1000//1431
f 1000//1431 5423//1169 5422//1174 1001//1432
f 1001//1432 5422//1174 5421//1178 1002//1433
f 1002//1433 5421//1178 6726//1182 5518//1434
f 972//1399 976//1420 1003//1435 979//1436
f 979//1436 1003//1435 1004//1437 980//1438
f 980//1438 1004//1437 1005//1439 981//1440
f 981//1440 1005//1439 5486//1441 5487//1442
f 976//1420 977//1422 1006//1443 1003//1435
f 1003//1435 1006//1443 1007//1444 1004//1437
f 1004//1437 1007//1444 1008//1445 1005//1439
f 1005//1439 1008//1445 5485//1446 5486//1441
f 977//1422 978//1424 1009//1447 1006//1443
f 1006//1443 1009//1447 1010//1448 1007//1444
f 1007//1444 1010//1448 1011//1449 1008//1445
f 1008//1445 1011//1449 5484//1450 5485//1446
f 978//1424 5515//1426 5514//1451 1009//1447
f 1009//1447 5514//1451 5513//1452 1010//1448
f 1010//1448 5513//1452 5512//1453 1011//1449
f 1011//1449 5512//1453 6730//1454 5484//1450
f 972//1399 979//1436 1012//1455 982//1400
f 982//1400 1012//1455 1013//1456 983//1407
f 983//1407 1013//1456 1014//1457 984//1411
f 984//1411 1014//1457 5528//1458 5529//1415
f 979//1436 980//1438 1015//1459 1012//1455
f 1012//1455 1015//1459 1016//1460 1013//1456
f 1013//1456 1016//1460 1017//1461 1014//1457
f 1014//1457 1017//1461 5527//1462 5528//1458
f 980//1438 981//1440 1018//1463 1015//1459
f 1015//1459 1018//1463 1019//1464 1016//1460
f 1016//1460 1019//1464 1020//1465 1017//1461
f 1017//1461 1020//1465 5526//1466 5527//1462
f 981//1440 5487//1442 5488//1467 1018//1463
f 1018//1463 5488//1467 5489//1468 1019//1464
f 1019//1464 5489//1468 5490//1469 1020//1465
f 1020//1465 5490//1469 6731//1470 5526//1466
f 1021//1471 1031//1472 1034//1473 1022//1474
f 1022//1474 1034//1473 1035//1475 1023//1476
f 1023//1476 1035//1475 1036//1477 1024//1478
f 1024//1478 1036//1477 5432//1324 5431//1306
f 1031//1472 1032//1479 1037//1480 1034//1473
f 1034//1473 1037//1480 1038//1481 1035//1475
f 1035//1475 1038//1481 1039//1482 1036//1477
f 1036//1477 1039//1482 5433//1325 5432//1324
f 1032//1479 1033//1483 1040//1484 1037//1480
f 1037//1480 1040//1484 1041//1485 1038//1481
f 1038//1481 1041//1485 1042//1486 1039//1482
f 1039//1482 1042//1486 5434//1326 5433//1325
f 1033//1483 5522//1487 5521//1488 1040//1484
f 1040//1484 5521//1488 5520//1489 1041//1485
f 1041//1485 5520//1489 5519//1490 1042//1486
f 1042//1486 5519//1490 6728//1110 5434//1326
f 1021//1471 1022//1474 1043//1491 1025//1492
f 1025//1492 1043//1491 1044//1493 1026//1494
f 1026//1494 1044//1493 1045//1495 1027//1496
f 1027//1496 1045//1495 5530//1416 5529//1415
f 1022//1474 1023//1476 1046//1497 1043//1491
f 1043//1491 1046//1497 1047//1498 1044//1493
f 1044//1493 1047//1498 1048//1499 1045//1495
f 1045//1495 1048//1499 5531//1417 5530//1416
f 1023//1476 1024//1478 1049//1500 1046//1497
f 1046//1497 1049//1500 1050//1501 1047//1498
f 1047//1498 1050//1501 1051//1502 1048//1499
f 1048//1499 1051//1502 5532//1418 5531//1417
f 1024//1478 5431//1306 5430//1305 1049//1500
f 1049//1500 5430//1305 5429//1310 1050//1501
f 1050//1501 5429//1310 5428//1314 1051//1502
f 1051//1502 5428//1314 6727//1198 5532//1418
f 1021//1471 1025//1492 1052//1503 1028//1504
f 1028//1504 1052//1503 1053//1505 1029//1506
f 1029//1506 1053//1505 1054//1507 1030//1508
f 1030//1508 1054//1507 5493//1509 5494//1510
f 1025//1492 1026//1494 1055//1511 1052//1503
f 1052//1503 1055//1511 1056//1512 1053//1505
f 1053//1505 1056//1512 1057//1513 1054//1507
f 1054//1507 1057//1513 5492//1514 5493//1509
f 1026//1494 1027//1496 1058//1515 1055//1511
f 1055//1511 1058//1515 1059//1516 1056//1512
f 1056//1512 1059//1516 1060//1517 1057//1513
f 1057//1513 1060//1517 5491//1518 5492//1514
f 1027//1496 5529//1415 5528//1458 1058//1515
f 1058//1515 5528//1458 5527//1462 1059//1516
f 1059//1516 5527//1462 5526//1466 1060//1517
f 1060//1517 5526//1466 6731//1470 5491//1518
f 1021//1471 1028//1504 1061//1519 1031//1472
f 1031//1472 1061//1519 1062//1520 1032//1479
f 1032//1479 1062//1520 1063//1521 1033//1483
f 1033//1483 1063//1521 5523//1522 5522//1487
f 1028//1504 1029//1506 1064//1523 1061//1519
f 1061//1519 1064//1523 1065//1524 1062//1520
f 1062//1520 1065//1524 1066//1525 1063//1521
f 1063//1521 1066//1525 5524//1526 5523//1522
f 1029//1506 1030//1508 1067//1527 1064//1523
f 1064//1523 1067//1527 1068//1528 1065//1524
f 1065//1524 1068//1528 1069//1529 1066//1525
f 1066//1525 1069//1529 5525//1530 5524//1526
f 1030//1508 5494//1510 5495//1531 1067//1527
f 1067//1527 5495//1531 5496//1532 1068//1528
f 1068//1528 5496//1532 5497//1533 1069//1529
f 1069//1529 5497//1533 6732//1534 5525//1530
f 1070//1535 1080//1536 1083//1537 1071//1538
f 1071//1538 1083//1537 1084//1539 1072//1540
f 1072//1540 1084//1539 1085//1541 1073//1542
f 1073//1542 1085//1541 5439//1123 5438//1098
f 1080//1536 1081//1543 1086//1544 1083//1537
f 1083//1537 1086//1544 1087//1545 1084//1539
f 1084//1539 1087//1545 1088//1546 1085//1541
f 1085//1541 1088//1546 5440//1124 5439//1123
f 1081//1543 1082//1547 1089//1548 1086//1544
f 1086//1544 1089//1548 1090//1549 1087//1545
f 1087//1545 1090//1549 1091//1550 1088//1546
f 1088//1546 1091//1550 5441//1125 5440//1124
f 1082//1547 5889//1551 5888//1552 1089//1548
f 1089//1548 5888//1552 5887//1553 1090//1549
f 1090//1549 5887//1553 5886//1554 1091//1550
f 1091//1550 5886//1554 6729//1126 5441//1125
f 1070//1535 1071//1538 1092//1555 1074//1556
f 1074//1556 1092//1555 1093//1557 1075//1558
f 1075//1558 1093//1557 1094//1559 1076//1560
f 1076//1560 1094//1559 5521//1488 5522//1487
f 1071//1538 1072//1540 1095//1561 1092//1555
f 1092//1555 1095//1561 1096//1562 1093//1557
f 1093//1557 1096//1562 1097//1563 1094//1559
f 1094//1559 1097//1563 5520//1489 5521//1488
f 1072//1540 1073//1542 1098//1564 1095//1561
f 1095//1561 1098//1564 1099//1565 1096//1562
f 1096//1562 1099//1565 1100//1566 1097//1563
f 1097//1563 1100//1566 5519//1490 5520//1489
f 1073//1542 5438//1098 5437//1097 1098//1564
f 1098//1564 5437//1097 5436//1102 1099//1565
f 1099//1565 5436//1102 5435//1106 1100//1566
f 1100//1566 5435//1106 6728//1110 5519//1490
f 1070//1535 1074//1556 1101//1567 1077//1568
f 1077//1568 1101//1567 1102//1569 1078//1570
f 1078//1570 1102//1569 1103//1571 1079//1572
f 1079//1572 1103//1571 5904//1573 5903//1574
f 1074//1556 1075//1558 1104//1575 1101//1567
f 1101//1567 1104//1575 1105//1576 1102//1569
f 1102//1569 1105//1576 1106//1577 1103//1571
f 1103//1571 1106//1577 5905//1578 5904//1573
f 1075//1558 1076//1560 1107//1579 1104//1575
f 1104//1575 1107//1579 1108//1580 1105//1576
f 1105//1576 1108//1580 1109//1581 1106//1577
f 1106//1577 1109//1581 5906//1582 5905//1578
f 1076//1560 5522//1487 5523//1522 1107//1579
f 1107//1579 5523//1522 5524//1526 1108//1580
f 1108//1580 5524//1526 5525//1530 1109//1581
f 1109//1581 5525//1530 6732//1534 5906//1582
f 1070//1535 1077//1568 1110//1583 1080//1536
f 1080//1536 1110//1583 1111//1584 1081//1543
f 1081//1543 1111//1584 1112//1585 1082//1547
f 1082//1547 1112//1585 5890//1586 5889//1551
f 1077//1568 1078//1570 1113//1587 1110//1583
f 1110//1583 1113//1587 1114//1588 1111//1584
f 1111//1584 1114//1588 1115//1589 1112//1585
f 1112//1585 1115//1589 5891//1590 5890//1586
f 1078//1570 1079//1572 1116//1591 1113//1587
f 1113//1587 1116//1591 1117//1592 1114//1588
f 1114//1588 1117//1592 1118//1593 1115//1589
f 1115//1589 1118//1593 5892//1594 5891//1590
f 1079//1572 5903//1574 5902//1595 1116//1591
f 1116//1591 5902//1595 5901//1596 1117//1592
f 1117//1592 5901//1596 5900//1597 1118//1593
f 1118//1593 5900//1597 6755//1598 5892//1594
f 1119//1599 1129//1600 1132//1601 1120//1602
f 1120//1602 1132//1601 1133//1603 1121//1604
f 1121//1604 1133//1603 1134//1605 1122//1606
f 1122//1606 1134//1605 5488//1467 5487//1442
f 1129//1600 1130//1607 1135//1608 1132//1601
f 1132//1601 1135//1608 1136//1609 1133//1603
f 1133//1603 1136//1609 1137//1610 1134//1605
f 1134//1605 1137//1610 5489//1468 5488//1467
f 1130//1607 1131//1611 1138//1612 1135//1608
f 1135//1608 1138//1612 1139//1613 1136//1609
f 1136//1609 1139//1613 1140//1614 1137//1610
f 1137//1610 1140//1614 5490//1469 5489//1468
f 1131//1611 5571//1615 5572//1616 1138//1612
f 1138//1612 5572//1616 5573//1617 1139//1613
f 1139//1613 5573//1617 5574//1618 1140//1614
f 1140//1614 5574//1618 6731//1470 5490//1469
f 1119//1599 1120//1602 1141//1619 1123//1620
f 1123//1620 1141//1619 1142//1621 1124//1622
f 1124//1622 1142//1621 1143//1623 1125//1624
f 1125//1624 1143//1623 5563//1625 5564//1626
f 1120//1602 1121//1604 1144//1627 1141//1619
f 1141//1619 1144//1627 1145//1628 1142//1621
f 1142//1621 1145//1628 1146//1629 1143//1623
f 1143//1623 1146//1629 5562//1630 5563//1625
f 1121//1604 1122//1606 1147//1631 1144//1627
f 1144//1627 1147//1631 1148//1632 1145//1628
f 1145//1628 1148//1632 1149//1633 1146//1629
f 1146//1629 1149//1633 5561//1634 5562//1630
f 1122//1606 5487//1442 5486//1441 1147//1631
f 1147//1631 5486//1441 5485//1446 1148//1632
f 1148//1632 5485//1446 5484//1450 1149//1633
f 1149//1633 5484//1450 6730//1454 5561//1634
f 1119//1599 1123//1620 1150//1635 1126//1636
f 1126//1636 1150//1635 1151//1637 1127//1638
f 1127//1638 1151//1637 1152//1639 1128//1640
f 1128//1640 1152//1639 5535//1641 5536//1642
f 1123//1620 1124//1622 1153//1643 1150//1635
f 1150//1635 1153//1643 1154//1644 1151//1637
f 1151//1637 1154//1644 1155//1645 1152//1639
f 1152//1639 1155//1645 5534//1646 5535//1641
f 1124//1622 1125//1624 1156//1647 1153//1643
f 1153//1643 1156//1647 1157//1648 1154//1644
f 1154//1644 1157//1648 1158//1649 1155//1645
f 1155//1645 1158//1649 5533//1650 5534//1646
f 1125//1624 5564//1626 5565//1651 1156//1647
f 1156//1647 5565//1651 5566//1652 1157//1648
f 1157//1648 5566//1652 5567//1653 1158//1649
f 1158//1649 5567//1653 6733//1654 5533//1650
f 1119//1599 1126//1636 1159//1655 1129//1600
f 1129//1600 1159//1655 1160//1656 1130//1607
f 1130//1607 1160//1656 1161//1657 1131//1611
f 1131//1611 1161//1657 5570//1658 5571//1615
f 1126//1636 1127//1638 1162//1659 1159//1655
f 1159//1655 1162//1659 1163//1660 1160//1656
f 1160//1656 1163//1660 1164//1661 1161//1657
f 1161//1657 1164//1661 5569//1662 5570//1658
f 1127//1638 1128//1640 1165//1663 1162//1659
f 1162//1659 1165//1663 1166//1664 1163//1660
f 1163//1660 1166//1664 1167//1665 1164//1661
f 1164//1661 1167//1665 5568//1666 5569//1662
f 1128//1640 5536//1642 5537//1667 1165//1663
f 1165//1663 5537//1667 5538//1668 1166//1664
f 1166//1664 5538//1668 5539//1669 1167//1665
f 1167//1665 5539//1669 6734//1670 5568//1666
f 1168//1671 1178//1672 1181//1673 1169//1674
f 1169//1674 1181//1673 1182//1675 1170//1676
f 1170//1676 1182//1675 1183//1677 1171//1678
f 1171//1678 1183//1677 5500//1395 5501//1370
f 1178//1672 1179//1679 1184//1680 1181//1673
f 1181//1673 1184//1680 1185//1681 1182//1675
f 1182//1675 1185//1681 1186//1682 1183//1677
f 1183//1677 1186//1682 5499//1396 5500//1395
f 1179//1679 1180//1683 1187//1684 1184//1680
f 1184//1680 1187//1684 1188//1685 1185//1681
f 1185//1681 1188//1685 1189//1686 1186//1682
f 1186//1682 1189//1686 5498//1397 5499//1396
f 1180//1683 5771//1687 5770//1688 1187//1684
f 1187//1684 5770//1688 5769//1689 1188//1685
f 1188//1685 5769//1689 5768//1690 1189//1686
f 1189//1686 5768//1690 6748//1398 5498//1397
f 1168//1671 1169//1674 1190//1691 1172//1692
f 1172//1692 1190//1691 1191//1693 1173//1694
f 1173//1694 1191//1693 1192//1695 1174//1696
f 1174//1696 1192//1695 5577//1697 5578//1698
f 1169//1674 1170//1676 1193//1699 1190//1691
f 1190//1691 1193//1699 1194//1700 1191//1693
f 1191//1693 1194//1700 1195//1701 1192//1695
f 1192//1695 1195//1701 5576//1702 5577//1697
f 1170//1676 1171//1678 1196//1703 1193//1699
f 1193//1699 1196//1703 1197//1704 1194//1700
f 1194//1700 1197//1704 1198//1705 1195//1701
f 1195//1701 1198//1705 5575//1706 5576//1702
f 1171//1678 5501//1370 5502//1369 1196//1703
f 1196//1703 5502//1369 5503//1374 1197//1704
f 1197//1704 5503//1374 5504//1378 1198//1705
f 1198//1705 5504//1378 6787//1382 5575//1706
f 1168//1671 1172//1692 1199//1707 1175//1708
f 1175//1708 1199//1707 1200//1709 1176//1710
f 1176//1710 1200//1709 1201//1711 1177//1712
f 1177//1712 1201//1711 5551//1713 5550//1714
f 1172//1692 1173//1694 1202//1715 1199//1707
f 1199//1707 1202//1715 1203//1716 1200//1709
f 1200//1709 1203//1716 1204//1717 1201//1711
f 1201//1711 1204//1717 5552//1718 5551//1713
f 1173//1694 1174//1696 1205//1719 1202//1715
f 1202//1715 1205//1719 1206//1720 1203//1716
f 1203//1716 1206//1720 1207//1721 1204//1717
f 1204//1717 1207//1721 5553//1722 5552//1718
f 1174//1696 5578//1698 5579//1723 1205//1719
f 1205//1719 5579//1723 5580//1724 1206//1720
f 1206//1720 5580//1724 5581//1725 1207//1721
f 1207//1721 5581//1725 6791//1726 5553//1722
f 1168//1671 1175//1708 1208//1727 1178//1672
f 1178//1672 1208//1727 1209//1728 1179//1679
f 1179//1679 1209//1728 1210//1729 1180//1683
f 1180//1683 1210//1729 5772//1730 5771//1687
f 1175//1708 1176//1710 1211//1731 1208//1727
f 1208//1727 1211//1731 1212//1732 1209//1728
f 1209//1728 1212//1732 1213//1733 1210//1729
f 1210//1729 1213//1733 5773//1734 5772//1730
f 1176//1710 1177//1712 1214//1735 1211//1731
f 1211//1731 1214//1735 1215//1736 1212//1732
f 1212//1732 1215//1736 1216//1737 1213//1733
f 1213//1733 1216//1737 5774//1738 5773//1734
f 1177//1712 5550//1714 5549//1739 1214//1735
f 1214//1735 5549//1739 5548//1740 1215//1736
f 1215//1736 5548//1740 5547//1741 1216//1737
f 1216//1737 5547//1741 6749//1742 5774//1738
f 1217//1743 1227//1744 1230//1745 1218//1746
f 1218//1746 1230//1745 1231//1747 1219//1748
f 1219//1748 1231//1747 1232//1749 1220//1750
f 1220//1750 1232//1749 5495//1531 5494//1510
f 1227//1744 1228//1751 1233//1752 1230//1745
f 1230//1745 1233//1752 1234//1753 1231//1747
f 1231//1747 1234//1753 1235//1754 1232//1749
f 1232//1749 1235//1754 5496//1532 5495//1531
f 1228//1751 1229//1755 1236//1756 1233//1752
f 1233//1752 1236//1756 1237//1757 1234//1753
f 1234//1753 1237//1757 1238//1758 1235//1754
f 1235//1754 1238//1758 5497//1533 5496//1532
f 1229//1755 5557//1759 5556//1760 1236//1756
f 1236//1756 5556//1760 5555//1761 1237//1757
f 1237//1757 5555//1761 5554//1762 1238//1758
f 1238//1758 5554//1762 6732//1534 5497//1533
f 1217//1743 1218//1746 1239//1763 1221//1764
f 1221//1764 1239//1763 1240//1765 1222//1766
f 1222//1766 1240//1765 1241//1767 1223//1768
f 1223//1768 1241//1767 5572//1616 5571//1615
f 1218//1746 1219//1748 1242//1769 1239//1763
f 1239//1763 1242//1769 1243//1770 1240//1765
f 1240//1765 1243//1770 1244//1771 1241//1767
f 1241//1767 1244//1771 5573//1617 5572//1616
f 1219//1748 1220//1750 1245//1772 1242//1769
f 1242//1769 1245//1772 1246//1773 1243//1770
f 1243//1770 1246//1773 1247//1774 1244//1771
f 1244//1771 1247//1774 5574//1618 5573//1617
f 1220//1750 5494//1510 5493//1509 1245//1772
f 1245//1772 5493//1509 5492//1514 1246//1773
f 1246//1773 5492//1514 5491//1518 1247//1774
f 1247//1774 5491//1518 6731//1470 5574//1618
f 1217//1743 1221//1764 1248//1775 1224//1776
f 1224//1776 1248//1775 1249//1777 1225//1778
f 1225//1778 1249//1777 1250//1779 1226//1780
f 1226//1780 1250//1779 5542//1781 5543//1782
f 1221//1764 1222//1766 1251//1783 1248//1775
f 1248//1775 1251//1783 1252//1784 1249//1777
f 1249//1777 1252//1784 1253//1785 1250//1779
f 1250//1779 1253//1785 5541//1786 5542//1781
f 1222//1766 1223//1768 1254//1787 1251//1783
f 1251//1783 1254//1787 1255//1788 1252//1784
f 1252//1784 1255//1788 1256//1789 1253//1785
f 1253//1785 1256//1789 5540//1790 5541//1786
f 1223//1768 5571//1615 5570//1658 1254//1787
f 1254//1787 5570//1658 5569//1662 1255//1788
f 1255//1788 5569//1662 5568//1666 1256//1789
f 1256//1789 5568//1666 6734//1670 5540//1790
f 1217//1743 1224//1776 1257//1791 1227//1744
f 1227//1744 1257//1791 1258//1792 1228//1751
f 1228//1751 1258//1792 1259//1793 1229//1755
f 1229//1755 1259//1793 5558//1794 5557//1759
f 1224//1776 1225//1778 1260//1795 1257//1791
f 1257//1791 1260//1795 1261//1796 1258//1792
f 1258//1792 1261//1796 1262//1797 1259//1793
f 1259//1793 1262//1797 5559//1798 5558//1794
f 1225//1778 1226//1780 1263//1799 1260//1795
f 1260//1795 1263//1799 1264//1800 1261//1796
f 1261//1796 1264//1800 1265//1801 1262//1797
f 1262//1797 1265//1801 5560//1802 5559//1798
f 1226//1780 5543//1782 5544//1803 1263//1799
f 1263//1799 5544//1803 5545//1804 1264//1800
f 1264//1800 5545//1804 5546//1805 1265//1801
f 1265//1801 5546//1805 6735//1806 5560//1802
f 1266//1807 1276//1808 1279//1809 1267//1810
f 1267//1810 1279//1809 1280//1811 1268//1812
f 1268//1812 1280//1811 1281//1813 1269//1814
f 1269//1814 1281//1813 5549//1739 5550//1714
f 1276//1808 1277//1815 1282//1816 1279//1809
f 1279//1809 1282//1816 1283//1817 1280//1811
f 1280//1811 1283//1817 1284//1818 1281//1813
f 1281//1813 1284//1818 5548//1740 5549//1739
f 1277//1815 1278//1819 1285//1820 1282//1816
f 1282//1816 1285//1820 1286//1821 1283//1817
f 1283//1817 1286//1821 1287//1822 1284//1818
f 1284//1818 1287//1822 5547//1741 5548//1740
f 1278//1819 5764//1823 5763//1824 1285//1820
f 1285//1820 5763//1824 5762//1825 1286//1821
f 1286//1821 5762//1825 5761//1826 1287//1822
f 1287//1822 5761//1826 6749//1742 5547//1741
f 1266//1807 1267//1810 1288//1827 1270//1828
f 1270//1828 1288//1827 1289//1829 1271//1830
f 1271//1830 1289//1829 1290//1831 1272//1832
f 1272//1832 1290//1831 5598//1833 5599//1834
f 1267//1810 1268//1812 1291//1835 1288//1827
f 1288//1827 1291//1835 1292//1836 1289//1829
f 1289//1829 1292//1836 1293//1837 1290//1831
f 1290//1831 1293//1837 5597//1838 5598//1833
f 1268//1812 1269//1814 1294//1839 1291//1835
f 1291//1835 1294//1839 1295//1840 1292//1836
f 1292//1836 1295//1840 1296//1841 1293//1837
f 1293//1837 1296//1841 5596//1842 5597//1838
f 1269//1814 5550//1714 5551//1713 1294//1839
f 1294//1839 5551//1713 5552//1718 1295//1840
f 1295//1840 5552//1718 5553//1722 1296//1841
f 1296//1841 5553//1722 6791//1726 5596//1842
f 1266//1807 1270//1828 1297//1843 1273//1844
f 1273//1844 1297//1843 1298//1845 1274//1846
f 1274//1846 1298//1845 1299//1847 1275//1848
f 1275//1848 1299//1847 5593//1849 5592//1850
f 1270//1828 1271//1830 1300//1851 1297//1843
f 1297//1843 1300//1851 1301//1852 1298//1845
f 1298//1845 1301//1852 1302//1853 1299//1847
f 1299//1847 1302//1853 5594//1854 5593//1849
f 1271//1830 1272//1832 1303//1855 1300//1851
f 1300//1851 1303//1855 1304//1856 1301//1852
f 1301//1852 1304//1856 1305//1857 1302//1853
f 1302//1853 1305//1857 5595//1858 5594//1854
f 1272//1832 5599//1834 5600//1859 1303//1855
f 1303//1855 5600//1859 5601//1860 1304//1856
f 1304//1856 5601//1860 5602//1861 1305//1857
f 1305//1857 5602//1861 6794//1862 5595//1858
f 1266//1807 1273//1844 1306//1863 1276//1808
f 1276//1808 1306//1863 1307//1864 1277//1815
f 1277//1815 1307//1864 1308//1865 1278//1819
f 1278//1819 1308//1865 5765//1866 5764//1823
f 1273//1844 1274//1846 1309//1867 1306//1863
f 1306//1863 1309//1867 1310//1868 1307//1864
f 1307//1864 1310//1868 1311//1869 1308//1865
f 1308//1865 1311//1869 5766//1870 5765//1866
f 1274//1846 1275//1848 1312//1871 1309//1867
f 1309//1867 1312//1871 1313//1872 1310//1868
f 1310//1868 1313//1872 1314//1873 1311//1869
f 1311//1869 1314//1873 5767//1874 5766//1870
f 1275//1848 5592//1850 5591//1875 1312//1871
f 1312//1871 5591//1875 5590//1876 1313//1872
f 1313//1872 5590//1876 5589//1877 1314//1873
f 1314//1873 5589//1877 6750//1878 5767//1874
f 1315//1879 1325//1880 1328//1881 1316//1882
f 1316//1882 1328//1881 1329//1883 1317//1884
f 1317//1884 1329//1883 1330//1885 1318//1886
f 1318//1886 1330//1885 5537//1667 5536//1642
f 1325//1880 1326//1887 1331//1888 1328//1881
f 1328//1881 1331//1888 1332//1889 1329//1883
f 1329//1883 1332//1889 1333//1890 1330//1885
f 1330//1885 1333//1890 5538//1668 5537//1667
f 1326//1887 1327//1891 1334//1892 1331//1888
f 1331//1888 1334//1892 1335//1893 1332//1889
f 1332//1889 1335//1893 1336//1894 1333//1890
f 1333//1890 1336//1894 5539//1669 5538//1668
f 1327//1891 5613//1895 5612//1896 1334//1892
f 1334//1892 5612//1896 5611//1897 1335//1893
f 1335//1893 5611//1897 5610//1898 1336//1894
f 1336//1894 5610//1898 6734//1670 5539//1669
f 1315//1879 1316//1882 1337//1899 1319//1900
f 1319//1900 1337//1899 1338//1901 1320//1902
f 1320//1902 1338//1901 1339//1903 1321//1904
f 1321//1904 1339//1903 5607//1905 5606//1906
f 1316//1882 1317//1884 1340//1907 1337//1899
f 1337//1899 1340//1907 1341//1908 1338//1901
f 1338//1901 1341//1908 1342//1909 1339//1903
f 1339//1903 1342//1909 5608//1910 5607//1905
f 1317//1884 1318//1886 1343//1911 1340//1907
f 1340//1907 1343//1911 1344//1912 1341//1908
f 1341//1908 1344//1912 1345//1913 1342//1909
f 1342//1909 1345//1913 5609//1914 5608//1910
f 1318//1886 5536//1642 5535//1641 1343//1911
f 1343//1911 5535//1641 5534//1646 1344//1912
f 1344//1912 5534//1646 5533//1650 1345//1913
f 1345//1913 5533//1650 6733//1654 5609//1914
f 1315//1879 1319//1900 1346//1915 1322//1916
f 1322//1916 1346//1915 1347//1917 1323//1918
f 1323//1918 1347//1917 1348//1919 1324//1920
f 1324//1920 1348//1919 5584//1921 5585//1922
f 1319//1900 1320//1902 1349//1923 1346//1915
f 1346//1915 1349//1923 1350//1924 1347//1917
f 1347//1917 1350//1924 1351//1925 1348//1919
f 1348//1919 1351//1925 5583//1926 5584//1921
f 1320//1902 1321//1904 1352//1927 1349//1923
f 1349//1923 1352//1927 1353//1928 1350//1924
f 1350//1924 1353//1928 1354//1929 1351//1925
f 1351//1925 1354//1929 5582//1930 5583//1926
f 1321//1904 5606//1906 5605//1931 1352//1927
f 1352//1927 5605//1931 5604//1932 1353//1928
f 1353//1928 5604//1932 5603//1933 1354//1929
f 1354//1929 5603//1933 6736//1934 5582//1930
f 1315//1879 1322//1916 1355//1935 1325//1880
f 1325//1880 1355//1935 1356//1936 1326//1887
f 1326//1887 1356//1936 1357//1937 1327//1891
f 1327//1891 1357//1937 5614//1938 5613//1895
f 1322//1916 1323//1918 1358//1939 1355//1935
f 1355//1935 1358//1939 1359//1940 1356//1936
f 1356//1936 1359//1940 1360//1941 1357//1937
f 1357//1937 1360//1941 5615//1942 5614//1938
f 1323//1918 1324//1920 1361//1943 1358//1939
f 1358//1939 1361//1943 1362//1944 1359//1940
f 1359//1940 1362//1944 1363//1945 1360//1941
f 1360//1941 1363//1945 5616//1946 5615//1942
f 1324//1920 5585//1922 5586//1947 1361//1943
f 1361//1943 5586//1947 5587//1948 1362//1944
f 1362//1944 5587//1948 5588//1949 1363//1945
f 1363//1945 5588//1949 6737//1950 5616//1946
f 1364//1951 1374//1952 1377//1953 1365//1954
f 1365//1954 1377//1953 1378//1955 1366//1956
f 1366//1956 1378//1955 1379//1957 1367//1958
f 1367//1958 1379//1957 5591//1875 5592//1850
f 1374//1952 1375//1959 1380//1960 1377//1953
f 1377//1953 1380//1960 1381//1961 1378//1955
f 1378//1955 1381//1961 1382//1962 1379//1957
f 1379//1957 1382//1962 5590//1876 5591//1875
f 1375//1959 1376//1963 1383//1964 1380//1960
f 1380//1960 1383//1964 1384//1965 1381//1961
f 1381//1961 1384//1965 1385//1966 1382//1962
f 1382//1962 1385//1966 5589//1877 5590//1876
f 1376//1963 5757//1967 5756//1968 1383//1964
f 1383//1964 5756//1968 5755//1969 1384//1965
f 1384//1965 5755//1969 5754//1970 1385//1966
f 1385//1966 5754//1970 6750//1878 5589//1877
f 1364//1951 1365//1954 1386//1971 1368//1972
f 1368//1972 1386//1971 1387//1973 1369//1974
f 1369//1974 1387//1973 1388//1975 1370//1976
f 1370//1976 1388//1975 5626//1977 5627//1978
f 1365//1954 1366//1956 1389//1979 1386//1971
f 1386//1971 1389//1979 1390//1980 1387//1973
f 1387//1973 1390//1980 1391//1981 1388//1975
f 1388//1975 1391//1981 5625//1982 5626//1977
f 1366//1956 1367//1958 1392//1983 1389//1979
f 1389//1979 1392//1983 1393//1984 1390//1980
f 1390//1980 1393//1984 1394//1985 1391//1981
f 1391//1981 1394//1985 5624//1986 5625//1982
f 1367//1958 5592//1850 5593//1849 1392//1983
f 1392//1983 5593//1849 5594//1854 1393//1984
f 1393//1984 5594//1854 5595//1858 1394//1985
f 1394//1985 5595//1858 6794//1862 5624//1986
f 1364//1951 1368//1972 1395//1987 1371//1988
f 1371//1988 1395//1987 1396//1989 1372//1990
f 1372//1990 1396//1989 1397//1991 1373//1992
f 1373//1992 1397//1991 5621//1993 5620//1994
f 1368//1972 1369//1974 1398//1995 1395//1987
f 1395//1987 1398//1995 1399//1996 1396//1989
f 1396//1989 1399//1996 1400//1997 1397//1991
f 1397//1991 1400//1997 5622//1998 5621//1993
f 1369//1974 1370//1976 1401//1999 1398//1995
f 1398//1995 1401//1999 1402//2000 1399//1996
f 1399//1996 1402//2000 1403//2001 1400//1997
f 1400//1997 1403//2001 5623//2002 5622//1998
f 1370//1976 5627//1978 5628//2003 1401//1999
f 1401//1999 5628//2003 5629//2004 1402//2000
f 1402//2000 5629//2004 5630//2005 1403//2001
f 1403//2001 5630//2005 6796//2006 5623//2002
f 1364//1951 1371//1988 1404//2007 1374//1952
f 1374//1952 1404//2007 1405//2008 1375//1959
f 1375//1959 1405//2008 1406//2009 1376//1963
f 1376//1963 1406//2009 5758//2010 5757//1967
f 1371//1988 1372//1990 1407//2011 1404//2007
f 1404//2007 1407//2011 1408//2012 1405//2008
f 1405//2008 1408//2012 1409//2013 1406//2009
f 1406//2009 1409//2013 5759//2014 5758//2010
f 1372//1990 1373//1992 1410//2015 1407//2011
f 1407//2011 1410//2015 1411//2016 1408//2012
f 1408//2012 1411//2016 1412//2017 1409//2013
f 1409//2013 1412//2017 5760//2018 5759//2014
f 1373//1992 5620//1994 5619//2019 1410//2015
f 1410//2015 5619//2019 5618//2020 1411//2016
f 1411//2016 5618//2020 5617//2021 1412//2017
f 1412//2017 5617//2021 6751//2022 5760//2018
f 1413//2023 1423//2024 1426//2025 1414//2026
f 1414//2026 1426//2025 1427//2027 1415//2028
f 1415//2028 1427//2027 1428//2029 1416//2030
f 1416//2030 1428//2029 5369//923 5368//902
f 1423//2024 1424//2031 1429//2032 1426//2025
f 1426//2025 1429//2032 1430//2033 1427//2027
f 1427//2027 1430//2033 1431//2034 1428//2029
f 1428//2029 1431//2034 5370//924 5369//923
f 1424//2031 1425//2035 1432//2036 1429//2032
f 1429//2032 1432//2036 1433//2037 1430//2033
f 1430//2033 1433//2037 1434//2038 1431//2034
f 1431//2034 1434//2038 5371//925 5370//924
f 1425//2035 5896//1208 5897//1207 1432//2036
f 1432//2036 5897//1207 5898//1213 1433//2037
f 1433//2037 5898//1213 5899//1218 1434//2038
f 1434//2038 5899//1218 6725//926 5371//925
f 1413//2023 1414//2026 1435//2039 1417//2040
f 1417//2040 1435//2039 1436//2041 1418//2042
f 1418//2042 1436//2041 1437//2043 1419//2044
f 1419//2044 1437//2043 5474//1072 5473//1071
f 1414//2026 1415//2028 1438//2045 1435//2039
f 1435//2039 1438//2045 1439//2046 1436//2041
f 1436//2041 1439//2046 1440//2047 1437//2043
f 1437//2043 1440//2047 5475//1073 5474//1072
f 1415//2028 1416//2030 1441//2048 1438//2045
f 1438//2045 1441//2048 1442//2049 1439//2046
f 1439//2046 1442//2049 1443//2050 1440//2047
f 1440//2047 1443//2050 5476//1074 5475//1073
f 1416//2030 5368//902 5367//901 1441//2048
f 1441//2048 5367//901 5366//906 1442//2049
f 1442//2049 5366//906 5365//910 1443//2050
f 1443//2050 5365//910 6724//790 5476//1074
f 1413//2023 1417//2040 1444//2051 1420//2052
f 1420//2052 1444//2051 1445//2053 1421//2054
f 1421//2054 1445//2053 1446//2055 1422//2056
f 1422//2056 1446//2055 5883//2057 5882//2058
f 1417//2040 1418//2042 1447//2059 1444//2051
f 1444//2051 1447//2059 1448//2060 1445//2053
f 1445//2053 1448//2060 1449//2061 1446//2055
f 1446//2055 1449//2061 5884//2062 5883//2057
f 1418//2042 1419//2044 1450//2063 1447//2059
f 1447//2059 1450//2063 1451//2064 1448//2060
f 1448//2060 1451//2064 1452//2065 1449//2061
f 1449//2061 1452//2065 5885//2066 5884//2062
f 1419//2044 5473//1071 5472//1114 1450//2063
f 1450//2063 5472//1114 5471//1118 1451//2064
f 1451//2064 5471//1118 5470//1122 1452//2065
f 1452//2065 5470//1122 6729//1126 5885//2066
f 1413//2023 1420//2052 1453//2067 1423//2024
f 1423//2024 1453//2067 1454//2068 1424//2031
f 1424//2031 1454//2068 1455//2069 1425//2035
f 1425//2035 1455//2069 5895//1238 5896//1208
f 1420//2052 1421//2054 1456//2070 1453//2067
f 1453//2067 1456//2070 1457//2071 1454//2068
f 1454//2068 1457//2071 1458//2072 1455//2069
f 1455//2069 1458//2072 5894//1239 5895//1238
f 1421//2054 1422//2056 1459//2073 1456//2070
f 1456//2070 1459//2073 1460//2074 1457//2071
f 1457//2071 1460//2074 1461//2075 1458//2072
f 1458//2072 1461//2075 5893//1240 5894//1239
f 1422//2056 5882//2058 5881//2076 1459//2073
f 1459//2073 5881//2076 5880//2077 1460//2074
f 1460//2074 5880//2077 5879//2078 1461//2075
f 1461//2075 5879//2078 6754//1241 5893//1240
f 1462//2079 1472//2080 1475//2081 1463//2082
f 1463//2082 1475//2081 1476//2083 1464//2084
f 1464//2084 1476//2083 1477//2085 1465//2086
f 1465//2086 1477//2085 5544//1803 5543//1782
f 1472//2080 1473//2087 1478//2088 1475//2081
f 1475//2081 1478//2088 1479//2089 1476//2083
f 1476//2083 1479//2089 1480//2090 1477//2085
f 1477//2085 1480//2090 5545//1804 5544//1803
f 1473//2087 1474//2091 1481//2092 1478//2088
f 1478//2088 1481//2092 1482//2093 1479//2089
f 1479//2089 1482//2093 1483//2094 1480//2090
f 1480//2090 1483//2094 5546//1805 5545//1804
f 1474//2091 5917//2095 5916//2096 1481//2092
f 1481//2092 5916//2096 5915//2097 1482//2093
f 1482//2093 5915//2097 5914//2098 1483//2094
f 1483//2094 5914//2098 6735//1806 5546//1805
f 1462//2079 1463//2082 1484//2099 1466//2100
f 1466//2100 1484//2099 1485//2101 1467//2102
f 1467//2102 1485//2101 1486//2103 1468//2104
f 1468//2104 1486//2103 5612//1896 5613//1895
f 1463//2082 1464//2084 1487//2105 1484//2099
f 1484//2099 1487//2105 1488//2106 1485//2101
f 1485//2101 1488//2106 1489//2107 1486//2103
f 1486//2103 1489//2107 5611//1897 5612//1896
f 1464//2084 1465//2086 1490//2108 1487//2105
f 1487//2105 1490//2108 1491//2109 1488//2106
f 1488//2106 1491//2109 1492//2110 1489//2107
f 1489//2107 1492//2110 5610//1898 5611//1897
f 1465//2086 5543//1782 5542//1781 1490//2108
f 1490//2108 5542//1781 5541//1786 1491//2109
f 1491//2109 5541//1786 5540//1790 1492//2110
f 1492//2110 5540//1790 6734//1670 5610//1898
f 1462//2079 1466//2100 1493//2111 1469//2112
f 1469//2112 1493//2111 1494//2113 1470//2114
f 1470//2114 1494//2113 1495//2115 1471//2116
f 1471//2116 1495//2115 5925//2117 5924//2118
f 1466//2100 1467//2102 1496//2119 1493//2111
f 1493//2111 1496//2119 1497//2120 1494//2113
f 1494//2113 1497//2120 1498//2121 1495//2115
f 1495//2115 1498//2121 5926//2122 5925//2117
f 1467//2102 1468//2104 1499//2123 1496//2119
f 1496//2119 1499//2123 1500//2124 1497//2120
f 1497//2120 1500//2124 1501//2125 1498//2121
f 1498//2121 1501//2125 5927//2126 5926//2122
f 1468//2104 5613//1895 5614//1938 1499//2123
f 1499//2123 5614//1938 5615//1942 1500//2124
f 1500//2124 5615//1942 5616//1946 1501//2125
f 1501//2125 5616//1946 6737//1950 5927//2126
f 1462//2079 1469//2112 1502//2127 1472//2080
f 1472//2080 1502//2127 1503//2128 1473//2087
f 1473//2087 1503//2128 1504//2129 1474//2091
f 1474//2091 1504//2129 5918//2130 5917//2095
f 1469//2112 1470//2114 1505//2131 1502//2127
f 1502//2127 1505//2131 1506//2132 1503//2128
f 1503//2128 1506//2132 1507//2133 1504//2129
f 1504//2129 1507//2133 5919//2134 5918//2130
f 1470//2114 1471//2116 1508//2135 1505//2131
f 1505//2131 1508//2135 1509//2136 1506//2132
f 1506//2132 1509//2136 1510//2137 1507//2133
f 1507//2133 1510//2137 5920//2138 5919//2134
f 1471//2116 5924//2118 5923//2139 1508//2135
f 1508//2135 5923//2139 5922//2140 1509//2136
f 1509//2136 5922//2140 5921//2141 1510//2137
f 1511//2142 1518//2143 1521//2144 1512//2145
f 1512//2145 1521//2144 1522//2146 1513//2147
f 1513//2147 1522//2146 1523//2148 1514//2149
f 1514//2149 1523//2148 5619//2019 5620//1994
f 1518//2143 1519//2150 1524//2151 1521//2144
f 1521//2144 1524//2151 1525//2152 1522//2146
f 1522//2146 1525//2152 1526//2153 1523//2148
f 1523//2148 1526//2153 5618//2020 5619//2019
f 1519//2150 1520//2154 1527//2155 1524//2151
f 1524//2151 1527//2155 1528//2156 1525//2152
f 1525//2152 1528//2156 1529//2157 1526//2153
f 1526//2153 1529//2157 5617//2021 5618//2020
f 1520//2154 5753//2158 5752//2159 1527//2155
f 1527//2155 5752//2159 5751//2160 1528//2156
f 1528//2156 5751//2160 5750//2161 1529//2157
f 1529//2157 5750//2161 6751//2022 5617//2021
f 1511//2142 1512//2145 1530//2162 1515//2163
f 1515//2163 1530//2162 1531//2164 1516//2165
f 1516//2165 1531//2164 1532//2166 1517//2167
f 1517//2167 1532//2166 5640//2168 5641//2169
f 1512//2145 1513//2147 1533//2170 1530//2162
f 1530//2162 1533//2170 1534//2171 1531//2164
f 1531//2164 1534//2171 1535//2172 1532//2166
f 1532//2166 1535//2172 5639//2173 5640//2168
f 1513//2147 1514//2149 1536//2174 1533//2170
f 1533//2170 1536//2174 1537//2175 1534//2171
f 1534//2171 1537//2175 1538//2176 1535//2172
f 1535//2172 1538//2176 5638//2177 5639//2173
f 1514//2149 5620//1994 5621//1993 1536//2174
f 1536//2174 5621//1993 5622//1998 1537//2175
f 1537//2175 5622//1998 5623//2002 1538//2176
f 1538//2176 5623//2002 6796//2006 5638//2177
f 1516//2165 1517//2167 1540//2178 1539//2179
f 1517//2167 5641//2169 5642//2180 1540//2178
f 1541//2181 1551//2182 1554//2183 1542//2184
f 1542//2184 1554//2183 1555//2185 1543//2186
f 1543//2186 1555//2185 1556//2187 1544//2188
f 1544//2188 1556//2187 5586//1947 5585//1922
f 1551//2182 1552//2189 1557//2190 1554//2183
f 1554//2183 1557//2190 1558//2191 1555//2185
f 1555//2185 1558//2191 1559//2192 1556//2187
f 1556//2187 1559//2192 5587//1948 5586//1947
f 1552//2189 1553//2193 1560//2194 1557//2190
f 1557//2190 1560//2194 1561//2195 1558//2191
f 1558//2191 1561//2195 1562//2196 1559//2192
f 1559//2192 1562//2196 5588//1949 5587//1948
f 1553//2193 5931//2197 5930//2198 1560//2194
f 1560//2194 5930//2198 5929//2199 1561//2195
f 1561//2195 5929//2199 5928//2200 1562//2196
f 1562//2196 5928//2200 6737//1950 5588//1949
f 1541//2181 1542//2184 1563//2201 1545//2202
f 1545//2202 1563//2201 1564//2203 1546//2204
f 1546//2204 1564//2203 1565//2205 1547//2206
f 1547//2206 1565//2205 5635//2207 5634//2208
f 1542//2184 1543//2186 1566//2209 1563//2201
f 1563//2201 1566//2209 1567//2210 1564//2203
f 1564//2203 1567//2210 1568//2211 1565//2205
f 1565//2205 1568//2211 5636//2212 5635//2207
f 1543//2186 1544//2188 1569//2213 1566//2209
f 1566//2209 1569//2213 1570//2214 1567//2210
f 1567//2210 1570//2214 1571//2215 1568//2211
f 1568//2211 1571//2215 5637//2216 5636//2212
f 1544//2188 5585//1922 5584//1921 1569//2213
f 1569//2213 5584//1921 5583//1926 1570//2214
f 1570//2214 5583//1926 5582//1930 1571//2215
f 1571//2215 5582//1930 6736//1934 5637//2216
f 1541//2181 1545//2202 1572//2217 1548//2218
f 1548//2218 1572//2217 1573//2219 1549//2220
f 1549//2220 1573//2219 1574//2221 1550//2222
f 1550//2222 1574//2221 5934//2223 5933//2224
f 1545//2202 1546//2204 1575//2225 1572//2217
f 1572//2217 1575//2225 1576//2226 1573//2219
f 1573//2219 1576//2226 1577//2227 1574//2221
f 1574//2221 1577//2227 5935//2228 5934//2223
f 1546//2204 1547//2206 1578//2229 1575//2225
f 1575//2225 1578//2229 1579//2230 1576//2226
f 1576//2226 1579//2230 1580//2231 1577//2227
f 1577//2227 1580//2231 5936//2232 5935//2228
f 1547//2206 5634//2208 5633//2233 1578//2229
f 1578//2229 5633//2233 5632//2234 1579//2230
f 1579//2230 5632//2234 5631//2235 1580//2231
f 1580//2231 5631//2235 6738//2236 5936//2232
f 1541//2181 1548//2218 1581//2237 1551//2182
f 1551//2182 1581//2237 1582//2238 1552//2189
f 1552//2189 1582//2238 1583//2239 1553//2193
f 1553//2193 1583//2239 5932//2240 5931//2197
f 1548//2218 1549//2220 1584//2241 1581//2237
f 1581//2237 1584//2241 1585//2242 1582//2238
f 1582//2238 1585//2242 1586//2243 1583//2239
f 1549//2220 1550//2222 1587//2244 1584//2241
f 1584//2241 1587//2244 1588//2245 1585//2242
f 1589//2246 1599//2247 1601//2248 1590//2249
f 1590//2249 1601//2248 1602//2250 1591//2251
f 1591//2251 1602//2250 1603//2252 1592//2253
f 1592//2253 1603//2252 5668//502 5667//480
f 1599//2247 1600//2254 1604//2255 1601//2248
f 1601//2248 1604//2255 1605//2256 1602//2250
f 1602//2250 1605//2256 1606//2257 1603//2252
f 1603//2252 1606//2257 5669//503 5668//502
f 1589//2246 1590//2249 1609//2258 1593//2259
f 1593//2259 1609//2258 1610//2260 1594//2261
f 1594//2261 1610//2260 1611//2262 1595//2263
f 1595//2263 1611//2262 5318//2264 5319//2265
f 1590//2249 1591//2251 1612//2266 1609//2258
f 1609//2258 1612//2266 1613//2267 1610//2260
f 1610//2260 1613//2267 1614//2268 1611//2262
f 1611//2262 1614//2268 5317//2269 5318//2264
f 1591//2251 1592//2253 1615//2270 1612//2266
f 1612//2266 1615//2270 1616//2271 1613//2267
f 1613//2267 1616//2271 1617//2272 1614//2268
f 1614//2268 1617//2272 5316//2273 5317//2269
f 1592//2253 5667//480 5666//479 1615//2270
f 1615//2270 5666//479 5665//484 1616//2271
f 1616//2271 5665//484 5664//488 1617//2272
f 1617//2272 5664//488 6740//492 5316//2273
f 1589//2246 1593//2259 1618//2274 1596//2275
f 1596//2275 1618//2274 1619//2276 1597//2277
f 1597//2277 1619//2276 1620//2278 1598//2279
f 1598//2279 1620//2278 5313//2280 5312//2281
f 1593//2259 1594//2261 1621//2282 1618//2274
f 1618//2274 1621//2282 1622//2283 1619//2276
f 1619//2276 1622//2283 1623//2284 1620//2278
f 1620//2278 1623//2284 5314//2285 5313//2280
f 1594//2261 1595//2263 1624//2286 1621//2282
f 1621//2282 1624//2286 1625//2287 1622//2283
f 1622//2283 1625//2287 1626//2288 1623//2284
f 1623//2284 1626//2288 5315//2289 5314//2285
f 1595//2263 5319//2265 5320//2290 1624//2286
f 1624//2286 5320//2290 5321//2291 1625//2287
f 1625//2287 5321//2291 5322//2292 1626//2288
f 1626//2288 5322//2292 6719//546 5315//2289
f 1589//2246 1596//2275 1627//2293 1599//2247
f 1599//2247 1627//2293 1628//2294 1600//2254
f 1596//2275 1597//2277 1630//2295 1627//2293
f 1627//2293 1630//2295 1631//2296 1628//2294
f 1628//2294 1631//2296 1632//2297 1629//2298
f 1597//2277 1598//2279 1633//2299 1630//2295
f 1630//2295 1633//2299 1634//2300 1631//2296
f 1631//2296 1634//2300 1635//2301 1632//2297
f 1598//2279 5312//2281 5311//2302 1633//2299
f 1633//2299 5311//2302 5310//2303 1634//2300
f 1634//2300 5310//2303 5309//2304 1635//2301
f 1636//2305 1646//2306 1649//2307 1637//2308
f 1637//2308 1649//2307 1650//2309 1638//2310
f 1638//2310 1650//2309 1651//2311 1639//2312
f 1639//2312 1651//2311 5320//2290 5319//2265
f 1646//2306 1647//2313 1652//2314 1649//2307
f 1649//2307 1652//2314 1653//2315 1650//2309
f 1650//2309 1653//2315 1654//2316 1651//2311
f 1651//2311 1654//2316 5321//2291 5320//2290
f 1647//2313 1648//2317 1655//2318 1652//2314
f 1652//2314 1655//2318 1656//2319 1653//2315
f 1653//2315 1656//2319 1657//2320 1654//2316
f 1654//2316 1657//2320 5322//2292 5321//2291
f 1648//2317 5862//534 5861//533 1655//2318
f 1655//2318 5861//533 5860//538 1656//2319
f 1656//2319 5860//538 5859//542 1657//2320
f 1657//2320 5859//542 6719//546 5322//2292
f 1636//2305 1637//2308 1658//2321 1640//2322
f 1640//2322 1658//2321 1659//2323 1641//2324
f 1641//2324 1659//2323 1660//2325 1642//2326
f 1642//2326 1660//2325 5674//2327 5673//2328
f 1637//2308 1638//2310 1661//2329 1658//2321
f 1658//2321 1661//2329 1662//2330 1659//2323
f 1659//2323 1662//2330 1663//2331 1660//2325
f 1660//2325 1663//2331 5675//2332 5674//2327
f 1638//2310 1639//2312 1664//2333 1661//2329
f 1661//2329 1664//2333 1665//2334 1662//2330
f 1662//2330 1665//2334 1666//2335 1663//2331
f 1663//2331 1666//2335 5676//2336 5675//2332
f 1639//2312 5319//2265 5318//2264 1664//2333
f 1664//2333 5318//2264 5317//2269 1665//2334
f 1665//2334 5317//2269 5316//2273 1666//2335
f 1666//2335 5316//2273 6740//492 5676//2336
f 1636//2305 1640//2322 1667//2337 1643//2338
f 1643//2338 1667//2337 1668//2339 1644//2340
f 1644//2340 1668//2339 1669//2341 1645//2342
f 1645//2342 1669//2341 5870//2343 5869//2344
f 1640//2322 1641//2324 1670//2345 1667//2337
f 1667//2337 1670//2345 1671//2346 1668//2339
f 1668//2339 1671//2346 1672//2347 1669//2341
f 1669//2341 1672//2347 5871//2348 5870//2343
f 1641//2324 1642//2326 1673//2349 1670//2345
f 1670//2345 1673//2349 1674//2350 1671//2346
f 1671//2346 1674//2350 1675//2351 1672//2347
f 1672//2347 1675//2351 5872//2352 5871//2348
f 1642//2326 5673//2328 5672//2353 1673//2349
f 1673//2349 5672//2353 5671//2354 1674//2350
f 1674//2350 5671//2354 5670//2355 1675//2351
f 1675//2351 5670//2355 6739//1270 5872//2352
f 1636//2305 1643//2338 1676//2356 1646//2306
f 1646//2306 1676//2356 1677//2357 1647//2313
f 1647//2313 1677//2357 1678//2358 1648//2317
f 1648//2317 1678//2358 5863//562 5862//534
f 1643//2338 1644//2340 1679//2359 1676//2356
f 1676//2356 1679//2359 1680//2360 1677//2357
f 1677//2357 1680//2360 1681//2361 1678//2358
f 1678//2358 1681//2361 5864//563 5863//562
f 1644//2340 1645//2342 1682//2362 1679//2359
f 1679//2359 1682//2362 1683//2363 1680//2360
f 1680//2360 1683//2363 1684//2364 1681//2361
f 1681//2361 1684//2364 5865//564 5864//563
f 1645//2342 5869//2344 5868//2365 1682//2362
f 1682//2362 5868//2365 5867//2366 1683//2363
f 1683//2363 5867//2366 5866//2367 1684//2364
f 1684//2364 5866//2367 6753//565 5865//564
f 1685//2368 1695//2369 1698//2370 1686//2371
f 1686//2371 1698//2370 1699//2372 1687//2373
f 1687//2373 1699//2372 1700//2374 1688//2375
f 1688//2375 1700//2374 5672//2353 5673//2328
f 1695//2369 1696//2376 1701//2377 1698//2370
f 1698//2370 1701//2377 1702//2378 1699//2372
f 1699//2372 1702//2378 1703//2379 1700//2374
f 1700//2374 1703//2379 5671//2354 5672//2353
f 1696//2376 1697//2380 1704//2381 1701//2377
f 1701//2377 1704//2381 1705//2382 1702//2378
f 1702//2378 1705//2382 1706//2383 1703//2379
f 1703//2379 1706//2383 5670//2355 5671//2354
f 1697//2380 5653//1219 5654//1258 1704//2381
f 1704//2381 5654//1258 5655//1262 1705//2382
f 1705//2382 5655//1262 5656//1266 1706//2383
f 1706//2383 5656//1266 6739//1270 5670//2355
f 1685//2368 1686//2371 1707//2384 1689//2385
f 1689//2385 1707//2384 1708//2386 1690//2387
f 1690//2387 1708//2386 1709//2388 1691//2389
f 1691//2389 1709//2388 5661//489 5660//464
f 1686//2371 1687//2373 1710//2390 1707//2384
f 1707//2384 1710//2390 1711//2391 1708//2386
f 1708//2386 1711//2391 1712//2392 1709//2388
f 1709//2388 1712//2392 5662//490 5661//489
f 1687//2373 1688//2375 1713//2393 1710//2390
f 1710//2390 1713//2393 1714//2394 1711//2391
f 1711//2391 1714//2394 1715//2395 1712//2392
f 1712//2392 1715//2395 5663//491 5662//490
f 1688//2375 5673//2328 5674//2327 1713//2393
f 1713//2393 5674//2327 5675//2332 1714//2394
f 1714//2394 5675//2332 5676//2336 1715//2395
f 1715//2395 5676//2336 6740//492 5663//491
f 1685//2368 1689//2385 1716//2396 1692//2397
f 1692//2397 1716//2396 1717//2398 1693//2399
f 1693//2399 1717//2398 1718//2400 1694//2401
f 1694//2401 1718//2400 5418//880 5417//879
f 1689//2385 1690//2387 1719//2402 1716//2396
f 1716//2396 1719//2402 1720//2403 1717//2398
f 1717//2398 1720//2403 1721//2404 1718//2400
f 1718//2400 1721//2404 5419//881 5418//880
f 1690//2387 1691//2389 1722//2405 1719//2402
f 1719//2402 1722//2405 1723//2406 1720//2403
f 1720//2403 1723//2406 1724//2407 1721//2404
f 1721//2404 1724//2407 5420//882 5419//881
f 1691//2389 5660//464 5659//463 1722//2405
f 1722//2405 5659//463 5658//468 1723//2406
f 1723//2406 5658//468 5657//472 1724//2407
f 1724//2407 5657//472 6718//424 5420//882
f 1685//2368 1692//2397 1725//2408 1695//2369
f 1695//2369 1725//2408 1726//2409 1696//2376
f 1696//2376 1726//2409 1727//2410 1697//2380
f 1697//2380 1727//2410 5652//1220 5653//1219
f 1692//2397 1693//2399 1728//2411 1725//2408
f 1725//2408 1728//2411 1729//2412 1726//2409
f 1726//2409 1729//2412 1730//2413 1727//2410
f 1727//2410 1730//2413 5651//1221 5652//1220
f 1693//2399 1694//2401 1731//2414 1728//2411
f 1728//2411 1731//2414 1732//2415 1729//2412
f 1729//2412 1732//2415 1733//2416 1730//2413
f 1730//2413 1733//2416 5650//1222 5651//1221
f 1694//2401 5417//879 5416//914 1731//2414
f 1731//2414 5416//914 5415//918 1732//2415
f 1732//2415 5415//918 5414//922 1733//2416
f 1733//2416 5414//922 6725//926 5650//1222
f 1734//2417 1736//2418 5644//2419 5643//2420
f 1735//2421 1738//2422 1739//2423 1736//2418
f 1736//2418 1739//2423 5645//2424 5644//2419
f 1737//2425 1740//2426 1741//2427 1738//2422
f 1738//2422 1741//2427 1742//2428 1739//2423
f 1739//2423 1742//2428 5646//2429 5645//2424
f 1740//2426 5934//2223 5935//2228 1741//2427
f 1741//2427 5935//2228 5936//2232 1742//2428
f 1742//2428 5936//2232 6738//2236 5646//2429
f 1756//2430 1762//2431 1763//2432 1757//2433
f 1757//2433 1763//2432 5930//2198 5931//2197
f 1758//2434 1759//2435 1764//2436 1761//2437
f 1761//2437 1764//2436 1765//2438 1762//2431
f 1762//2431 1765//2438 1766//2439 1763//2432
f 1763//2432 1766//2439 5929//2199 5930//2198
f 1759//2435 1760//2440 1767//2441 1764//2436
f 1764//2436 1767//2441 1768//2442 1765//2438
f 1765//2438 1768//2442 1769//2443 1766//2439
f 1766//2439 1769//2443 5928//2200 5929//2199
f 1760//2440 5924//2118 5925//2117 1767//2441
f 1767//2441 5925//2117 5926//2122 1768//2442
f 1768//2442 5926//2122 5927//2126 1769//2443
f 1769//2443 5927//2126 6737//1950 5928//2200
f 1757//2433 5931//2197 5932//2240 1770//2444
f 1758//2434 1771//2445 1772//2446 1759//2435
f 1759//2435 1772//2446 1773//2447 1760//2440
f 1760//2440 1773//2447 5923//2139 5924//2118
f 1772//2446 1774//2448 1775//2449 1773//2447
f 1773//2447 1775//2449 5922//2140 5923//2139
f 1774//2448 1776//2450 1777//2451 1775//2449
f 1775//2449 1777//2451 5921//2141 5922//2140
f 1778//2452 1785//2453 1788//2454 1779//2455
f 1779//2455 1788//2454 1789//2456 1780//2457
f 1780//2457 1789//2456 1790//2458 1781//2459
f 1781//2459 1790//2458 5888//1552 5889//1551
f 1785//2453 1786//2460 1791//2461 1788//2454
f 1788//2454 1791//2461 1792//2462 1789//2456
f 1789//2456 1792//2462 1793//2463 1790//2458
f 1790//2458 1793//2463 5887//1553 5888//1552
f 1786//2460 1787//2464 1794//2465 1791//2461
f 1791//2461 1794//2465 1795//2466 1792//2462
f 1792//2462 1795//2466 1796//2467 1793//2463
f 1793//2463 1796//2467 5886//1554 5887//1553
f 1787//2464 5882//2058 5883//2057 1794//2465
f 1794//2465 5883//2057 5884//2062 1795//2466
f 1795//2466 5884//2062 5885//2066 1796//2467
f 1796//2467 5885//2066 6729//1126 5886//1554
f 1778//2452 1779//2455 1797//2468 1782//2469
f 1782//2469 1797//2468 1798//2470 1783//2471
f 1783//2471 1798//2470 1799//2472 1784//2473
f 1784//2473 1799//2472 5841//2474 5840//2475
f 1779//2455 1780//2457 1800//2476 1797//2468
f 1797//2468 1800//2476 1801//2477 1798//2470
f 1798//2470 1801//2477 1802//2478 1799//2472
f 1799//2472 1802//2478 5842//2479 5841//2474
f 1780//2457 1781//2459 1803//2480 1800//2476
f 1800//2476 1803//2480 1804//2481 1801//2477
f 1801//2477 1804//2481 1805//2482 1802//2478
f 1802//2478 1805//2482 5843//2483 5842//2479
f 1781//2459 5889//1551 5890//1586 1803//2480
f 1803//2480 5890//1586 5891//1590 1804//2481
f 1804//2481 5891//1590 5892//1594 1805//2482
f 1805//2482 5892//1594 6755//1598 5843//2483
f 1778//2452 1782//2469 1806//2484 1785//2453
f 1785//2453 1806//2484 1807//2485 1786//2460
f 1786//2460 1807//2485 1808//2486 1787//2464
f 1787//2464 1808//2486 5881//2076 5882//2058
f 1782//2469 1783//2471 1809//2487 1806//2484
f 1806//2484 1809//2487 1810//2488 1807//2485
f 1807//2485 1810//2488 1811//2489 1808//2486
f 1808//2486 1811//2489 5880//2077 5881//2076
f 1783//2471 1784//2473 1812//2490 1809//2487
f 1809//2487 1812//2490 1813//2491 1810//2488
f 1810//2488 1813//2491 1814//2492 1811//2489
f 1811//2489 1814//2492 5879//2078 5880//2077
f 1784//2473 5840//2475 5839//2493 1812//2490
f 1812//2490 5839//2493 5838//2494 1813//2491
f 1813//2491 5838//2494 5837//2495 1814//2492
f 1814//2492 5837//2495 6754//1241 5879//2078
f 1815//2496 1820//2497 1823//2498 1816//2499
f 1816//2499 1823//2498 1824//2500 1817//2501
f 1817//2501 1824//2500 1825//2502 1818//2503
f 1818//2503 1825//2502 5916//2096 5917//2095
f 1820//2497 1821//2504 1826//2505 1823//2498
f 1823//2498 1826//2505 1827//2506 1824//2500
f 1824//2500 1827//2506 1828//2507 1825//2502
f 1825//2502 1828//2507 5915//2097 5916//2096
f 1821//2504 1822//2508 1829//2509 1826//2505
f 1826//2505 1829//2509 1830//2510 1827//2506
f 1827//2506 1830//2510 1831//2511 1828//2507
f 1828//2507 1831//2511 5914//2098 5915//2097
f 1822//2508 5910//2512 5909//2513 1829//2509
f 1829//2509 5909//2513 5908//2514 1830//2510
f 1830//2510 5908//2514 5907//2515 1831//2511
f 1831//2511 5907//2515 6735//1806 5914//2098
f 1815//2496 1816//2499 1832//2516 1819//2517
f 1816//2499 1817//2501 1834//2518 1832//2516
f 1832//2516 1834//2518 1835//2519 1833//2520
f 1817//2501 1818//2503 1836//2521 1834//2518
f 1834//2518 1836//2521 1837//2522 1835//2519
f 1818//2503 5917//2095 5918//2130 1836//2521
f 1836//2521 5918//2130 5919//2134 1837//2522
f 1815//2496 1819//2517 1838//2523 1820//2497
f 1820//2497 1838//2523 1839//2524 1821//2504
f 1821//2504 1839//2524 1840//2525 1822//2508
f 1822//2508 1840//2525 5911//2526 5910//2512
f 1839//2524 1841//2527 1842//2528 1840//2525
f 1840//2525 1842//2528 5912//2529 5911//2526
f 1843//2530 1853//2531 1856//2532 1844//2533
f 1844//2533 1856//2532 1857//2534 1845//2535
f 1845//2535 1857//2534 1858//2536 1846//2537
f 1846//2537 1858//2536 5902//1595 5903//1574
f 1853//2531 1854//2538 1859//2539 1856//2532
f 1856//2532 1859//2539 1860//2540 1857//2534
f 1857//2534 1860//2540 1861//2541 1858//2536
f 1858//2536 1861//2541 5901//1596 5902//1595
f 1854//2538 1855//2542 1862//2543 1859//2539
f 1859//2539 1862//2543 1863//2544 1860//2540
f 1860//2540 1863//2544 1864//2545 1861//2541
f 1861//2541 1864//2545 5900//1597 5901//1596
f 1862//2543 5832//2546 5831//2547 1863//2544
f 1863//2544 5831//2547 5830//2548 1864//2545
f 1864//2545 5830//2548 6755//1598 5900//1597
f 1843//2530 1844//2533 1865//2549 1847//2550
f 1847//2550 1865//2549 1866//2551 1848//2552
f 1848//2552 1866//2551 1867//2553 1849//2554
f 1849//2554 1867//2553 5556//1760 5557//1759
f 1844//2533 1845//2535 1868//2555 1865//2549
f 1865//2549 1868//2555 1869//2556 1866//2551
f 1866//2551 1869//2556 1870//2557 1867//2553
f 1867//2553 1870//2557 5555//1761 5556//1760
f 1845//2535 1846//2537 1871//2558 1868//2555
f 1868//2555 1871//2558 1872//2559 1869//2556
f 1869//2556 1872//2559 1873//2560 1870//2557
f 1870//2557 1873//2560 5554//1762 5555//1761
f 1846//2537 5903//1574 5904//1573 1871//2558
f 1871//2558 5904//1573 5905//1578 1872//2559
f 1872//2559 5905//1578 5906//1582 1873//2560
f 1873//2560 5906//1582 6732//1534 5554//1762
f 1843//2530 1847//2550 1874//2561 1850//2562
f 1850//2562 1874//2561 1875//2563 1851//2564
f 1851//2564 1875//2563 1876//2565 1852//2566
f 1852//2566 1876//2565 5909//2513 5910//2512
f 1847//2550 1848//2552 1877//2567 1874//2561
f 1874//2561 1877//2567 1878//2568 1875//2563
f 1875//2563 1878//2568 1879//2569 1876//2565
f 1876//2565 1879//2569 5908//2514 5909//2513
f 1848//2552 1849//2554 1880//2570 1877//2567
f 1877//2567 1880//2570 1881//2571 1878//2568
f 1878//2568 1881//2571 1882//2572 1879//2569
f 1879//2569 1882//2572 5907//2515 5908//2514
f 1849//2554 5557//1759 5558//1794 1880//2570
f 1880//2570 5558//1794 5559//1798 1881//2571
f 1881//2571 5559//1798 5560//1802 1882//2572
f 1882//2572 5560//1802 6735//1806 5907//2515
f 1843//2530 1850//2562 1883//2573 1853//2531
f 1853//2531 1883//2573 1884//2574 1854//2538
f 1854//2538 1884//2574 1885//2575 1855//2542
f 1850//2562 1851//2564 1886//2576 1883//2573
f 1883//2573 1886//2576 1887//2577 1884//2574
f 1884//2574 1887//2577 1888//2578 1885//2575
f 1851//2564 1852//2566 1889//2579 1886//2576
f 1886//2576 1889//2579 1890//2580 1887//2577
f 1887//2577 1890//2580 1891//2581 1888//2578
f 1852//2566 5910//2512 5911//2526 1889//2579
f 1889//2579 5911//2526 5912//2529 1890//2580
f 1890//2580 5912//2529 5913//2582 1891//2581
f 1892//2583 1898//2584 1899//2585 1893//2586
f 1893//2586 1899//2585 5856//2587 5855//2588
f 1894//2589 1895//2590 1900//2591 1897//2592
f 1897//2592 1900//2591 1901//2593 1898//2584
f 1898//2584 1901//2593 1902//2594 1899//2585
f 1899//2585 1902//2594 5857//2595 5856//2587
f 1895//2590 1896//2596 1903//2597 1900//2591
f 1900//2591 1903//2597 1904//2598 1901//2593
f 1901//2593 1904//2598 1905//2599 1902//2594
f 1902//2594 1905//2599 5858//2600 5857//2595
f 1903//2597 5647//2601 5648//2602 1904//2598
f 1904//2598 5648//2602 5649//2603 1905//2599
f 1905//2599 5649//2603 6720//2604 5858//2600
f 1893//2586 5855//2588 5854//2605 1906//2606
f 1895//2590 1907//2607 1908//2608 1896//2596
f 1909//2609 1913//2610 1916//2611 1910//2612
f 1910//2612 1916//2611 1917//2613 1911//2614
f 1911//2614 1917//2613 1918//2615 1912//2616
f 1912//2616 1918//2615 5875//1267 5876//1249
f 1913//2610 1914//2617 1919//2618 1916//2611
f 1916//2611 1919//2618 1920//2619 1917//2613
f 1917//2613 1920//2619 1921//2620 1918//2615
f 1918//2615 1921//2620 5874//1268 5875//1267
f 1914//2617 1915//2621 1922//2622 1919//2618
f 1919//2618 1922//2622 1923//2623 1920//2619
f 1920//2619 1923//2623 1924//2624 1921//2620
f 1921//2620 1924//2624 5873//1269 5874//1268
f 1915//2621 5869//2344 5870//2343 1922//2622
f 1922//2622 5870//2343 5871//2348 1923//2623
f 1923//2623 5871//2348 5872//2352 1924//2624
f 1924//2624 5872//2352 6739//1270 5873//1269
f 1911//2614 1912//2616 1926//2625 1925//2626
f 1912//2616 5876//1249 5877//1248 1926//2625
f 1926//2625 5877//1248 5878//1253 1927//2627
f 1913//2610 1928//2628 1929//2629 1914//2617
f 1914//2617 1929//2629 1930//2630 1915//2621
f 1915//2621 1930//2630 5868//2365 5869//2344
f 1928//2628 1931//2631 1932//2632 1929//2629
f 1929//2629 1932//2632 1933//2633 1930//2630
f 1930//2630 1933//2633 5867//2366 5868//2365
f 1931//2631 1934//2634 1935//2635 1932//2632
f 1932//2632 1935//2635 1936//2636 1933//2633
f 1933//2633 1936//2636 5866//2367 5867//2366
f 1935//2635 5845//2637 5844//2638 1936//2636
f 1936//2636 5844//2638 6753//565 5866//2367
f 1937//2639 1944//2640 1947//2641 1938//2642
f 1938//2642 1947//2641 1948//2643 1939//2644
f 1939//2644 1948//2643 1949//2645 1940//2646
f 1940//2646 1949//2645 5745//2647 5746//2648
f 1944//2640 1945//2649 1950//2650 1947//2641
f 1947//2641 1950//2650 1951//2651 1948//2643
f 1948//2643 1951//2651 1952//2652 1949//2645
f 1949//2645 1952//2652 5744//2653 5745//2647
f 1945//2649 1946//2654 1953//2655 1950//2650
f 1950//2650 1953//2655 1954//2656 1951//2651
f 1951//2651 1954//2656 1955//2657 1952//2652
f 1952//2652 1955//2657 5743//2658 5744//2653
f 1946//2654 5643//2420 5644//2419 1953//2655
f 1953//2655 5644//2419 5645//2424 1954//2656
f 1954//2656 5645//2424 5646//2429 1955//2657
f 1955//2657 5646//2429 6738//2236 5743//2658
f 1937//2639 1938//2642 1956//2659 1941//2660
f 1941//2660 1956//2659 1957//2661 1942//2662
f 1942//2662 1957//2661 1958//2663 1943//2664
f 1943//2664 1958//2663 5752//2159 5753//2158
f 1938//2642 1939//2644 1959//2665 1956//2659
f 1956//2659 1959//2665 1960//2666 1957//2661
f 1957//2661 1960//2666 1961//2667 1958//2663
f 1958//2663 1961//2667 5751//2160 5752//2159
f 1939//2644 1940//2646 1962//2668 1959//2665
f 1959//2665 1962//2668 1963//2669 1960//2666
f 1960//2666 1963//2669 1964//2670 1961//2667
f 1961//2667 1964//2670 5750//2161 5751//2160
f 1940//2646 5746//2648 5747//2671 1962//2668
f 1962//2668 5747//2671 5748//2672 1963//2669
f 1963//2669 5748//2672 5749//2673 1964//2670
f 1964//2670 5749//2673 6751//2022 5750//2161
f 1965//2674 1975//2675 1978//2676 1966//2677
f 1966//2677 1978//2676 1979//2678 1967//2679
f 1967//2679 1979//2678 1980//2680 1968//2681
f 1968//2681 1980//2680 5738//2682 5739//2683
f 1975//2675 1976//2684 1981//2685 1978//2676
f 1978//2676 1981//2685 1982//2686 1979//2678
f 1979//2678 1982//2686 1983//2687 1980//2680
f 1980//2680 1983//2687 5737//2688 5738//2682
f 1976//2684 1977//2689 1984//2690 1981//2685
f 1981//2685 1984//2690 1985//2691 1982//2686
f 1982//2686 1985//2691 1986//2692 1983//2687
f 1983//2687 1986//2692 5736//2693 5737//2688
f 1977//2689 5634//2208 5635//2207 1984//2690
f 1984//2690 5635//2207 5636//2212 1985//2691
f 1985//2691 5636//2212 5637//2216 1986//2692
f 1986//2692 5637//2216 6736//1934 5736//2693
f 1965//2674 1966//2677 1987//2694 1969//2695
f 1969//2695 1987//2694 1988//2696 1970//2697
f 1970//2697 1988//2696 1989//2698 1971//2699
f 1971//2699 1989//2698 5756//1968 5757//1967
f 1966//2677 1967//2679 1990//2700 1987//2694
f 1987//2694 1990//2700 1991//2701 1988//2696
f 1988//2696 1991//2701 1992//2702 1989//2698
f 1989//2698 1992//2702 5755//1969 5756//1968
f 1967//2679 1968//2681 1993//2703 1990//2700
f 1990//2700 1993//2703 1994//2704 1991//2701
f 1991//2701 1994//2704 1995//2705 1992//2702
f 1992//2702 1995//2705 5754//1970 5755//1969
f 1968//2681 5739//2683 5740//2706 1993//2703
f 1993//2703 5740//2706 5741//2707 1994//2704
f 1994//2704 5741//2707 5742//2708 1995//2705
f 1995//2705 5742//2708 6750//1878 5754//1970
f 1965//2674 1969//2695 1996//2709 1972//2710
f 1972//2710 1996//2709 1997//2711 1973//2712
f 1973//2712 1997//2711 1998//2713 1974//2714
f 1974//2714 1998//2713 5747//2671 5746//2648
f 1969//2695 1970//2697 1999//2715 1996//2709
f 1996//2709 1999//2715 2000//2716 1997//2711
f 1997//2711 2000//2716 2001//2717 1998//2713
f 1998//2713 2001//2717 5748//2672 5747//2671
f 1970//2697 1971//2699 2002//2718 1999//2715
f 1999//2715 2002//2718 2003//2719 2000//2716
f 2000//2716 2003//2719 2004//2720 2001//2717
f 2001//2717 2004//2720 5749//2673 5748//2672
f 1971//2699 5757//1967 5758//2010 2002//2718
f 2002//2718 5758//2010 5759//2014 2003//2719
f 2003//2719 5759//2014 5760//2018 2004//2720
f 2004//2720 5760//2018 6751//2022 5749//2673
f 1965//2674 1972//2710 2005//2721 1975//2675
f 1975//2675 2005//2721 2006//2722 1976//2684
f 1976//2684 2006//2722 2007//2723 1977//2689
f 1977//2689 2007//2723 5633//2233 5634//2208
f 1972//2710 1973//2712 2008//2724 2005//2721
f 2005//2721 2008//2724 2009//2725 2006//2722
f 2006//2722 2009//2725 2010//2726 2007//2723
f 2007//2723 2010//2726 5632//2234 5633//2233
f 1973//2712 1974//2714 2011//2727 2008//2724
f 2008//2724 2011//2727 2012//2728 2009//2725
f 2009//2725 2012//2728 2013//2729 2010//2726
f 2010//2726 2013//2729 5631//2235 5632//2234
f 1974//2714 5746//2648 5745//2647 2011//2727
f 2011//2727 5745//2647 5744//2653 2012//2728
f 2012//2728 5744//2653 5743//2658 2013//2729
f 2013//2729 5743//2658 6738//2236 5631//2235
f 2014//2730 2024//2731 2027//2732 2015//2733
f 2015//2733 2027//2732 2028//2734 2016//2735
f 2016//2735 2028//2734 2029//2736 2017//2737
f 2017//2737 2029//2736 5731//2738 5732//2739
f 2024//2731 2025//2740 2030//2741 2027//2732
f 2027//2732 2030//2741 2031//2742 2028//2734
f 2028//2734 2031//2742 2032//2743 2029//2736
f 2029//2736 2032//2743 5730//2744 5731//2738
f 2025//2740 2026//2745 2033//2746 2030//2741
f 2030//2741 2033//2746 2034//2747 2031//2742
f 2031//2742 2034//2747 2035//2748 2032//2743
f 2032//2743 2035//2748 5729//2749 5730//2744
f 2026//2745 5606//1906 5607//1905 2033//2746
f 2033//2746 5607//1905 5608//1910 2034//2747
f 2034//2747 5608//1910 5609//1914 2035//2748
f 2035//2748 5609//1914 6733//1654 5729//2749
f 2014//2730 2015//2733 2036//2750 2018//2751
f 2018//2751 2036//2750 2037//2752 2019//2753
f 2019//2753 2037//2752 2038//2754 2020//2755
f 2020//2755 2038//2754 5763//1824 5764//1823
f 2015//2733 2016//2735 2039//2756 2036//2750
f 2036//2750 2039//2756 2040//2757 2037//2752
f 2037//2752 2040//2757 2041//2758 2038//2754
f 2038//2754 2041//2758 5762//1825 5763//1824
f 2016//2735 2017//2737 2042//2759 2039//2756
f 2039//2756 2042//2759 2043//2760 2040//2757
f 2040//2757 2043//2760 2044//2761 2041//2758
f 2041//2758 2044//2761 5761//1826 5762//1825
f 2017//2737 5732//2739 5733//2762 2042//2759
f 2042//2759 5733//2762 5734//2763 2043//2760
f 2043//2760 5734//2763 5735//2764 2044//2761
f 2044//2761 5735//2764 6749//1742 5761//1826
f 2014//2730 2018//2751 2045//2765 2021//2766
f 2021//2766 2045//2765 2046//2767 2022//2768
f 2022//2768 2046//2767 2047//2769 2023//2770
f 2023//2770 2047//2769 5740//2706 5739//2683
f 2018//2751 2019//2753 2048//2771 2045//2765
f 2045//2765 2048//2771 2049//2772 2046//2767
f 2046//2767 2049//2772 2050//2773 2047//2769
f 2047//2769 2050//2773 5741//2707 5740//2706
f 2019//2753 2020//2755 2051//2774 2048//2771
f 2048//2771 2051//2774 2052//2775 2049//2772
f 2049//2772 2052//2775 2053//2776 2050//2773
f 2050//2773 2053//2776 5742//2708 5741//2707
f 2020//2755 5764//1823 5765//1866 2051//2774
f 2051//2774 5765//1866 5766//1870 2052//2775
f 2052//2775 5766//1870 5767//1874 2053//2776
f 2053//2776 5767//1874 6750//1878 5742//2708
f 2014//2730 2021//2766 2054//2777 2024//2731
f 2024//2731 2054//2777 2055//2778 2025//2740
f 2025//2740 2055//2778 2056//2779 2026//2745
f 2026//2745 2056//2779 5605//1931 5606//1906
f 2021//2766 2022//2768 2057//2780 2054//2777
f 2054//2777 2057//2780 2058//2781 2055//2778
f 2055//2778 2058//2781 2059//2782 2056//2779
f 2056//2779 2059//2782 5604//1932 5605//1931
f 2022//2768 2023//2770 2060//2783 2057//2780
f 2057//2780 2060//2783 2061//2784 2058//2781
f 2058//2781 2061//2784 2062//2785 2059//2782
f 2059//2782 2062//2785 5603//1933 5604//1932
f 2023//2770 5739//2683 5738//2682 2060//2783
f 2060//2783 5738//2682 5737//2688 2061//2784
f 2061//2784 5737//2688 5736//2693 2062//2785
f 2062//2785 5736//2693 6736//1934 5603//1933
f 2063//2786 2073//2787 2076//2788 2064//2789
f 2064//2789 2076//2788 2077//2790 2065//2791
f 2065//2791 2077//2790 2078//2792 2066//2793
f 2066//2793 2078//2792 5724//2794 5725//2795
f 2073//2787 2074//2796 2079//2797 2076//2788
f 2076//2788 2079//2797 2080//2798 2077//2790
f 2077//2790 2080//2798 2081//2799 2078//2792
f 2078//2792 2081//2799 5723//2800 5724//2794
f 2074//2796 2075//2801 2082//2802 2079//2797
f 2079//2797 2082//2802 2083//2803 2080//2798
f 2080//2798 2083//2803 2084//2804 2081//2799
f 2081//2799 2084//2804 5722//2805 5723//2800
f 2075//2801 5564//1626 5563//1625 2082//2802
f 2082//2802 5563//1625 5562//1630 2083//2803
f 2083//2803 5562//1630 5561//1634 2084//2804
f 2084//2804 5561//1634 6730//1454 5722//2805
f 2063//2786 2064//2789 2085//2806 2067//2807
f 2067//2807 2085//2806 2086//2808 2068//2809
f 2068//2809 2086//2808 2087//2810 2069//2811
f 2069//2811 2087//2810 5770//1688 5771//1687
f 2064//2789 2065//2791 2088//2812 2085//2806
f 2085//2806 2088//2812 2089//2813 2086//2808
f 2086//2808 2089//2813 2090//2814 2087//2810
f 2087//2810 2090//2814 5769//1689 5770//1688
f 2065//2791 2066//2793 2091//2815 2088//2812
f 2088//2812 2091//2815 2092//2816 2089//2813
f 2089//2813 2092//2816 2093//2817 2090//2814
f 2090//2814 2093//2817 5768//1690 5769//1689
f 2066//2793 5725//2795 5726//2818 2091//2815
f 2091//2815 5726//2818 5727//2819 2092//2816
f 2092//2816 5727//2819 5728//2820 2093//2817
f 2093//2817 5728//2820 6748//1398 5768//1690
f 2063//2786 2067//2807 2094//2821 2070//2822
f 2070//2822 2094//2821 2095//2823 2071//2824
f 2071//2824 2095//2823 2096//2825 2072//2826
f 2072//2826 2096//2825 5733//2762 5732//2739
f 2067//2807 2068//2809 2097//2827 2094//2821
f 2094//2821 2097//2827 2098//2828 2095//2823
f 2095//2823 2098//2828 2099//2829 2096//2825
f 2096//2825 2099//2829 5734//2763 5733//2762
f 2068//2809 2069//2811 2100//2830 2097//2827
f 2097//2827 2100//2830 2101//2831 2098//2828
f 2098//2828 2101//2831 2102//2832 2099//2829
f 2099//2829 2102//2832 5735//2764 5734//2763
f 2069//2811 5771//1687 5772//1730 2100//2830
f 2100//2830 5772//1730 5773//1734 2101//2831
f 2101//2831 5773//1734 5774//1738 2102//2832
f 2102//2832 5774//1738 6749//1742 5735//2764
f 2063//2786 2070//2822 2103//2833 2073//2787
f 2073//2787 2103//2833 2104//2834 2074//2796
f 2074//2796 2104//2834 2105//2835 2075//2801
f 2075//2801 2105//2835 5565//1651 5564//1626
f 2070//2822 2071//2824 2106//2836 2103//2833
f 2103//2833 2106//2836 2107//2837 2104//2834
f 2104//2834 2107//2837 2108//2838 2105//2835
f 2105//2835 2108//2838 5566//1652 5565//1651
f 2071//2824 2072//2826 2109//2839 2106//2836
f 2106//2836 2109//2839 2110//2840 2107//2837
f 2107//2837 2110//2840 2111//2841 2108//2838
f 2108//2838 2111//2841 5567//1653 5566//1652
f 2072//2826 5732//2739 5731//2738 2109//2839
f 2109//2839 5731//2738 5730//2744 2110//2840
f 2110//2840 5730//2744 5729//2749 2111//2841
f 2111//2841 5729//2749 6733//1654 5567//1653
f 2112//2842 2122//2843 2125//2844 2113//2845
f 2113//2845 2125//2844 2126//2846 2114//2847
f 2114//2847 2126//2846 2127//2848 2115//2849
f 2115//2849 2127//2848 5717//2850 5718//2851
f 2122//2843 2123//2852 2128//2853 2125//2844
f 2125//2844 2128//2853 2129//2854 2126//2846
f 2126//2846 2129//2854 2130//2855 2127//2848
f 2127//2848 2130//2855 5716//2856 5717//2850
f 2123//2852 2124//2857 2131//2858 2128//2853
f 2128//2853 2131//2858 2132//2859 2129//2854
f 2129//2854 2132//2859 2133//2860 2130//2855
f 2130//2855 2133//2860 5715//2861 5716//2856
f 2124//2857 5515//1426 5516//1425 2131//2858
f 2131//2858 5516//1425 5517//1430 2132//2859
f 2132//2859 5517//1430 5518//1434 2133//2860
f 2133//2860 5518//1434 6726//1182 5715//2861
f 2112//2842 2113//2845 2134//2862 2116//2863
f 2116//2863 2134//2862 2135//2864 2117//2865
f 2117//2865 2135//2864 2136//2866 2118//2867
f 2118//2867 2136//2866 5777//1344 5778//1343
f 2113//2845 2114//2847 2137//2868 2134//2862
f 2134//2862 2137//2868 2138//2869 2135//2864
f 2135//2864 2138//2869 2139//2870 2136//2866
f 2136//2866 2139//2870 5776//1345 5777//1344
f 2114//2847 2115//2849 2140//2871 2137//2868
f 2137//2868 2140//2871 2141//2872 2138//2869
f 2138//2869 2141//2872 2142//2873 2139//2870
f 2139//2870 2142//2873 5775//1346 5776//1345
f 2115//2849 5718//2851 5719//2874 2140//2871
f 2140//2871 5719//2874 5720//2875 2141//2872
f 2141//2872 5720//2875 5721//2876 2142//2873
f 2142//2873 5721//2876 6747//1054 5775//1346
f 2112//2842 2116//2863 2143//2877 2119//2878
f 2119//2878 2143//2877 2144//2879 2120//2880
f 2120//2880 2144//2879 2145//2881 2121//2882
f 2121//2882 2145//2881 5726//2818 5725//2795
f 2116//2863 2117//2865 2146//2883 2143//2877
f 2143//2877 2146//2883 2147//2884 2144//2879
f 2144//2879 2147//2884 2148//2885 2145//2881
f 2145//2881 2148//2885 5727//2819 5726//2818
f 2117//2865 2118//2867 2149//2886 2146//2883
f 2146//2883 2149//2886 2150//2887 2147//2884
f 2147//2884 2150//2887 2151//2888 2148//2885
f 2148//2885 2151//2888 5728//2820 5727//2819
f 2118//2867 5778//1343 5779//1386 2149//2886
f 2149//2886 5779//1386 5780//1390 2150//2887
f 2150//2887 5780//1390 5781//1394 2151//2888
f 2151//2888 5781//1394 6748//1398 5728//2820
f 2112//2842 2119//2878 2152//2889 2122//2843
f 2122//2843 2152//2889 2153//2890 2123//2852
f 2123//2852 2153//2890 2154//2891 2124//2857
f 2124//2857 2154//2891 5514//1451 5515//1426
f 2119//2878 2120//2880 2155//2892 2152//2889
f 2152//2889 2155//2892 2156//2893 2153//2890
f 2153//2890 2156//2893 2157//2894 2154//2891
f 2154//2891 2157//2894 5513//1452 5514//1451
f 2120//2880 2121//2882 2158//2895 2155//2892
f 2155//2892 2158//2895 2159//2896 2156//2893
f 2156//2893 2159//2896 2160//2897 2157//2894
f 2157//2894 2160//2897 5512//1453 5513//1452
f 2121//2882 5725//2795 5724//2794 2158//2895
f 2158//2895 5724//2794 5723//2800 2159//2896
f 2159//2896 5723//2800 5722//2805 2160//2897
f 2160//2897 5722//2805 6730//1454 5512//1453
f 2161//2898 2171//2899 2174//2900 2162//2901
f 2162//2901 2174//2900 2175//2902 2163//2903
f 2163//2903 2175//2902 2176//2904 2164//2905
f 2164//2905 2176//2904 5710//2906 5711//2907
f 2171//2899 2172//2908 2177//2909 2174//2900
f 2174//2900 2177//2909 2178//2910 2175//2902
f 2175//2902 2178//2910 2179//2911 2176//2904
f 2176//2904 2179//2911 5709//2912 5710//2906
f 2172//2908 2173//2913 2180//2914 2177//2909
f 2177//2909 2180//2914 2181//2915 2178//2910
f 2178//2910 2181//2915 2182//2916 2179//2911
f 2179//2911 2182//2916 5708//2917 5709//2912
f 2173//2913 5459//1154 5460//1153 2180//2914
f 2180//2914 5460//1153 5461//1158 2181//2915
f 2181//2915 5461//1158 5462//1162 2182//2916
f 2182//2916 5462//1162 6721//846 5708//2917
f 2161//2898 2162//2901 2183//2918 2165//2919
f 2165//2919 2183//2918 2184//2920 2166//2921
f 2166//2921 2184//2920 2185//2922 2167//2923
f 2167//2923 2185//2922 5784//1000 5785//999
f 2162//2901 2163//2903 2186//2924 2183//2918
f 2183//2918 2186//2924 2187//2925 2184//2920
f 2184//2920 2187//2925 2188//2926 2185//2922
f 2185//2922 2188//2926 5783//1001 5784//1000
f 2163//2903 2164//2905 2189//2927 2186//2924
f 2186//2924 2189//2927 2190//2928 2187//2925
f 2187//2925 2190//2928 2191//2929 2188//2926
f 2188//2926 2191//2929 5782//1002 5783//1001
f 2164//2905 5711//2907 5712//2930 2189//2927
f 2189//2927 5712//2930 5713//2931 2190//2928
f 2190//2928 5713//2931 5714//2932 2191//2929
f 2191//2929 5714//2932 6746//718 5782//1002
f 2161//2898 2165//2919 2192//2933 2168//2934
f 2168//2934 2192//2933 2193//2935 2169//2936
f 2169//2936 2193//2935 2194//2937 2170//2938
f 2170//2938 2194//2937 5719//2874 5718//2851
f 2165//2919 2166//2921 2195//2939 2192//2933
f 2192//2933 2195//2939 2196//2940 2193//2935
f 2193//2935 2196//2940 2197//2941 2194//2937
f 2194//2937 2197//2941 5720//2875 5719//2874
f 2166//2921 2167//2923 2198//2942 2195//2939
f 2195//2939 2198//2942 2199//2943 2196//2940
f 2196//2940 2199//2943 2200//2944 2197//2941
f 2197//2941 2200//2944 5721//2876 5720//2875
f 2167//2923 5785//999 5786//1042 2198//2942
f 2198//2942 5786//1042 5787//1046 2199//2943
f 2199//2943 5787//1046 5788//1050 2200//2944
f 2200//2944 5788//1050 6747//1054 5721//2876
f 2161//2898 2168//2934 2201//2945 2171//2899
f 2171//2899 2201//2945 2202//2946 2172//2908
f 2172//2908 2202//2946 2203//2947 2173//2913
f 2173//2913 2203//2947 5458//1179 5459//1154
f 2168//2934 2169//2936 2204//2948 2201//2945
f 2201//2945 2204//2948 2205//2949 2202//2946
f 2202//2946 2205//2949 2206//2950 2203//2947
f 2203//2947 2206//2950 5457//1180 5458//1179
f 2169//2936 2170//2938 2207//2951 2204//2948
f 2204//2948 2207//2951 2208//2952 2205//2949
f 2205//2949 2208//2952 2209//2953 2206//2950
f 2206//2950 2209//2953 5456//1181 5457//1180
f 2170//2938 5718//2851 5717//2850 2207//2951
f 2207//2951 5717//2850 5716//2856 2208//2952
f 2208//2952 5716//2856 5715//2861 2209//2953
f 2209//2953 5715//2861 6726//1182 5456//1181
f 2210//2954 2220//2955 2223//2956 2211//2957
f 2211//2957 2223//2956 2224//2958 2212//2959
f 2212//2959 2224//2958 2225//2960 2213//2961
f 2213//2961 2225//2960 5703//2962 5704//2963
f 2220//2955 2221//2964 2226//2965 2223//2956
f 2223//2956 2226//2965 2227//2966 2224//2958
f 2224//2958 2227//2966 2228//2967 2225//2960
f 2225//2960 2228//2967 5702//2968 5703//2962
f 2221//2964 2222//2969 2229//2970 2226//2965
f 2226//2965 2229//2970 2230//2971 2227//2966
f 2227//2966 2230//2971 2231//2972 2228//2967
f 2228//2967 2231//2972 5701//2973 5702//2968
f 2222//2969 5389//818 5390//817 2229//2970
f 2229//2970 5390//817 5391//822 2230//2971
f 2230//2971 5391//822 5392//826 2231//2972
f 2231//2972 5392//826 6710//188 5701//2973
f 2210//2954 2211//2957 2232//2974 2214//2975
f 2214//2975 2232//2974 2233//2976 2215//2977
f 2215//2977 2233//2976 2234//2978 2216//2979
f 2216//2979 2234//2978 5791//664 5792//663
f 2211//2957 2212//2959 2235//2980 2232//2974
f 2232//2974 2235//2980 2236//2981 2233//2976
f 2233//2976 2236//2981 2237//2982 2234//2978
f 2234//2978 2237//2982 5790//665 5791//664
f 2212//2959 2213//2961 2238//2983 2235//2980
f 2235//2980 2238//2983 2239//2984 2236//2981
f 2236//2981 2239//2984 2240//2985 2237//2982
f 2237//2982 2240//2985 5789//666 5790//665
f 2213//2961 5704//2963 5705//2986 2238//2983
f 2238//2983 5705//2986 5706//2987 2239//2984
f 2239//2984 5706//2987 5707//2988 2240//2985
f 2240//2985 5707//2988 6745//599 5789//666
f 2210//2954 2214//2975 2241//2989 2217//2990
f 2217//2990 2241//2989 2242//2991 2218//2992
f 2218//2992 2242//2991 2243//2993 2219//2994
f 2219//2994 2243//2993 5712//2930 5711//2907
f 2214//2975 2215//2977 2244//2995 2241//2989
f 2241//2989 2244//2995 2245//2996 2242//2991
f 2242//2991 2245//2996 2246//2997 2243//2993
f 2243//2993 2246//2997 5713//2931 5712//2930
f 2215//2977 2216//2979 2247//2998 2244//2995
f 2244//2995 2247//2998 2248//2999 2245//2996
f 2245//2996 2248//2999 2249//3000 2246//2997
f 2246//2997 2249//3000 5714//2932 5713//2931
f 2216//2979 5792//663 5793//706 2247//2998
f 2247//2998 5793//706 5794//710 2248//2999
f 2248//2999 5794//710 5795//714 2249//3000
f 2249//3000 5795//714 6746//718 5714//2932
f 2210//2954 2217//2990 2250//3001 2220//2955
f 2220//2955 2250//3001 2251//3002 2221//2964
f 2221//2964 2251//3002 2252//3003 2222//2969
f 2222//2969 2252//3003 5388//843 5389//818
f 2217//2990 2218//2992 2253//3004 2250//3001
f 2250//3001 2253//3004 2254//3005 2251//3002
f 2251//3002 2254//3005 2255//3006 2252//3003
f 2252//3003 2255//3006 5387//844 5388//843
f 2218//2992 2219//2994 2256//3007 2253//3004
f 2253//3004 2256//3007 2257//3008 2254//3005
f 2254//3005 2257//3008 2258//3009 2255//3006
f 2255//3006 2258//3009 5386//845 5387//844
f 2219//2994 5711//2907 5710//2906 2256//3007
f 2256//3007 5710//2906 5709//2912 2257//3008
f 2257//3008 5709//2912 5708//2917 2258//3009
f 2258//3009 5708//2917 6721//846 5386//845
f 2259//3010 2269//3011 2272//3012 2260//3013
f 2260//3013 2272//3012 2273//3014 2261//3015
f 2261//3015 2273//3014 2274//3016 2262//3017
f 2262//3017 2274//3016 5201//185 5200//153
f 2269//3011 2270//3018 2275//3019 2272//3012
f 2272//3012 2275//3019 2276//3020 2273//3014
f 2273//3014 2276//3020 2277//3021 2274//3016
f 2274//3016 2277//3021 5202//186 5201//185
f 2270//3018 2271//3022 2278//3023 2275//3019
f 2275//3019 2278//3023 2279//3024 2276//3020
f 2276//3020 2279//3024 2280//3025 2277//3021
f 2277//3021 2280//3025 5203//187 5202//186
f 2271//3022 5704//2963 5703//2962 2278//3023
f 2278//3023 5703//2962 5702//2968 2279//3024
f 2279//3024 5702//2968 5701//2973 2280//3025
f 2280//3025 5701//2973 6710//188 5203//187
f 2259//3010 2260//3013 2281//3026 2263//3027
f 2263//3027 2281//3026 2282//3028 2264//3029
f 2264//3029 2282//3028 2283//3030 2265//3031
f 2265//3031 2283//3030 5696//3032 5697//3033
f 2260//3013 2261//3015 2284//3034 2281//3026
f 2281//3026 2284//3034 2285//3035 2282//3028
f 2282//3028 2285//3035 2286//3036 2283//3030
f 2283//3030 2286//3036 5695//3037 5696//3032
f 2261//3015 2262//3017 2287//3038 2284//3034
f 2284//3034 2287//3038 2288//3039 2285//3035
f 2285//3035 2288//3039 2289//3040 2286//3036
f 2286//3036 2289//3040 5694//3041 5695//3037
f 2262//3017 5200//153 5199//152 2287//3038
f 2287//3038 5199//152 5198//158 2288//3039
f 2288//3039 5198//158 5197//163 2289//3040
f 2289//3040 5197//163 6709//168 5694//3041
f 2259//3010 2263//3027 2290//3042 2266//3043
f 2266//3043 2290//3042 2291//3044 2267//3045
f 2267//3045 2291//3044 2292//3046 2268//3047
f 2268//3047 2292//3046 5798//612 5799//584
f 2263//3027 2264//3029 2293//3048 2290//3042
f 2290//3042 2293//3048 2294//3049 2291//3044
f 2291//3044 2294//3049 2295//3050 2292//3046
f 2292//3046 2295//3050 5797//613 5798//612
f 2264//3029 2265//3031 2296//3051 2293//3048
f 2293//3048 2296//3051 2297//3052 2294//3049
f 2294//3049 2297//3052 2298//3053 2295//3050
f 2295//3050 2298//3053 5796//614 5797//613
f 2265//3031 5697//3033 5698//3054 2296//3051
f 2296//3051 5698//3054 5699//3055 2297//3052
f 2297//3052 5699//3055 5700//3056 2298//3053
f 2298//3053 5700//3056 6744//88 5796//614
f 2259//3010 2266//3043 2299//3057 2269//3011
f 2269//3011 2299//3057 2300//3058 2270//3018
f 2270//3018 2300//3058 2301//3059 2271//3022
f 2271//3022 2301//3059 5705//2986 5704//2963
f 2266//3043 2267//3045 2302//3060 2299//3057
f 2299//3057 2302//3060 2303//3061 2300//3058
f 2300//3058 2303//3061 2304//3062 2301//3059
f 2301//3059 2304//3062 5706//2987 5705//2986
f 2267//3045 2268//3047 2305//3063 2302//3060
f 2302//3060 2305//3063 2306//3064 2303//3061
f 2303//3061 2306//3064 2307//3065 2304//3062
f 2304//3062 2307//3065 5707//2988 5706//2987
f 2268//3047 5799//584 5800//583 2305//3063
f 2305//3063 5800//583 5801//589 2306//3064
f 2306//3064 5801//589 5802//594 2307//3065
f 2307//3065 5802//594 6745//599 5707//2988
f 2308//3066 2318//3067 2321//3068 2309//3069
f 2309//3069 2321//3068 2322//3070 2310//3071
f 2310//3071 2322//3070 2323//3072 2311//3073
f 2318//3067 2319//3074 2324//3075 2321//3068
f 2321//3068 2324//3075 2325//3076 2322//3070
f 2322//3070 2325//3076 2326//3077 2323//3072
f 2323//3072 2326//3077 5195//3078 5194//3079
f 2319//3074 2320//3080 2327//3081 2324//3075
f 2324//3075 2327//3081 2328//3082 2325//3076
f 2325//3076 2328//3082 2329//3083 2326//3077
f 2326//3077 2329//3083 5196//3084 5195//3078
f 2320//3080 5697//3033 5696//3032 2327//3081
f 2327//3081 5696//3032 5695//3037 2328//3082
f 2328//3082 5695//3037 5694//3041 2329//3083
f 2329//3083 5694//3041 6709//168 5196//3084
f 2308//3066 2309//3069 2330//3085 2312//3086
f 2312//3086 2330//3085 2331//3087 2313//3088
f 2313//3088 2331//3087 2332//3089 2314//3090
f 2314//3090 2332//3089 5208//53 5207//28
f 2309//3069 2310//3071 2333//3091 2330//3085
f 2330//3085 2333//3091 2334//3092 2331//3087
f 2331//3087 2334//3092 2335//3093 2332//3089
f 2332//3089 2335//3093 5209//54 5208//53
f 2310//3071 2311//3073 2336//3094 2333//3091
f 2333//3091 2336//3094 2337//3095 2334//3092
f 2334//3092 2337//3095 2338//3096 2335//3093
f 2335//3093 2338//3096 5210//55 5209//54
f 2308//3066 2312//3086 2339//3097 2315//3098
f 2315//3098 2339//3097 2340//3099 2316//3100
f 2316//3100 2340//3099 2341//3101 2317//3102
f 2317//3102 2341//3101 5805//105 5806//73
f 2312//3086 2313//3088 2342//3103 2339//3097
f 2339//3097 2342//3103 2343//3104 2340//3099
f 2340//3099 2343//3104 2344//3105 2341//3101
f 2341//3101 2344//3105 5804//106 5805//105
f 2313//3088 2314//3090 2345//3106 2342//3103
f 2342//3103 2345//3106 2346//3107 2343//3104
f 2343//3104 2346//3107 2347//3108 2344//3105
f 2344//3105 2347//3108 5803//107 5804//106
f 2314//3090 5207//28 5206//27 2345//3106
f 2345//3106 5206//27 5205//32 2346//3107
f 2346//3107 5205//32 5204//36 2347//3108
f 2347//3108 5204//36 6743//40 5803//107
f 2308//3066 2315//3098 2348//3109 2318//3067
f 2318//3067 2348//3109 2349//3110 2319//3074
f 2319//3074 2349//3110 2350//3111 2320//3080
f 2320//3080 2350//3111 5698//3054 5697//3033
f 2315//3098 2316//3100 2351//3112 2348//3109
f 2348//3109 2351//3112 2352//3113 2349//3110
f 2349//3110 2352//3113 2353//3114 2350//3111
f 2350//3111 2353//3114 5699//3055 5698//3054
f 2316//3100 2317//3102 2354//3115 2351//3112
f 2351//3112 2354//3115 2355//3116 2352//3113
f 2352//3113 2355//3116 2356//3117 2353//3114
f 2353//3114 2356//3117 5700//3056 5699//3055
f 2317//3102 5806//73 5807//72 2354//3115
f 2354//3115 5807//72 5808//78 2355//3116
f 2355//3116 5808//78 5809//83 2356//3117
f 2356//3117 5809//83 6744//88 5700//3056
f 2357//3118 2367//3119 2370//3120 2358//3121
f 2358//3121 2370//3120 2371//3122 2359//3123
f 2359//3123 2371//3122 2372//3124 2360//3125
f 2360//3125 2372//3124 5187//3126 5186//3127
f 2367//3119 2368//3128 2373//3129 2370//3120
f 2370//3120 2373//3129 2374//3130 2371//3122
f 2371//3122 2374//3130 2375//3131 2372//3124
f 2372//3124 2375//3131 5188//3132 5187//3126
f 2368//3128 2369//3133 2376//3134 2373//3129
f 2373//3129 2376//3134 2377//3135 2374//3130
f 2374//3130 2377//3135 2378//3136 2375//3131
f 2375//3131 2378//3136 5189//3137 5188//3132
f 2369//3133 5685//3138 5684//3139 2376//3134
f 2378//3136 5683//3140 6757//3141 5189//3137
f 2357//3118 2358//3121 2379//3142 2361//3143
f 2361//3143 2379//3142 2380//3144 2362//3145
f 2362//3145 2380//3144 2381//3146 2363//3147
f 2363//3147 2381//3146 5689//124 5690//96
f 2358//3121 2359//3123 2382//3148 2379//3142
f 2379//3142 2382//3148 2383//3149 2380//3144
f 2380//3144 2383//3149 2384//3150 2381//3146
f 2381//3146 2384//3150 5688//125 5689//124
f 2359//3123 2360//3125 2385//3151 2382//3148
f 2382//3148 2385//3151 2386//3152 2383//3149
f 2383//3149 2386//3152 2387//3153 2384//3150
f 2384//3150 2387//3153 5687//126 5688//125
f 2360//3125 5186//3127 5185//3154 2385//3151
f 2385//3151 5185//3154 5184//3155 2386//3152
f 2386//3152 5184//3155 5183//3156 2387//3153
f 2387//3153 5183//3156 6756//127 5687//126
f 2357//3118 2361//3143 2388//3157 2364//3158
f 2364//3158 2388//3157 2389//3159 2365//3160
f 2365//3160 2389//3159 2390//3161 2366//3162
f 2366//3162 2390//3161 5812//37 5813//8
f 2361//3143 2362//3145 2391//3163 2388//3157
f 2388//3157 2391//3163 2392//3164 2389//3159
f 2389//3159 2392//3164 2393//3165 2390//3161
f 2390//3161 2393//3165 5811//38 5812//37
f 2362//3145 2363//3147 2394//3166 2391//3163
f 2391//3163 2394//3166 2395//3167 2392//3164
f 2392//3164 2395//3167 2396//3168 2393//3165
f 2393//3165 2396//3168 5810//39 5811//38
f 2363//3147 5690//96 5691//95 2394//3166
f 2394//3166 5691//95 5692//100 2395//3167
f 2395//3167 5692//100 5693//104 2396//3168
f 2396//3168 5693//104 6743//40 5810//39
f 2357//3118 2364//3158 2397//3169 2367//3119
f 2367//3119 2397//3169 2398//3170 2368//3128
f 2368//3128 2398//3170 2399//3171 2369//3133
f 2364//3158 2365//3160 2400//3172 2397//3169
f 2397//3169 2400//3172 2401//3173 2398//3170
f 2398//3170 2401//3173 2402//3174 2399//3171
f 2365//3160 2366//3162 2403//3175 2400//3172
f 2400//3172 2403//3175 2404//3176 2401//3173
f 2401//3173 2404//3176 2405//3177 2402//3174
f 2366//3162 5813//8 5814//7 2403//3175
f 2403//3175 5814//7 5815//14 2404//3176
f 2404//3176 5815//14 5816//18 2405//3177
f 2406//3178 5836//3179 6755//1598 5830//2548
f 2408//3180 2409//3181 5839//2493 5840//2475
f 2409//3181 2410//3182 5838//2494 5839//2493
f 2410//3182 2411//3183 5837//2495 5838//2494
f 2407//3184 2408//3180 2415//3185 2412//3186
f 2412//3186 2415//3185 2416//3187 2413//3188
f 2413//3188 2416//3187 2417//3189 2414//3190
f 2408//3180 5840//2475 5841//2474 2415//3185
f 2415//3185 5841//2474 5842//2479 2416//3187
f 2416//3187 5842//2479 5843//2483 2417//3189
f 2417//3189 5843//2483 6755//1598 5836//3179
f 2418//3191 2431//3192 2434//3193 2419//3194
f 2419//3194 2434//3193 2435//3195 2420//3196
f 2420//3196 2435//3195 2436//3197 2421//3198
f 2421//3198 2436//3197 5311//2302 5312//2281
f 2431//3192 2432//3199 2437//3200 2434//3193
f 2434//3193 2437//3200 2438//3201 2435//3195
f 2435//3195 2438//3201 2439//3202 2436//3197
f 2436//3197 2439//3202 5310//2303 5311//2302
f 2432//3199 2433//3203 2440//3204 2437//3200
f 2437//3200 2440//3204 2441//3205 2438//3201
f 2438//3201 2441//3205 2442//3206 2439//3202
f 2439//3202 2442//3206 5309//2304 5310//2303
f 2433//3203 5326//3207 5327//3208 2440//3204
f 2440//3204 5327//3208 5328//3209 2441//3205
f 2441//3205 5328//3209 5329//3210 2442//3206
f 2418//3191 2419//3194 2443//3211 2422//3212
f 2422//3212 2443//3211 2444//3213 2423//3214
f 2423//3214 2444//3213 2445//3215 2424//3216
f 2424//3216 2445//3215 5848//543 5849//513
f 2419//3194 2420//3196 2446//3217 2443//3211
f 2443//3211 2446//3217 2447//3218 2444//3213
f 2444//3213 2447//3218 2448//3219 2445//3215
f 2445//3215 2448//3219 5847//544 5848//543
f 2420//3196 2421//3198 2449//3220 2446//3217
f 2446//3217 2449//3220 2450//3221 2447//3218
f 2447//3218 2450//3221 2451//3222 2448//3219
f 2448//3219 2451//3222 5846//545 5847//544
f 2421//3198 5312//2281 5313//2280 2449//3220
f 2449//3220 5313//2280 5314//2285 2450//3221
f 2450//3221 5314//2285 5315//2289 2451//3222
f 2451//3222 5315//2289 6719//546 5846//545
f 2418//3191 2422//3212 2452//3223 2425//3224
f 2425//3224 2452//3223 2453//3225 2426//3226
f 2426//3226 2453//3225 2454//3227 2427//3228
f 2427//3228 2454//3227 5818//3229 5817//3230
f 2422//3212 2423//3214 2455//3231 2452//3223
f 2452//3223 2455//3231 2456//3232 2453//3225
f 2453//3225 2456//3232 2457//3233 2454//3227
f 2454//3227 2457//3233 5819//3234 5818//3229
f 2423//3214 2424//3216 2458//3235 2455//3231
f 2455//3231 2458//3235 2459//3236 2456//3232
f 2456//3232 2459//3236 2460//3237 2457//3233
f 2457//3233 2460//3237 5820//3238 5819//3234
f 2424//3216 5849//513 5850//512 2458//3235
f 2458//3235 5850//512 5851//518 2459//3236
f 2459//3236 5851//518 5852//523 2460//3237
f 2460//3237 5852//523 6752//526 5820//3238
f 2418//3191 2425//3224 2461//3239 2428//3240
f 2428//3240 2461//3239 2462//3241 2429//3242
f 2429//3242 2462//3241 2463//3243 2430//3244
f 2430//3244 2463//3243 5854//2605 5855//2588
f 2425//3224 2426//3226 2464//3245 2461//3239
f 2461//3239 2464//3245 2465//3246 2462//3241
f 2462//3241 2465//3246 2466//3247 2463//3243
f 2463//3243 2466//3247 5853//3248 5854//2605
f 2426//3226 2427//3228 2467//3249 2464//3245
f 2464//3245 2467//3249 2468//3250 2465//3246
f 2465//3246 2468//3250 2469//3251 2466//3247
f 2418//3191 2428//3240 2470//3252 2431//3192
f 2431//3192 2470//3252 2471//3253 2432//3199
f 2432//3199 2471//3253 2472//3254 2433//3203
f 2433//3203 2472//3254 5325//3255 5326//3207
f 2428//3240 2429//3242 2473//3256 2470//3252
f 2470//3252 2473//3256 2474//3257 2471//3253
f 2471//3253 2474//3257 2475//3258 2472//3254
f 2472//3254 2475//3258 5324//3259 5325//3255
f 2429//3242 2430//3244 2476//3260 2473//3256
f 2473//3256 2476//3260 2477//3261 2474//3257
f 2474//3257 2477//3261 2478//3262 2475//3258
f 2475//3258 2478//3262 5323//3263 5324//3259
f 2430//3244 5855//2588 5856//2587 2476//3260
f 2476//3260 5856//2587 5857//2595 2477//3261
f 2477//3261 5857//2595 5858//2600 2478//3262
f 2478//3262 5858//2600 6720//2604 5323//3263
f 2479//3264 5822//557 5823//556 2480//3265
f 2480//3265 5823//556 5824//561 2481//3266
f 2482//3267 5819//3234 5820//3238 2483//3268
f 2483//3268 5820//3238 6752//526 5937//3269
f 2484//3270 5827//570 5828//569 2486//3271
f 2486//3271 5828//569 5829//3272 2487//3273
f 2488//3274 2498//3275 2501//3276 2489//3277
f 2491//3278 2502//3279 5939//3280 5940//3281
f 2498//3275 2499//3282 2503//3283 2501//3276
f 2499//3282 2500//3284 2505//3285 2503//3283
f 2503//3283 2505//3285 2506//3286 2504//3287
f 2500//3284 6511//3288 6512//3289 2505//3285
f 2505//3285 6512//3289 6513//3290 2506//3286
f 2506//3286 6513//3290 6514//3291 2507//3292
f 2488//3274 2489//3277 2508//3293 2492//3294
f 2492//3294 2508//3293 2509//3295 2493//3296
f 2493//3296 2509//3295 2510//3297 2494//3298
f 2494//3298 2510//3297 5946//3299 5947//3300
f 2489//3277 2490//3301 2511//3302 2508//3293
f 2508//3293 2511//3302 2512//3303 2509//3295
f 2509//3295 2512//3303 2513//3304 2510//3297
f 2510//3297 2513//3304 5945//3305 5946//3299
f 2490//3301 2491//3278 2514//3306 2511//3302
f 2511//3302 2514//3306 2515//3307 2512//3303
f 2512//3303 2515//3307 2516//3308 2513//3304
f 2513//3304 2516//3308 5944//3309 5945//3305
f 2491//3278 5940//3281 5941//3310 2514//3306
f 2514//3306 5941//3310 5942//3311 2515//3307
f 2515//3307 5942//3311 5943//3312 2516//3308
f 2516//3308 5943//3312 6758//3313 5944//3309
f 2488//3274 2492//3294 2517//3314 2495//3315
f 2495//3315 2517//3314 2518//3316 2496//3317
f 2496//3317 2518//3316 2519//3318 2497//3319
f 2497//3319 2519//3318 5969//3320 5968//3321
f 2492//3294 2493//3296 2520//3322 2517//3314
f 2517//3314 2520//3322 2521//3323 2518//3316
f 2518//3316 2521//3323 2522//3324 2519//3318
f 2519//3318 2522//3324 5970//3325 5969//3320
f 2493//3296 2494//3298 2523//3326 2520//3322
f 2520//3322 2523//3326 2524//3327 2521//3323
f 2521//3323 2524//3327 2525//3328 2522//3324
f 2522//3324 2525//3328 5971//3329 5970//3325
f 2494//3298 5947//3300 5948//3330 2523//3326
f 2523//3326 5948//3330 5949//3331 2524//3327
f 2524//3327 5949//3331 5950//3332 2525//3328
f 2525//3328 5950//3332 6759//3333 5971//3329
f 2488//3274 2495//3315 2526//3334 2498//3275
f 2498//3275 2526//3334 2527//3335 2499//3282
f 2499//3282 2527//3335 2528//3336 2500//3284
f 2500//3284 2528//3336 6510//3337 6511//3288
f 2495//3315 2496//3317 2529//3338 2526//3334
f 2526//3334 2529//3338 2530//3339 2527//3335
f 2527//3335 2530//3339 2531//3340 2528//3336
f 2528//3336 2531//3340 6509//3341 6510//3337
f 2496//3317 2497//3319 2532//3342 2529//3338
f 2529//3338 2532//3342 2533//3343 2530//3339
f 2530//3339 2533//3343 2534//3344 2531//3340
f 2531//3340 2534//3344 6508//3345 6509//3341
f 2497//3319 5968//3321 5967//3346 2532//3342
f 2532//3342 5967//3346 5966//3347 2533//3343
f 2533//3343 5966//3347 5965//3348 2534//3344
f 2534//3344 5965//3348 6801//3349 6508//3345
f 2535//3350 2545//3351 2548//3352 2536//3353
f 2536//3353 2548//3352 2549//3354 2537//3355
f 2537//3355 2549//3354 2550//3356 2538//3357
f 2538//3357 2550//3356 5974//3358 5975//3359
f 2545//3351 2546//3360 2551//3361 2548//3352
f 2548//3352 2551//3361 2552//3362 2549//3354
f 2549//3354 2552//3362 2553//3363 2550//3356
f 2550//3356 2553//3363 5973//3364 5974//3358
f 2546//3360 2547//3365 2554//3366 2551//3361
f 2551//3361 2554//3366 2555//3367 2552//3362
f 2552//3362 2555//3367 2556//3368 2553//3363
f 2553//3363 2556//3368 5972//3369 5973//3364
f 2547//3365 6504//3370 6505//3371 2554//3366
f 2554//3366 6505//3371 6506//3372 2555//3367
f 2555//3367 6506//3372 6507//3373 2556//3368
f 2556//3368 6507//3373 6802//3374 5972//3369
f 2535//3350 2536//3353 2557//3375 2539//3376
f 2539//3376 2557//3375 2558//3377 2540//3378
f 2540//3378 2558//3377 2559//3379 2541//3380
f 2541//3380 2559//3379 5215//140 5214//115
f 2536//3353 2537//3355 2560//3381 2557//3375
f 2557//3375 2560//3381 2561//3382 2558//3377
f 2558//3377 2561//3382 2562//3383 2559//3379
f 2559//3379 2562//3383 5216//141 5215//140
f 2537//3355 2538//3357 2563//3384 2560//3381
f 2560//3381 2563//3384 2564//3385 2561//3382
f 2561//3382 2564//3385 2565//3386 2562//3383
f 2562//3383 2565//3386 5217//142 5216//141
f 2538//3357 5975//3359 5976//3387 2563//3384
f 2563//3384 5976//3387 5977//3388 2564//3385
f 2564//3385 5977//3388 5978//3389 2565//3386
f 2565//3386 5978//3389 6762//143 5217//142
f 2535//3350 2539//3376 2566//3390 2542//3391
f 2542//3391 2566//3390 2567//3392 2543//3393
f 2543//3393 2567//3392 2568//3394 2544//3395
f 2544//3395 2568//3394 6388//3396 6389//3397
f 2539//3376 2540//3378 2569//3398 2566//3390
f 2566//3390 2569//3398 2570//3399 2567//3392
f 2567//3392 2570//3399 2571//3400 2568//3394
f 2568//3394 2571//3400 6387//3401 6388//3396
f 2540//3378 2541//3380 2572//3402 2569//3398
f 2569//3398 2572//3402 2573//3403 2570//3399
f 2570//3399 2573//3403 2574//3404 2571//3400
f 2571//3400 2574//3404 6386//3405 6387//3401
f 2541//3380 5214//115 5213//114 2572//3402
f 2572//3402 5213//114 5212//119 2573//3403
f 2573//3403 5212//119 5211//123 2574//3404
f 2574//3404 5211//123 6756//127 6386//3405
f 2535//3350 2542//3391 2575//3406 2545//3351
f 2545//3351 2575//3406 2576//3407 2546//3360
f 2546//3360 2576//3407 2577//3408 2547//3365
f 2547//3365 2577//3408 6503//3409 6504//3370
f 2542//3391 2543//3393 2578//3410 2575//3406
f 2575//3406 2578//3410 2579//3411 2576//3407
f 2576//3407 2579//3411 2580//3412 2577//3408
f 2577//3408 2580//3412 6502//3413 6503//3409
f 2543//3393 2544//3395 2581//3414 2578//3410
f 2578//3410 2581//3414 2582//3415 2579//3411
f 2579//3411 2582//3415 2583//3416 2580//3412
f 2580//3412 2583//3416 6501//3417 6502//3413
f 2544//3395 6389//3397 6390//3418 2581//3414
f 2581//3414 6390//3418 6391//3419 2582//3415
f 2582//3415 6391//3419 6392//3420 2583//3416
f 2583//3416 6392//3420 6801//3349 6501//3417
f 2584//3421 2594//3422 2597//3423 2585//3424
f 2585//3424 2597//3423 2598//3425 2586//3426
f 2586//3426 2598//3425 2599//3427 2587//3428
f 2587//3428 2599//3427 5997//3429 5996//3430
f 2594//3422 2595//3431 2600//3432 2597//3423
f 2597//3423 2600//3432 2601//3433 2598//3425
f 2598//3425 2601//3433 2602//3434 2599//3427
f 2599//3427 2602//3434 5998//3435 5997//3429
f 2595//3431 2596//3436 2603//3437 2600//3432
f 2600//3432 2603//3437 2604//3438 2601//3433
f 2601//3433 2604//3438 2605//3439 2602//3434
f 2602//3434 2605//3439 5999//3440 5998//3435
f 2596//3436 5961//3441 5960//3442 2603//3437
f 2603//3437 5960//3442 5959//3443 2604//3438
f 2604//3438 5959//3443 5958//3444 2605//3439
f 2605//3439 5958//3444 6760//3445 5999//3440
f 2584//3421 2585//3424 2606//3446 2588//3447
f 2588//3447 2606//3446 2607//3448 2589//3449
f 2589//3449 2607//3448 2608//3450 2590//3451
f 2590//3451 2608//3450 5981//3452 5982//3453
f 2585//3424 2586//3426 2609//3454 2606//3446
f 2606//3446 2609//3454 2610//3455 2607//3448
f 2607//3448 2610//3455 2611//3456 2608//3450
f 2608//3450 2611//3456 5980//3457 5981//3452
f 2586//3426 2587//3428 2612//3458 2609//3454
f 2609//3454 2612//3458 2613//3459 2610//3455
f 2610//3455 2613//3459 2614//3460 2611//3456
f 2611//3456 2614//3460 5979//3461 5980//3457
f 2587//3428 5996//3430 5995//3462 2612//3458
f 2612//3458 5995//3462 5994//3463 2613//3459
f 2613//3459 5994//3463 5993//3464 2614//3460
f 2614//3460 5993//3464 6763//3465 5979//3461
f 2584//3421 2588//3447 2615//3466 2591//3467
f 2591//3467 2615//3466 2616//3468 2592//3469
f 2592//3469 2616//3468 2617//3470 2593//3471
f 2593//3471 2617//3470 5990//3472 5989//3473
f 2588//3447 2589//3449 2618//3474 2615//3466
f 2615//3466 2618//3474 2619//3475 2616//3468
f 2616//3468 2619//3475 2620//3476 2617//3470
f 2617//3470 2620//3476 5991//3477 5990//3472
f 2589//3449 2590//3451 2621//3478 2618//3474
f 2618//3474 2621//3478 2622//3479 2619//3475
f 2619//3475 2622//3479 2623//3480 2620//3476
f 2620//3476 2623//3480 5992//3481 5991//3477
f 2590//3451 5982//3453 5983//3482 2621//3478
f 2621//3478 5983//3482 5984//3483 2622//3479
f 2622//3479 5984//3483 5985//3484 2623//3480
f 2623//3480 5985//3484 6764//3485 5992//3481
f 2584//3421 2591//3467 2624//3486 2594//3422
f 2594//3422 2624//3486 2625//3487 2595//3431
f 2595//3431 2625//3487 2626//3488 2596//3436
f 2596//3436 2626//3488 5962//3489 5961//3441
f 2591//3467 2592//3469 2627//3490 2624//3486
f 2624//3486 2627//3490 2628//3491 2625//3487
f 2625//3487 2628//3491 2629//3492 2626//3488
f 2626//3488 2629//3492 5963//3493 5962//3489
f 2592//3469 2593//3471 2630//3494 2627//3490
f 2627//3490 2630//3494 2631//3495 2628//3491
f 2628//3491 2631//3495 2632//3496 2629//3492
f 2629//3492 2632//3496 5964//3497 5963//3493
f 2593//3471 5989//3473 5988//3498 2630//3494
f 2630//3494 5988//3498 5987//3499 2631//3495
f 2631//3495 5987//3499 5986//3500 2632//3496
f 2632//3496 5986//3500 6761//3501 5964//3497
f 2633//3502 2643//3503 2646//3504 2634//3505
f 2634//3505 2646//3504 2647//3506 2635//3507
f 2635//3507 2647//3506 2648//3508 2636//3509
f 2643//3503 2644//3510 2649//3511 2646//3504
f 2646//3504 2649//3511 2650//3512 2647//3506
f 2647//3506 2650//3512 2651//3513 2648//3508
f 2644//3510 2645//3514 2652//3515 2649//3511
f 2649//3511 2652//3515 2653//3516 2650//3512
f 2650//3512 2653//3516 2654//3517 2651//3513
f 2645//3514 5982//3453 5981//3452 2652//3515
f 2652//3515 5981//3452 5980//3457 2653//3516
f 2653//3516 5980//3457 5979//3461 2654//3517
f 2633//3502 2634//3505 2655//3518 2637//3519
f 2637//3519 2655//3518 2656//3520 2638//3521
f 2638//3521 2656//3520 2657//3522 2639//3523
f 2639//3523 2657//3522 6002//3524 6003//3525
f 2634//3505 2635//3507 2658//3526 2655//3518
f 2655//3518 2658//3526 2659//3527 2656//3520
f 2656//3520 2659//3527 2660//3528 2657//3522
f 2657//3522 2660//3528 6001//3529 6002//3524
f 2635//3507 2636//3509 2661//3530 2658//3526
f 2658//3526 2661//3530 2662//3531 2659//3527
f 2659//3527 2662//3531 2663//3532 2660//3528
f 2660//3528 2663//3532 6000//3533 6001//3529
f 2633//3502 2637//3519 2664//3534 2640//3535
f 2640//3535 2664//3534 2665//3536 2641//3537
f 2641//3537 2665//3536 2666//3538 2642//3539
f 2642//3539 2666//3538 6011//3540 6010//3541
f 2637//3519 2638//3521 2667//3542 2664//3534
f 2664//3534 2667//3542 2668//3543 2665//3536
f 2665//3536 2668//3543 2669//3544 2666//3538
f 2666//3538 2669//3544 6012//3545 6011//3540
f 2638//3521 2639//3523 2670//3546 2667//3542
f 2667//3542 2670//3546 2671//3547 2668//3543
f 2668//3543 2671//3547 2672//3548 2669//3544
f 2669//3544 2672//3548 6013//3549 6012//3545
f 2639//3523 6003//3525 6004//3550 2670//3546
f 2670//3546 6004//3550 6005//3551 2671//3547
f 2671//3547 6005//3551 6006//3552 2672//3548
f 2672//3548 6006//3552 6765//3553 6013//3549
f 2633//3502 2640//3535 2673//3554 2643//3503
f 2643//3503 2673//3554 2674//3555 2644//3510
f 2644//3510 2674//3555 2675//3556 2645//3514
f 2645//3514 2675//3556 5983//3482 5982//3453
f 2640//3535 2641//3537 2676//3557 2673//3554
f 2673//3554 2676//3557 2677//3558 2674//3555
f 2674//3555 2677//3558 2678//3559 2675//3556
f 2675//3556 2678//3559 5984//3483 5983//3482
f 2641//3537 2642//3539 2679//3560 2676//3557
f 2676//3557 2679//3560 2680//3561 2677//3558
f 2677//3558 2680//3561 2681//3562 2678//3559
f 2678//3559 2681//3562 5985//3484 5984//3483
f 2642//3539 6010//3541 6009//3563 2679//3560
f 2679//3560 6009//3563 6008//3564 2680//3561
f 2680//3561 6008//3564 6007//3565 2681//3562
f 2681//3562 6007//3565 6764//3485 5985//3484
f 2682//3566 2692//3567 2695//3568 2683//3569
f 2683//3569 2695//3568 2696//3570 2684//3571
f 2684//3571 2696//3570 2697//3572 2685//3573
f 2692//3567 2693//3574 2698//3575 2695//3568
f 2695//3568 2698//3575 2699//3576 2696//3570
f 2696//3570 2699//3576 2700//3577 2697//3572
f 2693//3574 2694//3578 2701//3579 2698//3575
f 2698//3575 2701//3579 2702//3580 2699//3576
f 2699//3576 2702//3580 2703//3581 2700//3577
f 2700//3577 2703//3581 6030//3582 6029//3583
f 2694//3578 6003//3525 6002//3524 2701//3579
f 2701//3579 6002//3524 6001//3529 2702//3580
f 2702//3580 6001//3529 6000//3533 2703//3581
f 2682//3566 2683//3569 2704//3584 2686//3585
f 2686//3585 2704//3584 2705//3586 2687//3587
f 2687//3587 2705//3586 2706//3588 2688//3589
f 2688//3589 2706//3588 6017//3590 6018//3591
f 2683//3569 2684//3571 2707//3592 2704//3584
f 2704//3584 2707//3592 2708//3593 2705//3586
f 2705//3586 2708//3593 2709//3594 2706//3588
f 2706//3588 2709//3594 6016//3595 6017//3590
f 2684//3571 2685//3573 2710//3596 2707//3592
f 2707//3592 2710//3596 2711//3597 2708//3593
f 2708//3593 2711//3597 2712//3598 2709//3594
f 2709//3594 2712//3598 6015//3599 6016//3595
f 2682//3566 2686//3585 2713//3600 2689//3601
f 2689//3601 2713//3600 2714//3602 2690//3603
f 2690//3603 2714//3602 2715//3604 2691//3605
f 2691//3605 2715//3604 6026//3606 6025//3607
f 2686//3585 2687//3587 2716//3608 2713//3600
f 2713//3600 2716//3608 2717//3609 2714//3602
f 2714//3602 2717//3609 2718//3610 2715//3604
f 2715//3604 2718//3610 6027//3611 6026//3606
f 2687//3587 2688//3589 2719//3612 2716//3608
f 2716//3608 2719//3612 2720//3613 2717//3609
f 2717//3609 2720//3613 2721//3614 2718//3610
f 2718//3610 2721//3614 6028//3615 6027//3611
f 2688//3589 6018//3591 6019//3616 2719//3612
f 2719//3612 6019//3616 6020//3617 2720//3613
f 2720//3613 6020//3617 6021//3618 2721//3614
f 2721//3614 6021//3618 6766//3619 6028//3615
f 2682//3566 2689//3601 2722//3620 2692//3567
f 2692//3567 2722//3620 2723//3621 2693//3574
f 2693//3574 2723//3621 2724//3622 2694//3578
f 2694//3578 2724//3622 6004//3550 6003//3525
f 2689//3601 2690//3603 2725//3623 2722//3620
f 2722//3620 2725//3623 2726//3624 2723//3621
f 2723//3621 2726//3624 2727//3625 2724//3622
f 2724//3622 2727//3625 6005//3551 6004//3550
f 2690//3603 2691//3605 2728//3626 2725//3623
f 2725//3623 2728//3626 2729//3627 2726//3624
f 2726//3624 2729//3627 2730//3628 2727//3625
f 2727//3625 2730//3628 6006//3552 6005//3551
f 2691//3605 6025//3607 6024//3629 2728//3626
f 2728//3626 6024//3629 6023//3630 2729//3627
f 2729//3627 6023//3630 6022//3631 2730//3628
f 2730//3628 6022//3631 6765//3553 6006//3552
f 2731//3632 2741//3633 2744//3634 2732//3635
f 2732//3635 2744//3634 2745//3636 2733//3637
f 2733//3637 2745//3636 2746//3638 2734//3639
f 2741//3633 2742//3640 2747//3641 2744//3634
f 2744//3634 2747//3641 2748//3642 2745//3636
f 2742//3640 2743//3643 2749//3644 2747//3641
f 2747//3641 2749//3644 2750//3645 2748//3642
f 2743//3643 6018//3591 6017//3590 2749//3644
f 2749//3644 6017//3590 6016//3595 2750//3645
f 2750//3645 6016//3595 6015//3599 2751//3646
f 2731//3632 2732//3635 2752//3647 2735//3648
f 2735//3648 2752//3647 2753//3649 2736//3650
f 2736//3650 2753//3649 2754//3651 2737//3652
f 2737//3652 2754//3651 6033//3653 6034//3654
f 2732//3635 2733//3637 2755//3655 2752//3647
f 2752//3647 2755//3655 2756//3656 2753//3649
f 2753//3649 2756//3656 2757//3657 2754//3651
f 2754//3651 2757//3657 6032//3658 6033//3653
f 2733//3637 2734//3639 2758//3659 2755//3655
f 2755//3655 2758//3659 2759//3660 2756//3656
f 2756//3656 2759//3660 2760//3661 2757//3657
f 2757//3657 2760//3661 6031//3662 6032//3658
f 2760//3661 6045//3663 6767//3664 6031//3662
f 2731//3632 2735//3648 2761//3665 2738//3666
f 2738//3666 2761//3665 2762//3667 2739//3668
f 2739//3668 2762//3667 2763//3669 2740//3670
f 2740//3670 2763//3669 6042//3671 6041//3672
f 2735//3648 2736//3650 2764//3673 2761//3665
f 2761//3665 2764//3673 2765//3674 2762//3667
f 2762//3667 2765//3674 2766//3675 2763//3669
f 2763//3669 2766//3675 6043//3676 6042//3671
f 2736//3650 2737//3652 2767//3677 2764//3673
f 2764//3673 2767//3677 2768//3678 2765//3674
f 2765//3674 2768//3678 2769//3679 2766//3675
f 2766//3675 2769//3679 6044//3680 6043//3676
f 2737//3652 6034//3654 6035//3681 2767//3677
f 2767//3677 6035//3681 6036//3682 2768//3678
f 2768//3678 6036//3682 6037//3683 2769//3679
f 2769//3679 6037//3683 6768//3684 6044//3680
f 2731//3632 2738//3666 2770//3685 2741//3633
f 2741//3633 2770//3685 2771//3686 2742//3640
f 2742//3640 2771//3686 2772//3687 2743//3643
f 2743//3643 2772//3687 6019//3616 6018//3591
f 2738//3666 2739//3668 2773//3688 2770//3685
f 2770//3685 2773//3688 2774//3689 2771//3686
f 2771//3686 2774//3689 2775//3690 2772//3687
f 2772//3687 2775//3690 6020//3617 6019//3616
f 2739//3668 2740//3670 2776//3691 2773//3688
f 2773//3688 2776//3691 2777//3692 2774//3689
f 2774//3689 2777//3692 2778//3693 2775//3690
f 2775//3690 2778//3693 6021//3618 6020//3617
f 2740//3670 6041//3672 6040//3694 2776//3691
f 2776//3691 6040//3694 6039//3695 2777//3692
f 2777//3692 6039//3695 6038//3696 2778//3693
f 2778//3693 6038//3696 6766//3619 6021//3618
f 2779//3697 2789//3698 2792//3699 2780//3700
f 2780//3700 2792//3699 2793//3701 2781//3702
f 2781//3702 2793//3701 2794//3703 2782//3704
f 2782//3704 2794//3703 6064//3705 6063//3706
f 2789//3698 2790//3707 2795//3708 2792//3699
f 2792//3699 2795//3708 2796//3709 2793//3701
f 2793//3701 2796//3709 2797//3710 2794//3703
f 2794//3703 2797//3710 6065//3711 6064//3705
f 2790//3707 2791//3712 2798//3713 2795//3708
f 2795//3708 2798//3713 2799//3714 2796//3709
f 2796//3709 2799//3714 2800//3715 2797//3710
f 2797//3710 2800//3715 6066//3716 6065//3711
f 2791//3712 6034//3654 6033//3653 2798//3713
f 2798//3713 6033//3653 6032//3658 2799//3714
f 2799//3714 6032//3658 6031//3662 2800//3715
f 2800//3715 6031//3662 6767//3664 6066//3716
f 2779//3697 2780//3700 2801//3717 2783//3718
f 2783//3718 2801//3717 2802//3719 2784//3720
f 2784//3720 2802//3719 2803//3721 2785//3722
f 2785//3722 2803//3721 6368//3723 6367//3724
f 2780//3700 2781//3702 2804//3725 2801//3717
f 2801//3717 2804//3725 2805//3726 2802//3719
f 2802//3719 2805//3726 2806//3727 2803//3721
f 2803//3721 2806//3727 6369//3728 6368//3723
f 2781//3702 2782//3704 2807//3729 2804//3725
f 2804//3725 2807//3729 2808//3730 2805//3726
f 2805//3726 2808//3730 2809//3731 2806//3727
f 2806//3727 2809//3731 6370//3732 6369//3728
f 2782//3704 6063//3706 6062//3733 2807//3729
f 2807//3729 6062//3733 6061//3734 2808//3730
f 2808//3730 6061//3734 6060//3735 2809//3731
f 2809//3731 6060//3735 6797//3736 6370//3732
f 2779//3697 2783//3718 2810//3737 2786//3738
f 2786//3738 2810//3737 2811//3739 2787//3740
f 2787//3740 2811//3739 2812//3741 2788//3742
f 2788//3742 2812//3741 6361//3743 6360//3744
f 2783//3718 2784//3720 2813//3745 2810//3737
f 2810//3737 2813//3745 2814//3746 2811//3739
f 2811//3739 2814//3746 2815//3747 2812//3741
f 2812//3741 2815//3747 6362//3748 6361//3743
f 2784//3720 2785//3722 2816//3749 2813//3745
f 2813//3745 2816//3749 2817//3750 2814//3746
f 2814//3746 2817//3750 2818//3751 2815//3747
f 2815//3747 2818//3751 6363//3752 6362//3748
f 2785//3722 6367//3724 6366//3753 2816//3749
f 2816//3749 6366//3753 6365//3754 2817//3750
f 2817//3750 6365//3754 6364//3755 2818//3751
f 2818//3751 6364//3755 6799//3756 6363//3752
f 2779//3697 2786//3738 2819//3757 2789//3698
f 2789//3698 2819//3757 2820//3758 2790//3707
f 2790//3707 2820//3758 2821//3759 2791//3712
f 2791//3712 2821//3759 6035//3681 6034//3654
f 2786//3738 2787//3740 2822//3760 2819//3757
f 2819//3757 2822//3760 2823//3761 2820//3758
f 2820//3758 2823//3761 2824//3762 2821//3759
f 2821//3759 2824//3762 6036//3682 6035//3681
f 2787//3740 2788//3742 2825//3763 2822//3760
f 2822//3760 2825//3763 2826//3764 2823//3761
f 2823//3761 2826//3764 2827//3765 2824//3762
f 2824//3762 2827//3765 6037//3683 6036//3682
f 2788//3742 6360//3744 6359//3766 2825//3763
f 2825//3763 6359//3766 6358//3767 2826//3764
f 2826//3764 6358//3767 6357//3768 2827//3765
f 2827//3765 6357//3768 6768//3684 6037//3683
f 2828//3769 2838//3770 2841//3771 2829//3772
f 2829//3772 2841//3771 2842//3773 2830//3774
f 2830//3774 2842//3773 2843//3775 2831//3776
f 2831//3776 2843//3775 6550//3777 6551//3778
f 2838//3770 2839//3779 2844//3780 2841//3771
f 2841//3771 2844//3780 2845//3781 2842//3773
f 2842//3773 2845//3781 2846//3782 2843//3775
f 2843//3775 2846//3782 6549//3783 6550//3777
f 2839//3779 2840//3784 2847//3785 2844//3780
f 2844//3780 2847//3785 2848//3786 2845//3781
f 2845//3781 2848//3786 2849//3787 2846//3782
f 2846//3782 2849//3787 6548//3788 6549//3783
f 2840//3784 6597//3789 6598//3790 2847//3785
f 2847//3785 6598//3790 6599//3791 2848//3786
f 2848//3786 6599//3791 6600//3792 2849//3787
f 2849//3787 6600//3792 6810//3793 6548//3788
f 2828//3769 2829//3772 2850//3794 2832//3795
f 2832//3795 2850//3794 2851//3796 2833//3797
f 2833//3797 2851//3796 2852//3798 2834//3799
f 2834//3799 2852//3798 6536//3800 6537//3801
f 2829//3772 2830//3774 2853//3802 2850//3794
f 2850//3794 2853//3802 2854//3803 2851//3796
f 2851//3796 2854//3803 2855//3804 2852//3798
f 2852//3798 2855//3804 6535//3805 6536//3800
f 2830//3774 2831//3776 2856//3806 2853//3802
f 2853//3802 2856//3806 2857//3807 2854//3803
f 2854//3803 2857//3807 2858//3808 2855//3804
f 2855//3804 2858//3808 6534//3809 6535//3805
f 2831//3776 6551//3778 6552//3810 2856//3806
f 2856//3806 6552//3810 6553//3811 2857//3807
f 2857//3807 6553//3811 6554//3812 2858//3808
f 2858//3808 6554//3812 6815//3813 6534//3809
f 2828//3769 2832//3795 2859//3814 2835//3815
f 2835//3815 2859//3814 2860//3816 2836//3817
f 2836//3817 2860//3816 2861//3818 2837//3819
f 2837//3819 2861//3818 6612//3820 6611//3821
f 2832//3795 2833//3797 2862//3822 2859//3814
f 2859//3814 2862//3822 2863//3823 2860//3816
f 2860//3816 2863//3823 2864//3824 2861//3818
f 2861//3818 2864//3824 6613//3825 6612//3820
f 2833//3797 2834//3799 2865//3826 2862//3822
f 2862//3822 2865//3826 2866//3827 2863//3823
f 2863//3823 2866//3827 2867//3828 2864//3824
f 2864//3824 2867//3828 6614//3829 6613//3825
f 2834//3799 6537//3801 6538//3830 2865//3826
f 2865//3826 6538//3830 6539//3831 2866//3827
f 2866//3827 6539//3831 6540//3832 2867//3828
f 2867//3828 6540//3832 6813//3833 6614//3829
f 2828//3769 2835//3815 2868//3834 2838//3770
f 2838//3770 2868//3834 2869//3835 2839//3779
f 2839//3779 2869//3835 2870//3836 2840//3784
f 2840//3784 2870//3836 6596//3837 6597//3789
f 2835//3815 2836//3817 2871//3838 2868//3834
f 2868//3834 2871//3838 2872//3839 2869//3835
f 2869//3835 2872//3839 2873//3840 2870//3836
f 2870//3836 2873//3840 6595//3841 6596//3837
f 2836//3817 2837//3819 2874//3842 2871//3838
f 2871//3838 2874//3842 2875//3843 2872//3839
f 2872//3839 2875//3843 2876//3844 2873//3840
f 2873//3840 2876//3844 6594//3845 6595//3841
f 2837//3819 6611//3821 6610//3846 2874//3842
f 2874//3842 6610//3846 6609//3847 2875//3843
f 2875//3843 6609//3847 6608//3848 2876//3844
f 2876//3844 6608//3848 6770//3849 6594//3845
f 2877//3850 2887//3851 2890//3852 2878//3853
f 2878//3853 2890//3852 2891//3854 2879//3855
f 2879//3855 2891//3854 2892//3856 2880//3857
f 2880//3857 2892//3856 6076//3858 6077//3859
f 2887//3851 2888//3860 2893//3861 2890//3852
f 2890//3852 2893//3861 2894//3862 2891//3854
f 2891//3854 2894//3862 2895//3863 2892//3856
f 2892//3856 2895//3863 6075//3864 6076//3858
f 2888//3860 2889//3865 2896//3866 2893//3861
f 2893//3861 2896//3866 2897//3867 2894//3862
f 2894//3862 2897//3867 2898//3868 2895//3863
f 2895//3863 2898//3868 6074//3869 6075//3864
f 2889//3865 6497//3870 6498//3871 2896//3866
f 2896//3866 6498//3871 6499//3872 2897//3867
f 2897//3867 6499//3872 6500//3873 2898//3868
f 2898//3868 6500//3873 6803//3874 6074//3869
f 2877//3850 2878//3853 2899//3875 2881//3876
f 2881//3876 2899//3875 2900//3877 2882//3878
f 2882//3878 2900//3877 2901//3879 2883//3880
f 2883//3880 2901//3879 5341//643 5340//622
f 2878//3853 2879//3855 2902//3881 2899//3875
f 2899//3875 2902//3881 2903//3882 2900//3877
f 2900//3877 2903//3882 2904//3883 2901//3879
f 2901//3879 2904//3883 5342//644 5341//643
f 2879//3855 2880//3857 2905//3884 2902//3881
f 2902//3881 2905//3884 2906//3885 2903//3882
f 2903//3882 2906//3885 2907//3886 2904//3883
f 2904//3883 2907//3886 5343//645 5342//644
f 2880//3857 6077//3859 6078//3887 2905//3884
f 2905//3884 6078//3887 6079//3888 2906//3885
f 2906//3885 6079//3888 6080//3889 2907//3886
f 2907//3886 6080//3889 6772//646 5343//645
f 2877//3850 2881//3876 2908//3890 2884//3891
f 2884//3891 2908//3890 2909//3892 2885//3893
f 2885//3893 2909//3892 2910//3894 2886//3895
f 2886//3895 2910//3894 5976//3387 5975//3359
f 2881//3876 2882//3878 2911//3896 2908//3890
f 2908//3890 2911//3896 2912//3897 2909//3892
f 2909//3892 2912//3897 2913//3898 2910//3894
f 2910//3894 2913//3898 5977//3388 5976//3387
f 2882//3878 2883//3880 2914//3899 2911//3896
f 2911//3896 2914//3899 2915//3900 2912//3897
f 2912//3897 2915//3900 2916//3901 2913//3898
f 2913//3898 2916//3901 5978//3389 5977//3388
f 2883//3880 5340//622 5339//621 2914//3899
f 2914//3899 5339//621 5338//626 2915//3900
f 2915//3900 5338//626 5337//630 2916//3901
f 2916//3901 5337//630 6762//143 5978//3389
f 2877//3850 2884//3891 2917//3902 2887//3851
f 2887//3851 2917//3902 2918//3903 2888//3860
f 2888//3860 2918//3903 2919//3904 2889//3865
f 2889//3865 2919//3904 6496//3905 6497//3870
f 2884//3891 2885//3893 2920//3906 2917//3902
f 2917//3902 2920//3906 2921//3907 2918//3903
f 2918//3903 2921//3907 2922//3908 2919//3904
f 2919//3904 2922//3908 6495//3909 6496//3905
f 2885//3893 2886//3895 2923//3910 2920//3906
f 2920//3906 2923//3910 2924//3911 2921//3907
f 2921//3907 2924//3911 2925//3912 2922//3908
f 2922//3908 2925//3912 6494//3913 6495//3909
f 2886//3895 5975//3359 5974//3358 2923//3910
f 2923//3910 5974//3358 5973//3364 2924//3911
f 2924//3911 5973//3364 5972//3369 2925//3912
f 2925//3912 5972//3369 6802//3374 6494//3913
f 2926//3914 2936//3915 2939//3916 2927//3917
f 2927//3917 2939//3916 2940//3918 2928//3919
f 2928//3919 2940//3918 2941//3920 2929//3921
f 2929//3921 2941//3920 6489//3922 6490//3923
f 2936//3915 2937//3924 2942//3925 2939//3916
f 2939//3916 2942//3925 2943//3926 2940//3918
f 2940//3918 2943//3926 2944//3927 2941//3920
f 2941//3920 2944//3927 6488//3928 6489//3922
f 2937//3924 2938//3929 2945//3930 2942//3925
f 2942//3925 2945//3930 2946//3931 2943//3926
f 2943//3926 2946//3931 2947//3932 2944//3927
f 2944//3927 2947//3932 6487//3933 6488//3928
f 2938//3929 6077//3859 6076//3858 2945//3930
f 2945//3930 6076//3858 6075//3864 2946//3931
f 2946//3931 6075//3864 6074//3869 2947//3932
f 2947//3932 6074//3869 6803//3874 6487//3933
f 2926//3914 2927//3917 2948//3934 2930//3935
f 2930//3935 2948//3934 2949//3936 2931//3937
f 2931//3937 2949//3936 2950//3938 2932//3939
f 2932//3939 2950//3938 6111//3940 6112//3941
f 2927//3917 2928//3919 2951//3942 2948//3934
f 2948//3934 2951//3942 2952//3943 2949//3936
f 2949//3936 2952//3943 2953//3944 2950//3938
f 2950//3938 2953//3944 6110//3945 6111//3940
f 2928//3919 2929//3921 2954//3946 2951//3942
f 2951//3942 2954//3946 2955//3947 2952//3943
f 2952//3943 2955//3947 2956//3948 2953//3944
f 2953//3944 2956//3948 6109//3949 6110//3945
f 2929//3921 6490//3923 6491//3950 2954//3946
f 2954//3946 6491//3950 6492//3951 2955//3947
f 2955//3947 6492//3951 6493//3952 2956//3948
f 2956//3948 6493//3952 6804//3953 6109//3949
f 2926//3914 2930//3935 2957//3954 2933//3955
f 2933//3955 2957//3954 2958//3956 2934//3957
f 2934//3957 2958//3956 2959//3958 2935//3959
f 2935//3959 2959//3958 5383//699 5382//674
f 2930//3935 2931//3937 2960//3960 2957//3954
f 2957//3954 2960//3960 2961//3961 2958//3956
f 2958//3956 2961//3961 2962//3962 2959//3958
f 2959//3958 2962//3962 5384//700 5383//699
f 2931//3937 2932//3939 2963//3963 2960//3960
f 2960//3960 2963//3963 2964//3964 2961//3961
f 2961//3961 2964//3964 2965//3965 2962//3962
f 2962//3962 2965//3965 5385//701 5384//700
f 2932//3939 6112//3941 6113//3966 2963//3963
f 2963//3963 6113//3966 6114//3967 2964//3964
f 2964//3964 6114//3967 6115//3968 2965//3965
f 2965//3965 6115//3968 6778//702 5385//701
f 2926//3914 2933//3955 2966//3969 2936//3915
f 2936//3915 2966//3969 2967//3970 2937//3924
f 2937//3924 2967//3970 2968//3971 2938//3929
f 2938//3929 2968//3971 6078//3887 6077//3859
f 2933//3955 2934//3957 2969//3972 2966//3969
f 2966//3969 2969//3972 2970//3973 2967//3970
f 2967//3970 2970//3973 2971//3974 2968//3971
f 2968//3971 2971//3974 6079//3888 6078//3887
f 2934//3957 2935//3959 2972//3975 2969//3972
f 2969//3972 2972//3975 2973//3976 2970//3973
f 2970//3973 2973//3976 2974//3977 2971//3974
f 2971//3974 2974//3977 6080//3889 6079//3888
f 2935//3959 5382//674 5381//673 2972//3975
f 2972//3975 5381//673 5380//678 2973//3976
f 2973//3976 5380//678 5379//682 2974//3977
f 2974//3977 5379//682 6772//646 6080//3889
f 2975//3978 2985//3979 2988//3980 2976//3981
f 2976//3981 2988//3980 2989//3982 2977//3983
f 2977//3983 2989//3982 2990//3984 2978//3985
f 2978//3985 2990//3984 6134//3986 6133//3987
f 2985//3979 2986//3988 2991//3989 2988//3980
f 2988//3980 2991//3989 2992//3990 2989//3982
f 2989//3982 2992//3990 2993//3991 2990//3984
f 2990//3984 2993//3991 6135//3992 6134//3986
f 2986//3988 2987//3993 2994//3994 2991//3989
f 2991//3989 2994//3994 2995//3995 2992//3990
f 2992//3990 2995//3995 2996//3996 2993//3991
f 2993//3991 2996//3996 6136//3997 6135//3992
f 2987//3993 6025//3607 6026//3606 2994//3994
f 2994//3994 6026//3606 6027//3611 2995//3995
f 2995//3995 6027//3611 6028//3615 2996//3996
f 2996//3996 6028//3615 6766//3619 6136//3997
f 2975//3978 2976//3981 2997//3998 2979//3999
f 2979//3999 2997//3998 2998//4000 2980//4001
f 2980//4001 2998//4000 2999//4002 2981//4003
f 2981//4003 2999//4002 6099//4004 6098//4005
f 2976//3981 2977//3983 3000//4006 2997//3998
f 2997//3998 3000//4006 3001//4007 2998//4000
f 2998//4000 3001//4007 3002//4008 2999//4002
f 2999//4002 3002//4008 6100//4009 6099//4004
f 2977//3983 2978//3985 3003//4010 3000//4006
f 3000//4006 3003//4010 3004//4011 3001//4007
f 3001//4007 3004//4011 3005//4012 3002//4008
f 3002//4008 3005//4012 6101//4013 6100//4009
f 2978//3985 6133//3987 6132//4014 3003//4010
f 3003//4010 6132//4014 6131//4015 3004//4011
f 3004//4011 6131//4015 6130//4016 3005//4012
f 3005//4012 6130//4016 6776//4017 6101//4013
f 2975//3978 2979//3999 3006//4018 2982//4019
f 2982//4019 3006//4018 3007//4020 2983//4021
f 2983//4021 3007//4020 3008//4022 2984//4023
f 2984//4023 3008//4022 6127//4024 6126//4025
f 2979//3999 2980//4001 3009//4026 3006//4018
f 3006//4018 3009//4026 3010//4027 3007//4020
f 3007//4020 3010//4027 3011//4028 3008//4022
f 3008//4022 3011//4028 6128//4029 6127//4024
f 2980//4001 2981//4003 3012//4030 3009//4026
f 3009//4026 3012//4030 3013//4031 3010//4027
f 3010//4027 3013//4031 3014//4032 3011//4028
f 3011//4028 3014//4032 6129//4033 6128//4029
f 2981//4003 6098//4005 6097//4034 3012//4030
f 3012//4030 6097//4034 6096//4035 3013//4031
f 3013//4031 6096//4035 6095//4036 3014//4032
f 3014//4032 6095//4036 6775//4037 6129//4033
f 2975//3978 2982//4019 3015//4038 2985//3979
f 2985//3979 3015//4038 3016//4039 2986//3988
f 2986//3988 3016//4039 3017//4040 2987//3993
f 2987//3993 3017//4040 6024//3629 6025//3607
f 2982//4019 2983//4021 3018//4041 3015//4038
f 3015//4038 3018//4041 3019//4042 3016//4039
f 3016//4039 3019//4042 3020//4043 3017//4040
f 3017//4040 3020//4043 6023//3630 6024//3629
f 2983//4021 2984//4023 3021//4044 3018//4041
f 3018//4041 3021//4044 3022//4045 3019//4042
f 3019//4042 3022//4045 3023//4046 3020//4043
f 3020//4043 3023//4046 6022//3631 6023//3630
f 2984//4023 6126//4025 6125//4047 3021//4044
f 3021//4044 6125//4047 6124//4048 3022//4045
f 3022//4045 6124//4048 6123//4049 3023//4046
f 3023//4046 6123//4049 6765//3553 6022//3631
f 3026//4050 3029//4051 6616//4052 6615//4053
f 3024//4054 6544//4055 6545//4056 3027//4057
f 3027//4057 6545//4056 6546//4058 3028//4059
f 3028//4059 6546//4058 6547//4060 3029//4051
f 3029//4051 6547//4060 6811//4061 6616//4052
f 3024//4054 3031//4062 6543//4063 6544//4055
f 3031//4062 3034//4064 6542//4065 6543//4063
f 3032//4066 3035//4067 3036//4068 3033//4069
f 3033//4069 3036//4068 3037//4070 3034//4064
f 3034//4064 3037//4070 6541//4071 6542//4065
f 3035//4067 6619//4072 6618//4073 3036//4068
f 3036//4068 6618//4073 6617//4074 3037//4070
f 3037//4070 6617//4074 6814//4075 6541//4071
f 3038//4076 3048//4077 3051//4078 3039//4079
f 3039//4079 3051//4078 3052//4080 3040//4081
f 3040//4081 3052//4080 3053//4082 3041//4083
f 3041//4083 3053//4082 6143//4084 6142//4085
f 3048//4077 3049//4086 3054//4087 3051//4078
f 3051//4078 3054//4087 3055//4088 3052//4080
f 3052//4080 3055//4088 3056//4089 3053//4082
f 3053//4082 3056//4089 6144//4090 6143//4084
f 3049//4086 3050//4091 3057//4092 3054//4087
f 3054//4087 3057//4092 3058//4093 3055//4088
f 3055//4088 3058//4093 3059//4094 3056//4089
f 3056//4089 3059//4094 6145//4095 6144//4090
f 3050//4091 5989//3473 5990//3472 3057//4092
f 3057//4092 5990//3472 5991//3477 3058//4093
f 3058//4093 5991//3477 5992//3481 3059//4094
f 3059//4094 5992//3481 6764//3485 6145//4095
f 3038//4076 3039//4079 3060//4096 3042//4097
f 3042//4097 3060//4096 3061//4098 3043//4099
f 3043//4099 3061//4098 3062//4100 3044//4101
f 3044//4101 3062//4100 6085//4102 6084//4103
f 3039//4079 3040//4081 3063//4104 3060//4096
f 3060//4096 3063//4104 3064//4105 3061//4098
f 3061//4098 3064//4105 3065//4106 3062//4100
f 3062//4100 3065//4106 6086//4107 6085//4102
f 3040//4081 3041//4083 3066//4108 3063//4104
f 3063//4104 3066//4108 3067//4109 3064//4105
f 3064//4105 3067//4109 3068//4110 3065//4106
f 3065//4106 3068//4110 6087//4111 6086//4107
f 3041//4083 6142//4085 6141//4112 3066//4108
f 3066//4108 6141//4112 6140//4113 3067//4109
f 3067//4109 6140//4113 6139//4114 3068//4110
f 3068//4110 6139//4114 6774//4115 6087//4111
f 3038//4076 3042//4097 3069//4116 3045//4117
f 3045//4117 3069//4116 3070//4118 3046//4119
f 3046//4119 3070//4118 3071//4120 3047//4121
f 3047//4121 3071//4120 6118//4122 6119//4123
f 3042//4097 3043//4099 3072//4124 3069//4116
f 3069//4116 3072//4124 3073//4125 3070//4118
f 3070//4118 3073//4125 3074//4126 3071//4120
f 3071//4120 3074//4126 6117//4127 6118//4122
f 3043//4099 3044//4101 3075//4128 3072//4124
f 3072//4124 3075//4128 3076//4129 3073//4125
f 3073//4125 3076//4129 3077//4130 3074//4126
f 3074//4126 3077//4130 6116//4131 6117//4127
f 3044//4101 6084//4103 6083//4132 3075//4128
f 3075//4128 6083//4132 6082//4133 3076//4129
f 3076//4129 6082//4133 6081//4134 3077//4130
f 3077//4130 6081//4134 6773//4135 6116//4131
f 3038//4076 3045//4117 3078//4136 3048//4077
f 3048//4077 3078//4136 3079//4137 3049//4086
f 3049//4086 3079//4137 3080//4138 3050//4091
f 3050//4091 3080//4138 5988//3498 5989//3473
f 3045//4117 3046//4119 3081//4139 3078//4136
f 3078//4136 3081//4139 3082//4140 3079//4137
f 3079//4137 3082//4140 3083//4141 3080//4138
f 3080//4138 3083//4141 5987//3499 5988//3498
f 3046//4119 3047//4121 3084//4142 3081//4139
f 3081//4139 3084//4142 3085//4143 3082//4140
f 3082//4140 3085//4143 3086//4144 3083//4141
f 3083//4141 3086//4144 5986//3500 5987//3499
f 3047//4121 6119//4123 6120//4145 3084//4142
f 3084//4142 6120//4145 6121//4146 3085//4143
f 3085//4143 6121//4146 6122//4147 3086//4144
f 3086//4144 6122//4147 6761//3501 5986//3500
f 3087//4148 3097//4149 3100//4150 3088//4151
f 3088//4151 3100//4150 3101//4152 3089//4153
f 3089//4153 3101//4152 3102//4154 3090//4155
f 3090//4155 3102//4154 6150//4156 6149//4157
f 3097//4149 3098//4158 3103//4159 3100//4150
f 3100//4150 3103//4159 3104//4160 3101//4152
f 3101//4152 3104//4160 3105//4161 3102//4154
f 3102//4154 3105//4161 6151//4162 6150//4156
f 3098//4158 3099//4163 3106//4164 3103//4159
f 3103//4159 3106//4164 3107//4165 3104//4160
f 3104//4160 3107//4165 3108//4166 3105//4161
f 3105//4161 3108//4166 6152//4167 6151//4162
f 3099//4163 6041//3672 6042//3671 3106//4164
f 3106//4164 6042//3671 6043//3676 3107//4165
f 3107//4165 6043//3676 6044//3680 3108//4166
f 3108//4166 6044//3680 6768//3684 6152//4167
f 3087//4148 3088//4151 3109//4168 3091//4169
f 3091//4169 3109//4168 3110//4170 3092//4171
f 3092//4171 3110//4170 3111//4172 3093//4173
f 3093//4173 3111//4172 6106//4174 6105//4175
f 3088//4151 3089//4153 3112//4176 3109//4168
f 3109//4168 3112//4176 3113//4177 3110//4170
f 3110//4170 3113//4177 3114//4178 3111//4172
f 3111//4172 3114//4178 6107//4179 6106//4174
f 3089//4153 3090//4155 3115//4180 3112//4176
f 3112//4176 3115//4180 3116//4181 3113//4177
f 3113//4177 3116//4181 3117//4182 3114//4178
f 3114//4178 3117//4182 6108//4183 6107//4179
f 3090//4155 6149//4157 6148//4184 3115//4180
f 3115//4180 6148//4184 6147//4185 3116//4181
f 3116//4181 6147//4185 6146//4186 3117//4182
f 3117//4182 6146//4186 6777//4187 6108//4183
f 3087//4148 3091//4169 3118//4188 3094//4189
f 3094//4189 3118//4188 3119//4190 3095//4191
f 3095//4191 3119//4190 3120//4192 3096//4193
f 3096//4193 3120//4192 6132//4014 6133//3987
f 3091//4169 3092//4171 3121//4194 3118//4188
f 3118//4188 3121//4194 3122//4195 3119//4190
f 3119//4190 3122//4195 3123//4196 3120//4192
f 3120//4192 3123//4196 6131//4015 6132//4014
f 3092//4171 3093//4173 3124//4197 3121//4194
f 3121//4194 3124//4197 3125//4198 3122//4195
f 3122//4195 3125//4198 3126//4199 3123//4196
f 3123//4196 3126//4199 6130//4016 6131//4015
f 3093//4173 6105//4175 6104//4200 3124//4197
f 3124//4197 6104//4200 6103//4201 3125//4198
f 3125//4198 6103//4201 6102//4202 3126//4199
f 3126//4199 6102//4202 6776//4017 6130//4016
f 3087//4148 3094//4189 3127//4203 3097//4149
f 3097//4149 3127//4203 3128//4204 3098//4158
f 3098//4158 3128//4204 3129//4205 3099//4163
f 3099//4163 3129//4205 6040//3694 6041//3672
f 3094//4189 3095//4191 3130//4206 3127//4203
f 3127//4203 3130//4206 3131//4207 3128//4204
f 3128//4204 3131//4207 3132//4208 3129//4205
f 3129//4205 3132//4208 6039//3695 6040//3694
f 3095//4191 3096//4193 3133//4209 3130//4206
f 3130//4206 3133//4209 3134//4210 3131//4207
f 3131//4207 3134//4210 3135//4211 3132//4208
f 3132//4208 3135//4211 6038//3696 6039//3695
f 3096//4193 6133//3987 6134//3986 3133//4209
f 3133//4209 6134//3986 6135//3992 3134//4210
f 3134//4210 6135//3992 6136//3997 3135//4211
f 3135//4211 6136//3997 6766//3619 6038//3696
f 3136//4212 3146//4213 3149//4214 3137//4215
f 3137//4215 3149//4214 3150//4216 3138//4217
f 3138//4217 3150//4216 3151//4218 3139//4219
f 3139//4219 3151//4218 6125//4047 6126//4025
f 3146//4213 3147//4220 3152//4221 3149//4214
f 3149//4214 3152//4221 3153//4222 3150//4216
f 3150//4216 3153//4222 3154//4223 3151//4218
f 3151//4218 3154//4223 6124//4048 6125//4047
f 3147//4220 3148//4224 3155//4225 3152//4221
f 3152//4221 3155//4225 3156//4226 3153//4222
f 3153//4222 3156//4226 3157//4227 3154//4223
f 3154//4223 3157//4227 6123//4049 6124//4048
f 3148//4224 6010//3541 6011//3540 3155//4225
f 3155//4225 6011//3540 6012//3545 3156//4226
f 3156//4226 6012//3545 6013//3549 3157//4227
f 3157//4227 6013//3549 6765//3553 6123//4049
f 3136//4212 3137//4215 3158//4228 3140//4229
f 3140//4229 3158//4228 3159//4230 3141//4231
f 3141//4231 3159//4230 3160//4232 3142//4233
f 3142//4233 3160//4232 6092//4234 6091//4235
f 3137//4215 3138//4217 3161//4236 3158//4228
f 3158//4228 3161//4236 3162//4237 3159//4230
f 3159//4230 3162//4237 3163//4238 3160//4232
f 3160//4232 3163//4238 6093//4239 6092//4234
f 3138//4217 3139//4219 3164//4240 3161//4236
f 3161//4236 3164//4240 3165//4241 3162//4237
f 3162//4237 3165//4241 3166//4242 3163//4238
f 3163//4238 3166//4242 6094//4243 6093//4239
f 3139//4219 6126//4025 6127//4024 3164//4240
f 3164//4240 6127//4024 6128//4029 3165//4241
f 3165//4241 6128//4029 6129//4033 3166//4242
f 3166//4242 6129//4033 6775//4037 6094//4243
f 3136//4212 3140//4229 3167//4244 3143//4245
f 3143//4245 3167//4244 3168//4246 3144//4247
f 3144//4247 3168//4246 3169//4248 3145//4249
f 3145//4249 3169//4248 6141//4112 6142//4085
f 3140//4229 3141//4231 3170//4250 3167//4244
f 3167//4244 3170//4250 3171//4251 3168//4246
f 3168//4246 3171//4251 3172//4252 3169//4248
f 3169//4248 3172//4252 6140//4113 6141//4112
f 3141//4231 3142//4233 3173//4253 3170//4250
f 3170//4250 3173//4253 3174//4254 3171//4251
f 3171//4251 3174//4254 3175//4255 3172//4252
f 3172//4252 3175//4255 6139//4114 6140//4113
f 3142//4233 6091//4235 6090//4256 3173//4253
f 3173//4253 6090//4256 6089//4257 3174//4254
f 3174//4254 6089//4257 6088//4258 3175//4255
f 3175//4255 6088//4258 6774//4115 6139//4114
f 3136//4212 3143//4245 3176//4259 3146//4213
f 3146//4213 3176//4259 3177//4260 3147//4220
f 3147//4220 3177//4260 3178//4261 3148//4224
f 3148//4224 3178//4261 6009//3563 6010//3541
f 3143//4245 3144//4247 3179//4262 3176//4259
f 3176//4259 3179//4262 3180//4263 3177//4260
f 3177//4260 3180//4263 3181//4264 3178//4261
f 3178//4261 3181//4264 6008//3564 6009//3563
f 3144//4247 3145//4249 3182//4265 3179//4262
f 3179//4262 3182//4265 3183//4266 3180//4263
f 3180//4263 3183//4266 3184//4267 3181//4264
f 3181//4264 3184//4267 6007//3565 6008//3564
f 3145//4249 6142//4085 6143//4084 3182//4265
f 3182//4265 6143//4084 6144//4090 3183//4266
f 3183//4266 6144//4090 6145//4095 3184//4267
f 3184//4267 6145//4095 6764//3485 6007//3565
f 3185//4268 3187//4269 3188//4270 3186//4271
f 3186//4271 3188//4270 6618//4073 6619//4072
f 3187//4269 3189//4272 3190//4273 3188//4270
f 3188//4270 3190//4273 6617//4074 6618//4073
f 3189//4272 6532//4274 6533//4275 3190//4273
f 3190//4273 6533//4275 6814//4075 6617//4074
f 3191//4276 3201//4277 3204//4278 3192//4279
f 3192//4279 3204//4278 3205//4280 3193//4281
f 3193//4281 3205//4280 3206//4282 3194//4283
f 3194//4283 3206//4282 6482//4284 6483//4285
f 3201//4277 3202//4286 3207//4287 3204//4278
f 3204//4278 3207//4287 3208//4288 3205//4280
f 3205//4280 3208//4288 3209//4289 3206//4282
f 3206//4282 3209//4289 6481//4290 6482//4284
f 3202//4286 3203//4291 3210//4292 3207//4287
f 3207//4287 3210//4292 3211//4293 3208//4288
f 3208//4288 3211//4293 3212//4294 3209//4289
f 3209//4289 3212//4294 6480//4295 6481//4290
f 3203//4291 6112//3941 6111//3940 3210//4292
f 3210//4292 6111//3940 6110//3945 3211//4293
f 3211//4293 6110//3945 6109//3949 3212//4294
f 3212//4294 6109//3949 6804//3953 6480//4295
f 3191//4276 3192//4279 3213//4296 3195//4297
f 3195//4297 3213//4296 3214//4298 3196//4299
f 3196//4299 3214//4298 3215//4300 3197//4301
f 3197//4301 3215//4300 6176//4302 6177//4303
f 3192//4279 3193//4281 3216//4304 3213//4296
f 3213//4296 3216//4304 3217//4305 3214//4298
f 3214//4298 3217//4305 3218//4306 3215//4300
f 3215//4300 3218//4306 6175//4307 6176//4302
f 3193//4281 3194//4283 3219//4308 3216//4304
f 3216//4304 3219//4308 3220//4309 3217//4305
f 3217//4305 3220//4309 3221//4310 3218//4306
f 3218//4306 3221//4310 6174//4311 6175//4307
f 3194//4283 6483//4285 6484//4312 3219//4308
f 3219//4308 6484//4312 6485//4313 3220//4309
f 3220//4309 6485//4313 6486//4314 3221//4310
f 3221//4310 6486//4314 6805//4315 6174//4311
f 3191//4276 3195//4297 3222//4316 3198//4317
f 3198//4317 3222//4316 3223//4318 3199//4319
f 3199//4319 3223//4318 3224//4320 3200//4321
f 3200//4321 3224//4320 5453//1035 5452//1010
f 3195//4297 3196//4299 3225//4322 3222//4316
f 3222//4316 3225//4322 3226//4323 3223//4318
f 3223//4318 3226//4323 3227//4324 3224//4320
f 3224//4320 3227//4324 5454//1036 5453//1035
f 3196//4299 3197//4301 3228//4325 3225//4322
f 3225//4322 3228//4325 3229//4326 3226//4323
f 3226//4323 3229//4326 3230//4327 3227//4324
f 3227//4324 3230//4327 5455//1037 5454//1036
f 3197//4301 6177//4303 6178//4328 3228//4325
f 3228//4325 6178//4328 6179//4329 3229//4326
f 3229//4326 6179//4329 6180//4330 3230//4327
f 3230//4327 6180//4330 6783//1038 5455//1037
f 3191//4276 3198//4317 3231//4331 3201//4277
f 3201//4277 3231//4331 3232//4332 3202//4286
f 3202//4286 3232//4332 3233//4333 3203//4291
f 3203//4291 3233//4333 6113//3966 6112//3941
f 3198//4317 3199//4319 3234//4334 3231//4331
f 3231//4331 3234//4334 3235//4335 3232//4332
f 3232//4332 3235//4335 3236//4336 3233//4333
f 3233//4333 3236//4336 6114//3967 6113//3966
f 3199//4319 3200//4321 3237//4337 3234//4334
f 3234//4334 3237//4337 3238//4338 3235//4335
f 3235//4335 3238//4338 3239//4339 3236//4336
f 3236//4336 3239//4339 6115//3968 6114//3967
f 3200//4321 5452//1010 5451//1009 3237//4337
f 3237//4337 5451//1009 5450//1014 3238//4338
f 3238//4338 5450//1014 5449//1018 3239//4339
f 3239//4339 5449//1018 6778//702 6115//3968
f 3240//4340 3250//4341 3253//4342 3241//4343
f 3241//4343 3253//4342 3254//4344 3242//4345
f 3242//4345 3254//4344 3255//4346 3243//4347
f 3243//4347 3255//4346 6199//4348 6198//4349
f 3250//4341 3251//4350 3256//4351 3253//4342
f 3253//4342 3256//4351 3257//4352 3254//4344
f 3254//4344 3257//4352 3258//4353 3255//4346
f 3255//4346 3258//4353 6200//4354 6199//4348
f 3251//4350 3252//4355 3259//4356 3256//4351
f 3256//4351 3259//4356 3260//4357 3257//4352
f 3257//4352 3260//4357 3261//4358 3258//4353
f 3258//4353 3261//4358 6201//4359 6200//4354
f 3252//4355 6098//4005 6099//4004 3259//4356
f 3259//4356 6099//4004 6100//4009 3260//4357
f 3260//4357 6100//4009 6101//4013 3261//4358
f 3261//4358 6101//4013 6776//4017 6201//4359
f 3240//4340 3241//4343 3262//4360 3244//4361
f 3244//4361 3262//4360 3263//4362 3245//4363
f 3245//4363 3263//4362 3264//4364 3246//4365
f 3246//4365 3264//4364 6171//4366 6170//4367
f 3241//4343 3242//4345 3265//4368 3262//4360
f 3262//4360 3265//4368 3266//4369 3263//4362
f 3263//4362 3266//4369 3267//4370 3264//4364
f 3264//4364 3267//4370 6172//4371 6171//4366
f 3242//4345 3243//4347 3268//4372 3265//4368
f 3265//4368 3268//4372 3269//4373 3266//4369
f 3266//4369 3269//4373 3270//4374 3267//4370
f 3267//4370 3270//4374 6173//4375 6172//4371
f 3243//4347 6198//4349 6197//4376 3268//4372
f 3268//4372 6197//4376 6196//4377 3269//4373
f 3269//4373 6196//4377 6195//4378 3270//4374
f 3270//4374 6195//4378 6782//4379 6173//4375
f 3240//4340 3244//4361 3271//4380 3247//4381
f 3247//4381 3271//4380 3272//4382 3248//4383
f 3248//4383 3272//4382 3273//4384 3249//4385
f 3249//4385 3273//4384 6192//4386 6191//4387
f 3244//4361 3245//4363 3274//4388 3271//4380
f 3271//4380 3274//4388 3275//4389 3272//4382
f 3272//4382 3275//4389 3276//4390 3273//4384
f 3273//4384 3276//4390 6193//4391 6192//4386
f 3245//4363 3246//4365 3277//4392 3274//4388
f 3274//4388 3277//4392 3278//4393 3275//4389
f 3275//4389 3278//4393 3279//4394 3276//4390
f 3276//4390 3279//4394 6194//4395 6193//4391
f 3246//4365 6170//4367 6169//4396 3277//4392
f 3277//4392 6169//4396 6168//4397 3278//4393
f 3278//4393 6168//4397 6167//4398 3279//4394
f 3279//4394 6167//4398 6781//4399 6194//4395
f 3240//4340 3247//4381 3280//4400 3250//4341
f 3250//4341 3280//4400 3281//4401 3251//4350
f 3251//4350 3281//4401 3282//4402 3252//4355
f 3252//4355 3282//4402 6097//4034 6098//4005
f 3247//4381 3248//4383 3283//4403 3280//4400
f 3280//4400 3283//4403 3284//4404 3281//4401
f 3281//4401 3284//4404 3285//4405 3282//4402
f 3282//4402 3285//4405 6096//4035 6097//4034
f 3248//4383 3249//4385 3286//4406 3283//4403
f 3283//4403 3286//4406 3287//4407 3284//4404
f 3284//4404 3287//4407 3288//4408 3285//4405
f 3285//4405 3288//4408 6095//4036 6096//4035
f 3249//4385 6191//4387 6190//4409 3286//4406
f 3286//4406 6190//4409 6189//4410 3287//4407
f 3287//4407 6189//4410 6188//4411 3288//4408
f 3288//4408 6188//4411 6775//4037 6095//4036
f 3289//4412 3299//4413 3302//4414 3290//4415
f 3290//4415 3302//4414 3303//4416 3291//4417
f 3291//4417 3303//4416 3304//4418 3292//4419
f 3292//4419 3304//4418 6206//4420 6205//4421
f 3299//4413 3300//4422 3305//4423 3302//4414
f 3302//4414 3305//4423 3306//4424 3303//4416
f 3303//4416 3306//4424 3307//4425 3304//4418
f 3304//4418 3307//4425 6207//4426 6206//4420
f 3300//4422 3301//4427 3308//4428 3305//4423
f 3305//4423 3308//4428 3309//4429 3306//4424
f 3306//4424 3309//4429 3310//4430 3307//4425
f 3307//4425 3310//4430 6208//4431 6207//4426
f 3301//4427 6084//4103 6085//4102 3308//4428
f 3308//4428 6085//4102 6086//4107 3309//4429
f 3309//4429 6086//4107 6087//4111 3310//4430
f 3310//4430 6087//4111 6774//4115 6208//4431
f 3289//4412 3290//4415 3311//4432 3293//4433
f 3293//4433 3311//4432 3312//4434 3294//4435
f 3294//4435 3312//4434 3313//4436 3295//4437
f 3295//4437 3313//4436 6157//4438 6156//4439
f 3290//4415 3291//4417 3314//4440 3311//4432
f 3311//4432 3314//4440 3315//4441 3312//4434
f 3312//4434 3315//4441 3316//4442 3313//4436
f 3313//4436 3316//4442 6158//4443 6157//4438
f 3291//4417 3292//4419 3317//4444 3314//4440
f 3314//4440 3317//4444 3318//4445 3315//4441
f 3315//4441 3318//4445 3319//4446 3316//4442
f 3316//4442 3319//4446 6159//4447 6158//4443
f 3292//4419 6205//4421 6204//4448 3317//4444
f 3317//4444 6204//4448 6203//4449 3318//4445
f 3318//4445 6203//4449 6202//4450 3319//4446
f 3319//4446 6202//4450 6780//4451 6159//4447
f 3289//4412 3293//4433 3320//4452 3296//4453
f 3296//4453 3320//4452 3321//4454 3297//4455
f 3297//4455 3321//4454 3322//4456 3298//4457
f 3298//4457 3322//4456 6183//4458 6184//4459
f 3293//4433 3294//4435 3323//4460 3320//4452
f 3320//4452 3323//4460 3324//4461 3321//4454
f 3321//4454 3324//4461 3325//4462 3322//4456
f 3322//4456 3325//4462 6182//4463 6183//4458
f 3294//4435 3295//4437 3326//4464 3323//4460
f 3323//4460 3326//4464 3327//4465 3324//4461
f 3324//4461 3327//4465 3328//4466 3325//4462
f 3325//4462 3328//4466 6181//4467 6182//4463
f 3295//4437 6156//4439 6155//4468 3326//4464
f 3326//4464 6155//4468 6154//4469 3327//4465
f 3327//4465 6154//4469 6153//4470 3328//4466
f 3328//4466 6153//4470 6779//4471 6181//4467
f 3289//4412 3296//4453 3329//4472 3299//4413
f 3299//4413 3329//4472 3330//4473 3300//4422
f 3300//4422 3330//4473 3331//4474 3301//4427
f 3301//4427 3331//4474 6083//4132 6084//4103
f 3296//4453 3297//4455 3332//4475 3329//4472
f 3329//4472 3332//4475 3333//4476 3330//4473
f 3330//4473 3333//4476 3334//4477 3331//4474
f 3331//4474 3334//4477 6082//4133 6083//4132
f 3297//4455 3298//4457 3335//4478 3332//4475
f 3332//4475 3335//4478 3336//4479 3333//4476
f 3333//4476 3336//4479 3337//4480 3334//4477
f 3334//4477 3337//4480 6081//4134 6082//4133
f 3298//4457 6184//4459 6185//4481 3335//4478
f 3335//4478 6185//4481 6186//4482 3336//4479
f 3336//4479 6186//4482 6187//4483 3337//4480
f 3337//4480 6187//4483 6773//4135 6081//4134
f 3338//4484 3348//4485 3351//4486 3339//4487
f 3339//4487 3351//4486 3352//4488 3340//4489
f 3340//4489 3352//4488 3353//4490 3341//4491
f 3341//4491 3353//4490 6352//4492 6353//4493
f 3348//4485 3349//4494 3354//4495 3351//4486
f 3351//4486 3354//4495 3355//4496 3352//4488
f 3352//4488 3355//4496 3356//4497 3353//4490
f 3353//4490 3356//4497 6351//4498 6352//4492
f 3349//4494 3350//4499 3357//4500 3354//4495
f 3354//4495 3357//4500 3358//4501 3355//4496
f 3355//4496 3358//4501 3359//4502 3356//4497
f 3356//4497 3359//4502 6350//4503 6351//4498
f 3350//4499 6656//4504 6657//4505 3357//4500
f 3357//4500 6657//4505 6658//4506 3358//4501
f 3358//4501 6658//4506 6659//4507 3359//4502
f 3359//4502 6659//4507 6777//4187 6350//4503
f 3338//4484 3339//4487 3360//4508 3342//4509
f 3342//4509 3360//4508 3361//4510 3343//4511
f 3343//4511 3361//4510 3362//4512 3344//4513
f 3344//4513 3362//4512 6633//4514 6634//4515
f 3339//4487 3340//4489 3363//4516 3360//4508
f 3360//4508 3363//4516 3364//4517 3361//4510
f 3361//4510 3364//4517 3365//4518 3362//4512
f 3362//4512 3365//4518 6632//4519 6633//4514
f 3340//4489 3341//4491 3366//4520 3363//4516
f 3363//4516 3366//4520 3367//4521 3364//4517
f 3364//4517 3367//4521 3368//4522 3365//4518
f 3365//4518 3368//4522 6631//4523 6632//4519
f 3341//4491 6353//4493 6354//4524 3366//4520
f 3366//4520 6354//4524 6355//4525 3367//4521
f 3367//4521 6355//4525 6356//4526 3368//4522
f 3368//4522 6356//4526 6798//4527 6631//4523
f 3338//4484 3342//4509 3369//4528 3345//4529
f 3345//4529 3369//4528 3370//4530 3346//4531
f 3346//4531 3370//4530 3371//4532 3347//4533
f 3347//4533 3371//4532 6566//4534 6567//4535
f 3342//4509 3343//4511 3372//4536 3369//4528
f 3369//4528 3372//4536 3373//4537 3370//4530
f 3370//4530 3373//4537 3374//4538 3371//4532
f 3371//4532 3374//4538 6565//4539 6566//4534
f 3343//4511 3344//4513 3375//4540 3372//4536
f 3372//4536 3375//4540 3376//4541 3373//4537
f 3373//4537 3376//4541 3377//4542 3374//4538
f 3374//4538 3377//4542 6564//4543 6565//4539
f 3344//4513 6634//4515 6635//4544 3375//4540
f 3375//4540 6635//4544 6636//4545 3376//4541
f 3376//4541 6636//4545 6637//4546 3377//4542
f 3377//4542 6637//4546 6819//4547 6564//4543
f 3338//4484 3345//4529 3378//4548 3348//4485
f 3348//4485 3378//4548 3379//4549 3349//4494
f 3349//4494 3379//4549 3380//4550 3350//4499
f 3350//4499 3380//4550 6655//4551 6656//4504
f 3345//4529 3346//4531 3381//4552 3378//4548
f 3378//4548 3381//4552 3382//4553 3379//4549
f 3379//4549 3382//4553 3383//4554 3380//4550
f 3380//4550 3383//4554 6654//4555 6655//4551
f 3346//4531 3347//4533 3384//4556 3381//4552
f 3381//4552 3384//4556 3385//4557 3382//4553
f 3382//4553 3385//4557 3386//4558 3383//4554
f 3383//4554 3386//4558 6653//4559 6654//4555
f 3347//4533 6567//4535 6568//4560 3384//4556
f 3384//4556 6568//4560 6569//4561 3385//4557
f 3385//4557 6569//4561 6570//4562 3386//4558
f 3386//4558 6570//4562 6816//4563 6653//4559
f 3387//4564 3397//4565 3400//4566 3388//4567
f 3388//4567 3400//4566 3401//4568 3389//4569
f 3389//4569 3401//4568 3402//4570 3390//4571
f 3390//4571 3402//4570 6190//4409 6191//4387
f 3397//4565 3398//4572 3403//4573 3400//4566
f 3400//4566 3403//4573 3404//4574 3401//4568
f 3401//4568 3404//4574 3405//4575 3402//4570
f 3402//4570 3405//4575 6189//4410 6190//4409
f 3398//4572 3399//4576 3406//4577 3403//4573
f 3403//4573 3406//4577 3407//4578 3404//4574
f 3404//4574 3407//4578 3408//4579 3405//4575
f 3405//4575 3408//4579 6188//4411 6189//4410
f 3399//4576 6091//4235 6092//4234 3406//4577
f 3406//4577 6092//4234 6093//4239 3407//4578
f 3407//4578 6093//4239 6094//4243 3408//4579
f 3408//4579 6094//4243 6775//4037 6188//4411
f 3387//4564 3388//4567 3409//4580 3391//4581
f 3391//4581 3409//4580 3410//4582 3392//4583
f 3392//4583 3410//4582 3411//4584 3393//4585
f 3393//4585 3411//4584 6164//4586 6163//4587
f 3388//4567 3389//4569 3412//4588 3409//4580
f 3409//4580 3412//4588 3413//4589 3410//4582
f 3410//4582 3413//4589 3414//4590 3411//4584
f 3411//4584 3414//4590 6165//4591 6164//4586
f 3389//4569 3390//4571 3415//4592 3412//4588
f 3412//4588 3415//4592 3416//4593 3413//4589
f 3413//4589 3416//4593 3417//4594 3414//4590
f 3414//4590 3417//4594 6166//4595 6165//4591
f 3390//4571 6191//4387 6192//4386 3415//4592
f 3415//4592 6192//4386 6193//4391 3416//4593
f 3416//4593 6193//4391 6194//4395 3417//4594
f 3417//4594 6194//4395 6781//4399 6166//4595
f 3387//4564 3391//4581 3418//4596 3394//4597
f 3394//4597 3418//4596 3419//4598 3395//4599
f 3395//4599 3419//4598 3420//4600 3396//4601
f 3396//4601 3420//4600 6204//4448 6205//4421
f 3391//4581 3392//4583 3421//4602 3418//4596
f 3418//4596 3421//4602 3422//4603 3419//4598
f 3419//4598 3422//4603 3423//4604 3420//4600
f 3420//4600 3423//4604 6203//4449 6204//4448
f 3392//4583 3393//4585 3424//4605 3421//4602
f 3421//4602 3424//4605 3425//4606 3422//4603
f 3422//4603 3425//4606 3426//4607 3423//4604
f 3423//4604 3426//4607 6202//4450 6203//4449
f 3393//4585 6163//4587 6162//4608 3424//4605
f 3424//4605 6162//4608 6161//4609 3425//4606
f 3425//4606 6161//4609 6160//4610 3426//4607
f 3426//4607 6160//4610 6780//4451 6202//4450
f 3387//4564 3394//4597 3427//4611 3397//4565
f 3397//4565 3427//4611 3428//4612 3398//4572
f 3398//4572 3428//4612 3429//4613 3399//4576
f 3399//4576 3429//4613 6090//4256 6091//4235
f 3394//4597 3395//4599 3430//4614 3427//4611
f 3427//4611 3430//4614 3431//4615 3428//4612
f 3428//4612 3431//4615 3432//4616 3429//4613
f 3429//4613 3432//4616 6089//4257 6090//4256
f 3395//4599 3396//4601 3433//4617 3430//4614
f 3430//4614 3433//4617 3434//4618 3431//4615
f 3431//4615 3434//4618 3435//4619 3432//4616
f 3432//4616 3435//4619 6088//4258 6089//4257
f 3396//4601 6205//4421 6206//4420 3433//4617
f 3433//4617 6206//4420 6207//4426 3434//4618
f 3434//4618 6207//4426 6208//4431 3435//4619
f 3435//4619 6208//4431 6774//4115 6088//4258
f 3436//4620 3446//4621 3449//4622 3437//4623
f 3437//4623 3449//4622 3450//4624 3438//4625
f 3438//4625 3450//4624 3451//4626 3439//4627
f 3439//4627 3451//4626 6475//4628 6476//4629
f 3446//4621 3447//4630 3452//4631 3449//4622
f 3449//4622 3452//4631 3453//4632 3450//4624
f 3450//4624 3453//4632 3454//4633 3451//4626
f 3451//4626 3454//4633 6474//4634 6475//4628
f 3447//4630 3448//4635 3455//4636 3452//4631
f 3452//4631 3455//4636 3456//4637 3453//4632
f 3453//4632 3456//4637 3457//4638 3454//4633
f 3454//4633 3457//4638 6473//4639 6474//4634
f 3448//4635 6177//4303 6176//4302 3455//4636
f 3455//4636 6176//4302 6175//4307 3456//4637
f 3456//4637 6175//4307 6174//4311 3457//4638
f 3457//4638 6174//4311 6805//4315 6473//4639
f 3436//4620 3437//4623 3458//4640 3440//4641
f 3440//4641 3458//4640 3459//4642 3441//4643
f 3441//4643 3459//4642 3460//4644 3442//4645
f 3442//4645 3460//4644 6225//4646 6226//4647
f 3437//4623 3438//4625 3461//4648 3458//4640
f 3458//4640 3461//4648 3462//4649 3459//4642
f 3459//4642 3462//4649 3463//4650 3460//4644
f 3460//4644 3463//4650 6224//4651 6225//4646
f 3438//4625 3439//4627 3464//4652 3461//4648
f 3461//4648 3464//4652 3465//4653 3462//4649
f 3462//4649 3465//4653 3466//4654 3463//4650
f 3463//4650 3466//4654 6223//4655 6224//4651
f 3439//4627 6476//4629 6477//4656 3464//4652
f 3464//4652 6477//4656 6478//4657 3465//4653
f 3465//4653 6478//4657 6479//4658 3466//4654
f 3466//4654 6479//4658 6806//4659 6223//4655
f 3436//4620 3440//4641 3467//4660 3443//4661
f 3443//4661 3467//4660 3468//4662 3444//4663
f 3444//4663 3468//4662 3469//4664 3445//4665
f 3445//4665 3469//4664 5509//1379 5508//1354
f 3440//4641 3441//4643 3470//4666 3467//4660
f 3467//4660 3470//4666 3471//4667 3468//4662
f 3468//4662 3471//4667 3472//4668 3469//4664
f 3469//4664 3472//4668 5510//1380 5509//1379
f 3441//4643 3442//4645 3473//4669 3470//4666
f 3470//4666 3473//4669 3474//4670 3471//4667
f 3471//4667 3474//4670 3475//4671 3472//4668
f 3472//4668 3475//4671 5511//1381 5510//1380
f 3442//4645 6226//4647 6227//4672 3473//4669
f 3473//4669 6227//4672 6228//4673 3474//4670
f 3474//4670 6228//4673 6229//4674 3475//4671
f 3475//4671 6229//4674 6787//1382 5511//1381
f 3436//4620 3443//4661 3476//4675 3446//4621
f 3446//4621 3476//4675 3477//4676 3447//4630
f 3447//4630 3477//4676 3478//4677 3448//4635
f 3448//4635 3478//4677 6178//4328 6177//4303
f 3443//4661 3444//4663 3479//4678 3476//4675
f 3476//4675 3479//4678 3480//4679 3477//4676
f 3477//4676 3480//4679 3481//4680 3478//4677
f 3478//4677 3481//4680 6179//4329 6178//4328
f 3444//4663 3445//4665 3482//4681 3479//4678
f 3479//4678 3482//4681 3483//4682 3480//4679
f 3480//4679 3483//4682 3484//4683 3481//4680
f 3481//4680 3484//4683 6180//4330 6179//4329
f 3445//4665 5508//1354 5507//1353 3482//4681
f 3482//4681 5507//1353 5506//1358 3483//4682
f 3483//4682 5506//1358 5505//1362 3484//4683
f 3484//4683 5505//1362 6783//1038 6180//4330
f 3485//4684 3495//4685 3498//4686 3486//4687
f 3486//4687 3498//4686 3499//4688 3487//4689
f 3487//4689 3499//4688 3500//4690 3488//4691
f 3488//4691 3500//4690 6248//4692 6247//4693
f 3495//4685 3496//4694 3501//4695 3498//4686
f 3498//4686 3501//4695 3502//4696 3499//4688
f 3499//4688 3502//4696 3503//4697 3500//4690
f 3500//4690 3503//4697 6249//4698 6248//4692
f 3496//4694 3497//4699 3504//4700 3501//4695
f 3501//4695 3504//4700 3505//4701 3502//4696
f 3502//4696 3505//4701 3506//4702 3503//4697
f 3503//4697 3506//4702 6250//4703 6249//4698
f 3497//4699 6156//4439 6157//4438 3504//4700
f 3504//4700 6157//4438 6158//4443 3505//4701
f 3505//4701 6158//4443 6159//4447 3506//4702
f 3506//4702 6159//4447 6780//4451 6250//4703
f 3485//4684 3486//4687 3507//4704 3489//4705
f 3489//4705 3507//4704 3508//4706 3490//4707
f 3490//4707 3508//4706 3509//4708 3491//4709
f 3491//4709 3509//4708 6213//4710 6212//4711
f 3486//4687 3487//4689 3510//4712 3507//4704
f 3507//4704 3510//4712 3511//4713 3508//4706
f 3508//4706 3511//4713 3512//4714 3509//4708
f 3509//4708 3512//4714 6214//4715 6213//4710
f 3487//4689 3488//4691 3513//4716 3510//4712
f 3510//4712 3513//4716 3514//4717 3511//4713
f 3511//4713 3514//4717 3515//4718 3512//4714
f 3512//4714 3515//4718 6215//4719 6214//4715
f 3488//4691 6247//4693 6246//4720 3513//4716
f 3513//4716 6246//4720 6245//4721 3514//4717
f 3514//4717 6245//4721 6244//4722 3515//4718
f 3515//4718 6244//4722 6785//4723 6215//4719
f 3485//4684 3489//4705 3516//4724 3492//4725
f 3492//4725 3516//4724 3517//4726 3493//4727
f 3493//4727 3517//4726 3518//4728 3494//4729
f 3494//4729 3518//4728 6232//4730 6233//4731
f 3489//4705 3490//4707 3519//4732 3516//4724
f 3516//4724 3519//4732 3520//4733 3517//4726
f 3517//4726 3520//4733 3521//4734 3518//4728
f 3518//4728 3521//4734 6231//4735 6232//4730
f 3490//4707 3491//4709 3522//4736 3519//4732
f 3519//4732 3522//4736 3523//4737 3520//4733
f 3520//4733 3523//4737 3524//4738 3521//4734
f 3521//4734 3524//4738 6230//4739 6231//4735
f 3491//4709 6212//4711 6211//4740 3522//4736
f 3522//4736 6211//4740 6210//4741 3523//4737
f 3523//4737 6210//4741 6209//4742 3524//4738
f 3524//4738 6209//4742 6784//4743 6230//4739
f 3485//4684 3492//4725 3525//4744 3495//4685
f 3495//4685 3525//4744 3526//4745 3496//4694
f 3496//4694 3526//4745 3527//4746 3497//4699
f 3497//4699 3527//4746 6155//4468 6156//4439
f 3492//4725 3493//4727 3528//4747 3525//4744
f 3525//4744 3528//4747 3529//4748 3526//4745
f 3526//4745 3529//4748 3530//4749 3527//4746
f 3527//4746 3530//4749 6154//4469 6155//4468
f 3493//4727 3494//4729 3531//4750 3528//4747
f 3528//4747 3531//4750 3532//4751 3529//4748
f 3529//4748 3532//4751 3533//4752 3530//4749
f 3530//4749 3533//4752 6153//4470 6154//4469
f 3494//4729 6233//4731 6234//4753 3531//4750
f 3531//4750 6234//4753 6235//4754 3532//4751
f 3532//4751 6235//4754 6236//4755 3533//4752
f 3533//4752 6236//4755 6779//4471 6153//4470
f 3534//4756 3544//4757 3547//4758 3535//4759
f 3535//4759 3547//4758 3548//4760 3536//4761
f 3536//4761 3548//4760 3549//4762 3537//4763
f 3537//4763 3549//4762 6239//4764 6240//4765
f 3544//4757 3545//4766 3550//4767 3547//4758
f 3547//4758 3550//4767 3551//4768 3548//4760
f 3548//4760 3551//4768 3552//4769 3549//4762
f 3549//4762 3552//4769 6238//4770 6239//4764
f 3545//4766 3546//4771 3553//4772 3550//4767
f 3550//4767 3553//4772 3554//4773 3551//4768
f 3551//4768 3554//4773 3555//4774 3552//4769
f 3552//4769 3555//4774 6237//4775 6238//4770
f 3546//4771 6163//4587 6164//4586 3553//4772
f 3553//4772 6164//4586 6165//4591 3554//4773
f 3554//4773 6165//4591 6166//4595 3555//4774
f 3555//4774 6166//4595 6781//4399 6237//4775
f 3534//4756 3535//4759 3556//4776 3538//4777
f 3538//4777 3556//4776 3557//4778 3539//4779
f 3539//4779 3557//4778 3558//4780 3540//4781
f 3540//4781 3558//4780 6220//4782 6219//4783
f 3535//4759 3536//4761 3559//4784 3556//4776
f 3556//4776 3559//4784 3560//4785 3557//4778
f 3557//4778 3560//4785 3561//4786 3558//4780
f 3558//4780 3561//4786 6221//4787 6220//4782
f 3536//4761 3537//4763 3562//4788 3559//4784
f 3559//4784 3562//4788 3563//4789 3560//4785
f 3560//4785 3563//4789 3564//4790 3561//4786
f 3561//4786 3564//4790 6222//4791 6221//4787
f 3537//4763 6240//4765 6241//4792 3562//4788
f 3562//4788 6241//4792 6242//4793 3563//4789
f 3563//4789 6242//4793 6243//4794 3564//4790
f 3564//4790 6243//4794 6786//4795 6222//4791
f 3534//4756 3538//4777 3565//4796 3541//4797
f 3541//4797 3565//4796 3566//4798 3542//4799
f 3542//4799 3566//4798 3567//4800 3543//4801
f 3543//4801 3567//4800 6246//4720 6247//4693
f 3538//4777 3539//4779 3568//4802 3565//4796
f 3565//4796 3568//4802 3569//4803 3566//4798
f 3566//4798 3569//4803 3570//4804 3567//4800
f 3567//4800 3570//4804 6245//4721 6246//4720
f 3539//4779 3540//4781 3571//4805 3568//4802
f 3568//4802 3571//4805 3572//4806 3569//4803
f 3569//4803 3572//4806 3573//4807 3570//4804
f 3570//4804 3573//4807 6244//4722 6245//4721
f 3540//4781 6219//4783 6218//4808 3571//4805
f 3571//4805 6218//4808 6217//4809 3572//4806
f 3572//4806 6217//4809 6216//4810 3573//4807
f 3573//4807 6216//4810 6785//4723 6244//4722
f 3534//4756 3541//4797 3574//4811 3544//4757
f 3544//4757 3574//4811 3575//4812 3545//4766
f 3545//4766 3575//4812 3576//4813 3546//4771
f 3546//4771 3576//4813 6162//4608 6163//4587
f 3541//4797 3542//4799 3577//4814 3574//4811
f 3574//4811 3577//4814 3578//4815 3575//4812
f 3575//4812 3578//4815 3579//4816 3576//4813
f 3576//4813 3579//4816 6161//4609 6162//4608
f 3542//4799 3543//4801 3580//4817 3577//4814
f 3577//4814 3580//4817 3581//4818 3578//4815
f 3578//4815 3581//4818 3582//4819 3579//4816
f 3579//4816 3582//4819 6160//4610 6161//4609
f 3543//4801 6247//4693 6248//4692 3580//4817
f 3580//4817 6248//4692 6249//4698 3581//4818
f 3581//4818 6249//4698 6250//4703 3582//4819
f 3582//4819 6250//4703 6780//4451 6160//4610
f 3583//4820 3593//4821 3596//4822 3584//4823
f 3584//4823 3596//4822 3597//4824 3585//4825
f 3585//4825 3597//4824 3598//4826 3586//4827
f 3586//4827 3598//4826 6648//4828 6649//4829
f 3593//4821 3594//4830 3599//4831 3596//4822
f 3596//4822 3599//4831 3600//4832 3597//4824
f 3597//4824 3600//4832 3601//4833 3598//4826
f 3598//4826 3601//4833 6647//4834 6648//4828
f 3594//4830 3595//4835 3602//4836 3599//4831
f 3599//4831 3602//4836 3603//4837 3600//4832
f 3600//4832 3603//4837 3604//4838 3601//4833
f 3601//4833 3604//4838 6646//4839 6647//4834
f 3595//4835 6170//4367 6171//4366 3602//4836
f 3602//4836 6171//4366 6172//4371 3603//4837
f 3603//4837 6172//4371 6173//4375 3604//4838
f 3604//4838 6173//4375 6782//4379 6646//4839
f 3583//4820 3584//4823 3605//4840 3587//4841
f 3587//4841 3605//4840 3606//4842 3588//4843
f 3588//4843 3606//4842 3607//4844 3589//4845
f 3589//4845 3607//4844 6662//4846 6663//4847
f 3584//4823 3585//4825 3608//4848 3605//4840
f 3605//4840 3608//4848 3609//4849 3606//4842
f 3606//4842 3609//4849 3610//4850 3607//4844
f 3607//4844 3610//4850 6661//4851 6662//4846
f 3585//4825 3586//4827 3611//4852 3608//4848
f 3608//4848 3611//4852 3612//4853 3609//4849
f 3609//4849 3612//4853 3613//4854 3610//4850
f 3610//4850 3613//4854 6660//4855 6661//4851
f 3586//4827 6649//4829 6650//4856 3611//4852
f 3611//4852 6650//4856 6651//4857 3612//4853
f 3612//4853 6651//4857 6652//4858 3613//4854
f 3613//4854 6652//4858 6817//4859 6660//4855
f 3583//4820 3587//4841 3614//4860 3590//4861
f 3590//4861 3614//4860 3615//4862 3591//4863
f 3591//4863 3615//4862 3616//4864 3592//4865
f 3592//4865 3616//4864 6241//4792 6240//4765
f 3587//4841 3588//4843 3617//4866 3614//4860
f 3614//4860 3617//4866 3618//4867 3615//4862
f 3615//4862 3618//4867 3619//4868 3616//4864
f 3616//4864 3619//4868 6242//4793 6241//4792
f 3588//4843 3589//4845 3620//4869 3617//4866
f 3617//4866 3620//4869 3621//4870 3618//4867
f 3618//4867 3621//4870 3622//4871 3619//4868
f 3619//4868 3622//4871 6243//4794 6242//4793
f 3589//4845 6663//4847 6664//4872 3620//4869
f 3620//4869 6664//4872 6665//4873 3621//4870
f 3621//4870 6665//4873 6666//4874 3622//4871
f 3622//4871 6666//4874 6786//4795 6243//4794
f 3583//4820 3590//4861 3623//4875 3593//4821
f 3593//4821 3623//4875 3624//4876 3594//4830
f 3594//4830 3624//4876 3625//4877 3595//4835
f 3595//4835 3625//4877 6169//4396 6170//4367
f 3590//4861 3591//4863 3626//4878 3623//4875
f 3623//4875 3626//4878 3627//4879 3624//4876
f 3624//4876 3627//4879 3628//4880 3625//4877
f 3625//4877 3628//4880 6168//4397 6169//4396
f 3591//4863 3592//4865 3629//4881 3626//4878
f 3626//4878 3629//4881 3630//4882 3627//4879
f 3627//4879 3630//4882 3631//4883 3628//4880
f 3628//4880 3631//4883 6167//4398 6168//4397
f 3592//4865 6240//4765 6239//4764 3629//4881
f 3629//4881 6239//4764 6238//4770 3630//4882
f 3630//4882 6238//4770 6237//4775 3631//4883
f 3631//4883 6237//4775 6781//4399 6167//4398
f 3632//4884 3642//4885 3645//4886 3633//4887
f 3633//4887 3645//4886 3646//4888 3634//4889
f 3634//4889 3646//4888 3647//4890 3635//4891
f 3635//4891 3647//4890 6290//4892 6289//4893
f 3642//4885 3643//4894 3648//4895 3645//4886
f 3645//4886 3648//4895 3649//4896 3646//4888
f 3646//4888 3649//4896 3650//4897 3647//4890
f 3647//4890 3650//4897 6291//4898 6290//4892
f 3643//4894 3644//4899 3651//4900 3648//4895
f 3648//4895 3651//4900 3652//4901 3649//4896
f 3649//4896 3652//4901 3653//4902 3650//4897
f 3650//4897 3653//4902 6292//4903 6291//4898
f 3644//4899 6212//4711 6213//4710 3651//4900
f 3651//4900 6213//4710 6214//4715 3652//4901
f 3652//4901 6214//4715 6215//4719 3653//4902
f 3653//4902 6215//4719 6785//4723 6292//4903
f 3632//4884 3633//4887 3654//4904 3636//4905
f 3636//4905 3654//4904 3655//4906 3637//4907
f 3637//4907 3655//4906 3656//4908 3638//4909
f 3638//4909 3656//4908 6255//4910 6254//4911
f 3633//4887 3634//4889 3657//4912 3654//4904
f 3654//4904 3657//4912 3658//4913 3655//4906
f 3655//4906 3658//4913 3659//4914 3656//4908
f 3656//4908 3659//4914 6256//4915 6255//4910
f 3634//4889 3635//4891 3660//4916 3657//4912
f 3657//4912 3660//4916 3661//4917 3658//4913
f 3658//4913 3661//4917 3662//4918 3659//4914
f 3659//4914 3662//4918 6257//4919 6256//4915
f 3635//4891 6289//4893 6288//4920 3660//4916
f 3660//4916 6288//4920 6287//4921 3661//4917
f 3661//4917 6287//4921 6286//4922 3662//4918
f 3662//4918 6286//4922 6789//4923 6257//4919
f 3632//4884 3636//4905 3663//4924 3639//4925
f 3639//4925 3663//4924 3664//4926 3640//4927
f 3640//4927 3664//4926 3665//4928 3641//4929
f 3641//4929 3665//4928 6283//4930 6282//4931
f 3636//4905 3637//4907 3666//4932 3663//4924
f 3663//4924 3666//4932 3667//4933 3664//4926
f 3664//4926 3667//4933 3668//4934 3665//4928
f 3665//4928 3668//4934 6284//4935 6283//4930
f 3637//4907 3638//4909 3669//4936 3666//4932
f 3666//4932 3669//4936 3670//4937 3667//4933
f 3667//4933 3670//4937 3671//4938 3668//4934
f 3668//4934 3671//4938 6285//4939 6284//4935
f 3638//4909 6254//4911 6253//4940 3669//4936
f 3669//4936 6253//4940 6252//4941 3670//4937
f 3670//4937 6252//4941 6251//4942 3671//4938
f 3671//4938 6251//4942 6788//4943 6285//4939
f 3632//4884 3639//4925 3672//4944 3642//4885
f 3642//4885 3672//4944 3673//4945 3643//4894
f 3643//4894 3673//4945 3674//4946 3644//4899
f 3644//4899 3674//4946 6211//4740 6212//4711
f 3639//4925 3640//4927 3675//4947 3672//4944
f 3672//4944 3675//4947 3676//4948 3673//4945
f 3673//4945 3676//4948 3677//4949 3674//4946
f 3674//4946 3677//4949 6210//4741 6211//4740
f 3640//4927 3641//4929 3678//4950 3675//4947
f 3675//4947 3678//4950 3679//4951 3676//4948
f 3676//4948 3679//4951 3680//4952 3677//4949
f 3677//4949 3680//4952 6209//4742 6210//4741
f 3641//4929 6282//4931 6281//4953 3678//4950
f 3678//4950 6281//4953 6280//4954 3679//4951
f 3679//4951 6280//4954 6279//4955 3680//4952
f 3680//4952 6279//4955 6784//4743 6209//4742
f 3681//4956 3691//4957 3694//4958 3682//4959
f 3682//4959 3694//4958 3695//4960 3683//4961
f 3683//4961 3695//4960 3696//4962 3684//4963
f 3684//4963 3696//4962 6468//4964 6469//4965
f 3691//4957 3692//4966 3697//4967 3694//4958
f 3694//4958 3697//4967 3698//4968 3695//4960
f 3695//4960 3698//4968 3699//4969 3696//4962
f 3696//4962 3699//4969 6467//4970 6468//4964
f 3692//4966 3693//4971 3700//4972 3697//4967
f 3697//4967 3700//4972 3701//4973 3698//4968
f 3698//4968 3701//4973 3702//4974 3699//4969
f 3699//4969 3702//4974 6466//4975 6467//4970
f 3693//4971 6226//4647 6225//4646 3700//4972
f 3700//4972 6225//4646 6224//4651 3701//4973
f 3701//4973 6224//4651 6223//4655 3702//4974
f 3702//4974 6223//4655 6806//4659 6466//4975
f 3681//4956 3682//4959 3703//4976 3685//4977
f 3685//4977 3703//4976 3704//4978 3686//4979
f 3686//4979 3704//4978 3705//4980 3687//4981
f 3687//4981 3705//4980 6267//4982 6268//4983
f 3682//4959 3683//4961 3706//4984 3703//4976
f 3703//4976 3706//4984 3707//4985 3704//4978
f 3704//4978 3707//4985 3708//4986 3705//4980
f 3705//4980 3708//4986 6266//4987 6267//4982
f 3683//4961 3684//4963 3709//4988 3706//4984
f 3706//4984 3709//4988 3710//4989 3707//4985
f 3707//4985 3710//4989 3711//4990 3708//4986
f 3708//4986 3711//4990 6265//4991 6266//4987
f 3684//4963 6469//4965 6470//4992 3709//4988
f 3709//4988 6470//4992 6471//4993 3710//4989
f 3710//4989 6471//4993 6472//4994 3711//4990
f 3711//4990 6472//4994 6807//4995 6265//4991
f 3681//4956 3685//4977 3712//4996 3688//4997
f 3688//4997 3712//4996 3713//4998 3689//4999
f 3689//4999 3713//4998 3714//5000 3690//5001
f 3690//5001 3714//5000 5579//1723 5578//1698
f 3685//4977 3686//4979 3715//5002 3712//4996
f 3712//4996 3715//5002 3716//5003 3713//4998
f 3713//4998 3716//5003 3717//5004 3714//5000
f 3714//5000 3717//5004 5580//1724 5579//1723
f 3686//4979 3687//4981 3718//5005 3715//5002
f 3715//5002 3718//5005 3719//5006 3716//5003
f 3716//5003 3719//5006 3720//5007 3717//5004
f 3717//5004 3720//5007 5581//1725 5580//1724
f 3687//4981 6268//4983 6269//5008 3718//5005
f 3718//5005 6269//5008 6270//5009 3719//5006
f 3719//5006 6270//5009 6271//5010 3720//5007
f 3720//5007 6271//5010 6791//1726 5581//1725
f 3681//4956 3688//4997 3721//5011 3691//4957
f 3691//4957 3721//5011 3722//5012 3692//4966
f 3692//4966 3722//5012 3723//5013 3693//4971
f 3693//4971 3723//5013 6227//4672 6226//4647
f 3688//4997 3689//4999 3724//5014 3721//5011
f 3721//5011 3724//5014 3725//5015 3722//5012
f 3722//5012 3725//5015 3726//5016 3723//5013
f 3723//5013 3726//5016 6228//4673 6227//4672
f 3689//4999 3690//5001 3727//5017 3724//5014
f 3724//5014 3727//5017 3728//5018 3725//5015
f 3725//5015 3728//5018 3729//5019 3726//5016
f 3726//5016 3729//5019 6229//4674 6228//4673
f 3690//5001 5578//1698 5577//1697 3727//5017
f 3727//5017 5577//1697 5576//1702 3728//5018
f 3728//5018 5576//1702 5575//1706 3729//5019
f 3729//5019 5575//1706 6787//1382 6229//4674
f 3730//5020 3740//5021 3743//5022 3731//5023
f 3731//5023 3743//5022 3744//5024 3732//5025
f 3732//5025 3744//5024 3745//5026 3733//5027
f 3733//5027 3745//5026 6274//5028 6275//5029
f 3740//5021 3741//5030 3746//5031 3743//5022
f 3743//5022 3746//5031 3747//5032 3744//5024
f 3744//5024 3747//5032 3748//5033 3745//5026
f 3745//5026 3748//5033 6273//5034 6274//5028
f 3741//5030 3742//5035 3749//5036 3746//5031
f 3746//5031 3749//5036 3750//5037 3747//5032
f 3747//5032 3750//5037 3751//5038 3748//5033
f 3748//5033 3751//5038 6272//5039 6273//5034
f 3742//5035 6219//4783 6220//4782 3749//5036
f 3749//5036 6220//4782 6221//4787 3750//5037
f 3750//5037 6221//4787 6222//4791 3751//5038
f 3751//5038 6222//4791 6786//4795 6272//5039
f 3730//5020 3731//5023 3752//5040 3734//5041
f 3734//5041 3752//5040 3753//5042 3735//5043
f 3735//5043 3753//5042 3754//5044 3736//5045
f 3736//5045 3754//5044 6262//5046 6261//5047
f 3731//5023 3732//5025 3755//5048 3752//5040
f 3752//5040 3755//5048 3756//5049 3753//5042
f 3753//5042 3756//5049 3757//5050 3754//5044
f 3754//5044 3757//5050 6263//5051 6262//5046
f 3732//5025 3733//5027 3758//5052 3755//5048
f 3755//5048 3758//5052 3759//5053 3756//5049
f 3756//5049 3759//5053 3760//5054 3757//5050
f 3757//5050 3760//5054 6264//5055 6263//5051
f 3733//5027 6275//5029 6276//5056 3758//5052
f 3758//5052 6276//5056 6277//5057 3759//5053
f 3759//5053 6277//5057 6278//5058 3760//5054
f 3760//5054 6278//5058 6790//5059 6264//5055
f 3730//5020 3734//5041 3761//5060 3737//5061
f 3737//5061 3761//5060 3762//5062 3738//5063
f 3738//5063 3762//5062 3763//5064 3739//5065
f 3739//5065 3763//5064 6288//4920 6289//4893
f 3734//5041 3735//5043 3764//5066 3761//5060
f 3761//5060 3764//5066 3765//5067 3762//5062
f 3762//5062 3765//5067 3766//5068 3763//5064
f 3763//5064 3766//5068 6287//4921 6288//4920
f 3735//5043 3736//5045 3767//5069 3764//5066
f 3764//5066 3767//5069 3768//5070 3765//5067
f 3765//5067 3768//5070 3769//5071 3766//5068
f 3766//5068 3769//5071 6286//4922 6287//4921
f 3736//5045 6261//5047 6260//5072 3767//5069
f 3767//5069 6260//5072 6259//5073 3768//5070
f 3768//5070 6259//5073 6258//5074 3769//5071
f 3769//5071 6258//5074 6789//4923 6286//4922
f 3730//5020 3737//5061 3770//5075 3740//5021
f 3740//5021 3770//5075 3771//5076 3741//5030
f 3741//5030 3771//5076 3772//5077 3742//5035
f 3742//5035 3772//5077 6218//4808 6219//4783
f 3737//5061 3738//5063 3773//5078 3770//5075
f 3770//5075 3773//5078 3774//5079 3771//5076
f 3771//5076 3774//5079 3775//5080 3772//5077
f 3772//5077 3775//5080 6217//4809 6218//4808
f 3738//5063 3739//5065 3776//5081 3773//5078
f 3773//5078 3776//5081 3777//5082 3774//5079
f 3774//5079 3777//5082 3778//5083 3775//5080
f 3775//5080 3778//5083 6216//4810 6217//4809
f 3739//5065 6289//4893 6290//4892 3776//5081
f 3776//5081 6290//4892 6291//4898 3777//5082
f 3777//5082 6291//4898 6292//4903 3778//5083
f 3778//5083 6292//4903 6785//4723 6216//4810
f 3779//5084 3789//5085 3792//5086 3780//5087
f 3780//5087 3792//5086 3793//5088 3781//5089
f 3781//5089 3793//5088 3794//5090 3782//5091
f 3782//5091 3794//5090 6461//5092 6462//5093
f 3789//5085 3790//5094 3795//5095 3792//5086
f 3792//5086 3795//5095 3796//5096 3793//5088
f 3793//5088 3796//5096 3797//5097 3794//5090
f 3794//5090 3797//5097 6460//5098 6461//5092
f 3790//5094 3791//5099 3798//5100 3795//5095
f 3795//5095 3798//5100 3799//5101 3796//5096
f 3796//5096 3799//5101 3800//5102 3797//5097
f 3797//5097 3800//5102 6459//5103 6460//5098
f 3791//5099 6268//4983 6267//4982 3798//5100
f 3798//5100 6267//4982 6266//4987 3799//5101
f 3799//5101 6266//4987 6265//4991 3800//5102
f 3800//5102 6265//4991 6807//4995 6459//5103
f 3779//5084 3780//5087 3801//5104 3783//5105
f 3783//5105 3801//5104 3802//5106 3784//5107
f 3784//5107 3802//5106 3803//5108 3785//5109
f 3785//5109 3803//5108 6302//5110 6303//5111
f 3780//5087 3781//5089 3804//5112 3801//5104
f 3801//5104 3804//5112 3805//5113 3802//5106
f 3802//5106 3805//5113 3806//5114 3803//5108
f 3803//5108 3806//5114 6301//5115 6302//5110
f 3781//5089 3782//5091 3807//5116 3804//5112
f 3804//5112 3807//5116 3808//5117 3805//5113
f 3805//5113 3808//5117 3809//5118 3806//5114
f 3806//5114 3809//5118 6300//5119 6301//5115
f 3782//5091 6462//5093 6463//5120 3807//5116
f 3807//5116 6463//5120 6464//5121 3808//5117
f 3808//5117 6464//5121 6465//5122 3809//5118
f 3809//5118 6465//5122 6808//5123 6300//5119
f 3779//5084 3783//5105 3810//5124 3786//5125
f 3786//5125 3810//5124 3811//5126 3787//5127
f 3787//5127 3811//5126 3812//5128 3788//5129
f 3788//5129 3812//5128 5600//1859 5599//1834
f 3783//5105 3784//5107 3813//5130 3810//5124
f 3810//5124 3813//5130 3814//5131 3811//5126
f 3811//5126 3814//5131 3815//5132 3812//5128
f 3812//5128 3815//5132 5601//1860 5600//1859
f 3784//5107 3785//5109 3816//5133 3813//5130
f 3813//5130 3816//5133 3817//5134 3814//5131
f 3814//5131 3817//5134 3818//5135 3815//5132
f 3815//5132 3818//5135 5602//1861 5601//1860
f 3785//5109 6303//5111 6304//5136 3816//5133
f 3816//5133 6304//5136 6305//5137 3817//5134
f 3817//5134 6305//5137 6306//5138 3818//5135
f 3818//5135 6306//5138 6794//1862 5602//1861
f 3779//5084 3786//5125 3819//5139 3789//5085
f 3789//5085 3819//5139 3820//5140 3790//5094
f 3790//5094 3820//5140 3821//5141 3791//5099
f 3791//5099 3821//5141 6269//5008 6268//4983
f 3786//5125 3787//5127 3822//5142 3819//5139
f 3819//5139 3822//5142 3823//5143 3820//5140
f 3820//5140 3823//5143 3824//5144 3821//5141
f 3821//5141 3824//5144 6270//5009 6269//5008
f 3787//5127 3788//5129 3825//5145 3822//5142
f 3822//5142 3825//5145 3826//5146 3823//5143
f 3823//5143 3826//5146 3827//5147 3824//5144
f 3824//5144 3827//5147 6271//5010 6270//5009
f 3788//5129 5599//1834 5598//1833 3825//5145
f 3825//5145 5598//1833 5597//1838 3826//5146
f 3826//5146 5597//1838 5596//1842 3827//5147
f 3827//5147 5596//1842 6791//1726 6271//5010
f 3828//5148 3838//5149 3841//5150 3829//5151
f 3829//5151 3841//5150 3842//5152 3830//5153
f 3830//5153 3842//5152 3843//5154 3831//5155
f 3831//5155 3843//5154 6316//5156 6317//5157
f 3838//5149 3839//5158 3844//5159 3841//5150
f 3841//5150 3844//5159 3845//5160 3842//5152
f 3842//5152 3845//5160 3846//5161 3843//5154
f 3843//5154 3846//5161 6315//5162 6316//5156
f 3839//5158 3840//5163 3847//5164 3844//5159
f 3844//5159 3847//5164 3848//5165 3845//5160
f 3845//5160 3848//5165 3849//5166 3846//5161
f 3846//5161 3849//5166 6314//5167 6315//5162
f 3840//5163 6254//4911 6255//4910 3847//5164
f 3847//5164 6255//4910 6256//4915 3848//5165
f 3848//5165 6256//4915 6257//4919 3849//5166
f 3849//5166 6257//4919 6789//4923 6314//5167
f 3828//5148 3829//5151 3850//5168 3832//5169
f 3832//5169 3850//5168 3851//5170 3833//5171
f 3833//5171 3851//5170 3852//5172 3834//5173
f 3834//5173 3852//5172 6297//5174 6296//5175
f 3829//5151 3830//5153 3853//5176 3850//5168
f 3850//5168 3853//5176 3854//5177 3851//5170
f 3851//5170 3854//5177 3855//5178 3852//5172
f 3852//5172 3855//5178 6298//5179 6297//5174
f 3830//5153 3831//5155 3856//5180 3853//5176
f 3853//5176 3856//5180 3857//5181 3854//5177
f 3854//5177 3857//5181 3858//5182 3855//5178
f 3855//5178 3858//5182 6299//5183 6298//5179
f 3831//5155 6317//5157 6318//5184 3856//5180
f 3856//5180 6318//5184 6319//5185 3857//5181
f 3857//5181 6319//5185 6320//5186 3858//5182
f 3858//5182 6320//5186 6793//5187 6299//5183
f 3828//5148 3832//5169 3859//5188 3835//5189
f 3835//5189 3859//5188 3860//5190 3836//5191
f 3836//5191 3860//5190 3861//5192 3837//5193
f 3837//5193 3861//5192 6309//5194 6310//5195
f 3832//5169 3833//5171 3862//5196 3859//5188
f 3859//5188 3862//5196 3863//5197 3860//5190
f 3860//5190 3863//5197 3864//5198 3861//5192
f 3861//5192 3864//5198 6308//5199 6309//5194
f 3833//5171 3834//5173 3865//5200 3862//5196
f 3862//5196 3865//5200 3866//5201 3863//5197
f 3863//5197 3866//5201 3867//5202 3864//5198
f 3864//5198 3867//5202 6307//5203 6308//5199
f 3834//5173 6296//5175 6295//5204 3865//5200
f 3865//5200 6295//5204 6294//5205 3866//5201
f 3866//5201 6294//5205 6293//5206 3867//5202
f 3867//5202 6293//5206 6792//5207 6307//5203
f 3828//5148 3835//5189 3868//5208 3838//5149
f 3838//5149 3868//5208 3869//5209 3839//5158
f 3839//5158 3869//5209 3870//5210 3840//5163
f 3840//5163 3870//5210 6253//4940 6254//4911
f 3835//5189 3836//5191 3871//5211 3868//5208
f 3868//5208 3871//5211 3872//5212 3869//5209
f 3869//5209 3872//5212 3873//5213 3870//5210
f 3870//5210 3873//5213 6252//4941 6253//4940
f 3836//5191 3837//5193 3874//5214 3871//5211
f 3871//5211 3874//5214 3875//5215 3872//5212
f 3872//5212 3875//5215 3876//5216 3873//5213
f 3873//5213 3876//5216 6251//4942 6252//4941
f 3837//5193 6310//5195 6311//5217 3874//5214
f 3874//5214 6311//5217 6312//5218 3875//5215
f 3875//5215 6312//5218 6313//5219 3876//5216
f 3876//5216 6313//5219 6788//4943 6251//4942
f 3877//5220 3887//5221 3890//5222 3878//5223
f 3878//5223 3890//5222 3891//5224 3879//5225
f 3879//5225 3891//5224 3892//5226 3880//5227
f 3880//5227 3892//5226 6454//5228 6455//5229
f 3887//5221 3888//5230 3893//5231 3890//5222
f 3890//5222 3893//5231 3894//5232 3891//5224
f 3891//5224 3894//5232 3895//5233 3892//5226
f 3892//5226 3895//5233 6453//5234 6454//5228
f 3888//5230 3889//5235 3896//5236 3893//5231
f 3893//5231 3896//5236 3897//5237 3894//5232
f 3894//5232 3897//5237 3898//5238 3895//5233
f 3895//5233 3898//5238 6452//5239 6453//5234
f 3889//5235 6303//5111 6302//5110 3896//5236
f 3896//5236 6302//5110 6301//5115 3897//5237
f 3897//5237 6301//5115 6300//5119 3898//5238
f 3898//5238 6300//5119 6808//5123 6452//5239
f 3877//5220 3878//5223 3899//5240 3881//5241
f 3881//5241 3899//5240 3900//5242 3882//5243
f 3882//5243 3900//5242 3901//5244 3883//5245
f 3883//5245 3901//5244 6323//5246 6324//5247
f 3878//5223 3879//5225 3902//5248 3899//5240
f 3899//5240 3902//5248 3903//5249 3900//5242
f 3900//5242 3903//5249 3904//5250 3901//5244
f 3901//5244 3904//5250 6322//5251 6323//5246
f 3879//5225 3880//5227 3905//5252 3902//5248
f 3902//5248 3905//5252 3906//5253 3903//5249
f 3903//5249 3906//5253 3907//5254 3904//5250
f 3904//5250 3907//5254 6321//5255 6322//5251
f 3880//5227 6455//5229 6456//5256 3905//5252
f 3905//5252 6456//5256 6457//5257 3906//5253
f 3906//5253 6457//5257 6458//5258 3907//5254
f 3907//5254 6458//5258 6809//5259 6321//5255
f 3877//5220 3881//5241 3908//5260 3884//5261
f 3884//5261 3908//5260 3909//5262 3885//5263
f 3885//5263 3909//5262 3910//5264 3886//5265
f 3886//5265 3910//5264 5628//2003 5627//1978
f 3881//5241 3882//5243 3911//5266 3908//5260
f 3908//5260 3911//5266 3912//5267 3909//5262
f 3909//5262 3912//5267 3913//5268 3910//5264
f 3910//5264 3913//5268 5629//2004 5628//2003
f 3882//5243 3883//5245 3914//5269 3911//5266
f 3911//5266 3914//5269 3915//5270 3912//5267
f 3912//5267 3915//5270 3916//5271 3913//5268
f 3913//5268 3916//5271 5630//2005 5629//2004
f 3883//5245 6324//5247 6325//5272 3914//5269
f 3914//5269 6325//5272 6326//5273 3915//5270
f 3915//5270 6326//5273 6327//5274 3916//5271
f 3916//5271 6327//5274 6796//2006 5630//2005
f 3877//5220 3884//5261 3917//5275 3887//5221
f 3887//5221 3917//5275 3918//5276 3888//5230
f 3888//5230 3918//5276 3919//5277 3889//5235
f 3889//5235 3919//5277 6304//5136 6303//5111
f 3884//5261 3885//5263 3920//5278 3917//5275
f 3917//5275 3920//5278 3921//5279 3918//5276
f 3918//5276 3921//5279 3922//5280 3919//5277
f 3919//5277 3922//5280 6305//5137 6304//5136
f 3885//5263 3886//5265 3923//5281 3920//5278
f 3920//5278 3923//5281 3924//5282 3921//5279
f 3921//5279 3924//5282 3925//5283 3922//5280
f 3922//5280 3925//5283 6306//5138 6305//5137
f 3886//5265 5627//1978 5626//1977 3923//5281
f 3923//5281 5626//1977 5625//1982 3924//5282
f 3924//5282 5625//1982 5624//1986 3925//5283
f 3925//5283 5624//1986 6794//1862 6306//5138
f 3926//5284 3936//5285 3939//5286 3927//5287
f 3927//5287 3939//5286 3940//5288 3928//5289
f 3928//5289 3940//5288 3941//5290 3929//5291
f 3929//5291 3941//5290 6657//4505 6656//4504
f 3936//5285 3937//5292 3942//5293 3939//5286
f 3939//5286 3942//5293 3943//5294 3940//5288
f 3940//5288 3943//5294 3944//5295 3941//5290
f 3941//5290 3944//5295 6658//4506 6657//4505
f 3937//5292 3938//5296 3945//5297 3942//5293
f 3942//5293 3945//5297 3946//5298 3943//5294
f 3943//5294 3946//5298 3947//5299 3944//5295
f 3944//5295 3947//5299 6659//4507 6658//4506
f 3938//5296 6105//4175 6106//4174 3945//5297
f 3945//5297 6106//4174 6107//4179 3946//5298
f 3946//5298 6107//4179 6108//4183 3947//5299
f 3947//5299 6108//4183 6777//4187 6659//4507
f 3926//5284 3927//5287 3948//5300 3930//5301
f 3930//5301 3948//5300 3949//5302 3931//5303
f 3931//5303 3949//5302 3950//5304 3932//5305
f 3932//5305 3950//5304 6641//5306 6642//5307
f 3927//5287 3928//5289 3951//5308 3948//5300
f 3948//5300 3951//5308 3952//5309 3949//5302
f 3949//5302 3952//5309 3953//5310 3950//5304
f 3950//5304 3953//5310 6640//5311 6641//5306
f 3928//5289 3929//5291 3954//5312 3951//5308
f 3951//5308 3954//5312 3955//5313 3952//5309
f 3952//5309 3955//5313 3956//5314 3953//5310
f 3953//5310 3956//5314 6639//5315 6640//5311
f 3929//5291 6656//4504 6655//4551 3954//5312
f 3954//5312 6655//4551 6654//4555 3955//5313
f 3955//5313 6654//4555 6653//4559 3956//5314
f 3956//5314 6653//4559 6816//4563 6639//5315
f 3926//5284 3930//5301 3957//5316 3933//5317
f 3933//5317 3957//5316 3958//5318 3934//5319
f 3934//5319 3958//5318 3959//5320 3935//5321
f 3935//5321 3959//5320 6197//4376 6198//4349
f 3930//5301 3931//5303 3960//5322 3957//5316
f 3957//5316 3960//5322 3961//5323 3958//5318
f 3958//5318 3961//5323 3962//5324 3959//5320
f 3959//5320 3962//5324 6196//4377 6197//4376
f 3931//5303 3932//5305 3963//5325 3960//5322
f 3960//5322 3963//5325 3964//5326 3961//5323
f 3961//5323 3964//5326 3965//5327 3962//5324
f 3962//5324 3965//5327 6195//4378 6196//4377
f 3932//5305 6642//5307 6643//5328 3963//5325
f 3963//5325 6643//5328 6644//5329 3964//5326
f 3964//5326 6644//5329 6645//5330 3965//5327
f 3965//5327 6645//5330 6782//4379 6195//4378
f 3926//5284 3933//5317 3966//5331 3936//5285
f 3936//5285 3966//5331 3967//5332 3937//5292
f 3937//5292 3967//5332 3968//5333 3938//5296
f 3938//5296 3968//5333 6104//4200 6105//4175
f 3933//5317 3934//5319 3969//5334 3966//5331
f 3966//5331 3969//5334 3970//5335 3967//5332
f 3967//5332 3970//5335 3971//5336 3968//5333
f 3968//5333 3971//5336 6103//4201 6104//4200
f 3934//5319 3935//5321 3972//5337 3969//5334
f 3969//5334 3972//5337 3973//5338 3970//5335
f 3970//5335 3973//5338 3974//5339 3971//5336
f 3971//5336 3974//5339 6102//4202 6103//4201
f 3935//5321 6198//4349 6199//4348 3972//5337
f 3972//5337 6199//4348 6200//4354 3973//5338
f 3973//5338 6200//4354 6201//4359 3974//5339
f 3974//5339 6201//4359 6776//4017 6102//4202
f 3975//5340 3985//5341 3988//5342 3976//5343
f 3976//5343 3988//5342 3989//5344 3977//5345
f 3977//5345 3989//5344 3990//5346 3978//5347
f 3978//5347 3990//5346 6676//5348 6677//5349
f 3985//5341 3986//5350 3991//5351 3988//5342
f 3988//5342 3991//5351 3992//5352 3989//5344
f 3989//5344 3992//5352 3993//5353 3990//5346
f 3990//5346 3993//5353 6675//5354 6676//5348
f 3986//5350 3987//5355 3994//5356 3991//5351
f 3991//5351 3994//5356 3995//5357 3992//5352
f 3992//5352 3995//5357 3996//5358 3993//5353
f 3993//5353 3996//5358 6674//5359 6675//5354
f 3987//5355 6261//5047 6262//5046 3994//5356
f 3994//5356 6262//5046 6263//5051 3995//5357
f 3995//5357 6263//5051 6264//5055 3996//5358
f 3996//5358 6264//5055 6790//5059 6674//5359
f 3975//5340 3976//5343 3997//5360 3979//5361
f 3979//5361 3997//5360 3998//5362 3980//5363
f 3980//5363 3998//5362 3999//5364 3981//5365
f 3981//5365 3999//5364 6682//5366 6683//5367
f 3976//5343 3977//5345 4000//5368 3997//5360
f 3997//5360 4000//5368 4001//5369 3998//5362
f 3998//5362 4001//5369 4002//5370 3999//5364
f 3999//5364 4002//5370 6681//5371 6682//5366
f 3977//5345 3978//5347 4003//5372 4000//5368
f 4000//5368 4003//5372 4004//5373 4001//5369
f 4001//5369 4004//5373 4005//5374 4002//5370
f 3978//5347 6677//5349 6678//5375 4003//5372
f 4003//5372 6678//5375 6679//5376 4004//5373
f 4004//5373 6679//5376 6680//5377 4005//5374
f 3975//5340 3979//5361 4006//5378 3982//5379
f 3982//5379 4006//5378 4007//5380 3983//5381
f 3983//5381 4007//5380 4008//5382 3984//5383
f 3984//5383 4008//5382 6318//5184 6317//5157
f 3979//5361 3980//5363 4009//5384 4006//5378
f 4006//5378 4009//5384 4010//5385 4007//5380
f 4007//5380 4010//5385 4011//5386 4008//5382
f 4008//5382 4011//5386 6319//5185 6318//5184
f 3980//5363 3981//5365 4012//5387 4009//5384
f 4009//5384 4012//5387 4013//5388 4010//5385
f 4010//5385 4013//5388 4014//5389 4011//5386
f 4011//5386 4014//5389 6320//5186 6319//5185
f 3981//5365 6683//5367 6684//5390 4012//5387
f 4012//5387 6684//5390 6685//5391 4013//5388
f 4013//5388 6685//5391 6686//5392 4014//5389
f 4014//5389 6686//5392 6793//5187 6320//5186
f 3975//5340 3982//5379 4015//5393 3985//5341
f 3985//5341 4015//5393 4016//5394 3986//5350
f 3986//5350 4016//5394 4017//5395 3987//5355
f 3987//5355 4017//5395 6260//5072 6261//5047
f 3982//5379 3983//5381 4018//5396 4015//5393
f 4015//5393 4018//5396 4019//5397 4016//5394
f 4016//5394 4019//5397 4020//5398 4017//5395
f 4017//5395 4020//5398 6259//5073 6260//5072
f 3983//5381 3984//5383 4021//5399 4018//5396
f 4018//5396 4021//5399 4022//5400 4019//5397
f 4019//5397 4022//5400 4023//5401 4020//5398
f 4020//5398 4023//5401 6258//5074 6259//5073
f 3984//5383 6317//5157 6316//5156 4021//5399
f 4021//5399 6316//5156 6315//5162 4022//5400
f 4022//5400 6315//5162 6314//5167 4023//5401
f 4023//5401 6314//5167 6789//4923 6258//5074
f 4024//5402 4030//5403 4033//5404 4025//5405
f 4025//5405 4033//5404 4034//5406 4026//5407
f 4030//5403 4031//5408 4036//5409 4033//5404
f 4033//5404 4036//5409 4037//5410 4034//5406
f 4034//5406 4037//5410 4038//5411 4035//5412
f 4035//5412 4038//5411 6450//5413 6451//5414
f 4031//5408 4032//5415 4039//5416 4036//5409
f 4036//5409 4039//5416 4040//5417 4037//5410
f 4037//5410 4040//5417 4041//5418 4038//5411
f 4038//5411 4041//5418 6449//5419 6450//5413
f 4032//5415 6324//5247 6323//5246 4039//5416
f 4039//5416 6323//5246 6322//5251 4040//5417
f 4040//5417 6322//5251 6321//5255 4041//5418
f 4041//5418 6321//5255 6809//5259 6449//5419
f 4027//5420 4042//5421 4043//5422 4028//5423
f 4028//5423 4043//5422 4044//5424 4029//5425
f 4029//5425 4044//5424 5642//2180 5641//2169
f 4024//5402 4027//5420 4045//5426 4030//5403
f 4030//5403 4045//5426 4046//5427 4031//5408
f 4031//5408 4046//5427 4047//5428 4032//5415
f 4032//5415 4047//5428 6325//5272 6324//5247
f 4027//5420 4028//5423 4048//5429 4045//5426
f 4045//5426 4048//5429 4049//5430 4046//5427
f 4046//5427 4049//5430 4050//5431 4047//5428
f 4047//5428 4050//5431 6326//5273 6325//5272
f 4028//5423 4029//5425 4051//5432 4048//5429
f 4048//5429 4051//5432 4052//5433 4049//5430
f 4049//5430 4052//5433 4053//5434 4050//5431
f 4050//5431 4053//5434 6327//5274 6326//5273
f 4029//5425 5641//2169 5640//2168 4051//5432
f 4051//5432 5640//2168 5639//2173 4052//5433
f 4052//5433 5639//2173 5638//2177 4053//5434
f 4053//5434 5638//2177 6796//2006 6327//5274
f 4054//5435 4064//5436 4067//5437 4055//5438
f 4055//5438 4067//5437 4068//5439 4056//5440
f 4056//5440 4068//5439 4069//5441 4057//5442
f 4057//5442 4069//5441 6689//5443 6690//5444
f 4064//5436 4065//5445 4070//5446 4067//5437
f 4067//5437 4070//5446 4071//5447 4068//5439
f 4068//5439 4071//5447 4072//5448 4069//5441
f 4069//5441 4072//5448 6688//5449 6689//5443
f 4065//5445 4066//5450 4073//5451 4070//5446
f 4070//5446 4073//5451 4074//5452 4071//5447
f 4071//5447 4074//5452 4075//5453 4072//5448
f 4072//5448 4075//5453 6687//5454 6688//5449
f 4066//5450 6296//5175 6297//5174 4073//5451
f 4073//5451 6297//5174 6298//5179 4074//5452
f 4074//5452 6298//5179 6299//5183 4075//5453
f 4075//5453 6299//5183 6793//5187 6687//5454
f 4054//5435 4055//5438 4076//5455 4058//5456
f 4058//5456 4076//5455 4077//5457 4059//5458
f 4059//5458 4077//5457 4078//5459 4060//5460
f 4060//5460 4078//5459 6692//5461 6693//5462
f 4055//5438 4056//5440 4079//5463 4076//5455
f 4076//5455 4079//5463 4080//5464 4077//5457
f 4056//5440 4057//5442 4081//5465 4079//5463
f 4057//5442 6690//5444 6691//5466 4081//5465
f 4054//5435 4058//5456 4082//5467 4061//5468
f 4061//5468 4082//5467 4083//5469 4062//5470
f 4062//5470 4083//5469 4084//5471 4063//5472
f 4063//5472 4084//5471 6330//5473 6331//5474
f 4058//5456 4059//5458 4085//5475 4082//5467
f 4082//5467 4085//5475 4086//5476 4083//5469
f 4083//5469 4086//5476 4087//5477 4084//5471
f 4084//5471 4087//5477 6329//5478 6330//5473
f 4059//5458 4060//5460 4088//5479 4085//5475
f 4085//5475 4088//5479 4089//5480 4086//5476
f 4086//5476 4089//5480 4090//5481 4087//5477
f 4087//5477 4090//5481 6328//5482 6329//5478
f 4060//5460 6693//5462 6694//5483 4088//5479
f 4088//5479 6694//5483 6695//5484 4089//5480
f 4089//5480 6695//5484 6696//5485 4090//5481
f 4090//5481 6696//5485 6795//5486 6328//5482
f 4054//5435 4061//5468 4091//5487 4064//5436
f 4064//5436 4091//5487 4092//5488 4065//5445
f 4065//5445 4092//5488 4093//5489 4066//5450
f 4066//5450 4093//5489 6295//5204 6296//5175
f 4061//5468 4062//5470 4094//5490 4091//5487
f 4091//5487 4094//5490 4095//5491 4092//5488
f 4092//5488 4095//5491 4096//5492 4093//5489
f 4093//5489 4096//5492 6294//5205 6295//5204
f 4062//5470 4063//5472 4097//5493 4094//5490
f 4094//5490 4097//5493 4098//5494 4095//5491
f 4095//5491 4098//5494 4099//5495 4096//5492
f 4096//5492 4099//5495 6293//5206 6294//5205
f 4063//5472 6331//5474 6332//5496 4097//5493
f 4097//5493 6332//5496 6333//5497 4098//5494
f 4098//5494 6333//5497 6334//5498 4099//5495
f 4099//5495 6334//5498 6792//5207 6293//5206
f 4100//5499 4101//5500 6524//5501 6525//5502
f 4101//5500 4102//5503 6523//5504 6524//5501
f 4102//5503 4104//5505 6522//5506 6523//5504
f 4103//5507 6615//4053 6616//4052 4104//5505
f 4104//5505 6616//4052 6811//4061 6522//5506
f 4106//5508 4108//5509 6620//5510 6621//5511
f 4100//5499 6525//5502 6526//5512 4107//5513
f 4109//5514 4119//5515 4122//5516 4110//5517
f 4110//5517 4122//5516 4123//5518 4111//5519
f 4111//5519 4123//5518 4124//5520 4112//5521
f 4112//5521 4124//5520 6347//5522 6346//5523
f 4119//5515 4120//5524 4125//5525 4122//5516
f 4122//5516 4125//5525 4126//5526 4123//5518
f 4123//5518 4126//5526 4127//5527 4124//5520
f 4124//5520 4127//5527 6348//5528 6347//5522
f 4120//5524 4121//5529 4128//5530 4125//5525
f 4125//5525 4128//5530 4129//5531 4126//5526
f 4126//5526 4129//5531 4130//5532 4127//5527
f 4127//5527 4130//5532 6349//5533 6348//5528
f 4121//5529 6367//3724 6368//3723 4128//5530
f 4128//5530 6368//3723 6369//3728 4129//5531
f 4129//5531 6369//3728 6370//3732 4130//5532
f 4130//5532 6370//3732 6797//3736 6349//5533
f 4109//5514 4110//5517 4131//5534 4113//5535
f 4113//5535 4131//5534 4132//5536 4114//5537
f 4114//5537 4132//5536 4133//5538 4115//5539
f 4115//5539 4133//5538 6048//5540 6049//5541
f 4110//5517 4111//5519 4134//5542 4131//5534
f 4131//5534 4134//5542 4135//5543 4132//5536
f 4132//5536 4135//5543 4136//5544 4133//5538
f 4133//5538 4136//5544 6047//5545 6048//5540
f 4111//5519 4112//5521 4137//5546 4134//5542
f 4134//5542 4137//5546 4138//5547 4135//5543
f 4135//5543 4138//5547 4139//5548 4136//5544
f 4136//5544 4139//5548 6046//5549 6047//5545
f 4112//5521 6346//5523 6345//5550 4137//5546
f 4137//5546 6345//5550 6344//5551 4138//5547
f 4138//5547 6344//5551 6343//5552 4139//5548
f 4139//5548 6343//5552 6769//5553 6046//5549
f 4109//5514 4113//5535 4140//5554 4116//5555
f 4116//5555 4140//5554 4141//5556 4117//5557
f 4117//5557 4141//5556 4142//5558 4118//5559
f 4118//5559 4142//5558 6057//5560 6056//5561
f 4113//5535 4114//5537 4143//5562 4140//5554
f 4140//5554 4143//5562 4144//5563 4141//5556
f 4141//5556 4144//5563 4145//5564 4142//5558
f 4142//5558 4145//5564 6058//5565 6057//5560
f 4114//5537 4115//5539 4146//5566 4143//5562
f 4143//5562 4146//5566 4147//5567 4144//5563
f 4144//5563 4147//5567 4148//5568 4145//5564
f 4145//5564 4148//5568 6059//5569 6058//5565
f 4115//5539 6049//5541 6050//5570 4146//5566
f 4146//5566 6050//5570 6051//5571 4147//5567
f 4147//5567 6051//5571 6052//5572 4148//5568
f 4148//5568 6052//5572 6770//3849 6059//5569
f 4109//5514 4116//5555 4149//5573 4119//5515
f 4119//5515 4149//5573 4150//5574 4120//5524
f 4120//5524 4150//5574 4151//5575 4121//5529
f 4121//5529 4151//5575 6366//3753 6367//3724
f 4116//5555 4117//5557 4152//5576 4149//5573
f 4149//5573 4152//5576 4153//5577 4150//5574
f 4150//5574 4153//5577 4154//5578 4151//5575
f 4151//5575 4154//5578 6365//3754 6366//3753
f 4117//5557 4118//5559 4155//5579 4152//5576
f 4152//5576 4155//5579 4156//5580 4153//5577
f 4153//5577 4156//5580 4157//5581 4154//5578
f 4154//5578 4157//5581 6364//3755 6365//3754
f 4118//5559 6056//5561 6055//5582 4155//5579
f 4155//5579 6055//5582 6054//5583 4156//5580
f 4156//5580 6054//5583 6053//5584 4157//5581
f 4157//5581 6053//5584 6799//3756 6364//3755
f 4158//5585 4168//5586 4171//5587 4159//5588
f 4159//5588 4171//5587 4172//5589 4160//5590
f 4160//5590 4172//5589 4173//5591 4161//5592
f 4161//5592 4173//5591 6610//3846 6611//3821
f 4168//5586 4169//5593 4174//5594 4171//5587
f 4171//5587 4174//5594 4175//5595 4172//5589
f 4172//5589 4175//5595 4176//5596 4173//5591
f 4173//5591 4176//5596 6609//3847 6610//3846
f 4169//5593 4170//5597 4177//5598 4174//5594
f 4174//5594 4177//5598 4178//5599 4175//5595
f 4175//5595 4178//5599 4179//5600 4176//5596
f 4176//5596 4179//5600 6608//3848 6609//3847
f 4170//5597 6056//5561 6057//5560 4177//5598
f 4177//5598 6057//5560 6058//5565 4178//5599
f 4178//5599 6058//5565 6059//5569 4179//5600
f 4179//5600 6059//5569 6770//3849 6608//3848
f 4158//5585 4159//5588 4180//5601 4162//5602
f 4162//5602 4180//5601 4181//5603 4163//5604
f 4163//5604 4181//5603 4182//5605 4164//5606
f 4164//5606 4182//5605 6626//5607 6627//5608
f 4159//5588 4160//5590 4183//5609 4180//5601
f 4180//5601 4183//5609 4184//5610 4181//5603
f 4181//5603 4184//5610 4185//5611 4182//5605
f 4182//5605 4185//5611 6625//5612 6626//5607
f 4160//5590 4161//5592 4186//5613 4183//5609
f 4183//5609 4186//5613 4187//5614 4184//5610
f 4184//5610 4187//5614 4188//5615 4185//5611
f 4185//5611 4188//5615 6624//5616 6625//5612
f 4161//5592 6611//3821 6612//3820 4186//5613
f 4186//5613 6612//3820 6613//3825 4187//5614
f 4187//5614 6613//3825 6614//3829 4188//5615
f 4188//5615 6614//3829 6813//3833 6624//5616
f 4158//5585 4162//5602 4189//5617 4165//5618
f 4165//5618 4189//5617 4190//5619 4166//5620
f 4166//5620 4190//5619 4191//5621 4167//5622
f 4167//5622 4191//5621 6373//5623 6374//5624
f 4162//5602 4163//5604 4192//5625 4189//5617
f 4189//5617 4192//5625 4193//5626 4190//5619
f 4190//5619 4193//5626 4194//5627 4191//5621
f 4191//5621 4194//5627 6372//5628 6373//5623
f 4163//5604 4164//5606 4195//5629 4192//5625
f 4192//5625 4195//5629 4196//5630 4193//5626
f 4193//5626 4196//5630 4197//5631 4194//5627
f 4194//5627 4197//5631 6371//5632 6372//5628
f 4164//5606 6627//5608 6628//5633 4195//5629
f 4195//5629 6628//5633 6629//5634 4196//5630
f 4196//5630 6629//5634 6630//5635 4197//5631
f 4197//5631 6630//5635 6798//4527 6371//5632
f 4158//5585 4165//5618 4198//5636 4168//5586
f 4168//5586 4198//5636 4199//5637 4169//5593
f 4169//5593 4199//5637 4200//5638 4170//5597
f 4170//5597 4200//5638 6055//5582 6056//5561
f 4165//5618 4166//5620 4201//5639 4198//5636
f 4198//5636 4201//5639 4202//5640 4199//5637
f 4199//5637 4202//5640 4203//5641 4200//5638
f 4200//5638 4203//5641 6054//5583 6055//5582
f 4166//5620 4167//5622 4204//5642 4201//5639
f 4201//5639 4204//5642 4205//5643 4202//5640
f 4202//5640 4205//5643 4206//5644 4203//5641
f 4203//5641 4206//5644 6053//5584 6054//5583
f 4167//5622 6374//5624 6375//5645 4204//5642
f 4204//5642 6375//5645 6376//5646 4205//5643
f 4205//5643 6376//5646 6377//5647 4206//5644
f 4206//5644 6377//5647 6799//3756 6053//5584
f 4207//5648 4217//5649 4220//5650 4208//5651
f 4208//5651 4220//5650 4221//5652 4209//5653
f 4209//5653 4221//5652 4222//5654 4210//5655
f 4210//5655 4222//5654 6354//4524 6353//4493
f 4217//5649 4218//5656 4223//5657 4220//5650
f 4220//5650 4223//5657 4224//5658 4221//5652
f 4221//5652 4224//5658 4225//5659 4222//5654
f 4222//5654 4225//5659 6355//4525 6354//4524
f 4218//5656 4219//5660 4226//5661 4223//5657
f 4223//5657 4226//5661 4227//5662 4224//5658
f 4224//5658 4227//5662 4228//5663 4225//5659
f 4225//5659 4228//5663 6356//4526 6355//4525
f 4219//5660 6374//5624 6373//5623 4226//5661
f 4226//5661 6373//5623 6372//5628 4227//5662
f 4227//5662 6372//5628 6371//5632 4228//5663
f 4228//5663 6371//5632 6798//4527 6356//4526
f 4207//5648 4208//5651 4229//5664 4211//5665
f 4211//5665 4229//5664 4230//5666 4212//5667
f 4212//5667 4230//5666 4231//5668 4213//5669
f 4213//5669 4231//5668 6148//4184 6149//4157
f 4208//5651 4209//5653 4232//5670 4229//5664
f 4229//5664 4232//5670 4233//5671 4230//5666
f 4230//5666 4233//5671 4234//5672 4231//5668
f 4231//5668 4234//5672 6147//4185 6148//4184
f 4209//5653 4210//5655 4235//5673 4232//5670
f 4232//5670 4235//5673 4236//5674 4233//5671
f 4233//5671 4236//5674 4237//5675 4234//5672
f 4234//5672 4237//5675 6146//4186 6147//4185
f 4210//5655 6353//4493 6352//4492 4235//5673
f 4235//5673 6352//4492 6351//4498 4236//5674
f 4236//5674 6351//4498 6350//4503 4237//5675
f 4237//5675 6350//4503 6777//4187 6146//4186
f 4207//5648 4211//5665 4238//5676 4214//5677
f 4214//5677 4238//5676 4239//5678 4215//5679
f 4215//5679 4239//5678 4240//5680 4216//5681
f 4216//5681 4240//5680 6359//3766 6360//3744
f 4211//5665 4212//5667 4241//5682 4238//5676
f 4238//5676 4241//5682 4242//5683 4239//5678
f 4239//5678 4242//5683 4243//5684 4240//5680
f 4240//5680 4243//5684 6358//3767 6359//3766
f 4212//5667 4213//5669 4244//5685 4241//5682
f 4241//5682 4244//5685 4245//5686 4242//5683
f 4242//5683 4245//5686 4246//5687 4243//5684
f 4243//5684 4246//5687 6357//3768 6358//3767
f 4213//5669 6149//4157 6150//4156 4244//5685
f 4244//5685 6150//4156 6151//4162 4245//5686
f 4245//5686 6151//4162 6152//4167 4246//5687
f 4246//5687 6152//4167 6768//3684 6357//3768
f 4207//5648 4214//5677 4247//5688 4217//5649
f 4217//5649 4247//5688 4248//5689 4218//5656
f 4218//5656 4248//5689 4249//5690 4219//5660
f 4219//5660 4249//5690 6375//5645 6374//5624
f 4214//5677 4215//5679 4250//5691 4247//5688
f 4247//5688 4250//5691 4251//5692 4248//5689
f 4248//5689 4251//5692 4252//5693 4249//5690
f 4249//5690 4252//5693 6376//5646 6375//5645
f 4215//5679 4216//5681 4253//5694 4250//5691
f 4250//5691 4253//5694 4254//5695 4251//5692
f 4251//5692 4254//5695 4255//5696 4252//5693
f 4252//5693 4255//5696 6377//5647 6376//5646
f 4216//5681 6360//3744 6361//3743 4253//5694
f 4253//5694 6361//3743 6362//3748 4254//5695
f 4254//5695 6362//3748 6363//3752 4255//5696
f 4255//5696 6363//3752 6799//3756 6377//5647
f 4256//5697 4258//5698 6694//5483 6693//5462
f 4257//5699 4260//5700 4261//5701 4258//5698
f 4258//5698 4261//5701 6695//5484 6694//5483
f 4259//5702 4262//5703 4263//5704 4260//5700
f 4260//5700 4263//5704 4264//5705 4261//5701
f 4261//5701 4264//5705 6696//5485 6695//5484
f 4262//5703 6335//5706 6336//5707 4263//5704
f 4263//5704 6336//5707 6337//5708 4264//5705
f 4264//5705 6337//5708 6795//5486 6696//5485
f 4279//5709 4284//5710 4285//5711 4280//5712
f 4280//5712 4285//5711 6684//5390 6683//5367
f 4283//5713 4286//5714 4287//5715 4284//5710
f 4284//5710 4287//5715 4288//5716 4285//5711
f 4285//5711 4288//5716 6685//5391 6684//5390
f 4281//5717 4282//5718 4289//5719 4286//5714
f 4286//5714 4289//5719 4290//5720 4287//5715
f 4287//5715 4290//5720 4291//5721 4288//5716
f 4288//5716 4291//5721 6686//5392 6685//5391
f 4282//5718 6690//5444 6689//5443 4289//5719
f 4289//5719 6689//5443 6688//5449 4290//5720
f 4290//5720 6688//5449 6687//5454 4291//5721
f 4291//5721 6687//5454 6793//5187 6686//5392
f 4282//5718 4292//5722 6691//5466 6690//5444
f 4293//5723 4300//5724 4303//5725 4294//5726
f 4294//5726 4303//5725 4304//5727 4295//5728
f 4295//5728 4304//5727 4305//5729 4296//5730
f 4296//5730 4305//5729 6643//5328 6642//5307
f 4300//5724 4301//5731 4306//5732 4303//5725
f 4303//5725 4306//5732 4307//5733 4304//5727
f 4304//5727 4307//5733 4308//5734 4305//5729
f 4305//5729 4308//5734 6644//5329 6643//5328
f 4301//5731 4302//5735 4309//5736 4306//5732
f 4306//5732 4309//5736 4310//5737 4307//5733
f 4307//5733 4310//5737 4311//5738 4308//5734
f 4308//5734 4311//5738 6645//5330 6644//5329
f 4302//5735 6649//4829 6648//4828 4309//5736
f 4309//5736 6648//4828 6647//4834 4310//5737
f 4310//5737 6647//4834 6646//4839 4311//5738
f 4311//5738 6646//4839 6782//4379 6645//5330
f 4293//5723 4294//5726 4312//5739 4297//5740
f 4297//5740 4312//5739 4313//5741 4298//5742
f 4298//5742 4313//5741 4314//5743 4299//5744
f 4299//5744 4314//5743 6580//5745 6581//5746
f 4294//5726 4295//5728 4315//5747 4312//5739
f 4312//5739 4315//5747 4316//5748 4313//5741
f 4313//5741 4316//5748 4317//5749 4314//5743
f 4314//5743 4317//5749 6579//5750 6580//5745
f 4295//5728 4296//5730 4318//5751 4315//5747
f 4315//5747 4318//5751 4319//5752 4316//5748
f 4316//5748 4319//5752 4320//5753 4317//5749
f 4317//5749 4320//5753 6578//5754 6579//5750
f 4296//5730 6642//5307 6641//5306 4318//5751
f 4318//5751 6641//5306 6640//5311 4319//5752
f 4319//5752 6640//5311 6639//5315 4320//5753
f 4320//5753 6639//5315 6816//4563 6578//5754
f 4293//5723 4297//5740 4321//5755 4300//5724
f 4300//5724 4321//5755 4322//5756 4301//5731
f 4301//5731 4322//5756 4323//5757 4302//5735
f 4302//5735 4323//5757 6650//4856 6649//4829
f 4297//5740 4298//5742 4324//5758 4321//5755
f 4321//5755 4324//5758 4325//5759 4322//5756
f 4322//5756 4325//5759 4326//5760 4323//5757
f 4323//5757 4326//5760 6651//4857 6650//4856
f 4298//5742 4299//5744 4327//5761 4324//5758
f 4324//5758 4327//5761 4328//5762 4325//5759
f 4325//5759 4328//5762 4329//5763 4326//5760
f 4326//5760 4329//5763 6652//4858 6651//4857
f 4299//5744 6581//5746 6582//5764 4327//5761
f 4327//5761 6582//5764 6583//5765 4328//5762
f 4328//5762 6583//5765 6584//5766 4329//5763
f 4329//5763 6584//5766 6817//4859 6652//4858
f 4330//5767 6638//5768 6818//5769 6592//5770
f 4331//5771 4336//5772 4339//5773 4332//5774
f 4332//5774 4339//5773 4340//5775 4333//5776
f 4333//5776 4340//5775 4341//5777 4334//5778
f 4334//5778 4341//5777 6669//5779 6670//5780
f 4336//5772 4337//5781 4342//5782 4339//5773
f 4339//5773 4342//5782 4343//5783 4340//5775
f 4340//5775 4343//5783 4344//5784 4341//5777
f 4341//5777 4344//5784 6668//5785 6669//5779
f 4337//5781 4338//5786 4345//5787 4342//5782
f 4342//5782 4345//5787 4346//5788 4343//5783
f 4343//5783 4346//5788 4347//5789 4344//5784
f 4344//5784 4347//5789 6667//5790 6668//5785
f 4338//5786 6677//5349 6676//5348 4345//5787
f 4345//5787 6676//5348 6675//5354 4346//5788
f 4346//5788 6675//5354 6674//5359 4347//5789
f 4347//5789 6674//5359 6790//5059 6667//5790
f 4331//5771 4332//5774 4348//5791 4335//5792
f 4332//5774 4333//5776 4349//5793 4348//5791
f 4333//5776 4334//5778 4351//5794 4349//5793
f 4349//5793 4351//5794 4352//5795 4350//5796
f 4334//5778 6670//5780 6671//5797 4351//5794
f 4351//5794 6671//5797 6672//5798 4352//5795
f 4331//5771 4335//5792 4353//5799 4336//5772
f 4336//5772 4353//5799 4354//5800 4337//5781
f 4337//5781 4354//5800 4355//5801 4338//5786
f 4338//5786 4355//5801 6678//5375 6677//5349
f 4353//5799 4356//5802 4357//5803 4354//5800
f 4354//5800 4357//5803 4358//5804 4355//5801
f 4355//5801 4358//5804 6679//5376 6678//5375
f 4358//5804 4359//5805 6680//5377 6679//5376
f 4360//5806 4370//5807 4373//5808 4361//5809
f 4361//5809 4373//5808 4374//5810 4362//5811
f 4362//5811 4374//5810 4375//5812 4363//5813
f 4363//5813 4375//5812 6557//5814 6558//5815
f 4370//5807 4371//5816 4376//5817 4373//5808
f 4373//5808 4376//5817 4377//5818 4374//5810
f 4374//5810 4377//5818 4378//5819 4375//5812
f 4375//5812 4378//5819 6556//5820 6557//5814
f 4371//5816 4372//5821 4379//5822 4376//5817
f 4376//5817 4379//5822 4380//5823 4377//5818
f 4377//5818 4380//5823 4381//5824 4378//5819
f 4378//5819 4381//5824 6555//5825 6556//5820
f 4372//5821 6663//4847 6662//4846 4379//5822
f 4379//5822 6662//4846 6661//4851 4380//5823
f 4380//5823 6661//4851 6660//4855 4381//5824
f 4381//5824 6660//4855 6817//4859 6555//5825
f 4360//5806 4361//5809 4382//5826 4364//5827
f 4364//5827 4382//5826 4383//5828 4365//5829
f 4365//5829 4383//5828 4384//5830 4366//5831
f 4366//5831 4384//5830 6671//5797 6670//5780
f 4361//5809 4362//5811 4385//5832 4382//5826
f 4382//5826 4385//5832 4386//5833 4383//5828
f 4383//5828 4386//5833 4387//5834 4384//5830
f 4384//5830 4387//5834 6672//5798 6671//5797
f 4362//5811 4363//5813 4388//5835 4385//5832
f 4385//5832 4388//5835 4389//5836 4386//5833
f 4386//5833 4389//5836 4390//5837 4387//5834
f 4387//5834 4390//5837 6673//5838 6672//5798
f 4363//5813 6558//5815 6559//5839 4388//5835
f 4388//5835 6559//5839 6560//5840 4389//5836
f 4360//5806 4364//5827 4391//5841 4367//5842
f 4367//5842 4391//5841 4392//5843 4368//5844
f 4368//5844 4392//5843 4393//5845 4369//5846
f 4369//5846 4393//5845 6276//5056 6275//5029
f 4364//5827 4365//5829 4394//5847 4391//5841
f 4391//5841 4394//5847 4395//5848 4392//5843
f 4392//5843 4395//5848 4396//5849 4393//5845
f 4393//5845 4396//5849 6277//5057 6276//5056
f 4365//5829 4366//5831 4397//5850 4394//5847
f 4394//5847 4397//5850 4398//5851 4395//5848
f 4395//5848 4398//5851 4399//5852 4396//5849
f 4396//5849 4399//5852 6278//5058 6277//5057
f 4366//5831 6670//5780 6669//5779 4397//5850
f 4397//5850 6669//5779 6668//5785 4398//5851
f 4398//5851 6668//5785 6667//5790 4399//5852
f 4399//5852 6667//5790 6790//5059 6278//5058
f 4360//5806 4367//5842 4400//5853 4370//5807
f 4370//5807 4400//5853 4401//5854 4371//5816
f 4371//5816 4401//5854 4402//5855 4372//5821
f 4372//5821 4402//5855 6664//4872 6663//4847
f 4367//5842 4368//5844 4403//5856 4400//5853
f 4400//5853 4403//5856 4404//5857 4401//5854
f 4401//5854 4404//5857 4405//5858 4402//5855
f 4402//5855 4405//5858 6665//4873 6664//4872
f 4368//5844 4369//5846 4406//5859 4403//5856
f 4403//5856 4406//5859 4407//5860 4404//5857
f 4404//5857 4407//5860 4408//5861 4405//5858
f 4405//5858 4408//5861 6666//4874 6665//4873
f 4369//5846 6275//5029 6274//5028 4406//5859
f 4406//5859 6274//5028 6273//5034 4407//5860
f 4407//5860 6273//5034 6272//5039 4408//5861
f 4408//5861 6272//5039 6786//4795 6666//4874
f 4410//5862 6575//5863 6576//5864 4411//5865
f 4411//5865 6576//5864 6577//5866 4412//5867
f 4412//5867 6577//5866 6818//5769 6638//5768
f 4413//5868 4426//5869 4429//5870 4414//5871
f 4414//5871 4429//5870 4430//5872 4415//5873
f 4415//5873 4430//5872 4431//5874 4416//5875
f 4426//5869 4427//5876 4432//5877 4429//5870
f 4429//5870 4432//5877 4433//5878 4430//5872
f 4430//5872 4433//5878 4434//5879 4431//5874
f 4431//5874 4434//5879 6341//5880 6340//5881
f 4427//5876 4428//5882 4435//5883 4432//5877
f 4432//5877 4435//5883 4436//5884 4433//5878
f 4433//5878 4436//5884 4437//5885 4434//5879
f 4434//5879 4437//5885 6342//5886 6341//5880
f 4428//5882 6604//5887 6605//5888 4435//5883
f 4435//5883 6605//5888 6606//5889 4436//5884
f 4436//5884 6606//5889 6607//5890 4437//5885
f 4437//5885 6607//5890 6771//5891 6342//5886
f 4413//5868 4414//5871 4438//5892 4417//5893
f 4417//5893 4438//5892 4439//5894 4418//5895
f 4418//5895 4439//5894 4440//5896 4419//5897
f 4414//5871 4415//5873 4441//5898 4438//5892
f 4438//5892 4441//5898 4442//5899 4439//5894
f 4413//5868 4417//5893 4443//5900 4420//5901
f 4420//5901 4443//5900 4444//5902 4421//5903
f 4421//5903 4444//5902 4445//5904 4422//5905
f 4417//5893 4418//5895 4446//5906 4443//5900
f 4418//5895 4419//5897 4447//5907 4446//5906
f 4413//5868 4420//5901 4448//5908 4423//5909
f 4423//5909 4448//5908 4449//5910 4424//5911
f 4424//5911 4449//5910 4450//5912 4425//5913
f 4420//5901 4421//5903 4451//5914 4448//5908
f 4448//5908 4451//5914 4452//5915 4449//5910
f 4449//5910 4452//5915 4453//5916 4450//5912
f 4421//5903 4422//5905 4454//5917 4451//5914
f 4451//5914 4454//5917 4455//5918 4452//5915
f 4422//5905 6623//5919 6622//5920 4454//5917
f 4454//5917 6622//5920 6621//5511 4455//5918
f 4413//5868 4423//5909 4456//5921 4426//5869
f 4426//5869 4456//5921 4457//5922 4427//5876
f 4427//5876 4457//5922 4458//5923 4428//5882
f 4428//5882 4458//5923 6603//5924 6604//5887
f 4423//5909 4424//5911 4459//5925 4456//5921
f 4456//5921 4459//5925 4460//5926 4457//5922
f 4457//5922 4460//5926 4461//5927 4458//5923
f 4458//5923 4461//5927 6602//5928 6603//5924
f 4424//5911 4425//5913 4462//5929 4459//5925
f 4461//5927 4463//5930 6601//5931 6602//5928
f 4464//5932 4471//5933 4474//5934 4465//5935
f 4465//5935 4474//5934 4475//5936 4466//5937
f 4466//5937 4475//5936 4476//5938 4467//5939
f 4467//5939 4476//5938 6628//5633 6627//5608
f 4471//5933 4472//5940 4477//5941 4474//5934
f 4474//5934 4477//5941 4478//5942 4475//5936
f 4475//5936 4478//5942 4479//5943 4476//5938
f 4476//5938 4479//5943 6629//5634 6628//5633
f 4472//5940 4473//5944 4480//5945 4477//5941
f 4477//5941 4480//5945 4481//5946 4478//5942
f 4478//5942 4481//5946 4482//5947 4479//5943
f 4479//5943 4482//5947 6630//5635 6629//5634
f 4473//5944 6634//4515 6633//4514 4480//5945
f 4480//5945 6633//4514 6632//4519 4481//5946
f 4481//5946 6632//4519 6631//4523 4482//5947
f 4482//5947 6631//4523 6798//4527 6630//5635
f 4464//5932 4465//5935 4483//5948 4468//5949
f 4468//5949 4483//5948 4484//5950 4469//5951
f 4469//5951 4484//5950 4485//5952 4470//5953
f 4470//5953 4485//5952 6587//5954 6588//5955
f 4465//5935 4466//5937 4486//5956 4483//5948
f 4483//5948 4486//5956 4487//5957 4484//5950
f 4484//5950 4487//5957 4488//5958 4485//5952
f 4485//5952 4488//5958 6586//5959 6587//5954
f 4466//5937 4467//5939 4489//5960 4486//5956
f 4486//5956 4489//5960 4490//5961 4487//5957
f 4487//5957 4490//5961 4491//5962 4488//5958
f 4488//5958 4491//5962 6585//5963 6586//5959
f 4467//5939 6627//5608 6626//5607 4489//5960
f 4489//5960 6626//5607 6625//5612 4490//5961
f 4490//5961 6625//5612 6624//5616 4491//5962
f 4491//5962 6624//5616 6813//3833 6585//5963
f 4464//5932 4468//5949 4492//5964 4471//5933
f 4471//5933 4492//5964 4493//5965 4472//5940
f 4472//5940 4493//5965 4494//5966 4473//5944
f 4473//5944 4494//5966 6635//4544 6634//4515
f 4468//5949 4469//5951 4495//5967 4492//5964
f 4492//5964 4495//5967 4496//5968 4493//5965
f 4493//5965 4496//5968 4497//5969 4494//5966
f 4494//5966 4497//5969 6636//4545 6635//4544
f 4469//5951 4470//5953 4498//5970 4495//5967
f 4495//5967 4498//5970 4499//5971 4496//5968
f 4496//5968 4499//5971 4500//5972 4497//5969
f 4497//5969 4500//5972 6637//4546 6636//4545
f 4470//5953 6588//5955 6589//5973 4498//5970
f 4498//5970 6589//5973 6590//5974 4499//5971
f 4499//5971 6590//5974 6591//5975 4500//5972
f 4500//5972 6591//5975 6819//4547 6637//4546
f 4501//5976 4502//5977 4507//5978 4504//5979
f 4504//5979 4507//5978 4508//5980 4505//5981
f 4505//5981 4508//5980 4509//5982 4506//5983
f 4506//5983 4509//5982 6336//5707 6335//5706
f 4502//5977 4503//5984 4510//5985 4507//5978
f 4507//5978 4510//5985 4511//5986 4508//5980
f 4508//5980 4511//5986 4512//5987 4509//5982
f 4509//5982 4512//5987 6337//5708 6336//5707
f 4503//5984 6445//5988 6444//5989 4510//5985
f 4510//5985 6444//5989 6443//5990 4511//5986
f 4511//5986 6443//5990 6442//5991 4512//5987
f 4512//5987 6442//5991 6795//5486 6337//5708
f 4501//5976 4513//5992 4514//5993 4502//5977
f 4502//5977 4514//5993 4515//5994 4503//5984
f 4503//5984 4515//5994 6446//5995 6445//5988
f 4513//5992 4516//5996 4517//5997 4514//5993
f 4514//5993 4517//5997 4518//5998 4515//5994
f 4515//5994 4518//5998 6447//5999 6446//5995
f 4516//5996 4519//6000 4520//6001 4517//5997
f 4517//5997 4520//6001 4521//6002 4518//5998
f 4518//5998 4521//6002 6448//6003 6447//5999
f 4519//6000 6451//5414 6450//5413 4520//6001
f 4520//6001 6450//5413 6449//5419 4521//6002
f 4521//6002 6449//5419 6809//5259 6448//6003
f 4522//6004 4532//6005 4535//6006 4523//6007
f 4523//6007 4535//6006 4536//6008 4524//6009
f 4524//6009 4536//6008 4537//6010 4525//6011
f 4525//6011 4537//6010 6332//5496 6331//5474
f 4532//6005 4533//6012 4538//6013 4535//6006
f 4535//6006 4538//6013 4539//6014 4536//6008
f 4536//6008 4539//6014 4540//6015 4537//6010
f 4537//6010 4540//6015 6333//5497 6332//5496
f 4533//6012 4534//6016 4541//6017 4538//6013
f 4538//6013 4541//6017 4542//6018 4539//6014
f 4539//6014 4542//6018 4543//6019 4540//6015
f 4540//6015 4543//6019 6334//5498 6333//5497
f 4534//6016 6438//6020 6437//6021 4541//6017
f 4541//6017 6437//6021 6436//6022 4542//6018
f 4542//6018 6436//6022 6435//6023 4543//6019
f 4543//6019 6435//6023 6792//5207 6334//5498
f 4522//6004 4523//6007 4544//6024 4526//6025
f 4526//6025 4544//6024 4545//6026 4527//6027
f 4527//6027 4545//6026 4546//6028 4528//6029
f 4528//6029 4546//6028 6444//5989 6445//5988
f 4523//6007 4524//6009 4547//6030 4544//6024
f 4544//6024 4547//6030 4548//6031 4545//6026
f 4545//6026 4548//6031 4549//6032 4546//6028
f 4546//6028 4549//6032 6443//5990 6444//5989
f 4524//6009 4525//6011 4550//6033 4547//6030
f 4547//6030 4550//6033 4551//6034 4548//6031
f 4548//6031 4551//6034 4552//6035 4549//6032
f 4549//6032 4552//6035 6442//5991 6443//5990
f 4525//6011 6331//5474 6330//5473 4550//6033
f 4550//6033 6330//5473 6329//5478 4551//6034
f 4551//6034 6329//5478 6328//5482 4552//6035
f 4552//6035 6328//5482 6795//5486 6442//5991
f 4522//6004 4526//6025 4553//6036 4529//6037
f 4529//6037 4553//6036 4554//6038 4530//6039
f 4530//6039 4554//6038 4555//6040 4531//6041
f 4531//6041 4555//6040 6456//5256 6455//5229
f 4526//6025 4527//6027 4556//6042 4553//6036
f 4553//6036 4556//6042 4557//6043 4554//6038
f 4554//6038 4557//6043 4558//6044 4555//6040
f 4555//6040 4558//6044 6457//5257 6456//5256
f 4527//6027 4528//6029 4559//6045 4556//6042
f 4556//6042 4559//6045 4560//6046 4557//6043
f 4557//6043 4560//6046 4561//6047 4558//6044
f 4558//6044 4561//6047 6458//5258 6457//5257
f 4528//6029 6445//5988 6446//5995 4559//6045
f 4559//6045 6446//5995 6447//5999 4560//6046
f 4560//6046 6447//5999 6448//6003 4561//6047
f 4561//6047 6448//6003 6809//5259 6458//5258
f 4522//6004 4529//6037 4562//6048 4532//6005
f 4532//6005 4562//6048 4563//6049 4533//6012
f 4533//6012 4563//6049 4564//6050 4534//6016
f 4534//6016 4564//6050 6439//6051 6438//6020
f 4529//6037 4530//6039 4565//6052 4562//6048
f 4562//6048 4565//6052 4566//6053 4563//6049
f 4563//6049 4566//6053 4567//6054 4564//6050
f 4564//6050 4567//6054 6440//6055 6439//6051
f 4530//6039 4531//6041 4568//6056 4565//6052
f 4565//6052 4568//6056 4569//6057 4566//6053
f 4566//6053 4569//6057 4570//6058 4567//6054
f 4567//6054 4570//6058 6441//6059 6440//6055
f 4531//6041 6455//5229 6454//5228 4568//6056
f 4568//6056 6454//5228 6453//5234 4569//6057
f 4569//6057 6453//5234 6452//5239 4570//6058
f 4570//6058 6452//5239 6808//5123 6441//6059
f 4571//6060 4581//6061 4584//6062 4572//6063
f 4572//6063 4584//6062 4585//6064 4573//6065
f 4573//6065 4585//6064 4586//6066 4574//6067
f 4574//6067 4586//6066 6311//5217 6310//5195
f 4581//6061 4582//6068 4587//6069 4584//6062
f 4584//6062 4587//6069 4588//6070 4585//6064
f 4585//6064 4588//6070 4589//6071 4586//6066
f 4586//6066 4589//6071 6312//5218 6311//5217
f 4582//6068 4583//6072 4590//6073 4587//6069
f 4587//6069 4590//6073 4591//6074 4588//6070
f 4588//6070 4591//6074 4592//6075 4589//6071
f 4589//6071 4592//6075 6313//5219 6312//5218
f 4583//6072 6431//6076 6430//6077 4590//6073
f 4590//6073 6430//6077 6429//6078 4591//6074
f 4591//6074 6429//6078 6428//6079 4592//6075
f 4592//6075 6428//6079 6788//4943 6313//5219
f 4571//6060 4572//6063 4593//6080 4575//6081
f 4575//6081 4593//6080 4594//6082 4576//6083
f 4576//6083 4594//6082 4595//6084 4577//6085
f 4577//6085 4595//6084 6437//6021 6438//6020
f 4572//6063 4573//6065 4596//6086 4593//6080
f 4593//6080 4596//6086 4597//6087 4594//6082
f 4594//6082 4597//6087 4598//6088 4595//6084
f 4595//6084 4598//6088 6436//6022 6437//6021
f 4573//6065 4574//6067 4599//6089 4596//6086
f 4596//6086 4599//6089 4600//6090 4597//6087
f 4597//6087 4600//6090 4601//6091 4598//6088
f 4598//6088 4601//6091 6435//6023 6436//6022
f 4574//6067 6310//5195 6309//5194 4599//6089
f 4599//6089 6309//5194 6308//5199 4600//6090
f 4600//6090 6308//5199 6307//5203 4601//6091
f 4601//6091 6307//5203 6792//5207 6435//6023
f 4571//6060 4575//6081 4602//6092 4578//6093
f 4578//6093 4602//6092 4603//6094 4579//6095
f 4579//6095 4603//6094 4604//6096 4580//6097
f 4580//6097 4604//6096 6463//5120 6462//5093
f 4575//6081 4576//6083 4605//6098 4602//6092
f 4602//6092 4605//6098 4606//6099 4603//6094
f 4603//6094 4606//6099 4607//6100 4604//6096
f 4604//6096 4607//6100 6464//5121 6463//5120
f 4576//6083 4577//6085 4608//6101 4605//6098
f 4605//6098 4608//6101 4609//6102 4606//6099
f 4606//6099 4609//6102 4610//6103 4607//6100
f 4607//6100 4610//6103 6465//5122 6464//5121
f 4577//6085 6438//6020 6439//6051 4608//6101
f 4608//6101 6439//6051 6440//6055 4609//6102
f 4609//6102 6440//6055 6441//6059 4610//6103
f 4610//6103 6441//6059 6808//5123 6465//5122
f 4571//6060 4578//6093 4611//6104 4581//6061
f 4581//6061 4611//6104 4612//6105 4582//6068
f 4582//6068 4612//6105 4613//6106 4583//6072
f 4583//6072 4613//6106 6432//6107 6431//6076
f 4578//6093 4579//6095 4614//6108 4611//6104
f 4611//6104 4614//6108 4615//6109 4612//6105
f 4612//6105 4615//6109 4616//6110 4613//6106
f 4613//6106 4616//6110 6433//6111 6432//6107
f 4579//6095 4580//6097 4617//6112 4614//6108
f 4614//6108 4617//6112 4618//6113 4615//6109
f 4615//6109 4618//6113 4619//6114 4616//6110
f 4616//6110 4619//6114 6434//6115 6433//6111
f 4580//6097 6462//5093 6461//5092 4617//6112
f 4617//6112 6461//5092 6460//5098 4618//6113
f 4618//6113 6460//5098 6459//5103 4619//6114
f 4619//6114 6459//5103 6807//4995 6434//6115
f 4620//6116 4630//6117 4633//6118 4621//6119
f 4621//6119 4633//6118 4634//6120 4622//6121
f 4622//6121 4634//6120 4635//6122 4623//6123
f 4623//6123 4635//6122 6281//4953 6282//4931
f 4630//6117 4631//6124 4636//6125 4633//6118
f 4633//6118 4636//6125 4637//6126 4634//6120
f 4634//6120 4637//6126 4638//6127 4635//6122
f 4635//6122 4638//6127 6280//4954 6281//4953
f 4631//6124 4632//6128 4639//6129 4636//6125
f 4636//6125 4639//6129 4640//6130 4637//6126
f 4637//6126 4640//6130 4641//6131 4638//6127
f 4638//6127 4641//6131 6279//4955 6280//4954
f 4632//6128 6424//6132 6423//6133 4639//6129
f 4639//6129 6423//6133 6422//6134 4640//6130
f 4640//6130 6422//6134 6421//6135 4641//6131
f 4641//6131 6421//6135 6784//4743 6279//4955
f 4620//6116 4621//6119 4642//6136 4624//6137
f 4624//6137 4642//6136 4643//6138 4625//6139
f 4625//6139 4643//6138 4644//6140 4626//6141
f 4626//6141 4644//6140 6430//6077 6431//6076
f 4621//6119 4622//6121 4645//6142 4642//6136
f 4642//6136 4645//6142 4646//6143 4643//6138
f 4643//6138 4646//6143 4647//6144 4644//6140
f 4644//6140 4647//6144 6429//6078 6430//6077
f 4622//6121 4623//6123 4648//6145 4645//6142
f 4645//6142 4648//6145 4649//6146 4646//6143
f 4646//6143 4649//6146 4650//6147 4647//6144
f 4647//6144 4650//6147 6428//6079 6429//6078
f 4623//6123 6282//4931 6283//4930 4648//6145
f 4648//6145 6283//4930 6284//4935 4649//6146
f 4649//6146 6284//4935 6285//4939 4650//6147
f 4650//6147 6285//4939 6788//4943 6428//6079
f 4620//6116 4624//6137 4651//6148 4627//6149
f 4627//6149 4651//6148 4652//6150 4628//6151
f 4628//6151 4652//6150 4653//6152 4629//6153
f 4629//6153 4653//6152 6470//4992 6469//4965
f 4624//6137 4625//6139 4654//6154 4651//6148
f 4651//6148 4654//6154 4655//6155 4652//6150
f 4652//6150 4655//6155 4656//6156 4653//6152
f 4653//6152 4656//6156 6471//4993 6470//4992
f 4625//6139 4626//6141 4657//6157 4654//6154
f 4654//6154 4657//6157 4658//6158 4655//6155
f 4655//6155 4658//6158 4659//6159 4656//6156
f 4656//6156 4659//6159 6472//4994 6471//4993
f 4626//6141 6431//6076 6432//6107 4657//6157
f 4657//6157 6432//6107 6433//6111 4658//6158
f 4658//6158 6433//6111 6434//6115 4659//6159
f 4659//6159 6434//6115 6807//4995 6472//4994
f 4620//6116 4627//6149 4660//6160 4630//6117
f 4630//6117 4660//6160 4661//6161 4631//6124
f 4631//6124 4661//6161 4662//6162 4632//6128
f 4632//6128 4662//6162 6425//6163 6424//6132
f 4627//6149 4628//6151 4663//6164 4660//6160
f 4660//6160 4663//6164 4664//6165 4661//6161
f 4661//6161 4664//6165 4665//6166 4662//6162
f 4662//6162 4665//6166 6426//6167 6425//6163
f 4628//6151 4629//6153 4666//6168 4663//6164
f 4663//6164 4666//6168 4667//6169 4664//6165
f 4664//6165 4667//6169 4668//6170 4665//6166
f 4665//6166 4668//6170 6427//6171 6426//6167
f 4629//6153 6469//4965 6468//4964 4666//6168
f 4666//6168 6468//4964 6467//4970 4667//6169
f 4667//6169 6467//4970 6466//4975 4668//6170
f 4668//6170 6466//4975 6806//4659 6427//6171
f 4669//6172 4679//6173 4682//6174 4670//6175
f 4670//6175 4682//6174 4683//6176 4671//6177
f 4671//6177 4683//6176 4684//6178 4672//6179
f 4672//6179 4684//6178 6234//4753 6233//4731
f 4679//6173 4680//6180 4685//6181 4682//6174
f 4682//6174 4685//6181 4686//6182 4683//6176
f 4683//6176 4686//6182 4687//6183 4684//6178
f 4684//6178 4687//6183 6235//4754 6234//4753
f 4680//6180 4681//6184 4688//6185 4685//6181
f 4685//6181 4688//6185 4689//6186 4686//6182
f 4686//6182 4689//6186 4690//6187 4687//6183
f 4687//6183 4690//6187 6236//4755 6235//4754
f 4681//6184 6417//6188 6416//6189 4688//6185
f 4688//6185 6416//6189 6415//6190 4689//6186
f 4689//6186 6415//6190 6414//6191 4690//6187
f 4690//6187 6414//6191 6779//4471 6236//4755
f 4669//6172 4670//6175 4691//6192 4673//6193
f 4673//6193 4691//6192 4692//6194 4674//6195
f 4674//6195 4692//6194 4693//6196 4675//6197
f 4675//6197 4693//6196 6423//6133 6424//6132
f 4670//6175 4671//6177 4694//6198 4691//6192
f 4691//6192 4694//6198 4695//6199 4692//6194
f 4692//6194 4695//6199 4696//6200 4693//6196
f 4693//6196 4696//6200 6422//6134 6423//6133
f 4671//6177 4672//6179 4697//6201 4694//6198
f 4694//6198 4697//6201 4698//6202 4695//6199
f 4695//6199 4698//6202 4699//6203 4696//6200
f 4696//6200 4699//6203 6421//6135 6422//6134
f 4672//6179 6233//4731 6232//4730 4697//6201
f 4697//6201 6232//4730 6231//4735 4698//6202
f 4698//6202 6231//4735 6230//4739 4699//6203
f 4699//6203 6230//4739 6784//4743 6421//6135
f 4669//6172 4673//6193 4700//6204 4676//6205
f 4676//6205 4700//6204 4701//6206 4677//6207
f 4677//6207 4701//6206 4702//6208 4678//6209
f 4678//6209 4702//6208 6477//4656 6476//4629
f 4673//6193 4674//6195 4703//6210 4700//6204
f 4700//6204 4703//6210 4704//6211 4701//6206
f 4701//6206 4704//6211 4705//6212 4702//6208
f 4702//6208 4705//6212 6478//4657 6477//4656
f 4674//6195 4675//6197 4706//6213 4703//6210
f 4703//6210 4706//6213 4707//6214 4704//6211
f 4704//6211 4707//6214 4708//6215 4705//6212
f 4705//6212 4708//6215 6479//4658 6478//4657
f 4675//6197 6424//6132 6425//6163 4706//6213
f 4706//6213 6425//6163 6426//6167 4707//6214
f 4707//6214 6426//6167 6427//6171 4708//6215
f 4708//6215 6427//6171 6806//4659 6479//4658
f 4669//6172 4676//6205 4709//6216 4679//6173
f 4679//6173 4709//6216 4710//6217 4680//6180
f 4680//6180 4710//6217 4711//6218 4681//6184
f 4681//6184 4711//6218 6418//6219 6417//6188
f 4676//6205 4677//6207 4712//6220 4709//6216
f 4709//6216 4712//6220 4713//6221 4710//6217
f 4710//6217 4713//6221 4714//6222 4711//6218
f 4711//6218 4714//6222 6419//6223 6418//6219
f 4677//6207 4678//6209 4715//6224 4712//6220
f 4712//6220 4715//6224 4716//6225 4713//6221
f 4713//6221 4716//6225 4717//6226 4714//6222
f 4714//6222 4717//6226 6420//6227 6419//6223
f 4678//6209 6476//4629 6475//4628 4715//6224
f 4715//6224 6475//4628 6474//4634 4716//6225
f 4716//6225 6474//4634 6473//4639 4717//6226
f 4717//6226 6473//4639 6805//4315 6420//6227
f 4718//6228 4728//6229 4731//6230 4719//6231
f 4719//6231 4731//6230 4732//6232 4720//6233
f 4720//6233 4732//6232 4733//6234 4721//6235
f 4721//6235 4733//6234 6185//4481 6184//4459
f 4728//6229 4729//6236 4734//6237 4731//6230
f 4731//6230 4734//6237 4735//6238 4732//6232
f 4732//6232 4735//6238 4736//6239 4733//6234
f 4733//6234 4736//6239 6186//4482 6185//4481
f 4729//6236 4730//6240 4737//6241 4734//6237
f 4734//6237 4737//6241 4738//6242 4735//6238
f 4735//6238 4738//6242 4739//6243 4736//6239
f 4736//6239 4739//6243 6187//4483 6186//4482
f 4730//6240 6410//6244 6409//6245 4737//6241
f 4737//6241 6409//6245 6408//6246 4738//6242
f 4738//6242 6408//6246 6407//6247 4739//6243
f 4739//6243 6407//6247 6773//4135 6187//4483
f 4718//6228 4719//6231 4740//6248 4722//6249
f 4722//6249 4740//6248 4741//6250 4723//6251
f 4723//6251 4741//6250 4742//6252 4724//6253
f 4724//6253 4742//6252 6416//6189 6417//6188
f 4719//6231 4720//6233 4743//6254 4740//6248
f 4740//6248 4743//6254 4744//6255 4741//6250
f 4741//6250 4744//6255 4745//6256 4742//6252
f 4742//6252 4745//6256 6415//6190 6416//6189
f 4720//6233 4721//6235 4746//6257 4743//6254
f 4743//6254 4746//6257 4747//6258 4744//6255
f 4744//6255 4747//6258 4748//6259 4745//6256
f 4745//6256 4748//6259 6414//6191 6415//6190
f 4721//6235 6184//4459 6183//4458 4746//6257
f 4746//6257 6183//4458 6182//4463 4747//6258
f 4747//6258 6182//4463 6181//4467 4748//6259
f 4748//6259 6181//4467 6779//4471 6414//6191
f 4718//6228 4722//6249 4749//6260 4725//6261
f 4725//6261 4749//6260 4750//6262 4726//6263
f 4726//6263 4750//6262 4751//6264 4727//6265
f 4727//6265 4751//6264 6484//4312 6483//4285
f 4722//6249 4723//6251 4752//6266 4749//6260
f 4749//6260 4752//6266 4753//6267 4750//6262
f 4750//6262 4753//6267 4754//6268 4751//6264
f 4751//6264 4754//6268 6485//4313 6484//4312
f 4723//6251 4724//6253 4755//6269 4752//6266
f 4752//6266 4755//6269 4756//6270 4753//6267
f 4753//6267 4756//6270 4757//6271 4754//6268
f 4754//6268 4757//6271 6486//4314 6485//4313
f 4724//6253 6417//6188 6418//6219 4755//6269
f 4755//6269 6418//6219 6419//6223 4756//6270
f 4756//6270 6419//6223 6420//6227 4757//6271
f 4757//6271 6420//6227 6805//4315 6486//4314
f 4718//6228 4725//6261 4758//6272 4728//6229
f 4728//6229 4758//6272 4759//6273 4729//6236
f 4729//6236 4759//6273 4760//6274 4730//6240
f 4730//6240 4760//6274 6411//6275 6410//6244
f 4725//6261 4726//6263 4761//6276 4758//6272
f 4758//6272 4761//6276 4762//6277 4759//6273
f 4759//6273 4762//6277 4763//6278 4760//6274
f 4760//6274 4763//6278 6412//6279 6411//6275
f 4726//6263 4727//6265 4764//6280 4761//6276
f 4761//6276 4764//6280 4765//6281 4762//6277
f 4762//6277 4765//6281 4766//6282 4763//6278
f 4763//6278 4766//6282 6413//6283 6412//6279
f 4727//6265 6483//4285 6482//4284 4764//6280
f 4764//6280 6482//4284 6481//4290 4765//6281
f 4765//6281 6481//4290 6480//4295 4766//6282
f 4766//6282 6480//4295 6804//3953 6413//6283
f 4767//6284 4777//6285 4780//6286 4768//6287
f 4768//6287 4780//6286 4781//6288 4769//6289
f 4769//6289 4781//6288 4782//6290 4770//6291
f 4770//6291 4782//6290 6120//4145 6119//4123
f 4777//6285 4778//6292 4783//6293 4780//6286
f 4780//6286 4783//6293 4784//6294 4781//6288
f 4781//6288 4784//6294 4785//6295 4782//6290
f 4782//6290 4785//6295 6121//4146 6120//4145
f 4778//6292 4779//6296 4786//6297 4783//6293
f 4783//6293 4786//6297 4787//6298 4784//6294
f 4784//6294 4787//6298 4788//6299 4785//6295
f 4785//6295 4788//6299 6122//4147 6121//4146
f 4779//6296 6403//6300 6402//6301 4786//6297
f 4786//6297 6402//6301 6401//6302 4787//6298
f 4787//6298 6401//6302 6400//6303 4788//6299
f 4788//6299 6400//6303 6761//3501 6122//4147
f 4767//6284 4768//6287 4789//6304 4771//6305
f 4771//6305 4789//6304 4790//6306 4772//6307
f 4772//6307 4790//6306 4791//6308 4773//6309
f 4773//6309 4791//6308 6409//6245 6410//6244
f 4768//6287 4769//6289 4792//6310 4789//6304
f 4789//6304 4792//6310 4793//6311 4790//6306
f 4790//6306 4793//6311 4794//6312 4791//6308
f 4791//6308 4794//6312 6408//6246 6409//6245
f 4769//6289 4770//6291 4795//6313 4792//6310
f 4792//6310 4795//6313 4796//6314 4793//6311
f 4793//6311 4796//6314 4797//6315 4794//6312
f 4794//6312 4797//6315 6407//6247 6408//6246
f 4770//6291 6119//4123 6118//4122 4795//6313
f 4795//6313 6118//4122 6117//4127 4796//6314
f 4796//6314 6117//4127 6116//4131 4797//6315
f 4797//6315 6116//4131 6773//4135 6407//6247
f 4767//6284 4771//6305 4798//6316 4774//6317
f 4774//6317 4798//6316 4799//6318 4775//6319
f 4775//6319 4799//6318 4800//6320 4776//6321
f 4776//6321 4800//6320 6491//3950 6490//3923
f 4771//6305 4772//6307 4801//6322 4798//6316
f 4798//6316 4801//6322 4802//6323 4799//6318
f 4799//6318 4802//6323 4803//6324 4800//6320
f 4800//6320 4803//6324 6492//3951 6491//3950
f 4772//6307 4773//6309 4804//6325 4801//6322
f 4801//6322 4804//6325 4805//6326 4802//6323
f 4802//6323 4805//6326 4806//6327 4803//6324
f 4803//6324 4806//6327 6493//3952 6492//3951
f 4773//6309 6410//6244 6411//6275 4804//6325
f 4804//6325 6411//6275 6412//6279 4805//6326
f 4805//6326 6412//6279 6413//6283 4806//6327
f 4806//6327 6413//6283 6804//3953 6493//3952
f 4767//6284 4774//6317 4807//6328 4777//6285
f 4777//6285 4807//6328 4808//6329 4778//6292
f 4778//6292 4808//6329 4809//6330 4779//6296
f 4779//6296 4809//6330 6404//6331 6403//6300
f 4774//6317 4775//6319 4810//6332 4807//6328
f 4807//6328 4810//6332 4811//6333 4808//6329
f 4808//6329 4811//6333 4812//6334 4809//6330
f 4809//6330 4812//6334 6405//6335 6404//6331
f 4775//6319 4776//6321 4813//6336 4810//6332
f 4810//6332 4813//6336 4814//6337 4811//6333
f 4811//6333 4814//6337 4815//6338 4812//6334
f 4812//6334 4815//6338 6406//6339 6405//6335
f 4776//6321 6490//3923 6489//3922 4813//6336
f 4813//6336 6489//3922 6488//3928 4814//6337
f 4814//6337 6488//3928 6487//3933 4815//6338
f 4815//6338 6487//3933 6803//3874 6406//6339
f 4816//6340 4826//6341 4829//6342 4817//6343
f 4817//6343 4829//6342 4830//6344 4818//6345
f 4818//6345 4830//6344 4831//6346 4819//6347
f 4819//6347 4831//6346 6402//6301 6403//6300
f 4826//6341 4827//6348 4832//6349 4829//6342
f 4829//6342 4832//6349 4833//6350 4830//6344
f 4830//6344 4833//6350 4834//6351 4831//6346
f 4831//6346 4834//6351 6401//6302 6402//6301
f 4827//6348 4828//6352 4835//6353 4832//6349
f 4832//6349 4835//6353 4836//6354 4833//6350
f 4833//6350 4836//6354 4837//6355 4834//6351
f 4834//6351 4837//6355 6400//6303 6401//6302
f 4828//6352 5961//3441 5962//3489 4835//6353
f 4835//6353 5962//3489 5963//3493 4836//6354
f 4836//6354 5963//3493 5964//3497 4837//6355
f 4837//6355 5964//3497 6761//3501 6400//6303
f 4816//6340 4817//6343 4838//6356 4820//6357
f 4820//6357 4838//6356 4839//6358 4821//6359
f 4821//6359 4839//6358 4840//6360 4822//6361
f 4822//6361 4840//6360 6498//3871 6497//3870
f 4817//6343 4818//6345 4841//6362 4838//6356
f 4838//6356 4841//6362 4842//6363 4839//6358
f 4839//6358 4842//6363 4843//6364 4840//6360
f 4840//6360 4843//6364 6499//3872 6498//3871
f 4818//6345 4819//6347 4844//6365 4841//6362
f 4841//6362 4844//6365 4845//6366 4842//6363
f 4842//6363 4845//6366 4846//6367 4843//6364
f 4843//6364 4846//6367 6500//3873 6499//3872
f 4819//6347 6403//6300 6404//6331 4844//6365
f 4844//6365 6404//6331 6405//6335 4845//6366
f 4845//6366 6405//6335 6406//6339 4846//6367
f 4846//6367 6406//6339 6803//3874 6500//3873
f 4816//6340 4820//6357 4847//6368 4823//6369
f 4823//6369 4847//6368 4848//6370 4824//6371
f 4824//6371 4848//6370 4849//6372 4825//6373
f 4825//6373 4849//6372 6397//6374 6396//6375
f 4820//6357 4821//6359 4850//6376 4847//6368
f 4847//6368 4850//6376 4851//6377 4848//6370
f 4848//6370 4851//6377 4852//6378 4849//6372
f 4849//6372 4852//6378 6398//6379 6397//6374
f 4821//6359 4822//6361 4853//6380 4850//6376
f 4850//6376 4853//6380 4854//6381 4851//6377
f 4851//6377 4854//6381 4855//6382 4852//6378
f 4852//6378 4855//6382 6399//6383 6398//6379
f 4822//6361 6497//3870 6496//3905 4853//6380
f 4853//6380 6496//3905 6495//3909 4854//6381
f 4854//6381 6495//3909 6494//3913 4855//6382
f 4855//6382 6494//3913 6802//3374 6399//6383
f 4816//6340 4823//6369 4856//6384 4826//6341
f 4826//6341 4856//6384 4857//6385 4827//6348
f 4827//6348 4857//6385 4858//6386 4828//6352
f 4828//6352 4858//6386 5960//3442 5961//3441
f 4823//6369 4824//6371 4859//6387 4856//6384
f 4856//6384 4859//6387 4860//6388 4857//6385
f 4857//6385 4860//6388 4861//6389 4858//6386
f 4858//6386 4861//6389 5959//3443 5960//3442
f 4824//6371 4825//6373 4862//6390 4859//6387
f 4859//6387 4862//6390 4863//6391 4860//6388
f 4860//6388 4863//6391 4864//6392 4861//6389
f 4861//6389 4864//6392 5958//3444 5959//3443
f 4825//6373 6396//6375 6395//6393 4862//6390
f 4862//6390 6395//6393 6394//6394 4863//6391
f 4863//6391 6394//6394 6393//6395 4864//6392
f 4864//6392 6393//6395 6760//3445 5958//3444
f 4865//6396 4875//6397 4878//6398 4866//6399
f 4866//6399 4878//6398 4879//6400 4867//6401
f 4867//6401 4879//6400 4880//6402 4868//6403
f 4868//6403 4880//6402 6395//6393 6396//6375
f 4875//6397 4876//6404 4881//6405 4878//6398
f 4878//6398 4881//6405 4882//6406 4879//6400
f 4879//6400 4882//6406 4883//6407 4880//6402
f 4880//6402 4883//6407 6394//6394 6395//6393
f 4876//6404 4877//6408 4884//6409 4881//6405
f 4881//6405 4884//6409 4885//6410 4882//6406
f 4882//6406 4885//6410 4886//6411 4883//6407
f 4883//6407 4886//6411 6393//6395 6394//6394
f 4877//6408 5954//6412 5955//6413 4884//6409
f 4884//6409 5955//6413 5956//6414 4885//6410
f 4885//6410 5956//6414 5957//6415 4886//6411
f 4886//6411 5957//6415 6760//3445 6393//6395
f 4865//6396 4866//6399 4887//6416 4869//6417
f 4869//6417 4887//6416 4888//6418 4870//6419
f 4870//6419 4888//6418 4889//6420 4871//6421
f 4871//6421 4889//6420 6505//3371 6504//3370
f 4866//6399 4867//6401 4890//6422 4887//6416
f 4887//6416 4890//6422 4891//6423 4888//6418
f 4888//6418 4891//6423 4892//6424 4889//6420
f 4889//6420 4892//6424 6506//3372 6505//3371
f 4867//6401 4868//6403 4893//6425 4890//6422
f 4890//6422 4893//6425 4894//6426 4891//6423
f 4891//6423 4894//6426 4895//6427 4892//6424
f 4892//6424 4895//6427 6507//3373 6506//3372
f 4868//6403 6396//6375 6397//6374 4893//6425
f 4893//6425 6397//6374 6398//6379 4894//6426
f 4894//6426 6398//6379 6399//6383 4895//6427
f 4895//6427 6399//6383 6802//3374 6507//3373
f 4865//6396 4869//6417 4896//6428 4872//6429
f 4872//6429 4896//6428 4897//6430 4873//6431
f 4873//6431 4897//6430 4898//6432 4874//6433
f 4874//6433 4898//6432 5967//3346 5968//3321
f 4869//6417 4870//6419 4899//6434 4896//6428
f 4896//6428 4899//6434 4900//6435 4897//6430
f 4897//6430 4900//6435 4901//6436 4898//6432
f 4898//6432 4901//6436 5966//3347 5967//3346
f 4870//6419 4871//6421 4902//6437 4899//6434
f 4899//6434 4902//6437 4903//6438 4900//6435
f 4900//6435 4903//6438 4904//6439 4901//6436
f 4901//6436 4904//6439 5965//3348 5966//3347
f 4871//6421 6504//3370 6503//3409 4902//6437
f 4902//6437 6503//3409 6502//3413 4903//6438
f 4903//6438 6502//3413 6501//3417 4904//6439
f 4904//6439 6501//3417 6801//3349 5965//3348
f 4865//6396 4872//6429 4905//6440 4875//6397
f 4875//6397 4905//6440 4906//6441 4876//6404
f 4876//6404 4906//6441 4907//6442 4877//6408
f 4877//6408 4907//6442 5953//6443 5954//6412
f 4872//6429 4873//6431 4908//6444 4905//6440
f 4905//6440 4908//6444 4909//6445 4906//6441
f 4906//6441 4909//6445 4910//6446 4907//6442
f 4907//6442 4910//6446 5952//6447 5953//6443
f 4873//6431 4874//6433 4911//6448 4908//6444
f 4908//6444 4911//6448 4912//6449 4909//6445
f 4909//6445 4912//6449 4913//6450 4910//6446
f 4910//6446 4913//6450 5951//6451 5952//6447
f 4874//6433 5968//3321 5969//3320 4911//6448
f 4911//6448 5969//3320 5970//3325 4912//6449
f 4912//6449 5970//3325 5971//3329 4913//6450
f 4913//6450 5971//3329 6759//3333 5951//6451
f 4914//6452 4924//6453 4927//6454 4915//6455
f 4915//6455 4927//6454 4928//6456 4916//6457
f 4916//6457 4928//6456 4929//6458 4917//6459
f 4917//6459 4929//6458 6382//6460 6383//6461
f 4924//6453 4925//6462 4930//6463 4927//6454
f 4927//6454 4930//6463 4931//6464 4928//6456
f 4928//6456 4931//6464 4932//6465 4929//6458
f 4929//6458 4932//6465 6381//6466 6382//6460
f 4925//6462 4926//6467 4933//6468 4930//6463
f 4930//6463 4933//6468 4934//6469 4931//6464
f 4931//6464 4934//6469 4935//6470 4932//6465
f 4932//6465 4935//6470 6380//6471 6381//6466
f 4926//6467 5186//3127 5187//3126 4933//6468
f 4933//6468 5187//3126 5188//3132 4934//6469
f 4934//6469 5188//3132 5189//3137 4935//6470
f 4935//6470 5189//3137 6757//3141 6380//6471
f 4914//6452 4915//6455 4936//6472 4918//6473
f 4918//6473 4936//6472 4937//6474 4919//6475
f 4919//6475 4937//6474 4938//6476 4920//6477
f 4920//6477 4938//6476 6512//3289 6511//3288
f 4915//6455 4916//6457 4939//6478 4936//6472
f 4936//6472 4939//6478 4940//6479 4937//6474
f 4937//6474 4940//6479 4941//6480 4938//6476
f 4938//6476 4941//6480 6513//3290 6512//3289
f 4916//6457 4917//6459 4942//6481 4939//6478
f 4939//6478 4942//6481 4943//6482 4940//6479
f 4940//6479 4943//6482 4944//6483 4941//6480
f 4941//6480 4944//6483 6514//3291 6513//3290
f 4917//6459 6383//6461 6384//6484 4942//6481
f 4942//6481 6384//6484 6385//6485 4943//6482
f 4914//6452 4918//6473 4945//6486 4921//6487
f 4921//6487 4945//6486 4946//6488 4922//6489
f 4922//6489 4946//6488 4947//6490 4923//6491
f 4923//6491 4947//6490 6390//3418 6389//3397
f 4918//6473 4919//6475 4948//6492 4945//6486
f 4945//6486 4948//6492 4949//6493 4946//6488
f 4946//6488 4949//6493 4950//6494 4947//6490
f 4947//6490 4950//6494 6391//3419 6390//3418
f 4919//6475 4920//6477 4951//6495 4948//6492
f 4948//6492 4951//6495 4952//6496 4949//6493
f 4949//6493 4952//6496 4953//6497 4950//6494
f 4950//6494 4953//6497 6392//3420 6391//3419
f 4920//6477 6511//3288 6510//3337 4951//6495
f 4951//6495 6510//3337 6509//3341 4952//6496
f 4952//6496 6509//3341 6508//3345 4953//6497
f 4953//6497 6508//3345 6801//3349 6392//3420
f 4914//6452 4921//6487 4954//6498 4924//6453
f 4924//6453 4954//6498 4955//6499 4925//6462
f 4925//6462 4955//6499 4956//6500 4926//6467
f 4926//6467 4956//6500 5185//3154 5186//3127
f 4921//6487 4922//6489 4957//6501 4954//6498
f 4954//6498 4957//6501 4958//6502 4955//6499
f 4955//6499 4958//6502 4959//6503 4956//6500
f 4956//6500 4959//6503 5184//3155 5185//3154
f 4922//6489 4923//6491 4960//6504 4957//6501
f 4957//6501 4960//6504 4961//6505 4958//6502
f 4958//6502 4961//6505 4962//6506 4959//6503
f 4959//6503 4962//6506 5183//3156 5184//3155
f 4923//6491 6389//3397 6388//3396 4960//6504
f 4960//6504 6388//3396 6387//3401 4961//6505
f 4961//6505 6387//3401 6386//3405 4962//6506
f 4962//6506 6386//3405 6756//127 5183//3156
f 4965//6507 6556//5820 6555//5825 4966//6508
f 4966//6508 6555//5825 6817//4859 6571//6509
f 4969//6510 4971//6511 6532//4274 6531//6512
f 4971//6511 4973//6513 6533//4275 6532//4274
f 4973//6513 6339//6514 6814//4075 6533//4275
f 4977//6515 4980//6516 6562//6517 6561//6518
f 4978//6519 4981//6520 4982//6521 4979//6522
f 4979//6522 4982//6521 4983//6523 4980//6516
f 4980//6516 4983//6523 6563//6524 6562//6517
f 4975//6525 6581//5746 6580//5745 4981//6520
f 4981//6520 6580//5745 6579//5750 4982//6521
f 4982//6521 6579//5750 6578//5754 4983//6523
f 4983//6523 6578//5754 6816//4563 6563//6524
f 4975//6525 4984//6526 6582//5764 6581//5746
f 4984//6526 4985//6527 6583//5765 6582//5764
f 4985//6527 4987//6528 6584//5766 6583//5765
f 4986//6529 6572//6530 6571//6509 4987//6528
f 4987//6528 6571//6509 6817//4859 6584//5766
f 4992//6531 5005//6532 5008//6533 4993//6534
f 4993//6534 5008//6533 5009//6535 4994//6536
f 4994//6536 5009//6535 5010//6537 4995//6538
f 4995//6538 5010//6537 6071//6539 6070//6540
f 5005//6532 5006//6541 5011//6542 5008//6533
f 5008//6533 5011//6542 5012//6543 5009//6535
f 5009//6535 5012//6543 5013//6544 5010//6537
f 5010//6537 5013//6544 6072//6545 6071//6539
f 5006//6541 5007//6546 5014//6547 5011//6542
f 5011//6542 5014//6547 5015//6548 5012//6543
f 5012//6543 5015//6548 5016//6549 5013//6544
f 5013//6544 5016//6549 6073//6550 6072//6545
f 5007//6546 6049//5541 6048//5540 5014//6547
f 5014//6547 6048//5540 6047//5545 5015//6548
f 5015//6548 6047//5545 6046//5549 5016//6549
f 5016//6549 6046//5549 6769//5553 6073//6550
f 4992//6531 4993//6534 5017//6551 4996//6552
f 4996//6552 5017//6551 5018//6553 4997//6554
f 4997//6554 5018//6553 5019//6555 4998//6556
f 4998//6556 5019//6555 6605//5888 6604//5887
f 4993//6534 4994//6536 5020//6557 5017//6551
f 5017//6551 5020//6557 5021//6558 5018//6553
f 5018//6553 5021//6558 5022//6559 5019//6555
f 5019//6555 5022//6559 6606//5889 6605//5888
f 4994//6536 4995//6538 5023//6560 5020//6557
f 5020//6557 5023//6560 5024//6561 5021//6558
f 5021//6558 5024//6561 5025//6562 5022//6559
f 5022//6559 5025//6562 6607//5890 6606//5889
f 4995//6538 6070//6540 6069//6563 5023//6560
f 5023//6560 6069//6563 6068//6564 5024//6561
f 5024//6561 6068//6564 6067//6565 5025//6562
f 5025//6562 6067//6565 6771//5891 6607//5890
f 4992//6531 4996//6552 5026//6566 4999//6567
f 4999//6567 5026//6566 5027//6568 5000//6569
f 5000//6569 5027//6568 5028//6570 5001//6571
f 5001//6571 5028//6570 6517//6572 6518//6573
f 4996//6552 4997//6554 5029//6574 5026//6566
f 5026//6566 5029//6574 5030//6575 5027//6568
f 5027//6568 5030//6575 5031//6576 5028//6570
f 5028//6570 5031//6576 6516//6577 6517//6572
f 4997//6554 4998//6556 5032//6578 5029//6574
f 5029//6574 5032//6578 5033//6579 5030//6575
f 5030//6575 5033//6579 5034//6580 5031//6576
f 4998//6556 6604//5887 6603//5924 5032//6578
f 5032//6578 6603//5924 6602//5928 5033//6579
f 5033//6579 6602//5928 6601//5931 5034//6580
f 4992//6531 4999//6567 5035//6581 5002//6582
f 5002//6582 5035//6581 5036//6583 5003//6584
f 5003//6584 5036//6583 5037//6585 5004//6586
f 5004//6586 5037//6585 6598//3790 6597//3789
f 4999//6567 5000//6569 5038//6587 5035//6581
f 5035//6581 5038//6587 5039//6588 5036//6583
f 5036//6583 5039//6588 5040//6589 5037//6585
f 5037//6585 5040//6589 6599//3791 6598//3790
f 5000//6569 5001//6571 5041//6590 5038//6587
f 5038//6587 5041//6590 5042//6591 5039//6588
f 5039//6588 5042//6591 5043//6592 5040//6589
f 5040//6589 5043//6592 6600//3792 6599//3791
f 5001//6571 6518//6573 6519//6593 5041//6590
f 5041//6590 6519//6593 6520//6594 5042//6591
f 5042//6591 6520//6594 6521//6595 5043//6592
f 5043//6592 6521//6595 6810//3793 6600//3792
f 4992//6531 5002//6582 5044//6596 5005//6532
f 5005//6532 5044//6596 5045//6597 5006//6541
f 5006//6541 5045//6597 5046//6598 5007//6546
f 5007//6546 5046//6598 6050//5570 6049//5541
f 5002//6582 5003//6584 5047//6599 5044//6596
f 5044//6596 5047//6599 5048//6600 5045//6597
f 5045//6597 5048//6600 5049//6601 5046//6598
f 5046//6598 5049//6601 6051//5571 6050//5570
f 5003//6584 5004//6586 5050//6602 5047//6599
f 5047//6599 5050//6602 5051//6603 5048//6600
f 5048//6600 5051//6603 5052//6604 5049//6601
f 5049//6601 5052//6604 6052//5572 6051//5571
f 5004//6586 6597//3789 6596//3837 5050//6602
f 5050//6602 6596//3837 6595//3841 5051//6603
f 5051//6603 6595//3841 6594//3845 5052//6604
f 5052//6604 6594//3845 6770//3849 6052//5572
f 5056//6605 5059//6606 5060//6607 5057//6608
f 5057//6608 5060//6607 5061//6609 5058//6610
f 5058//6610 5061//6609 6700//6611 6699//6612
f 5054//6613 6588//5955 6587//5954 5059//6606
f 5059//6606 6587//5954 6586//5959 5060//6607
f 5060//6607 6586//5959 6585//5963 5061//6609
f 5061//6609 6585//5963 6813//3833 6700//6611
f 5054//6613 5063//6614 6589//5973 6588//5955
f 5065//6615 6697//6616 6819//4547 6591//5975
f 5068//6617 5071//6618 5072//6619 5069//6620
f 5069//6620 5072//6619 5073//6621 5070//6622
f 5067//6623 6537//3801 6536//3800 5071//6618
f 5071//6618 6536//3800 6535//3805 5072//6619
f 5072//6619 6535//3805 6534//3809 5073//6621
f 5067//6623 5076//6624 6538//3830 6537//3801
f 5074//6625 5077//6626 5078//6627 5075//6628
f 5075//6628 5078//6627 5079//6629 5076//6624
f 5076//6624 5079//6629 6539//3831 6538//3830
f 5077//6626 5080//6630 5081//6631 5078//6627
f 5078//6627 5081//6631 5082//6632 5079//6629
f 5079//6629 5082//6632 6540//3832 6539//3831
f 5081//6631 6699//6612 6700//6611 5082//6632
f 5082//6632 6700//6611 6813//3833 6540//3832
f 5084//6633 6517//6572 6516//6577 5085//6634
f 5087//6635 5090//6636 6520//6594 6519//6593
f 5088//6637 5091//6638 5092//6639 5089//6640
f 5089//6640 5092//6639 5093//6641 5090//6636
f 5090//6636 5093//6641 6521//6595 6520//6594
f 5091//6638 6703//6642 6702//6643 5092//6639
f 5092//6639 6702//6643 6701//6644 5093//6641
f 5093//6641 6701//6644 6810//3793 6521//6595
f 5099//6645 5102//6646 5103//6647 5100//6648
f 5100//6648 5103//6647 5104//6649 5101//6650
f 5097//6651 5098//6652 5105//6653 5102//6646
f 5102//6646 5105//6653 5106//6654 5103//6647
f 5103//6647 5106//6654 5107//6655 5104//6649
f 5098//6652 6567//4535 6566//4534 5105//6653
f 5105//6653 6566//4534 6565//4539 5106//6654
f 5106//6654 6565//4539 6564//4543 5107//6655
f 5107//6655 6564//4543 6819//4547 6697//6616
f 5097//6651 5110//6656 5111//6657 5098//6652
f 5098//6652 5111//6657 6568//4560 6567//4535
f 5109//6658 5112//6659 5113//6660 5110//6656
f 5110//6656 5113//6660 5114//6661 5111//6657
f 5111//6657 5114//6661 6569//4561 6568//4560
f 5112//6659 5115//6662 5116//6663 5113//6660
f 5113//6660 5116//6663 5117//6664 5114//6661
f 5114//6661 5117//6664 6570//4562 6569//4561
f 5115//6662 6561//6518 6562//6517 5116//6663
f 5116//6663 6562//6517 6563//6524 5117//6664
f 5117//6664 6563//6524 6816//4563 6570//4562
f 5119//6665 5122//6666 5123//6667 5120//6668
f 5120//6668 5123//6667 6705//6669 6704//6670
f 5122//6666 6593//6671 6592//5770 5123//6667
f 5123//6667 6592//5770 6818//5769 6705//6669
f 5126//6672 5128//6673 5129//6674 5127//6675
f 5125//6676 6544//4055 6543//4063 5128//6673
f 5128//6673 6543//4063 6542//4065 5129//6674
f 5129//6674 6542//4065 6541//4071 5130//6677
f 5130//6677 6541//4071 6814//4075 6339//6514
f 5125//6676 5132//6678 6545//4056 6544//4055
f 5132//6678 5133//6679 6546//4058 6545//4056
f 5133//6679 5135//6680 6547//4060 6546//4058
f 5134//6681 6707//6682 6706//6683 5135//6680
f 5135//6680 6706//6683 6811//4061 6547//4060
f 5138//6684 5139//6685 5143//6686 5141//6687
f 5141//6687 5143//6686 5144//6688 5142//6689
f 5139//6685 5140//6690 5146//6691 5143//6686
f 5143//6686 5146//6691 5147//6692 5144//6688
f 5144//6688 5147//6692 5148//6693 5145//6694
f 5145//6694 5148//6693 6701//6644 6702//6643
f 5140//6690 6551//3778 6550//3777 5146//6691
f 5146//6691 6550//3777 6549//3783 5147//6692
f 5147//6692 6549//3783 6548//3788 5148//6693
f 5148//6693 6548//3788 6810//3793 6701//6644
f 5138//6684 5149//6695 5150//6696 5139//6685
f 5139//6685 5150//6696 5151//6697 5140//6690
f 5140//6690 5151//6697 6552//3810 6551//3778
f 5149//6695 5152//6698 5153//6699 5150//6696
f 5150//6696 5153//6699 5154//6700 5151//6697
f 5151//6697 5154//6700 6553//3811 6552//3810
f 5153//6699 5155//6701 5156//6702 5154//6700
f 5154//6700 5156//6702 6554//3812 6553//3811
f 5158//6703 5161//6704 5162//6705 5159//6706
f 5159//6706 5162//6705 5163//6707 5160//6708
f 5160//6708 5163//6707 6706//6683 6707//6682
f 5157//6709 6525//5502 6524//5501 5161//6704
f 5161//6704 6524//5501 6523//5504 5162//6705
f 5162//6705 6523//5504 6522//5506 5163//6707
f 5163//6707 6522//5506 6811//4061 6706//6683
f 5165//6710 5166//6711 5169//6712 5168//6713
f 5166//6711 5167//6714 5171//6715 5169//6712
f 5167//6714 6574//6716 6573//6717 5171//6715
f 5165//6710 5175//6718 5176//6719 5166//6711
f 5166//6711 5176//6719 5177//6720 5167//6714
f 5167//6714 5177//6720 6575//5863 6574//6716
f 5176//6719 5178//6721 5179//6722 5177//6720
f 5177//6720 5179//6722 6576//5864 6575//5863
f 5178//6721 5181//6723 5182//6724 5179//6722
f 5179//6722 5182//6724 6577//5866 6576//5864
f 5181//6723 6704//6670 6705//6669 5182//6724
f 5182//6724 6705//6669 6818//5769 6577//5866
usemtl black_vent.004
f 4267//6725 4271//6726 4272//6727 4268//6728
f 4268//6728 4272//6727 6378//6729 6379//6730
f 4265//6731 4266//6732 4273//6733 4269//6734
f 4266//6732 4267//6725 4274//6735 4273//6733
f 4265//6731 4269//6734 4275//6736 4270//6737
l 5938 5939
l 4108 6527
l 5121 5122
l 5180 5181
l 5681 5682
l 5816 6742
l 5066 5077
l 4450 6529
l 4972 4973
l 5136 5142
l 5136 5137
l 1745 1746
l 5677 5678
l 5677 6741
l 1751 1754
l 4963 4964
l 5190 5191
l 6514 6800
l 6601 6812
l 5086 5088
l 5101 6698
l 5096 5109
l 6707 6708
l 5678 5679
l 1755 5678
l 385 5821
l 2402 5686
l 2648 6014
l 4105 4106
l 4968 4969
l 4988 4989
l 5094 5096
l 4275 4276
l 1604 1607
l 3025 3027
l 3030 3032
l 4409 4411
l 4447 6338
l 4976 4978
l 5055 5056
l 5171 5172
l 1743 1744
l 1746 5680
l 1747 1748
l 4990 6528
l 5095 5100
l 1749 5681
l 1606 1608
l 2484 2485
l 5064 5065
l 1744 1745
l 5680 6741
l 1752 1753
