# Blender 5.1.0
# www.blender.org
mtllib goddard_patatraseraderecha.mtl
o C_rculo_004
v -4.517371 0.370991 -0.812261
v -4.514771 0.369491 -0.799961
v -4.496071 0.377491 -0.802461
v -4.498071 0.379191 -0.814761
v -4.477171 0.385491 -0.803961
v -4.478671 0.387491 -0.816361
v -4.498271 0.376591 -0.827161
v -4.518171 0.368091 -0.824561
v -4.478371 0.385091 -0.828761
v -4.533371 0.361591 -0.796361
v -4.528771 0.355891 -0.786261
v -4.510571 0.363591 -0.789761
v -4.492371 0.371391 -0.792161
v -4.473971 0.379191 -0.793661
v -4.455571 0.387091 -0.794161
v -4.458371 0.393591 -0.804461
v -4.459271 0.395791 -0.816861
v -4.458371 0.393591 -0.829261
v -4.475971 0.378391 -0.839061
v -4.455571 0.387091 -0.839661
v -4.496471 0.369691 -0.837461
v -4.516771 0.360991 -0.834661
v -4.536971 0.352391 -0.830861
v -4.537871 0.359691 -0.820761
v -4.536571 0.362791 -0.808561
v -4.490271 0.307391 -0.812261
v -4.470971 0.315591 -0.814761
v -4.470771 0.318291 -0.802461
v -4.489571 0.310291 -0.799961
v -4.492871 0.308891 -0.824561
v -4.473071 0.317291 -0.827161
v -4.451571 0.323891 -0.816361
v -4.451971 0.326291 -0.803961
v -4.453071 0.325791 -0.828761
v -4.508171 0.302391 -0.796361
v -4.490871 0.317391 -0.789761
v -4.509071 0.309591 -0.786261
v -4.509471 0.299191 -0.808561
v -4.512571 0.300491 -0.820761
v -4.517171 0.306191 -0.830861
v -4.497071 0.314791 -0.834661
v -4.476771 0.323391 -0.837461
v -4.456271 0.332091 -0.839061
v -4.433071 0.334391 -0.829261
v -4.435871 0.340891 -0.839661
v -4.432171 0.332191 -0.816861
v -4.433071 0.334391 -0.804461
v -4.454271 0.332991 -0.793661
v -4.435871 0.340891 -0.794161
v -4.472671 0.325191 -0.792161
v -4.565571 0.275291 -0.791661
v -4.547171 0.283191 -0.798361
v -4.544771 0.286691 -0.786461
v -4.562671 0.279091 -0.779961
v -4.570371 0.275791 -0.803361
v -4.551371 0.283891 -0.810261
v -4.528371 0.291091 -0.803961
v -4.526571 0.294491 -0.791861
v -4.532071 0.292091 -0.816061
v -4.562271 0.286991 -0.770261
v -4.579471 0.279591 -0.763061
v -4.580271 0.271591 -0.772561
v -4.583771 0.267491 -0.784061
v -4.589071 0.267791 -0.795561
v -4.595471 0.272791 -0.805061
v -4.576371 0.280891 -0.813061
v -4.556871 0.289191 -0.820061
v -4.537171 0.297591 -0.826061
v -4.527071 0.301991 -0.781961
v -4.544771 0.294391 -0.776561
v -4.635871 0.245291 -0.755561
v -4.618871 0.252591 -0.766061
v -4.614471 0.256991 -0.755061
v -4.630871 0.249991 -0.744961
v -4.642671 0.244991 -0.766261
v -4.625271 0.252391 -0.776961
v -4.601571 0.259991 -0.775561
v -4.597571 0.264191 -0.764261
v -4.607371 0.259991 -0.786761
v -4.628771 0.258591 -0.736061
v -4.644371 0.251991 -0.725361
v -4.646871 0.243191 -0.733961
v -4.652271 0.238291 -0.744261
v -4.659571 0.237791 -0.754661
v -4.667571 0.242091 -0.763161
v -4.650271 0.249391 -0.775061
v -4.632471 0.256991 -0.786061
v -4.614171 0.264791 -0.796061
v -4.596271 0.272391 -0.754961
v -4.612771 0.265391 -0.745961
v -4.698171 0.218691 -0.705261
v -4.683471 0.224991 -0.719061
v -4.677171 0.230291 -0.709461
v -4.691471 0.224191 -0.696061
v -4.706771 0.217591 -0.714561
v -4.691671 0.224091 -0.728761
v -4.668171 0.231591 -0.732161
v -4.662271 0.236591 -0.722161
v -4.675871 0.230791 -0.742061
v -4.687871 0.233391 -0.688461
v -4.701171 0.227691 -0.674661
v -4.705171 0.218391 -0.681961
v -4.712271 0.212691 -0.690761
v -4.721271 0.211491 -0.699561
v -4.715971 0.221391 -0.722161
v -4.730771 0.215091 -0.706761
v -4.700471 0.227991 -0.736661
v -4.684271 0.234891 -0.750361
v -4.659371 0.245491 -0.713861
v -4.673871 0.239391 -0.701561
v -4.750371 0.196491 -0.642761
v -4.738371 0.201591 -0.659361
v -4.730471 0.207491 -0.651561
v -4.742071 0.202591 -0.635361
v -4.760471 0.194791 -0.650161
v -4.748171 0.199991 -0.667261
v -4.725671 0.206991 -0.675461
v -4.718171 0.212791 -0.667061
v -4.735071 0.205591 -0.683761
v -4.737271 0.212291 -0.629161
v -4.747871 0.207791 -0.612861
v -4.752971 0.197991 -0.618561
v -4.761571 0.191691 -0.625461
v -4.771971 0.189791 -0.632361
v -4.782671 0.192991 -0.638061
v -4.770871 0.197991 -0.656261
v -4.758271 0.203391 -0.673861
v -4.744871 0.209091 -0.690661
v -4.713871 0.222291 -0.660161
v -4.725971 0.217191 -0.644961
v -4.790271 0.179491 -0.570361
v -4.781571 0.183191 -0.589161
v -4.772371 0.189691 -0.583361
v -4.780871 0.186091 -0.564961
v -4.801571 0.177191 -0.575661
v -4.792571 0.181091 -0.595061
v -4.771971 0.187291 -0.607561
v -4.763071 0.193591 -0.601161
v -4.782671 0.185291 -0.613961
v -4.775071 0.196191 -0.560561
v -4.782571 0.192991 -0.542261
v -4.788571 0.182791 -0.546261
v -4.798171 0.176091 -0.550961
v -4.809671 0.173791 -0.555761
v -4.821171 0.176591 -0.559661
v -4.812871 0.180091 -0.580061
v -4.803671 0.183991 -0.599961
v -4.793571 0.188291 -0.619261
v -4.757771 0.203591 -0.595861
v -4.766771 0.199691 -0.578461
v -4.816471 0.168291 -0.490861
v -4.811271 0.170491 -0.511161
v -4.801271 0.177391 -0.507561
v -4.806271 0.175191 -0.487761
v -4.828471 0.165791 -0.493861
v -4.823171 0.167991 -0.514761
v -4.805171 0.173091 -0.531261
v -4.795371 0.179891 -0.527061
v -4.816871 0.170691 -0.535461
v -4.799871 0.185591 -0.485261
v -4.803871 0.183891 -0.465761
v -4.810471 0.173491 -0.467761
v -4.820771 0.166491 -0.470161
v -4.832871 0.163891 -0.472661
v -4.844971 0.166391 -0.474661
v -4.840471 0.168291 -0.496361
v -4.834971 0.170691 -0.517761
v -4.828571 0.173391 -0.538961
v -4.789171 0.190191 -0.523561
v -4.794971 0.187691 -0.504561
v -4.827871 0.163491 -0.407261
v -4.826471 0.164091 -0.428361
v -4.815971 0.171091 -0.427161
v -4.817371 0.170491 -0.406661
v -4.840171 0.160791 -0.407961
v -4.838771 0.161391 -0.429561
v -4.824071 0.165091 -0.449361
v -4.813671 0.172091 -0.447561
v -4.836271 0.162391 -0.451161
v -4.810671 0.180991 -0.406161
v -4.811171 0.180791 -0.386161
v -4.817871 0.170291 -0.386161
v -4.828371 0.163291 -0.386161
v -4.840671 0.160591 -0.386161
v -4.852471 0.163191 -0.408461
v -4.852971 0.162991 -0.386161
v -4.850971 0.163891 -0.430661
v -4.848471 0.164891 -0.452661
v -4.807071 0.182591 -0.446061
v -4.809271 0.181591 -0.426161
v -4.824071 0.165091 -0.322961
v -4.826471 0.164091 -0.343961
v -4.815971 0.171091 -0.345161
v -4.813671 0.172091 -0.324761
v -4.836271 0.162391 -0.321161
v -4.838771 0.161391 -0.342761
v -4.827871 0.163491 -0.365061
v -4.817371 0.170491 -0.365661
v -4.840171 0.160791 -0.364461
v -4.807071 0.182591 -0.326261
v -4.803871 0.183891 -0.306561
v -4.810471 0.173491 -0.304561
v -4.820771 0.166491 -0.302161
v -4.832871 0.163891 -0.299761
v -4.848471 0.164891 -0.319661
v -4.844971 0.166391 -0.297661
v -4.850971 0.163891 -0.341761
v -4.852471 0.163191 -0.363961
v -4.810671 0.180991 -0.366161
v -4.809271 0.181591 -0.346161
v -4.805171 0.173091 -0.241061
v -4.811271 0.170491 -0.261161
v -4.801271 0.177391 -0.264761
v -4.795371 0.179891 -0.245261
v -4.816871 0.170691 -0.236861
v -4.823171 0.167991 -0.257561
v -4.816471 0.168291 -0.281561
v -4.806271 0.175191 -0.284561
v -4.828471 0.165791 -0.278461
v -4.789171 0.190191 -0.248761
v -4.782571 0.192991 -0.230061
v -4.788571 0.182791 -0.226061
v -4.798171 0.176091 -0.221361
v -4.809671 0.173791 -0.216561
v -4.828571 0.173391 -0.233361
v -4.821171 0.176591 -0.212661
v -4.834971 0.170691 -0.254561
v -4.840471 0.168291 -0.275961
v -4.799871 0.185591 -0.287061
v -4.794971 0.187691 -0.267761
v -4.771971 0.187291 -0.164761
v -4.781571 0.183191 -0.183161
v -4.772371 0.189691 -0.188961
v -4.763071 0.193591 -0.171161
v -4.782671 0.185291 -0.158361
v -4.792571 0.181091 -0.177261
v -4.790271 0.179491 -0.202061
v -4.780871 0.186091 -0.207361
v -4.801571 0.177191 -0.196661
v -4.757771 0.203591 -0.176461
v -4.747871 0.207791 -0.159561
v -4.752971 0.197991 -0.153761
v -4.761571 0.191691 -0.146861
v -4.771971 0.189791 -0.139961
v -4.793571 0.188291 -0.153061
v -4.782671 0.192991 -0.134261
v -4.803671 0.183991 -0.172461
v -4.812871 0.180091 -0.192261
v -4.775071 0.196191 -0.211761
v -4.766771 0.199691 -0.193861
v -4.725671 0.206991 -0.096961
v -4.738371 0.201591 -0.112961
v -4.730471 0.207491 -0.120861
v -4.718171 0.212791 -0.105261
v -4.735071 0.205591 -0.088561
v -4.748171 0.199991 -0.105061
v -4.750371 0.196491 -0.129561
v -4.742071 0.202591 -0.136961
v -4.760471 0.194791 -0.122161
v -4.713871 0.222291 -0.112161
v -4.701171 0.227691 -0.097661
v -4.705171 0.218391 -0.090361
v -4.712271 0.212691 -0.081661
v -4.721271 0.211491 -0.072861
v -4.744871 0.209091 -0.081661
v -4.730771 0.215091 -0.065561
v -4.758271 0.203391 -0.098461
v -4.770871 0.197991 -0.116061
v -4.737271 0.212291 -0.143161
v -4.725971 0.217191 -0.127361
v -4.668171 0.231591 -0.040261
v -4.683471 0.224991 -0.053261
v -4.677171 0.230291 -0.062861
v -4.662271 0.236591 -0.050161
v -4.675871 0.230791 -0.030261
v -4.691671 0.224091 -0.043661
v -4.698171 0.218691 -0.067061
v -4.691471 0.224191 -0.076261
v -4.706771 0.217591 -0.057861
v -4.659371 0.245491 -0.058461
v -4.644371 0.251991 -0.046961
v -4.646871 0.243191 -0.038361
v -4.652271 0.238291 -0.028061
v -4.659571 0.237791 -0.017661
v -4.684271 0.234891 -0.021961
v -4.667571 0.242091 -0.009161
v -4.700471 0.227991 -0.035661
v -4.715971 0.221391 -0.050161
v -4.687871 0.233391 -0.083861
v -4.673871 0.239391 -0.070761
v -4.601571 0.259991 0.003139
v -4.618871 0.252591 -0.006361
v -4.614471 0.256991 -0.017261
v -4.597571 0.264191 -0.008061
v -4.607371 0.259991 0.014439
v -4.625271 0.252391 0.004639
v -4.635871 0.245291 -0.016761
v -4.630871 0.249991 -0.027361
v -4.642671 0.244991 -0.006061
v -4.596271 0.272391 -0.017361
v -4.579471 0.279591 -0.009261
v -4.580271 0.271591 0.000239
v -4.583771 0.267491 0.011739
v -4.589071 0.267791 0.023239
v -4.614171 0.264791 0.023739
v -4.595471 0.272791 0.032739
v -4.632471 0.256991 0.013739
v -4.650271 0.249391 0.002739
v -4.628771 0.258591 -0.036261
v -4.612771 0.265391 -0.026361
v -4.528371 0.291091 0.031639
v -4.547171 0.283191 0.026039
v -4.544771 0.286691 0.014139
v -4.526571 0.294491 0.019539
v -4.532071 0.292091 0.043739
v -4.551371 0.283891 0.037939
v -4.565571 0.275291 0.019339
v -4.562671 0.279091 0.007639
v -4.570371 0.275791 0.031039
v -4.527071 0.301991 0.009539
v -4.509071 0.309591 0.013939
v -4.508171 0.302391 0.024039
v -4.509471 0.299191 0.036239
v -4.512571 0.300491 0.048439
v -4.537171 0.297591 0.053639
v -4.517171 0.306191 0.058539
v -4.556871 0.289191 0.047739
v -4.576371 0.280891 0.040739
v -4.562271 0.286991 -0.002061
v -4.544771 0.294391 0.004239
v -4.451571 0.323891 0.044039
v -4.470971 0.315591 0.042439
v -4.470771 0.318291 0.030139
v -4.451971 0.326291 0.031639
v -4.453071 0.325791 0.056439
v -4.473071 0.317291 0.054839
v -4.490271 0.307391 0.039839
v -4.489571 0.310291 0.027539
v -4.492871 0.308891 0.052139
v -4.454271 0.332991 0.021339
v -4.435871 0.340891 0.021839
v -4.433071 0.334391 0.032139
v -4.432171 0.332191 0.044539
v -4.433071 0.334391 0.056939
v -4.456271 0.332091 0.066739
v -4.435871 0.340891 0.067239
v -4.476771 0.323391 0.065139
v -4.497071 0.314791 0.062339
v -4.490871 0.317391 0.017339
v -4.472671 0.325191 0.019839
v -4.373971 0.356991 0.039839
v -4.393271 0.348791 0.042439
v -4.395371 0.350391 0.030139
v -4.376571 0.358391 0.027539
v -4.373271 0.359891 0.052139
v -4.393071 0.351391 0.054839
v -4.412671 0.340491 0.044039
v -4.414171 0.342391 0.031639
v -4.413071 0.342891 0.056439
v -4.380771 0.364291 0.017339
v -4.362671 0.372091 0.013939
v -4.357971 0.366391 0.024039
v -4.354871 0.365091 0.036239
v -4.353571 0.368291 0.048439
v -4.374671 0.366991 0.062339
v -4.354471 0.375591 0.058539
v -4.394971 0.358291 0.065139
v -4.415371 0.349591 0.066739
v -4.417471 0.348691 0.021339
v -4.399071 0.356491 0.019839
v -4.298671 0.389091 0.019339
v -4.317171 0.381191 0.026039
v -4.321371 0.381991 0.014139
v -4.303471 0.389591 0.007639
v -4.295771 0.392891 0.031039
v -4.314771 0.384791 0.037939
v -4.335871 0.373191 0.031639
v -4.339571 0.374191 0.019539
v -4.333971 0.376591 0.043739
v -4.309371 0.394791 -0.002061
v -4.292271 0.402091 -0.009261
v -4.285871 0.397091 0.000239
v -4.280571 0.396791 0.011739
v -4.277071 0.400891 0.023239
v -4.295271 0.400791 0.040739
v -4.276171 0.408891 0.032739
v -4.314771 0.392491 0.047739
v -4.334471 0.384091 0.053639
v -4.344671 0.379691 0.009539
v -4.326871 0.387291 0.004239
v -4.228471 0.418991 -0.016761
v -4.245371 0.411791 -0.006361
v -4.251671 0.411691 -0.017261
v -4.235271 0.418691 -0.027361
v -4.223471 0.423691 -0.006061
v -4.240871 0.416291 0.004639
v -4.262771 0.404391 0.003139
v -4.268571 0.404491 -0.008061
v -4.258771 0.408691 0.014439
v -4.242871 0.423091 -0.036261
v -4.227371 0.429791 -0.046961
v -4.219271 0.425491 -0.038361
v -4.212071 0.425991 -0.028061
v -4.206571 0.430891 -0.017661
v -4.221371 0.432291 0.002739
v -4.204071 0.439691 -0.009161
v -4.239171 0.424691 0.013739
v -4.257471 0.416891 0.023739
v -4.275371 0.409291 -0.017361
v -4.258971 0.416291 -0.026361
v -4.166071 0.445591 -0.067061
v -4.180771 0.439391 -0.053261
v -4.188971 0.438391 -0.062861
v -4.174671 0.444491 -0.076261
v -4.159271 0.451091 -0.057861
v -4.174471 0.444591 -0.043661
v -4.196171 0.432791 -0.040261
v -4.203871 0.432091 -0.050161
v -4.190271 0.437891 -0.030261
v -4.183771 0.448291 -0.083861
v -4.170471 0.453991 -0.097661
v -4.160971 0.450391 -0.090361
v -4.151971 0.451591 -0.081661
v -4.144871 0.457291 -0.072861
v -4.155771 0.460291 -0.050161
v -4.140871 0.466591 -0.065561
v -4.171271 0.453691 -0.035661
v -4.187371 0.446791 -0.021961
v -4.212271 0.436191 -0.058461
v -4.197771 0.442391 -0.070761
v -4.113871 0.467891 -0.129561
v -4.125871 0.462791 -0.112961
v -4.135671 0.461191 -0.120861
v -4.124071 0.466091 -0.136961
v -4.105671 0.473991 -0.122161
v -4.117971 0.468691 -0.105061
v -4.138571 0.457391 -0.096961
v -4.147971 0.455891 -0.105261
v -4.131071 0.463091 -0.088561
v -4.134371 0.469391 -0.143161
v -4.123771 0.473891 -0.159561
v -4.113171 0.470791 -0.153761
v -4.102671 0.472691 -0.146861
v -4.094171 0.478891 -0.139961
v -4.100771 0.483691 -0.116061
v -4.089071 0.488691 -0.134261
v -4.113371 0.478291 -0.098461
v -4.126771 0.472591 -0.081661
v -4.157771 0.459391 -0.112161
v -4.145771 0.464591 -0.127361
v -4.073971 0.484891 -0.202061
v -4.082771 0.481191 -0.183161
v -4.093771 0.478991 -0.188961
v -4.085271 0.482691 -0.207361
v -4.064571 0.491491 -0.196661
v -4.073571 0.487591 -0.177261
v -4.092271 0.477091 -0.164761
v -4.103071 0.475091 -0.171161
v -4.083471 0.483391 -0.158361
v -4.096571 0.485491 -0.211761
v -4.089071 0.488691 -0.230061
v -4.077571 0.485891 -0.226061
v -4.066071 0.488291 -0.221361
v -4.056471 0.494891 -0.216561
v -4.058771 0.501591 -0.192261
v -4.050471 0.505191 -0.212661
v -4.067971 0.497691 -0.172461
v -4.078071 0.493391 -0.153061
v -4.113971 0.478091 -0.176461
v -4.104871 0.481991 -0.193861
v -4.047771 0.496091 -0.281561
v -4.052971 0.493791 -0.261161
v -4.064871 0.491291 -0.264761
v -4.059871 0.493491 -0.284561
v -4.037671 0.502991 -0.278461
v -4.042971 0.500691 -0.257561
v -4.059071 0.491191 -0.241061
v -4.070771 0.488791 -0.245261
v -4.049271 0.497991 -0.236861
v -4.071771 0.496091 -0.287061
v -4.067771 0.497791 -0.306561
v -4.055671 0.495291 -0.304561
v -4.043571 0.497891 -0.302161
v -4.033271 0.504791 -0.299761
v -4.031271 0.513391 -0.275961
v -4.026771 0.515291 -0.297661
v -4.036671 0.510991 -0.254561
v -4.043071 0.508291 -0.233361
v -4.082471 0.491491 -0.248761
v -4.076671 0.493991 -0.267761
v -4.036471 0.500891 -0.365061
v -4.037871 0.500291 -0.343961
v -4.050171 0.497591 -0.345161
v -4.048771 0.498191 -0.365661
v -4.025971 0.507991 -0.364461
v -4.027371 0.507291 -0.342761
v -4.040271 0.499291 -0.322961
v -4.052471 0.496591 -0.324761
v -4.029871 0.506291 -0.321161
v -4.060971 0.500691 -0.366161
v -4.060571 0.500891 -0.386161
v -4.048271 0.498391 -0.386161
v -4.035971 0.501091 -0.386161
v -4.025471 0.508191 -0.386161
v -4.019271 0.518491 -0.363961
v -4.018771 0.518691 -0.386161
v -4.020771 0.517791 -0.341761
v -4.023271 0.516791 -0.319661
v -4.064571 0.499091 -0.326261
v -4.062371 0.500091 -0.346161
v -4.040271 0.499291 -0.449361
v -4.037871 0.500291 -0.428361
v -4.050171 0.497591 -0.427161
v -4.052471 0.496591 -0.447561
v -4.029871 0.506291 -0.451161
v -4.027371 0.507291 -0.429561
v -4.036471 0.500891 -0.407261
v -4.048771 0.498191 -0.406661
v -4.025971 0.507991 -0.407961
v -4.064571 0.499091 -0.446061
v -4.067771 0.497791 -0.465761
v -4.055671 0.495291 -0.467761
v -4.043571 0.497891 -0.470161
v -4.033271 0.504791 -0.472661
v -4.023271 0.516791 -0.452661
v -4.026771 0.515291 -0.474661
v -4.020771 0.517791 -0.430661
v -4.019271 0.518491 -0.408461
v -4.060971 0.500691 -0.406161
v -4.062371 0.500091 -0.426161
v -4.059071 0.491191 -0.531261
v -4.052971 0.493791 -0.511161
v -4.064871 0.491291 -0.507561
v -4.070771 0.488791 -0.527061
v -4.049271 0.497991 -0.535461
v -4.042971 0.500691 -0.514761
v -4.047771 0.496091 -0.490861
v -4.059871 0.493491 -0.487761
v -4.037671 0.502991 -0.493861
v -4.082471 0.491491 -0.523561
v -4.089071 0.488691 -0.542261
v -4.077571 0.485891 -0.546261
v -4.066071 0.488291 -0.550961
v -4.056471 0.494891 -0.555761
v -4.043071 0.508291 -0.538961
v -4.050471 0.505191 -0.559661
v -4.036671 0.510991 -0.517761
v -4.031271 0.513391 -0.496361
v -4.071771 0.496091 -0.485261
v -4.076671 0.493991 -0.504561
v -4.092271 0.477091 -0.607561
v -4.082771 0.481191 -0.589161
v -4.093771 0.478991 -0.583361
v -4.103071 0.475091 -0.601161
v -4.083471 0.483391 -0.613961
v -4.073571 0.487591 -0.595061
v -4.073971 0.484891 -0.570361
v -4.085271 0.482691 -0.564961
v -4.064571 0.491491 -0.575661
v -4.113971 0.478091 -0.595861
v -4.123771 0.473891 -0.612861
v -4.113171 0.470791 -0.618561
v -4.102671 0.472691 -0.625461
v -4.094171 0.478891 -0.632361
v -4.078071 0.493391 -0.619261
v -4.089071 0.488691 -0.638061
v -4.067971 0.497691 -0.599961
v -4.058771 0.501591 -0.580061
v -4.096571 0.485491 -0.560561
v -4.104871 0.481991 -0.578461
v -4.138571 0.457391 -0.675461
v -4.125871 0.462791 -0.659361
v -4.135671 0.461191 -0.651561
v -4.147971 0.455891 -0.667061
v -4.131071 0.463091 -0.683761
v -4.117971 0.468691 -0.667261
v -4.113871 0.467891 -0.642761
v -4.124071 0.466091 -0.635361
v -4.105671 0.473991 -0.650161
v -4.157771 0.459391 -0.660161
v -4.170471 0.453991 -0.674661
v -4.160971 0.450391 -0.681961
v -4.151971 0.451591 -0.690761
v -4.144871 0.457291 -0.699561
v -4.126771 0.472591 -0.690661
v -4.140871 0.466591 -0.706761
v -4.113371 0.478291 -0.673861
v -4.100771 0.483691 -0.656261
v -4.134371 0.469391 -0.629161
v -4.145771 0.464591 -0.644961
v -4.196171 0.432791 -0.732161
v -4.180771 0.439391 -0.719061
v -4.188971 0.438391 -0.709461
v -4.203871 0.432091 -0.722161
v -4.190271 0.437891 -0.742061
v -4.174471 0.444591 -0.728761
v -4.166071 0.445591 -0.705261
v -4.174671 0.444491 -0.696061
v -4.159271 0.451091 -0.714561
v -4.212271 0.436191 -0.713861
v -4.227371 0.429791 -0.725361
v -4.219271 0.425491 -0.733961
v -4.212071 0.425991 -0.744261
v -4.206571 0.430891 -0.754661
v -4.187371 0.446791 -0.750361
v -4.204071 0.439691 -0.763161
v -4.171271 0.453691 -0.736661
v -4.155771 0.460291 -0.722161
v -4.183771 0.448291 -0.688461
v -4.197771 0.442391 -0.701561
v -4.262771 0.404391 -0.775561
v -4.245371 0.411791 -0.766061
v -4.251671 0.411691 -0.755061
v -4.268571 0.404491 -0.764261
v -4.258771 0.408691 -0.786761
v -4.240871 0.416291 -0.776961
v -4.228471 0.418991 -0.755561
v -4.235271 0.418691 -0.744961
v -4.223471 0.423691 -0.766261
v -4.275371 0.409291 -0.754961
v -4.292271 0.402091 -0.763061
v -4.285871 0.397091 -0.772561
v -4.280571 0.396791 -0.784061
v -4.277071 0.400891 -0.795561
v -4.257471 0.416891 -0.796061
v -4.276171 0.408891 -0.805061
v -4.239171 0.424691 -0.786061
v -4.221371 0.432291 -0.775061
v -4.242871 0.423091 -0.736061
v -4.258971 0.416291 -0.745961
v -4.335871 0.373191 -0.803961
v -4.317171 0.381191 -0.798361
v -4.321371 0.381991 -0.786461
v -4.339571 0.374191 -0.791861
v -4.333971 0.376591 -0.816061
v -4.314771 0.384791 -0.810261
v -4.298671 0.389091 -0.791661
v -4.303471 0.389591 -0.779961
v -4.295771 0.392891 -0.803361
v -4.344671 0.379691 -0.781961
v -4.362671 0.372091 -0.786261
v -4.357971 0.366391 -0.796361
v -4.354871 0.365091 -0.808561
v -4.353571 0.368291 -0.820761
v -4.334471 0.384091 -0.826061
v -4.354471 0.375591 -0.830861
v -4.314771 0.392491 -0.820061
v -4.295271 0.400791 -0.813061
v -4.309371 0.394791 -0.770261
v -4.326871 0.387291 -0.776561
v -4.412671 0.340491 -0.816361
v -4.393271 0.348791 -0.814761
v -4.395371 0.350391 -0.802461
v -4.414171 0.342391 -0.803961
v -4.413071 0.342891 -0.828761
v -4.393071 0.351391 -0.827161
v -4.373971 0.356991 -0.812261
v -4.376571 0.358391 -0.799961
v -4.373271 0.359891 -0.824561
v -4.417471 0.348691 -0.793661
v -4.415371 0.349591 -0.839061
v -4.394971 0.358291 -0.837461
v -4.374671 0.366991 -0.834661
v -4.380771 0.364291 -0.789761
v -4.399071 0.356491 -0.792161
v -4.569971 0.345991 -0.786461
v -4.574271 0.346691 -0.798361
v -4.592771 0.338891 -0.791661
v -4.587971 0.338291 -0.779961
v -4.551771 0.353691 -0.791861
v -4.555471 0.354691 -0.803961
v -4.576671 0.343091 -0.810261
v -4.595671 0.334991 -0.803361
v -4.557371 0.351391 -0.816061
v -4.581971 0.333191 -0.770261
v -4.605571 0.330791 -0.772561
v -4.599171 0.325891 -0.763061
v -4.564471 0.340591 -0.776561
v -4.546771 0.348191 -0.781961
v -4.556871 0.343891 -0.826061
v -4.576671 0.335491 -0.820061
v -4.596071 0.327191 -0.813061
v -4.615171 0.318991 -0.805061
v -4.614271 0.327091 -0.795561
v -4.610871 0.331091 -0.784061
v -4.639671 0.316291 -0.755061
v -4.645971 0.316091 -0.766061
v -4.662971 0.308891 -0.755561
v -4.656171 0.309291 -0.744961
v -4.622871 0.323491 -0.764261
v -4.628671 0.323491 -0.775561
v -4.650471 0.311691 -0.776961
v -4.667871 0.304191 -0.766261
v -4.632571 0.319291 -0.786761
v -4.672071 0.302491 -0.733961
v -4.664071 0.298191 -0.725361
v -4.648471 0.304791 -0.736061
v -4.632471 0.311691 -0.745961
v -4.615971 0.318691 -0.754961
v -4.633871 0.311091 -0.796061
v -4.652171 0.303291 -0.786061
v -4.669971 0.295691 -0.775061
v -4.687271 0.288291 -0.763161
v -4.684771 0.296991 -0.754661
v -4.679371 0.301891 -0.744261
v -4.702371 0.289491 -0.709461
v -4.710571 0.288591 -0.719061
v -4.725271 0.282291 -0.705261
v -4.716671 0.283391 -0.696061
v -4.687571 0.295891 -0.722161
v -4.695271 0.295091 -0.732161
v -4.716971 0.283291 -0.728761
v -4.732071 0.276891 -0.714561
v -4.701171 0.290091 -0.742061
v -4.730371 0.277591 -0.681961
v -4.720871 0.273991 -0.674661
v -4.707571 0.279591 -0.688461
v -4.693671 0.285591 -0.701561
v -4.679071 0.291791 -0.713861
v -4.704071 0.281191 -0.750361
v -4.720171 0.274291 -0.736661
v -4.735671 0.267691 -0.722161
v -4.750471 0.261291 -0.706761
v -4.746571 0.270691 -0.699561
v -4.739371 0.276291 -0.690761
v -4.755771 0.266791 -0.651561
v -4.765471 0.265191 -0.659361
v -4.777471 0.260091 -0.642761
v -4.767371 0.261791 -0.635361
v -4.743371 0.271991 -0.667061
v -4.752771 0.270591 -0.675461
v -4.773471 0.259191 -0.667261
v -4.785771 0.253991 -0.650161
v -4.760371 0.264791 -0.683761
v -4.778271 0.257191 -0.618561
v -4.767571 0.254091 -0.612861
v -4.756971 0.258591 -0.629161
v -4.745671 0.263391 -0.644961
v -4.733571 0.268491 -0.660161
v -4.764571 0.255291 -0.690661
v -4.777971 0.249591 -0.673861
v -4.790571 0.244191 -0.656261
v -4.802371 0.239191 -0.638061
v -4.797271 0.249091 -0.632361
v -4.788671 0.255291 -0.625461
v -4.797671 0.248891 -0.583361
v -4.808671 0.246791 -0.589161
v -4.817371 0.243091 -0.570361
v -4.806171 0.245291 -0.564961
v -4.788371 0.252891 -0.601161
v -4.799071 0.250891 -0.607561
v -4.817871 0.240291 -0.595061
v -4.826771 0.236491 -0.575661
v -4.807971 0.244491 -0.613961
v -4.813771 0.241991 -0.546261
v -4.802271 0.239291 -0.542261
v -4.794771 0.242391 -0.560561
v -4.786471 0.245991 -0.578461
v -4.777471 0.249791 -0.595861
v -4.813271 0.234591 -0.619261
v -4.823371 0.230191 -0.599961
v -4.832571 0.226291 -0.580061
v -4.840871 0.222791 -0.559661
v -4.834971 0.232991 -0.555761
v -4.825271 0.239691 -0.550961
v -4.826471 0.236591 -0.507561
v -4.838371 0.234091 -0.511161
v -4.843571 0.231891 -0.490861
v -4.831571 0.234491 -0.487761
v -4.820571 0.239091 -0.527061
v -4.832271 0.236691 -0.531261
v -4.848371 0.227291 -0.514761
v -4.853771 0.224991 -0.493861
v -4.842171 0.229991 -0.535461
v -4.835671 0.232691 -0.467761
v -4.823671 0.230191 -0.465761
v -4.819571 0.231891 -0.485261
v -4.814671 0.233991 -0.504561
v -4.808871 0.236391 -0.523561
v -4.848271 0.219591 -0.538961
v -4.854671 0.216891 -0.517761
v -4.860171 0.214591 -0.496361
v -4.864671 0.212691 -0.474661
v -4.858171 0.223091 -0.472661
v -4.847871 0.230091 -0.470161
v -4.841271 0.230291 -0.427161
v -4.853571 0.227591 -0.428361
v -4.854971 0.226991 -0.407261
v -4.842571 0.229691 -0.406661
v -4.838871 0.231291 -0.447561
v -4.851171 0.228691 -0.449361
v -4.863971 0.220591 -0.429561
v -4.865471 0.219991 -0.407961
v -4.861571 0.221691 -0.451161
v -4.843071 0.229491 -0.386161
v -4.830871 0.227091 -0.386161
v -4.830371 0.227291 -0.406161
v -4.829071 0.227891 -0.426161
v -4.826771 0.228791 -0.446061
v -4.868171 0.211191 -0.452661
v -4.870671 0.210091 -0.430661
v -4.872171 0.209491 -0.408461
v -4.872671 0.209191 -0.386161
v -4.865971 0.219791 -0.386161
v -4.855471 0.226791 -0.386161
v -4.841271 0.230291 -0.345161
v -4.853571 0.227591 -0.343961
v -4.851171 0.228691 -0.322961
v -4.838871 0.231291 -0.324761
v -4.842571 0.229691 -0.365661
v -4.854971 0.226991 -0.365061
v -4.863971 0.220591 -0.342761
v -4.861571 0.221691 -0.321161
v -4.865471 0.219991 -0.364461
v -4.835671 0.232691 -0.304561
v -4.823671 0.230191 -0.306561
v -4.826771 0.228791 -0.326261
v -4.829071 0.227891 -0.346161
v -4.830371 0.227291 -0.366161
v -4.872171 0.209491 -0.363961
v -4.870671 0.210091 -0.341761
v -4.868171 0.211191 -0.319661
v -4.864671 0.212691 -0.297661
v -4.858171 0.223091 -0.299761
v -4.847871 0.230091 -0.302161
v -4.826471 0.236591 -0.264761
v -4.838371 0.234091 -0.261161
v -4.832271 0.236691 -0.241061
v -4.820571 0.239091 -0.245261
v -4.831571 0.234491 -0.284561
v -4.843571 0.231891 -0.281561
v -4.848371 0.227291 -0.257561
v -4.842171 0.229991 -0.236861
v -4.853771 0.224991 -0.278461
v -4.813771 0.241991 -0.226061
v -4.802271 0.239291 -0.230061
v -4.808871 0.236391 -0.248761
v -4.814671 0.233991 -0.267761
v -4.819571 0.231891 -0.287061
v -4.860171 0.214591 -0.275961
v -4.854671 0.216891 -0.254561
v -4.848271 0.219591 -0.233361
v -4.840871 0.222791 -0.212661
v -4.834971 0.232991 -0.216561
v -4.825271 0.239691 -0.221361
v -4.797671 0.248891 -0.188961
v -4.808671 0.246791 -0.183161
v -4.799071 0.250891 -0.164761
v -4.788371 0.252891 -0.171161
v -4.806171 0.245291 -0.207361
v -4.817371 0.243091 -0.202061
v -4.817871 0.240291 -0.177261
v -4.807971 0.244491 -0.158361
v -4.826771 0.236491 -0.196661
v -4.778271 0.257191 -0.153761
v -4.767571 0.254091 -0.159561
v -4.777471 0.249791 -0.176461
v -4.786471 0.245991 -0.193861
v -4.794771 0.242391 -0.211761
v -4.832571 0.226291 -0.192261
v -4.823371 0.230191 -0.172461
v -4.813271 0.234591 -0.153061
v -4.802371 0.239191 -0.134261
v -4.797271 0.249091 -0.139961
v -4.788671 0.255291 -0.146861
v -4.755771 0.266791 -0.120861
v -4.765471 0.265191 -0.112961
v -4.752771 0.270591 -0.096961
v -4.743371 0.271991 -0.105261
v -4.767371 0.261791 -0.136961
v -4.777471 0.260091 -0.129561
v -4.773471 0.259191 -0.105061
v -4.760371 0.264791 -0.088561
v -4.785771 0.253991 -0.122161
v -4.730371 0.277591 -0.090361
v -4.720871 0.273991 -0.097661
v -4.733571 0.268491 -0.112161
v -4.745671 0.263391 -0.127361
v -4.756971 0.258591 -0.143161
v -4.790571 0.244191 -0.116061
v -4.777971 0.249591 -0.098461
v -4.764571 0.255291 -0.081661
v -4.750471 0.261291 -0.065561
v -4.746571 0.270691 -0.072861
v -4.739371 0.276291 -0.081661
v -4.702371 0.289491 -0.062861
v -4.710571 0.288591 -0.053261
v -4.695271 0.295091 -0.040261
v -4.687571 0.295891 -0.050161
v -4.716671 0.283391 -0.076261
v -4.725271 0.282291 -0.067061
v -4.716971 0.283291 -0.043661
v -4.701171 0.290091 -0.030261
v -4.732071 0.276891 -0.057861
v -4.672071 0.302491 -0.038361
v -4.664071 0.298191 -0.046961
v -4.679071 0.291791 -0.058461
v -4.693671 0.285591 -0.070761
v -4.707571 0.279591 -0.083861
v -4.735671 0.267691 -0.050161
v -4.720171 0.274291 -0.035661
v -4.704071 0.281191 -0.021961
v -4.687271 0.288291 -0.009161
v -4.684771 0.296991 -0.017661
v -4.679371 0.301891 -0.028061
v -4.639671 0.316291 -0.017261
v -4.645971 0.316091 -0.006361
v -4.628671 0.323491 0.003139
v -4.622871 0.323491 -0.008061
v -4.656171 0.309291 -0.027361
v -4.662971 0.308891 -0.016761
v -4.650471 0.311691 0.004639
v -4.632571 0.319291 0.014439
v -4.667871 0.304191 -0.006061
v -4.605571 0.330791 0.000239
v -4.599171 0.325891 -0.009261
v -4.615971 0.318691 -0.017361
v -4.632471 0.311691 -0.026361
v -4.648471 0.304791 -0.036261
v -4.669971 0.295691 0.002739
v -4.652171 0.303291 0.013739
v -4.633871 0.311091 0.023739
v -4.615171 0.318991 0.032739
v -4.614271 0.327091 0.023239
v -4.610871 0.331091 0.011739
v -4.569971 0.345991 0.014139
v -4.574271 0.346691 0.026039
v -4.555471 0.354691 0.031639
v -4.551771 0.353691 0.019539
v -4.587971 0.338291 0.007639
v -4.592771 0.338891 0.019339
v -4.576671 0.343091 0.037939
v -4.557371 0.351391 0.043739
v -4.595671 0.334991 0.031039
v -4.533371 0.361591 0.024039
v -4.528771 0.355891 0.013939
v -4.546771 0.348191 0.009539
v -4.564471 0.340591 0.004239
v -4.581971 0.333191 -0.002061
v -4.596071 0.327191 0.040739
v -4.576671 0.335491 0.047739
v -4.556871 0.343891 0.053639
v -4.536971 0.352391 0.058539
v -4.537871 0.359691 0.048439
v -4.536571 0.362791 0.036239
v -4.496071 0.377491 0.030139
v -4.498071 0.379191 0.042439
v -4.478671 0.387491 0.044039
v -4.477171 0.385491 0.031639
v -4.514771 0.369491 0.027539
v -4.517371 0.370991 0.039839
v -4.498271 0.376591 0.054839
v -4.478371 0.385091 0.056439
v -4.518171 0.368091 0.052139
v -4.458371 0.393591 0.032139
v -4.455571 0.387091 0.021839
v -4.473971 0.379191 0.021339
v -4.492371 0.371391 0.019839
v -4.510571 0.363591 0.017339
v -4.516771 0.360991 0.062339
v -4.496471 0.369691 0.065139
v -4.475971 0.378391 0.066739
v -4.455571 0.387091 0.067239
v -4.458371 0.393591 0.056939
v -4.459271 0.395791 0.044539
v -4.420571 0.409691 0.030139
v -4.420371 0.412291 0.042439
v -4.401071 0.420591 0.039839
v -4.401871 0.417691 0.027539
v -4.439471 0.401591 0.031639
v -4.439771 0.404091 0.044039
v -4.418371 0.410591 0.054839
v -4.398471 0.419091 0.052139
v -4.438371 0.402091 0.056439
v -4.383271 0.425591 0.024039
v -4.382371 0.418291 0.013939
v -4.400471 0.410591 0.017339
v -4.418771 0.402791 0.019839
v -4.437171 0.394891 0.021339
v -4.435071 0.395791 0.066739
v -4.414671 0.404491 0.065139
v -4.394371 0.413191 0.062339
v -4.374171 0.421791 0.058539
v -4.378771 0.427491 0.048439
v -4.381971 0.428691 0.036239
v -4.346671 0.441191 0.014139
v -4.344271 0.444791 0.026039
v -4.325771 0.452691 0.019339
v -4.328671 0.448891 0.007639
v -4.364871 0.433491 0.019539
v -4.362971 0.436791 0.031639
v -4.339971 0.443991 0.037939
v -4.320971 0.452091 0.031039
v -4.359271 0.435791 0.043739
v -4.311071 0.456391 0.000239
v -4.311971 0.448291 -0.009261
v -4.329171 0.440991 -0.002061
v -4.346571 0.433491 0.004239
v -4.364371 0.425991 0.009539
v -4.354171 0.430291 0.053639
v -4.334471 0.438691 0.047739
v -4.315071 0.446991 0.040739
v -4.295971 0.455191 0.032739
v -4.302371 0.460091 0.023239
v -4.307671 0.460391 0.011739
v -4.276971 0.470891 -0.017261
v -4.272471 0.475391 -0.006361
v -4.255571 0.482591 -0.016761
v -4.260471 0.477891 -0.027361
v -4.293771 0.463691 -0.008061
v -4.289871 0.467991 0.003139
v -4.266171 0.475491 0.004639
v -4.248771 0.482991 -0.006061
v -4.284071 0.467891 0.014439
v -4.244571 0.484691 -0.038361
v -4.247071 0.475991 -0.046961
v -4.262571 0.469391 -0.036261
v -4.278671 0.462491 -0.026361
v -4.295071 0.455491 -0.017361
v -4.277171 0.463091 0.023739
v -4.258971 0.470891 0.013739
v -4.241071 0.478491 0.002739
v -4.223771 0.485891 -0.009161
v -4.231871 0.490191 -0.017661
v -4.239171 0.489591 -0.028061
v -4.214271 0.497691 -0.062861
v -4.207871 0.502891 -0.053261
v -4.193171 0.509191 -0.067061
v -4.199971 0.503791 -0.076261
v -4.229171 0.491291 -0.050161
v -4.223271 0.496391 -0.040261
v -4.199771 0.503891 -0.043661
v -4.184571 0.510291 -0.057861
v -4.215471 0.497091 -0.030261
v -4.186271 0.509591 -0.090361
v -4.190171 0.500191 -0.097661
v -4.203571 0.494591 -0.083861
v -4.217471 0.488591 -0.070761
v -4.231971 0.482391 -0.058461
v -4.207071 0.492991 -0.021961
v -4.190971 0.499891 -0.035661
v -4.175471 0.506491 -0.050161
v -4.160571 0.512791 -0.065561
v -4.170071 0.516491 -0.072861
v -4.179071 0.515191 -0.081661
v -4.160871 0.520391 -0.120861
v -4.152971 0.526291 -0.112961
v -4.140971 0.531391 -0.129561
v -4.149271 0.525391 -0.136961
v -4.173271 0.515091 -0.105261
v -4.165671 0.520891 -0.096961
v -4.143171 0.527891 -0.105061
v -4.130871 0.533191 -0.122161
v -4.156271 0.522391 -0.088561
v -4.138371 0.529991 -0.153761
v -4.143471 0.520091 -0.159561
v -4.154071 0.515591 -0.143161
v -4.165471 0.510791 -0.127361
v -4.177471 0.505691 -0.112161
v -4.146471 0.518891 -0.081661
v -4.133071 0.524591 -0.098461
v -4.120571 0.529891 -0.116061
v -4.108771 0.534991 -0.134261
v -4.119371 0.538091 -0.139961
v -4.129771 0.536191 -0.146861
v -4.118971 0.538291 -0.188961
v -4.109871 0.544691 -0.183161
v -4.101071 0.548491 -0.202061
v -4.110471 0.541891 -0.207361
v -4.128271 0.534291 -0.171161
v -4.119371 0.540691 -0.164761
v -4.098871 0.546891 -0.177261
v -4.089871 0.550691 -0.196661
v -4.108671 0.542691 -0.158361
v -4.102871 0.545191 -0.226061
v -4.108871 0.534891 -0.230061
v -4.116271 0.531691 -0.211761
v -4.124571 0.528191 -0.193861
v -4.133671 0.524291 -0.176461
v -4.097771 0.539591 -0.153061
v -4.087671 0.543891 -0.172461
v -4.078471 0.547891 -0.192261
v -4.070171 0.551391 -0.212661
v -4.081671 0.554191 -0.216561
v -4.093171 0.551791 -0.221361
v -4.090171 0.550591 -0.264761
v -4.080071 0.557391 -0.261161
v -4.074971 0.559591 -0.281561
v -4.085071 0.552691 -0.284561
v -4.096071 0.548091 -0.245261
v -4.086171 0.554791 -0.241061
v -4.068271 0.559891 -0.257561
v -4.062871 0.562191 -0.278461
v -4.074471 0.557191 -0.236861
v -4.080971 0.554491 -0.304561
v -4.087471 0.543991 -0.306561
v -4.091471 0.542291 -0.287061
v -4.096471 0.540191 -0.267761
v -4.102171 0.537791 -0.248761
v -4.062871 0.554491 -0.233361
v -4.056371 0.557291 -0.254561
v -4.050971 0.559591 -0.275961
v -4.046471 0.561491 -0.297661
v -4.058471 0.564091 -0.299761
v -4.070671 0.561391 -0.302161
v -4.075371 0.556891 -0.345161
v -4.064971 0.563891 -0.343961
v -4.063571 0.564491 -0.365061
v -4.074071 0.557391 -0.365661
v -4.077771 0.555891 -0.324761
v -4.067371 0.562891 -0.322961
v -4.052671 0.566591 -0.342761
v -4.051171 0.567191 -0.364461
v -4.055071 0.565491 -0.321161
v -4.073571 0.557591 -0.386161
v -4.080271 0.547091 -0.386161
v -4.080671 0.546891 -0.366161
v -4.082071 0.546291 -0.346161
v -4.084371 0.545391 -0.326261
v -4.042971 0.562991 -0.319661
v -4.040471 0.564091 -0.341761
v -4.038971 0.564691 -0.363961
v -4.038471 0.564891 -0.386161
v -4.050671 0.567391 -0.386161
v -4.063071 0.564691 -0.386161
v -4.075371 0.556891 -0.427161
v -4.064971 0.563891 -0.428361
v -4.067371 0.562891 -0.449361
v -4.077771 0.555891 -0.447561
v -4.074071 0.557391 -0.406661
v -4.063571 0.564491 -0.407261
v -4.052671 0.566591 -0.429561
v -4.055071 0.565491 -0.451161
v -4.051171 0.567191 -0.407961
v -4.080971 0.554491 -0.467761
v -4.087471 0.543991 -0.465761
v -4.084371 0.545391 -0.446061
v -4.082071 0.546291 -0.426161
v -4.080671 0.546891 -0.406161
v -4.038971 0.564691 -0.408461
v -4.040471 0.564091 -0.430661
v -4.042971 0.562991 -0.452661
v -4.046471 0.561491 -0.474661
v -4.058471 0.564091 -0.472661
v -4.070671 0.561391 -0.470161
v -4.090171 0.550591 -0.507561
v -4.080071 0.557391 -0.511161
v -4.086171 0.554791 -0.531261
v -4.096071 0.548091 -0.527061
v -4.085071 0.552691 -0.487761
v -4.074971 0.559591 -0.490861
v -4.068271 0.559891 -0.514761
v -4.074471 0.557191 -0.535461
v -4.062871 0.562191 -0.493861
v -4.102871 0.545191 -0.546261
v -4.108871 0.534891 -0.542261
v -4.102171 0.537791 -0.523561
v -4.096471 0.540191 -0.504561
v -4.091471 0.542291 -0.485261
v -4.050971 0.559591 -0.496361
v -4.056371 0.557291 -0.517761
v -4.062871 0.554491 -0.538961
v -4.070171 0.551391 -0.559661
v -4.081671 0.554191 -0.555761
v -4.093171 0.551791 -0.550961
v -4.118971 0.538291 -0.583361
v -4.109871 0.544691 -0.589161
v -4.119371 0.540691 -0.607561
v -4.128271 0.534291 -0.601161
v -4.110471 0.541891 -0.564961
v -4.101071 0.548491 -0.570361
v -4.098871 0.546891 -0.595061
v -4.108671 0.542691 -0.613961
v -4.089871 0.550691 -0.575661
v -4.138371 0.529991 -0.618561
v -4.143471 0.520091 -0.612861
v -4.133671 0.524291 -0.595861
v -4.124571 0.528191 -0.578461
v -4.116271 0.531691 -0.560561
v -4.078471 0.547891 -0.580061
v -4.087671 0.543891 -0.599961
v -4.097771 0.539591 -0.619261
v -4.108771 0.534991 -0.638061
v -4.119371 0.538091 -0.632361
v -4.129771 0.536191 -0.625461
v -4.160871 0.520391 -0.651561
v -4.152971 0.526291 -0.659361
v -4.165671 0.520891 -0.675461
v -4.173271 0.515091 -0.667061
v -4.149271 0.525391 -0.635361
v -4.140971 0.531391 -0.642761
v -4.143171 0.527891 -0.667261
v -4.156271 0.522391 -0.683761
v -4.130871 0.533191 -0.650161
v -4.186271 0.509591 -0.681961
v -4.190171 0.500191 -0.674661
v -4.177471 0.505691 -0.660161
v -4.165471 0.510791 -0.644961
v -4.154071 0.515591 -0.629161
v -4.120571 0.529891 -0.656261
v -4.133071 0.524591 -0.673861
v -4.146471 0.518891 -0.690661
v -4.160571 0.512791 -0.706761
v -4.170071 0.516491 -0.699561
v -4.179071 0.515191 -0.690761
v -4.214271 0.497691 -0.709461
v -4.207871 0.502891 -0.719061
v -4.223271 0.496391 -0.732161
v -4.229171 0.491291 -0.722161
v -4.199971 0.503791 -0.696061
v -4.193171 0.509191 -0.705261
v -4.199771 0.503891 -0.728761
v -4.215471 0.497091 -0.742061
v -4.184571 0.510291 -0.714561
v -4.244571 0.484691 -0.733961
v -4.247071 0.475991 -0.725361
v -4.231971 0.482391 -0.713861
v -4.217471 0.488591 -0.701561
v -4.203571 0.494591 -0.688461
v -4.175471 0.506491 -0.722161
v -4.190971 0.499891 -0.736661
v -4.207071 0.492991 -0.750361
v -4.223771 0.485891 -0.763161
v -4.231871 0.490191 -0.754661
v -4.239171 0.489591 -0.744261
v -4.276971 0.470891 -0.755061
v -4.272471 0.475391 -0.766061
v -4.289871 0.467991 -0.775561
v -4.293771 0.463691 -0.764261
v -4.260471 0.477891 -0.744961
v -4.255571 0.482591 -0.755561
v -4.266171 0.475491 -0.776961
v -4.284071 0.467891 -0.786761
v -4.248771 0.482991 -0.766261
v -4.311071 0.456391 -0.772561
v -4.311971 0.448291 -0.763061
v -4.295071 0.455491 -0.754961
v -4.278671 0.462491 -0.745961
v -4.262571 0.469391 -0.736061
v -4.241071 0.478491 -0.775061
v -4.258971 0.470891 -0.786061
v -4.277171 0.463091 -0.796061
v -4.295971 0.455191 -0.805061
v -4.302371 0.460091 -0.795561
v -4.307671 0.460391 -0.784061
v -4.346671 0.441191 -0.786461
v -4.344271 0.444791 -0.798361
v -4.362971 0.436791 -0.803961
v -4.364871 0.433491 -0.791861
v -4.328671 0.448891 -0.779961
v -4.325771 0.452691 -0.791661
v -4.339971 0.443991 -0.810261
v -4.359271 0.435791 -0.816061
v -4.320971 0.452091 -0.803361
v -4.383271 0.425591 -0.796361
v -4.382371 0.418291 -0.786261
v -4.364371 0.425991 -0.781961
v -4.346571 0.433491 -0.776561
v -4.329171 0.440991 -0.770261
v -4.315071 0.446991 -0.813061
v -4.334471 0.438691 -0.820061
v -4.354171 0.430291 -0.826061
v -4.374171 0.421791 -0.830861
v -4.378771 0.427491 -0.820761
v -4.381971 0.428691 -0.808561
v -4.420571 0.409691 -0.802461
v -4.420371 0.412291 -0.814761
v -4.439771 0.404091 -0.816361
v -4.439471 0.401591 -0.803961
v -4.401871 0.417691 -0.799961
v -4.401071 0.420591 -0.812261
v -4.418371 0.410591 -0.827161
v -4.438371 0.402091 -0.828761
v -4.398471 0.419091 -0.824561
v -4.437171 0.394891 -0.793661
v -4.418771 0.402791 -0.792161
v -4.400471 0.410591 -0.789761
v -4.394371 0.413191 -0.834661
v -4.414671 0.404491 -0.837461
v -4.435071 0.395791 -0.839061
v -4.035571 0.523891 -0.519661
v -4.039071 0.537391 -0.520261
v -4.033471 0.539691 -0.498461
v -4.029971 0.526291 -0.497861
v -4.042071 0.521091 -0.541061
v -4.045571 0.534591 -0.541761
v -4.046271 0.549191 -0.519661
v -4.040771 0.551591 -0.497861
v -4.052771 0.546391 -0.541061
v -4.025471 0.528191 -0.475861
v -4.049471 0.517991 -0.562161
v -4.053071 0.531391 -0.562961
v -4.060271 0.543191 -0.562161
v -4.036171 0.553491 -0.475861
v -4.028871 0.541691 -0.476261
v -4.404071 0.366791 -0.785861
v -4.409671 0.379291 -0.783661
v -4.427671 0.371691 -0.785161
v -4.422171 0.359091 -0.787261
v -4.386071 0.374391 -0.783361
v -4.391771 0.386991 -0.781261
v -4.414871 0.392091 -0.785861
v -4.432971 0.384291 -0.787261
v -4.396871 0.399691 -0.783361
v -4.440271 0.351291 -0.787761
v -4.368271 0.382091 -0.780061
v -4.373971 0.394491 -0.777961
v -4.378971 0.407291 -0.780061
v -4.451071 0.376591 -0.787761
v -4.445671 0.363991 -0.785661
v -4.766071 0.212391 -0.575461
v -4.769771 0.225791 -0.574461
v -4.777871 0.222391 -0.556961
v -4.774271 0.208991 -0.557861
v -4.757171 0.216191 -0.592661
v -4.760871 0.229591 -0.591561
v -4.776871 0.237691 -0.575461
v -4.784971 0.234191 -0.557861
v -4.767971 0.241491 -0.592661
v -4.781571 0.205791 -0.539861
v -4.747471 0.220391 -0.609261
v -4.751171 0.233691 -0.608061
v -4.758271 0.245691 -0.609261
v -4.792371 0.231091 -0.539861
v -4.785171 0.219191 -0.539061
v -4.067271 0.510391 -0.602961
v -4.070871 0.523791 -0.603961
v -4.061571 0.527791 -0.583661
v -4.057971 0.514391 -0.582761
v -4.077471 0.505991 -0.622561
v -4.081171 0.519391 -0.623661
v -4.078071 0.535691 -0.602961
v -4.068671 0.539691 -0.582761
v -4.088271 0.531291 -0.622561
v -4.088571 0.501291 -0.641661
v -4.092371 0.514591 -0.642861
v -4.099371 0.526591 -0.641661
v -4.481771 0.333691 -0.843761
v -4.487371 0.346191 -0.845961
v -4.466571 0.355091 -0.847561
v -4.461071 0.342491 -0.845461
v -4.502371 0.324891 -0.841061
v -4.508071 0.337391 -0.843161
v -4.492571 0.358891 -0.843761
v -4.471871 0.367791 -0.845461
v -4.513171 0.350191 -0.841061
v -4.440271 0.351291 -0.845961
v -4.522871 0.316091 -0.837161
v -4.528571 0.328591 -0.839261
v -4.533571 0.341391 -0.837161
v -4.451071 0.376591 -0.845961
v -4.445671 0.363991 -0.848161
v -4.793771 0.200591 -0.502761
v -4.797271 0.214091 -0.502161
v -4.802171 0.211991 -0.483261
v -4.798671 0.198591 -0.483761
v -4.788071 0.202991 -0.521461
v -4.791671 0.216491 -0.520761
v -4.804571 0.225891 -0.502761
v -4.809371 0.223791 -0.483761
v -4.798871 0.228291 -0.521461
v -4.802571 0.196891 -0.464561
v -4.813371 0.222091 -0.464561
v -4.806071 0.210291 -0.464061
v -4.113371 0.490691 -0.677861
v -4.117171 0.503991 -0.679261
v -4.104371 0.509491 -0.661361
v -4.100571 0.496191 -0.660061
v -4.126871 0.484991 -0.694961
v -4.130871 0.498191 -0.696361
v -4.124071 0.515991 -0.677861
v -4.111371 0.521491 -0.660061
v -4.137671 0.510291 -0.694961
v -4.141171 0.478891 -0.711361
v -4.145171 0.492091 -0.712861
v -4.151971 0.504091 -0.711361
v -4.563071 0.298991 -0.826161
v -4.569071 0.311391 -0.828261
v -4.548971 0.319991 -0.834261
v -4.543071 0.307491 -0.832261
v -4.582771 0.290591 -0.819161
v -4.588871 0.302891 -0.821161
v -4.573871 0.324291 -0.826161
v -4.553871 0.332791 -0.832261
v -4.593571 0.315891 -0.819161
v -4.602171 0.282291 -0.810961
v -4.608271 0.294591 -0.812961
v -4.612971 0.307591 -0.810961
v -4.807971 0.194591 -0.425561
v -4.811371 0.208091 -0.425361
v -4.812671 0.207491 -0.405761
v -4.809271 0.193991 -0.405861
v -4.805671 0.195491 -0.445061
v -4.809171 0.208991 -0.444761
v -4.818671 0.219891 -0.425561
v -4.820071 0.219291 -0.405861
v -4.816471 0.220791 -0.445061
v -4.809671 0.193791 -0.386161
v -4.820471 0.219091 -0.386161
v -4.813171 0.207291 -0.386161
v -4.171971 0.465791 -0.741661
v -4.176071 0.478891 -0.743261
v -4.160271 0.485691 -0.728461
v -4.156271 0.472491 -0.726861
v -4.188371 0.458791 -0.755561
v -4.192571 0.471891 -0.757261
v -4.182771 0.490991 -0.741661
v -4.166971 0.497691 -0.726861
v -4.199071 0.484091 -0.755561
v -4.205271 0.451491 -0.768461
v -4.209571 0.464591 -0.770261
v -4.216071 0.476791 -0.768461
v -4.639671 0.266291 -0.791661
v -4.645971 0.278591 -0.793561
v -4.627371 0.286491 -0.803761
v -4.621171 0.274191 -0.801861
v -4.657771 0.258591 -0.780561
v -4.664171 0.270791 -0.782461
v -4.650471 0.291591 -0.791661
v -4.631971 0.299491 -0.801861
v -4.668571 0.283891 -0.780561
v -4.675271 0.251091 -0.768461
v -4.681771 0.263291 -0.770261
v -4.686071 0.276391 -0.768461
v -4.807971 0.194591 -0.346761
v -4.811371 0.208091 -0.347061
v -4.809171 0.208991 -0.327561
v -4.805671 0.195491 -0.327261
v -4.809271 0.193991 -0.366461
v -4.812671 0.207491 -0.366561
v -4.818671 0.219891 -0.346761
v -4.816471 0.220791 -0.327261
v -4.820071 0.219291 -0.366461
v -4.802571 0.196891 -0.307861
v -4.813371 0.222091 -0.307861
v -4.806071 0.210291 -0.308261
v -4.240871 0.436391 -0.791661
v -4.245371 0.449391 -0.793561
v -4.227271 0.457091 -0.782461
v -4.222871 0.444091 -0.780561
v -4.259471 0.428391 -0.801861
v -4.263971 0.441391 -0.803761
v -4.251671 0.461591 -0.791661
v -4.233671 0.469291 -0.780561
v -4.270271 0.453691 -0.801861
v -4.278471 0.420391 -0.810961
v -4.283071 0.433291 -0.812961
v -4.289171 0.445591 -0.810961
v -4.708671 0.236891 -0.741661
v -4.715271 0.248991 -0.743261
v -4.698871 0.255991 -0.757261
v -4.692271 0.243891 -0.755561
v -4.724371 0.230191 -0.726861
v -4.731071 0.242291 -0.728461
v -4.719471 0.262191 -0.741661
v -4.703071 0.269191 -0.755561
v -4.735171 0.255491 -0.726861
v -4.739371 0.223791 -0.711361
v -4.746171 0.235891 -0.712861
v -4.750171 0.249091 -0.711361
v -4.793771 0.200591 -0.269561
v -4.797271 0.214091 -0.270261
v -4.791671 0.216491 -0.251561
v -4.788071 0.202991 -0.250861
v -4.798671 0.198591 -0.288561
v -4.802171 0.211991 -0.289161
v -4.804571 0.225891 -0.269561
v -4.798871 0.228291 -0.250861
v -4.809371 0.223791 -0.288561
v -4.781571 0.205791 -0.232461
v -4.792371 0.231091 -0.232461
v -4.785171 0.219191 -0.233261
v -4.317471 0.403691 -0.826161
v -4.322371 0.416591 -0.828261
v -4.302571 0.424991 -0.821161
v -4.297771 0.412091 -0.819161
v -4.337571 0.395191 -0.832261
v -4.342471 0.407991 -0.834261
v -4.328271 0.428991 -0.826161
v -4.308571 0.437391 -0.819161
v -4.348271 0.420391 -0.832261
v -4.357771 0.386491 -0.837161
v -4.362771 0.399291 -0.839261
v -4.368571 0.411791 -0.837161
v -4.767271 0.211891 -0.677861
v -4.774171 0.223891 -0.679261
v -4.760571 0.229691 -0.696361
v -4.753771 0.217691 -0.694961
v -4.780071 0.206491 -0.660061
v -4.786971 0.218391 -0.661361
v -4.778071 0.237191 -0.677861
v -4.764471 0.242991 -0.694961
v -4.790871 0.231791 -0.660061
v -4.791971 0.201391 -0.641661
v -4.799071 0.213291 -0.642861
v -4.802771 0.226691 -0.641661
v -4.766071 0.212391 -0.196861
v -4.769771 0.225791 -0.197861
v -4.760871 0.229591 -0.180861
v -4.757171 0.216191 -0.179761
v -4.774271 0.208991 -0.214461
v -4.777871 0.222391 -0.215361
v -4.776871 0.237691 -0.196861
v -4.767971 0.241491 -0.179761
v -4.784971 0.234191 -0.214461
v -4.747471 0.220391 -0.163061
v -4.758271 0.245691 -0.163061
v -4.751171 0.233691 -0.164261
v -4.398871 0.368991 -0.843761
v -4.404071 0.381691 -0.845961
v -4.383371 0.390591 -0.843161
v -4.378271 0.377791 -0.841061
v -4.419571 0.360191 -0.845461
v -4.424871 0.372891 -0.847561
v -4.409671 0.394291 -0.843761
v -4.388971 0.403091 -0.841061
v -4.430371 0.385491 -0.845461
v -4.813371 0.192291 -0.602961
v -4.820471 0.204191 -0.603961
v -4.810171 0.208591 -0.623661
v -4.803071 0.196591 -0.622561
v -4.822671 0.188291 -0.582761
v -4.829871 0.200191 -0.583661
v -4.824171 0.217591 -0.602961
v -4.813871 0.221891 -0.622561
v -4.833471 0.213591 -0.582761
v -4.831071 0.184691 -0.562161
v -4.838271 0.196591 -0.562961
v -4.841871 0.209991 -0.562161
v -4.725871 0.229591 -0.131461
v -4.729771 0.242891 -0.132761
v -4.717971 0.247891 -0.117961
v -4.713971 0.234591 -0.116461
v -4.736971 0.224791 -0.146961
v -4.740871 0.238091 -0.148261
v -4.736671 0.254891 -0.131461
v -4.724771 0.259891 -0.116461
v -4.747771 0.250091 -0.146961
v -4.701471 0.239991 -0.102161
v -4.712271 0.265191 -0.102161
v -4.705471 0.253191 -0.103761
v -4.845071 0.178691 -0.519661
v -4.852371 0.190591 -0.520261
v -4.845771 0.193391 -0.541761
v -4.838571 0.181491 -0.541061
v -4.850671 0.176391 -0.497861
v -4.857871 0.188191 -0.498461
v -4.855871 0.203991 -0.519661
v -4.849371 0.206791 -0.541061
v -4.861371 0.201691 -0.497861
v -4.855171 0.174391 -0.475861
v -4.862471 0.186291 -0.476261
v -4.865971 0.199691 -0.475861
v -4.674671 0.251391 -0.075761
v -4.678771 0.264591 -0.077361
v -4.664571 0.270691 -0.065361
v -4.660371 0.257491 -0.063661
v -4.688371 0.245591 -0.088661
v -4.692471 0.258791 -0.090161
v -4.685471 0.276691 -0.075761
v -4.671171 0.282791 -0.063661
v -4.699171 0.270791 -0.088661
v -4.645571 0.263791 -0.052261
v -4.656271 0.289091 -0.052261
v -4.649871 0.276891 -0.054061
v -4.861271 0.171891 -0.431261
v -4.868571 0.183691 -0.431461
v -4.866071 0.184691 -0.453961
v -4.858671 0.172891 -0.453661
v -4.862771 0.171191 -0.408761
v -4.870171 0.182991 -0.408861
v -4.872071 0.197091 -0.431261
v -4.869471 0.198191 -0.453661
v -4.873571 0.196491 -0.408761
v -4.863271 0.170991 -0.386161
v -4.870671 0.182791 -0.386161
v -4.874071 0.196291 -0.386161
v -4.614471 0.277091 -0.031961
v -4.618871 0.290091 -0.033861
v -4.602771 0.296991 -0.025061
v -4.598271 0.283991 -0.023161
v -4.630171 0.270391 -0.041761
v -4.634571 0.283391 -0.043561
v -4.625171 0.302391 -0.031961
v -4.609071 0.309291 -0.023161
v -4.640971 0.295591 -0.041761
v -4.581671 0.291091 -0.015161
v -4.592471 0.316291 -0.015161
v -4.586271 0.303991 -0.017161
v -4.861271 0.171891 -0.341061
v -4.868571 0.183691 -0.340861
v -4.870171 0.182991 -0.363461
v -4.862771 0.171191 -0.363561
v -4.858671 0.172891 -0.318661
v -4.866071 0.184691 -0.318361
v -4.872071 0.197091 -0.341061
v -4.873571 0.196491 -0.363561
v -4.869471 0.198191 -0.318661
v -4.855171 0.174391 -0.296461
v -4.862471 0.186291 -0.296061
v -4.865971 0.199691 -0.296461
v -4.547571 0.305591 -0.001861
v -4.552371 0.318491 -0.003961
v -4.534971 0.325891 0.001339
v -4.530071 0.313091 0.003339
v -4.564771 0.298291 -0.008061
v -4.569471 0.311191 -0.010061
v -4.558271 0.330891 -0.001861
v -4.540871 0.338291 0.003339
v -4.575571 0.323591 -0.008061
v -4.512371 0.320591 0.007739
v -4.523171 0.345891 0.007739
v -4.517371 0.333391 0.005639
v -4.845071 0.178691 -0.252661
v -4.852371 0.190591 -0.252061
v -4.857871 0.188191 -0.273961
v -4.850671 0.176391 -0.274461
v -4.838571 0.181491 -0.231261
v -4.845771 0.193391 -0.230561
v -4.855871 0.203991 -0.252661
v -4.861371 0.201691 -0.274461
v -4.849371 0.206791 -0.231261
v -4.831071 0.184691 -0.210161
v -4.838271 0.196591 -0.209361
v -4.841871 0.209991 -0.210161
v -4.476471 0.335891 0.013439
v -4.481671 0.348591 0.011339
v -4.463771 0.356291 0.012839
v -4.458471 0.343591 0.014939
v -4.494471 0.328191 0.011039
v -4.499571 0.340991 0.008939
v -4.487271 0.361191 0.013439
v -4.469171 0.368891 0.014939
v -4.505271 0.353491 0.011039
v -4.440271 0.351291 0.015439
v -4.451071 0.376591 0.015439
v -4.445671 0.363991 0.013239
v -4.813371 0.192291 -0.169361
v -4.820471 0.204191 -0.168361
v -4.829871 0.200191 -0.188661
v -4.822671 0.188291 -0.189561
v -4.803071 0.196591 -0.149761
v -4.810171 0.208591 -0.148661
v -4.824171 0.217591 -0.169361
v -4.833471 0.213591 -0.189561
v -4.813871 0.221891 -0.149761
v -4.791971 0.201391 -0.130661
v -4.799071 0.213291 -0.129561
v -4.802771 0.226691 -0.130661
v -4.404071 0.366791 0.013439
v -4.409671 0.379291 0.011339
v -4.391771 0.386991 0.008939
v -4.386071 0.374391 0.011039
v -4.422171 0.359091 0.014939
v -4.427671 0.371691 0.012839
v -4.414871 0.392091 0.013439
v -4.396871 0.399691 0.011039
v -4.432971 0.384291 0.014939
v -4.368271 0.382091 0.007739
v -4.378971 0.407291 0.007739
v -4.373971 0.394491 0.005639
v -4.767271 0.211891 -0.094461
v -4.774171 0.223891 -0.093061
v -4.786971 0.218391 -0.110961
v -4.780071 0.206491 -0.112261
v -4.753771 0.217691 -0.077361
v -4.760571 0.229691 -0.075961
v -4.778071 0.237191 -0.094461
v -4.790871 0.231791 -0.112261
v -4.764471 0.242991 -0.077361
v -4.739371 0.223791 -0.061061
v -4.746171 0.235891 -0.059461
v -4.750171 0.249091 -0.061061
v -4.333071 0.397091 -0.001861
v -4.339071 0.409491 -0.003961
v -4.321871 0.416791 -0.010061
v -4.315871 0.404391 -0.008061
v -4.350571 0.389591 0.003339
v -4.356371 0.401991 0.001339
v -4.343871 0.422291 -0.001861
v -4.326671 0.429691 -0.008061
v -4.361371 0.414891 0.003339
v -4.298971 0.411591 -0.015161
v -4.309671 0.436891 -0.015161
v -4.305071 0.423891 -0.017161
v -4.708671 0.236891 -0.030661
v -4.715271 0.248991 -0.029061
v -4.731071 0.242291 -0.043861
v -4.724371 0.230191 -0.045461
v -4.692271 0.243891 -0.016861
v -4.698871 0.255991 -0.015161
v -4.719471 0.262191 -0.030661
v -4.735171 0.255491 -0.045461
v -4.703071 0.269191 -0.016861
v -4.675271 0.251091 -0.003861
v -4.681771 0.263291 -0.002061
v -4.686071 0.276391 -0.003861
v -4.266171 0.425591 -0.031961
v -4.272471 0.437791 -0.033861
v -4.256771 0.444491 -0.043561
v -4.250371 0.432291 -0.041761
v -4.282371 0.418691 -0.023161
v -4.288571 0.430991 -0.025061
v -4.276971 0.450891 -0.031961
v -4.261171 0.457591 -0.041761
v -4.293171 0.443991 -0.023161
v -4.235071 0.438791 -0.052261
v -4.245871 0.464091 -0.052261
v -4.241571 0.450991 -0.054061
v -4.639671 0.266291 0.019339
v -4.645971 0.278591 0.021239
v -4.664171 0.270791 0.010039
v -4.657771 0.258591 0.008239
v -4.621171 0.274191 0.029539
v -4.627371 0.286491 0.031439
v -4.650471 0.291591 0.019339
v -4.668571 0.283891 0.008239
v -4.631971 0.299491 0.029539
v -4.602171 0.282291 0.038639
v -4.608271 0.294591 0.040639
v -4.612971 0.307591 0.038639
v -4.205971 0.451291 -0.075761
v -4.212571 0.463391 -0.077361
v -4.198971 0.469191 -0.090161
v -4.192271 0.457091 -0.088661
v -4.220271 0.445191 -0.063661
v -4.226771 0.457291 -0.065361
v -4.216771 0.476491 -0.075761
v -4.202971 0.482391 -0.088661
v -4.231071 0.470391 -0.063661
v -4.179071 0.462691 -0.102161
v -4.189871 0.487991 -0.102161
v -4.185871 0.474791 -0.103761
v -4.563071 0.298991 0.053839
v -4.569071 0.311391 0.055939
v -4.588871 0.302891 0.048839
v -4.582771 0.290591 0.046739
v -4.543071 0.307491 0.059839
v -4.548971 0.319991 0.061939
v -4.573871 0.324291 0.053839
v -4.593571 0.315891 0.046739
v -4.553871 0.332791 0.059839
v -4.522871 0.316091 0.064839
v -4.528571 0.328591 0.066939
v -4.533571 0.341391 0.064839
v -4.154771 0.473091 -0.131461
v -4.161671 0.485091 -0.132761
v -4.150571 0.489791 -0.148261
v -4.143571 0.477791 -0.146961
v -4.166571 0.467991 -0.116461
v -4.173471 0.480091 -0.117961
v -4.165571 0.498391 -0.131461
v -4.154371 0.503091 -0.146961
v -4.177371 0.493291 -0.116461
v -4.133171 0.482291 -0.163061
v -4.143971 0.507591 -0.163061
v -4.140171 0.494191 -0.164261
v -4.481771 0.333691 0.071439
v -4.487371 0.346191 0.073539
v -4.508071 0.337391 0.070839
v -4.502371 0.324891 0.068739
v -4.461071 0.342491 0.073139
v -4.466571 0.355091 0.075239
v -4.492571 0.358891 0.071439
v -4.513171 0.350191 0.068739
v -4.471871 0.367791 0.073139
v -4.440271 0.351291 0.073639
v -4.445671 0.363991 0.075839
v -4.451071 0.376591 0.073639
v -4.114571 0.490191 -0.196861
v -4.121671 0.502091 -0.197861
v -4.113571 0.505591 -0.215361
v -4.106371 0.493691 -0.214461
v -4.123471 0.486391 -0.179761
v -4.130571 0.498391 -0.180861
v -4.125271 0.515491 -0.196861
v -4.117171 0.518991 -0.214461
v -4.134271 0.511691 -0.179761
v -4.099071 0.496891 -0.232461
v -4.109771 0.522091 -0.232461
v -4.106271 0.508691 -0.233261
v -4.398871 0.368991 0.071439
v -4.404071 0.381691 0.073539
v -4.424871 0.372891 0.075239
v -4.419571 0.360191 0.073139
v -4.378271 0.377791 0.068739
v -4.383371 0.390591 0.070839
v -4.409671 0.394291 0.071439
v -4.430371 0.385491 0.073139
v -4.388971 0.403091 0.068739
v -4.357771 0.386491 0.064839
v -4.362771 0.399291 0.066939
v -4.368571 0.411791 0.064839
v -4.086771 0.502091 -0.269561
v -4.094071 0.513891 -0.270261
v -4.089271 0.515891 -0.289161
v -4.081971 0.504091 -0.288561
v -4.092471 0.499591 -0.250861
v -4.099771 0.511491 -0.251561
v -4.097571 0.527291 -0.269561
v -4.092771 0.529391 -0.288561
v -4.103271 0.524891 -0.250861
v -4.077971 0.505791 -0.307861
v -4.088771 0.531091 -0.307861
v -4.085271 0.517591 -0.308261
v -4.317471 0.403691 0.053839
v -4.322371 0.416591 0.055939
v -4.342471 0.407991 0.061939
v -4.337571 0.395191 0.059839
v -4.297771 0.412091 0.046739
v -4.302571 0.424991 0.048839
v -4.328271 0.428991 0.053839
v -4.348271 0.420391 0.059839
v -4.308571 0.437391 0.046739
v -4.278471 0.420391 0.038639
v -4.283071 0.433291 0.040639
v -4.289171 0.445591 0.038639
v -4.072671 0.508091 -0.346761
v -4.080071 0.519891 -0.347061
v -4.078671 0.520491 -0.366561
v -4.071371 0.508591 -0.366461
v -4.074871 0.507091 -0.327261
v -4.082271 0.518891 -0.327561
v -4.083471 0.533391 -0.346761
v -4.082171 0.533891 -0.366461
v -4.085671 0.532391 -0.327261
v -4.070871 0.508791 -0.386161
v -4.081671 0.534091 -0.386161
v -4.078271 0.520591 -0.386161
v -4.240871 0.436391 0.019339
v -4.245371 0.449391 0.021239
v -4.263971 0.441391 0.031439
v -4.259471 0.428391 0.029539
v -4.222871 0.444091 0.008239
v -4.227271 0.457091 0.010039
v -4.251671 0.461591 0.019339
v -4.270271 0.453691 0.029539
v -4.233671 0.469291 0.008239
v -4.205271 0.451491 -0.003861
v -4.209571 0.464591 -0.002061
v -4.216071 0.476791 -0.003861
v -4.072671 0.508091 -0.425561
v -4.080071 0.519891 -0.425361
v -4.082271 0.518891 -0.444761
v -4.074871 0.507091 -0.445061
v -4.071371 0.508591 -0.405861
v -4.078671 0.520491 -0.405761
v -4.083471 0.533391 -0.425561
v -4.085671 0.532391 -0.445061
v -4.082171 0.533891 -0.405861
v -4.077971 0.505791 -0.464561
v -4.088771 0.531091 -0.464561
v -4.085271 0.517591 -0.464061
v -4.171971 0.465791 -0.030661
v -4.176071 0.478891 -0.029061
v -4.192571 0.471891 -0.015161
v -4.188371 0.458791 -0.016861
v -4.156271 0.472491 -0.045461
v -4.160271 0.485691 -0.043861
v -4.182771 0.490991 -0.030661
v -4.199071 0.484091 -0.016861
v -4.166971 0.497691 -0.045461
v -4.141171 0.478891 -0.061061
v -4.145171 0.492091 -0.059461
v -4.151971 0.504091 -0.061061
v -4.086771 0.502091 -0.502761
v -4.094071 0.513891 -0.502161
v -4.099771 0.511491 -0.520761
v -4.092471 0.499591 -0.521461
v -4.081971 0.504091 -0.483761
v -4.089271 0.515891 -0.483261
v -4.097571 0.527291 -0.502761
v -4.103271 0.524891 -0.521461
v -4.092771 0.529391 -0.483761
v -4.099071 0.496891 -0.539861
v -4.109771 0.522091 -0.539861
v -4.106271 0.508691 -0.539061
v -4.113371 0.490691 -0.094461
v -4.117171 0.503991 -0.093061
v -4.130871 0.498191 -0.075961
v -4.126871 0.484991 -0.077361
v -4.100571 0.496191 -0.112261
v -4.104371 0.509491 -0.110961
v -4.124071 0.515991 -0.094461
v -4.137671 0.510291 -0.077361
v -4.111371 0.521491 -0.112261
v -4.088571 0.501291 -0.130661
v -4.092371 0.514591 -0.129561
v -4.099371 0.526591 -0.130661
v -4.114571 0.490191 -0.575461
v -4.121671 0.502091 -0.574461
v -4.130571 0.498391 -0.591561
v -4.123471 0.486391 -0.592661
v -4.106371 0.493691 -0.557861
v -4.113571 0.505591 -0.556961
v -4.125271 0.515491 -0.575461
v -4.134271 0.511691 -0.592661
v -4.117171 0.518991 -0.557861
v -4.133171 0.482291 -0.609261
v -4.143971 0.507591 -0.609261
v -4.140171 0.494191 -0.608061
v -4.476471 0.335891 -0.785861
v -4.481671 0.348591 -0.783661
v -4.499571 0.340991 -0.781261
v -4.494471 0.328191 -0.783361
v -4.458471 0.343591 -0.787261
v -4.463771 0.356291 -0.785161
v -4.487271 0.361191 -0.785861
v -4.505271 0.353491 -0.783361
v -4.469171 0.368891 -0.787261
v -4.512371 0.320591 -0.780061
v -4.523171 0.345891 -0.780061
v -4.517371 0.333391 -0.777961
v -4.067271 0.510391 -0.169361
v -4.070871 0.523791 -0.168361
v -4.081171 0.519391 -0.148661
v -4.077471 0.505991 -0.149761
v -4.057971 0.514391 -0.189561
v -4.061571 0.527791 -0.188661
v -4.078071 0.535691 -0.169361
v -4.088271 0.531291 -0.149761
v -4.068671 0.539691 -0.189561
v -4.049471 0.517991 -0.210161
v -4.053071 0.531391 -0.209361
v -4.060271 0.543191 -0.210161
v -4.154771 0.473091 -0.640961
v -4.161671 0.485091 -0.639561
v -4.173471 0.480091 -0.654461
v -4.166571 0.467991 -0.655861
v -4.143571 0.477791 -0.625361
v -4.150571 0.489791 -0.624161
v -4.165571 0.498391 -0.640961
v -4.177371 0.493291 -0.655861
v -4.154371 0.503091 -0.625361
v -4.179071 0.462691 -0.670161
v -4.189871 0.487991 -0.670161
v -4.185871 0.474791 -0.668661
v -4.547571 0.305591 -0.770461
v -4.552371 0.318491 -0.768461
v -4.569471 0.311191 -0.762261
v -4.564771 0.298291 -0.764261
v -4.530071 0.313091 -0.775761
v -4.534971 0.325891 -0.773661
v -4.558271 0.330891 -0.770461
v -4.575571 0.323591 -0.764261
v -4.540871 0.338291 -0.775761
v -4.581671 0.291091 -0.757161
v -4.592471 0.316291 -0.757161
v -4.586271 0.303991 -0.755161
v -4.035571 0.523891 -0.252661
v -4.039071 0.537391 -0.252061
v -4.045571 0.534591 -0.230561
v -4.042071 0.521091 -0.231261
v -4.029971 0.526291 -0.274461
v -4.033471 0.539691 -0.273961
v -4.046271 0.549191 -0.252661
v -4.052771 0.546391 -0.231261
v -4.040771 0.551591 -0.274461
v -4.025471 0.528191 -0.296461
v -4.028871 0.541691 -0.296061
v -4.036171 0.553491 -0.296461
v -4.205971 0.451291 -0.696561
v -4.212571 0.463391 -0.694961
v -4.226771 0.457291 -0.706961
v -4.220271 0.445191 -0.708761
v -4.192271 0.457091 -0.683761
v -4.198971 0.469191 -0.682161
v -4.216771 0.476491 -0.696561
v -4.231071 0.470391 -0.708761
v -4.202971 0.482391 -0.683761
v -4.235071 0.438791 -0.720061
v -4.245871 0.464091 -0.720061
v -4.241571 0.450991 -0.718261
v -4.614471 0.277091 -0.740361
v -4.618871 0.290091 -0.738461
v -4.634571 0.283391 -0.728761
v -4.630171 0.270391 -0.730661
v -4.598271 0.283991 -0.749161
v -4.602771 0.296991 -0.747261
v -4.625171 0.302391 -0.740361
v -4.640971 0.295591 -0.730661
v -4.609071 0.309291 -0.749161
v -4.645571 0.263791 -0.720061
v -4.656271 0.289091 -0.720061
v -4.649871 0.276891 -0.718261
v -4.019371 0.530791 -0.341061
v -4.022771 0.544291 -0.340861
v -4.025371 0.543191 -0.318361
v -4.021871 0.529691 -0.318661
v -4.017771 0.531491 -0.363561
v -4.021271 0.544891 -0.363461
v -4.030171 0.556091 -0.341061
v -4.032671 0.554991 -0.318661
v -4.028571 0.556791 -0.363561
v -4.017271 0.531691 -0.386161
v -4.020771 0.545191 -0.386161
v -4.028071 0.556991 -0.386161
v -4.266171 0.425591 -0.740361
v -4.272471 0.437791 -0.738461
v -4.288571 0.430991 -0.747261
v -4.282371 0.418691 -0.749161
v -4.250371 0.432291 -0.730661
v -4.256771 0.444491 -0.728761
v -4.276971 0.450891 -0.740361
v -4.293171 0.443991 -0.749161
v -4.261171 0.457591 -0.730661
v -4.298971 0.411591 -0.757161
v -4.309671 0.436891 -0.757161
v -4.305071 0.423891 -0.755161
v -4.674671 0.251391 -0.696561
v -4.678771 0.264591 -0.694961
v -4.692471 0.258791 -0.682161
v -4.688371 0.245591 -0.683761
v -4.660371 0.257491 -0.708761
v -4.664571 0.270691 -0.706961
v -4.685471 0.276691 -0.696561
v -4.699171 0.270791 -0.683761
v -4.671171 0.282791 -0.708761
v -4.701471 0.239991 -0.670161
v -4.712271 0.265191 -0.670161
v -4.705471 0.253191 -0.668661
v -4.019371 0.530791 -0.431261
v -4.022771 0.544291 -0.431461
v -4.021271 0.544891 -0.408861
v -4.017771 0.531491 -0.408761
v -4.021871 0.529691 -0.453661
v -4.025371 0.543191 -0.453961
v -4.030171 0.556091 -0.431261
v -4.028571 0.556791 -0.408761
v -4.032671 0.554991 -0.453661
v -4.333071 0.397091 -0.770461
v -4.339071 0.409491 -0.768461
v -4.356371 0.401991 -0.773661
v -4.350571 0.389591 -0.775761
v -4.315871 0.404391 -0.764261
v -4.321871 0.416791 -0.762261
v -4.343871 0.422291 -0.770461
v -4.361371 0.414891 -0.775761
v -4.326671 0.429691 -0.764261
v -4.725871 0.229591 -0.640961
v -4.729771 0.242891 -0.639561
v -4.740871 0.238091 -0.624161
v -4.736971 0.224791 -0.625361
v -4.713971 0.234591 -0.655861
v -4.717971 0.247891 -0.654461
v -4.736671 0.254891 -0.640961
v -4.747771 0.250091 -0.625361
v -4.724771 0.259891 -0.655861
vn -0.3612 0.9146 0.1816
vn -0.3610 0.9146 0.1820
vn -0.3666 0.9124 0.1820
vn -0.3719 0.9098 0.1844
vn -0.3767 0.9079 0.1841
vn -0.3768 0.9077 0.1845
vn -0.4021 0.8962 -0.1877
vn -0.4020 0.8963 -0.1874
vn -0.4069 0.8943 -0.1864
vn -0.4142 0.8914 -0.1841
vn -0.3927 0.9001 -0.1888
vn -0.3925 0.9003 -0.1883
vn -0.2344 0.7964 0.5575
vn -0.2597 0.7856 0.5616
vn -0.2597 0.7857 0.5615
vn -0.2851 0.7748 0.5643
vn -0.3106 0.7639 0.5657
vn -0.3828 0.9052 0.1848
vn -0.3872 0.9035 0.1839
vn -0.3868 0.9038 -0.1833
vn -0.3867 0.9037 -0.1837
vn -0.3361 0.7530 -0.5657
vn -0.3362 0.7530 -0.5657
vn -0.3362 0.7530 -0.5656
vn -0.3618 0.7421 -0.5643
vn -0.3617 0.7421 -0.5643
vn -0.3871 0.7313 -0.5615
vn -0.3871 0.7313 -0.5616
vn -0.4123 0.7206 -0.5575
vn -0.4121 0.7206 -0.5576
vn -0.4123 0.7205 -0.5575
vn -0.4178 0.8894 -0.1855
vn -0.4167 0.8900 -0.1848
vn -0.3504 0.9193 0.1795
vn -0.3486 0.9195 0.1819
vn 0.4106 -0.8934 0.1821
vn 0.4005 -0.8977 0.1837
vn 0.4042 -0.8960 0.1838
vn 0.4108 -0.8934 0.1817
vn 0.3630 -0.9136 -0.1831
vn 0.3702 -0.9107 -0.1832
vn 0.3701 -0.9108 -0.1827
vn 0.3588 -0.9155 -0.1820
vn 0.3906 -0.9017 0.1854
vn 0.3957 -0.9000 0.1830
vn 0.3735 -0.9087 -0.1862
vn 0.3767 -0.9068 -0.1892
vn 0.4123 -0.7205 0.5575
vn 0.4166 -0.8907 0.1819
vn 0.4199 -0.8893 0.1809
vn 0.3536 -0.9177 -0.1812
vn 0.3499 -0.9191 -0.1809
vn 0.2344 -0.7964 -0.5575
vn 0.2597 -0.7856 -0.5616
vn 0.2597 -0.7857 -0.5615
vn 0.2851 -0.7748 -0.5643
vn 0.3106 -0.7639 -0.5657
vn 0.3844 -0.9048 -0.1832
vn 0.3852 -0.9044 -0.1833
vn 0.3851 -0.9045 0.1833
vn 0.3854 -0.9045 0.1828
vn 0.3361 -0.7530 0.5657
vn 0.3362 -0.7530 0.5657
vn 0.3617 -0.7421 0.5643
vn 0.3871 -0.7313 0.5616
vn 0.3873 -0.7312 0.5616
vn 0.3872 -0.7312 0.5617
vn 0.4404 -0.8799 0.1782
vn 0.4332 -0.8831 0.1802
vn 0.4367 -0.8816 0.1792
vn 0.4448 -0.8790 0.1716
vn 0.3252 -0.9290 -0.1768
vn 0.3353 -0.9248 -0.1799
vn 0.3356 -0.9246 -0.1804
vn 0.3249 -0.9292 -0.1759
vn 0.4273 -0.8862 0.1789
vn 0.4271 -0.8865 0.1782
vn 0.3473 -0.9206 -0.1787
vn 0.3468 -0.9205 -0.1799
vn 0.5107 -0.6785 0.5280
vn 0.5107 -0.6786 0.5279
vn 0.5107 -0.6785 0.5279
vn 0.5110 -0.6782 0.5281
vn 0.4479 -0.8774 0.1718
vn 0.4534 -0.8752 0.1689
vn 0.3178 -0.9320 -0.1746
vn 0.3163 -0.9331 -0.1711
vn 0.1361 -0.8383 -0.5279
vn 0.1601 -0.8281 -0.5373
vn 0.1600 -0.8281 -0.5373
vn 0.1845 -0.8177 -0.5453
vn 0.1844 -0.8177 -0.5453
vn 0.2093 -0.8071 -0.5521
vn 0.4375 -0.7098 0.5521
vn 0.4622 -0.6993 0.5453
vn 0.4622 -0.6992 0.5453
vn 0.4866 -0.6888 0.5374
vn 0.4866 -0.6888 0.5373
vn 0.4866 -0.6887 0.5375
vn 0.4710 -0.8680 0.1573
vn 0.4644 -0.8698 0.1667
vn 0.4691 -0.8676 0.1648
vn 0.4730 -0.8671 0.1561
vn 0.2980 -0.9416 -0.1567
vn 0.3043 -0.9378 -0.1669
vn 0.3034 -0.9381 -0.1669
vn 0.2977 -0.9417 -0.1571
vn 0.4595 -0.8719 0.1694
vn 0.4598 -0.8717 0.1698
vn 0.3117 -0.9348 -0.1701
vn 0.3117 -0.9349 -0.1697
vn 0.6018 -0.6397 0.4781
vn 0.6018 -0.6398 0.4781
vn 0.4777 -0.8647 0.1550
vn 0.4822 -0.8629 0.1514
vn 0.2920 -0.9442 -0.1521
vn 0.2911 -0.9444 -0.1525
vn 0.0450 -0.8772 -0.4781
vn 0.0449 -0.8772 -0.4781
vn 0.0668 -0.8679 -0.4922
vn 0.0668 -0.8679 -0.4923
vn 0.0893 -0.8583 -0.5054
vn 0.0893 -0.8582 -0.5054
vn 0.0890 -0.8582 -0.5055
vn 0.1124 -0.8484 -0.5173
vn 0.5344 -0.6685 0.5172
vn 0.5343 -0.6685 0.5173
vn 0.5574 -0.6587 0.5054
vn 0.5799 -0.6491 0.4923
vn 0.4984 -0.8559 0.1382
vn 0.4911 -0.8590 0.1447
vn 0.4947 -0.8575 0.1414
vn 0.5010 -0.8547 0.1359
vn 0.2720 -0.9528 -0.1346
vn 0.2775 -0.9503 -0.1408
vn 0.2744 -0.9512 -0.1414
vn 0.2668 -0.9539 -0.1372
vn 0.4881 -0.8597 0.1508
vn 0.4886 -0.8592 0.1517
vn 0.2817 -0.9474 -0.1518
vn 0.2823 -0.9474 -0.1511
vn 0.6823 -0.6054 0.4098
vn 0.5058 -0.8527 0.1309
vn 0.5057 -0.8528 0.1307
vn 0.2666 -0.9547 -0.1324
vn 0.2644 -0.9557 -0.1296
vn -0.0355 -0.9115 -0.4098
vn -0.0165 -0.9033 -0.4286
vn -0.0166 -0.9034 -0.4286
vn -0.0165 -0.9034 -0.4285
vn 0.0031 -0.8950 -0.4461
vn 0.0030 -0.8950 -0.4461
vn 0.0237 -0.8862 -0.4627
vn 0.0237 -0.8862 -0.4626
vn 0.6231 -0.6307 0.4626
vn 0.6436 -0.6219 0.4461
vn 0.6436 -0.6219 0.4462
vn 0.6436 -0.6218 0.4463
vn 0.6635 -0.6133 0.4286
vn 0.6633 -0.6135 0.4285
vn 0.6632 -0.6136 0.4285
vn 0.6633 -0.6136 0.4285
vn 0.5212 -0.8457 0.1151
vn 0.5155 -0.8482 0.1217
vn 0.5212 -0.8455 0.1162
vn 0.5247 -0.8445 0.1074
vn 0.2495 -0.9623 -0.1087
vn 0.2565 -0.9593 -0.1179
vn 0.2557 -0.9596 -0.1170
vn 0.2494 -0.9622 -0.1094
vn 0.5109 -0.8507 0.1231
vn 0.5106 -0.8509 0.1238
vn 0.2583 -0.9583 -0.1221
vn 0.2610 -0.9571 -0.1257
vn 0.7489 -0.5770 0.3258
vn 0.7489 -0.5771 0.3258
vn 0.5263 -0.8440 0.1027
vn 0.5256 -0.8446 0.1025
vn 0.2390 -0.9656 -0.1029
vn 0.2399 -0.9652 -0.1040
vn -0.1022 -0.9399 -0.3258
vn -0.0867 -0.9334 -0.3482
vn -0.0869 -0.9334 -0.3481
vn -0.0867 -0.9334 -0.3483
vn -0.0866 -0.9334 -0.3484
vn -0.0707 -0.9265 -0.3696
vn -0.0708 -0.9265 -0.3696
vn -0.0536 -0.9192 -0.3900
vn -0.0536 -0.9192 -0.3901
vn -0.0535 -0.9193 -0.3899
vn 0.7004 -0.5977 0.3902
vn 0.7175 -0.5904 0.3696
vn 0.7337 -0.5835 0.3481
vn 0.7337 -0.5836 0.3481
vn 0.5377 -0.8392 0.0821
vn 0.5339 -0.8405 0.0924
vn 0.5375 -0.8390 0.0844
vn 0.5399 -0.8383 0.0761
vn 0.2275 -0.9705 -0.0803
vn 0.2358 -0.9680 -0.0854
vn 0.2355 -0.9682 -0.0844
vn 0.2285 -0.9702 -0.0802
vn 0.5338 -0.8401 0.0965
vn 0.5346 -0.8395 0.0971
vn 0.2411 -0.9656 -0.0979
vn 0.2416 -0.9655 -0.0974
vn 0.7992 -0.5556 0.2293
vn 0.5420 -0.8374 0.0705
vn 0.5419 -0.8375 0.0706
vn 0.2301 -0.9706 -0.0702
vn 0.2295 -0.9707 -0.0709
vn -0.1525 -0.9613 -0.2293
vn -0.1414 -0.9567 -0.2544
vn -0.1415 -0.9567 -0.2544
vn -0.1295 -0.9516 -0.2789
vn -0.1164 -0.9459 -0.3027
vn -0.1164 -0.9460 -0.3026
vn -0.1164 -0.9460 -0.3027
vn 0.7631 -0.5710 0.3027
vn 0.7630 -0.5711 0.3027
vn 0.7763 -0.5653 0.2789
vn 0.7763 -0.5654 0.2789
vn 0.7762 -0.5654 0.2789
vn 0.7883 -0.5602 0.2544
vn 0.5507 -0.8332 0.0498
vn 0.5476 -0.8349 0.0553
vn 0.5485 -0.8346 0.0516
vn 0.5536 -0.8317 0.0413
vn 0.2215 -0.9741 -0.0453
vn 0.2237 -0.9730 -0.0566
vn 0.2245 -0.9729 -0.0548
vn 0.2210 -0.9742 -0.0452
vn 0.5451 -0.8360 0.0622
vn 0.5452 -0.8360 0.0621
vn 0.2265 -0.9721 -0.0609
vn 0.2266 -0.9721 -0.0612
vn 0.8313 -0.5418 0.1239
vn 0.8313 -0.5419 0.1240
vn 0.8312 -0.5419 0.1240
vn 0.5518 -0.8333 0.0350
vn 0.5516 -0.8334 0.0342
vn 0.2181 -0.9754 -0.0326
vn 0.2174 -0.9755 -0.0331
vn -0.1845 -0.9750 -0.1240
vn -0.1783 -0.9723 -0.1509
vn -0.1708 -0.9692 -0.1774
vn -0.1708 -0.9692 -0.1773
vn -0.1708 -0.9692 -0.1775
vn -0.1622 -0.9655 -0.2037
vn -0.1622 -0.9655 -0.2038
vn -0.1622 -0.9655 -0.2036
vn 0.8090 -0.5514 0.2036
vn 0.8176 -0.5477 0.1775
vn 0.8176 -0.5478 0.1775
vn 0.8250 -0.5446 0.1509
vn 0.5580 -0.8298 0.0117
vn 0.5570 -0.8302 0.0212
vn 0.5577 -0.8299 0.0163
vn 0.5579 -0.8299 0.0064
vn 0.2111 -0.9774 -0.0112
vn 0.2134 -0.9768 -0.0209
vn 0.2128 -0.9769 -0.0203
vn 0.5541 -0.8321 0.0235
vn 0.5513 -0.8339 0.0258
vn 0.2136 -0.9765 -0.0281
vn 0.2140 -0.9764 -0.0279
vn 0.8437 -0.5366 0.0139
vn 0.5590 -0.8292 -0.0000
vn 0.5589 -0.8292 -0.0000
vn 0.2101 -0.9777 -0.0004
vn 0.2100 -0.9777 -0.0002
vn -0.1970 -0.9803 -0.0139
vn -0.1957 -0.9798 -0.0416
vn -0.1932 -0.9787 -0.0692
vn -0.1894 -0.9771 -0.0968
vn -0.1895 -0.9771 -0.0967
vn 0.8362 -0.5398 0.0967
vn 0.8400 -0.5382 0.0692
vn 0.8425 -0.5371 0.0416
vn 0.5562 -0.8307 -0.0231
vn 0.5574 -0.8301 -0.0158
vn 0.5573 -0.8301 -0.0209
vn 0.5537 -0.8321 -0.0312
vn 0.2136 -0.9765 0.0281
vn 0.2133 -0.9768 0.0208
vn 0.2127 -0.9769 0.0203
vn 0.2140 -0.9764 0.0279
vn 0.5586 -0.8294 -0.0091
vn 0.5586 -0.8294 -0.0090
vn 0.2111 -0.9774 0.0112
vn 0.2108 -0.9775 0.0110
vn 0.8362 -0.5398 -0.0967
vn 0.5518 -0.8333 -0.0350
vn 0.5517 -0.8334 -0.0343
vn 0.2186 -0.9753 0.0328
vn 0.2179 -0.9754 0.0331
vn -0.1895 -0.9771 0.0967
vn -0.1932 -0.9787 0.0692
vn -0.1957 -0.9798 0.0416
vn -0.1970 -0.9803 0.0139
vn 0.8437 -0.5366 -0.0139
vn 0.8437 -0.5366 -0.0138
vn 0.8425 -0.5371 -0.0416
vn 0.8400 -0.5382 -0.0692
vn 0.8400 -0.5382 -0.0691
vn 0.5461 -0.8356 -0.0603
vn 0.5483 -0.8347 -0.0519
vn 0.5477 -0.8348 -0.0558
vn 0.5448 -0.8361 -0.0641
vn 0.2265 -0.9721 0.0609
vn 0.2238 -0.9730 0.0565
vn 0.2245 -0.9729 0.0549
vn 0.2266 -0.9721 0.0612
vn 0.5537 -0.8316 -0.0433
vn 0.5503 -0.8339 -0.0421
vn 0.2216 -0.9741 0.0454
vn 0.2211 -0.9742 0.0452
vn 0.8090 -0.5514 -0.2036
vn 0.5420 -0.8374 -0.0705
vn 0.5419 -0.8375 -0.0706
vn 0.2301 -0.9706 0.0700
vn 0.2295 -0.9707 0.0708
vn -0.1622 -0.9655 0.2038
vn -0.1622 -0.9655 0.2037
vn -0.1622 -0.9655 0.2036
vn -0.1709 -0.9692 0.1775
vn -0.1708 -0.9692 0.1775
vn -0.1783 -0.9723 0.1509
vn -0.1845 -0.9750 0.1240
vn 0.8312 -0.5419 -0.1240
vn 0.8250 -0.5446 -0.1508
vn 0.8251 -0.5444 -0.1507
vn 0.8250 -0.5446 -0.1509
vn 0.8176 -0.5477 -0.1775
vn 0.5345 -0.8399 -0.0940
vn 0.5370 -0.8394 -0.0838
vn 0.5343 -0.8403 -0.0924
vn 0.5331 -0.8403 -0.0985
vn 0.2411 -0.9656 0.0979
vn 0.2358 -0.9680 0.0854
vn 0.2353 -0.9683 0.0842
vn 0.2416 -0.9655 0.0976
vn 0.5379 -0.8393 -0.0790
vn 0.5380 -0.8393 -0.0787
vn 0.2278 -0.9704 0.0803
vn 0.2288 -0.9702 0.0802
vn 0.7632 -0.5709 -0.3027
vn 0.7631 -0.5709 -0.3027
vn 0.7631 -0.5710 -0.3027
vn 0.5263 -0.8440 -0.1027
vn 0.5256 -0.8446 -0.1025
vn 0.2390 -0.9656 0.1029
vn 0.2399 -0.9652 0.1040
vn -0.1164 -0.9460 0.3026
vn -0.1164 -0.9459 0.3027
vn -0.1164 -0.9460 0.3027
vn -0.1295 -0.9516 0.2789
vn -0.1415 -0.9567 0.2544
vn -0.1525 -0.9613 0.2293
vn 0.7992 -0.5556 -0.2293
vn 0.7883 -0.5602 -0.2544
vn 0.7763 -0.5653 -0.2789
vn 0.7763 -0.5654 -0.2788
vn 0.7763 -0.5654 -0.2789
vn 0.5124 -0.8501 -0.1219
vn 0.5204 -0.8460 -0.1162
vn 0.5173 -0.8470 -0.1225
vn 0.5101 -0.8508 -0.1259
vn 0.2603 -0.9576 0.1234
vn 0.2566 -0.9593 0.1179
vn 0.2558 -0.9596 0.1168
vn 0.2605 -0.9575 0.1238
vn 0.5261 -0.8430 -0.1124
vn 0.5243 -0.8447 -0.1074
vn 0.2494 -0.9623 0.1087
vn 0.2494 -0.9622 0.1094
vn 0.7004 -0.5977 -0.3901
vn 0.5058 -0.8526 -0.1309
vn 0.5058 -0.8527 -0.1308
vn 0.2658 -0.9551 0.1307
vn 0.2656 -0.9552 0.1308
vn -0.0535 -0.9192 0.3901
vn -0.0536 -0.9192 0.3901
vn -0.0707 -0.9265 0.3697
vn -0.0706 -0.9264 0.3698
vn -0.0706 -0.9265 0.3697
vn -0.0869 -0.9334 0.3481
vn -0.1022 -0.9399 0.3258
vn 0.7489 -0.5770 -0.3258
vn 0.7338 -0.5835 -0.3481
vn 0.7337 -0.5835 -0.3481
vn 0.7175 -0.5904 -0.3696
vn 0.4900 -0.8589 -0.1488
vn 0.4941 -0.8578 -0.1417
vn 0.4912 -0.8590 -0.1446
vn 0.4874 -0.8598 -0.1521
vn 0.2820 -0.9474 0.1517
vn 0.2782 -0.9500 0.1417
vn 0.2764 -0.9507 0.1406
vn 0.2824 -0.9474 0.1508
vn 0.4995 -0.8554 -0.1370
vn 0.4996 -0.8554 -0.1369
vn 0.2724 -0.9526 0.1355
vn 0.2706 -0.9533 0.1340
vn 0.6231 -0.6307 -0.4626
vn 0.4794 -0.8642 -0.1529
vn 0.4798 -0.8642 -0.1517
vn 0.2924 -0.9441 0.1522
vn 0.2912 -0.9444 0.1525
vn 0.0237 -0.8862 0.4627
vn 0.0237 -0.8862 0.4628
vn 0.0237 -0.8863 0.4626
vn 0.0031 -0.8950 0.4461
vn -0.0166 -0.9034 0.4285
vn -0.0355 -0.9115 0.4098
vn 0.6823 -0.6054 -0.4098
vn 0.6635 -0.6133 -0.4285
vn 0.6636 -0.6134 -0.4282
vn 0.6635 -0.6133 -0.4284
vn 0.6634 -0.6133 -0.4286
vn 0.6436 -0.6219 -0.4461
vn 0.4611 -0.8712 -0.1682
vn 0.4699 -0.8672 -0.1649
vn 0.4640 -0.8700 -0.1671
vn 0.4580 -0.8724 -0.1709
vn 0.3118 -0.9349 0.1698
vn 0.3041 -0.9380 0.1663
vn 0.3034 -0.9382 0.1663
vn 0.3118 -0.9349 0.1695
vn 0.4705 -0.8679 -0.1591
vn 0.4709 -0.8680 -0.1578
vn 0.2975 -0.9418 0.1566
vn 0.2974 -0.9417 0.1572
vn 0.5343 -0.6685 -0.5173
vn 0.4500 -0.8768 -0.1698
vn 0.4504 -0.8768 -0.1686
vn 0.3182 -0.9318 0.1747
vn 0.3164 -0.9331 0.1710
vn 0.1124 -0.8484 0.5172
vn 0.1124 -0.8484 0.5173
vn 0.0893 -0.8583 0.5054
vn 0.0893 -0.8582 0.5054
vn 0.0894 -0.8583 0.5054
vn 0.0899 -0.8584 0.5050
vn 0.0668 -0.8679 0.4923
vn 0.0668 -0.8680 0.4921
vn 0.0668 -0.8679 0.4922
vn 0.0668 -0.8682 0.4917
vn 0.0449 -0.8772 0.4781
vn 0.0448 -0.8772 0.4780
vn 0.6017 -0.6397 -0.4782
vn 0.6018 -0.6397 -0.4781
vn 0.5799 -0.6492 -0.4923
vn 0.5799 -0.6491 -0.4923
vn 0.5799 -0.6492 -0.4922
vn 0.5574 -0.6587 -0.5054
vn 0.4288 -0.8856 -0.1781
vn 0.4373 -0.8814 -0.1785
vn 0.4342 -0.8826 -0.1803
vn 0.4248 -0.8872 -0.1800
vn 0.3473 -0.9206 0.1787
vn 0.3353 -0.9248 0.1799
vn 0.3356 -0.9246 0.1804
vn 0.3468 -0.9205 0.1799
vn 0.4405 -0.8804 -0.1757
vn 0.4403 -0.8803 -0.1769
vn 0.3252 -0.9290 0.1768
vn 0.3249 -0.9292 0.1759
vn 0.4374 -0.7098 -0.5521
vn 0.4185 -0.8900 -0.1811
vn 0.4184 -0.8901 -0.1810
vn 0.3516 -0.9186 0.1807
vn 0.3516 -0.9185 0.1809
vn 0.2093 -0.8071 0.5521
vn 0.1845 -0.8177 0.5453
vn 0.1846 -0.8176 0.5454
vn 0.1600 -0.8281 0.5373
vn 0.1601 -0.8281 0.5373
vn 0.1600 -0.8281 0.5372
vn 0.1596 -0.8281 0.5374
vn 0.1361 -0.8383 0.5279
vn 0.1361 -0.8384 0.5278
vn 0.5107 -0.6786 -0.5279
vn 0.5108 -0.6785 -0.5279
vn 0.4866 -0.6888 -0.5373
vn 0.4866 -0.6888 -0.5374
vn 0.4866 -0.6887 -0.5375
vn 0.4867 -0.6889 -0.5372
vn 0.4622 -0.6992 -0.5454
vn 0.4622 -0.6993 -0.5453
vn 0.3966 -0.8995 -0.1835
vn 0.4038 -0.8962 -0.1835
vn 0.4001 -0.8978 -0.1840
vn 0.3904 -0.9019 -0.1847
vn 0.3736 -0.9087 0.1863
vn 0.3704 -0.9106 0.1834
vn 0.3705 -0.9106 0.1831
vn 0.3747 -0.9079 0.1881
vn 0.4106 -0.8935 -0.1818
vn 0.4106 -0.8935 -0.1821
vn 0.3611 -0.9146 0.1820
vn 0.3609 -0.9147 0.1820
vn 0.3361 -0.7530 -0.5657
vn 0.3362 -0.7529 -0.5657
vn 0.3861 -0.9041 -0.1834
vn 0.3859 -0.9042 -0.1828
vn 0.3841 -0.9049 0.1833
vn 0.3844 -0.9047 0.1837
vn 0.3106 -0.7639 0.5657
vn 0.2851 -0.7748 0.5643
vn 0.2597 -0.7856 0.5616
vn 0.2344 -0.7964 0.5575
vn 0.2343 -0.7964 0.5575
vn 0.4123 -0.7205 -0.5575
vn 0.3872 -0.7313 -0.5615
vn 0.3871 -0.7313 -0.5616
vn 0.3872 -0.7313 -0.5616
vn 0.3872 -0.7312 -0.5616
vn 0.3618 -0.7421 -0.5643
vn 0.3617 -0.7421 -0.5643
vn 0.3623 -0.9134 -0.1857
vn 0.3706 -0.9098 -0.1870
vn 0.3666 -0.9114 -0.1869
vn 0.3577 -0.9151 -0.1861
vn 0.4108 -0.8935 0.1815
vn 0.4018 -0.8964 0.1874
vn 0.4013 -0.8964 0.1882
vn 0.4113 -0.8932 0.1820
vn 0.3759 -0.9071 -0.1893
vn 0.3774 -0.9065 -0.1894
vn 0.3961 -0.8999 0.1825
vn 0.3927 -0.9013 0.1827
vn 0.3522 -0.9183 -0.1807
vn 0.3526 -0.9183 -0.1799
vn 0.4191 -0.8898 0.1808
vn 0.4190 -0.8898 0.1811
vn 0.4124 -0.7205 0.5575
vn 0.4123 -0.7205 0.5576
vn 0.3363 -0.7530 0.5657
vn 0.3107 -0.7639 -0.5657
vn 0.3308 -0.9270 -0.1769
vn 0.3384 -0.9243 -0.1763
vn 0.3331 -0.9263 -0.1759
vn 0.3240 -0.9293 -0.1772
vn 0.4412 -0.8807 0.1725
vn 0.4328 -0.8841 0.1760
vn 0.4326 -0.8842 0.1763
vn 0.4407 -0.8810 0.1722
vn 0.3418 -0.9228 -0.1779
vn 0.3436 -0.9222 -0.1776
vn 0.4269 -0.8867 0.1777
vn 0.4260 -0.8871 0.1775
vn 0.3162 -0.9331 -0.1713
vn 0.3160 -0.9332 -0.1710
vn 0.4500 -0.8768 0.1694
vn 0.4500 -0.8768 0.1697
vn 0.4866 -0.6889 0.5373
vn 0.4374 -0.7098 0.5521
vn 0.2094 -0.8071 -0.5521
vn 0.1845 -0.8176 -0.5454
vn 0.3000 -0.9406 -0.1592
vn 0.3078 -0.9372 -0.1639
vn 0.3035 -0.9391 -0.1614
vn 0.2964 -0.9421 -0.1570
vn 0.4767 -0.8642 0.1611
vn 0.4677 -0.8691 0.1611
vn 0.4680 -0.8689 0.1611
vn 0.4758 -0.8644 0.1626
vn 0.3139 -0.9349 -0.1655
vn 0.3134 -0.9352 -0.1652
vn 0.4584 -0.8733 0.1651
vn 0.4580 -0.8735 0.1650
vn 0.0450 -0.8771 -0.4781
vn 0.2915 -0.9444 -0.1520
vn 0.2914 -0.9444 -0.1523
vn 0.4799 -0.8630 0.1580
vn 0.4803 -0.8628 0.1576
vn 0.5801 -0.6490 0.4922
vn 0.5800 -0.6491 0.4923
vn 0.5800 -0.6491 0.4922
vn 0.0894 -0.8582 -0.5054
vn 0.0894 -0.8582 -0.5055
vn 0.2729 -0.9517 -0.1410
vn 0.2779 -0.9494 -0.1464
vn 0.2748 -0.9506 -0.1446
vn 0.2691 -0.9537 -0.1345
vn 0.4992 -0.8558 0.1357
vn 0.4956 -0.8563 0.1456
vn 0.4966 -0.8557 0.1452
vn 0.5002 -0.8553 0.1354
vn 0.2840 -0.9475 -0.1473
vn 0.2841 -0.9475 -0.1464
vn 0.4845 -0.8616 0.1515
vn 0.4848 -0.8619 0.1487
vn 0.2652 -0.9553 -0.1306
vn 0.2653 -0.9554 -0.1300
vn 0.5054 -0.8529 0.1305
vn 0.5058 -0.8527 0.1308
vn 0.6435 -0.6220 0.4460
vn 0.6230 -0.6307 0.4626
vn 0.0237 -0.8863 -0.4626
vn 0.0237 -0.8863 -0.4625
vn -0.0166 -0.9034 -0.4285
vn 0.2480 -0.9619 -0.1147
vn 0.2553 -0.9591 -0.1222
vn 0.2505 -0.9613 -0.1149
vn 0.2444 -0.9635 -0.1094
vn 0.5210 -0.8465 0.1095
vn 0.5183 -0.8466 0.1207
vn 0.5189 -0.8462 0.1210
vn 0.5215 -0.8462 0.1096
vn 0.2565 -0.9584 -0.1256
vn 0.2552 -0.9588 -0.1247
vn 0.5137 -0.8484 0.1277
vn 0.5129 -0.8490 0.1268
vn -0.1024 -0.9399 -0.3259
vn 0.2423 -0.9650 -0.0999
vn 0.2428 -0.9650 -0.0994
vn 0.5264 -0.8442 0.1012
vn 0.5267 -0.8440 0.1011
vn -0.0536 -0.9192 -0.3902
vn 0.2333 -0.9691 -0.0798
vn 0.2344 -0.9679 -0.0906
vn 0.2318 -0.9688 -0.0874
vn 0.2303 -0.9701 -0.0765
vn 0.5434 -0.8358 0.0785
vn 0.5374 -0.8386 0.0885
vn 0.5379 -0.8383 0.0889
vn 0.5386 -0.8390 0.0774
vn 0.2409 -0.9660 -0.0944
vn 0.2419 -0.9655 -0.0963
vn 0.5354 -0.8390 0.0969
vn 0.5298 -0.8424 0.0984
vn -0.1525 -0.9613 -0.2294
vn -0.1526 -0.9613 -0.2293
vn 0.2258 -0.9715 -0.0725
vn 0.2257 -0.9714 -0.0737
vn 0.5465 -0.8345 0.0707
vn 0.5455 -0.8350 0.0719
vn 0.7991 -0.5557 0.2293
vn 0.7993 -0.5555 0.2292
vn 0.7763 -0.5653 0.2790
vn -0.1296 -0.9515 -0.2789
vn -0.1295 -0.9515 -0.2789
vn 0.2163 -0.9752 -0.0475
vn 0.2251 -0.9728 -0.0541
vn 0.2206 -0.9741 -0.0503
vn 0.2178 -0.9751 -0.0420
vn 0.5492 -0.8344 0.0458
vn 0.5479 -0.8348 0.0539
vn 0.5477 -0.8349 0.0540
vn 0.5497 -0.8341 0.0460
vn 0.2263 -0.9720 -0.0638
vn 0.2262 -0.9719 -0.0651
vn 0.5451 -0.8361 0.0615
vn 0.5455 -0.8358 0.0616
vn -0.1844 -0.9750 -0.1239
vn 0.2196 -0.9748 -0.0390
vn 0.2159 -0.9756 -0.0397
vn 0.5559 -0.8304 0.0365
vn 0.5552 -0.8309 0.0365
vn 0.8090 -0.5514 0.2037
vn -0.1623 -0.9655 -0.2036
vn -0.1623 -0.9655 -0.2037
vn -0.1709 -0.9692 -0.1775
vn 0.2137 -0.9768 -0.0135
vn 0.2133 -0.9767 -0.0217
vn 0.2134 -0.9769 -0.0146
vn 0.2137 -0.9769 -0.0045
vn 0.5544 -0.8322 0.0096
vn 0.5576 -0.8299 0.0191
vn 0.5583 -0.8294 0.0196
vn 0.5547 -0.8320 0.0090
vn 0.2140 -0.9764 -0.0280
vn 0.2137 -0.9765 -0.0284
vn 0.5575 -0.8298 0.0260
vn 0.5542 -0.8320 0.0235
vn 0.2144 -0.9767 -0.0000
vn 0.2102 -0.9777 -0.0000
vn 0.5549 -0.8319 -0.0000
vn 0.8437 -0.5367 0.0139
vn 0.8438 -0.5366 0.0139
vn 0.8436 -0.5367 0.0139
vn 0.8363 -0.5397 0.0965
vn 0.8363 -0.5397 0.0966
vn 0.8364 -0.5395 0.0963
vn -0.1932 -0.9787 -0.0693
vn 0.2139 -0.9765 0.0254
vn 0.2127 -0.9770 0.0146
vn 0.2134 -0.9767 0.0217
vn 0.2147 -0.9762 0.0300
vn 0.5576 -0.8297 -0.0263
vn 0.5577 -0.8299 -0.0190
vn 0.5583 -0.8294 -0.0195
vn 0.5550 -0.8315 -0.0234
vn 0.2109 -0.9774 0.0110
vn 0.2105 -0.9776 0.0099
vn 0.5544 -0.8322 -0.0096
vn 0.5547 -0.8320 -0.0090
vn -0.1895 -0.9771 0.0966
vn 0.2196 -0.9748 0.0390
vn 0.2158 -0.9756 0.0396
vn 0.5558 -0.8305 -0.0367
vn 0.5551 -0.8310 -0.0364
vn 0.8437 -0.5367 -0.0139
vn -0.1957 -0.9798 0.0417
vn -0.1932 -0.9787 0.0693
vn 0.2264 -0.9721 0.0614
vn 0.2206 -0.9741 0.0505
vn 0.2253 -0.9727 0.0558
vn 0.2257 -0.9720 0.0658
vn 0.5451 -0.8361 -0.0615
vn 0.5479 -0.8348 -0.0539
vn 0.5478 -0.8349 -0.0540
vn 0.5455 -0.8358 -0.0616
vn 0.2171 -0.9752 0.0437
vn 0.2174 -0.9751 0.0431
vn 0.5493 -0.8344 -0.0457
vn 0.5497 -0.8341 -0.0459
vn -0.1623 -0.9655 0.2035
vn -0.1622 -0.9655 0.2035
vn -0.1623 -0.9655 0.2036
vn 0.2257 -0.9715 0.0726
vn 0.2258 -0.9714 0.0736
vn 0.5466 -0.8344 -0.0707
vn 0.5455 -0.8350 -0.0718
vn 0.8176 -0.5478 -0.1775
vn 0.8312 -0.5419 -0.1241
vn -0.1844 -0.9750 0.1240
vn 0.2406 -0.9662 0.0927
vn 0.2321 -0.9689 0.0860
vn 0.2331 -0.9683 0.0899
vn 0.2407 -0.9657 0.0979
vn 0.5354 -0.8390 -0.0969
vn 0.5374 -0.8386 -0.0885
vn 0.5379 -0.8383 -0.0889
vn 0.5298 -0.8424 -0.0984
vn 0.2326 -0.9694 0.0787
vn 0.2343 -0.9690 0.0783
vn 0.5425 -0.8366 -0.0764
vn 0.5387 -0.8389 -0.0777
vn 0.2423 -0.9650 0.0999
vn 0.2428 -0.9650 0.0994
vn 0.5264 -0.8442 -0.1012
vn 0.5267 -0.8440 -0.1011
vn 0.7631 -0.5711 -0.3027
vn 0.7630 -0.5712 -0.3027
vn 0.7762 -0.5654 -0.2789
vn 0.7993 -0.5555 -0.2294
vn 0.7992 -0.5556 -0.2292
vn -0.1524 -0.9613 0.2294
vn -0.1525 -0.9613 0.2295
vn -0.1414 -0.9567 0.2544
vn -0.1295 -0.9516 0.2788
vn -0.1295 -0.9516 0.2787
vn -0.1296 -0.9515 0.2789
vn -0.1295 -0.9515 0.2789
vn 0.2560 -0.9587 0.1236
vn 0.2543 -0.9603 0.1144
vn 0.2555 -0.9592 0.1208
vn 0.2573 -0.9579 0.1272
vn 0.5126 -0.8489 -0.1286
vn 0.5183 -0.8466 -0.1208
vn 0.5187 -0.8463 -0.1213
vn 0.5127 -0.8491 -0.1272
vn 0.2451 -0.9630 0.1120
vn 0.2443 -0.9632 0.1117
vn 0.5210 -0.8465 -0.1096
vn 0.5215 -0.8462 -0.1096
vn -0.0537 -0.9192 0.3901
vn -0.0538 -0.9193 0.3899
vn 0.2653 -0.9553 0.1305
vn 0.2653 -0.9554 0.1296
vn 0.5054 -0.8529 -0.1305
vn 0.7004 -0.5977 -0.3902
vn -0.0708 -0.9265 0.3696
vn 0.2810 -0.9485 0.1461
vn 0.2741 -0.9509 0.1438
vn 0.2772 -0.9496 0.1466
vn 0.2866 -0.9462 0.1503
vn 0.4843 -0.8621 -0.1491
vn 0.4953 -0.8565 -0.1452
vn 0.4961 -0.8560 -0.1454
vn 0.4856 -0.8616 -0.1481
vn 0.2731 -0.9518 0.1392
vn 0.2741 -0.9518 0.1375
vn 0.4995 -0.8557 -0.1350
vn 0.5011 -0.8547 -0.1352
vn 0.0237 -0.8862 0.4626
vn 0.2915 -0.9444 0.1520
vn 0.2912 -0.9445 0.1521
vn 0.4795 -0.8631 -0.1581
vn 0.4803 -0.8628 -0.1577
vn 0.6633 -0.6135 -0.4285
vn 0.6823 -0.6054 -0.4097
vn -0.0354 -0.9115 0.4098
vn 0.3089 -0.9365 0.1660
vn 0.3034 -0.9392 0.1609
vn 0.3084 -0.9370 0.1642
vn 0.3165 -0.9332 0.1701
vn 0.4584 -0.8732 -0.1657
vn 0.4663 -0.8698 -0.1614
vn 0.4662 -0.8699 -0.1612
vn 0.4583 -0.8732 -0.1657
vn 0.2986 -0.9412 0.1579
vn 0.2988 -0.9412 0.1577
vn 0.4742 -0.8650 -0.1639
vn 0.4715 -0.8666 -0.1633
vn 0.3162 -0.9331 0.1713
vn 0.3160 -0.9329 0.1725
vn 0.4501 -0.8768 -0.1694
vn 0.4500 -0.8768 -0.1697
vn 0.5574 -0.6588 -0.5053
vn 0.5801 -0.6490 -0.4922
vn 0.0449 -0.8771 0.4781
vn 0.0670 -0.8678 0.4924
vn 0.0668 -0.8678 0.4924
vn 0.0671 -0.8677 0.4925
vn 0.0893 -0.8582 0.5055
vn 0.3407 -0.9230 0.1790
vn 0.3335 -0.9263 0.1754
vn 0.3390 -0.9239 0.1774
vn 0.3470 -0.9207 0.1786
vn 0.4268 -0.8867 -0.1777
vn 0.4328 -0.8842 -0.1760
vn 0.4326 -0.8842 -0.1762
vn 0.4259 -0.8872 -0.1776
vn 0.3274 -0.9278 0.1788
vn 0.3302 -0.9270 0.1779
vn 0.4411 -0.8807 -0.1726
vn 0.4404 -0.8810 -0.1727
vn 0.3524 -0.9182 0.1807
vn 0.3530 -0.9181 0.1800
vn 0.4189 -0.8899 -0.1808
vn 0.4189 -0.8898 -0.1811
vn 0.4867 -0.6888 -0.5373
vn 0.4866 -0.6889 -0.5373
vn 0.1601 -0.8281 0.5372
vn 0.3785 -0.9062 0.1886
vn 0.3663 -0.9116 0.1866
vn 0.3704 -0.9098 0.1872
vn 0.3788 -0.9062 0.1879
vn 0.3977 -0.8986 -0.1855
vn 0.4020 -0.8963 -0.1874
vn 0.4019 -0.8961 -0.1883
vn 0.3903 -0.9020 -0.1846
vn 0.3606 -0.9140 0.1861
vn 0.3605 -0.9139 0.1868
vn 0.4108 -0.8935 -0.1814
vn 0.4113 -0.8932 -0.1820
vn 0.3105 -0.7639 0.5657
vn 0.3362 -0.7530 -0.5656
vn 0.3362 -0.7530 -0.5657
vn 0.3360 -0.7530 -0.5657
vn 0.3870 -0.7313 -0.5616
vn 0.2345 -0.7965 0.5574
vn 0.2347 -0.7964 0.5573
vn 0.2597 -0.7856 0.5615
vn 0.2851 -0.7747 0.5644
vn 0.2850 -0.7747 0.5645
vn 0.2850 -0.7748 0.5643
vn -0.3355 0.9246 0.1806
vn -0.3381 0.9238 0.1797
vn -0.3297 0.9279 0.1743
vn -0.3262 0.9293 0.1735
vn -0.3401 0.9231 0.1796
vn -0.3482 0.9201 0.1794
vn -0.4330 0.8841 -0.1756
vn -0.4325 0.8840 -0.1774
vn -0.4427 0.8797 -0.1736
vn -0.4427 0.8796 -0.1741
vn -0.4255 0.8863 -0.1825
vn -0.4290 0.8849 -0.1815
vn -0.1361 0.8383 0.5279
vn -0.1361 0.8383 0.5280
vn -0.1601 0.8281 0.5373
vn -0.1845 0.8177 0.5453
vn -0.1844 0.8177 0.5454
vn -0.2093 0.8071 0.5521
vn -0.2093 0.8070 0.5522
vn -0.4374 0.7098 -0.5521
vn -0.4621 0.6993 -0.5453
vn -0.4622 0.6993 -0.5453
vn -0.4866 0.6888 -0.5373
vn -0.5107 0.6786 -0.5279
vn -0.5106 0.6787 -0.5279
vn -0.4545 0.8742 -0.1710
vn -0.4471 0.8777 -0.1725
vn -0.3202 0.9308 0.1761
vn -0.3222 0.9306 0.1738
vn -0.3024 0.9389 0.1645
vn -0.3056 0.9376 0.1661
vn -0.2983 0.9406 0.1621
vn -0.2947 0.9421 0.1601
vn -0.3113 0.9350 0.1697
vn -0.3114 0.9351 0.1694
vn -0.4667 0.8686 -0.1665
vn -0.4665 0.8689 -0.1659
vn -0.4703 0.8680 -0.1593
vn -0.4749 0.8659 -0.1570
vn -0.4554 0.8738 -0.1706
vn -0.4622 0.8707 -0.1682
vn -0.0449 0.8772 0.4781
vn -0.0669 0.8679 0.4923
vn -0.0669 0.8678 0.4923
vn -0.0668 0.8679 0.4923
vn -0.0893 0.8582 0.5055
vn -0.0893 0.8583 0.5054
vn -0.1124 0.8484 0.5173
vn -0.1125 0.8484 0.5173
vn -0.5343 0.6685 -0.5173
vn -0.5574 0.6587 -0.5054
vn -0.5800 0.6491 -0.4922
vn -0.5799 0.6491 -0.4923
vn -0.6018 0.6397 -0.4781
vn -0.6018 0.6398 -0.4780
vn -0.4802 0.8640 -0.1514
vn -0.4789 0.8645 -0.1526
vn -0.2888 0.9445 0.1564
vn -0.2887 0.9445 0.1565
vn -0.2752 0.9510 0.1412
vn -0.2803 0.9492 0.1428
vn -0.2736 0.9522 0.1357
vn -0.2740 0.9519 0.1375
vn -0.2819 0.9475 0.1511
vn -0.2824 0.9474 0.1509
vn -0.4950 0.8565 -0.1463
vn -0.4949 0.8564 -0.1473
vn -0.5014 0.8539 -0.1394
vn -0.5012 0.8541 -0.1392
vn -0.4871 0.8600 -0.1522
vn -0.4898 0.8590 -0.1490
vn 0.0355 0.9115 0.4097
vn 0.0355 0.9115 0.4098
vn 0.0165 0.9034 0.4285
vn 0.0166 0.9034 0.4285
vn 0.0164 0.9034 0.4285
vn -0.0031 0.8950 0.4461
vn -0.0032 0.8950 0.4461
vn -0.0030 0.8950 0.4461
vn -0.0237 0.8863 0.4626
vn -0.0237 0.8863 0.4625
vn -0.0237 0.8862 0.4626
vn -0.6231 0.6307 -0.4626
vn -0.6436 0.6219 -0.4461
vn -0.6634 0.6134 -0.4286
vn -0.6634 0.6135 -0.4285
vn -0.6634 0.6135 -0.4284
vn -0.6823 0.6054 -0.4099
vn -0.6823 0.6054 -0.4098
vn -0.6822 0.6054 -0.4100
vn -0.5094 0.8505 -0.1312
vn -0.5060 0.8519 -0.1346
vn -0.2610 0.9566 0.1296
vn -0.2640 0.9549 0.1356
vn -0.2535 0.9607 0.1133
vn -0.2553 0.9593 0.1209
vn -0.2500 0.9621 0.1089
vn -0.2496 0.9621 0.1095
vn -0.2614 0.9572 0.1241
vn -0.2606 0.9575 0.1240
vn -0.5186 0.8473 -0.1144
vn -0.5181 0.8476 -0.1146
vn -0.5208 0.8459 -0.1154
vn -0.5256 0.8438 -0.1080
vn -0.5100 0.8505 -0.1287
vn -0.5153 0.8484 -0.1213
vn 0.1022 0.9399 0.3258
vn 0.0869 0.9334 0.3481
vn 0.0708 0.9265 0.3696
vn 0.0536 0.9192 0.3901
vn -0.7004 0.5977 -0.3902
vn -0.7175 0.5904 -0.3696
vn -0.7337 0.5835 -0.3482
vn -0.7337 0.5835 -0.3481
vn -0.7489 0.5770 -0.3258
vn -0.5296 0.8416 -0.1062
vn -0.5298 0.8416 -0.1049
vn -0.2397 0.9656 0.1012
vn -0.2444 0.9637 0.1074
vn -0.2345 0.9684 0.0844
vn -0.2374 0.9673 0.0891
vn -0.2327 0.9695 0.0777
vn -0.2326 0.9695 0.0772
vn -0.2423 0.9655 0.0957
vn -0.2416 0.9655 0.0975
vn -0.5342 0.8411 -0.0854
vn -0.5358 0.8402 -0.0835
vn -0.5375 0.8393 -0.0812
vn -0.5402 0.8381 -0.0759
vn -0.5296 0.8426 -0.0976
vn -0.5318 0.8418 -0.0924
vn 0.1524 0.9613 0.2293
vn 0.1524 0.9614 0.2291
vn 0.1524 0.9614 0.2293
vn 0.1414 0.9567 0.2544
vn 0.1415 0.9567 0.2544
vn 0.1420 0.9566 0.2546
vn 0.1295 0.9516 0.2789
vn 0.1295 0.9515 0.2789
vn 0.1164 0.9460 0.3027
vn 0.1164 0.9459 0.3027
vn -0.7631 0.5710 -0.3028
vn -0.7631 0.5710 -0.3027
vn -0.7632 0.5709 -0.3028
vn -0.7632 0.5707 -0.3029
vn -0.7763 0.5654 -0.2789
vn -0.7762 0.5654 -0.2789
vn -0.7883 0.5602 -0.2544
vn -0.7992 0.5556 -0.2293
vn -0.5462 0.8345 -0.0726
vn -0.5446 0.8354 -0.0744
vn -0.2276 0.9714 0.0682
vn -0.2297 0.9706 0.0723
vn -0.2188 0.9745 0.0495
vn -0.2234 0.9730 0.0575
vn -0.2167 0.9751 0.0469
vn -0.2171 0.9751 0.0461
vn -0.2268 0.9720 0.0616
vn -0.2267 0.9720 0.0612
vn -0.5512 0.8325 -0.0556
vn -0.5506 0.8329 -0.0567
vn -0.5519 0.8324 -0.0494
vn -0.5527 0.8323 -0.0412
vn -0.5472 0.8345 -0.0648
vn -0.5482 0.8341 -0.0612
vn 0.1844 0.9750 0.1240
vn 0.1845 0.9750 0.1240
vn 0.1845 0.9750 0.1241
vn 0.1784 0.9723 0.1510
vn 0.1783 0.9723 0.1509
vn 0.1709 0.9692 0.1775
vn 0.1709 0.9692 0.1774
vn 0.1621 0.9656 0.2034
vn 0.1620 0.9656 0.2032
vn 0.1622 0.9655 0.2036
vn -0.8090 0.5514 -0.2036
vn -0.8177 0.5477 -0.1775
vn -0.8177 0.5475 -0.1775
vn -0.8177 0.5476 -0.1775
vn -0.8176 0.5477 -0.1775
vn -0.8250 0.5446 -0.1509
vn -0.8250 0.5446 -0.1510
vn -0.8311 0.5420 -0.1242
vn -0.8312 0.5419 -0.1240
vn -0.8315 0.5415 -0.1240
vn -0.5513 0.8336 -0.0345
vn -0.5515 0.8334 -0.0352
vn -0.2189 0.9752 0.0335
vn -0.2203 0.9746 0.0390
vn -0.2133 0.9769 0.0143
vn -0.2152 0.9763 0.0231
vn -0.2179 0.9759 0.0080
vn -0.2173 0.9761 0.0076
vn -0.2177 0.9757 0.0264
vn -0.2174 0.9757 0.0266
vn -0.5545 0.8319 -0.0215
vn -0.5534 0.8327 -0.0199
vn -0.5582 0.8296 -0.0121
vn -0.5581 0.8298 -0.0065
vn -0.5537 0.8321 -0.0311
vn -0.5543 0.8320 -0.0224
vn 0.1970 0.9803 0.0139
vn 0.1957 0.9798 0.0416
vn 0.1932 0.9787 0.0692
vn 0.1895 0.9771 0.0967
vn -0.8361 0.5400 -0.0965
vn -0.8362 0.5399 -0.0967
vn -0.8363 0.5397 -0.0965
vn -0.8364 0.5395 -0.0963
vn -0.8400 0.5382 -0.0692
vn -0.8400 0.5382 -0.0691
vn -0.8425 0.5371 -0.0416
vn -0.8437 0.5367 -0.0138
vn -0.8437 0.5366 -0.0139
vn -0.8436 0.5368 -0.0139
vn -0.5589 0.8292 -0.0000
vn -0.5590 0.8292 -0.0000
vn -0.2159 0.9764 -0.0036
vn -0.2157 0.9764 0.0037
vn -0.2140 0.9767 -0.0159
vn -0.2142 0.9767 -0.0149
vn -0.2178 0.9756 -0.0265
vn -0.2175 0.9757 -0.0269
vn -0.2181 0.9759 -0.0091
vn -0.2176 0.9760 -0.0099
vn -0.5545 0.8319 0.0214
vn -0.5534 0.8326 0.0199
vn -0.5544 0.8320 0.0224
vn -0.5536 0.8322 0.0311
vn -0.5581 0.8298 0.0065
vn -0.5582 0.8296 0.0121
vn 0.1895 0.9771 -0.0968
vn 0.1895 0.9771 -0.0967
vn 0.1895 0.9771 -0.0969
vn 0.1932 0.9787 -0.0692
vn 0.1957 0.9798 -0.0416
vn 0.1970 0.9803 -0.0139
vn -0.8437 0.5366 0.0139
vn -0.8436 0.5368 0.0139
vn -0.8437 0.5366 0.0138
vn -0.8425 0.5371 0.0416
vn -0.8400 0.5382 0.0692
vn -0.8400 0.5382 0.0693
vn -0.8362 0.5398 0.0967
vn -0.8362 0.5398 0.0969
vn -0.5513 0.8336 0.0347
vn -0.5516 0.8334 0.0352
vn -0.2200 0.9747 -0.0394
vn -0.2182 0.9753 -0.0333
vn -0.2230 0.9731 -0.0573
vn -0.2198 0.9743 -0.0489
vn -0.2270 0.9719 -0.0620
vn -0.2270 0.9719 -0.0625
vn -0.2169 0.9751 -0.0473
vn -0.2172 0.9750 -0.0465
vn -0.5511 0.8326 0.0556
vn -0.5504 0.8329 0.0568
vn -0.5482 0.8341 0.0612
vn -0.5472 0.8345 0.0648
vn -0.5531 0.8321 0.0414
vn -0.5520 0.8324 0.0492
vn 0.1621 0.9656 -0.2034
vn 0.1622 0.9655 -0.2036
vn 0.1620 0.9656 -0.2032
vn 0.1709 0.9692 -0.1775
vn 0.1783 0.9723 -0.1509
vn 0.1845 0.9750 -0.1240
vn 0.1845 0.9750 -0.1241
vn -0.8312 0.5419 0.1240
vn -0.8312 0.5419 0.1241
vn -0.8250 0.5446 0.1510
vn -0.8176 0.5477 0.1775
vn -0.8090 0.5514 0.2036
vn -0.5463 0.8345 0.0722
vn -0.5448 0.8353 0.0744
vn -0.2297 0.9706 -0.0719
vn -0.2273 0.9714 -0.0682
vn -0.2372 0.9673 -0.0894
vn -0.2351 0.9683 -0.0847
vn -0.2412 0.9660 -0.0928
vn -0.2390 0.9667 -0.0919
vn -0.2326 0.9694 -0.0780
vn -0.2328 0.9694 -0.0780
vn -0.5339 0.8412 0.0857
vn -0.5352 0.8405 0.0838
vn -0.5318 0.8418 0.0925
vn -0.5296 0.8426 0.0976
vn -0.5403 0.8380 0.0756
vn -0.5374 0.8393 0.0818
vn 0.1164 0.9460 -0.3027
vn 0.1295 0.9516 -0.2789
vn 0.1295 0.9515 -0.2789
vn 0.1415 0.9567 -0.2544
vn 0.1416 0.9567 -0.2544
vn 0.1525 0.9613 -0.2293
vn 0.1524 0.9613 -0.2294
vn -0.7992 0.5556 0.2293
vn -0.7992 0.5557 0.2293
vn -0.7883 0.5602 0.2544
vn -0.7763 0.5654 0.2789
vn -0.7763 0.5653 0.2789
vn -0.7631 0.5710 0.3027
vn -0.7632 0.5710 0.3026
vn -0.5296 0.8416 0.1062
vn -0.5298 0.8416 0.1050
vn -0.2445 0.9638 -0.1068
vn -0.2398 0.9652 -0.1043
vn -0.2550 0.9592 -0.1223
vn -0.2503 0.9613 -0.1152
vn -0.2610 0.9574 -0.1238
vn -0.2602 0.9576 -0.1239
vn -0.2498 0.9622 -0.1086
vn -0.2494 0.9622 -0.1094
vn -0.5193 0.8468 0.1147
vn -0.5179 0.8477 0.1145
vn -0.5156 0.8479 0.1229
vn -0.5114 0.8496 0.1289
vn -0.5256 0.8439 0.1079
vn -0.5203 0.8462 0.1152
vn 0.0536 0.9192 -0.3901
vn 0.0708 0.9265 -0.3696
vn 0.0869 0.9334 -0.3481
vn 0.1022 0.9399 -0.3258
vn -0.7489 0.5771 0.3258
vn -0.7489 0.5770 0.3258
vn -0.7337 0.5835 0.3481
vn -0.7176 0.5904 0.3695
vn -0.7175 0.5904 0.3696
vn -0.7176 0.5904 0.3694
vn -0.7004 0.5977 0.3902
vn -0.5080 0.8510 0.1334
vn -0.5082 0.8509 0.1331
vn -0.2663 0.9544 -0.1348
vn -0.2614 0.9567 -0.1279
vn -0.2805 0.9489 -0.1446
vn -0.2762 0.9508 -0.1405
vn -0.2815 0.9476 -0.1509
vn -0.2819 0.9476 -0.1505
vn -0.2725 0.9527 -0.1346
vn -0.2706 0.9533 -0.1340
vn -0.4948 0.8565 0.1469
vn -0.4910 0.8588 0.1461
vn -0.4897 0.8590 0.1491
vn -0.4870 0.8601 0.1519
vn -0.5026 0.8534 0.1380
vn -0.4995 0.8548 0.1408
vn -0.0237 0.8862 -0.4627
vn -0.0237 0.8862 -0.4626
vn -0.0238 0.8862 -0.4628
vn -0.0237 0.8863 -0.4626
vn -0.0031 0.8950 -0.4461
vn -0.0029 0.8950 -0.4461
vn -0.0030 0.8950 -0.4461
vn 0.0165 0.9034 -0.4285
vn 0.0164 0.9034 -0.4285
vn 0.0166 0.9034 -0.4285
vn 0.0355 0.9115 -0.4098
vn 0.0356 0.9115 -0.4097
vn -0.6823 0.6054 0.4098
vn -0.6824 0.6053 0.4098
vn -0.6634 0.6135 0.4285
vn -0.6633 0.6135 0.4285
vn -0.6436 0.6219 0.4461
vn -0.6231 0.6307 0.4626
vn -0.4798 0.8643 0.1513
vn -0.4786 0.8646 0.1530
vn -0.2906 0.9438 -0.1575
vn -0.2874 0.9452 -0.1547
vn -0.3055 0.9375 -0.1664
vn -0.3022 0.9389 -0.1646
vn -0.3114 0.9350 -0.1700
vn -0.3116 0.9349 -0.1697
vn -0.2964 0.9413 -0.1616
vn -0.2965 0.9413 -0.1616
vn -0.4667 0.8687 0.1661
vn -0.4664 0.8689 0.1655
vn -0.4614 0.8710 0.1688
vn -0.4563 0.8732 0.1710
vn -0.4750 0.8658 0.1571
vn -0.4703 0.8681 0.1591
vn -0.1124 0.8484 -0.5173
vn -0.1125 0.8484 -0.5173
vn -0.0892 0.8582 -0.5056
vn -0.0893 0.8582 -0.5055
vn -0.0893 0.8582 -0.5054
vn -0.0893 0.8583 -0.5054
vn -0.0668 0.8678 -0.4924
vn -0.0668 0.8679 -0.4923
vn -0.0448 0.8772 -0.4781
vn -0.0449 0.8772 -0.4781
vn -0.0447 0.8772 -0.4781
vn -0.6018 0.6398 0.4781
vn -0.6016 0.6398 0.4782
vn -0.6017 0.6398 0.4780
vn -0.6018 0.6397 0.4781
vn -0.5799 0.6491 0.4923
vn -0.5574 0.6587 0.5054
vn -0.5343 0.6685 0.5173
vn -0.4478 0.8775 0.1717
vn -0.4488 0.8766 0.1738
vn -0.3239 0.9305 -0.1712
vn -0.3160 0.9329 -0.1729
vn -0.3378 0.9237 -0.1809
vn -0.3314 0.9263 -0.1790
vn -0.3401 0.9231 -0.1796
vn -0.3437 0.9223 -0.1767
vn -0.3286 0.9285 -0.1732
vn -0.3283 0.9284 -0.1739
vn -0.4331 0.8841 0.1755
vn -0.4326 0.8840 0.1774
vn -0.4291 0.8848 0.1815
vn -0.4256 0.8863 0.1825
vn -0.4446 0.8788 0.1735
vn -0.4414 0.8802 0.1745
vn -0.2093 0.8071 -0.5521
vn -0.2092 0.8071 -0.5521
vn -0.1845 0.8177 -0.5453
vn -0.1601 0.8281 -0.5373
vn -0.1600 0.8281 -0.5372
vn -0.1361 0.8383 -0.5279
vn -0.1361 0.8383 -0.5280
vn -0.5107 0.6786 0.5279
vn -0.5107 0.6786 0.5278
vn -0.4866 0.6888 0.5373
vn -0.4622 0.6993 0.5453
vn -0.4374 0.7098 0.5521
vn -0.4375 0.7098 0.5521
vn -0.4374 0.7098 0.5522
vn -0.4184 0.8891 0.1856
vn -0.4170 0.8898 0.1854
vn -0.3564 0.9165 -0.1815
vn -0.3480 0.9197 -0.1815
vn -0.3720 0.9098 -0.1840
vn -0.3653 0.9126 -0.1837
vn -0.3768 0.9078 -0.1841
vn -0.3769 0.9077 -0.1845
vn -0.3614 0.9146 -0.1816
vn -0.3609 0.9147 -0.1820
vn -0.4017 0.8963 0.1876
vn -0.4018 0.8964 0.1873
vn -0.3963 0.8987 0.1876
vn -0.3905 0.9013 0.1876
vn -0.4143 0.8913 0.1841
vn -0.4068 0.8943 0.1863
vn -0.3106 0.7639 -0.5657
vn -0.3107 0.7639 -0.5657
vn -0.2851 0.7748 -0.5643
vn -0.2597 0.7856 -0.5616
vn -0.2344 0.7964 -0.5575
vn -0.2345 0.7964 -0.5575
vn -0.4125 0.7205 0.5575
vn -0.4124 0.7205 0.5575
vn -0.3870 0.7313 0.5616
vn -0.3871 0.7313 0.5616
vn -0.3617 0.7421 0.5643
vn -0.3361 0.7530 0.5658
vn -0.3360 0.7530 0.5658
vn -0.3361 0.7530 0.5657
vn -0.3362 0.7530 0.5657
vn -0.3860 0.9042 0.1829
vn -0.3852 0.9044 0.1833
vn -0.3880 0.9030 -0.1844
vn -0.3832 0.9051 -0.1842
vn -0.4028 0.8959 -0.1877
vn -0.3989 0.8979 -0.1862
vn -0.4090 0.8930 -0.1876
vn -0.4080 0.8935 -0.1875
vn -0.3947 0.9002 -0.1838
vn -0.3944 0.9003 -0.1843
vn -0.3710 0.9106 0.1822
vn -0.3695 0.9099 0.1886
vn -0.3625 0.9140 0.1822
vn -0.3580 0.9158 0.1824
vn -0.3797 0.9064 0.1851
vn -0.3759 0.9083 0.1833
vn -0.4122 0.7206 -0.5575
vn -0.4124 0.7205 -0.5575
vn -0.3360 0.7530 -0.5657
vn -0.3106 0.7639 0.5656
vn -0.3104 0.7636 0.5662
vn -0.2849 0.7750 0.5640
vn -0.2850 0.7748 0.5643
vn -0.2849 0.7748 0.5644
vn -0.3549 0.9174 0.1803
vn -0.3554 0.9166 0.1833
vn -0.4217 0.8879 -0.1837
vn -0.4154 0.8907 -0.1845
vn -0.4382 0.8814 -0.1763
vn -0.4309 0.8843 -0.1799
vn -0.4398 0.8811 -0.1741
vn -0.4398 0.8810 -0.1743
vn -0.4272 0.8855 -0.1827
vn -0.4271 0.8857 -0.1822
vn -0.3364 0.9250 0.1764
vn -0.3365 0.9250 0.1766
vn -0.3295 0.9279 0.1745
vn -0.3263 0.9292 0.1734
vn -0.3483 0.9199 0.1803
vn -0.3410 0.9230 0.1783
vn -0.5105 0.6788 -0.5279
vn -0.4867 0.6888 -0.5373
vn -0.4375 0.7098 -0.5521
vn -0.2094 0.8068 0.5524
vn -0.1601 0.8281 0.5372
vn -0.1600 0.8281 0.5373
vn -0.3201 0.9323 0.1684
vn -0.3212 0.9306 0.1758
vn -0.4540 0.8746 -0.1702
vn -0.4526 0.8746 -0.1738
vn -0.4674 0.8692 -0.1611
vn -0.4634 0.8709 -0.1638
vn -0.4727 0.8670 -0.1578
vn -0.4728 0.8669 -0.1580
vn -0.4582 0.8731 -0.1665
vn -0.4582 0.8730 -0.1669
vn -0.3022 0.9395 0.1614
vn -0.3043 0.9388 0.1612
vn -0.2979 0.9407 0.1622
vn -0.2949 0.9420 0.1599
vn -0.3159 0.9334 0.1702
vn -0.3086 0.9367 0.1655
vn -0.5800 0.6492 -0.4921
vn -0.1124 0.8483 0.5174
vn -0.0893 0.8582 0.5054
vn -0.0894 0.8582 0.5054
vn -0.0892 0.8582 0.5055
vn -0.0668 0.8678 0.4923
vn -0.0449 0.8771 0.4781
vn -0.2891 0.9444 0.1569
vn -0.2890 0.9445 0.1562
vn -0.4811 0.8634 -0.1519
vn -0.4779 0.8646 -0.1550
vn -0.4957 0.8565 -0.1440
vn -0.4931 0.8576 -0.1463
vn -0.5016 0.8538 -0.1392
vn -0.5017 0.8538 -0.1390
vn -0.4859 0.8616 -0.1466
vn -0.4870 0.8609 -0.1471
vn -0.2754 0.9503 0.1454
vn -0.2758 0.9502 0.1448
vn -0.2723 0.9517 0.1418
vn -0.2678 0.9540 0.1351
vn -0.2860 0.9463 0.1505
vn -0.2843 0.9474 0.1472
vn -0.6633 0.6135 -0.4285
vn -0.6230 0.6306 -0.4627
vn 0.0167 0.9034 0.4285
vn 0.0354 0.9115 0.4098
vn 0.0353 0.9115 0.4098
vn -0.2621 0.9557 0.1339
vn -0.2629 0.9554 0.1343
vn -0.5095 0.8506 -0.1299
vn -0.5067 0.8515 -0.1348
vn -0.5204 0.8458 -0.1173
vn -0.5175 0.8470 -0.1220
vn -0.5241 0.8443 -0.1119
vn -0.5238 0.8445 -0.1117
vn -0.5154 0.8478 -0.1253
vn -0.5152 0.8482 -0.1229
vn -0.2514 0.9602 0.1214
vn -0.2566 0.9593 0.1179
vn -0.2475 0.9622 0.1139
vn -0.2451 0.9632 0.1101
vn -0.2586 0.9575 0.1277
vn -0.2558 0.9587 0.1246
vn -0.7490 0.5769 -0.3259
vn -0.7491 0.5768 -0.3259
vn -0.7175 0.5903 -0.3696
vn -0.7004 0.5976 -0.3902
vn -0.7003 0.5977 -0.3903
vn 0.1021 0.9399 0.3258
vn 0.1021 0.9399 0.3259
vn -0.2402 0.9652 0.1029
vn -0.2405 0.9652 0.1026
vn -0.5312 0.8410 -0.1026
vn -0.5277 0.8427 -0.1065
vn -0.5400 0.8373 -0.0859
vn -0.5353 0.8397 -0.0916
vn -0.5380 0.8389 -0.0830
vn -0.5380 0.8392 -0.0794
vn -0.5294 0.8429 -0.0958
vn -0.5302 0.8425 -0.0951
vn -0.2324 0.9685 0.0891
vn -0.2329 0.9684 0.0886
vn -0.2339 0.9687 0.0833
vn -0.2292 0.9704 0.0760
vn -0.2406 0.9655 0.0992
vn -0.2355 0.9675 0.0926
vn -0.7761 0.5655 -0.2790
vn -0.7760 0.5656 -0.2791
vn -0.7761 0.5656 -0.2789
vn -0.7631 0.5711 -0.3026
vn 0.1165 0.9459 0.3027
vn 0.1525 0.9613 0.2293
vn -0.2253 0.9716 0.0730
vn -0.2257 0.9715 0.0723
vn -0.5451 0.8354 -0.0698
vn -0.5441 0.8358 -0.0735
vn -0.5511 0.8328 -0.0524
vn -0.5497 0.8335 -0.0563
vn -0.5491 0.8346 -0.0425
vn -0.5497 0.8342 -0.0443
vn -0.5478 0.8342 -0.0632
vn -0.5477 0.8343 -0.0633
vn -0.2186 0.9744 0.0522
vn -0.2188 0.9743 0.0525
vn -0.2175 0.9749 0.0487
vn -0.2169 0.9753 0.0428
vn -0.2260 0.9719 0.0661
vn -0.2263 0.9722 0.0598
vn -0.8313 0.5419 -0.1240
vn -0.8091 0.5513 -0.2036
vn 0.1623 0.9655 0.2036
vn 0.1782 0.9723 0.1509
vn -0.2150 0.9759 0.0362
vn -0.2158 0.9758 0.0362
vn -0.5554 0.8309 -0.0344
vn -0.5541 0.8315 -0.0396
vn -0.5551 0.8317 -0.0148
vn -0.5536 0.8325 -0.0217
vn -0.5547 0.8320 -0.0086
vn -0.5548 0.8319 -0.0085
vn -0.5551 0.8312 -0.0310
vn -0.5540 0.8320 -0.0305
vn -0.2173 0.9760 0.0149
vn -0.2119 0.9771 0.0168
vn -0.2152 0.9765 0.0131
vn -0.2160 0.9764 0.0053
vn -0.2178 0.9756 0.0295
vn -0.2174 0.9758 0.0253
vn -0.8425 0.5371 -0.0417
vn -0.8362 0.5398 -0.0967
vn -0.8362 0.5398 -0.0968
vn 0.1897 0.9771 0.0967
vn 0.1899 0.9770 0.0968
vn -0.2175 0.9761 0.0001
vn -0.2174 0.9761 -0.0000
vn -0.5552 0.8317 0.0021
vn -0.5552 0.8317 -0.0021
vn -0.5529 0.8330 0.0203
vn -0.5550 0.8317 0.0148
vn -0.5559 0.8307 0.0311
vn -0.5521 0.8334 0.0245
vn -0.5546 0.8321 0.0088
vn -0.5547 0.8320 0.0090
vn -0.2173 0.9760 -0.0149
vn -0.2120 0.9771 -0.0167
vn -0.2174 0.9758 -0.0254
vn -0.2178 0.9756 -0.0295
vn -0.2161 0.9764 -0.0053
vn -0.2153 0.9765 -0.0131
vn -0.8425 0.5371 0.0417
vn 0.1932 0.9787 -0.0691
vn -0.2150 0.9759 -0.0362
vn -0.2159 0.9757 -0.0362
vn -0.5535 0.8319 0.0394
vn -0.5551 0.8310 0.0360
vn -0.5500 0.8333 0.0558
vn -0.5510 0.8329 0.0522
vn -0.5478 0.8342 0.0632
vn -0.5486 0.8350 0.0429
vn -0.5495 0.8343 0.0447
vn -0.2187 0.9744 -0.0520
vn -0.2188 0.9744 -0.0526
vn -0.2263 0.9722 -0.0598
vn -0.2260 0.9719 -0.0661
vn -0.2170 0.9752 -0.0426
vn -0.2173 0.9749 -0.0488
vn -0.8091 0.5513 0.2036
vn -0.8177 0.5476 0.1774
vn -0.8177 0.5476 0.1775
vn -0.8250 0.5446 0.1509
vn -0.8313 0.5419 0.1240
vn 0.1623 0.9655 -0.2036
vn -0.2254 0.9715 -0.0731
vn -0.2257 0.9715 -0.0723
vn -0.5439 0.8359 0.0737
vn -0.5451 0.8354 0.0703
vn -0.5362 0.8390 0.0923
vn -0.5388 0.8381 0.0848
vn -0.5294 0.8430 0.0957
vn -0.5302 0.8425 0.0949
vn -0.5437 0.8355 0.0792
vn -0.5387 0.8389 0.0772
vn -0.2323 0.9685 -0.0891
vn -0.2329 0.9684 -0.0886
vn -0.2355 0.9675 -0.0926
vn -0.2406 0.9655 -0.0992
vn -0.2297 0.9703 -0.0760
vn -0.2345 0.9687 -0.0810
vn -0.7631 0.5709 0.3027
vn -0.7632 0.5709 0.3027
vn -0.7762 0.5654 0.2790
vn -0.7762 0.5655 0.2788
vn -0.7761 0.5655 0.2790
vn -0.7760 0.5656 0.2791
vn 0.1164 0.9459 -0.3027
vn -0.2402 0.9652 -0.1029
vn -0.2405 0.9652 -0.1025
vn -0.5273 0.8430 0.1065
vn -0.5307 0.8415 0.1011
vn -0.5160 0.8480 0.1214
vn -0.5207 0.8456 0.1174
vn -0.5149 0.8480 0.1259
vn -0.5150 0.8480 0.1254
vn -0.5240 0.8443 0.1119
vn -0.5238 0.8445 0.1117
vn -0.2520 0.9601 -0.1216
vn -0.2565 0.9593 -0.1181
vn -0.2555 0.9587 -0.1249
vn -0.2588 0.9574 -0.1280
vn -0.2452 0.9632 -0.1101
vn -0.2475 0.9622 -0.1139
vn -0.7004 0.5976 0.3902
vn -0.7005 0.5976 0.3902
vn -0.7337 0.5836 0.3481
vn -0.7339 0.5834 0.3478
vn 0.0869 0.9334 -0.3482
vn 0.0536 0.9192 -0.3902
vn -0.2620 0.9557 -0.1338
vn -0.2624 0.9556 -0.1341
vn -0.5066 0.8517 0.1345
vn -0.5091 0.8508 0.1303
vn -0.4934 0.8574 0.1462
vn -0.4959 0.8564 0.1436
vn -0.4842 0.8619 0.1506
vn -0.4849 0.8617 0.1496
vn -0.5015 0.8539 0.1393
vn -0.5013 0.8539 0.1394
vn -0.2755 0.9503 -0.1453
vn -0.2759 0.9502 -0.1447
vn -0.2839 0.9475 -0.1473
vn -0.2858 0.9464 -0.1503
vn -0.2674 0.9540 -0.1358
vn -0.2711 0.9521 -0.1416
vn -0.6230 0.6306 0.4627
vn -0.0034 0.8950 -0.4461
vn -0.2889 0.9444 -0.1569
vn -0.2889 0.9446 -0.1561
vn -0.4779 0.8647 0.1548
vn -0.4810 0.8634 0.1518
vn -0.4631 0.8712 0.1628
vn -0.4686 0.8685 0.1616
vn -0.4584 0.8731 0.1660
vn -0.4584 0.8730 0.1665
vn -0.4725 0.8671 0.1579
vn -0.4726 0.8670 0.1582
vn -0.3052 0.9386 -0.1608
vn -0.3050 0.9385 -0.1618
vn -0.3107 0.9361 -0.1650
vn -0.3160 0.9337 -0.1686
vn -0.2950 0.9420 -0.1600
vn -0.2980 0.9407 -0.1623
vn -0.5799 0.6491 0.4922
vn -0.0449 0.8771 -0.4781
vn -0.0667 0.8679 -0.4922
vn -0.0666 0.8681 -0.4919
vn -0.0668 0.8678 -0.4923
vn -0.0892 0.8583 -0.5054
vn -0.1124 0.8484 -0.5174
vn -0.3198 0.9324 -0.1686
vn -0.3181 0.9316 -0.1760
vn -0.4473 0.8772 0.1745
vn -0.4542 0.8745 0.1699
vn -0.4313 0.8841 0.1796
vn -0.4369 0.8825 0.1744
vn -0.4273 0.8855 0.1826
vn -0.4273 0.8856 0.1821
vn -0.4397 0.8812 0.1738
vn -0.4405 0.8810 0.1725
vn -0.3365 0.9250 -0.1764
vn -0.3365 0.9250 -0.1766
vn -0.3410 0.9230 -0.1783
vn -0.3483 0.9198 -0.1807
vn -0.3263 0.9292 -0.1734
vn -0.3295 0.9279 -0.1745
vn -0.4867 0.6888 0.5373
vn -0.5105 0.6788 0.5279
vn -0.1602 0.8278 -0.5376
vn -0.1601 0.8281 -0.5372
vn -0.3551 0.9170 -0.1815
vn -0.3550 0.9167 -0.1833
vn -0.4156 0.8904 0.1855
vn -0.4217 0.8879 0.1839
vn -0.3986 0.8978 0.1872
vn -0.4051 0.8950 0.1864
vn -0.3945 0.9004 0.1837
vn -0.3940 0.9005 0.1842
vn -0.4087 0.8932 0.1874
vn -0.4073 0.8941 0.1861
vn -0.3683 0.9118 -0.1814
vn -0.3674 0.9107 -0.1887
vn -0.3785 0.9072 -0.1838
vn -0.3783 0.9072 -0.1842
vn -0.3580 0.9158 -0.1824
vn -0.3625 0.9140 -0.1822
vn -0.3870 0.7314 0.5616
vn -0.3869 0.7315 0.5615
vn -0.4123 0.7205 0.5575
vn -0.2598 0.7856 -0.5615
vn -0.3106 0.7639 -0.5656
vn 0.9362 0.2326 -0.2636
vn 0.9232 0.2271 -0.3099
vn 0.8160 0.5144 -0.2636
vn 0.8160 0.5145 -0.2636
vn 0.8160 0.5144 -0.2637
vn 0.8031 0.5090 -0.3098
vn 0.8031 0.5090 -0.3099
vn 0.9746 -0.1168 -0.1910
vn 0.9746 -0.1167 -0.1910
vn 0.9746 -0.1166 -0.1911
vn 0.9651 -0.1207 -0.2325
vn 0.9651 -0.1207 -0.2326
vn 0.9536 -0.1255 -0.2735
vn 0.9404 -0.1312 -0.3138
vn 0.9082 0.2207 -0.3556
vn 0.7880 0.5026 -0.3556
vn 0.7880 0.5026 -0.3555
vn 0.7878 0.5028 -0.3557
vn 0.7880 0.5027 -0.3555
vn 0.5564 0.7694 -0.3138
vn 0.5564 0.7693 -0.3138
vn 0.5697 0.7750 -0.2735
vn 0.5812 0.7798 -0.2326
vn 0.5811 0.7799 -0.2326
vn 0.5906 0.7840 -0.1911
vn 0.8268 0.5191 -0.2166
vn 0.9470 0.2372 -0.2166
vn 0.9470 0.2372 -0.2165
vn -0.0068 -0.1695 0.9855
vn -0.0512 -0.1884 0.9808
vn -0.1270 0.1124 0.9855
vn -0.1713 0.0935 0.9808
vn 0.1723 -0.4588 0.8717
vn 0.1721 -0.4588 0.8717
vn 0.1722 -0.4587 0.8718
vn 0.1723 -0.4587 0.8717
vn 0.1330 -0.4755 0.8696
vn 0.0938 -0.4922 0.8654
vn 0.0549 -0.5087 0.8592
vn -0.0953 -0.2072 0.9736
vn -0.2155 0.0747 0.9736
vn -0.3291 0.3917 0.8592
vn -0.3291 0.3918 0.8592
vn -0.2902 0.4084 0.8654
vn -0.2902 0.4084 0.8655
vn -0.2510 0.4251 0.8696
vn -0.2510 0.4251 0.8697
vn -0.2116 0.4418 0.8718
vn -0.2117 0.4419 0.8717
vn -0.2122 0.4421 0.8715
vn -0.0824 0.1314 0.9879
vn 0.0377 -0.1504 0.9879
vn 0.0377 -0.1505 0.9879
vn 0.8720 0.2053 0.4444
vn 0.8720 0.2052 0.4443
vn 0.8720 0.2053 0.4445
vn 0.8720 0.2052 0.4444
vn 0.8511 0.1963 0.4870
vn 0.8511 0.1962 0.4870
vn 0.8510 0.1963 0.4870
vn 0.7519 0.4871 0.4443
vn 0.7518 0.4871 0.4443
vn 0.7308 0.4782 0.4871
vn 0.7308 0.4782 0.4870
vn 0.9253 -0.1376 0.3534
vn 0.9253 -0.1375 0.3534
vn 0.9085 -0.1448 0.3921
vn 0.8899 -0.1527 0.4298
vn 0.8697 -0.1611 0.4666
vn 0.8697 -0.1610 0.4667
vn 0.8697 -0.1612 0.4666
vn 0.8697 -0.1613 0.4665
vn 0.8281 0.1865 0.5286
vn 0.7079 0.4684 0.5286
vn 0.4857 0.7392 0.4665
vn 0.5059 0.7479 0.4298
vn 0.5245 0.7558 0.3921
vn 0.5412 0.7630 0.3534
vn 0.5413 0.7630 0.3534
vn 0.5413 0.7630 0.3533
vn 0.7709 0.4953 0.4005
vn 0.8911 0.2137 0.4003
vn 0.8911 0.2134 0.4005
vn 0.8721 0.2052 -0.4443
vn 0.8720 0.2052 -0.4443
vn 0.8721 0.2052 -0.4442
vn 0.8722 0.2052 -0.4441
vn 0.8510 0.1963 -0.4870
vn 0.7519 0.4871 -0.4443
vn 0.7518 0.4871 -0.4443
vn 0.7308 0.4783 -0.4870
vn 0.7308 0.4782 -0.4870
vn 0.9253 -0.1376 -0.3534
vn 0.9085 -0.1448 -0.3921
vn 0.8899 -0.1527 -0.4298
vn 0.8697 -0.1613 -0.4665
vn 0.8281 0.1865 -0.5286
vn 0.7079 0.4684 -0.5286
vn 0.7079 0.4685 -0.5286
vn 0.4857 0.7393 -0.4665
vn 0.4857 0.7392 -0.4665
vn 0.5059 0.7479 -0.4298
vn 0.5245 0.7558 -0.3921
vn 0.5413 0.7629 -0.3534
vn 0.7709 0.4953 -0.4005
vn 0.7709 0.4953 -0.4006
vn 0.8911 0.2134 -0.4005
vn -0.0068 -0.1695 -0.9855
vn -0.0512 -0.1884 -0.9808
vn -0.1270 0.1124 -0.9855
vn -0.1713 0.0935 -0.9808
vn 0.1723 -0.4587 -0.8717
vn 0.1330 -0.4755 -0.8696
vn 0.0939 -0.4922 -0.8654
vn 0.0938 -0.4921 -0.8654
vn 0.0938 -0.4921 -0.8655
vn 0.0549 -0.5088 -0.8591
vn 0.0549 -0.5088 -0.8592
vn -0.0953 -0.2072 -0.9736
vn -0.2155 0.0747 -0.9736
vn -0.3291 0.3918 -0.8592
vn -0.2902 0.4084 -0.8654
vn -0.2511 0.4251 -0.8696
vn -0.2510 0.4251 -0.8696
vn -0.2116 0.4419 -0.8717
vn -0.2117 0.4419 -0.8717
vn -0.0824 0.1314 -0.9879
vn 0.0377 -0.1505 -0.9879
vn 0.0376 -0.1506 -0.9879
vn 0.9362 0.2326 0.2636
vn 0.9233 0.2271 0.3099
vn 0.9232 0.2271 0.3099
vn 0.9233 0.2270 0.3099
vn 0.8160 0.5145 0.2636
vn 0.8031 0.5089 0.3100
vn 0.8031 0.5088 0.3100
vn 0.8031 0.5090 0.3099
vn 0.9746 -0.1166 0.1911
vn 0.9651 -0.1207 0.2326
vn 0.9536 -0.1255 0.2735
vn 0.9404 -0.1312 0.3137
vn 0.9404 -0.1312 0.3136
vn 0.9082 0.2207 0.3556
vn 0.7880 0.5026 0.3556
vn 0.5564 0.7694 0.3138
vn 0.5564 0.7693 0.3138
vn 0.5698 0.7750 0.2735
vn 0.5697 0.7750 0.2735
vn 0.5811 0.7799 0.2326
vn 0.5906 0.7840 0.1911
vn 0.8268 0.5192 0.2166
vn 0.8268 0.5191 0.2166
vn 0.9470 0.2372 0.2166
vn 0.7767 0.1645 -0.6080
vn 0.7767 0.1646 -0.6080
vn 0.7484 0.1525 -0.6454
vn 0.7485 0.1525 -0.6454
vn 0.6565 0.4465 -0.6080
vn 0.6565 0.4466 -0.6079
vn 0.6282 0.4344 -0.6454
vn 0.6282 0.4344 -0.6455
vn 0.8478 -0.1707 -0.5021
vn 0.8243 -0.1807 -0.5365
vn 0.7994 -0.1913 -0.5695
vn 0.7730 -0.2026 -0.6012
vn 0.7185 0.1398 -0.6814
vn 0.5983 0.4217 -0.6813
vn 0.5983 0.4217 -0.6814
vn 0.3890 0.6980 -0.6012
vn 0.4154 0.7093 -0.5696
vn 0.4153 0.7093 -0.5696
vn 0.4153 0.7093 -0.5695
vn 0.4154 0.7093 -0.5695
vn 0.4403 0.7199 -0.5365
vn 0.4638 0.7299 -0.5021
vn 0.6831 0.4578 -0.5690
vn 0.6831 0.4578 -0.5691
vn 0.8033 0.1759 -0.5690
vn -0.1824 -0.2442 -0.9524
vn -0.1824 -0.2443 -0.9524
vn -0.2250 -0.2625 -0.9383
vn -0.3026 0.0376 -0.9524
vn -0.3452 0.0194 -0.9383
vn 0.0162 -0.5252 -0.8508
vn -0.0220 -0.5415 -0.8404
vn -0.0595 -0.5576 -0.8280
vn -0.0596 -0.5576 -0.8280
vn -0.0967 -0.5734 -0.8135
vn -0.0966 -0.5733 -0.8136
vn -0.0967 -0.5734 -0.8136
vn -0.0967 -0.5735 -0.8135
vn -0.2670 -0.2804 -0.9220
vn -0.3872 0.0015 -0.9220
vn -0.4806 0.3272 -0.8136
vn -0.4438 0.3430 -0.8279
vn -0.4436 0.3430 -0.8280
vn -0.4060 0.3591 -0.8404
vn -0.4060 0.3591 -0.8403
vn -0.3678 0.3753 -0.8508
vn -0.2593 0.0560 -0.9642
vn -0.1391 -0.2259 -0.9642
vn 0.9667 0.2456 0.0727
vn 0.9666 0.2456 0.0727
vn 0.9667 0.2455 0.0727
vn 0.9623 0.2437 0.1209
vn 0.9623 0.2437 0.1210
vn 0.8465 0.5275 0.0727
vn 0.8465 0.5274 0.0728
vn 0.8464 0.5275 0.0727
vn 0.8421 0.5256 0.1209
vn 0.9939 -0.1084 0.0214
vn 0.9919 -0.1092 0.0642
vn 0.9919 -0.1091 0.0643
vn 0.9919 -0.1092 0.0644
vn 0.9881 -0.1109 0.1067
vn 0.9881 -0.1111 0.1065
vn 0.9823 -0.1133 0.1490
vn 0.9557 0.2409 0.1689
vn 0.8358 0.5225 0.1688
vn 0.8356 0.5227 0.1689
vn 0.8355 0.5229 0.1687
vn 0.8355 0.5229 0.1689
vn 0.5986 0.7870 0.1492
vn 0.5983 0.7873 0.1490
vn 0.5983 0.7873 0.1491
vn 0.6041 0.7897 0.1067
vn 0.6079 0.7914 0.0644
vn 0.6079 0.7914 0.0642
vn 0.6080 0.7913 0.0642
vn 0.6099 0.7922 0.0214
vn 0.8487 0.5284 0.0243
vn 0.8486 0.5284 0.0243
vn 0.9688 0.2466 0.0243
vn 0.9688 0.2465 0.0243
vn 0.9688 0.2465 0.0244
vn 0.6538 0.1123 -0.7483
vn 0.6538 0.1122 -0.7483
vn 0.6192 0.0978 -0.7791
vn 0.6195 0.0975 -0.7789
vn 0.6194 0.0977 -0.7790
vn 0.6194 0.0976 -0.7790
vn 0.5336 0.3942 -0.7482
vn 0.5336 0.3944 -0.7482
vn 0.5336 0.3941 -0.7483
vn 0.4992 0.3794 -0.7790
vn 0.7450 -0.2145 -0.6316
vn 0.7451 -0.2145 -0.6316
vn 0.7160 -0.2271 -0.6602
vn 0.7159 -0.2269 -0.6603
vn 0.6855 -0.2399 -0.6874
vn 0.6540 -0.2534 -0.7128
vn 0.6539 -0.2535 -0.7129
vn 0.6541 -0.2536 -0.7127
vn 0.5835 0.0822 -0.8079
vn 0.4634 0.3641 -0.8079
vn 0.2699 0.6472 -0.7129
vn 0.3015 0.6607 -0.6874
vn 0.3319 0.6737 -0.6603
vn 0.3319 0.6738 -0.6602
vn 0.3318 0.6737 -0.6603
vn 0.3611 0.6861 -0.6316
vn 0.3612 0.6861 -0.6316
vn 0.3612 0.6861 -0.6315
vn 0.5667 0.4082 -0.7157
vn 0.6869 0.1263 -0.7157
vn -0.3487 -0.3152 -0.8827
vn -0.3488 -0.3152 -0.8826
vn -0.3486 -0.3152 -0.8827
vn -0.3879 -0.3320 -0.8598
vn -0.4688 -0.0334 -0.8827
vn -0.4689 -0.0333 -0.8826
vn -0.4688 -0.0333 -0.8827
vn -0.5081 -0.0501 -0.8598
vn -0.1331 -0.5889 -0.7972
vn -0.1330 -0.5889 -0.7972
vn -0.1688 -0.6041 -0.7788
vn -0.1687 -0.6041 -0.7789
vn -0.2033 -0.6189 -0.7587
vn -0.2034 -0.6189 -0.7587
vn -0.2371 -0.6333 -0.7367
vn -0.4262 -0.3483 -0.8349
vn -0.5464 -0.0664 -0.8349
vn -0.6211 0.2673 -0.7367
vn -0.5873 0.2817 -0.7588
vn -0.5873 0.2817 -0.7587
vn -0.5872 0.2818 -0.7588
vn -0.5527 0.2965 -0.7789
vn -0.5528 0.2965 -0.7788
vn -0.5170 0.3118 -0.7972
vn -0.5169 0.3119 -0.7972
vn -0.5170 0.3117 -0.7972
vn -0.5171 0.3117 -0.7972
vn -0.4285 -0.0161 -0.9034
vn -0.3083 -0.2980 -0.9034
vn 0.9623 0.2437 -0.1209
vn 0.9666 0.2456 -0.0727
vn 0.8421 0.5256 -0.1209
vn 0.8465 0.5275 -0.0727
vn 0.9823 -0.1132 -0.1489
vn 0.9823 -0.1133 -0.1490
vn 0.9824 -0.1131 -0.1488
vn 0.9881 -0.1109 -0.1067
vn 0.9881 -0.1111 -0.1065
vn 0.9919 -0.1092 -0.0642
vn 0.9919 -0.1092 -0.0643
vn 0.9939 -0.1085 -0.0214
vn 0.9939 -0.1084 -0.0214
vn 0.9688 0.2467 -0.0242
vn 0.9688 0.2465 -0.0243
vn 0.9688 0.2466 -0.0243
vn 0.8486 0.5284 -0.0243
vn 0.8486 0.5285 -0.0243
vn 0.6099 0.7922 -0.0213
vn 0.6099 0.7922 -0.0214
vn 0.6080 0.7914 -0.0642
vn 0.6080 0.7913 -0.0642
vn 0.6041 0.7897 -0.1067
vn 0.5983 0.7873 -0.1490
vn 0.8356 0.5227 -0.1689
vn 0.8356 0.5228 -0.1689
vn 0.8355 0.5229 -0.1689
vn 0.9557 0.2410 -0.1689
vn 0.5081 0.0501 -0.8599
vn 0.5079 0.0501 -0.8599
vn 0.5081 0.0501 -0.8598
vn 0.4690 0.0333 -0.8826
vn 0.4690 0.0334 -0.8825
vn 0.4690 0.0334 -0.8826
vn 0.3879 0.3320 -0.8598
vn 0.3486 0.3150 -0.8828
vn 0.3486 0.3152 -0.8827
vn 0.3486 0.3150 -0.8827
vn 0.3486 0.3149 -0.8828
vn 0.6211 -0.2675 -0.7367
vn 0.6211 -0.2677 -0.7366
vn 0.6211 -0.2673 -0.7367
vn 0.5873 -0.2817 -0.7587
vn 0.5527 -0.2963 -0.7789
vn 0.5527 -0.2965 -0.7789
vn 0.5527 -0.2964 -0.7789
vn 0.5171 -0.3117 -0.7972
vn 0.4285 0.0161 -0.9034
vn 0.3082 0.2982 -0.9034
vn 0.3083 0.2980 -0.9034
vn 0.1331 0.5889 -0.7972
vn 0.1331 0.5888 -0.7972
vn 0.1687 0.6041 -0.7789
vn 0.1688 0.6043 -0.7786
vn 0.2034 0.6188 -0.7587
vn 0.2034 0.6188 -0.7588
vn 0.2035 0.6188 -0.7588
vn 0.2034 0.6189 -0.7587
vn 0.2371 0.6333 -0.7367
vn 0.4262 0.3483 -0.8349
vn 0.5464 0.0663 -0.8349
vn 0.5464 0.0664 -0.8349
vn -0.4992 -0.3794 -0.7790
vn -0.4993 -0.3794 -0.7790
vn -0.5336 -0.3943 -0.7482
vn -0.5336 -0.3944 -0.7482
vn -0.5336 -0.3941 -0.7483
vn -0.6194 -0.0975 -0.7790
vn -0.6538 -0.1122 -0.7483
vn -0.2699 -0.6472 -0.7129
vn -0.3015 -0.6607 -0.6874
vn -0.3015 -0.6608 -0.6874
vn -0.3319 -0.6737 -0.6603
vn -0.3611 -0.6861 -0.6316
vn -0.5667 -0.4081 -0.7157
vn -0.5667 -0.4082 -0.7157
vn -0.5666 -0.4081 -0.7158
vn -0.6869 -0.1263 -0.7157
vn -0.6871 -0.1263 -0.7155
vn -0.6870 -0.1263 -0.7156
vn -0.7451 0.2145 -0.6316
vn -0.7450 0.2145 -0.6316
vn -0.7159 0.2269 -0.6603
vn -0.7160 0.2269 -0.6602
vn -0.6855 0.2399 -0.6874
vn -0.6539 0.2534 -0.7129
vn -0.5835 -0.0822 -0.8079
vn -0.4634 -0.3641 -0.8079
vn 0.9233 0.2271 -0.3099
vn 0.9362 0.2325 -0.2636
vn 0.9404 -0.1312 -0.3137
vn 0.9537 -0.1255 -0.2735
vn 0.9746 -0.1166 -0.1912
vn 0.5698 0.7750 -0.2735
vn 0.5565 0.7693 -0.3138
vn 0.7881 0.5025 -0.3554
vn 0.7880 0.5025 -0.3556
vn 0.9082 0.2208 -0.3556
vn 0.3452 -0.0194 -0.9383
vn 0.3026 -0.0376 -0.9524
vn 0.2250 0.2625 -0.9383
vn 0.1824 0.2443 -0.9524
vn 0.4806 -0.3272 -0.8136
vn 0.4436 -0.3430 -0.8280
vn 0.4060 -0.3591 -0.8404
vn 0.3678 -0.3753 -0.8508
vn 0.2593 -0.0560 -0.9642
vn 0.1391 0.2259 -0.9642
vn -0.0162 0.5252 -0.8508
vn -0.0161 0.5252 -0.8508
vn -0.0162 0.5253 -0.8508
vn 0.0220 0.5415 -0.8404
vn 0.0596 0.5576 -0.8280
vn 0.0967 0.5734 -0.8136
vn 0.0966 0.5734 -0.8136
vn 0.2670 0.2804 -0.9220
vn 0.3872 -0.0015 -0.9220
vn -0.6280 -0.4346 -0.6456
vn -0.6282 -0.4345 -0.6455
vn -0.6282 -0.4344 -0.6454
vn -0.6283 -0.4344 -0.6454
vn -0.6565 -0.4465 -0.6080
vn -0.6565 -0.4465 -0.6079
vn -0.6566 -0.4463 -0.6080
vn -0.7484 -0.1525 -0.6454
vn -0.7767 -0.1646 -0.6080
vn -0.3890 -0.6980 -0.6012
vn -0.4153 -0.7094 -0.5695
vn -0.4155 -0.7093 -0.5695
vn -0.4154 -0.7093 -0.5695
vn -0.4403 -0.7199 -0.5365
vn -0.4639 -0.7299 -0.5021
vn -0.4638 -0.7299 -0.5021
vn -0.6831 -0.4580 -0.5689
vn -0.6831 -0.4578 -0.5690
vn -0.6831 -0.4582 -0.5688
vn -0.8033 -0.1759 -0.5690
vn -0.8033 -0.1758 -0.5690
vn -0.8478 0.1706 -0.5021
vn -0.8478 0.1707 -0.5021
vn -0.8243 0.1807 -0.5366
vn -0.8243 0.1807 -0.5365
vn -0.7994 0.1913 -0.5696
vn -0.7993 0.1912 -0.5696
vn -0.7994 0.1913 -0.5695
vn -0.7730 0.2026 -0.6012
vn -0.7185 -0.1398 -0.6813
vn -0.7185 -0.1398 -0.6814
vn -0.7184 -0.1398 -0.6814
vn -0.5983 -0.4216 -0.6814
vn -0.5983 -0.4217 -0.6814
vn -0.5983 -0.4215 -0.6814
vn 0.8511 0.1963 -0.4870
vn 0.8510 0.1963 -0.4871
vn 0.8719 0.2056 -0.4445
vn 0.8720 0.2053 -0.4443
vn 0.7308 0.4782 -0.4871
vn 0.7310 0.4781 -0.4870
vn 0.8899 -0.1526 -0.4298
vn 0.8911 0.2137 -0.4003
vn 0.5412 0.7630 -0.3534
vn 0.5410 0.7630 -0.3538
vn 0.5413 0.7630 -0.3534
vn 0.5245 0.7558 -0.3919
vn 0.5245 0.7558 -0.3920
vn 0.4857 0.7392 -0.4666
vn 0.1713 -0.0935 -0.9808
vn 0.1713 -0.0936 -0.9808
vn 0.1270 -0.1124 -0.9855
vn 0.0511 0.1884 -0.9808
vn 0.0069 0.1695 -0.9855
vn 0.0068 0.1695 -0.9855
vn 0.3291 -0.3918 -0.8592
vn 0.2902 -0.4084 -0.8654
vn 0.2902 -0.4084 -0.8655
vn 0.2510 -0.4251 -0.8696
vn 0.2511 -0.4251 -0.8696
vn 0.2117 -0.4419 -0.8717
vn 0.2115 -0.4421 -0.8717
vn 0.2116 -0.4419 -0.8718
vn 0.0824 -0.1314 -0.9879
vn 0.0825 -0.1314 -0.9879
vn -0.0377 0.1506 -0.9879
vn -0.0377 0.1505 -0.9879
vn -0.1723 0.4587 -0.8717
vn -0.1330 0.4755 -0.8696
vn -0.1329 0.4755 -0.8696
vn -0.0938 0.4921 -0.8655
vn -0.0549 0.5088 -0.8592
vn -0.0549 0.5089 -0.8591
vn -0.0549 0.5087 -0.8592
vn 0.0953 0.2072 -0.9736
vn 0.2155 -0.0748 -0.9736
vn 0.2155 -0.0747 -0.9736
vn -0.7308 -0.4782 -0.4871
vn -0.7308 -0.4782 -0.4872
vn -0.7308 -0.4782 -0.4870
vn -0.7519 -0.4871 -0.4444
vn -0.7519 -0.4871 -0.4443
vn -0.8510 -0.1963 -0.4870
vn -0.8511 -0.1963 -0.4870
vn -0.8720 -0.2054 -0.4443
vn -0.8720 -0.2053 -0.4443
vn -0.4857 -0.7392 -0.4666
vn -0.4858 -0.7392 -0.4665
vn -0.4856 -0.7393 -0.4665
vn -0.5059 -0.7479 -0.4299
vn -0.5059 -0.7479 -0.4298
vn -0.5245 -0.7557 -0.3922
vn -0.5245 -0.7557 -0.3921
vn -0.5245 -0.7558 -0.3921
vn -0.5413 -0.7629 -0.3534
vn -0.5413 -0.7630 -0.3534
vn -0.5412 -0.7630 -0.3534
vn -0.5412 -0.7630 -0.3535
vn -0.7710 -0.4953 -0.4004
vn -0.7709 -0.4953 -0.4005
vn -0.7709 -0.4955 -0.4003
vn -0.8911 -0.2135 -0.4004
vn -0.8911 -0.2134 -0.4005
vn -0.9253 0.1376 -0.3534
vn -0.9085 0.1448 -0.3921
vn -0.8899 0.1528 -0.4299
vn -0.8899 0.1527 -0.4298
vn -0.8898 0.1529 -0.4299
vn -0.8697 0.1613 -0.4664
vn -0.8698 0.1613 -0.4663
vn -0.8697 0.1613 -0.4666
vn -0.8281 -0.1865 -0.5286
vn -0.7079 -0.4684 -0.5286
vn 0.7485 0.1526 -0.6454
vn 0.7489 0.1525 -0.6449
vn 0.6284 0.4343 -0.6454
vn 0.6280 0.4344 -0.6457
vn 0.7730 -0.2025 -0.6012
vn 0.8032 0.1760 -0.5691
vn 0.8034 0.1758 -0.5689
vn 0.7185 0.1397 -0.6814
vn 0.7185 0.1398 -0.6813
vn 0.7186 0.1397 -0.6813
vn -0.8030 -0.5090 -0.3100
vn -0.8031 -0.5089 -0.3099
vn -0.8160 -0.5145 -0.2636
vn -0.8160 -0.5144 -0.2636
vn -0.8160 -0.5144 -0.2637
vn -0.9232 -0.2272 -0.3100
vn -0.9231 -0.2272 -0.3101
vn -0.9232 -0.2271 -0.3099
vn -0.9362 -0.2326 -0.2636
vn -0.5564 -0.7694 -0.3138
vn -0.5697 -0.7750 -0.2735
vn -0.5811 -0.7799 -0.2326
vn -0.5906 -0.7840 -0.1911
vn -0.8268 -0.5191 -0.2166
vn -0.9470 -0.2372 -0.2166
vn -0.9470 -0.2371 -0.2166
vn -0.9746 0.1166 -0.1911
vn -0.9651 0.1207 -0.2326
vn -0.9536 0.1256 -0.2735
vn -0.9536 0.1256 -0.2734
vn -0.9404 0.1312 -0.3138
vn -0.9082 -0.2207 -0.3556
vn -0.7880 -0.5025 -0.3556
vn -0.7880 -0.5026 -0.3556
vn 0.6194 0.0975 -0.7790
vn 0.6539 -0.2534 -0.7129
vn 0.6854 -0.2400 -0.6874
vn 0.6855 -0.2400 -0.6874
vn 0.7160 -0.2269 -0.6602
vn 0.7161 -0.2269 -0.6601
vn 0.7450 -0.2146 -0.6316
vn 0.7453 -0.2147 -0.6313
vn 0.5667 0.4083 -0.7157
vn 0.3014 0.6607 -0.6874
vn 0.2699 0.6473 -0.7129
vn 0.5836 0.0822 -0.8079
vn -0.8421 -0.5256 -0.1209
vn -0.8465 -0.5275 -0.0727
vn -0.8464 -0.5275 -0.0727
vn -0.8465 -0.5274 -0.0727
vn -0.9623 -0.2437 -0.1209
vn -0.9666 -0.2456 -0.0728
vn -0.9666 -0.2456 -0.0727
vn -0.5983 -0.7873 -0.1490
vn -0.5982 -0.7874 -0.1490
vn -0.5982 -0.7873 -0.1490
vn -0.6042 -0.7897 -0.1067
vn -0.6041 -0.7897 -0.1067
vn -0.6042 -0.7896 -0.1067
vn -0.6080 -0.7914 -0.0642
vn -0.6079 -0.7914 -0.0642
vn -0.6099 -0.7922 -0.0214
vn -0.8486 -0.5284 -0.0243
vn -0.9689 -0.2465 -0.0243
vn -0.9689 -0.2464 -0.0243
vn -0.9688 -0.2465 -0.0243
vn -0.9939 0.1085 -0.0215
vn -0.9939 0.1084 -0.0214
vn -0.9939 0.1083 -0.0214
vn -0.9920 0.1091 -0.0642
vn -0.9920 0.1092 -0.0641
vn -0.9919 0.1092 -0.0642
vn -0.9881 0.1109 -0.1067
vn -0.9823 0.1133 -0.1490
vn -0.9557 -0.2410 -0.1689
vn -0.9557 -0.2409 -0.1689
vn -0.8355 -0.5229 -0.1689
vn -0.8355 -0.5228 -0.1689
vn 0.4688 0.0333 -0.8827
vn 0.3485 0.3152 -0.8827
vn 0.5171 -0.3116 -0.7972
vn 0.2370 0.6332 -0.7368
vn 0.2033 0.6189 -0.7587
vn 0.2032 0.6189 -0.7587
vn 0.1330 0.5889 -0.7972
vn 0.4285 0.0162 -0.9034
vn 0.4284 0.0163 -0.9034
vn -0.8465 -0.5274 0.0727
vn -0.8465 -0.5275 0.0727
vn -0.8421 -0.5256 0.1209
vn -0.9666 -0.2456 0.0727
vn -0.9623 -0.2437 0.1208
vn -0.9623 -0.2437 0.1209
vn -0.6099 -0.7922 0.0214
vn -0.6100 -0.7921 0.0214
vn -0.6080 -0.7913 0.0642
vn -0.6080 -0.7914 0.0642
vn -0.6041 -0.7897 0.1067
vn -0.6042 -0.7897 0.1067
vn -0.5983 -0.7873 0.1490
vn -0.8355 -0.5228 0.1689
vn -0.8355 -0.5229 0.1689
vn -0.9557 -0.2409 0.1689
vn -0.9558 -0.2408 0.1689
vn -0.9823 0.1133 0.1490
vn -0.9881 0.1109 0.1067
vn -0.9919 0.1092 0.0642
vn -0.9919 0.1093 0.0643
vn -0.9920 0.1092 0.0641
vn -0.9939 0.1085 0.0215
vn -0.9939 0.1085 0.0214
vn -0.9688 -0.2465 0.0243
vn -0.9689 -0.2465 0.0243
vn -0.8486 -0.5284 0.0243
vn 0.3453 -0.0194 -0.9383
vn 0.1824 0.2442 -0.9524
vn 0.2252 0.2625 -0.9383
vn 0.2256 0.2623 -0.9383
vn 0.2252 0.2624 -0.9383
vn 0.3679 -0.3753 -0.8508
vn 0.4059 -0.3591 -0.8404
vn 0.4436 -0.3429 -0.8280
vn 0.3873 -0.0015 -0.9219
vn 0.3875 -0.0015 -0.9219
vn 0.0966 0.5734 -0.8135
vn 0.0967 0.5734 -0.8135
vn 0.0219 0.5414 -0.8405
vn 0.0220 0.5414 -0.8405
vn -0.0162 0.5251 -0.8509
vn -0.8160 -0.5145 0.2636
vn -0.8031 -0.5089 0.3099
vn -0.8031 -0.5090 0.3099
vn -0.8031 -0.5088 0.3100
vn -0.9362 -0.2326 0.2636
vn -0.9232 -0.2271 0.3099
vn -0.9231 -0.2272 0.3101
vn -0.5906 -0.7840 0.1911
vn -0.5811 -0.7799 0.2327
vn -0.5811 -0.7799 0.2326
vn -0.5697 -0.7750 0.2735
vn -0.5564 -0.7694 0.3138
vn -0.7880 -0.5026 0.3556
vn -0.9082 -0.2207 0.3556
vn -0.9404 0.1312 0.3138
vn -0.9536 0.1255 0.2735
vn -0.9537 0.1255 0.2735
vn -0.9651 0.1207 0.2326
vn -0.9746 0.1166 0.1911
vn -0.9470 -0.2372 0.2166
vn -0.8268 -0.5191 0.2166
vn 0.0510 0.1883 -0.9808
vn 0.2510 -0.4251 -0.8697
vn 0.0953 0.2072 -0.9737
vn -0.0938 0.4922 -0.8654
vn -0.0937 0.4921 -0.8655
vn -0.1723 0.4588 -0.8717
vn -0.7519 -0.4872 0.4443
vn -0.7518 -0.4871 0.4443
vn -0.7518 -0.4872 0.4443
vn -0.7308 -0.4782 0.4871
vn -0.7308 -0.4782 0.4872
vn -0.8720 -0.2053 0.4443
vn -0.8721 -0.2050 0.4443
vn -0.8511 -0.1963 0.4870
vn -0.8510 -0.1963 0.4871
vn -0.8510 -0.1963 0.4870
vn -0.5413 -0.7630 0.3534
vn -0.5412 -0.7630 0.3534
vn -0.5412 -0.7630 0.3535
vn -0.5245 -0.7558 0.3921
vn -0.5245 -0.7558 0.3920
vn -0.5059 -0.7479 0.4298
vn -0.4855 -0.7393 0.4666
vn -0.4857 -0.7392 0.4665
vn -0.7079 -0.4684 0.5286
vn -0.7079 -0.4683 0.5287
vn -0.7079 -0.4685 0.5286
vn -0.8282 -0.1865 0.5285
vn -0.8281 -0.1865 0.5286
vn -0.8697 0.1613 0.4665
vn -0.8697 0.1613 0.4664
vn -0.8899 0.1527 0.4298
vn -0.9085 0.1448 0.3921
vn -0.9253 0.1377 0.3534
vn -0.9253 0.1376 0.3534
vn -0.8911 -0.2134 0.4005
vn -0.8911 -0.2134 0.4004
vn -0.7709 -0.4955 0.4003
vn -0.7709 -0.4953 0.4005
vn -0.0512 -0.1884 -0.9807
vn -0.1712 0.0935 -0.9808
vn -0.1714 0.0935 -0.9808
vn -0.1270 0.1123 -0.9855
vn 0.0549 -0.5087 -0.8592
vn 0.0938 -0.4922 -0.8654
vn 0.1724 -0.4587 -0.8717
vn 0.0378 -0.1505 -0.9879
vn -0.2116 0.4419 -0.8718
vn -0.2116 0.4418 -0.8718
vn -0.2118 0.4419 -0.8717
vn -0.2904 0.4085 -0.8654
vn -0.2155 0.0747 -0.9737
vn -0.6565 -0.4465 0.6080
vn -0.6565 -0.4466 0.6079
vn -0.6565 -0.4467 0.6078
vn -0.6283 -0.4343 0.6455
vn -0.6282 -0.4344 0.6455
vn -0.6283 -0.4345 0.6454
vn -0.7767 -0.1646 0.6080
vn -0.7767 -0.1644 0.6080
vn -0.7484 -0.1525 0.6454
vn -0.4639 -0.7299 0.5021
vn -0.4640 -0.7299 0.5020
vn -0.4638 -0.7299 0.5021
vn -0.4403 -0.7199 0.5365
vn -0.4403 -0.7199 0.5366
vn -0.4155 -0.7093 0.5695
vn -0.4154 -0.7093 0.5695
vn -0.3889 -0.6980 0.6012
vn -0.3890 -0.6980 0.6012
vn -0.3890 -0.6980 0.6013
vn -0.5982 -0.4217 0.6814
vn -0.5983 -0.4217 0.6814
vn -0.5982 -0.4216 0.6814
vn -0.7185 -0.1397 0.6814
vn -0.7185 -0.1398 0.6814
vn -0.7730 0.2026 0.6012
vn -0.7994 0.1913 0.5695
vn -0.7994 0.1914 0.5696
vn -0.7994 0.1913 0.5696
vn -0.8243 0.1808 0.5365
vn -0.8243 0.1807 0.5365
vn -0.8242 0.1806 0.5367
vn -0.8478 0.1708 0.5021
vn -0.8477 0.1709 0.5021
vn -0.8478 0.1707 0.5021
vn -0.8033 -0.1760 0.5690
vn -0.8033 -0.1759 0.5690
vn -0.6831 -0.4578 0.5690
vn -0.2249 -0.2626 -0.9383
vn -0.3026 0.0375 -0.9524
vn -0.0965 -0.5733 -0.8136
vn -0.0966 -0.5734 -0.8136
vn -0.0594 -0.5576 -0.8280
vn -0.0591 -0.5576 -0.8280
vn -0.1390 -0.2259 -0.9642
vn -0.2594 0.0562 -0.9641
vn -0.3872 0.0016 -0.9220
vn -0.5336 -0.3941 0.7483
vn -0.4992 -0.3794 0.7790
vn -0.6537 -0.1123 0.7484
vn -0.6538 -0.1122 0.7483
vn -0.6535 -0.1123 0.7485
vn -0.6194 -0.0974 0.7790
vn -0.6194 -0.0975 0.7790
vn -0.6194 -0.0972 0.7791
vn -0.3611 -0.6861 0.6316
vn -0.3320 -0.6736 0.6603
vn -0.3319 -0.6737 0.6603
vn -0.3015 -0.6607 0.6875
vn -0.3015 -0.6607 0.6874
vn -0.2699 -0.6472 0.7129
vn -0.4634 -0.3641 0.8079
vn -0.4634 -0.3642 0.8079
vn -0.5836 -0.0820 0.8079
vn -0.5836 -0.0821 0.8079
vn -0.5835 -0.0822 0.8079
vn -0.6539 0.2534 0.7129
vn -0.6855 0.2398 0.6874
vn -0.6855 0.2399 0.6874
vn -0.7159 0.2269 0.6603
vn -0.7160 0.2271 0.6602
vn -0.7450 0.2145 0.6316
vn -0.7451 0.2145 0.6316
vn -0.6869 -0.1263 0.7157
vn -0.5667 -0.4082 0.7157
vn -0.3486 -0.3153 -0.8827
vn -0.3485 -0.3152 -0.8827
vn -0.4688 -0.0332 -0.8827
vn -0.2371 -0.6332 -0.7367
vn -0.2371 -0.6332 -0.7368
vn -0.1687 -0.6040 -0.7789
vn -0.4285 -0.0160 -0.9034
vn -0.5170 0.3115 -0.7973
vn -0.5171 0.3117 -0.7971
vn -0.5527 0.2965 -0.7788
vn -0.5526 0.2965 -0.7789
vn -0.6211 0.2674 -0.7367
vn -0.6212 0.2673 -0.7367
vn -0.5463 -0.0662 -0.8350
vn -0.5464 -0.0666 -0.8349
vn -0.4262 -0.3485 -0.8348
vn -0.4262 -0.3484 -0.8349
vn -0.3879 -0.3320 0.8598
vn -0.3878 -0.3319 0.8599
vn -0.3486 -0.3152 0.8827
vn -0.5081 -0.0501 0.8598
vn -0.4688 -0.0333 0.8827
vn -0.2371 -0.6333 0.7367
vn -0.2034 -0.6189 0.7587
vn -0.2033 -0.6189 0.7587
vn -0.1687 -0.6041 0.7789
vn -0.1330 -0.5889 0.7972
vn -0.1331 -0.5889 0.7972
vn -0.3081 -0.2980 0.9035
vn -0.3083 -0.2980 0.9034
vn -0.4285 -0.0161 0.9034
vn -0.5171 0.3117 0.7972
vn -0.5170 0.3117 0.7972
vn -0.5527 0.2965 0.7789
vn -0.5527 0.2964 0.7789
vn -0.5873 0.2817 0.7587
vn -0.5874 0.2817 0.7587
vn -0.6211 0.2673 0.7367
vn -0.6211 0.2674 0.7367
vn -0.5465 -0.0665 0.8348
vn -0.5464 -0.0665 0.8349
vn -0.5464 -0.0664 0.8349
vn -0.4261 -0.3483 0.8349
vn -0.4262 -0.3483 0.8349
vn -0.3611 -0.6861 -0.6315
vn -0.3014 -0.6608 -0.6874
vn -0.4636 -0.3640 -0.8078
vn -0.4635 -0.3640 -0.8079
vn -0.5835 -0.0823 -0.8079
vn -0.6855 0.2400 -0.6874
vn -0.7162 0.2270 -0.6600
vn -0.7450 0.2145 -0.6317
vn -0.2250 -0.2625 0.9383
vn -0.1824 -0.2443 0.9524
vn -0.3452 0.0194 0.9383
vn -0.3026 0.0376 0.9524
vn -0.0966 -0.5734 0.8136
vn -0.0596 -0.5576 0.8280
vn -0.0220 -0.5415 0.8404
vn 0.0162 -0.5252 0.8508
vn 0.0162 -0.5253 0.8508
vn -0.1391 -0.2259 0.9642
vn -0.1390 -0.2259 0.9642
vn -0.2593 0.0560 0.9642
vn -0.3678 0.3752 0.8508
vn -0.3678 0.3753 0.8508
vn -0.3678 0.3751 0.8509
vn -0.4060 0.3591 0.8404
vn -0.4059 0.3591 0.8404
vn -0.4436 0.3430 0.8280
vn -0.4806 0.3272 0.8136
vn -0.4807 0.3274 0.8135
vn -0.3872 0.0015 0.9220
vn -0.3871 0.0015 0.9220
vn -0.2670 -0.2804 0.9220
vn -0.6566 -0.4464 -0.6079
vn -0.6564 -0.4466 -0.6080
vn -0.6282 -0.4345 -0.6454
vn -0.7768 -0.1645 -0.6079
vn -0.7485 -0.1525 -0.6454
vn -0.4637 -0.7300 -0.5021
vn -0.3891 -0.6980 -0.6012
vn -0.3890 -0.6979 -0.6013
vn -0.3891 -0.6979 -0.6012
vn -0.7730 0.2025 -0.6012
vn -0.8033 -0.1757 -0.5690
vn -0.8033 -0.1759 -0.5691
vn -0.6830 -0.4579 -0.5690
vn -0.6829 -0.4580 -0.5691
vn -0.0511 -0.1884 0.9808
vn -0.1270 0.1123 0.9855
vn -0.1270 0.1122 0.9855
vn 0.0549 -0.5088 0.8592
vn -0.0824 0.1313 0.9879
vn -0.2116 0.4419 0.8717
vn -0.7518 -0.4871 -0.4444
vn -0.7519 -0.4870 -0.4444
vn -0.7308 -0.4783 -0.4871
vn -0.7307 -0.4783 -0.4871
vn -0.8721 -0.2053 -0.4443
vn -0.5245 -0.7558 -0.3920
vn -0.4857 -0.7392 -0.4665
vn -0.7079 -0.4684 -0.5287
vn -0.8697 0.1614 -0.4664
vn -0.8697 0.1613 -0.4665
vn -0.9084 0.1448 -0.3921
vn -0.8911 -0.2136 -0.4005
vn 0.1270 -0.1123 0.9855
vn 0.1270 -0.1125 0.9855
vn 0.1713 -0.0935 0.9808
vn 0.1712 -0.0935 0.9808
vn 0.0068 0.1695 0.9855
vn 0.0511 0.1884 0.9808
vn 0.2116 -0.4421 0.8717
vn 0.2117 -0.4419 0.8717
vn 0.2113 -0.4425 0.8715
vn 0.2510 -0.4251 0.8696
vn 0.2902 -0.4085 0.8654
vn 0.3291 -0.3918 0.8592
vn 0.2156 -0.0747 0.9736
vn 0.2155 -0.0747 0.9736
vn 0.0953 0.2072 0.9736
vn 0.0953 0.2072 0.9737
vn -0.0549 0.5088 0.8591
vn -0.0549 0.5088 0.8592
vn -0.0938 0.4921 0.8655
vn -0.0938 0.4922 0.8654
vn -0.1330 0.4755 0.8696
vn -0.1723 0.4587 0.8717
vn -0.1724 0.4587 0.8717
vn -0.0377 0.1505 0.9879
vn -0.0377 0.1507 0.9879
vn 0.0824 -0.1314 0.9879
vn 0.0823 -0.1315 0.9879
vn -0.8030 -0.5090 -0.3099
vn -0.8029 -0.5092 -0.3099
vn -0.8031 -0.5090 -0.3099
vn -0.9233 -0.2270 -0.3099
vn -0.9233 -0.2269 -0.3099
vn -0.5906 -0.7840 -0.1910
vn -0.5810 -0.7799 -0.2326
vn -0.5697 -0.7750 -0.2736
vn -0.7879 -0.5027 -0.3556
vn -0.9082 -0.2208 -0.3556
vn -0.9536 0.1255 -0.2735
vn -0.9650 0.1208 -0.2328
vn -0.9746 0.1165 -0.1911
vn -0.9470 -0.2372 -0.2167
vn 0.3026 -0.0376 0.9524
vn 0.3452 -0.0195 0.9383
vn 0.3452 -0.0194 0.9383
vn 0.1824 0.2443 0.9524
vn 0.2250 0.2625 0.9383
vn 0.3678 -0.3753 0.8508
vn 0.4060 -0.3591 0.8404
vn 0.4436 -0.3429 0.8280
vn 0.4437 -0.3430 0.8279
vn 0.4436 -0.3430 0.8280
vn 0.4806 -0.3272 0.8136
vn 0.3872 -0.0015 0.9220
vn 0.2670 0.2804 0.9220
vn 0.0966 0.5734 0.8136
vn 0.0966 0.5733 0.8136
vn 0.0597 0.5577 0.8279
vn 0.0598 0.5577 0.8279
vn 0.0596 0.5576 0.8280
vn 0.0220 0.5415 0.8404
vn 0.0220 0.5417 0.8403
vn -0.0162 0.5252 0.8508
vn 0.1391 0.2259 0.9642
vn 0.2593 -0.0560 0.9642
vn -0.8464 -0.5275 -0.0728
vn -0.9667 -0.2454 -0.0727
vn -0.9667 -0.2456 -0.0727
vn -0.6043 -0.7896 -0.1067
vn -0.6042 -0.7896 -0.1069
vn -0.5984 -0.7872 -0.1491
vn -0.5981 -0.7875 -0.1488
vn -0.9558 -0.2409 -0.1688
vn -0.9881 0.1108 -0.1068
vn -0.9919 0.1093 -0.0643
vn -0.9919 0.1093 -0.0642
vn -0.9939 0.1085 -0.0214
vn -0.9688 -0.2466 -0.0243
vn -0.8486 -0.5285 -0.0243
vn 0.4690 0.0334 0.8825
vn 0.4690 0.0333 0.8826
vn 0.4690 0.0334 0.8826
vn 0.5082 0.0502 0.8598
vn 0.5081 0.0501 0.8598
vn 0.5082 0.0501 0.8598
vn 0.3486 0.3150 0.8828
vn 0.3486 0.3152 0.8827
vn 0.3486 0.3149 0.8828
vn 0.3880 0.3320 0.8598
vn 0.3879 0.3320 0.8598
vn 0.5171 -0.3117 0.7972
vn 0.5170 -0.3117 0.7972
vn 0.5527 -0.2964 0.7789
vn 0.5527 -0.2965 0.7789
vn 0.5873 -0.2817 0.7587
vn 0.5874 -0.2817 0.7587
vn 0.6211 -0.2673 0.7367
vn 0.5464 0.0664 0.8349
vn 0.4262 0.3483 0.8349
vn 0.4263 0.3483 0.8349
vn 0.2371 0.6333 0.7367
vn 0.2033 0.6189 0.7587
vn 0.2034 0.6188 0.7588
vn 0.2033 0.6188 0.7587
vn 0.1687 0.6040 0.7789
vn 0.1686 0.6038 0.7791
vn 0.1686 0.6040 0.7789
vn 0.1687 0.6041 0.7789
vn 0.1331 0.5888 0.7972
vn 0.1331 0.5889 0.7972
vn 0.1330 0.5889 0.7972
vn 0.3082 0.2980 0.9034
vn 0.3083 0.2980 0.9034
vn 0.3082 0.2982 0.9034
vn 0.4285 0.0161 0.9034
vn -0.5984 -0.7872 0.1491
vn -0.5984 -0.7872 0.1489
vn -0.5985 -0.7872 0.1490
vn -0.6041 -0.7898 0.1067
vn -0.6041 -0.7897 0.1068
vn -0.6039 -0.7899 0.1067
vn -0.9939 0.1084 0.0214
vn -0.9823 0.1132 0.1489
vn -0.9824 0.1131 0.1489
vn -0.9824 0.1128 0.1487
vn -0.9557 -0.2410 0.1689
vn -0.9557 -0.2410 0.1688
vn 0.6194 0.0975 0.7790
vn 0.6538 0.1122 0.7483
vn 0.4991 0.3794 0.7791
vn 0.4990 0.3793 0.7791
vn 0.4992 0.3794 0.7790
vn 0.5336 0.3941 0.7483
vn 0.6539 -0.2536 0.7128
vn 0.6541 -0.2536 0.7127
vn 0.6540 -0.2535 0.7128
vn 0.6539 -0.2534 0.7129
vn 0.6855 -0.2399 0.6874
vn 0.7160 -0.2271 0.6602
vn 0.7159 -0.2269 0.6603
vn 0.7450 -0.2144 0.6317
vn 0.7450 -0.2144 0.6316
vn 0.7450 -0.2145 0.6316
vn 0.7450 -0.2145 0.6317
vn 0.6869 0.1263 0.7157
vn 0.5667 0.4082 0.7157
vn 0.3611 0.6861 0.6316
vn 0.3314 0.6739 0.6603
vn 0.3317 0.6735 0.6605
vn 0.3318 0.6737 0.6603
vn 0.3319 0.6737 0.6603
vn 0.3015 0.6608 0.6874
vn 0.3015 0.6608 0.6873
vn 0.2699 0.6472 0.7129
vn 0.4634 0.3638 0.8080
vn 0.4634 0.3641 0.8079
vn 0.5835 0.0822 0.8079
vn -0.8030 -0.5090 0.3099
vn -0.9232 -0.2271 0.3100
vn -0.9230 -0.2272 0.3105
vn -0.9362 -0.2326 0.2635
vn -0.9362 -0.2326 0.2634
vn -0.5564 -0.7694 0.3137
vn -0.5697 -0.7750 0.2736
vn -0.5697 -0.7750 0.2737
vn -0.9470 -0.2372 0.2167
vn -0.9650 0.1207 0.2326
vn -0.9537 0.1256 0.2734
vn -0.9536 0.1256 0.2735
vn -0.9537 0.1256 0.2735
vn 0.7484 0.1525 0.6454
vn 0.7767 0.1646 0.6080
vn 0.6282 0.4344 0.6454
vn 0.6282 0.4344 0.6455
vn 0.6565 0.4465 0.6080
vn 0.7730 -0.2026 0.6012
vn 0.7994 -0.1913 0.5695
vn 0.8243 -0.1807 0.5365
vn 0.8478 -0.1707 0.5021
vn 0.8478 -0.1706 0.5021
vn 0.8033 0.1759 0.5690
vn 0.6832 0.4578 0.5690
vn 0.6831 0.4578 0.5690
vn 0.4638 0.7299 0.5021
vn 0.4403 0.7199 0.5365
vn 0.4154 0.7093 0.5695
vn 0.4154 0.7092 0.5695
vn 0.3890 0.6980 0.6012
vn 0.5983 0.4217 0.6814
vn 0.7185 0.1397 0.6814
vn 0.7184 0.1398 0.6814
vn 0.7185 0.1398 0.6814
vn -0.7518 -0.4871 0.4444
vn -0.7518 -0.4872 0.4444
vn -0.8511 -0.1963 0.4869
vn -0.8721 -0.2053 0.4443
vn -0.4858 -0.7392 0.4665
vn -0.5058 -0.7479 0.4298
vn -0.5411 -0.7630 0.3536
vn -0.7708 -0.4954 0.4005
vn -0.7707 -0.4955 0.4005
vn -0.7709 -0.4954 0.4005
vn -0.8911 -0.2133 0.4005
vn -0.9253 0.1376 0.3535
vn -0.9085 0.1448 0.3920
vn -0.8280 -0.1865 0.5288
vn -0.8278 -0.1865 0.5291
vn 0.1270 -0.1124 0.9855
vn 0.0512 0.1884 0.9808
vn 0.0068 0.1696 0.9855
vn 0.3290 -0.3918 0.8592
vn 0.2902 -0.4084 0.8654
vn 0.2510 -0.4251 0.8697
vn 0.2117 -0.4420 0.8717
vn 0.2115 -0.4422 0.8716
vn -0.1722 0.4588 0.8717
vn -0.1329 0.4755 0.8696
vn -0.0938 0.4921 0.8654
vn -0.0549 0.5087 0.8592
vn 0.8721 0.2052 0.4443
vn 0.9084 -0.1448 0.3921
vn 0.9253 -0.1376 0.3535
vn 0.7709 0.4953 0.4004
vn 0.5413 0.7630 0.3532
vn 0.5245 0.7557 0.3921
vn 0.4857 0.7393 0.4665
vn 0.7079 0.4685 0.5286
vn -0.6282 -0.4345 0.6454
vn -0.6284 -0.4344 0.6452
vn -0.6565 -0.4464 0.6080
vn -0.6566 -0.4465 0.6079
vn -0.7486 -0.1524 0.6452
vn -0.7485 -0.1525 0.6454
vn -0.7486 -0.1525 0.6453
vn -0.3891 -0.6981 0.6011
vn -0.3891 -0.6980 0.6011
vn -0.3890 -0.6982 0.6010
vn -0.4154 -0.7093 0.5696
vn -0.6831 -0.4578 0.5691
vn -0.8244 0.1807 0.5365
vn -0.7995 0.1913 0.5695
vn -0.7730 0.2024 0.6012
vn -0.7731 0.2024 0.6011
vn -0.7733 0.2022 0.6010
vn 0.3452 -0.0193 0.9383
vn 0.3026 -0.0377 0.9524
vn 0.2251 0.2625 0.9383
vn 0.1824 0.2442 0.9524
vn 0.0597 0.5576 0.8279
vn 0.0967 0.5734 0.8135
vn 0.0967 0.5734 0.8136
vn 0.2671 0.2804 0.9220
vn 0.2671 0.2806 0.9219
vn 0.2671 0.2805 0.9220
vn 0.3874 -0.0015 0.9219
vn 0.3873 -0.0015 0.9220
vn 0.3875 -0.0015 0.9219
vn 0.9232 0.2271 0.3100
vn 0.8031 0.5089 0.3099
vn 0.8031 0.5089 0.3098
vn 0.8032 0.5089 0.3097
vn 0.8160 0.5144 0.2636
vn 0.9403 -0.1313 0.3139
vn 0.9404 -0.1312 0.3138
vn 0.9746 -0.1166 0.1912
vn 0.9470 0.2371 0.2166
vn 0.8268 0.5191 0.2167
vn 0.5813 0.7798 0.2325
vn 0.5815 0.7796 0.2325
vn 0.5697 0.7750 0.2736
vn 0.7878 0.5028 0.3557
vn 0.7880 0.5027 0.3556
vn -0.4992 -0.3795 0.7790
vn -0.3015 -0.6608 0.6874
vn -0.3319 -0.6737 0.6602
vn -0.3611 -0.6861 0.6315
vn -0.5667 -0.4083 0.7157
vn -0.5667 -0.4083 0.7156
vn -0.5666 -0.4082 0.7158
vn -0.7159 0.2269 0.6604
vn -0.5835 -0.0823 0.8079
vn 0.5082 0.0500 0.8598
vn 0.4686 0.0332 0.8828
vn 0.4684 0.0331 0.8829
vn 0.4688 0.0333 0.8827
vn 0.3485 0.3151 0.8827
vn 0.3485 0.3152 0.8827
vn 0.3484 0.3150 0.8828
vn 0.6215 -0.2675 0.7363
vn 0.6211 -0.2672 0.7368
vn 0.5526 -0.2965 0.7789
vn 0.5171 -0.3116 0.7972
vn 0.5171 -0.3115 0.7972
vn 0.4285 0.0162 0.9034
vn 0.3084 0.2980 0.9034
vn 0.1332 0.5889 0.7972
vn 0.1688 0.6041 0.7789
vn 0.1689 0.6040 0.7789
vn 0.1688 0.6040 0.7789
vn 0.9623 0.2438 0.1209
vn 0.9824 -0.1128 0.1486
vn 0.9919 -0.1092 0.0643
vn 0.9919 -0.1093 0.0643
vn 0.9939 -0.1084 0.0213
vn 0.8486 0.5284 0.0242
vn 0.6080 0.7914 0.0642
vn 0.6042 0.7897 0.1067
vn 0.6041 0.7897 0.1068
vn 0.6043 0.7896 0.1067
vn 0.8356 0.5228 0.1688
vn 0.8356 0.5227 0.1688
vn 0.8355 0.5228 0.1689
vn 0.9557 0.2410 0.1689
vn -0.3485 -0.3152 0.8827
vn -0.1332 -0.5889 0.7972
vn -0.1333 -0.5889 0.7971
vn -0.1687 -0.6040 0.7789
vn -0.2372 -0.6332 0.7368
vn -0.5873 0.2817 0.7588
vn -0.5170 0.3115 0.7973
vn -0.5171 0.3117 0.7971
vn -0.4285 -0.0160 0.9034
vn 0.7451 -0.2144 0.6316
vn 0.7451 -0.2143 0.6316
vn 0.2700 0.6472 0.7129
vn 0.2702 0.6471 0.7129
vn 0.3015 0.6607 0.6874
vn 0.3016 0.6607 0.6874
vn 0.6868 0.1263 0.7158
vn 0.9666 0.2457 -0.0727
vn 0.9623 0.2438 -0.1210
vn 0.9623 0.2436 -0.1209
vn 0.8464 0.5275 -0.0727
vn 0.8421 0.5256 -0.1210
vn 0.9557 0.2409 -0.1689
vn 0.8355 0.5228 -0.1689
vn 0.5984 0.7872 -0.1490
vn 0.6042 0.7897 -0.1067
vn 0.6042 0.7896 -0.1067
vn 0.6079 0.7914 -0.0642
vn -0.1824 -0.2444 0.9524
vn -0.1824 -0.2442 0.9524
vn -0.3026 0.0375 0.9524
vn -0.3026 0.0373 0.9524
vn -0.3452 0.0193 0.9383
vn -0.3452 0.0192 0.9383
vn -0.0594 -0.5576 0.8280
vn -0.0591 -0.5576 0.8280
vn -0.0593 -0.5576 0.8280
vn -0.0968 -0.5734 0.8135
vn -0.0967 -0.5734 0.8136
vn -0.0967 -0.5733 0.8136
vn -0.2670 -0.2806 0.9219
vn -0.3873 0.0015 0.9220
vn -0.4061 0.3592 0.8403
vn -0.4061 0.3593 0.8403
vn -0.4064 0.3594 0.8401
vn -0.3679 0.3753 0.8508
vn -0.2594 0.0561 0.9641
vn -0.2595 0.0562 0.9641
vn -0.2596 0.0563 0.9641
vn 0.6280 0.4344 0.6457
vn 0.6283 0.4344 0.6454
vn 0.7730 -0.2025 0.6012
vn 0.5982 0.4217 0.6815
vn 0.5982 0.4217 0.6814
vn 0.4155 0.7095 0.5692
vn 0.4155 0.7092 0.5696
vt 0.000000 0.000000
s 1
g off
usemtl Goddard_None
f 1/1/1 2/1/2 3/1/3
f 3/1/3 4/1/4 1/1/1
f 4/1/4 3/1/3 5/1/5
f 5/1/5 6/1/6 4/1/4
f 4/1/7 7/1/8 8/1/9
f 8/1/9 1/1/10 4/1/7
f 9/1/11 7/1/8 4/1/7
f 4/1/7 6/1/12 9/1/11
f 10/1/13 11/1/13 12/1/13
f 12/1/13 2/1/13 10/1/13
f 13/1/14 3/1/15 2/1/14
f 2/1/14 12/1/14 13/1/14
f 13/1/16 14/1/16 5/1/16
f 5/1/16 3/1/16 13/1/16
f 5/1/17 14/1/17 15/1/17
f 15/1/17 16/1/17 5/1/17
f 17/1/18 6/1/6 5/1/5
f 5/1/5 16/1/19 17/1/18
f 17/1/20 18/1/21 9/1/11
f 9/1/11 6/1/12 17/1/20
f 19/1/22 9/1/23 18/1/23
f 18/1/23 20/1/24 19/1/22
f 9/1/25 19/1/26 21/1/26
f 21/1/26 7/1/26 9/1/25
f 7/1/27 21/1/28 22/1/28
f 22/1/28 8/1/27 7/1/27
f 22/1/29 23/1/30 24/1/29
f 24/1/29 8/1/31 22/1/29
f 1/1/10 8/1/9 24/1/32
f 24/1/32 25/1/33 1/1/10
f 10/1/34 2/1/2 1/1/1
f 1/1/1 25/1/35 10/1/34
f 26/1/36 27/1/37 28/1/38
f 28/1/38 29/1/39 26/1/36
f 30/1/40 31/1/41 27/1/42
f 27/1/42 26/1/43 30/1/40
f 27/1/37 32/1/44 33/1/45
f 33/1/45 28/1/38 27/1/37
f 27/1/42 31/1/41 34/1/46
f 34/1/46 32/1/47 27/1/42
f 35/1/48 29/1/48 36/1/48
f 36/1/48 37/1/48 35/1/48
f 26/1/36 29/1/39 35/1/49
f 35/1/49 38/1/50 26/1/36
f 39/1/51 30/1/40 26/1/43
f 26/1/43 38/1/52 39/1/51
f 30/1/53 39/1/53 40/1/53
f 40/1/53 41/1/53 30/1/53
f 42/1/54 31/1/55 30/1/54
f 30/1/54 41/1/54 42/1/54
f 43/1/56 34/1/56 31/1/56
f 31/1/56 42/1/56 43/1/56
f 44/1/57 34/1/57 43/1/57
f 43/1/57 45/1/57 44/1/57
f 44/1/58 46/1/59 32/1/47
f 32/1/47 34/1/46 44/1/58
f 32/1/44 46/1/60 47/1/61
f 47/1/61 33/1/45 32/1/44
f 48/1/62 33/1/63 47/1/63
f 47/1/63 49/1/63 48/1/62
f 28/1/64 33/1/64 48/1/64
f 48/1/64 50/1/64 28/1/64
f 29/1/65 28/1/66 50/1/67
f 50/1/67 36/1/65 29/1/65
f 51/1/68 52/1/69 53/1/70
f 53/1/70 54/1/71 51/1/68
f 55/1/72 56/1/73 52/1/74
f 52/1/74 51/1/75 55/1/72
f 52/1/69 57/1/76 58/1/77
f 58/1/77 53/1/70 52/1/69
f 52/1/74 56/1/73 59/1/78
f 59/1/78 57/1/79 52/1/74
f 54/1/80 60/1/81 61/1/82
f 61/1/82 62/1/83 54/1/80
f 62/1/84 63/1/85 51/1/68
f 51/1/68 54/1/71 62/1/84
f 55/1/72 51/1/75 63/1/86
f 63/1/86 64/1/87 55/1/72
f 64/1/88 65/1/88 66/1/88
f 66/1/88 55/1/88 64/1/88
f 67/1/89 56/1/90 55/1/89
f 55/1/89 66/1/89 67/1/89
f 68/1/91 59/1/91 56/1/91
f 56/1/91 67/1/92 68/1/91
f 39/1/93 59/1/93 68/1/93
f 68/1/93 40/1/93 39/1/93
f 38/1/52 57/1/79 59/1/78
f 59/1/78 39/1/51 38/1/52
f 38/1/50 35/1/49 58/1/77
f 58/1/77 57/1/76 38/1/50
f 35/1/94 37/1/94 69/1/94
f 69/1/94 58/1/94 35/1/94
f 53/1/95 58/1/95 69/1/95
f 69/1/95 70/1/96 53/1/95
f 54/1/97 53/1/98 70/1/99
f 70/1/99 60/1/97 54/1/97
f 71/1/100 72/1/101 73/1/102
f 73/1/102 74/1/103 71/1/100
f 75/1/104 76/1/105 72/1/106
f 72/1/106 71/1/107 75/1/104
f 72/1/101 77/1/108 78/1/109
f 78/1/109 73/1/102 72/1/101
f 72/1/106 76/1/105 79/1/110
f 79/1/110 77/1/111 72/1/106
f 80/1/112 81/1/112 82/1/112
f 82/1/112 74/1/113 80/1/112
f 71/1/100 74/1/103 82/1/114
f 82/1/114 83/1/115 71/1/100
f 75/1/104 71/1/107 83/1/116
f 83/1/116 84/1/117 75/1/104
f 84/1/118 85/1/119 86/1/119
f 86/1/119 75/1/118 84/1/118
f 87/1/120 76/1/120 75/1/120
f 75/1/120 86/1/121 87/1/120
f 88/1/122 79/1/123 76/1/124
f 76/1/124 87/1/122 88/1/122
f 65/1/125 64/1/125 79/1/125
f 79/1/125 88/1/125 65/1/125
f 63/1/86 77/1/111 79/1/110
f 79/1/110 64/1/87 63/1/86
f 63/1/85 62/1/84 78/1/109
f 78/1/109 77/1/108 63/1/85
f 62/1/126 61/1/127 89/1/127
f 89/1/127 78/1/127 62/1/126
f 78/1/128 89/1/128 90/1/128
f 90/1/128 73/1/128 78/1/128
f 74/1/129 73/1/129 90/1/129
f 90/1/129 80/1/129 74/1/129
f 91/1/130 92/1/131 93/1/132
f 93/1/132 94/1/133 91/1/130
f 95/1/134 96/1/135 92/1/136
f 92/1/136 91/1/137 95/1/134
f 92/1/131 97/1/138 98/1/139
f 98/1/139 93/1/132 92/1/131
f 92/1/136 96/1/135 99/1/140
f 99/1/140 97/1/141 92/1/136
f 94/1/142 100/1/142 101/1/142
f 101/1/142 102/1/142 94/1/142
f 94/1/133 102/1/143 103/1/144
f 103/1/144 91/1/130 94/1/133
f 103/1/145 104/1/146 95/1/134
f 95/1/134 91/1/137 103/1/145
f 105/1/147 95/1/147 104/1/147
f 104/1/147 106/1/147 105/1/147
f 96/1/148 95/1/149 105/1/150
f 105/1/150 107/1/150 96/1/148
f 108/1/151 99/1/151 96/1/151
f 96/1/151 107/1/152 108/1/151
f 85/1/153 84/1/154 99/1/154
f 99/1/154 108/1/154 85/1/153
f 83/1/116 97/1/141 99/1/140
f 99/1/140 84/1/117 83/1/116
f 83/1/115 82/1/114 98/1/139
f 98/1/139 97/1/138 83/1/115
f 82/1/155 81/1/155 109/1/155
f 109/1/155 98/1/155 82/1/155
f 98/1/156 109/1/156 110/1/157
f 110/1/157 93/1/158 98/1/156
f 100/1/159 94/1/160 93/1/161
f 93/1/161 110/1/162 100/1/159
f 111/1/163 112/1/164 113/1/165
f 113/1/165 114/1/166 111/1/163
f 115/1/167 116/1/168 112/1/169
f 112/1/169 111/1/170 115/1/167
f 112/1/164 117/1/171 118/1/172
f 118/1/172 113/1/165 112/1/164
f 112/1/169 116/1/168 119/1/173
f 119/1/173 117/1/174 112/1/169
f 114/1/175 120/1/176 121/1/176
f 121/1/176 122/1/175 114/1/175
f 114/1/166 122/1/177 123/1/178
f 123/1/178 111/1/163 114/1/166
f 115/1/167 111/1/170 123/1/179
f 123/1/179 124/1/180 115/1/167
f 124/1/181 125/1/181 126/1/181
f 126/1/181 115/1/181 124/1/181
f 116/1/182 115/1/183 126/1/184
f 126/1/184 127/1/185 116/1/182
f 128/1/186 119/1/187 116/1/186
f 116/1/186 127/1/186 128/1/186
f 104/1/188 119/1/189 128/1/190
f 128/1/190 106/1/189 104/1/188
f 117/1/174 119/1/173 104/1/146
f 104/1/146 103/1/145 117/1/174
f 103/1/144 102/1/143 118/1/172
f 118/1/172 117/1/171 103/1/144
f 102/1/191 101/1/191 129/1/191
f 129/1/191 118/1/191 102/1/191
f 118/1/192 129/1/192 130/1/192
f 130/1/192 113/1/192 118/1/192
f 120/1/193 114/1/193 113/1/194
f 113/1/194 130/1/193 120/1/193
f 131/1/195 132/1/196 133/1/197
f 133/1/197 134/1/198 131/1/195
f 135/1/199 136/1/200 132/1/201
f 132/1/201 131/1/202 135/1/199
f 132/1/196 137/1/203 138/1/204
f 138/1/204 133/1/197 132/1/196
f 132/1/201 136/1/200 139/1/205
f 139/1/205 137/1/206 132/1/201
f 134/1/207 140/1/207 141/1/207
f 141/1/207 142/1/207 134/1/207
f 134/1/198 142/1/208 143/1/209
f 143/1/209 131/1/195 134/1/198
f 135/1/199 131/1/202 143/1/210
f 143/1/210 144/1/211 135/1/199
f 144/1/212 145/1/212 146/1/212
f 146/1/212 135/1/212 144/1/212
f 136/1/213 135/1/214 146/1/214
f 146/1/214 147/1/214 136/1/213
f 148/1/215 139/1/215 136/1/215
f 136/1/215 147/1/215 148/1/215
f 124/1/216 139/1/216 148/1/217
f 148/1/217 125/1/218 124/1/216
f 123/1/179 137/1/206 139/1/205
f 139/1/205 124/1/180 123/1/179
f 123/1/178 122/1/177 138/1/204
f 138/1/204 137/1/203 123/1/178
f 122/1/219 121/1/220 149/1/219
f 149/1/219 138/1/219 122/1/219
f 138/1/221 149/1/222 150/1/223
f 150/1/223 133/1/222 138/1/221
f 140/1/224 134/1/224 133/1/224
f 133/1/224 150/1/224 140/1/224
f 151/1/225 152/1/226 153/1/227
f 153/1/227 154/1/228 151/1/225
f 155/1/229 156/1/230 152/1/231
f 152/1/231 151/1/232 155/1/229
f 152/1/226 157/1/233 158/1/234
f 158/1/234 153/1/227 152/1/226
f 152/1/231 156/1/230 159/1/235
f 159/1/235 157/1/236 152/1/231
f 154/1/237 160/1/237 161/1/238
f 161/1/238 162/1/239 154/1/237
f 154/1/228 162/1/240 163/1/241
f 163/1/241 151/1/225 154/1/228
f 155/1/229 151/1/232 163/1/242
f 163/1/242 164/1/243 155/1/229
f 164/1/244 165/1/244 166/1/244
f 166/1/244 155/1/244 164/1/244
f 156/1/245 155/1/245 166/1/245
f 166/1/245 167/1/245 156/1/245
f 168/1/246 159/1/247 156/1/246
f 156/1/246 167/1/248 168/1/246
f 144/1/249 159/1/250 168/1/250
f 168/1/250 145/1/251 144/1/249
f 143/1/210 157/1/236 159/1/235
f 159/1/235 144/1/211 143/1/210
f 143/1/209 142/1/208 158/1/234
f 158/1/234 157/1/233 143/1/209
f 142/1/252 141/1/252 169/1/252
f 169/1/252 158/1/252 142/1/252
f 158/1/253 169/1/253 170/1/253
f 170/1/253 153/1/254 158/1/253
f 160/1/255 154/1/255 153/1/255
f 153/1/255 170/1/255 160/1/255
f 171/1/256 172/1/257 173/1/258
f 173/1/258 174/1/259 171/1/256
f 175/1/260 176/1/261 172/1/262
f 172/1/262 171/1/260 175/1/260
f 172/1/257 177/1/263 178/1/264
f 178/1/264 173/1/258 172/1/257
f 172/1/262 176/1/261 179/1/265
f 179/1/265 177/1/266 172/1/262
f 174/1/267 180/1/267 181/1/267
f 181/1/267 182/1/267 174/1/267
f 174/1/259 182/1/268 183/1/269
f 183/1/269 171/1/256 174/1/259
f 175/1/260 171/1/260 183/1/270
f 183/1/270 184/1/271 175/1/260
f 185/1/272 175/1/272 184/1/272
f 184/1/272 186/1/272 185/1/272
f 176/1/273 175/1/273 185/1/273
f 185/1/273 187/1/273 176/1/273
f 188/1/274 179/1/274 176/1/274
f 176/1/274 187/1/274 188/1/274
f 164/1/275 179/1/275 188/1/275
f 188/1/275 165/1/276 164/1/275
f 163/1/242 177/1/266 179/1/265
f 179/1/265 164/1/243 163/1/242
f 163/1/241 162/1/240 178/1/264
f 178/1/264 177/1/263 163/1/241
f 162/1/277 161/1/277 189/1/277
f 189/1/277 178/1/277 162/1/277
f 178/1/278 189/1/278 190/1/278
f 190/1/278 173/1/278 178/1/278
f 180/1/279 174/1/279 173/1/279
f 173/1/279 190/1/279 180/1/279
f 191/1/280 192/1/281 193/1/282
f 193/1/282 194/1/283 191/1/280
f 195/1/284 196/1/285 192/1/286
f 192/1/286 191/1/287 195/1/284
f 192/1/281 197/1/288 198/1/289
f 198/1/289 193/1/282 192/1/281
f 192/1/286 196/1/285 199/1/290
f 199/1/290 197/1/291 192/1/286
f 194/1/292 200/1/292 201/1/292
f 201/1/292 202/1/292 194/1/292
f 194/1/283 202/1/293 203/1/294
f 203/1/294 191/1/280 194/1/283
f 195/1/284 191/1/287 203/1/295
f 203/1/295 204/1/296 195/1/284
f 205/1/297 195/1/297 204/1/297
f 204/1/297 206/1/297 205/1/297
f 196/1/298 195/1/298 205/1/298
f 205/1/298 207/1/298 196/1/298
f 208/1/299 199/1/299 196/1/299
f 196/1/299 207/1/299 208/1/299
f 186/1/300 184/1/300 199/1/300
f 199/1/300 208/1/300 186/1/300
f 183/1/270 197/1/291 199/1/290
f 199/1/290 184/1/271 183/1/270
f 183/1/269 182/1/268 198/1/289
f 198/1/289 197/1/288 183/1/269
f 182/1/301 181/1/302 209/1/301
f 209/1/301 198/1/301 182/1/301
f 198/1/303 209/1/303 210/1/303
f 210/1/303 193/1/303 198/1/303
f 200/1/304 194/1/305 193/1/304
f 193/1/304 210/1/304 200/1/304
f 211/1/306 212/1/307 213/1/308
f 213/1/308 214/1/309 211/1/306
f 215/1/310 216/1/311 212/1/312
f 212/1/312 211/1/313 215/1/310
f 212/1/307 217/1/314 218/1/315
f 218/1/315 213/1/308 212/1/307
f 212/1/312 216/1/311 219/1/316
f 219/1/316 217/1/317 212/1/312
f 214/1/318 220/1/318 221/1/318
f 221/1/318 222/1/318 214/1/318
f 214/1/309 222/1/319 223/1/320
f 223/1/320 211/1/306 214/1/309
f 215/1/310 211/1/313 223/1/321
f 223/1/321 224/1/322 215/1/310
f 225/1/323 215/1/324 224/1/324
f 224/1/324 226/1/325 225/1/323
f 216/1/326 215/1/326 225/1/327
f 225/1/327 227/1/326 216/1/326
f 228/1/328 219/1/328 216/1/328
f 216/1/328 227/1/328 228/1/328
f 206/1/329 204/1/329 219/1/329
f 219/1/329 228/1/329 206/1/329
f 203/1/295 217/1/317 219/1/316
f 219/1/316 204/1/296 203/1/295
f 203/1/294 202/1/293 218/1/315
f 218/1/315 217/1/314 203/1/294
f 202/1/330 201/1/330 229/1/330
f 229/1/330 218/1/330 202/1/330
f 218/1/331 229/1/332 230/1/331
f 230/1/331 213/1/333 218/1/331
f 220/1/334 214/1/334 213/1/334
f 213/1/334 230/1/334 220/1/334
f 231/1/335 232/1/336 233/1/337
f 233/1/337 234/1/338 231/1/335
f 235/1/339 236/1/340 232/1/341
f 232/1/341 231/1/342 235/1/339
f 232/1/336 237/1/343 238/1/344
f 238/1/344 233/1/337 232/1/336
f 232/1/341 236/1/340 239/1/345
f 239/1/345 237/1/346 232/1/341
f 234/1/347 240/1/348 241/1/348
f 241/1/348 242/1/349 234/1/347
f 234/1/338 242/1/350 243/1/351
f 243/1/351 231/1/335 234/1/338
f 235/1/339 231/1/342 243/1/352
f 243/1/352 244/1/353 235/1/339
f 245/1/354 235/1/355 244/1/355
f 244/1/355 246/1/356 245/1/354
f 236/1/357 235/1/357 245/1/357
f 245/1/357 247/1/357 236/1/357
f 248/1/358 239/1/358 236/1/358
f 236/1/358 247/1/358 248/1/358
f 226/1/359 224/1/359 239/1/359
f 239/1/359 248/1/359 226/1/359
f 223/1/321 237/1/346 239/1/345
f 239/1/345 224/1/322 223/1/321
f 223/1/320 222/1/319 238/1/344
f 238/1/344 237/1/343 223/1/320
f 222/1/360 221/1/360 249/1/360
f 249/1/360 238/1/360 222/1/360
f 238/1/361 249/1/361 250/1/361
f 250/1/361 233/1/361 238/1/361
f 240/1/362 234/1/362 233/1/363
f 233/1/363 250/1/364 240/1/362
f 251/1/365 252/1/366 253/1/367
f 253/1/367 254/1/368 251/1/365
f 255/1/369 256/1/370 252/1/371
f 252/1/371 251/1/372 255/1/369
f 252/1/366 257/1/373 258/1/374
f 258/1/374 253/1/367 252/1/366
f 252/1/371 256/1/370 259/1/375
f 259/1/375 257/1/376 252/1/371
f 254/1/377 260/1/377 261/1/377
f 261/1/377 262/1/377 254/1/377
f 254/1/368 262/1/378 263/1/379
f 263/1/379 251/1/365 254/1/368
f 255/1/369 251/1/372 263/1/380
f 263/1/380 264/1/381 255/1/369
f 265/1/382 255/1/383 264/1/383
f 264/1/383 266/1/383 265/1/382
f 256/1/384 255/1/385 265/1/384
f 265/1/384 267/1/386 256/1/384
f 268/1/387 259/1/387 256/1/387
f 256/1/387 267/1/387 268/1/387
f 246/1/388 244/1/388 259/1/388
f 259/1/388 268/1/388 246/1/388
f 243/1/352 257/1/376 259/1/375
f 259/1/375 244/1/353 243/1/352
f 243/1/351 242/1/350 258/1/374
f 258/1/374 257/1/373 243/1/351
f 242/1/389 241/1/389 269/1/389
f 269/1/389 258/1/389 242/1/389
f 258/1/390 269/1/391 270/1/391
f 270/1/391 253/1/391 258/1/390
f 260/1/392 254/1/392 253/1/392
f 253/1/392 270/1/392 260/1/392
f 271/1/393 272/1/394 273/1/395
f 273/1/395 274/1/396 271/1/393
f 275/1/397 276/1/398 272/1/399
f 272/1/399 271/1/400 275/1/397
f 272/1/394 277/1/401 278/1/402
f 278/1/402 273/1/395 272/1/394
f 272/1/399 276/1/398 279/1/403
f 279/1/403 277/1/404 272/1/399
f 274/1/405 280/1/405 281/1/405
f 281/1/405 282/1/405 274/1/405
f 274/1/396 282/1/406 283/1/407
f 283/1/407 271/1/393 274/1/396
f 275/1/397 271/1/400 283/1/408
f 283/1/408 284/1/409 275/1/397
f 285/1/410 275/1/411 284/1/410
f 284/1/410 286/1/412 285/1/410
f 276/1/413 275/1/413 285/1/413
f 285/1/413 287/1/413 276/1/413
f 288/1/414 279/1/414 276/1/414
f 276/1/414 287/1/414 288/1/414
f 266/1/415 264/1/415 279/1/415
f 279/1/415 288/1/415 266/1/415
f 263/1/380 277/1/404 279/1/403
f 279/1/403 264/1/381 263/1/380
f 263/1/379 262/1/378 278/1/402
f 278/1/402 277/1/401 263/1/379
f 262/1/416 261/1/416 289/1/416
f 289/1/416 278/1/416 262/1/416
f 278/1/417 289/1/418 290/1/419
f 290/1/419 273/1/420 278/1/417
f 280/1/421 274/1/421 273/1/421
f 273/1/421 290/1/421 280/1/421
f 291/1/422 292/1/423 293/1/424
f 293/1/424 294/1/425 291/1/422
f 295/1/426 296/1/427 292/1/428
f 292/1/428 291/1/429 295/1/426
f 292/1/423 297/1/430 298/1/431
f 298/1/431 293/1/424 292/1/423
f 292/1/428 296/1/427 299/1/432
f 299/1/432 297/1/433 292/1/428
f 294/1/434 300/1/434 301/1/434
f 301/1/434 302/1/434 294/1/434
f 294/1/425 302/1/435 303/1/436
f 303/1/436 291/1/422 294/1/425
f 295/1/426 291/1/429 303/1/437
f 303/1/437 304/1/438 295/1/426
f 305/1/439 295/1/440 304/1/440
f 304/1/440 306/1/440 305/1/439
f 296/1/441 295/1/442 305/1/443
f 305/1/443 307/1/444 296/1/441
f 308/1/445 299/1/446 296/1/447
f 296/1/447 307/1/448 308/1/445
f 286/1/449 284/1/449 299/1/449
f 299/1/449 308/1/450 286/1/449
f 283/1/408 297/1/433 299/1/432
f 299/1/432 284/1/409 283/1/408
f 283/1/407 282/1/406 298/1/431
f 298/1/431 297/1/430 283/1/407
f 282/1/451 281/1/452 309/1/452
f 309/1/452 298/1/452 282/1/451
f 298/1/453 309/1/454 310/1/453
f 310/1/453 293/1/455 298/1/453
f 300/1/456 294/1/456 293/1/456
f 293/1/456 310/1/456 300/1/456
f 311/1/457 312/1/458 313/1/459
f 313/1/459 314/1/460 311/1/457
f 315/1/461 316/1/462 312/1/463
f 312/1/463 311/1/464 315/1/461
f 312/1/458 317/1/465 318/1/466
f 318/1/466 313/1/459 312/1/458
f 312/1/463 316/1/462 319/1/467
f 319/1/467 317/1/468 312/1/463
f 314/1/469 320/1/469 321/1/469
f 321/1/469 322/1/469 314/1/469
f 314/1/460 322/1/470 323/1/471
f 323/1/471 311/1/457 314/1/460
f 315/1/461 311/1/464 323/1/472
f 323/1/472 324/1/473 315/1/461
f 325/1/474 315/1/474 324/1/474
f 324/1/474 326/1/474 325/1/474
f 316/1/475 315/1/475 325/1/475
f 325/1/475 327/1/476 316/1/475
f 328/1/477 319/1/478 316/1/479
f 316/1/479 327/1/480 328/1/477
f 306/1/481 304/1/481 319/1/482
f 319/1/482 328/1/481 306/1/481
f 303/1/437 317/1/468 319/1/467
f 319/1/467 304/1/438 303/1/437
f 303/1/436 302/1/435 318/1/466
f 318/1/466 317/1/465 303/1/436
f 302/1/483 301/1/484 329/1/483
f 329/1/483 318/1/483 302/1/483
f 318/1/485 329/1/486 330/1/487
f 330/1/487 313/1/488 318/1/485
f 320/1/489 314/1/490 313/1/490
f 313/1/490 330/1/490 320/1/489
f 331/1/491 332/1/492 333/1/493
f 333/1/493 334/1/494 331/1/491
f 335/1/495 336/1/496 332/1/497
f 332/1/497 331/1/498 335/1/495
f 332/1/492 337/1/499 338/1/500
f 338/1/500 333/1/493 332/1/492
f 332/1/497 336/1/496 339/1/501
f 339/1/501 337/1/502 332/1/497
f 334/1/503 340/1/503 341/1/503
f 341/1/503 342/1/504 334/1/503
f 334/1/494 342/1/505 343/1/506
f 343/1/506 331/1/491 334/1/494
f 335/1/495 331/1/498 343/1/507
f 343/1/507 344/1/508 335/1/495
f 345/1/509 335/1/509 344/1/509
f 344/1/509 346/1/509 345/1/509
f 336/1/510 335/1/510 345/1/510
f 345/1/510 347/1/510 336/1/510
f 348/1/511 339/1/511 336/1/511
f 336/1/511 347/1/511 348/1/511
f 326/1/512 324/1/512 339/1/513
f 339/1/513 348/1/512 326/1/512
f 323/1/472 337/1/502 339/1/501
f 339/1/501 324/1/473 323/1/472
f 323/1/471 322/1/470 338/1/500
f 338/1/500 337/1/499 323/1/471
f 322/1/514 321/1/514 349/1/514
f 349/1/514 338/1/514 322/1/514
f 338/1/515 349/1/516 350/1/517
f 350/1/517 333/1/518 338/1/515
f 340/1/519 334/1/520 333/1/519
f 333/1/519 350/1/519 340/1/519
f 351/1/521 352/1/522 353/1/523
f 353/1/523 354/1/524 351/1/521
f 355/1/525 356/1/526 352/1/527
f 352/1/527 351/1/528 355/1/525
f 352/1/522 357/1/529 358/1/530
f 358/1/530 353/1/523 352/1/522
f 352/1/527 356/1/526 359/1/531
f 359/1/531 357/1/532 352/1/527
f 354/1/53 360/1/53 361/1/53
f 361/1/53 362/1/53 354/1/53
f 354/1/524 362/1/533 363/1/534
f 363/1/534 351/1/521 354/1/524
f 355/1/525 351/1/528 363/1/535
f 363/1/535 364/1/536 355/1/525
f 365/1/537 355/1/537 364/1/538
f 364/1/538 366/1/48 365/1/537
f 356/1/65 355/1/65 365/1/65
f 365/1/65 367/1/65 356/1/65
f 368/1/64 359/1/64 356/1/64
f 356/1/64 367/1/64 368/1/64
f 346/1/539 344/1/539 359/1/63
f 359/1/63 368/1/63 346/1/539
f 343/1/507 357/1/532 359/1/531
f 359/1/531 344/1/508 343/1/507
f 343/1/506 342/1/505 358/1/530
f 358/1/530 357/1/529 343/1/506
f 342/1/57 341/1/57 369/1/57
f 369/1/57 358/1/540 342/1/57
f 358/1/56 369/1/56 370/1/56
f 370/1/56 353/1/56 358/1/56
f 360/1/54 354/1/54 353/1/54
f 353/1/54 370/1/54 360/1/54
f 371/1/541 372/1/542 373/1/543
f 373/1/543 374/1/544 371/1/541
f 375/1/545 376/1/546 372/1/547
f 372/1/547 371/1/548 375/1/545
f 372/1/542 377/1/549 378/1/550
f 378/1/550 373/1/543 372/1/542
f 372/1/547 376/1/546 379/1/551
f 379/1/551 377/1/552 372/1/547
f 374/1/88 380/1/88 381/1/88
f 381/1/88 382/1/88 374/1/88
f 374/1/544 382/1/553 383/1/554
f 383/1/554 371/1/541 374/1/544
f 375/1/545 371/1/548 383/1/555
f 383/1/555 384/1/556 375/1/545
f 385/1/81 375/1/81 384/1/81
f 384/1/81 386/1/81 385/1/81
f 376/1/557 375/1/97 385/1/98
f 385/1/98 387/1/98 376/1/557
f 388/1/95 379/1/95 376/1/95
f 376/1/95 387/1/95 388/1/95
f 366/1/558 364/1/558 379/1/558
f 379/1/558 388/1/558 366/1/558
f 363/1/535 377/1/552 379/1/551
f 379/1/551 364/1/536 363/1/535
f 363/1/534 362/1/533 378/1/550
f 378/1/550 377/1/549 363/1/534
f 362/1/93 361/1/559 389/1/93
f 389/1/93 378/1/93 362/1/93
f 378/1/91 389/1/91 390/1/91
f 390/1/91 373/1/560 378/1/91
f 380/1/90 374/1/89 373/1/89
f 373/1/89 390/1/89 380/1/90
f 391/1/561 392/1/562 393/1/563
f 393/1/563 394/1/564 391/1/561
f 395/1/565 396/1/566 392/1/567
f 392/1/567 391/1/568 395/1/565
f 392/1/562 397/1/569 398/1/570
f 398/1/570 393/1/563 392/1/562
f 392/1/567 396/1/566 399/1/571
f 399/1/571 397/1/572 392/1/567
f 394/1/119 400/1/119 401/1/573
f 401/1/573 402/1/119 394/1/119
f 394/1/564 402/1/574 403/1/575
f 403/1/575 391/1/561 394/1/564
f 395/1/565 391/1/568 403/1/576
f 403/1/576 404/1/577 395/1/565
f 405/1/112 395/1/112 404/1/112
f 404/1/112 406/1/112 405/1/112
f 396/1/578 395/1/129 405/1/579
f 405/1/579 407/1/580 396/1/578
f 408/1/128 399/1/128 396/1/128
f 396/1/128 407/1/128 408/1/128
f 386/1/127 384/1/127 399/1/127
f 399/1/127 408/1/127 386/1/127
f 383/1/555 397/1/572 399/1/571
f 399/1/571 384/1/556 383/1/555
f 383/1/554 382/1/553 398/1/570
f 398/1/570 397/1/569 383/1/554
f 382/1/125 381/1/125 409/1/125
f 409/1/125 398/1/125 382/1/125
f 398/1/581 409/1/123 410/1/581
f 410/1/581 393/1/582 398/1/581
f 400/1/121 394/1/121 393/1/121
f 393/1/121 410/1/121 400/1/121
f 411/1/583 412/1/584 413/1/585
f 413/1/585 414/1/586 411/1/583
f 415/1/587 416/1/588 412/1/589
f 412/1/589 411/1/590 415/1/587
f 412/1/584 417/1/591 418/1/592
f 418/1/592 413/1/585 412/1/584
f 412/1/589 416/1/588 419/1/593
f 419/1/593 417/1/594 412/1/589
f 414/1/147 420/1/147 421/1/147
f 421/1/147 422/1/147 414/1/147
f 414/1/586 422/1/595 423/1/596
f 423/1/596 411/1/583 414/1/586
f 415/1/587 411/1/590 423/1/597
f 423/1/597 424/1/598 415/1/587
f 425/1/142 415/1/142 424/1/142
f 424/1/142 426/1/142 425/1/142
f 416/1/160 415/1/160 425/1/160
f 425/1/160 427/1/160 416/1/160
f 428/1/599 419/1/156 416/1/156
f 416/1/156 427/1/156 428/1/599
f 406/1/155 404/1/155 419/1/600
f 419/1/600 428/1/155 406/1/155
f 403/1/576 417/1/594 419/1/593
f 419/1/593 404/1/577 403/1/576
f 403/1/575 402/1/574 418/1/592
f 418/1/592 417/1/591 403/1/575
f 402/1/601 401/1/601 429/1/602
f 429/1/602 418/1/601 402/1/601
f 418/1/151 429/1/151 430/1/151
f 430/1/151 413/1/151 418/1/151
f 420/1/603 414/1/603 413/1/603
f 413/1/603 430/1/603 420/1/603
f 431/1/604 432/1/605 433/1/606
f 433/1/606 434/1/607 431/1/604
f 435/1/608 436/1/609 432/1/610
f 432/1/610 431/1/611 435/1/608
f 432/1/605 437/1/612 438/1/613
f 438/1/613 433/1/606 432/1/605
f 432/1/610 436/1/609 439/1/614
f 439/1/614 437/1/615 432/1/610
f 434/1/616 440/1/181 441/1/181
f 441/1/181 442/1/181 434/1/616
f 434/1/607 442/1/617 443/1/618
f 443/1/618 431/1/604 434/1/607
f 435/1/608 431/1/611 443/1/619
f 443/1/619 444/1/620 435/1/608
f 445/1/175 435/1/175 444/1/175
f 444/1/175 446/1/175 445/1/175
f 436/1/193 435/1/193 445/1/193
f 445/1/193 447/1/193 436/1/193
f 448/1/192 439/1/192 436/1/192
f 436/1/192 447/1/192 448/1/192
f 426/1/191 424/1/191 439/1/191
f 439/1/191 448/1/191 426/1/191
f 423/1/597 437/1/615 439/1/614
f 439/1/614 424/1/598 423/1/597
f 423/1/596 422/1/595 438/1/613
f 438/1/613 437/1/612 423/1/596
f 422/1/621 421/1/621 449/1/621
f 449/1/621 438/1/621 422/1/621
f 438/1/187 449/1/187 450/1/187
f 450/1/187 433/1/187 438/1/187
f 440/1/183 434/1/183 433/1/183
f 433/1/183 450/1/183 440/1/183
f 451/1/622 452/1/623 453/1/624
f 453/1/624 454/1/625 451/1/622
f 455/1/626 456/1/627 452/1/628
f 452/1/628 451/1/629 455/1/626
f 452/1/623 457/1/630 458/1/631
f 458/1/631 453/1/624 452/1/623
f 452/1/628 456/1/627 459/1/632
f 459/1/632 457/1/633 452/1/628
f 454/1/212 460/1/212 461/1/634
f 461/1/634 462/1/635 454/1/212
f 454/1/625 462/1/636 463/1/637
f 463/1/637 451/1/622 454/1/625
f 455/1/626 451/1/629 463/1/638
f 463/1/638 464/1/639 455/1/626
f 465/1/640 455/1/207 464/1/641
f 464/1/641 466/1/207 465/1/640
f 456/1/224 455/1/224 465/1/224
f 465/1/224 467/1/224 456/1/224
f 468/1/222 459/1/222 456/1/642
f 456/1/642 467/1/222 468/1/222
f 446/1/219 444/1/219 459/1/219
f 459/1/219 468/1/219 446/1/219
f 443/1/619 457/1/633 459/1/632
f 459/1/632 444/1/620 443/1/619
f 443/1/618 442/1/617 458/1/631
f 458/1/631 457/1/630 443/1/618
f 442/1/218 441/1/218 469/1/218
f 469/1/218 458/1/218 442/1/218
f 458/1/643 469/1/644 470/1/644
f 470/1/644 453/1/644 458/1/643
f 460/1/214 454/1/214 453/1/214
f 453/1/214 470/1/214 460/1/214
f 471/1/645 472/1/646 473/1/647
f 473/1/647 474/1/648 471/1/645
f 475/1/649 476/1/650 472/1/651
f 472/1/651 471/1/652 475/1/649
f 472/1/646 477/1/653 478/1/654
f 478/1/654 473/1/647 472/1/646
f 472/1/651 476/1/650 479/1/655
f 479/1/655 477/1/656 472/1/651
f 474/1/657 480/1/244 481/1/244
f 481/1/244 482/1/244 474/1/657
f 474/1/648 482/1/658 483/1/659
f 483/1/659 471/1/645 474/1/648
f 475/1/649 471/1/652 483/1/660
f 483/1/660 484/1/661 475/1/649
f 485/1/239 475/1/239 484/1/239
f 484/1/239 486/1/239 485/1/239
f 476/1/255 475/1/255 485/1/255
f 485/1/255 487/1/255 476/1/255
f 488/1/254 479/1/253 476/1/254
f 476/1/254 487/1/254 488/1/254
f 466/1/662 464/1/252 479/1/252
f 479/1/252 488/1/252 466/1/662
f 463/1/638 477/1/656 479/1/655
f 479/1/655 464/1/639 463/1/638
f 463/1/637 462/1/636 478/1/654
f 478/1/654 477/1/653 463/1/637
f 462/1/663 461/1/663 489/1/664
f 489/1/664 478/1/663 462/1/663
f 478/1/665 489/1/665 490/1/665
f 490/1/665 473/1/665 478/1/665
f 480/1/245 474/1/245 473/1/245
f 473/1/245 490/1/245 480/1/245
f 491/1/666 492/1/667 493/1/668
f 493/1/668 494/1/669 491/1/666
f 495/1/670 496/1/671 492/1/672
f 492/1/672 491/1/673 495/1/670
f 492/1/667 497/1/674 498/1/675
f 498/1/675 493/1/668 492/1/667
f 492/1/672 496/1/671 499/1/676
f 499/1/676 497/1/677 492/1/672
f 494/1/272 500/1/272 501/1/272
f 501/1/272 502/1/272 494/1/272
f 494/1/669 502/1/678 503/1/679
f 503/1/679 491/1/666 494/1/669
f 495/1/670 491/1/673 503/1/680
f 503/1/680 504/1/680 495/1/670
f 505/1/681 495/1/682 504/1/267
f 504/1/267 506/1/683 505/1/681
f 496/1/279 495/1/279 505/1/279
f 505/1/279 507/1/279 496/1/279
f 508/1/278 499/1/278 496/1/278
f 496/1/278 507/1/278 508/1/278
f 486/1/684 484/1/277 499/1/685
f 499/1/685 508/1/686 486/1/684
f 483/1/660 497/1/677 499/1/676
f 499/1/676 484/1/661 483/1/660
f 483/1/659 482/1/658 498/1/675
f 498/1/675 497/1/674 483/1/659
f 482/1/276 481/1/276 509/1/276
f 509/1/276 498/1/276 482/1/276
f 498/1/687 509/1/687 510/1/687
f 510/1/687 493/1/687 498/1/687
f 500/1/273 494/1/273 493/1/273
f 493/1/273 510/1/273 500/1/273
f 511/1/688 512/1/689 513/1/690
f 513/1/690 514/1/691 511/1/688
f 515/1/692 516/1/693 512/1/694
f 512/1/694 511/1/695 515/1/692
f 512/1/689 517/1/696 518/1/697
f 518/1/697 513/1/690 512/1/689
f 512/1/694 516/1/693 519/1/698
f 519/1/698 517/1/699 512/1/694
f 514/1/700 520/1/297 521/1/297
f 521/1/297 522/1/297 514/1/700
f 514/1/691 522/1/701 523/1/702
f 523/1/702 511/1/688 514/1/691
f 515/1/692 511/1/695 523/1/703
f 523/1/703 524/1/704 515/1/692
f 525/1/292 515/1/292 524/1/292
f 524/1/292 526/1/292 525/1/292
f 516/1/304 515/1/304 525/1/304
f 525/1/304 527/1/304 516/1/304
f 528/1/303 519/1/303 516/1/303
f 516/1/303 527/1/303 528/1/303
f 506/1/301 504/1/705 519/1/301
f 519/1/301 528/1/301 506/1/301
f 503/1/680 517/1/699 519/1/698
f 519/1/698 504/1/680 503/1/680
f 503/1/679 502/1/678 518/1/697
f 518/1/697 517/1/696 503/1/679
f 502/1/300 501/1/300 529/1/300
f 529/1/300 518/1/300 502/1/300
f 518/1/706 529/1/706 530/1/706
f 530/1/706 513/1/706 518/1/706
f 520/1/707 514/1/298 513/1/707
f 513/1/707 530/1/707 520/1/707
f 531/1/708 532/1/709 533/1/710
f 533/1/710 534/1/711 531/1/708
f 535/1/712 536/1/713 532/1/714
f 532/1/714 531/1/715 535/1/712
f 532/1/709 537/1/716 538/1/717
f 538/1/717 533/1/710 532/1/709
f 532/1/714 536/1/713 539/1/718
f 539/1/718 537/1/719 532/1/714
f 534/1/720 540/1/721 541/1/325
f 541/1/325 542/1/722 534/1/720
f 534/1/711 542/1/723 543/1/724
f 543/1/724 531/1/708 534/1/711
f 535/1/712 531/1/715 543/1/725
f 543/1/725 544/1/726 535/1/712
f 545/1/318 535/1/318 544/1/318
f 544/1/318 546/1/318 545/1/318
f 536/1/727 535/1/334 545/1/727
f 545/1/727 547/1/334 536/1/727
f 548/1/331 539/1/331 536/1/331
f 536/1/331 547/1/333 548/1/331
f 526/1/330 524/1/330 539/1/330
f 539/1/330 548/1/728 526/1/330
f 523/1/703 537/1/719 539/1/718
f 539/1/718 524/1/704 523/1/703
f 523/1/702 522/1/701 538/1/717
f 538/1/717 537/1/716 523/1/702
f 522/1/729 521/1/329 549/1/329
f 549/1/329 538/1/329 522/1/729
f 538/1/328 549/1/328 550/1/328
f 550/1/328 533/1/328 538/1/328
f 540/1/326 534/1/326 533/1/326
f 533/1/326 550/1/326 540/1/326
f 551/1/730 552/1/731 553/1/732
f 553/1/732 554/1/733 551/1/730
f 555/1/734 556/1/735 552/1/736
f 552/1/736 551/1/737 555/1/734
f 552/1/731 557/1/738 558/1/739
f 558/1/739 553/1/732 552/1/731
f 552/1/736 556/1/735 559/1/740
f 559/1/740 557/1/741 552/1/736
f 554/1/356 560/1/356 561/1/354
f 561/1/354 562/1/354 554/1/356
f 554/1/733 562/1/742 563/1/743
f 563/1/743 551/1/730 554/1/733
f 555/1/734 551/1/737 563/1/744
f 563/1/744 564/1/745 555/1/734
f 565/1/349 555/1/349 564/1/746
f 564/1/746 566/1/747 565/1/349
f 556/1/364 555/1/364 565/1/364
f 565/1/364 567/1/748 556/1/364
f 568/1/361 559/1/361 556/1/361
f 556/1/361 567/1/361 568/1/361
f 546/1/749 544/1/360 559/1/750
f 559/1/750 568/1/360 546/1/749
f 543/1/725 557/1/741 559/1/740
f 559/1/740 544/1/726 543/1/725
f 543/1/724 542/1/723 558/1/739
f 558/1/739 557/1/738 543/1/724
f 542/1/751 541/1/752 569/1/359
f 569/1/359 558/1/359 542/1/751
f 558/1/753 569/1/358 570/1/358
f 570/1/358 553/1/358 558/1/753
f 560/1/754 554/1/755 553/1/756
f 553/1/756 570/1/757 560/1/754
f 571/1/758 572/1/759 573/1/760
f 573/1/760 574/1/761 571/1/758
f 575/1/762 576/1/763 572/1/764
f 572/1/764 571/1/765 575/1/762
f 572/1/759 577/1/766 578/1/767
f 578/1/767 573/1/760 572/1/759
f 572/1/764 576/1/763 579/1/768
f 579/1/768 577/1/769 572/1/764
f 574/1/770 580/1/771 581/1/770
f 581/1/770 582/1/383 574/1/770
f 574/1/761 582/1/772 583/1/773
f 583/1/773 571/1/758 574/1/761
f 575/1/762 571/1/765 583/1/774
f 583/1/774 584/1/379 575/1/762
f 585/1/775 575/1/775 584/1/775
f 584/1/775 586/1/775 585/1/775
f 576/1/392 575/1/392 585/1/392
f 585/1/392 587/1/392 576/1/392
f 588/1/391 579/1/391 576/1/391
f 576/1/391 587/1/391 588/1/391
f 566/1/389 564/1/389 579/1/389
f 579/1/389 588/1/389 566/1/389
f 563/1/744 577/1/769 579/1/768
f 579/1/768 564/1/745 563/1/744
f 563/1/743 562/1/742 578/1/767
f 578/1/767 577/1/766 563/1/743
f 562/1/388 561/1/388 589/1/388
f 589/1/388 578/1/388 562/1/388
f 578/1/387 589/1/387 590/1/387
f 590/1/387 573/1/387 578/1/387
f 580/1/776 574/1/776 573/1/776
f 573/1/776 590/1/776 580/1/776
f 591/1/777 592/1/778 593/1/779
f 593/1/779 594/1/780 591/1/777
f 595/1/781 596/1/782 592/1/783
f 592/1/783 591/1/784 595/1/781
f 592/1/778 597/1/785 598/1/786
f 598/1/786 593/1/779 592/1/778
f 592/1/783 596/1/782 599/1/787
f 599/1/787 597/1/788 592/1/783
f 594/1/410 600/1/410 601/1/410
f 601/1/410 602/1/789 594/1/410
f 594/1/780 602/1/790 603/1/791
f 603/1/791 591/1/777 594/1/780
f 595/1/781 591/1/784 603/1/792
f 603/1/792 604/1/793 595/1/781
f 605/1/405 595/1/405 604/1/405
f 604/1/405 606/1/405 605/1/405
f 596/1/421 595/1/421 605/1/421
f 605/1/421 607/1/421 596/1/421
f 608/1/794 599/1/794 596/1/794
f 596/1/794 607/1/794 608/1/794
f 586/1/795 584/1/416 599/1/416
f 599/1/416 608/1/416 586/1/795
f 583/1/774 597/1/788 599/1/787
f 599/1/787 584/1/379 583/1/774
f 583/1/773 582/1/772 598/1/786
f 598/1/786 597/1/785 583/1/773
f 582/1/796 581/1/415 609/1/415
f 609/1/415 598/1/415 582/1/796
f 598/1/414 609/1/414 610/1/414
f 610/1/414 593/1/414 598/1/414
f 600/1/413 594/1/413 593/1/413
f 593/1/413 610/1/413 600/1/413
f 611/1/797 612/1/798 613/1/799
f 613/1/799 614/1/800 611/1/797
f 615/1/801 616/1/802 612/1/803
f 612/1/803 611/1/804 615/1/801
f 612/1/798 617/1/805 618/1/806
f 618/1/806 613/1/799 612/1/798
f 612/1/803 616/1/802 619/1/807
f 619/1/807 617/1/808 612/1/803
f 614/1/440 620/1/440 621/1/439
f 621/1/439 622/1/440 614/1/440
f 614/1/800 622/1/809 623/1/810
f 623/1/810 611/1/797 614/1/800
f 615/1/801 611/1/804 623/1/811
f 623/1/811 624/1/812 615/1/801
f 625/1/434 615/1/434 624/1/434
f 624/1/434 626/1/434 625/1/434
f 616/1/456 615/1/456 625/1/813
f 625/1/813 627/1/456 616/1/456
f 628/1/454 619/1/454 616/1/814
f 616/1/814 627/1/454 628/1/454
f 606/1/452 604/1/452 619/1/452
f 619/1/452 628/1/452 606/1/452
f 603/1/792 617/1/808 619/1/807
f 619/1/807 604/1/793 603/1/792
f 603/1/791 602/1/790 618/1/806
f 618/1/806 617/1/805 603/1/791
f 602/1/449 601/1/815 629/1/449
f 629/1/449 618/1/449 602/1/449
f 618/1/816 629/1/817 630/1/816
f 630/1/816 613/1/818 618/1/816
f 620/1/819 614/1/441 613/1/819
f 613/1/819 630/1/442 620/1/819
f 631/1/820 632/1/821 633/1/822
f 633/1/822 634/1/823 631/1/820
f 635/1/824 636/1/825 632/1/826
f 632/1/826 631/1/827 635/1/824
f 632/1/821 637/1/828 638/1/829
f 638/1/829 633/1/822 632/1/821
f 632/1/826 636/1/825 639/1/830
f 639/1/830 637/1/831 632/1/826
f 634/1/474 640/1/474 641/1/474
f 641/1/474 642/1/474 634/1/474
f 634/1/823 642/1/832 643/1/833
f 643/1/833 631/1/820 634/1/823
f 635/1/824 631/1/827 643/1/834
f 643/1/834 644/1/835 635/1/824
f 645/1/469 635/1/469 644/1/469
f 644/1/469 646/1/469 645/1/469
f 636/1/490 635/1/490 645/1/490
f 645/1/490 647/1/490 636/1/490
f 648/1/836 639/1/836 636/1/837
f 636/1/837 647/1/485 648/1/836
f 626/1/483 624/1/483 639/1/483
f 639/1/483 648/1/483 626/1/483
f 623/1/811 637/1/831 639/1/830
f 639/1/830 624/1/812 623/1/811
f 623/1/810 622/1/809 638/1/829
f 638/1/829 637/1/828 623/1/810
f 622/1/481 621/1/481 649/1/481
f 649/1/481 638/1/481 622/1/481
f 638/1/477 649/1/838 650/1/838
f 650/1/838 633/1/838 638/1/477
f 640/1/475 634/1/475 633/1/475
f 633/1/475 650/1/475 640/1/475
f 651/1/839 652/1/840 653/1/841
f 653/1/841 654/1/842 651/1/839
f 655/1/843 656/1/844 652/1/845
f 652/1/845 651/1/846 655/1/843
f 652/1/840 657/1/847 658/1/848
f 658/1/848 653/1/841 652/1/840
f 652/1/845 656/1/844 659/1/849
f 659/1/849 657/1/850 652/1/845
f 654/1/851 660/1/509 49/1/509
f 49/1/509 47/1/851 654/1/851
f 651/1/839 654/1/842 47/1/61
f 47/1/61 46/1/60 651/1/839
f 651/1/846 46/1/59 44/1/58
f 44/1/58 655/1/843 651/1/846
f 44/1/503 45/1/852 661/1/853
f 661/1/853 655/1/854 44/1/503
f 656/1/520 655/1/520 661/1/520
f 661/1/520 662/1/520 656/1/520
f 663/1/516 659/1/516 656/1/516
f 656/1/516 662/1/855 663/1/516
f 646/1/514 644/1/514 659/1/514
f 659/1/514 663/1/514 646/1/514
f 643/1/834 657/1/850 659/1/849
f 659/1/849 644/1/835 643/1/834
f 643/1/833 642/1/832 658/1/848
f 658/1/848 657/1/847 643/1/833
f 642/1/856 641/1/512 664/1/856
f 664/1/856 658/1/857 642/1/856
f 658/1/511 664/1/511 665/1/858
f 665/1/858 653/1/511 658/1/511
f 660/1/859 654/1/860 653/1/861
f 653/1/861 665/1/510 660/1/859
f 666/1/862 667/1/863 668/1/864
f 668/1/864 669/1/865 666/1/862
f 670/1/866 671/1/867 667/1/863
f 667/1/863 666/1/862 670/1/866
f 667/1/868 672/1/869 673/1/870
f 673/1/870 668/1/871 667/1/868
f 667/1/868 671/1/872 674/1/873
f 674/1/873 672/1/869 667/1/868
f 675/1/874 669/1/875 676/1/874
f 676/1/874 677/1/874 675/1/874
f 678/1/876 666/1/876 669/1/876
f 669/1/876 675/1/876 678/1/876
f 666/1/877 678/1/877 679/1/877
f 679/1/877 670/1/878 666/1/877
f 10/1/879 670/1/880 679/1/879
f 679/1/879 11/1/879 10/1/879
f 10/1/34 25/1/35 671/1/867
f 671/1/867 670/1/866 10/1/34
f 24/1/32 674/1/873 671/1/872
f 671/1/872 25/1/33 24/1/32
f 674/1/881 24/1/881 23/1/881
f 23/1/881 680/1/881 674/1/881
f 680/1/882 681/1/883 672/1/883
f 672/1/883 674/1/883 680/1/882
f 672/1/884 681/1/884 682/1/884
f 682/1/884 673/1/884 672/1/884
f 682/1/885 683/1/885 684/1/886
f 684/1/886 673/1/885 682/1/885
f 673/1/870 684/1/887 685/1/888
f 685/1/888 668/1/871 673/1/870
f 669/1/865 668/1/864 685/1/889
f 685/1/889 676/1/890 669/1/865
f 686/1/891 687/1/892 688/1/893
f 688/1/893 689/1/894 686/1/891
f 690/1/895 691/1/896 687/1/892
f 687/1/892 686/1/891 690/1/895
f 687/1/897 692/1/898 693/1/899
f 693/1/899 688/1/900 687/1/897
f 687/1/897 691/1/901 694/1/902
f 694/1/902 692/1/898 687/1/897
f 695/1/903 696/1/903 697/1/903
f 697/1/903 689/1/903 695/1/903
f 697/1/904 698/1/905 686/1/905
f 686/1/905 689/1/906 697/1/904
f 686/1/907 698/1/908 699/1/907
f 699/1/907 690/1/907 686/1/907
f 676/1/909 690/1/909 699/1/910
f 699/1/910 677/1/909 676/1/909
f 690/1/895 676/1/890 685/1/889
f 685/1/889 691/1/896 690/1/895
f 684/1/887 694/1/902 691/1/901
f 691/1/901 685/1/888 684/1/887
f 694/1/911 684/1/911 683/1/911
f 683/1/911 700/1/911 694/1/911
f 700/1/912 701/1/912 692/1/912
f 692/1/912 694/1/912 700/1/912
f 702/1/913 693/1/914 692/1/913
f 692/1/913 701/1/913 702/1/913
f 702/1/915 703/1/915 704/1/916
f 704/1/916 693/1/915 702/1/915
f 688/1/900 693/1/899 704/1/917
f 704/1/917 705/1/918 688/1/900
f 705/1/919 695/1/920 689/1/894
f 689/1/894 688/1/893 705/1/919
f 706/1/921 707/1/922 708/1/923
f 708/1/923 709/1/924 706/1/921
f 710/1/925 711/1/926 707/1/922
f 707/1/922 706/1/921 710/1/925
f 707/1/927 712/1/928 713/1/929
f 713/1/929 708/1/930 707/1/927
f 707/1/927 711/1/931 714/1/932
f 714/1/932 712/1/928 707/1/927
f 715/1/933 716/1/933 717/1/933
f 717/1/933 709/1/934 715/1/933
f 706/1/935 709/1/936 717/1/936
f 717/1/936 718/1/937 706/1/935
f 706/1/938 718/1/939 719/1/939
f 719/1/939 710/1/940 706/1/938
f 695/1/941 710/1/941 719/1/942
f 719/1/942 696/1/943 695/1/941
f 710/1/925 695/1/920 705/1/919
f 705/1/919 711/1/926 710/1/925
f 704/1/917 714/1/932 711/1/931
f 711/1/931 705/1/918 704/1/917
f 714/1/944 704/1/944 703/1/944
f 703/1/944 720/1/944 714/1/944
f 720/1/945 721/1/945 712/1/945
f 712/1/945 714/1/945 720/1/945
f 721/1/946 722/1/947 713/1/948
f 713/1/948 712/1/947 721/1/946
f 722/1/949 723/1/950 724/1/949
f 724/1/949 713/1/951 722/1/949
f 713/1/929 724/1/952 725/1/953
f 725/1/953 708/1/930 713/1/929
f 708/1/923 725/1/954 715/1/955
f 715/1/955 709/1/924 708/1/923
f 726/1/956 727/1/957 728/1/958
f 728/1/958 729/1/959 726/1/956
f 730/1/960 731/1/961 727/1/957
f 727/1/957 726/1/956 730/1/960
f 727/1/962 732/1/963 733/1/964
f 733/1/964 728/1/965 727/1/962
f 727/1/962 731/1/966 734/1/967
f 734/1/967 732/1/963 727/1/962
f 735/1/968 736/1/968 737/1/968
f 737/1/968 729/1/968 735/1/968
f 726/1/969 729/1/969 737/1/969
f 737/1/969 738/1/969 726/1/969
f 726/1/970 738/1/970 739/1/970
f 739/1/970 730/1/970 726/1/970
f 715/1/971 730/1/971 739/1/971
f 739/1/971 716/1/971 715/1/971
f 730/1/960 715/1/955 725/1/954
f 725/1/954 731/1/961 730/1/960
f 731/1/966 725/1/953 724/1/952
f 724/1/952 734/1/967 731/1/966
f 734/1/972 724/1/972 723/1/972
f 723/1/972 740/1/972 734/1/972
f 740/1/973 741/1/973 732/1/973
f 732/1/973 734/1/973 740/1/973
f 741/1/974 742/1/975 733/1/975
f 733/1/975 732/1/974 741/1/974
f 742/1/976 743/1/976 744/1/976
f 744/1/976 733/1/976 742/1/976
f 728/1/965 733/1/964 744/1/977
f 744/1/977 745/1/978 728/1/965
f 728/1/958 745/1/979 735/1/980
f 735/1/980 729/1/959 728/1/958
f 746/1/981 747/1/982 748/1/983
f 748/1/983 749/1/984 746/1/981
f 750/1/985 751/1/986 747/1/982
f 747/1/982 746/1/981 750/1/985
f 747/1/987 752/1/988 753/1/989
f 753/1/989 748/1/990 747/1/987
f 747/1/987 751/1/991 754/1/992
f 754/1/992 752/1/988 747/1/987
f 755/1/993 756/1/993 757/1/994
f 757/1/994 749/1/995 755/1/993
f 746/1/996 749/1/997 757/1/998
f 757/1/998 758/1/997 746/1/996
f 746/1/999 758/1/999 759/1/1000
f 759/1/1000 750/1/999 746/1/999
f 735/1/1001 750/1/1001 759/1/1002
f 759/1/1002 736/1/1001 735/1/1001
f 750/1/985 735/1/980 745/1/979
f 745/1/979 751/1/986 750/1/985
f 744/1/977 754/1/992 751/1/991
f 751/1/991 745/1/978 744/1/977
f 754/1/1003 744/1/1004 743/1/1005
f 743/1/1005 760/1/1006 754/1/1003
f 760/1/1007 761/1/1007 752/1/1007
f 752/1/1007 754/1/1008 760/1/1007
f 761/1/1009 762/1/1009 753/1/1009
f 753/1/1009 752/1/1009 761/1/1009
f 762/1/1010 763/1/1010 764/1/1010
f 764/1/1010 753/1/1010 762/1/1010
f 748/1/990 753/1/989 764/1/1011
f 764/1/1011 765/1/1012 748/1/990
f 748/1/983 765/1/1013 755/1/1014
f 755/1/1014 749/1/984 748/1/983
f 766/1/1015 767/1/1016 768/1/1017
f 768/1/1017 769/1/1018 766/1/1015
f 770/1/1019 771/1/1020 767/1/1016
f 767/1/1016 766/1/1015 770/1/1019
f 767/1/1021 772/1/1022 773/1/1023
f 773/1/1023 768/1/1024 767/1/1021
f 767/1/1021 771/1/1025 774/1/1026
f 774/1/1026 772/1/1022 767/1/1021
f 775/1/1027 776/1/1028 777/1/1029
f 777/1/1029 769/1/1028 775/1/1027
f 766/1/1030 769/1/1031 777/1/1031
f 777/1/1031 778/1/1031 766/1/1030
f 766/1/1032 778/1/1032 779/1/1033
f 779/1/1033 770/1/1032 766/1/1032
f 755/1/1034 770/1/1035 779/1/1034
f 779/1/1034 756/1/1036 755/1/1034
f 770/1/1019 755/1/1014 765/1/1013
f 765/1/1013 771/1/1020 770/1/1019
f 764/1/1011 774/1/1026 771/1/1025
f 771/1/1025 765/1/1012 764/1/1011
f 774/1/1037 764/1/1037 763/1/1037
f 763/1/1037 780/1/1037 774/1/1037
f 780/1/1038 781/1/1039 772/1/1040
f 772/1/1040 774/1/1041 780/1/1038
f 781/1/1042 782/1/1043 773/1/1043
f 773/1/1043 772/1/1042 781/1/1042
f 782/1/1044 783/1/1045 784/1/1045
f 784/1/1045 773/1/1046 782/1/1044
f 768/1/1024 773/1/1023 784/1/1047
f 784/1/1047 785/1/1048 768/1/1024
f 768/1/1017 785/1/1049 775/1/1050
f 775/1/1050 769/1/1018 768/1/1017
f 786/1/1051 787/1/1052 788/1/1053
f 788/1/1053 789/1/1054 786/1/1051
f 790/1/1055 791/1/1056 787/1/1052
f 787/1/1052 786/1/1051 790/1/1055
f 787/1/1057 792/1/1058 793/1/1059
f 793/1/1059 788/1/1060 787/1/1057
f 787/1/1057 791/1/1061 794/1/1062
f 794/1/1062 792/1/1058 787/1/1057
f 795/1/1063 796/1/1063 797/1/1063
f 797/1/1063 789/1/1063 795/1/1063
f 786/1/1064 789/1/1064 797/1/1064
f 797/1/1064 798/1/1064 786/1/1064
f 786/1/1065 798/1/1065 799/1/1065
f 799/1/1065 790/1/1065 786/1/1065
f 775/1/1066 790/1/1066 799/1/1066
f 799/1/1066 776/1/1066 775/1/1066
f 790/1/1055 775/1/1050 785/1/1049
f 785/1/1049 791/1/1056 790/1/1055
f 784/1/1047 794/1/1062 791/1/1061
f 791/1/1061 785/1/1048 784/1/1047
f 794/1/1067 784/1/1068 783/1/1069
f 783/1/1069 800/1/1070 794/1/1067
f 800/1/1071 801/1/1071 792/1/1071
f 792/1/1071 794/1/1072 800/1/1071
f 801/1/1073 802/1/1073 793/1/1073
f 793/1/1073 792/1/1073 801/1/1073
f 802/1/1074 803/1/1075 804/1/1075
f 804/1/1075 793/1/1076 802/1/1074
f 788/1/1060 793/1/1059 804/1/1077
f 804/1/1077 805/1/1078 788/1/1060
f 788/1/1053 805/1/1079 795/1/1080
f 795/1/1080 789/1/1054 788/1/1053
f 806/1/1081 807/1/1082 808/1/1083
f 808/1/1083 809/1/1084 806/1/1081
f 810/1/1085 811/1/1086 807/1/1082
f 807/1/1082 806/1/1081 810/1/1085
f 807/1/1087 812/1/1088 813/1/1089
f 813/1/1089 808/1/1090 807/1/1087
f 807/1/1087 811/1/1091 814/1/1092
f 814/1/1092 812/1/1088 807/1/1087
f 815/1/1093 816/1/1094 817/1/1093
f 817/1/1093 809/1/1095 815/1/1093
f 806/1/1096 809/1/1096 817/1/1096
f 817/1/1096 818/1/1096 806/1/1096
f 806/1/1097 818/1/1097 819/1/1097
f 819/1/1097 810/1/1097 806/1/1097
f 795/1/1098 810/1/1098 819/1/1098
f 819/1/1098 796/1/1098 795/1/1098
f 810/1/1085 795/1/1080 805/1/1079
f 805/1/1079 811/1/1086 810/1/1085
f 804/1/1077 814/1/1092 811/1/1091
f 811/1/1091 805/1/1078 804/1/1077
f 820/1/1099 814/1/1100 804/1/1101
f 804/1/1101 803/1/1099 820/1/1099
f 820/1/1102 821/1/1102 812/1/1102
f 812/1/1102 814/1/1102 820/1/1102
f 821/1/1103 822/1/1104 813/1/1104
f 813/1/1104 812/1/1103 821/1/1103
f 822/1/1105 823/1/1105 824/1/1105
f 824/1/1105 813/1/1106 822/1/1105
f 808/1/1090 813/1/1089 824/1/1107
f 824/1/1107 825/1/1108 808/1/1090
f 808/1/1083 825/1/1109 815/1/1110
f 815/1/1110 809/1/1084 808/1/1083
f 826/1/1111 827/1/1112 828/1/1113
f 828/1/1113 829/1/1114 826/1/1111
f 830/1/1115 831/1/1116 827/1/1112
f 827/1/1112 826/1/1111 830/1/1115
f 827/1/1117 832/1/1118 833/1/1119
f 833/1/1119 828/1/1120 827/1/1117
f 827/1/1117 831/1/1121 834/1/1122
f 834/1/1122 832/1/1118 827/1/1117
f 835/1/1123 836/1/1124 837/1/1123
f 837/1/1123 829/1/1125 835/1/1123
f 826/1/1126 829/1/1126 837/1/1126
f 837/1/1126 838/1/1126 826/1/1126
f 826/1/1127 838/1/1127 839/1/1127
f 839/1/1127 830/1/1127 826/1/1127
f 815/1/1128 830/1/1129 839/1/1129
f 839/1/1129 816/1/1128 815/1/1128
f 830/1/1115 815/1/1110 825/1/1109
f 825/1/1109 831/1/1116 830/1/1115
f 824/1/1107 834/1/1122 831/1/1121
f 831/1/1121 825/1/1108 824/1/1107
f 834/1/1130 824/1/1130 823/1/1130
f 823/1/1130 840/1/1131 834/1/1130
f 840/1/1132 841/1/1132 832/1/1132
f 832/1/1132 834/1/1132 840/1/1132
f 841/1/1133 842/1/1133 833/1/1133
f 833/1/1133 832/1/1133 841/1/1133
f 842/1/1134 843/1/1134 844/1/1134
f 844/1/1134 833/1/1134 842/1/1134
f 828/1/1120 833/1/1119 844/1/1135
f 844/1/1135 845/1/1136 828/1/1120
f 828/1/1113 845/1/1137 835/1/1138
f 835/1/1138 829/1/1114 828/1/1113
f 846/1/1139 847/1/1140 848/1/1141
f 848/1/1141 849/1/1142 846/1/1139
f 850/1/1143 851/1/1144 847/1/1140
f 847/1/1140 846/1/1139 850/1/1143
f 847/1/1145 852/1/1146 853/1/1147
f 853/1/1147 848/1/1148 847/1/1145
f 847/1/1145 851/1/1149 854/1/1150
f 854/1/1150 852/1/1146 847/1/1145
f 855/1/1151 856/1/1151 857/1/1151
f 857/1/1151 849/1/1151 855/1/1151
f 846/1/1152 849/1/1152 857/1/1153
f 857/1/1153 858/1/1153 846/1/1152
f 846/1/1154 858/1/1154 859/1/1155
f 859/1/1155 850/1/1155 846/1/1154
f 835/1/1156 850/1/1156 859/1/1157
f 859/1/1157 836/1/1156 835/1/1156
f 850/1/1143 835/1/1138 845/1/1137
f 845/1/1137 851/1/1144 850/1/1143
f 844/1/1135 854/1/1150 851/1/1149
f 851/1/1149 845/1/1136 844/1/1135
f 854/1/1158 844/1/1158 843/1/1158
f 843/1/1158 860/1/1159 854/1/1158
f 860/1/1160 861/1/1160 852/1/1160
f 852/1/1160 854/1/1160 860/1/1160
f 861/1/1161 862/1/1161 853/1/1162
f 853/1/1162 852/1/1161 861/1/1161
f 862/1/1163 863/1/1163 864/1/1163
f 864/1/1163 853/1/1164 862/1/1163
f 848/1/1148 853/1/1147 864/1/1165
f 864/1/1165 865/1/1166 848/1/1148
f 848/1/1141 865/1/1167 855/1/1168
f 855/1/1168 849/1/1142 848/1/1141
f 866/1/1169 867/1/1170 868/1/1171
f 868/1/1171 869/1/1172 866/1/1169
f 870/1/1173 871/1/1174 867/1/1170
f 867/1/1170 866/1/1169 870/1/1173
f 867/1/1175 872/1/1176 873/1/1177
f 873/1/1177 868/1/1178 867/1/1175
f 867/1/1175 871/1/1179 874/1/1180
f 874/1/1180 872/1/1176 867/1/1175
f 875/1/1181 876/1/1181 877/1/1181
f 877/1/1181 869/1/1181 875/1/1181
f 866/1/1182 869/1/1182 877/1/1182
f 877/1/1182 878/1/1182 866/1/1182
f 866/1/1183 878/1/1183 879/1/1183
f 879/1/1183 870/1/1183 866/1/1183
f 855/1/1184 870/1/1184 879/1/1184
f 879/1/1184 856/1/1184 855/1/1184
f 870/1/1173 855/1/1168 865/1/1167
f 865/1/1167 871/1/1174 870/1/1173
f 864/1/1165 874/1/1180 871/1/1179
f 871/1/1179 865/1/1166 864/1/1165
f 874/1/1185 864/1/1186 863/1/1186
f 863/1/1186 880/1/1186 874/1/1185
f 880/1/1187 881/1/1187 872/1/1187
f 872/1/1187 874/1/1187 880/1/1187
f 881/1/1188 882/1/1189 873/1/1188
f 873/1/1188 872/1/1190 881/1/1188
f 882/1/1191 883/1/1191 884/1/1191
f 884/1/1191 873/1/1191 882/1/1191
f 868/1/1178 873/1/1177 884/1/1192
f 884/1/1192 885/1/1193 868/1/1178
f 868/1/1171 885/1/1194 875/1/1195
f 875/1/1195 869/1/1172 868/1/1171
f 886/1/1196 887/1/1197 888/1/1198
f 888/1/1198 889/1/1199 886/1/1196
f 890/1/1200 891/1/1201 887/1/1197
f 887/1/1197 886/1/1196 890/1/1200
f 887/1/1202 892/1/1203 893/1/1204
f 893/1/1204 888/1/1205 887/1/1202
f 887/1/1202 891/1/1206 894/1/1207
f 894/1/1207 892/1/1203 887/1/1202
f 895/1/1208 896/1/1209 897/1/1210
f 897/1/1210 889/1/1211 895/1/1208
f 886/1/1212 889/1/1213 897/1/1214
f 897/1/1214 898/1/1212 886/1/1212
f 886/1/1215 898/1/1216 899/1/1215
f 899/1/1215 890/1/1217 886/1/1215
f 875/1/1218 890/1/1218 899/1/1219
f 899/1/1219 876/1/1218 875/1/1218
f 890/1/1200 875/1/1195 885/1/1194
f 885/1/1194 891/1/1201 890/1/1200
f 884/1/1192 894/1/1207 891/1/1206
f 891/1/1206 885/1/1193 884/1/1192
f 894/1/1220 884/1/1220 883/1/1221
f 883/1/1221 900/1/1220 894/1/1220
f 900/1/1222 901/1/1222 892/1/1223
f 892/1/1223 894/1/1222 900/1/1222
f 901/1/1224 902/1/1224 893/1/1224
f 893/1/1224 892/1/1224 901/1/1224
f 902/1/1225 903/1/1225 904/1/1225
f 904/1/1225 893/1/1225 902/1/1225
f 888/1/1205 893/1/1204 904/1/1226
f 904/1/1226 905/1/1227 888/1/1205
f 888/1/1198 905/1/1228 895/1/1229
f 895/1/1229 889/1/1199 888/1/1198
f 906/1/1230 907/1/1231 908/1/1232
f 908/1/1232 909/1/1233 906/1/1230
f 910/1/1234 911/1/1235 907/1/1231
f 907/1/1231 906/1/1230 910/1/1234
f 907/1/1236 912/1/1237 913/1/1238
f 913/1/1238 908/1/1239 907/1/1236
f 907/1/1236 911/1/1240 914/1/1241
f 914/1/1241 912/1/1237 907/1/1236
f 915/1/1242 916/1/1242 917/1/1243
f 917/1/1243 909/1/1242 915/1/1242
f 906/1/1244 909/1/1245 917/1/1246
f 917/1/1246 918/1/1247 906/1/1244
f 906/1/1248 918/1/1249 919/1/1248
f 919/1/1248 910/1/1248 906/1/1248
f 895/1/1250 910/1/1251 919/1/1250
f 919/1/1250 896/1/1252 895/1/1250
f 910/1/1234 895/1/1229 905/1/1228
f 905/1/1228 911/1/1235 910/1/1234
f 904/1/1226 914/1/1241 911/1/1240
f 911/1/1240 905/1/1227 904/1/1226
f 914/1/1253 904/1/1254 903/1/1255
f 903/1/1255 920/1/1256 914/1/1253
f 920/1/1257 921/1/1257 912/1/1257
f 912/1/1257 914/1/1257 920/1/1257
f 921/1/1258 922/1/1258 913/1/1258
f 913/1/1258 912/1/1258 921/1/1258
f 922/1/1259 923/1/1259 924/1/1259
f 924/1/1259 913/1/1259 922/1/1259
f 908/1/1239 913/1/1238 924/1/1260
f 924/1/1260 925/1/1261 908/1/1239
f 908/1/1232 925/1/1262 915/1/1263
f 915/1/1263 909/1/1233 908/1/1232
f 926/1/1264 927/1/1265 928/1/1266
f 928/1/1266 929/1/1267 926/1/1264
f 930/1/1268 931/1/1269 927/1/1265
f 927/1/1265 926/1/1264 930/1/1268
f 927/1/1270 932/1/1271 933/1/1272
f 933/1/1272 928/1/1273 927/1/1270
f 927/1/1270 931/1/1274 934/1/1275
f 934/1/1275 932/1/1271 927/1/1270
f 935/1/1276 936/1/1276 937/1/1276
f 937/1/1276 929/1/1277 935/1/1276
f 926/1/1278 929/1/1278 937/1/1278
f 937/1/1278 938/1/1278 926/1/1278
f 926/1/1279 938/1/1279 939/1/1280
f 939/1/1280 930/1/1279 926/1/1279
f 915/1/1281 930/1/1282 939/1/1281
f 939/1/1281 916/1/1281 915/1/1281
f 930/1/1268 915/1/1263 925/1/1262
f 925/1/1262 931/1/1269 930/1/1268
f 924/1/1260 934/1/1275 931/1/1274
f 931/1/1274 925/1/1261 924/1/1260
f 934/1/1283 924/1/1283 923/1/1283
f 923/1/1283 940/1/1284 934/1/1283
f 940/1/1285 941/1/1285 932/1/1285
f 932/1/1285 934/1/1285 940/1/1285
f 941/1/1286 942/1/1286 933/1/1286
f 933/1/1286 932/1/1286 941/1/1286
f 942/1/1287 943/1/1288 944/1/1289
f 944/1/1289 933/1/1287 942/1/1287
f 928/1/1273 933/1/1272 944/1/1290
f 944/1/1290 945/1/1291 928/1/1273
f 928/1/1266 945/1/1292 935/1/1293
f 935/1/1293 929/1/1267 928/1/1266
f 946/1/1294 947/1/1295 948/1/1296
f 948/1/1296 949/1/1297 946/1/1294
f 950/1/1298 951/1/1299 947/1/1295
f 947/1/1295 946/1/1294 950/1/1298
f 947/1/1300 952/1/1301 953/1/1302
f 953/1/1302 948/1/1303 947/1/1300
f 947/1/1300 951/1/1304 954/1/1305
f 954/1/1305 952/1/1301 947/1/1300
f 955/1/1306 956/1/1306 957/1/1307
f 957/1/1307 949/1/1306 955/1/1306
f 946/1/1308 949/1/1308 957/1/1308
f 957/1/1308 958/1/1308 946/1/1308
f 946/1/1309 958/1/1309 959/1/1309
f 959/1/1309 950/1/1309 946/1/1309
f 935/1/1310 950/1/1311 959/1/1310
f 959/1/1310 936/1/1310 935/1/1310
f 950/1/1298 935/1/1293 945/1/1292
f 945/1/1292 951/1/1299 950/1/1298
f 944/1/1290 954/1/1305 951/1/1304
f 951/1/1304 945/1/1291 944/1/1290
f 954/1/1312 944/1/1313 943/1/1313
f 943/1/1313 960/1/1313 954/1/1312
f 960/1/1314 961/1/1315 952/1/1314
f 952/1/1314 954/1/1314 960/1/1314
f 961/1/1316 962/1/1316 953/1/1316
f 953/1/1316 952/1/1316 961/1/1316
f 962/1/1317 963/1/1318 964/1/1319
f 964/1/1319 953/1/1320 962/1/1317
f 948/1/1303 953/1/1302 964/1/1321
f 964/1/1321 965/1/1322 948/1/1303
f 948/1/1296 965/1/1323 955/1/1324
f 955/1/1324 949/1/1297 948/1/1296
f 966/1/1325 967/1/1326 968/1/1327
f 968/1/1327 969/1/1328 966/1/1325
f 970/1/1329 971/1/1330 967/1/1326
f 967/1/1326 966/1/1325 970/1/1329
f 967/1/1331 972/1/1332 973/1/1333
f 973/1/1333 968/1/1334 967/1/1331
f 967/1/1331 971/1/1335 974/1/1336
f 974/1/1336 972/1/1332 967/1/1331
f 975/1/31 976/1/1337 977/1/31
f 977/1/31 969/1/1338 975/1/31
f 966/1/28 969/1/28 977/1/28
f 977/1/28 978/1/28 966/1/28
f 966/1/26 978/1/26 979/1/26
f 979/1/26 970/1/26 966/1/26
f 955/1/22 970/1/23 979/1/22
f 979/1/22 956/1/1339 955/1/22
f 970/1/1329 955/1/1324 965/1/1323
f 965/1/1323 971/1/1330 970/1/1329
f 964/1/1321 974/1/1336 971/1/1335
f 971/1/1335 965/1/1322 964/1/1321
f 974/1/1340 964/1/1341 963/1/17
f 963/1/17 980/1/17 974/1/1340
f 980/1/1342 981/1/16 972/1/1343
f 972/1/1343 974/1/1344 980/1/1342
f 981/1/14 982/1/14 973/1/14
f 973/1/14 972/1/14 981/1/14
f 982/1/13 983/1/13 984/1/13
f 984/1/13 973/1/13 982/1/13
f 968/1/1334 973/1/1333 984/1/1345
f 984/1/1345 985/1/1346 968/1/1334
f 968/1/1327 985/1/1347 975/1/1348
f 975/1/1348 969/1/1328 968/1/1327
f 986/1/1349 987/1/1350 988/1/1351
f 988/1/1351 989/1/1352 986/1/1349
f 990/1/1353 991/1/1354 987/1/1350
f 987/1/1350 986/1/1349 990/1/1353
f 987/1/1355 992/1/1356 993/1/1357
f 993/1/1357 988/1/1358 987/1/1355
f 987/1/1355 991/1/1359 994/1/1360
f 994/1/1360 992/1/1356 987/1/1355
f 995/1/885 996/1/885 997/1/1361
f 997/1/1361 989/1/885 995/1/885
f 986/1/884 989/1/1362 997/1/1362
f 997/1/1362 998/1/884 986/1/884
f 986/1/883 998/1/883 999/1/883
f 999/1/883 990/1/883 986/1/883
f 975/1/1363 990/1/1363 999/1/1363
f 999/1/1363 976/1/881 975/1/1363
f 990/1/1353 975/1/1348 985/1/1347
f 985/1/1347 991/1/1354 990/1/1353
f 984/1/1345 994/1/1360 991/1/1359
f 991/1/1359 985/1/1346 984/1/1345
f 994/1/879 984/1/879 983/1/1364
f 983/1/1364 1000/1/879 994/1/879
f 1000/1/877 1001/1/877 992/1/877
f 992/1/877 994/1/877 1000/1/877
f 1001/1/876 1002/1/1365 993/1/876
f 993/1/876 992/1/1366 1001/1/876
f 1002/1/874 1003/1/874 1004/1/874
f 1004/1/874 993/1/874 1002/1/874
f 988/1/1358 993/1/1357 1004/1/1367
f 1004/1/1367 1005/1/1368 988/1/1358
f 988/1/1351 1005/1/1369 995/1/1370
f 995/1/1370 989/1/1352 988/1/1351
f 1006/1/1371 1007/1/1372 1008/1/1373
f 1008/1/1373 1009/1/1374 1006/1/1371
f 1010/1/1375 1011/1/1376 1007/1/1372
f 1007/1/1372 1006/1/1371 1010/1/1375
f 1007/1/1377 1012/1/1378 1013/1/1379
f 1013/1/1379 1008/1/1380 1007/1/1377
f 1007/1/1377 1011/1/1381 1014/1/1382
f 1014/1/1382 1012/1/1378 1007/1/1377
f 1015/1/915 1016/1/915 1017/1/915
f 1017/1/915 1009/1/915 1015/1/915
f 1006/1/914 1009/1/914 1017/1/914
f 1017/1/914 1018/1/1383 1006/1/914
f 1006/1/912 1018/1/912 1019/1/912
f 1019/1/912 1010/1/912 1006/1/912
f 995/1/911 1010/1/911 1019/1/911
f 1019/1/911 996/1/911 995/1/911
f 1010/1/1375 995/1/1370 1005/1/1369
f 1005/1/1369 1011/1/1376 1010/1/1375
f 1004/1/1367 1014/1/1382 1011/1/1381
f 1011/1/1381 1005/1/1368 1004/1/1367
f 1014/1/909 1004/1/909 1003/1/1384
f 1003/1/1384 1020/1/909 1014/1/909
f 1020/1/1385 1021/1/1386 1012/1/1387
f 1012/1/1387 1014/1/1385 1020/1/1385
f 1021/1/906 1022/1/1388 1013/1/906
f 1013/1/906 1012/1/906 1021/1/906
f 1022/1/1389 1023/1/1389 1024/1/903
f 1024/1/903 1013/1/903 1022/1/1389
f 1008/1/1380 1013/1/1379 1024/1/1390
f 1024/1/1390 1025/1/1391 1008/1/1380
f 1008/1/1373 1025/1/1392 1015/1/1393
f 1015/1/1393 1009/1/1374 1008/1/1373
f 1026/1/1394 1027/1/1395 1028/1/1396
f 1028/1/1396 1029/1/1397 1026/1/1394
f 1030/1/1398 1031/1/1399 1027/1/1395
f 1027/1/1395 1026/1/1394 1030/1/1398
f 1027/1/1400 1032/1/1401 1033/1/1402
f 1033/1/1402 1028/1/1403 1027/1/1400
f 1027/1/1400 1031/1/1404 1034/1/1405
f 1034/1/1405 1032/1/1401 1027/1/1400
f 1035/1/950 1036/1/950 1037/1/950
f 1037/1/950 1029/1/950 1035/1/950
f 1026/1/1406 1029/1/1406 1037/1/947
f 1037/1/947 1038/1/947 1026/1/1406
f 1026/1/945 1038/1/945 1039/1/945
f 1039/1/945 1030/1/945 1026/1/945
f 1015/1/944 1030/1/944 1039/1/1407
f 1039/1/1407 1016/1/944 1015/1/944
f 1030/1/1398 1015/1/1393 1025/1/1392
f 1025/1/1392 1031/1/1399 1030/1/1398
f 1024/1/1390 1034/1/1405 1031/1/1404
f 1031/1/1404 1025/1/1391 1024/1/1390
f 1034/1/943 1024/1/943 1023/1/941
f 1023/1/941 1040/1/941 1034/1/943
f 1040/1/938 1041/1/938 1032/1/938
f 1032/1/938 1034/1/938 1040/1/938
f 1041/1/936 1042/1/936 1033/1/1408
f 1033/1/1408 1032/1/936 1041/1/936
f 1042/1/934 1043/1/934 1044/1/1409
f 1044/1/1409 1033/1/1410 1042/1/934
f 1028/1/1403 1033/1/1402 1044/1/1411
f 1044/1/1411 1045/1/1412 1028/1/1403
f 1028/1/1396 1045/1/1413 1035/1/1414
f 1035/1/1414 1029/1/1397 1028/1/1396
f 1046/1/1415 1047/1/1416 1048/1/1417
f 1048/1/1417 1049/1/1418 1046/1/1415
f 1050/1/1419 1051/1/1420 1047/1/1416
f 1047/1/1416 1046/1/1415 1050/1/1419
f 1047/1/1421 1052/1/1422 1053/1/1423
f 1053/1/1423 1048/1/1424 1047/1/1421
f 1047/1/1421 1051/1/1425 1054/1/1426
f 1054/1/1426 1052/1/1422 1047/1/1421
f 1055/1/1427 1056/1/1428 1057/1/1427
f 1057/1/1427 1049/1/976 1055/1/1427
f 1046/1/975 1049/1/975 1057/1/974
f 1057/1/974 1058/1/975 1046/1/975
f 1046/1/973 1058/1/973 1059/1/973
f 1059/1/973 1050/1/1429 1046/1/973
f 1035/1/1430 1050/1/1430 1059/1/1431
f 1059/1/1431 1036/1/972 1035/1/1430
f 1050/1/1419 1035/1/1414 1045/1/1413
f 1045/1/1413 1051/1/1420 1050/1/1419
f 1044/1/1411 1054/1/1426 1051/1/1425
f 1051/1/1425 1045/1/1412 1044/1/1411
f 1054/1/971 1044/1/971 1043/1/971
f 1043/1/971 1060/1/971 1054/1/971
f 1060/1/970 1061/1/970 1052/1/970
f 1052/1/970 1054/1/970 1060/1/970
f 1061/1/969 1062/1/969 1053/1/969
f 1053/1/969 1052/1/969 1061/1/969
f 1062/1/1432 1063/1/1432 1064/1/1433
f 1064/1/1433 1053/1/1432 1062/1/1432
f 1048/1/1424 1053/1/1423 1064/1/1434
f 1064/1/1434 1065/1/1435 1048/1/1424
f 1048/1/1417 1065/1/1436 1055/1/1437
f 1055/1/1437 1049/1/1418 1048/1/1417
f 1066/1/1438 1067/1/1439 1068/1/1440
f 1068/1/1440 1069/1/1441 1066/1/1438
f 1070/1/1442 1071/1/1443 1067/1/1439
f 1067/1/1439 1066/1/1438 1070/1/1442
f 1067/1/1444 1072/1/1445 1073/1/1446
f 1073/1/1446 1068/1/1447 1067/1/1444
f 1067/1/1444 1071/1/1448 1074/1/1449
f 1074/1/1449 1072/1/1445 1067/1/1444
f 1075/1/1010 1076/1/1010 1077/1/1010
f 1077/1/1010 1069/1/1010 1075/1/1010
f 1066/1/1009 1069/1/1009 1077/1/1009
f 1077/1/1009 1078/1/1009 1066/1/1009
f 1066/1/1450 1078/1/1451 1079/1/1452
f 1079/1/1452 1070/1/1007 1066/1/1450
f 1055/1/1004 1070/1/1453 1079/1/1004
f 1079/1/1004 1056/1/1004 1055/1/1004
f 1070/1/1442 1055/1/1437 1065/1/1436
f 1065/1/1436 1071/1/1443 1070/1/1442
f 1064/1/1434 1074/1/1449 1071/1/1448
f 1071/1/1448 1065/1/1435 1064/1/1434
f 1074/1/1001 1064/1/1001 1063/1/1454
f 1063/1/1454 1080/1/1001 1074/1/1001
f 1080/1/1000 1081/1/1000 1072/1/1000
f 1072/1/1000 1074/1/1000 1080/1/1000
f 1081/1/997 1082/1/997 1073/1/997
f 1073/1/997 1072/1/997 1081/1/997
f 1082/1/1455 1083/1/1455 1084/1/1455
f 1084/1/1455 1073/1/1455 1082/1/1455
f 1068/1/1447 1073/1/1446 1084/1/1456
f 1084/1/1456 1085/1/1457 1068/1/1447
f 1068/1/1440 1085/1/1458 1075/1/1459
f 1075/1/1459 1069/1/1441 1068/1/1440
f 1086/1/1460 1087/1/1461 1088/1/1462
f 1088/1/1462 1089/1/1463 1086/1/1460
f 1090/1/1464 1091/1/1465 1087/1/1461
f 1087/1/1461 1086/1/1460 1090/1/1464
f 1087/1/1466 1092/1/1467 1093/1/1468
f 1093/1/1468 1088/1/1469 1087/1/1466
f 1087/1/1466 1091/1/1470 1094/1/1471
f 1094/1/1471 1092/1/1467 1087/1/1466
f 1095/1/1472 1096/1/1472 1097/1/1472
f 1097/1/1472 1089/1/1045 1095/1/1472
f 1086/1/1043 1089/1/1042 1097/1/1042
f 1097/1/1042 1098/1/1043 1086/1/1043
f 1086/1/1038 1098/1/1041 1099/1/1038
f 1099/1/1038 1090/1/1040 1086/1/1038
f 1075/1/1037 1090/1/1037 1099/1/1473
f 1099/1/1473 1076/1/1037 1075/1/1037
f 1090/1/1464 1075/1/1459 1085/1/1458
f 1085/1/1458 1091/1/1465 1090/1/1464
f 1084/1/1456 1094/1/1471 1091/1/1470
f 1091/1/1470 1085/1/1457 1084/1/1456
f 1094/1/1474 1084/1/1036 1083/1/1036
f 1083/1/1036 1100/1/1474 1094/1/1474
f 1100/1/1032 1101/1/1032 1092/1/1032
f 1092/1/1032 1094/1/1032 1100/1/1032
f 1101/1/1031 1102/1/1031 1093/1/1475
f 1093/1/1475 1092/1/1031 1101/1/1031
f 1102/1/1028 1103/1/1028 1104/1/1028
f 1104/1/1028 1093/1/1028 1102/1/1028
f 1088/1/1469 1093/1/1468 1104/1/1476
f 1104/1/1476 1105/1/1477 1088/1/1469
f 1088/1/1462 1105/1/1478 1095/1/1479
f 1095/1/1479 1089/1/1463 1088/1/1462
f 1106/1/1480 1107/1/1481 1108/1/1482
f 1108/1/1482 1109/1/1483 1106/1/1480
f 1110/1/1484 1111/1/1485 1107/1/1481
f 1107/1/1481 1106/1/1480 1110/1/1484
f 1107/1/1486 1112/1/1487 1113/1/1488
f 1113/1/1488 1108/1/1489 1107/1/1486
f 1107/1/1486 1111/1/1490 1114/1/1491
f 1114/1/1491 1112/1/1487 1107/1/1486
f 1115/1/1075 1116/1/1075 1117/1/1075
f 1117/1/1075 1109/1/1075 1115/1/1075
f 1106/1/1073 1109/1/1073 1117/1/1073
f 1117/1/1073 1118/1/1492 1106/1/1073
f 1106/1/1071 1118/1/1071 1119/1/1071
f 1119/1/1071 1110/1/1071 1106/1/1071
f 1095/1/1493 1110/1/1494 1119/1/1493
f 1119/1/1493 1096/1/1493 1095/1/1493
f 1110/1/1484 1095/1/1479 1105/1/1478
f 1105/1/1478 1111/1/1485 1110/1/1484
f 1104/1/1476 1114/1/1491 1111/1/1490
f 1111/1/1490 1105/1/1477 1104/1/1476
f 1114/1/1495 1104/1/1066 1103/1/1495
f 1103/1/1495 1120/1/1496 1114/1/1495
f 1120/1/1065 1121/1/1065 1112/1/1065
f 1112/1/1065 1114/1/1065 1120/1/1065
f 1121/1/1064 1122/1/1064 1113/1/1064
f 1113/1/1064 1112/1/1064 1121/1/1064
f 1122/1/1063 1123/1/1063 1124/1/1063
f 1124/1/1063 1113/1/1063 1122/1/1063
f 1108/1/1489 1113/1/1488 1124/1/1497
f 1124/1/1497 1125/1/1498 1108/1/1489
f 1108/1/1482 1125/1/1499 1115/1/1500
f 1115/1/1500 1109/1/1483 1108/1/1482
f 1126/1/1501 1127/1/1502 1128/1/1503
f 1128/1/1503 1129/1/1504 1126/1/1501
f 1130/1/1505 1131/1/1506 1127/1/1502
f 1127/1/1502 1126/1/1501 1130/1/1505
f 1127/1/1507 1132/1/1508 1133/1/1509
f 1133/1/1509 1128/1/1510 1127/1/1507
f 1127/1/1507 1131/1/1511 1134/1/1512
f 1134/1/1512 1132/1/1508 1127/1/1507
f 1135/1/1105 1136/1/1105 1137/1/1105
f 1137/1/1105 1129/1/1105 1135/1/1105
f 1126/1/1103 1129/1/1104 1137/1/1103
f 1137/1/1103 1138/1/1103 1126/1/1103
f 1126/1/1513 1138/1/1513 1139/1/1102
f 1139/1/1102 1130/1/1102 1126/1/1513
f 1115/1/1099 1130/1/1099 1139/1/1099
f 1139/1/1099 1116/1/1099 1115/1/1099
f 1130/1/1505 1115/1/1500 1125/1/1499
f 1125/1/1499 1131/1/1506 1130/1/1505
f 1124/1/1497 1134/1/1512 1131/1/1511
f 1131/1/1511 1125/1/1498 1124/1/1497
f 1134/1/1098 1124/1/1098 1123/1/1098
f 1123/1/1098 1140/1/1098 1134/1/1098
f 1140/1/1097 1141/1/1097 1132/1/1097
f 1132/1/1097 1134/1/1097 1140/1/1097
f 1141/1/1096 1142/1/1514 1133/1/1096
f 1133/1/1096 1132/1/1096 1141/1/1096
f 1142/1/1094 1143/1/1094 1144/1/1094
f 1144/1/1094 1133/1/1094 1142/1/1094
f 1128/1/1510 1133/1/1509 1144/1/1515
f 1144/1/1515 1145/1/1516 1128/1/1510
f 1128/1/1503 1145/1/1517 1135/1/1518
f 1135/1/1518 1129/1/1504 1128/1/1503
f 1146/1/1519 1147/1/1520 1148/1/1521
f 1148/1/1521 1149/1/1521 1146/1/1519
f 1150/1/1522 1151/1/1523 1147/1/1520
f 1147/1/1520 1146/1/1519 1150/1/1522
f 1147/1/1524 1152/1/1525 1153/1/1526
f 1153/1/1526 1148/1/1527 1147/1/1524
f 1147/1/1524 1151/1/1528 1154/1/1529
f 1154/1/1529 1152/1/1525 1147/1/1524
f 1155/1/1134 1156/1/1134 1157/1/1530
f 1157/1/1530 1149/1/1134 1155/1/1134
f 1146/1/1531 1149/1/1532 1157/1/1531
f 1157/1/1531 1158/1/1531 1146/1/1531
f 1146/1/1132 1158/1/1132 1159/1/1533
f 1159/1/1533 1150/1/1533 1146/1/1132
f 1135/1/1534 1150/1/1130 1159/1/1534
f 1159/1/1534 1136/1/1534 1135/1/1534
f 1150/1/1522 1135/1/1518 1145/1/1517
f 1145/1/1517 1151/1/1523 1150/1/1522
f 1144/1/1515 1154/1/1529 1151/1/1528
f 1151/1/1528 1145/1/1516 1144/1/1515
f 1154/1/1128 1144/1/1128 1143/1/1128
f 1143/1/1128 1160/1/1128 1154/1/1128
f 1160/1/1127 1161/1/1127 1152/1/1127
f 1152/1/1127 1154/1/1127 1160/1/1127
f 1161/1/1126 1162/1/1126 1153/1/1126
f 1153/1/1126 1152/1/1126 1161/1/1126
f 1162/1/1535 1163/1/1535 1164/1/1535
f 1164/1/1535 1153/1/1124 1162/1/1535
f 1148/1/1527 1153/1/1526 1164/1/1536
f 1164/1/1536 1165/1/1537 1148/1/1527
f 1148/1/1521 1165/1/1538 1155/1/1539
f 1155/1/1539 1149/1/1521 1148/1/1521
f 1166/1/1540 1167/1/1541 1168/1/1542
f 1168/1/1542 1169/1/1543 1166/1/1540
f 1170/1/1544 1171/1/1545 1167/1/1541
f 1167/1/1541 1166/1/1540 1170/1/1544
f 1167/1/1546 1172/1/1547 1173/1/1548
f 1173/1/1548 1168/1/1549 1167/1/1546
f 1167/1/1546 1171/1/1550 1174/1/1551
f 1174/1/1551 1172/1/1547 1167/1/1546
f 1175/1/1552 1176/1/1553 1177/1/1553
f 1177/1/1553 1169/1/1552 1175/1/1552
f 1166/1/1554 1169/1/1555 1177/1/1556
f 1177/1/1556 1178/1/1557 1166/1/1554
f 1166/1/1160 1178/1/1160 1179/1/1160
f 1179/1/1160 1170/1/1160 1166/1/1160
f 1155/1/1158 1170/1/1158 1179/1/1158
f 1179/1/1158 1156/1/1158 1155/1/1158
f 1170/1/1544 1155/1/1539 1165/1/1538
f 1165/1/1538 1171/1/1545 1170/1/1544
f 1164/1/1536 1174/1/1551 1171/1/1550
f 1171/1/1550 1165/1/1537 1164/1/1536
f 1174/1/1156 1164/1/1156 1163/1/1156
f 1163/1/1156 1180/1/1156 1174/1/1156
f 1180/1/1154 1181/1/1154 1172/1/1154
f 1172/1/1154 1174/1/1154 1180/1/1154
f 1181/1/1153 1182/1/1153 1173/1/1152
f 1173/1/1152 1172/1/1152 1181/1/1153
f 1182/1/1151 1183/1/1558 1184/1/1151
f 1184/1/1151 1173/1/1151 1182/1/1151
f 1168/1/1549 1173/1/1548 1184/1/1559
f 1184/1/1559 1185/1/1560 1168/1/1549
f 1168/1/1542 1185/1/1561 1175/1/1562
f 1175/1/1562 1169/1/1543 1168/1/1542
f 1186/1/1563 1187/1/1564 1188/1/1565
f 1188/1/1565 1189/1/1566 1186/1/1563
f 1190/1/1567 1191/1/1568 1187/1/1564
f 1187/1/1564 1186/1/1563 1190/1/1567
f 1187/1/1569 1192/1/1570 1193/1/1571
f 1193/1/1571 1188/1/1572 1187/1/1569
f 1187/1/1569 1191/1/1573 1194/1/1574
f 1194/1/1574 1192/1/1570 1187/1/1569
f 1195/1/1575 1196/1/1191 1197/1/1576
f 1197/1/1576 1189/1/1575 1195/1/1575
f 1186/1/1189 1189/1/1189 1197/1/1189
f 1197/1/1189 1198/1/1189 1186/1/1189
f 1186/1/1577 1198/1/1187 1199/1/1578
f 1199/1/1578 1190/1/1187 1186/1/1577
f 1175/1/1186 1190/1/1186 1199/1/1186
f 1199/1/1186 1176/1/1186 1175/1/1186
f 1190/1/1567 1175/1/1562 1185/1/1561
f 1185/1/1561 1191/1/1568 1190/1/1567
f 1184/1/1559 1194/1/1574 1191/1/1573
f 1191/1/1573 1185/1/1560 1184/1/1559
f 1194/1/1184 1184/1/1184 1183/1/1184
f 1183/1/1184 1200/1/1184 1194/1/1184
f 1200/1/1579 1201/1/1183 1192/1/1183
f 1192/1/1183 1194/1/1183 1200/1/1579
f 1201/1/1182 1202/1/1182 1193/1/1182
f 1193/1/1182 1192/1/1182 1201/1/1182
f 1202/1/1580 1203/1/1580 1204/1/1580
f 1204/1/1580 1193/1/1181 1202/1/1580
f 1188/1/1572 1193/1/1571 1204/1/1581
f 1204/1/1581 1205/1/1582 1188/1/1572
f 1188/1/1565 1205/1/1583 1195/1/1584
f 1195/1/1584 1189/1/1566 1188/1/1565
f 1206/1/1585 1207/1/1586 1208/1/1587
f 1208/1/1587 1209/1/1588 1206/1/1585
f 1210/1/1589 1211/1/1590 1207/1/1586
f 1207/1/1586 1206/1/1585 1210/1/1589
f 1207/1/1591 1212/1/1592 1213/1/1593
f 1213/1/1593 1208/1/1594 1207/1/1591
f 1207/1/1591 1211/1/1595 1214/1/1596
f 1214/1/1596 1212/1/1592 1207/1/1591
f 1215/1/1225 1216/1/1225 1217/1/1597
f 1217/1/1597 1209/1/1225 1215/1/1225
f 1206/1/1224 1209/1/1224 1217/1/1224
f 1217/1/1224 1218/1/1224 1206/1/1224
f 1206/1/1223 1218/1/1223 1219/1/1223
f 1219/1/1223 1210/1/1223 1206/1/1223
f 1195/1/1220 1210/1/1220 1219/1/1220
f 1219/1/1220 1196/1/1220 1195/1/1220
f 1210/1/1589 1195/1/1584 1205/1/1583
f 1205/1/1583 1211/1/1590 1210/1/1589
f 1204/1/1581 1214/1/1596 1211/1/1595
f 1211/1/1595 1205/1/1582 1204/1/1581
f 1214/1/1218 1204/1/1218 1203/1/1218
f 1203/1/1218 1220/1/1218 1214/1/1218
f 1220/1/1217 1221/1/1217 1212/1/1217
f 1212/1/1217 1214/1/1217 1220/1/1217
f 1221/1/1212 1222/1/1598 1213/1/1212
f 1213/1/1212 1212/1/1212 1221/1/1212
f 1222/1/1209 1223/1/1209 1224/1/1209
f 1224/1/1209 1213/1/1209 1222/1/1209
f 1208/1/1594 1213/1/1593 1224/1/1599
f 1224/1/1599 1225/1/1600 1208/1/1594
f 1208/1/1587 1225/1/1601 1215/1/1602
f 1215/1/1602 1209/1/1588 1208/1/1587
f 1226/1/1603 1227/1/1604 1228/1/1605
f 1228/1/1605 1229/1/1606 1226/1/1603
f 1230/1/1607 1231/1/1608 1227/1/1604
f 1227/1/1604 1226/1/1603 1230/1/1607
f 1227/1/1609 1232/1/1610 1233/1/1611
f 1233/1/1611 1228/1/1612 1227/1/1609
f 1227/1/1609 1231/1/1613 1234/1/1614
f 1234/1/1614 1232/1/1610 1227/1/1609
f 1235/1/1259 1236/1/1259 1237/1/1259
f 1237/1/1259 1229/1/1259 1235/1/1259
f 1226/1/1258 1229/1/1258 1237/1/1258
f 1237/1/1258 1238/1/1258 1226/1/1258
f 1226/1/1257 1238/1/1615 1239/1/1257
f 1239/1/1257 1230/1/1257 1226/1/1257
f 1215/1/1256 1230/1/1256 1239/1/1256
f 1239/1/1256 1216/1/1256 1215/1/1256
f 1230/1/1607 1215/1/1602 1225/1/1601
f 1225/1/1601 1231/1/1608 1230/1/1607
f 1224/1/1599 1234/1/1614 1231/1/1613
f 1231/1/1613 1225/1/1600 1224/1/1599
f 1234/1/1251 1224/1/1616 1223/1/1251
f 1223/1/1251 1240/1/1251 1234/1/1251
f 1240/1/1617 1241/1/1618 1232/1/1617
f 1232/1/1617 1234/1/1619 1240/1/1617
f 1241/1/1620 1242/1/1246 1233/1/1247
f 1233/1/1247 1232/1/1247 1241/1/1620
f 1242/1/1242 1243/1/1242 1244/1/1621
f 1244/1/1621 1233/1/1242 1242/1/1242
f 1228/1/1612 1233/1/1611 1244/1/1622
f 1244/1/1622 1245/1/1623 1228/1/1612
f 1228/1/1605 1245/1/1624 1235/1/1625
f 1235/1/1625 1229/1/1606 1228/1/1605
f 1246/1/1626 1247/1/1627 1248/1/1628
f 1248/1/1628 1249/1/1629 1246/1/1626
f 1250/1/1630 1251/1/1631 1247/1/1627
f 1247/1/1627 1246/1/1626 1250/1/1630
f 1247/1/1632 1252/1/1633 1253/1/1634
f 1253/1/1634 1248/1/1635 1247/1/1632
f 1247/1/1632 1251/1/1636 1254/1/1637
f 1254/1/1637 1252/1/1633 1247/1/1632
f 1255/1/1287 1256/1/1287 1257/1/1289
f 1257/1/1289 1249/1/1287 1255/1/1287
f 1246/1/1286 1249/1/1286 1257/1/1286
f 1257/1/1286 1258/1/1286 1246/1/1286
f 1246/1/1285 1258/1/1285 1259/1/1285
f 1259/1/1285 1250/1/1638 1246/1/1285
f 1235/1/1283 1250/1/1283 1259/1/1639
f 1259/1/1639 1236/1/1283 1235/1/1283
f 1250/1/1630 1235/1/1625 1245/1/1624
f 1245/1/1624 1251/1/1631 1250/1/1630
f 1244/1/1622 1254/1/1637 1251/1/1636
f 1251/1/1636 1245/1/1623 1244/1/1622
f 1254/1/1281 1244/1/1281 1243/1/1281
f 1243/1/1281 1260/1/1281 1254/1/1281
f 1260/1/1279 1261/1/1640 1252/1/1641
f 1252/1/1641 1254/1/1641 1260/1/1279
f 1261/1/1278 1262/1/1278 1253/1/1278
f 1253/1/1278 1252/1/1278 1261/1/1278
f 1262/1/1276 1263/1/1276 1264/1/1276
f 1264/1/1276 1253/1/1276 1262/1/1276
f 1248/1/1635 1253/1/1634 1264/1/1642
f 1264/1/1642 1265/1/1643 1248/1/1635
f 1248/1/1628 1265/1/1644 1255/1/1645
f 1255/1/1645 1249/1/1629 1248/1/1628
f 1266/1/1646 1267/1/1647 1268/1/1648
f 1268/1/1648 1269/1/1649 1266/1/1646
f 1270/1/1650 1271/1/1651 1267/1/1647
f 1267/1/1647 1266/1/1646 1270/1/1650
f 1267/1/1652 1272/1/1653 1273/1/1654
f 1273/1/1654 1268/1/1655 1267/1/1652
f 1267/1/1652 1271/1/1656 1274/1/1657
f 1274/1/1657 1272/1/1653 1267/1/1652
f 16/1/1320 15/1/1320 1275/1/1320
f 1275/1/1320 1269/1/1320 16/1/1320
f 1266/1/1316 1269/1/1316 1275/1/1316
f 1275/1/1316 1276/1/1316 1266/1/1316
f 1266/1/1658 1276/1/1315 1277/1/1314
f 1277/1/1314 1270/1/1659 1266/1/1658
f 1255/1/1660 1270/1/1660 1277/1/1660
f 1277/1/1660 1256/1/1660 1255/1/1660
f 1270/1/1650 1255/1/1645 1265/1/1644
f 1265/1/1644 1271/1/1651 1270/1/1650
f 1264/1/1642 1274/1/1657 1271/1/1656
f 1271/1/1656 1265/1/1643 1264/1/1642
f 1274/1/1310 1264/1/1310 1263/1/1310
f 1263/1/1310 1278/1/1310 1274/1/1310
f 1278/1/1309 1279/1/1309 1272/1/1661
f 1272/1/1661 1274/1/1309 1278/1/1309
f 1279/1/1308 1280/1/1308 1273/1/1308
f 1273/1/1308 1272/1/1308 1279/1/1308
f 18/1/1662 1273/1/1662 1280/1/1662
f 1280/1/1662 20/1/1306 18/1/1662
f 1273/1/1654 18/1/21 17/1/20
f 17/1/20 1268/1/1655 1273/1/1654
f 1268/1/1648 17/1/18 16/1/19
f 16/1/19 1269/1/1649 1268/1/1648
f 1281/1/1663 1282/1/1663 1283/1/1663
f 1283/1/1663 1284/1/1663 1281/1/1663
f 1285/1/1664 1286/1/1664 1282/1/1664
f 1282/1/1664 1281/1/1664 1285/1/1664
f 1282/1/1665 1287/1/1666 1288/1/1665
f 1288/1/1665 1283/1/1667 1282/1/1665
f 1289/1/1668 1287/1/1669 1282/1/1668
f 1282/1/1668 1286/1/1668 1289/1/1668
f 1290/1/1670 526/1/1671 548/1/1671
f 548/1/1671 1284/1/1672 1290/1/1670
f 1284/1/1673 548/1/1674 547/1/1674
f 547/1/1674 1281/1/1674 1284/1/1673
f 1285/1/1675 1281/1/1675 547/1/1675
f 547/1/1675 545/1/1675 1285/1/1675
f 1285/1/1676 545/1/1676 546/1/1676
f 546/1/1676 1291/1/1676 1285/1/1676
f 1285/1/1677 1291/1/1677 1292/1/1677
f 1292/1/1677 1286/1/1677 1285/1/1677
f 1293/1/1678 1289/1/1679 1286/1/1680
f 1286/1/1680 1292/1/1681 1293/1/1678
f 1289/1/1682 1293/1/1683 1163/1/1682
f 1163/1/1682 1162/1/1682 1289/1/1682
f 1289/1/1684 1162/1/1684 1161/1/1684
f 1161/1/1684 1287/1/1684 1289/1/1684
f 1161/1/1685 1160/1/1686 1288/1/1686
f 1288/1/1686 1287/1/1686 1161/1/1685
f 1160/1/1687 1143/1/1687 1294/1/1687
f 1294/1/1687 1288/1/1687 1160/1/1687
f 1283/1/1688 1288/1/1688 1294/1/1688
f 1294/1/1688 1295/1/1688 1283/1/1688
f 1283/1/1689 1295/1/1689 1290/1/1689
f 1290/1/1689 1284/1/1690 1283/1/1689
f 1296/1/1691 1297/1/1691 1298/1/1691
f 1298/1/1691 1299/1/1691 1296/1/1691
f 1300/1/1692 1301/1/1692 1297/1/1692
f 1297/1/1692 1296/1/1692 1300/1/1692
f 1297/1/1693 1302/1/1693 1303/1/1693
f 1303/1/1693 1298/1/1693 1297/1/1693
f 1301/1/1694 1304/1/1694 1302/1/1694
f 1302/1/1694 1297/1/1694 1301/1/1694
f 49/1/1695 660/1/1696 1299/1/1697
f 1299/1/1697 1305/1/1698 49/1/1695
f 665/1/1699 1296/1/1699 1299/1/1699
f 1299/1/1699 660/1/1699 665/1/1699
f 665/1/1700 664/1/1700 1300/1/1700
f 1300/1/1700 1296/1/1700 665/1/1700
f 664/1/1701 641/1/1701 1306/1/1701
f 1306/1/1701 1300/1/1701 664/1/1701
f 1300/1/1702 1306/1/1702 1307/1/1702
f 1307/1/1702 1301/1/1702 1300/1/1702
f 1308/1/1703 1304/1/1703 1301/1/1703
f 1301/1/1703 1307/1/1703 1308/1/1703
f 1304/1/1704 1308/1/1705 1256/1/1705
f 1256/1/1705 1277/1/1705 1304/1/1704
f 1304/1/1706 1277/1/1706 1276/1/1707
f 1276/1/1707 1302/1/1706 1304/1/1706
f 1302/1/1708 1276/1/1708 1275/1/1709
f 1275/1/1709 1303/1/1708 1302/1/1708
f 1275/1/1710 15/1/1711 1309/1/1711
f 1309/1/1711 1303/1/1712 1275/1/1710
f 1303/1/1713 1309/1/1713 1310/1/1713
f 1310/1/1713 1298/1/1713 1303/1/1713
f 1298/1/1714 1310/1/1715 1305/1/1715
f 1305/1/1715 1299/1/1715 1298/1/1714
f 1311/1/1716 1312/1/1717 1313/1/1718
f 1313/1/1718 1314/1/1719 1311/1/1716
f 1315/1/1720 1316/1/1721 1312/1/1720
f 1312/1/1720 1311/1/1722 1315/1/1720
f 1312/1/1723 1317/1/1723 1318/1/1723
f 1318/1/1723 1313/1/1724 1312/1/1723
f 1312/1/1725 1316/1/1725 1319/1/1726
f 1319/1/1726 1317/1/1725 1312/1/1725
f 1314/1/1727 1320/1/1727 141/1/1728
f 141/1/1728 140/1/1727 1314/1/1727
f 1314/1/1729 140/1/1729 150/1/1729
f 150/1/1729 1311/1/1729 1314/1/1729
f 1315/1/1730 1311/1/1730 150/1/1730
f 150/1/1730 149/1/1730 1315/1/1730
f 149/1/1731 121/1/1732 1321/1/1733
f 1321/1/1733 1315/1/1734 149/1/1731
f 1315/1/1735 1321/1/1735 1322/1/1735
f 1322/1/1735 1316/1/1735 1315/1/1735
f 1323/1/1736 1319/1/1736 1316/1/1736
f 1316/1/1736 1322/1/1736 1323/1/1736
f 736/1/1737 759/1/1737 1319/1/1737
f 1319/1/1737 1323/1/1737 736/1/1737
f 1319/1/1738 759/1/1738 758/1/1738
f 758/1/1738 1317/1/1738 1319/1/1738
f 758/1/1739 757/1/1739 1318/1/1739
f 1318/1/1739 1317/1/1739 758/1/1739
f 757/1/1740 756/1/1741 1324/1/1741
f 1324/1/1741 1318/1/1742 757/1/1740
f 1325/1/1743 1313/1/1743 1318/1/1743
f 1318/1/1743 1324/1/1743 1325/1/1743
f 1313/1/1744 1325/1/1745 1320/1/1745
f 1320/1/1745 1314/1/1745 1313/1/1744
f 1326/1/1746 1327/1/1747 1328/1/1748
f 1328/1/1748 1329/1/1749 1326/1/1746
f 1330/1/1750 1331/1/1750 1327/1/1750
f 1327/1/1750 1326/1/1750 1330/1/1750
f 1327/1/1751 1332/1/1752 1333/1/1751
f 1333/1/1751 1328/1/1751 1327/1/1751
f 1334/1/1753 1332/1/1754 1327/1/1754
f 1327/1/1754 1331/1/1754 1334/1/1753
f 1329/1/1755 1291/1/1755 546/1/1755
f 546/1/1755 568/1/1755 1329/1/1755
f 1329/1/1756 568/1/1756 567/1/1756
f 567/1/1756 1326/1/1756 1329/1/1756
f 1330/1/1757 1326/1/1757 567/1/1757
f 567/1/1757 565/1/1757 1330/1/1757
f 1335/1/1758 1330/1/1758 565/1/1758
f 565/1/1758 566/1/1758 1335/1/1758
f 1335/1/1759 1336/1/1759 1331/1/1759
f 1331/1/1759 1330/1/1759 1335/1/1759
f 1337/1/1760 1334/1/1760 1331/1/1761
f 1331/1/1761 1336/1/1760 1337/1/1760
f 1334/1/1762 1337/1/1763 1183/1/1763
f 1183/1/1763 1182/1/1762 1334/1/1762
f 1334/1/1764 1182/1/1764 1181/1/1764
f 1181/1/1764 1332/1/1764 1334/1/1764
f 1181/1/1765 1180/1/1765 1333/1/1765
f 1333/1/1765 1332/1/1765 1181/1/1765
f 1163/1/1766 1293/1/1766 1333/1/1766
f 1333/1/1766 1180/1/1766 1163/1/1766
f 1328/1/1767 1333/1/1767 1293/1/1768
f 1293/1/1768 1292/1/1767 1328/1/1767
f 1329/1/1769 1328/1/1769 1292/1/1769
f 1292/1/1769 1291/1/1769 1329/1/1769
f 1338/1/1770 1339/1/1770 1340/1/1770
f 1340/1/1770 1341/1/1770 1338/1/1770
f 1342/1/1771 1343/1/1771 1339/1/1771
f 1339/1/1771 1338/1/1771 1342/1/1771
f 1339/1/1772 1344/1/1772 1345/1/1772
f 1345/1/1772 1340/1/1772 1339/1/1772
f 1343/1/1773 1346/1/1773 1344/1/1773
f 1344/1/1773 1339/1/1773 1343/1/1773
f 1347/1/1774 45/1/1774 43/1/1774
f 43/1/1774 1341/1/1774 1347/1/1774
f 42/1/1775 1338/1/1775 1341/1/1775
f 1341/1/1775 43/1/1775 42/1/1775
f 41/1/1776 1342/1/1777 1338/1/1778
f 1338/1/1778 42/1/1778 41/1/1776
f 1348/1/1779 1342/1/1779 41/1/1779
f 41/1/1779 40/1/1780 1348/1/1779
f 1348/1/1781 1349/1/1781 1343/1/1781
f 1343/1/1781 1342/1/1781 1348/1/1781
f 1350/1/1782 1346/1/1782 1343/1/1782
f 1343/1/1782 1349/1/1782 1350/1/1782
f 1350/1/1783 23/1/1783 22/1/1783
f 22/1/1783 1346/1/1783 1350/1/1783
f 1344/1/1784 1346/1/1784 22/1/1784
f 22/1/1784 21/1/1784 1344/1/1784
f 1345/1/1785 1344/1/1786 21/1/1786
f 21/1/1786 19/1/1786 1345/1/1785
f 19/1/1787 20/1/1788 1351/1/1788
f 1351/1/1788 1345/1/1788 19/1/1787
f 1340/1/1789 1345/1/1789 1351/1/1789
f 1351/1/1789 1352/1/1789 1340/1/1789
f 1352/1/1790 1347/1/1790 1341/1/1791
f 1341/1/1791 1340/1/1790 1352/1/1790
f 1353/1/1792 1354/1/1792 1355/1/1792
f 1355/1/1792 1356/1/1792 1353/1/1792
f 1357/1/1793 1358/1/1794 1354/1/1793
f 1354/1/1793 1353/1/1795 1357/1/1793
f 1354/1/1796 1359/1/1796 1360/1/1796
f 1360/1/1796 1355/1/1796 1354/1/1796
f 1358/1/1797 1361/1/1798 1359/1/1797
f 1359/1/1797 1354/1/1799 1358/1/1797
f 1362/1/1800 161/1/1800 160/1/1800
f 160/1/1800 1356/1/1800 1362/1/1800
f 170/1/1801 1353/1/1801 1356/1/1801
f 1356/1/1801 160/1/1801 170/1/1801
f 170/1/1802 169/1/1802 1357/1/1802
f 1357/1/1802 1353/1/1802 170/1/1802
f 1320/1/1803 1357/1/1804 169/1/1803
f 169/1/1803 141/1/1803 1320/1/1803
f 1358/1/1805 1357/1/1805 1320/1/1805
f 1320/1/1805 1325/1/1805 1358/1/1805
f 1358/1/1806 1325/1/1806 1324/1/1806
f 1324/1/1806 1361/1/1806 1358/1/1806
f 756/1/1807 779/1/1807 1361/1/1808
f 1361/1/1808 1324/1/1807 756/1/1807
f 1361/1/1809 779/1/1810 778/1/1810
f 778/1/1810 1359/1/1810 1361/1/1809
f 1359/1/1811 778/1/1811 777/1/1811
f 777/1/1811 1360/1/1811 1359/1/1811
f 776/1/1812 1363/1/1812 1360/1/1812
f 1360/1/1812 777/1/1812 776/1/1812
f 1364/1/1813 1355/1/1814 1360/1/1814
f 1360/1/1814 1363/1/1814 1364/1/1813
f 1364/1/1815 1362/1/1815 1356/1/1815
f 1356/1/1815 1355/1/1815 1364/1/1815
f 1365/1/1816 1366/1/1817 1367/1/1816
f 1367/1/1816 1368/1/1816 1365/1/1816
f 1369/1/1818 1370/1/1818 1366/1/1818
f 1366/1/1818 1365/1/1819 1369/1/1818
f 1366/1/1820 1371/1/1820 1372/1/1821
f 1372/1/1821 1367/1/1820 1366/1/1820
f 1373/1/1822 1371/1/1822 1366/1/1823
f 1366/1/1823 1370/1/1822 1373/1/1822
f 1335/1/1824 566/1/1824 588/1/1824
f 588/1/1824 1368/1/1824 1335/1/1824
f 1368/1/1825 588/1/1825 587/1/1825
f 587/1/1825 1365/1/1825 1368/1/1825
f 1369/1/1826 1365/1/1826 587/1/1826
f 587/1/1826 585/1/1826 1369/1/1826
f 1374/1/1827 1369/1/1827 585/1/1827
f 585/1/1827 586/1/1827 1374/1/1827
f 1374/1/1828 1375/1/1828 1370/1/1828
f 1370/1/1828 1369/1/1828 1374/1/1828
f 1375/1/1829 1376/1/1830 1373/1/1830
f 1373/1/1830 1370/1/1830 1375/1/1829
f 1373/1/1831 1376/1/1831 1203/1/1831
f 1203/1/1831 1202/1/1831 1373/1/1831
f 1373/1/1832 1202/1/1833 1201/1/1834
f 1201/1/1834 1371/1/1835 1373/1/1832
f 1201/1/1836 1200/1/1836 1372/1/1836
f 1372/1/1836 1371/1/1836 1201/1/1836
f 1200/1/1837 1183/1/1837 1337/1/1837
f 1337/1/1837 1372/1/1837 1200/1/1837
f 1337/1/1838 1336/1/1838 1367/1/1839
f 1367/1/1839 1372/1/1838 1337/1/1838
f 1335/1/1840 1368/1/1840 1367/1/1840
f 1367/1/1840 1336/1/1840 1335/1/1840
f 1377/1/1841 1378/1/1842 1379/1/1842
f 1379/1/1842 1380/1/1842 1377/1/1841
f 1381/1/1843 1382/1/1843 1378/1/1843
f 1378/1/1843 1377/1/1843 1381/1/1843
f 1378/1/1844 1383/1/1844 1384/1/1844
f 1384/1/1844 1379/1/1844 1378/1/1844
f 1382/1/1845 1385/1/1845 1383/1/1845
f 1383/1/1845 1378/1/1845 1382/1/1845
f 1348/1/1846 40/1/1846 68/1/1846
f 68/1/1846 1380/1/1846 1348/1/1846
f 67/1/1847 1377/1/1847 1380/1/1847
f 1380/1/1847 68/1/1847 67/1/1847
f 66/1/1848 1381/1/1849 1377/1/1849
f 1377/1/1849 67/1/1849 66/1/1848
f 66/1/1850 65/1/1851 1386/1/1852
f 1386/1/1852 1381/1/1853 66/1/1850
f 1386/1/1854 1387/1/1854 1382/1/1854
f 1382/1/1854 1381/1/1854 1386/1/1854
f 1388/1/1855 1385/1/1855 1382/1/1855
f 1382/1/1855 1387/1/1855 1388/1/1855
f 1385/1/1856 1388/1/1856 683/1/1856
f 683/1/1856 682/1/1856 1385/1/1856
f 1383/1/1857 1385/1/1858 682/1/1858
f 682/1/1858 681/1/1858 1383/1/1857
f 1384/1/1859 1383/1/1859 681/1/1859
f 681/1/1859 680/1/1860 1384/1/1859
f 680/1/1861 23/1/1861 1350/1/1861
f 1350/1/1861 1384/1/1861 680/1/1861
f 1349/1/1862 1379/1/1862 1384/1/1862
f 1384/1/1862 1350/1/1862 1349/1/1862
f 1380/1/1863 1379/1/1863 1349/1/1863
f 1349/1/1863 1348/1/1863 1380/1/1863
f 1389/1/1864 1390/1/1864 1391/1/1865
f 1391/1/1865 1392/1/1866 1389/1/1864
f 1393/1/1867 1394/1/1867 1390/1/1868
f 1390/1/1868 1389/1/1867 1393/1/1867
f 1390/1/1869 1395/1/1870 1396/1/1871
f 1396/1/1871 1391/1/1869 1390/1/1869
f 1394/1/1872 1397/1/1872 1395/1/1872
f 1395/1/1872 1390/1/1872 1394/1/1872
f 1392/1/1873 1398/1/1873 181/1/1873
f 181/1/1873 180/1/1873 1392/1/1873
f 190/1/1874 1389/1/1874 1392/1/1875
f 1392/1/1875 180/1/1876 190/1/1874
f 190/1/1877 189/1/1877 1393/1/1878
f 1393/1/1878 1389/1/1877 190/1/1877
f 161/1/1879 1362/1/1879 1393/1/1879
f 1393/1/1879 189/1/1879 161/1/1879
f 1362/1/1880 1364/1/1880 1394/1/1880
f 1394/1/1880 1393/1/1880 1362/1/1880
f 1397/1/1881 1394/1/1882 1364/1/1883
f 1364/1/1883 1363/1/1884 1397/1/1881
f 1397/1/1885 1363/1/1886 776/1/1886
f 776/1/1886 799/1/1887 1397/1/1885
f 1397/1/1888 799/1/1888 798/1/1888
f 798/1/1888 1395/1/1888 1397/1/1888
f 1395/1/1889 798/1/1890 797/1/1891
f 797/1/1891 1396/1/1891 1395/1/1889
f 797/1/1892 796/1/1892 1399/1/1892
f 1399/1/1892 1396/1/1892 797/1/1892
f 1391/1/1893 1396/1/1894 1399/1/1894
f 1399/1/1894 1400/1/1894 1391/1/1893
f 1400/1/1895 1398/1/1896 1392/1/1897
f 1392/1/1897 1391/1/1896 1400/1/1895
f 1401/1/1898 1402/1/1899 1403/1/1899
f 1403/1/1899 1404/1/1899 1401/1/1898
f 1405/1/1900 1406/1/1901 1402/1/1902
f 1402/1/1902 1401/1/1903 1405/1/1900
f 1402/1/1904 1407/1/1905 1408/1/1904
f 1408/1/1904 1403/1/1906 1402/1/1904
f 1409/1/1907 1407/1/1907 1402/1/1907
f 1402/1/1907 1406/1/1907 1409/1/1907
f 1374/1/1908 586/1/1909 608/1/1908
f 608/1/1908 1404/1/1908 1374/1/1908
f 1404/1/1910 608/1/1911 607/1/1911
f 607/1/1911 1401/1/1911 1404/1/1910
f 1405/1/1912 1401/1/1912 607/1/1912
f 607/1/1912 605/1/1912 1405/1/1912
f 1410/1/1913 1405/1/1914 605/1/1913
f 605/1/1913 606/1/1915 1410/1/1913
f 1410/1/1916 1411/1/1916 1406/1/1916
f 1406/1/1916 1405/1/1916 1410/1/1916
f 1409/1/1917 1406/1/1917 1411/1/1917
f 1411/1/1917 1412/1/1917 1409/1/1917
f 1409/1/1918 1412/1/1918 1223/1/1918
f 1223/1/1918 1222/1/1918 1409/1/1918
f 1409/1/1919 1222/1/1919 1221/1/1919
f 1221/1/1919 1407/1/1919 1409/1/1919
f 1221/1/1920 1220/1/1921 1408/1/1922
f 1408/1/1922 1407/1/1920 1221/1/1920
f 1203/1/1923 1376/1/1923 1408/1/1924
f 1408/1/1924 1220/1/1925 1203/1/1923
f 1375/1/1926 1403/1/1926 1408/1/1926
f 1408/1/1926 1376/1/1926 1375/1/1926
f 1404/1/1927 1403/1/1927 1375/1/1927
f 1375/1/1927 1374/1/1927 1404/1/1927
f 1413/1/1928 1414/1/1929 1415/1/1928
f 1415/1/1928 1416/1/1930 1413/1/1928
f 1417/1/1931 1418/1/1931 1414/1/1931
f 1414/1/1931 1413/1/1931 1417/1/1931
f 1414/1/1932 1419/1/1933 1420/1/1934
f 1420/1/1934 1415/1/1932 1414/1/1932
f 1418/1/1935 1421/1/1935 1419/1/1935
f 1419/1/1935 1414/1/1935 1418/1/1935
f 1386/1/1936 65/1/1936 88/1/1937
f 88/1/1937 1416/1/1936 1386/1/1936
f 1416/1/1938 88/1/1939 87/1/1939
f 87/1/1939 1413/1/1939 1416/1/1938
f 86/1/1940 1417/1/1941 1413/1/1940
f 1413/1/1940 87/1/1940 86/1/1940
f 86/1/1942 85/1/1942 1422/1/1942
f 1422/1/1942 1417/1/1942 86/1/1942
f 1422/1/1943 1423/1/1943 1418/1/1943
f 1418/1/1943 1417/1/1943 1422/1/1943
f 1421/1/1944 1418/1/1944 1423/1/1944
f 1423/1/1944 1424/1/1944 1421/1/1944
f 1421/1/1945 1424/1/1945 703/1/1945
f 703/1/1945 702/1/1945 1421/1/1945
f 1419/1/1946 1421/1/1947 702/1/1948
f 702/1/1948 701/1/1947 1419/1/1946
f 701/1/1949 700/1/1949 1420/1/1950
f 1420/1/1950 1419/1/1949 701/1/1949
f 700/1/1951 683/1/1952 1388/1/1953
f 1388/1/1953 1420/1/1954 700/1/1951
f 1387/1/1955 1415/1/1955 1420/1/1955
f 1420/1/1955 1388/1/1955 1387/1/1955
f 1415/1/1956 1387/1/1956 1386/1/1956
f 1386/1/1956 1416/1/1956 1415/1/1956
f 1425/1/1957 1426/1/1957 1427/1/1957
f 1427/1/1957 1428/1/1957 1425/1/1957
f 1429/1/1958 1430/1/1958 1426/1/1958
f 1426/1/1958 1425/1/1958 1429/1/1958
f 1426/1/1959 1431/1/1959 1432/1/1959
f 1432/1/1959 1427/1/1959 1426/1/1959
f 1430/1/1960 1433/1/1960 1431/1/1960
f 1431/1/1960 1426/1/1960 1430/1/1960
f 201/1/1961 200/1/1962 1428/1/1961
f 1428/1/1961 1434/1/1963 201/1/1961
f 210/1/1964 1425/1/1964 1428/1/1965
f 1428/1/1965 200/1/1964 210/1/1964
f 210/1/1966 209/1/1967 1429/1/1967
f 1429/1/1967 1425/1/1966 210/1/1966
f 1429/1/1968 209/1/1969 181/1/1969
f 181/1/1969 1398/1/1969 1429/1/1968
f 1430/1/1970 1429/1/1971 1398/1/1972
f 1398/1/1972 1400/1/1971 1430/1/1970
f 1399/1/1973 1433/1/1973 1430/1/1974
f 1430/1/1974 1400/1/1973 1399/1/1973
f 819/1/1975 1433/1/1976 1399/1/1976
f 1399/1/1976 796/1/1975 819/1/1975
f 1433/1/1977 819/1/1978 818/1/1977
f 818/1/1977 1431/1/1977 1433/1/1977
f 1431/1/1979 818/1/1979 817/1/1979
f 817/1/1979 1432/1/1979 1431/1/1979
f 817/1/1980 816/1/1980 1435/1/1980
f 1435/1/1980 1432/1/1980 817/1/1980
f 1427/1/1981 1432/1/1982 1435/1/1981
f 1435/1/1981 1436/1/1983 1427/1/1981
f 1436/1/1984 1434/1/1984 1428/1/1984
f 1428/1/1984 1427/1/1984 1436/1/1984
f 1437/1/1985 1438/1/1986 1439/1/1985
f 1439/1/1985 1440/1/1987 1437/1/1985
f 1441/1/1988 1442/1/1988 1438/1/1989
f 1438/1/1989 1437/1/1990 1441/1/1988
f 1438/1/1991 1443/1/1991 1444/1/1991
f 1444/1/1991 1439/1/1991 1438/1/1991
f 1445/1/1992 1443/1/1993 1438/1/1994
f 1438/1/1994 1442/1/1995 1445/1/1992
f 1410/1/1996 606/1/1997 628/1/1996
f 628/1/1996 1440/1/1998 1410/1/1996
f 1440/1/1999 628/1/1999 627/1/1999
f 627/1/1999 1437/1/1999 1440/1/1999
f 1441/1/2000 1437/1/2001 627/1/2002
f 627/1/2002 625/1/2002 1441/1/2000
f 1446/1/2003 1441/1/2003 625/1/2003
f 625/1/2003 626/1/2003 1446/1/2003
f 1446/1/2004 1447/1/2004 1442/1/2004
f 1442/1/2004 1441/1/2004 1446/1/2004
f 1445/1/2005 1442/1/2006 1447/1/2006
f 1447/1/2006 1448/1/2006 1445/1/2005
f 1445/1/2007 1448/1/2007 1243/1/2007
f 1243/1/2007 1242/1/2008 1445/1/2007
f 1445/1/2009 1242/1/2010 1241/1/2009
f 1241/1/2009 1443/1/2009 1445/1/2009
f 1241/1/2011 1240/1/2012 1444/1/2013
f 1444/1/2013 1443/1/2014 1241/1/2011
f 1240/1/2015 1223/1/2015 1412/1/2015
f 1412/1/2015 1444/1/2015 1240/1/2015
f 1439/1/2016 1444/1/2016 1412/1/2016
f 1412/1/2016 1411/1/2016 1439/1/2016
f 1440/1/2017 1439/1/2018 1411/1/2018
f 1411/1/2018 1410/1/2017 1440/1/2017
f 1449/1/2019 1450/1/2019 1451/1/2020
f 1451/1/2020 1452/1/2019 1449/1/2019
f 1453/1/2021 1454/1/2022 1450/1/2021
f 1450/1/2021 1449/1/2023 1453/1/2021
f 1450/1/2024 1455/1/2024 1456/1/2024
f 1456/1/2024 1451/1/2024 1450/1/2024
f 1454/1/2025 1457/1/2025 1455/1/2025
f 1455/1/2025 1450/1/2025 1454/1/2025
f 1452/1/2026 1422/1/2026 85/1/2026
f 85/1/2026 108/1/2026 1452/1/2026
f 107/1/2027 1449/1/2028 1452/1/2027
f 1452/1/2027 108/1/2027 107/1/2027
f 105/1/2029 1453/1/2029 1449/1/2029
f 1449/1/2029 107/1/2029 105/1/2029
f 1458/1/2030 1453/1/2030 105/1/2030
f 105/1/2030 106/1/2030 1458/1/2030
f 1458/1/2031 1459/1/2032 1454/1/2033
f 1454/1/2033 1453/1/2032 1458/1/2031
f 1457/1/2034 1454/1/2035 1459/1/2036
f 1459/1/2036 1460/1/2034 1457/1/2034
f 1457/1/2037 1460/1/2037 723/1/2038
f 723/1/2038 722/1/2038 1457/1/2037
f 1455/1/2039 1457/1/2039 722/1/2040
f 722/1/2040 721/1/2039 1455/1/2039
f 1456/1/2041 1455/1/2041 721/1/2041
f 721/1/2041 720/1/2041 1456/1/2041
f 720/1/2042 703/1/2042 1424/1/2042
f 1424/1/2042 1456/1/2042 720/1/2042
f 1423/1/2043 1451/1/2043 1456/1/2043
f 1456/1/2043 1424/1/2043 1423/1/2043
f 1452/1/2044 1451/1/2044 1423/1/2044
f 1423/1/2044 1422/1/2044 1452/1/2044
f 1461/1/2045 1462/1/1664 1463/1/1664
f 1463/1/1664 1464/1/1664 1461/1/2045
f 1465/1/1663 1466/1/1663 1462/1/1663
f 1462/1/1663 1461/1/2046 1465/1/1663
f 1462/1/1669 1467/1/1669 1468/1/1669
f 1468/1/1669 1463/1/1669 1462/1/1669
f 1466/1/1666 1469/1/1665 1467/1/1666
f 1467/1/1666 1462/1/1666 1466/1/1666
f 1464/1/2047 1470/1/1676 221/1/1676
f 221/1/1676 220/1/1676 1464/1/2047
f 230/1/1675 1461/1/1675 1464/1/2048
f 1464/1/2048 220/1/2048 230/1/1675
f 230/1/1674 229/1/1674 1465/1/1674
f 1465/1/1674 1461/1/1674 230/1/1674
f 1434/1/1672 1465/1/1672 229/1/1672
f 229/1/1672 201/1/2049 1434/1/1672
f 1466/1/1689 1465/1/1689 1434/1/1689
f 1434/1/1689 1436/1/1689 1466/1/1689
f 1435/1/1688 1469/1/1688 1466/1/1688
f 1466/1/1688 1436/1/1688 1435/1/1688
f 839/1/1687 1469/1/1687 1435/1/1687
f 1435/1/1687 816/1/1687 839/1/1687
f 1469/1/1686 839/1/1686 838/1/1686
f 838/1/1686 1467/1/1686 1469/1/1686
f 1467/1/2050 838/1/1684 837/1/1684
f 837/1/1684 1468/1/1684 1467/1/2050
f 837/1/2051 836/1/1682 1471/1/2051
f 1471/1/2051 1468/1/2051 837/1/2051
f 1463/1/1678 1468/1/2052 1471/1/1678
f 1471/1/1678 1472/1/2053 1463/1/1678
f 1472/1/2054 1470/1/1677 1464/1/1677
f 1464/1/1677 1463/1/1677 1472/1/2054
f 1473/1/2055 1474/1/2055 1475/1/2055
f 1475/1/2055 1476/1/2055 1473/1/2055
f 1477/1/2056 1478/1/2056 1474/1/2056
f 1474/1/2056 1473/1/2056 1477/1/2056
f 1474/1/2057 1479/1/2057 1480/1/2057
f 1480/1/2057 1475/1/2057 1474/1/2057
f 1481/1/2058 1479/1/2058 1474/1/2058
f 1474/1/2058 1478/1/2058 1481/1/2058
f 1446/1/2059 626/1/2059 648/1/2059
f 648/1/2059 1476/1/2059 1446/1/2059
f 1476/1/2060 648/1/2060 647/1/2060
f 647/1/2060 1473/1/2060 1476/1/2060
f 1477/1/2061 1473/1/2061 647/1/2061
f 647/1/2061 645/1/2061 1477/1/2061
f 1482/1/2062 1477/1/2062 645/1/2062
f 645/1/2062 646/1/2062 1482/1/2062
f 1482/1/2063 1483/1/2063 1478/1/2063
f 1478/1/2063 1477/1/2063 1482/1/2063
f 1481/1/2064 1478/1/2064 1483/1/2064
f 1483/1/2064 1484/1/2064 1481/1/2064
f 1481/1/2065 1484/1/2066 1263/1/2065
f 1263/1/2065 1262/1/2067 1481/1/2065
f 1481/1/2068 1262/1/2068 1261/1/2068
f 1261/1/2068 1479/1/2068 1481/1/2068
f 1261/1/2069 1260/1/2069 1480/1/2069
f 1480/1/2069 1479/1/2069 1261/1/2069
f 1260/1/2070 1243/1/2070 1448/1/2071
f 1448/1/2071 1480/1/2070 1260/1/2070
f 1475/1/2072 1480/1/2072 1448/1/2072
f 1448/1/2072 1447/1/2072 1475/1/2072
f 1476/1/2073 1475/1/2073 1447/1/2073
f 1447/1/2073 1446/1/2073 1476/1/2073
f 1485/1/2074 1486/1/2075 1487/1/2076
f 1487/1/2076 1488/1/2077 1485/1/2074
f 1489/1/2078 1490/1/2079 1486/1/2078
f 1486/1/2078 1485/1/2080 1489/1/2078
f 1486/1/2081 1491/1/2081 1492/1/2081
f 1492/1/2081 1487/1/2081 1486/1/2081
f 1490/1/2082 1493/1/2082 1491/1/2082
f 1491/1/2082 1486/1/2082 1490/1/2082
f 1458/1/2083 106/1/2083 128/1/2083
f 128/1/2083 1488/1/2083 1458/1/2083
f 127/1/2084 1485/1/2085 1488/1/2085
f 1488/1/2085 128/1/2086 127/1/2084
f 126/1/2087 1489/1/2087 1485/1/2087
f 1485/1/2087 127/1/2087 126/1/2087
f 1494/1/2088 1489/1/2089 126/1/2088
f 126/1/2088 125/1/2088 1494/1/2088
f 1494/1/2090 1495/1/2091 1490/1/2090
f 1490/1/2090 1489/1/2092 1494/1/2090
f 1493/1/2093 1490/1/2093 1495/1/2094
f 1495/1/2094 1496/1/2093 1493/1/2093
f 1493/1/2095 1496/1/2096 743/1/2096
f 743/1/2096 742/1/2095 1493/1/2095
f 1491/1/2097 1493/1/2098 742/1/2098
f 742/1/2098 741/1/2098 1491/1/2097
f 1492/1/2099 1491/1/2100 741/1/2099
f 741/1/2099 740/1/2101 1492/1/2099
f 740/1/2102 723/1/2102 1460/1/2102
f 1460/1/2102 1492/1/2102 740/1/2102
f 1459/1/2103 1487/1/2103 1492/1/2104
f 1492/1/2104 1460/1/2105 1459/1/2103
f 1488/1/2106 1487/1/2107 1459/1/2106
f 1459/1/2106 1458/1/2108 1488/1/2106
f 1497/1/2109 1498/1/1750 1499/1/2110
f 1499/1/2110 1500/1/1750 1497/1/2109
f 1501/1/2111 1502/1/2112 1498/1/2112
f 1498/1/2112 1497/1/2112 1501/1/2111
f 1498/1/2113 1503/1/2114 1504/1/2113
f 1504/1/2113 1499/1/2113 1498/1/2113
f 1502/1/1752 1505/1/1752 1503/1/1751
f 1503/1/1751 1498/1/1751 1502/1/1752
f 1500/1/1758 1506/1/1758 241/1/1758
f 241/1/1758 240/1/1758 1500/1/1758
f 250/1/2115 1497/1/2115 1500/1/1757
f 1500/1/1757 240/1/1757 250/1/2115
f 250/1/1756 249/1/1756 1501/1/1756
f 1501/1/1756 1497/1/1756 250/1/1756
f 1470/1/1755 1501/1/1755 249/1/1755
f 249/1/1755 221/1/1755 1470/1/1755
f 1502/1/2116 1501/1/1769 1470/1/1769
f 1470/1/1769 1472/1/1769 1502/1/2116
f 1471/1/1767 1505/1/1767 1502/1/1767
f 1502/1/1767 1472/1/1767 1471/1/1767
f 859/1/2117 1505/1/2118 1471/1/2117
f 1471/1/2117 836/1/2119 859/1/2117
f 1505/1/1765 859/1/2120 858/1/2121
f 858/1/2121 1503/1/1765 1505/1/1765
f 1503/1/1764 858/1/1764 857/1/1764
f 857/1/1764 1504/1/1764 1503/1/1764
f 857/1/1763 856/1/1763 1507/1/2122
f 1507/1/2122 1504/1/1763 857/1/1763
f 1499/1/1760 1504/1/1760 1507/1/1760
f 1507/1/1760 1508/1/1760 1499/1/1760
f 1508/1/1759 1506/1/1759 1500/1/1759
f 1500/1/1759 1499/1/1759 1508/1/1759
f 1509/1/2123 1510/1/2123 1511/1/2124
f 1511/1/2124 1512/1/2123 1509/1/2123
f 1513/1/2125 1514/1/2125 1510/1/2125
f 1510/1/2125 1509/1/2125 1513/1/2125
f 1510/1/2126 1515/1/2126 1516/1/2126
f 1516/1/2126 1511/1/2126 1510/1/2126
f 1517/1/2127 1515/1/2128 1510/1/2128
f 1510/1/2128 1514/1/2128 1517/1/2127
f 1482/1/2129 646/1/2129 663/1/2129
f 663/1/2129 1512/1/2129 1482/1/2129
f 1512/1/2130 663/1/2130 662/1/2131
f 662/1/2131 1509/1/2130 1512/1/2130
f 1513/1/2132 1509/1/2132 662/1/2133
f 662/1/2133 661/1/2133 1513/1/2132
f 1347/1/2134 1513/1/2135 661/1/2136
f 661/1/2136 45/1/2134 1347/1/2134
f 1352/1/2137 1514/1/2137 1513/1/2138
f 1513/1/2138 1347/1/2137 1352/1/2137
f 1351/1/2139 1517/1/2140 1514/1/2140
f 1514/1/2140 1352/1/2140 1351/1/2139
f 1517/1/2141 1351/1/2141 20/1/2141
f 20/1/2141 1280/1/2141 1517/1/2141
f 1517/1/2142 1280/1/2142 1279/1/2143
f 1279/1/2143 1515/1/2142 1517/1/2142
f 1279/1/2144 1278/1/2144 1516/1/2144
f 1516/1/2144 1515/1/2144 1279/1/2144
f 1278/1/2145 1263/1/2146 1484/1/2147
f 1484/1/2147 1516/1/2147 1278/1/2145
f 1511/1/2148 1516/1/2148 1484/1/2148
f 1484/1/2148 1483/1/2148 1511/1/2148
f 1512/1/2149 1511/1/2150 1483/1/2150
f 1483/1/2150 1482/1/2150 1512/1/2149
f 1518/1/2151 1519/1/2152 1520/1/2151
f 1520/1/2151 1521/1/2153 1518/1/2151
f 1522/1/2154 1523/1/2155 1519/1/2155
f 1519/1/2155 1518/1/2155 1522/1/2154
f 1519/1/2156 1524/1/2157 1525/1/2156
f 1525/1/2156 1520/1/2156 1519/1/2156
f 1523/1/2158 1526/1/2159 1524/1/2158
f 1524/1/2158 1519/1/2158 1523/1/2158
f 1494/1/2160 125/1/2161 148/1/2161
f 148/1/2161 1521/1/2162 1494/1/2160
f 147/1/2163 1518/1/2164 1521/1/2164
f 1521/1/2164 148/1/2164 147/1/2163
f 146/1/2165 1522/1/2165 1518/1/2166
f 1518/1/2166 147/1/2167 146/1/2165
f 146/1/2168 145/1/2169 1527/1/2170
f 1527/1/2170 1522/1/2171 146/1/2168
f 1527/1/2172 1528/1/2173 1523/1/2174
f 1523/1/2174 1522/1/2173 1527/1/2172
f 1523/1/2175 1528/1/2176 1529/1/2176
f 1529/1/2176 1526/1/2176 1523/1/2175
f 763/1/2177 762/1/2177 1526/1/2177
f 1526/1/2177 1529/1/2177 763/1/2177
f 1524/1/2178 1526/1/2178 762/1/2178
f 762/1/2178 761/1/2178 1524/1/2178
f 1525/1/2179 1524/1/2180 761/1/2180
f 761/1/2180 760/1/2181 1525/1/2179
f 760/1/2182 743/1/2183 1496/1/2182
f 1496/1/2182 1525/1/2184 760/1/2182
f 1495/1/2185 1520/1/2185 1525/1/2185
f 1525/1/2185 1496/1/2185 1495/1/2185
f 1521/1/2186 1520/1/2186 1495/1/2186
f 1495/1/2186 1494/1/2186 1521/1/2186
f 1530/1/1819 1531/1/1818 1532/1/2187
f 1532/1/2187 1533/1/2188 1530/1/1819
f 1534/1/1817 1535/1/1817 1531/1/1817
f 1531/1/1817 1530/1/1817 1534/1/1817
f 1531/1/2189 1536/1/1822 1537/1/2190
f 1537/1/2190 1532/1/1822 1531/1/2189
f 1535/1/1820 1538/1/1820 1536/1/1820
f 1536/1/1820 1531/1/1820 1535/1/1820
f 1533/1/2191 1539/1/2191 261/1/1827
f 261/1/1827 260/1/1827 1533/1/2191
f 270/1/1826 1530/1/1826 1533/1/1826
f 1533/1/1826 260/1/1826 270/1/1826
f 270/1/1825 269/1/1825 1534/1/1825
f 1534/1/1825 1530/1/1825 270/1/1825
f 1506/1/1824 1534/1/1824 269/1/1824
f 269/1/1824 241/1/1824 1506/1/1824
f 1535/1/2192 1534/1/1840 1506/1/2193
f 1506/1/2193 1508/1/1840 1535/1/2192
f 1507/1/1838 1538/1/1838 1535/1/1838
f 1535/1/1838 1508/1/1838 1507/1/1838
f 879/1/1837 1538/1/1837 1507/1/1837
f 1507/1/1837 856/1/1837 879/1/1837
f 1538/1/1836 879/1/1836 878/1/1836
f 878/1/1836 1536/1/1836 1538/1/1836
f 1536/1/1835 878/1/1835 877/1/1835
f 877/1/1835 1537/1/1835 1536/1/1835
f 1537/1/1831 877/1/1831 876/1/1831
f 876/1/1831 1540/1/1831 1537/1/1831
f 1537/1/1830 1540/1/1830 1541/1/1830
f 1541/1/1830 1532/1/1830 1537/1/1830
f 1532/1/2194 1541/1/1828 1539/1/2195
f 1539/1/2195 1533/1/2196 1532/1/2194
f 1542/1/2197 1543/1/2197 1544/1/2197
f 1544/1/2197 1545/1/2198 1542/1/2197
f 1546/1/2199 1547/1/2199 1543/1/2200
f 1543/1/2200 1542/1/2201 1546/1/2199
f 1543/1/2202 1548/1/2203 1549/1/2202
f 1549/1/2202 1544/1/2204 1543/1/2202
f 1550/1/2205 1548/1/2205 1543/1/2205
f 1543/1/2205 1547/1/2205 1550/1/2205
f 1527/1/2206 145/1/2206 168/1/2206
f 168/1/2206 1545/1/2206 1527/1/2206
f 1545/1/2207 168/1/2207 167/1/2207
f 167/1/2207 1542/1/2207 1545/1/2207
f 1546/1/2208 1542/1/2208 167/1/2208
f 167/1/2208 166/1/2208 1546/1/2208
f 1551/1/2209 1546/1/2209 166/1/2209
f 166/1/2209 165/1/2209 1551/1/2209
f 1551/1/2210 1552/1/2210 1547/1/2210
f 1547/1/2210 1546/1/2210 1551/1/2210
f 1550/1/2211 1547/1/2212 1552/1/2212
f 1552/1/2212 1553/1/2211 1550/1/2211
f 783/1/2213 782/1/2213 1550/1/2213
f 1550/1/2213 1553/1/2213 783/1/2213
f 1550/1/2214 782/1/2214 781/1/2214
f 781/1/2214 1548/1/2214 1550/1/2214
f 781/1/2215 780/1/2216 1549/1/2215
f 1549/1/2215 1548/1/2215 781/1/2215
f 780/1/2217 763/1/2217 1529/1/2217
f 1529/1/2217 1549/1/2217 780/1/2217
f 1544/1/2218 1549/1/2218 1529/1/2218
f 1529/1/2218 1528/1/2218 1544/1/2218
f 1545/1/2219 1544/1/2220 1528/1/2220
f 1528/1/2220 1527/1/2220 1545/1/2219
f 1554/1/2221 1555/1/2221 1556/1/2221
f 1556/1/2221 1557/1/2221 1554/1/2221
f 1558/1/1899 1559/1/1899 1555/1/1899
f 1555/1/1899 1554/1/1899 1558/1/1899
f 1555/1/1907 1560/1/1907 1561/1/1907
f 1561/1/1907 1556/1/1907 1555/1/1907
f 1559/1/1906 1562/1/1906 1560/1/1906
f 1560/1/1906 1555/1/1906 1559/1/1906
f 1557/1/2222 1563/1/2222 281/1/2222
f 281/1/2222 280/1/2222 1557/1/2222
f 290/1/2223 1554/1/1912 1557/1/1912
f 1557/1/1912 280/1/2224 290/1/2223
f 290/1/2225 289/1/1911 1558/1/2225
f 1558/1/2225 1554/1/2226 290/1/2225
f 289/1/2227 261/1/1909 1539/1/2228
f 1539/1/2228 1558/1/1908 289/1/2227
f 1559/1/1927 1558/1/1927 1539/1/1927
f 1539/1/1927 1541/1/1927 1559/1/1927
f 1540/1/1926 1562/1/1926 1559/1/2229
f 1559/1/2229 1541/1/1926 1540/1/1926
f 1540/1/1923 876/1/1923 899/1/1923
f 899/1/1923 1562/1/1923 1540/1/1923
f 1562/1/1920 899/1/1920 898/1/1920
f 898/1/1920 1560/1/1920 1562/1/1920
f 1560/1/1919 898/1/1919 897/1/2230
f 897/1/2230 1561/1/1919 1560/1/1919
f 1561/1/2231 897/1/2231 896/1/2231
f 896/1/2231 1564/1/1918 1561/1/2231
f 1565/1/1917 1556/1/1917 1561/1/1917
f 1561/1/1917 1564/1/1917 1565/1/1917
f 1556/1/1916 1565/1/1916 1563/1/1916
f 1563/1/1916 1557/1/2232 1556/1/1916
f 1566/1/2233 1567/1/2233 1568/1/2233
f 1568/1/2233 1569/1/2233 1566/1/2233
f 1570/1/2234 1571/1/2235 1567/1/2234
f 1567/1/2234 1566/1/2236 1570/1/2234
f 1567/1/2237 1572/1/2237 1573/1/2237
f 1573/1/2237 1568/1/2237 1567/1/2237
f 1574/1/2238 1572/1/2239 1567/1/2239
f 1567/1/2239 1571/1/2239 1574/1/2238
f 1551/1/2240 165/1/2241 188/1/2242
f 188/1/2242 1569/1/2240 1551/1/2240
f 1569/1/2243 188/1/2244 187/1/2243
f 187/1/2243 1566/1/2245 1569/1/2243
f 1570/1/2246 1566/1/2247 187/1/2247
f 187/1/2247 185/1/2246 1570/1/2246
f 1570/1/2248 185/1/2248 186/1/2248
f 186/1/2248 1575/1/2248 1570/1/2248
f 1575/1/2249 1576/1/2249 1571/1/2249
f 1571/1/2249 1570/1/2249 1575/1/2249
f 1574/1/2250 1571/1/2251 1576/1/2252
f 1576/1/2252 1577/1/2252 1574/1/2250
f 803/1/2253 802/1/2253 1574/1/2254
f 1574/1/2254 1577/1/2255 803/1/2253
f 1574/1/2256 802/1/2256 801/1/2257
f 801/1/2257 1572/1/2258 1574/1/2256
f 801/1/2259 800/1/2259 1573/1/2259
f 1573/1/2259 1572/1/2259 801/1/2259
f 800/1/2260 783/1/2260 1553/1/2260
f 1553/1/2260 1573/1/2260 800/1/2260
f 1552/1/2261 1568/1/2262 1573/1/2261
f 1573/1/2261 1553/1/2262 1552/1/2261
f 1568/1/2263 1552/1/2264 1551/1/2264
f 1551/1/2264 1569/1/2264 1568/1/2263
f 1578/1/2265 1579/1/2265 1580/1/2265
f 1580/1/2265 1581/1/2265 1578/1/2265
f 1582/1/1987 1583/1/1987 1579/1/1987
f 1579/1/1987 1578/1/1987 1582/1/1987
f 1579/1/2266 1584/1/2266 1585/1/2266
f 1585/1/2266 1580/1/2266 1579/1/2266
f 1583/1/1991 1586/1/1991 1584/1/1991
f 1584/1/1991 1579/1/1991 1583/1/1991
f 1581/1/2267 1587/1/2003 301/1/2003
f 301/1/2003 300/1/2267 1581/1/2267
f 310/1/2001 1578/1/2001 1581/1/2001
f 1581/1/2001 300/1/2001 310/1/2001
f 310/1/1999 309/1/1999 1582/1/1999
f 1582/1/1999 1578/1/1999 310/1/1999
f 309/1/1998 281/1/1998 1563/1/1998
f 1563/1/1998 1582/1/1998 309/1/1998
f 1583/1/2018 1582/1/2018 1563/1/2018
f 1563/1/2018 1565/1/2018 1583/1/2018
f 1564/1/2016 1586/1/2016 1583/1/2016
f 1583/1/2016 1565/1/2016 1564/1/2016
f 1564/1/2015 896/1/2015 919/1/2268
f 919/1/2268 1586/1/2015 1564/1/2015
f 1586/1/2269 919/1/2270 918/1/2014
f 918/1/2014 1584/1/2014 1586/1/2269
f 1584/1/2009 918/1/2009 917/1/2009
f 917/1/2009 1585/1/2009 1584/1/2009
f 1585/1/2008 917/1/2271 916/1/2007
f 916/1/2007 1588/1/2007 1585/1/2008
f 1589/1/2006 1580/1/2006 1585/1/2006
f 1585/1/2006 1588/1/2006 1589/1/2006
f 1580/1/2272 1589/1/2004 1587/1/2272
f 1587/1/2272 1581/1/2273 1580/1/2272
f 1590/1/2274 1591/1/2275 1592/1/2274
f 1592/1/2274 1593/1/2274 1590/1/2274
f 1594/1/2276 1595/1/2276 1591/1/2276
f 1591/1/2276 1590/1/2276 1594/1/2276
f 1591/1/2277 1596/1/2277 1597/1/2277
f 1597/1/2277 1592/1/2277 1591/1/2277
f 1598/1/2278 1596/1/2279 1591/1/2279
f 1591/1/2279 1595/1/2279 1598/1/2278
f 1575/1/2280 186/1/2281 208/1/2280
f 208/1/2280 1593/1/2280 1575/1/2280
f 1593/1/2282 208/1/2283 207/1/2283
f 207/1/2283 1590/1/2282 1593/1/2282
f 1594/1/2284 1590/1/2284 207/1/2285
f 207/1/2285 205/1/2284 1594/1/2284
f 1594/1/2286 205/1/2286 206/1/2286
f 206/1/2286 1599/1/2286 1594/1/2286
f 1599/1/2287 1600/1/2287 1595/1/2288
f 1595/1/2288 1594/1/2288 1599/1/2287
f 1598/1/2289 1595/1/2289 1600/1/2290
f 1600/1/2290 1601/1/2289 1598/1/2289
f 823/1/2291 822/1/2291 1598/1/2291
f 1598/1/2291 1601/1/2291 823/1/2291
f 1598/1/2292 822/1/2292 821/1/2292
f 821/1/2292 1596/1/2292 1598/1/2292
f 821/1/2293 820/1/2294 1597/1/2295
f 1597/1/2295 1596/1/2293 821/1/2293
f 820/1/2296 803/1/2296 1577/1/2296
f 1577/1/2296 1597/1/2297 820/1/2296
f 1576/1/2298 1592/1/2298 1597/1/2299
f 1597/1/2299 1577/1/2298 1576/1/2298
f 1575/1/2300 1593/1/2300 1592/1/2300
f 1592/1/2300 1576/1/2300 1575/1/2300
f 1602/1/2056 1603/1/2056 1604/1/2056
f 1604/1/2056 1605/1/2056 1602/1/2056
f 1606/1/2055 1607/1/2301 1603/1/2055
f 1603/1/2055 1602/1/2055 1606/1/2055
f 1603/1/2302 1608/1/2058 1609/1/2058
f 1609/1/2058 1604/1/2058 1603/1/2302
f 1607/1/2303 1610/1/2304 1608/1/2305
f 1608/1/2305 1603/1/2057 1607/1/2303
f 1605/1/2062 1611/1/2062 321/1/2062
f 321/1/2062 320/1/2306 1605/1/2062
f 330/1/2061 1602/1/2061 1605/1/2307
f 1605/1/2307 320/1/2061 330/1/2061
f 330/1/2308 329/1/2060 1606/1/2060
f 1606/1/2060 1602/1/2060 330/1/2308
f 329/1/2059 301/1/2059 1587/1/2059
f 1587/1/2059 1606/1/2059 329/1/2059
f 1607/1/2309 1606/1/2310 1587/1/2309
f 1587/1/2309 1589/1/2073 1607/1/2309
f 1588/1/2072 1610/1/2072 1607/1/2072
f 1607/1/2072 1589/1/2072 1588/1/2072
f 1588/1/2070 916/1/2071 939/1/2311
f 939/1/2311 1610/1/2312 1588/1/2070
f 1610/1/2069 939/1/2069 938/1/2069
f 938/1/2069 1608/1/2069 1610/1/2069
f 1608/1/2313 938/1/2068 937/1/2068
f 937/1/2068 1609/1/2314 1608/1/2313
f 1609/1/2065 937/1/2315 936/1/2065
f 936/1/2065 1612/1/2065 1609/1/2065
f 1609/1/2064 1612/1/2064 1613/1/2064
f 1613/1/2064 1604/1/2064 1609/1/2064
f 1604/1/2063 1613/1/2063 1611/1/2063
f 1611/1/2063 1605/1/2063 1604/1/2063
f 1614/1/2316 1615/1/2316 1616/1/2316
f 1616/1/2316 1617/1/2316 1614/1/2316
f 1618/1/2317 1619/1/2318 1615/1/2317
f 1615/1/2317 1614/1/2319 1618/1/2317
f 1615/1/2320 1620/1/2320 1621/1/2320
f 1621/1/2320 1616/1/2320 1615/1/2320
f 1622/1/2321 1620/1/2322 1615/1/2321
f 1615/1/2321 1619/1/2321 1622/1/2321
f 1599/1/2323 206/1/2323 228/1/2323
f 228/1/2323 1617/1/2323 1599/1/2323
f 1617/1/2324 228/1/2325 227/1/2325
f 227/1/2325 1614/1/2325 1617/1/2324
f 1618/1/2326 1614/1/2326 227/1/2326
f 227/1/2326 225/1/2326 1618/1/2326
f 1618/1/2327 225/1/2327 226/1/2327
f 226/1/2327 1623/1/2327 1618/1/2327
f 1623/1/2328 1624/1/2328 1619/1/2328
f 1619/1/2328 1618/1/2328 1623/1/2328
f 1622/1/2329 1619/1/2329 1624/1/2329
f 1624/1/2329 1625/1/2329 1622/1/2329
f 843/1/2330 842/1/2330 1622/1/2330
f 1622/1/2330 1625/1/2330 843/1/2330
f 1622/1/2331 842/1/2332 841/1/2331
f 841/1/2331 1620/1/2331 1622/1/2331
f 841/1/2333 840/1/2333 1621/1/2333
f 1621/1/2333 1620/1/2333 841/1/2333
f 840/1/2334 823/1/2334 1601/1/2334
f 1601/1/2334 1621/1/2334 840/1/2334
f 1600/1/2335 1616/1/2335 1621/1/2335
f 1621/1/2335 1601/1/2335 1600/1/2335
f 1616/1/2336 1600/1/2336 1599/1/2336
f 1599/1/2336 1617/1/2336 1616/1/2336
f 1626/1/2125 1627/1/2125 1628/1/2125
f 1628/1/2125 1629/1/2125 1626/1/2125
f 1630/1/2124 1631/1/2124 1627/1/2124
f 1627/1/2124 1626/1/2124 1630/1/2124
f 1627/1/2128 1632/1/2128 1633/1/2128
f 1633/1/2128 1628/1/2128 1627/1/2128
f 1631/1/2126 1634/1/2337 1632/1/2126
f 1632/1/2126 1627/1/2126 1631/1/2126
f 1629/1/2134 1635/1/2134 341/1/2134
f 341/1/2134 340/1/2134 1629/1/2134
f 350/1/2338 1626/1/2132 1629/1/2338
f 1629/1/2338 340/1/2338 350/1/2338
f 350/1/2130 349/1/2130 1630/1/2130
f 1630/1/2130 1626/1/2130 350/1/2130
f 349/1/2129 321/1/2129 1611/1/2129
f 1611/1/2129 1630/1/2129 349/1/2129
f 1631/1/2150 1630/1/2150 1611/1/2150
f 1611/1/2150 1613/1/2150 1631/1/2150
f 1612/1/2148 1634/1/2148 1631/1/2148
f 1631/1/2148 1613/1/2339 1612/1/2148
f 1612/1/2147 936/1/2147 959/1/2147
f 959/1/2147 1634/1/2147 1612/1/2147
f 1634/1/2340 959/1/2341 958/1/2340
f 958/1/2340 1632/1/2340 1634/1/2340
f 1632/1/2142 958/1/2142 957/1/2142
f 957/1/2142 1633/1/2142 1632/1/2142
f 1633/1/2141 957/1/2141 956/1/2342
f 956/1/2342 1636/1/2141 1633/1/2141
f 1637/1/2140 1628/1/2140 1633/1/2140
f 1633/1/2140 1636/1/2140 1637/1/2140
f 1628/1/2137 1637/1/2137 1635/1/2137
f 1635/1/2137 1629/1/2137 1628/1/2137
f 1638/1/2343 1639/1/2344 1640/1/2345
f 1640/1/2345 1641/1/2345 1638/1/2343
f 1642/1/2346 1643/1/2347 1639/1/2346
f 1639/1/2346 1638/1/2346 1642/1/2346
f 1639/1/2348 1644/1/2348 1645/1/2348
f 1645/1/2348 1640/1/2349 1639/1/2348
f 1646/1/2350 1644/1/2351 1639/1/2352
f 1639/1/2352 1643/1/2350 1646/1/2350
f 1623/1/2353 226/1/2353 248/1/2354
f 248/1/2354 1641/1/2355 1623/1/2353
f 1641/1/2356 248/1/2357 247/1/2357
f 247/1/2357 1638/1/2356 1641/1/2356
f 1642/1/2358 1638/1/2358 247/1/2358
f 247/1/2358 245/1/2358 1642/1/2358
f 1642/1/2359 245/1/2360 246/1/2360
f 246/1/2360 1647/1/2360 1642/1/2359
f 1647/1/2361 1648/1/2361 1643/1/2362
f 1643/1/2362 1642/1/2363 1647/1/2361
f 1646/1/2364 1643/1/2365 1648/1/2365
f 1648/1/2365 1649/1/2365 1646/1/2364
f 863/1/2366 862/1/2367 1646/1/2367
f 1646/1/2367 1649/1/2366 863/1/2366
f 1646/1/2368 862/1/2368 861/1/2368
f 861/1/2368 1644/1/2368 1646/1/2368
f 861/1/2369 860/1/2369 1645/1/2369
f 1645/1/2369 1644/1/2369 861/1/2369
f 860/1/2370 843/1/2371 1625/1/2371
f 1625/1/2371 1645/1/2370 860/1/2370
f 1624/1/2372 1640/1/2373 1645/1/2373
f 1645/1/2373 1625/1/2372 1624/1/2372
f 1640/1/2374 1624/1/2375 1623/1/2375
f 1623/1/2375 1641/1/2375 1640/1/2374
f 1650/1/1771 1651/1/1771 1652/1/2376
f 1652/1/2376 1653/1/1771 1650/1/1771
f 1654/1/1770 1655/1/1770 1651/1/1770
f 1651/1/1770 1650/1/1770 1654/1/1770
f 1651/1/2377 1656/1/1773 1657/1/2377
f 1657/1/2377 1652/1/2378 1651/1/2377
f 1655/1/1772 1658/1/1772 1656/1/1772
f 1656/1/1772 1651/1/2379 1655/1/1772
f 1653/1/2380 1659/1/2380 361/1/2380
f 361/1/2380 360/1/2380 1653/1/2380
f 370/1/2381 1650/1/2381 1653/1/2381
f 1653/1/2381 360/1/2381 370/1/2381
f 370/1/1775 369/1/1775 1654/1/1775
f 1654/1/1775 1650/1/1775 370/1/1775
f 369/1/2382 341/1/1774 1635/1/2382
f 1635/1/2382 1654/1/2382 369/1/2382
f 1655/1/2383 1654/1/1790 1635/1/1790
f 1635/1/1790 1637/1/1790 1655/1/2383
f 1636/1/1789 1658/1/1789 1655/1/1789
f 1655/1/1789 1637/1/1789 1636/1/1789
f 1636/1/2384 956/1/2384 979/1/2385
f 979/1/2385 1658/1/2386 1636/1/2384
f 1658/1/1786 979/1/1786 978/1/1786
f 978/1/1786 1656/1/1786 1658/1/1786
f 1656/1/2387 978/1/1784 977/1/1784
f 977/1/1784 1657/1/1784 1656/1/2387
f 1657/1/1783 977/1/1783 976/1/1783
f 976/1/1783 1660/1/1783 1657/1/1783
f 1661/1/1782 1652/1/2388 1657/1/1782
f 1657/1/1782 1660/1/1782 1661/1/1782
f 1652/1/1781 1661/1/1781 1659/1/1781
f 1659/1/1781 1653/1/1781 1652/1/1781
f 1662/1/2389 1663/1/2389 1664/1/2390
f 1664/1/2390 1665/1/2391 1662/1/2389
f 1666/1/2392 1667/1/2393 1663/1/2394
f 1663/1/2394 1662/1/2393 1666/1/2392
f 1663/1/2395 1668/1/2396 1669/1/2395
f 1669/1/2395 1664/1/2395 1663/1/2395
f 1670/1/2397 1668/1/2397 1663/1/2397
f 1663/1/2397 1667/1/2397 1670/1/2397
f 1647/1/2398 246/1/2399 268/1/2398
f 268/1/2398 1665/1/2400 1647/1/2398
f 1665/1/2401 268/1/2401 267/1/2401
f 267/1/2401 1662/1/2402 1665/1/2401
f 1666/1/2403 1662/1/2403 267/1/2404
f 267/1/2404 265/1/2404 1666/1/2403
f 1666/1/2405 265/1/2406 266/1/2406
f 266/1/2406 1671/1/2407 1666/1/2405
f 1671/1/2408 1672/1/2409 1667/1/2410
f 1667/1/2410 1666/1/2409 1671/1/2408
f 1670/1/2411 1667/1/2412 1672/1/2411
f 1672/1/2411 1673/1/2411 1670/1/2411
f 883/1/2413 882/1/2413 1670/1/2413
f 1670/1/2413 1673/1/2413 883/1/2413
f 1670/1/2414 882/1/2415 881/1/2416
f 881/1/2416 1668/1/2416 1670/1/2414
f 881/1/2417 880/1/2418 1669/1/2418
f 1669/1/2418 1668/1/2419 881/1/2417
f 880/1/2420 863/1/2421 1649/1/2420
f 1649/1/2420 1669/1/2422 880/1/2420
f 1648/1/2423 1664/1/2424 1669/1/2424
f 1669/1/2424 1649/1/2424 1648/1/2423
f 1647/1/2425 1665/1/2425 1664/1/2425
f 1664/1/2425 1648/1/2425 1647/1/2425
f 1674/1/1843 1675/1/1843 1676/1/2426
f 1676/1/2426 1677/1/1843 1674/1/1843
f 1678/1/1842 1679/1/1842 1675/1/1842
f 1675/1/1842 1674/1/1842 1678/1/1842
f 1675/1/1845 1680/1/1845 1681/1/1845
f 1681/1/1845 1676/1/1845 1675/1/1845
f 1679/1/2427 1682/1/1844 1680/1/1844
f 1680/1/1844 1675/1/1844 1679/1/2427
f 1677/1/2428 1683/1/2428 381/1/2428
f 381/1/2428 380/1/2429 1677/1/2428
f 390/1/2430 1674/1/1849 1677/1/2430
f 1677/1/2430 380/1/2431 390/1/2430
f 390/1/1847 389/1/1847 1678/1/1847
f 1678/1/1847 1674/1/1847 390/1/1847
f 389/1/1846 361/1/1846 1659/1/1846
f 1659/1/1846 1678/1/1846 389/1/1846
f 1679/1/1863 1678/1/1863 1659/1/2432
f 1659/1/2432 1661/1/1863 1679/1/1863
f 1660/1/1862 1682/1/1862 1679/1/1862
f 1679/1/1862 1661/1/2433 1660/1/1862
f 1660/1/1861 976/1/1861 999/1/1861
f 999/1/1861 1682/1/1861 1660/1/1861
f 1682/1/1859 999/1/1859 998/1/1859
f 998/1/1859 1680/1/1859 1682/1/1859
f 1680/1/1858 998/1/1858 997/1/1858
f 997/1/1858 1681/1/1858 1680/1/1858
f 1681/1/1856 997/1/1856 996/1/1856
f 996/1/1856 1684/1/1856 1681/1/1856
f 1685/1/2434 1676/1/1855 1681/1/2434
f 1681/1/2434 1684/1/2434 1685/1/2434
f 1676/1/1854 1685/1/1854 1683/1/1854
f 1683/1/1854 1677/1/1854 1676/1/1854
f 1686/1/2435 1687/1/2435 1688/1/2435
f 1688/1/2435 1689/1/2435 1686/1/2435
f 1690/1/2436 1691/1/2436 1687/1/2436
f 1687/1/2436 1686/1/2436 1690/1/2436
f 1687/1/2437 1692/1/2438 1693/1/2437
f 1693/1/2437 1688/1/2439 1687/1/2437
f 1694/1/2440 1692/1/2441 1687/1/2441
f 1687/1/2441 1691/1/2442 1694/1/2440
f 1671/1/2443 266/1/2443 288/1/2443
f 288/1/2443 1689/1/2443 1671/1/2443
f 1689/1/2444 288/1/2445 287/1/2445
f 287/1/2445 1686/1/2445 1689/1/2444
f 1690/1/2446 1686/1/2447 287/1/2446
f 287/1/2446 285/1/2446 1690/1/2446
f 1690/1/2448 285/1/2448 286/1/2448
f 286/1/2448 1695/1/2448 1690/1/2448
f 1695/1/2449 1696/1/2450 1691/1/2449
f 1691/1/2449 1690/1/2449 1695/1/2449
f 1694/1/2451 1691/1/2452 1696/1/2452
f 1696/1/2452 1697/1/2453 1694/1/2451
f 903/1/2454 902/1/2454 1694/1/2454
f 1694/1/2454 1697/1/2454 903/1/2454
f 1694/1/2455 902/1/2456 901/1/2456
f 901/1/2456 1692/1/2456 1694/1/2455
f 901/1/2457 900/1/2457 1693/1/2458
f 1693/1/2458 1692/1/2457 901/1/2457
f 900/1/2459 883/1/2459 1673/1/2459
f 1673/1/2459 1693/1/2460 900/1/2459
f 1672/1/2461 1688/1/2461 1693/1/2461
f 1693/1/2461 1673/1/2461 1672/1/2461
f 1671/1/2462 1689/1/2462 1688/1/2462
f 1688/1/2462 1672/1/2462 1671/1/2462
f 1698/1/1931 1699/1/1931 1700/1/1931
f 1700/1/1931 1701/1/1931 1698/1/1931
f 1702/1/2463 1703/1/1930 1699/1/1930
f 1699/1/1930 1698/1/2464 1702/1/2463
f 1699/1/1935 1704/1/1935 1705/1/1935
f 1705/1/1935 1700/1/1935 1699/1/1935
f 1703/1/2465 1706/1/1934 1704/1/1934
f 1704/1/1934 1699/1/2465 1703/1/2465
f 1701/1/2466 1707/1/2466 401/1/1942
f 401/1/1942 400/1/2467 1701/1/2466
f 410/1/1940 1698/1/1940 1701/1/1940
f 1701/1/1940 400/1/1940 410/1/1940
f 410/1/1939 409/1/1939 1702/1/1939
f 1702/1/1939 1698/1/2468 410/1/1939
f 409/1/1936 381/1/1936 1683/1/1936
f 1683/1/1936 1702/1/1936 409/1/1936
f 1703/1/1956 1702/1/1956 1683/1/1956
f 1683/1/1956 1685/1/1956 1703/1/1956
f 1684/1/1955 1706/1/1955 1703/1/2469
f 1703/1/2469 1685/1/1955 1684/1/1955
f 1684/1/2470 996/1/1954 1019/1/2471
f 1019/1/2471 1706/1/1954 1684/1/2470
f 1706/1/1949 1019/1/2472 1018/1/2473
f 1018/1/2473 1704/1/1949 1706/1/1949
f 1704/1/1947 1018/1/1947 1017/1/1947
f 1017/1/1947 1705/1/1946 1704/1/1947
f 1705/1/2474 1017/1/1945 1016/1/2475
f 1016/1/2475 1708/1/1945 1705/1/2474
f 1709/1/2476 1700/1/1944 1705/1/2477
f 1705/1/2477 1708/1/1944 1709/1/2476
f 1700/1/2478 1709/1/1943 1707/1/2479
f 1707/1/2479 1701/1/1943 1700/1/2478
f 1710/1/2480 1711/1/2481 1712/1/2480
f 1712/1/2480 1713/1/2480 1710/1/2480
f 1714/1/2482 1715/1/2482 1711/1/2482
f 1711/1/2482 1710/1/2482 1714/1/2482
f 1711/1/2483 1716/1/2483 1717/1/2483
f 1717/1/2483 1712/1/2483 1711/1/2483
f 1718/1/2484 1716/1/2484 1711/1/2484
f 1711/1/2484 1715/1/2484 1718/1/2484
f 1695/1/2485 286/1/2485 308/1/2485
f 308/1/2485 1713/1/2485 1695/1/2485
f 1713/1/2486 308/1/2487 307/1/2487
f 307/1/2487 1710/1/2487 1713/1/2486
f 1714/1/2488 1710/1/2488 307/1/2488
f 307/1/2488 305/1/2488 1714/1/2488
f 1714/1/2489 305/1/2489 306/1/2490
f 306/1/2490 1719/1/2490 1714/1/2489
f 1719/1/2491 1720/1/2492 1715/1/2492
f 1715/1/2492 1714/1/2492 1719/1/2491
f 1718/1/2493 1715/1/2493 1720/1/2493
f 1720/1/2493 1721/1/2493 1718/1/2493
f 923/1/2494 922/1/2494 1718/1/2495
f 1718/1/2495 1721/1/2495 923/1/2494
f 1718/1/2496 922/1/2496 921/1/2497
f 921/1/2497 1716/1/2496 1718/1/2496
f 921/1/2498 920/1/2498 1717/1/2499
f 1717/1/2499 1716/1/2498 921/1/2498
f 920/1/2500 903/1/2500 1697/1/2501
f 1697/1/2501 1717/1/2500 920/1/2500
f 1696/1/2502 1712/1/2503 1717/1/2503
f 1717/1/2503 1697/1/2504 1696/1/2502
f 1712/1/2505 1696/1/2506 1695/1/2506
f 1695/1/2506 1713/1/2506 1712/1/2505
f 1722/1/2023 1723/1/2023 1724/1/2023
f 1724/1/2023 1725/1/2023 1722/1/2023
f 1726/1/2019 1727/1/2019 1723/1/2019
f 1723/1/2019 1722/1/2019 1726/1/2019
f 1723/1/2025 1728/1/2025 1729/1/2025
f 1729/1/2025 1724/1/2025 1723/1/2025
f 1727/1/2024 1730/1/2024 1728/1/2024
f 1728/1/2024 1723/1/2024 1727/1/2024
f 1725/1/2030 1731/1/2030 421/1/2507
f 421/1/2507 420/1/2030 1725/1/2030
f 430/1/2029 1722/1/2029 1725/1/2029
f 1725/1/2029 420/1/2029 430/1/2029
f 430/1/2508 429/1/2027 1726/1/2508
f 1726/1/2508 1722/1/2508 430/1/2508
f 429/1/2026 401/1/2026 1707/1/2026
f 1707/1/2026 1726/1/2026 429/1/2026
f 1727/1/2509 1726/1/2044 1707/1/2510
f 1707/1/2510 1709/1/2044 1727/1/2509
f 1708/1/2511 1730/1/2043 1727/1/2043
f 1727/1/2043 1709/1/2043 1708/1/2511
f 1708/1/2042 1016/1/2042 1039/1/2042
f 1039/1/2042 1730/1/2042 1708/1/2042
f 1730/1/2041 1039/1/2041 1038/1/2041
f 1038/1/2041 1728/1/2512 1730/1/2041
f 1728/1/2039 1038/1/2039 1037/1/2513
f 1037/1/2513 1729/1/2039 1728/1/2039
f 1729/1/2038 1037/1/2037 1036/1/2038
f 1036/1/2038 1732/1/2514 1729/1/2038
f 1733/1/2034 1724/1/2034 1729/1/2034
f 1729/1/2034 1732/1/2034 1733/1/2034
f 1724/1/2032 1733/1/2032 1731/1/2032
f 1731/1/2032 1725/1/2032 1724/1/2032
f 1734/1/2515 1735/1/2515 1736/1/2515
f 1736/1/2515 1737/1/2515 1734/1/2515
f 1738/1/2516 1739/1/2516 1735/1/2516
f 1735/1/2516 1734/1/2516 1738/1/2516
f 1735/1/2517 1740/1/2517 1741/1/2517
f 1741/1/2517 1736/1/2517 1735/1/2517
f 1742/1/2518 1740/1/2518 1735/1/2518
f 1735/1/2518 1739/1/2518 1742/1/2518
f 1719/1/2519 306/1/2519 328/1/2519
f 328/1/2519 1737/1/2519 1719/1/2519
f 1737/1/2520 328/1/2520 327/1/2520
f 327/1/2520 1734/1/2520 1737/1/2520
f 1738/1/2521 1734/1/2521 327/1/2521
f 327/1/2521 325/1/2521 1738/1/2521
f 1738/1/2522 325/1/2522 326/1/2522
f 326/1/2522 1743/1/2523 1738/1/2522
f 1743/1/2524 1744/1/2525 1739/1/2524
f 1739/1/2524 1738/1/2524 1743/1/2524
f 1742/1/2526 1739/1/2526 1744/1/2526
f 1744/1/2526 1745/1/2526 1742/1/2526
f 943/1/2527 942/1/2528 1742/1/2528
f 1742/1/2528 1745/1/2529 943/1/2527
f 1742/1/2530 942/1/2530 941/1/2531
f 941/1/2531 1740/1/2530 1742/1/2530
f 941/1/2532 940/1/2532 1741/1/2532
f 1741/1/2532 1740/1/2532 941/1/2532
f 940/1/2533 923/1/2533 1721/1/2534
f 1721/1/2534 1741/1/2533 940/1/2533
f 1720/1/2535 1736/1/2535 1741/1/2535
f 1741/1/2535 1721/1/2536 1720/1/2535
f 1736/1/2537 1720/1/2537 1719/1/2537
f 1719/1/2537 1737/1/2537 1736/1/2537
f 1746/1/2538 1747/1/2078 1748/1/2539
f 1748/1/2539 1749/1/2078 1746/1/2538
f 1750/1/2540 1751/1/2540 1747/1/2076
f 1747/1/2076 1746/1/2076 1750/1/2540
f 1747/1/2082 1752/1/2082 1753/1/2541
f 1753/1/2541 1748/1/2082 1747/1/2082
f 1751/1/2542 1754/1/2081 1752/1/2081
f 1752/1/2081 1747/1/2081 1751/1/2542
f 1749/1/2089 1755/1/2089 441/1/2543
f 441/1/2543 440/1/2089 1749/1/2089
f 450/1/2087 1746/1/2087 1749/1/2087
f 1749/1/2087 440/1/2087 450/1/2087
f 450/1/2086 449/1/2086 1750/1/2086
f 1750/1/2086 1746/1/2086 450/1/2086
f 449/1/2544 421/1/2545 1731/1/2546
f 1731/1/2546 1750/1/2083 449/1/2544
f 1751/1/2107 1750/1/2107 1731/1/2107
f 1731/1/2107 1733/1/2107 1751/1/2107
f 1732/1/2104 1754/1/2104 1751/1/2104
f 1751/1/2104 1733/1/2104 1732/1/2104
f 1732/1/2102 1036/1/2102 1059/1/2102
f 1059/1/2102 1754/1/2547 1732/1/2102
f 1754/1/2101 1059/1/2101 1058/1/2101
f 1058/1/2101 1752/1/2101 1754/1/2101
f 1752/1/2098 1058/1/2098 1057/1/2098
f 1057/1/2098 1753/1/2098 1752/1/2098
f 1753/1/2096 1057/1/2096 1056/1/2096
f 1056/1/2096 1756/1/2096 1753/1/2096
f 1757/1/2548 1748/1/2549 1753/1/2549
f 1753/1/2549 1756/1/2549 1757/1/2548
f 1748/1/2550 1757/1/2551 1755/1/2550
f 1755/1/2550 1749/1/2091 1748/1/2550
f 1758/1/2552 1759/1/2552 1760/1/2552
f 1760/1/2552 1761/1/2552 1758/1/2552
f 1762/1/1691 1763/1/1691 1759/1/1691
f 1759/1/1691 1758/1/1691 1762/1/1691
f 1759/1/1694 1764/1/1694 1765/1/1694
f 1765/1/1694 1760/1/1694 1759/1/1694
f 1766/1/2553 1764/1/1693 1759/1/2553
f 1759/1/2553 1763/1/2554 1766/1/2553
f 1743/1/2555 326/1/2555 348/1/1701
f 348/1/1701 1761/1/1701 1743/1/2555
f 1761/1/1700 348/1/1700 347/1/1700
f 347/1/1700 1758/1/1700 1761/1/1700
f 1762/1/1699 1758/1/1699 347/1/1699
f 347/1/1699 345/1/1699 1762/1/1699
f 1762/1/1698 345/1/1698 346/1/1698
f 346/1/1698 1767/1/1698 1762/1/1698
f 1767/1/1715 1768/1/1715 1763/1/1715
f 1763/1/1715 1762/1/1715 1767/1/1715
f 1766/1/1713 1763/1/2556 1768/1/1713
f 1768/1/1713 1769/1/1713 1766/1/1713
f 963/1/2557 962/1/1711 1766/1/1711
f 1766/1/1711 1769/1/1711 963/1/2557
f 1766/1/1708 962/1/1708 961/1/1708
f 961/1/1708 1764/1/1708 1766/1/1708
f 961/1/1707 960/1/1706 1765/1/1706
f 1765/1/1706 1764/1/1706 961/1/1707
f 960/1/1705 943/1/1705 1745/1/1705
f 1745/1/1705 1765/1/1705 960/1/1705
f 1744/1/1703 1760/1/1703 1765/1/1703
f 1765/1/1703 1745/1/1703 1744/1/1703
f 1743/1/1702 1761/1/1702 1760/1/1702
f 1760/1/1702 1744/1/1702 1743/1/1702
f 1770/1/2558 1771/1/2559 1772/1/2558
f 1772/1/2558 1773/1/2558 1770/1/2558
f 1774/1/2560 1775/1/2561 1771/1/2151
f 1771/1/2151 1770/1/2151 1774/1/2560
f 1771/1/2159 1776/1/2159 1777/1/2562
f 1777/1/2562 1772/1/2159 1771/1/2159
f 1775/1/2156 1778/1/2156 1776/1/2156
f 1776/1/2156 1771/1/2156 1775/1/2156
f 1773/1/2171 1779/1/2171 461/1/2171
f 461/1/2171 460/1/2171 1773/1/2171
f 470/1/2563 1770/1/2167 1773/1/2563
f 1773/1/2563 460/1/2563 470/1/2563
f 470/1/2164 469/1/2164 1774/1/2164
f 1774/1/2164 1770/1/2164 470/1/2164
f 469/1/2564 441/1/2564 1755/1/2564
f 1755/1/2564 1774/1/2564 469/1/2564
f 1775/1/2565 1774/1/2186 1755/1/2186
f 1755/1/2186 1757/1/2186 1775/1/2565
f 1756/1/2185 1778/1/2185 1775/1/2185
f 1775/1/2185 1757/1/2185 1756/1/2185
f 1756/1/2566 1056/1/2567 1079/1/2566
f 1079/1/2566 1778/1/2566 1756/1/2566
f 1778/1/2180 1079/1/2180 1078/1/2180
f 1078/1/2180 1776/1/2180 1778/1/2180
f 1776/1/2568 1078/1/2178 1077/1/2178
f 1077/1/2178 1777/1/2178 1776/1/2568
f 1777/1/2177 1077/1/2177 1076/1/2177
f 1076/1/2177 1780/1/2177 1777/1/2177
f 1781/1/2176 1772/1/2569 1777/1/2176
f 1777/1/2176 1780/1/2176 1781/1/2176
f 1772/1/2173 1781/1/2173 1779/1/2173
f 1779/1/2173 1773/1/2173 1772/1/2173
f 1782/1/2570 1783/1/2571 1784/1/2570
f 1784/1/2570 1785/1/2570 1782/1/2570
f 1786/1/2572 1787/1/2572 1783/1/2572
f 1783/1/2572 1782/1/2573 1786/1/2572
f 1783/1/2574 1788/1/2574 1789/1/2574
f 1789/1/2574 1784/1/2574 1783/1/2574
f 1790/1/2575 1788/1/2575 1783/1/2575
f 1783/1/2575 1787/1/2575 1790/1/2575
f 1767/1/2576 346/1/2577 368/1/2576
f 368/1/2576 1785/1/2578 1767/1/2576
f 1785/1/2579 368/1/2579 367/1/2579
f 367/1/2579 1782/1/2579 1785/1/2579
f 1786/1/2580 1782/1/2580 367/1/2580
f 367/1/2580 365/1/2580 1786/1/2580
f 1786/1/2581 365/1/2581 366/1/2581
f 366/1/2581 1791/1/2581 1786/1/2581
f 1791/1/2582 1792/1/2583 1787/1/2583
f 1787/1/2583 1786/1/2583 1791/1/2582
f 1790/1/2584 1787/1/2584 1792/1/2585
f 1792/1/2585 1793/1/2584 1790/1/2584
f 983/1/2586 982/1/2587 1790/1/2586
f 1790/1/2586 1793/1/2586 983/1/2586
f 1790/1/2588 982/1/2588 981/1/2588
f 981/1/2588 1788/1/2589 1790/1/2588
f 981/1/2590 980/1/2590 1789/1/2590
f 1789/1/2590 1788/1/2590 981/1/2590
f 980/1/2591 963/1/2591 1769/1/2592
f 1769/1/2592 1789/1/2591 980/1/2591
f 1768/1/2593 1784/1/2593 1789/1/2594
f 1789/1/2594 1769/1/2593 1768/1/2593
f 1767/1/2595 1785/1/2595 1784/1/2596
f 1784/1/2596 1768/1/2595 1767/1/2595
f 1794/1/2199 1795/1/2199 1796/1/2199
f 1796/1/2199 1797/1/2199 1794/1/2199
f 1798/1/2597 1799/1/2598 1795/1/2597
f 1795/1/2597 1794/1/2599 1798/1/2597
f 1795/1/2205 1800/1/2205 1801/1/2205
f 1801/1/2205 1796/1/2205 1795/1/2205
f 1799/1/2600 1802/1/2204 1800/1/2600
f 1800/1/2600 1795/1/2601 1799/1/2600
f 1797/1/2209 1803/1/2209 481/1/2602
f 481/1/2602 480/1/2209 1797/1/2209
f 490/1/2208 1794/1/2208 1797/1/2208
f 1797/1/2208 480/1/2603 490/1/2208
f 490/1/2207 489/1/2604 1798/1/2604
f 1798/1/2604 1794/1/2207 490/1/2207
f 489/1/2206 461/1/2206 1779/1/2206
f 1779/1/2206 1798/1/2206 489/1/2206
f 1799/1/2220 1798/1/2605 1779/1/2220
f 1779/1/2220 1781/1/2220 1799/1/2220
f 1780/1/2218 1802/1/2218 1799/1/2606
f 1799/1/2606 1781/1/2218 1780/1/2218
f 1780/1/2217 1076/1/2217 1099/1/2217
f 1099/1/2217 1802/1/2217 1780/1/2217
f 1802/1/2607 1099/1/2607 1098/1/2607
f 1098/1/2607 1800/1/2607 1802/1/2607
f 1800/1/2214 1098/1/2214 1097/1/2608
f 1097/1/2608 1801/1/2214 1800/1/2214
f 1801/1/2609 1097/1/2213 1096/1/2213
f 1096/1/2213 1804/1/2609 1801/1/2609
f 1801/1/2211 1804/1/2211 1805/1/2610
f 1805/1/2610 1796/1/2211 1801/1/2211
f 1796/1/2210 1805/1/2210 1803/1/2210
f 1803/1/2210 1797/1/2210 1796/1/2210
f 1806/1/2611 1807/1/2611 1808/1/2611
f 1808/1/2611 1809/1/2611 1806/1/2611
f 1810/1/2612 1811/1/2612 1807/1/2612
f 1807/1/2612 1806/1/2613 1810/1/2612
f 1807/1/2614 1812/1/2614 1813/1/2614
f 1813/1/2614 1808/1/2614 1807/1/2614
f 1814/1/2615 1812/1/2615 1807/1/2615
f 1807/1/2615 1811/1/2615 1814/1/2615
f 1791/1/2616 366/1/2616 388/1/2616
f 388/1/2616 1809/1/2616 1791/1/2616
f 1809/1/2617 388/1/2617 387/1/2617
f 387/1/2617 1806/1/2617 1809/1/2617
f 1810/1/2618 1806/1/2619 387/1/2620
f 387/1/2620 385/1/2620 1810/1/2618
f 1810/1/2621 385/1/2621 386/1/2621
f 386/1/2621 1815/1/2621 1810/1/2621
f 1815/1/2622 1816/1/2622 1811/1/2622
f 1811/1/2622 1810/1/2622 1815/1/2622
f 1814/1/2623 1811/1/2623 1816/1/2623
f 1816/1/2623 1817/1/2623 1814/1/2623
f 1003/1/2624 1002/1/2624 1814/1/2625
f 1814/1/2625 1817/1/2624 1003/1/2624
f 1814/1/2626 1002/1/2627 1001/1/2626
f 1001/1/2626 1812/1/2628 1814/1/2626
f 1001/1/2629 1000/1/2630 1813/1/2629
f 1813/1/2629 1812/1/2629 1001/1/2629
f 1000/1/2631 983/1/2631 1793/1/2631
f 1793/1/2631 1813/1/2631 1000/1/2631
f 1792/1/2632 1808/1/2632 1813/1/2632
f 1813/1/2632 1793/1/2632 1792/1/2632
f 1808/1/2633 1792/1/2633 1791/1/2633
f 1791/1/2633 1809/1/2633 1808/1/2633
f 1818/1/2634 1819/1/2234 1820/1/2236
f 1820/1/2236 1821/1/2235 1818/1/2634
f 1822/1/2233 1823/1/2233 1819/1/2233
f 1819/1/2233 1818/1/2233 1822/1/2233
f 1819/1/2635 1824/1/2636 1825/1/2239
f 1825/1/2239 1820/1/2239 1819/1/2635
f 1823/1/2237 1826/1/2237 1824/1/2237
f 1824/1/2237 1819/1/2237 1823/1/2237
f 1821/1/2248 1827/1/2248 501/1/2248
f 501/1/2248 500/1/2248 1821/1/2248
f 510/1/2246 1818/1/2246 1821/1/2246
f 1821/1/2246 500/1/2246 510/1/2246
f 510/1/2243 509/1/2637 1822/1/2638
f 1822/1/2638 1818/1/2244 510/1/2243
f 509/1/2639 481/1/2639 1803/1/2640
f 1803/1/2640 1822/1/2240 509/1/2639
f 1823/1/2264 1822/1/2263 1803/1/2264
f 1803/1/2264 1805/1/2264 1823/1/2264
f 1804/1/2262 1826/1/2641 1823/1/2262
f 1823/1/2262 1805/1/2262 1804/1/2262
f 1804/1/2260 1096/1/2260 1119/1/2260
f 1119/1/2260 1826/1/2260 1804/1/2260
f 1826/1/2259 1119/1/2259 1118/1/2642
f 1118/1/2642 1824/1/2259 1826/1/2259
f 1824/1/2258 1118/1/2643 1117/1/2644
f 1117/1/2644 1825/1/2258 1824/1/2258
f 1825/1/2254 1117/1/2254 1116/1/2645
f 1116/1/2645 1828/1/2254 1825/1/2254
f 1825/1/2646 1828/1/2252 1829/1/2646
f 1829/1/2646 1820/1/2252 1825/1/2646
f 1820/1/2647 1829/1/2249 1827/1/2249
f 1827/1/2249 1821/1/2249 1820/1/2647
f 1830/1/2648 1831/1/2649 1832/1/2648
f 1832/1/2648 1833/1/2650 1830/1/2648
f 1834/1/2651 1835/1/2652 1831/1/2653
f 1831/1/2653 1830/1/2653 1834/1/2651
f 1831/1/2654 1836/1/2655 1837/1/2654
f 1837/1/2654 1832/1/2656 1831/1/2654
f 1838/1/2657 1836/1/2658 1831/1/2658
f 1831/1/2658 1835/1/2658 1838/1/2657
f 1815/1/2659 386/1/2659 408/1/2660
f 408/1/2660 1833/1/2659 1815/1/2659
f 1833/1/2661 408/1/2661 407/1/2662
f 407/1/2662 1830/1/2662 1833/1/2661
f 1834/1/2663 1830/1/2663 407/1/2663
f 407/1/2663 405/1/2664 1834/1/2663
f 1834/1/2665 405/1/2665 406/1/2665
f 406/1/2665 1839/1/2665 1834/1/2665
f 1839/1/2666 1840/1/2666 1835/1/2666
f 1835/1/2666 1834/1/2666 1839/1/2666
f 1838/1/2667 1835/1/2667 1840/1/2668
f 1840/1/2668 1841/1/2667 1838/1/2667
f 1023/1/2669 1022/1/2669 1838/1/2669
f 1838/1/2669 1841/1/2669 1023/1/2669
f 1838/1/2670 1022/1/2670 1021/1/2671
f 1021/1/2671 1836/1/2672 1838/1/2670
f 1021/1/2673 1020/1/2674 1837/1/2675
f 1837/1/2675 1836/1/2676 1021/1/2673
f 1020/1/2677 1003/1/2678 1817/1/2678
f 1817/1/2678 1837/1/2679 1020/1/2677
f 1816/1/2680 1832/1/2681 1837/1/2682
f 1837/1/2682 1817/1/2681 1816/1/2680
f 1815/1/2683 1833/1/2683 1832/1/2683
f 1832/1/2683 1816/1/2683 1815/1/2683
f 1842/1/2276 1843/1/2276 1844/1/2276
f 1844/1/2276 1845/1/2276 1842/1/2276
f 1846/1/2274 1847/1/2275 1843/1/2275
f 1843/1/2275 1842/1/2275 1846/1/2274
f 1843/1/2279 1848/1/2279 1849/1/2279
f 1849/1/2279 1844/1/2279 1843/1/2279
f 1847/1/2277 1850/1/2277 1848/1/2277
f 1848/1/2277 1843/1/2277 1847/1/2277
f 1845/1/2684 1851/1/2286 521/1/2685
f 521/1/2685 520/1/2686 1845/1/2684
f 530/1/2687 1842/1/2284 1845/1/2688
f 1845/1/2688 520/1/2689 530/1/2687
f 530/1/2283 529/1/2283 1846/1/2283
f 1846/1/2283 1842/1/2283 530/1/2283
f 529/1/2280 501/1/2280 1827/1/2280
f 1827/1/2280 1846/1/2280 529/1/2280
f 1847/1/2300 1846/1/2300 1827/1/2300
f 1827/1/2300 1829/1/2300 1847/1/2300
f 1828/1/2298 1850/1/2298 1847/1/2298
f 1847/1/2298 1829/1/2298 1828/1/2298
f 1828/1/2690 1116/1/2690 1139/1/2690
f 1139/1/2690 1850/1/2690 1828/1/2690
f 1850/1/2293 1139/1/2293 1138/1/2293
f 1138/1/2293 1848/1/2293 1850/1/2293
f 1848/1/2292 1138/1/2292 1137/1/2292
f 1137/1/2292 1849/1/2292 1848/1/2292
f 1849/1/2691 1137/1/2291 1136/1/2692
f 1136/1/2692 1852/1/2693 1849/1/2691
f 1853/1/2694 1844/1/2289 1849/1/2694
f 1849/1/2694 1852/1/2695 1853/1/2694
f 1844/1/2287 1853/1/2287 1851/1/2287
f 1851/1/2287 1845/1/2287 1844/1/2287
f 1854/1/2696 1855/1/2696 1856/1/2696
f 1856/1/2696 1857/1/2696 1854/1/2696
f 1858/1/2697 1859/1/2697 1855/1/2697
f 1855/1/2697 1854/1/2697 1858/1/2697
f 1855/1/2698 1860/1/2699 1861/1/2698
f 1861/1/2698 1856/1/2700 1855/1/2698
f 1862/1/2701 1860/1/2701 1855/1/2701
f 1855/1/2701 1859/1/2701 1862/1/2701
f 1839/1/2702 406/1/2703 428/1/2704
f 428/1/2704 1857/1/2705 1839/1/2702
f 1857/1/2706 428/1/2706 427/1/2706
f 427/1/2706 1854/1/2706 1857/1/2706
f 1858/1/2707 1854/1/2708 427/1/2708
f 427/1/2708 425/1/2708 1858/1/2707
f 1858/1/2709 425/1/2710 426/1/2711
f 426/1/2711 1863/1/2712 1858/1/2709
f 1863/1/2713 1864/1/2713 1859/1/2713
f 1859/1/2713 1858/1/2713 1863/1/2713
f 1862/1/2714 1859/1/2714 1864/1/2714
f 1864/1/2714 1865/1/2714 1862/1/2714
f 1043/1/2715 1042/1/2715 1862/1/2715
f 1862/1/2715 1865/1/2715 1043/1/2715
f 1862/1/2716 1042/1/2717 1041/1/2718
f 1041/1/2718 1860/1/2719 1862/1/2716
f 1041/1/2720 1040/1/2721 1861/1/2720
f 1861/1/2720 1860/1/2720 1041/1/2720
f 1040/1/2722 1023/1/2722 1841/1/2722
f 1841/1/2722 1861/1/2722 1040/1/2722
f 1840/1/2723 1856/1/2724 1861/1/2724
f 1861/1/2724 1841/1/2724 1840/1/2723
f 1839/1/2725 1857/1/2725 1856/1/2725
f 1856/1/2725 1840/1/2725 1839/1/2725
f 1866/1/2726 1867/1/2726 1868/1/2318
f 1868/1/2318 1869/1/2318 1866/1/2726
f 1870/1/2316 1871/1/2316 1867/1/2316
f 1867/1/2316 1866/1/2316 1870/1/2316
f 1867/1/2727 1872/1/2728 1873/1/2727
f 1873/1/2727 1868/1/2321 1867/1/2727
f 1871/1/2729 1874/1/2730 1872/1/2729
f 1872/1/2729 1867/1/2320 1871/1/2729
f 1869/1/2327 1875/1/2327 541/1/2731
f 541/1/2731 540/1/2327 1869/1/2327
f 550/1/2326 1866/1/2326 1869/1/2732
f 1869/1/2732 540/1/2733 550/1/2326
f 550/1/2325 549/1/2325 1870/1/2325
f 1870/1/2325 1866/1/2325 550/1/2325
f 549/1/2323 521/1/2323 1851/1/2323
f 1851/1/2323 1870/1/2323 549/1/2323
f 1871/1/2336 1870/1/2336 1851/1/2336
f 1851/1/2336 1853/1/2336 1871/1/2336
f 1852/1/2335 1874/1/2734 1871/1/2734
f 1871/1/2734 1853/1/2335 1852/1/2335
f 1852/1/2334 1136/1/2334 1159/1/2334
f 1159/1/2334 1874/1/2334 1852/1/2334
f 1874/1/2735 1159/1/2333 1158/1/2333
f 1158/1/2333 1872/1/2333 1874/1/2735
f 1872/1/2736 1158/1/2737 1157/1/2738
f 1157/1/2738 1873/1/2736 1872/1/2736
f 1873/1/2330 1157/1/2330 1156/1/2330
f 1156/1/2330 1876/1/2330 1873/1/2330
f 1877/1/2329 1868/1/2329 1873/1/2329
f 1873/1/2329 1876/1/2329 1877/1/2329
f 1868/1/2328 1877/1/2328 1875/1/2328
f 1875/1/2328 1869/1/2328 1868/1/2328
f 1878/1/2739 1879/1/2739 1880/1/2739
f 1880/1/2739 1881/1/2739 1878/1/2739
f 1882/1/2740 1883/1/2740 1879/1/2740
f 1879/1/2740 1878/1/2740 1882/1/2740
f 1879/1/2741 1884/1/2741 1885/1/2742
f 1885/1/2742 1880/1/2741 1879/1/2741
f 1886/1/2743 1884/1/2743 1879/1/2743
f 1879/1/2743 1883/1/2743 1886/1/2743
f 1863/1/2744 426/1/2744 448/1/2744
f 448/1/2744 1881/1/2744 1863/1/2744
f 1881/1/2745 448/1/2745 447/1/2745
f 447/1/2745 1878/1/2745 1881/1/2745
f 1882/1/2746 1878/1/2746 447/1/2746
f 447/1/2746 445/1/2746 1882/1/2746
f 1882/1/2747 445/1/2747 446/1/2748
f 446/1/2748 1887/1/2747 1882/1/2747
f 1887/1/2749 1888/1/2749 1883/1/2749
f 1883/1/2749 1882/1/2749 1887/1/2749
f 1886/1/2750 1883/1/2751 1888/1/2751
f 1888/1/2751 1889/1/2751 1886/1/2750
f 1063/1/2752 1062/1/2752 1886/1/2752
f 1886/1/2752 1889/1/2752 1063/1/2752
f 1886/1/2753 1062/1/2753 1061/1/2753
f 1061/1/2753 1884/1/2753 1886/1/2753
f 1061/1/2754 1060/1/2754 1885/1/2755
f 1885/1/2755 1884/1/2754 1061/1/2754
f 1060/1/2756 1043/1/2756 1865/1/2756
f 1865/1/2756 1885/1/2756 1060/1/2756
f 1864/1/2757 1880/1/2757 1885/1/2757
f 1885/1/2757 1865/1/2757 1864/1/2757
f 1880/1/2758 1864/1/2759 1863/1/2760
f 1863/1/2760 1881/1/2760 1880/1/2758
f 1890/1/2346 1891/1/2346 1892/1/2346
f 1892/1/2346 1893/1/2346 1890/1/2346
f 1894/1/2761 1895/1/2762 1891/1/2762
f 1891/1/2762 1890/1/2761 1894/1/2761
f 1891/1/2350 1896/1/2352 1897/1/2350
f 1897/1/2350 1892/1/2763 1891/1/2350
f 1895/1/2348 1898/1/2764 1896/1/2348
f 1896/1/2348 1891/1/2348 1895/1/2348
f 1893/1/2765 1899/1/2360 561/1/2360
f 561/1/2360 560/1/2765 1893/1/2765
f 570/1/2358 1890/1/2358 1893/1/2766
f 1893/1/2766 560/1/2358 570/1/2358
f 570/1/2356 569/1/2356 1894/1/2356
f 1894/1/2356 1890/1/2356 570/1/2356
f 569/1/2354 541/1/2353 1875/1/2355
f 1875/1/2355 1894/1/2767 569/1/2354
f 1895/1/2768 1894/1/2769 1875/1/2768
f 1875/1/2768 1877/1/2770 1895/1/2768
f 1876/1/2372 1898/1/2372 1895/1/2771
f 1895/1/2771 1877/1/2372 1876/1/2372
f 1876/1/2371 1156/1/2371 1179/1/2772
f 1179/1/2772 1898/1/2371 1876/1/2371
f 1898/1/2369 1179/1/2369 1178/1/2773
f 1178/1/2773 1896/1/2369 1898/1/2369
f 1896/1/2368 1178/1/2368 1177/1/2368
f 1177/1/2368 1897/1/2368 1896/1/2368
f 1897/1/2366 1177/1/2366 1176/1/2366
f 1176/1/2366 1900/1/2366 1897/1/2366
f 1897/1/2774 1900/1/2365 1901/1/2774
f 1901/1/2774 1892/1/2775 1897/1/2774
f 1892/1/2361 1901/1/2361 1899/1/2361
f 1899/1/2361 1893/1/2363 1892/1/2361
f 1902/1/2572 1903/1/2572 1904/1/2572
f 1904/1/2572 1905/1/2572 1902/1/2572
f 1906/1/2776 1907/1/2776 1903/1/2570
f 1903/1/2570 1902/1/2776 1906/1/2776
f 1903/1/2575 1908/1/2575 1909/1/2575
f 1909/1/2575 1904/1/2777 1903/1/2575
f 1903/1/2574 1907/1/2574 1910/1/2778
f 1910/1/2778 1908/1/2574 1903/1/2574
f 1905/1/2581 1911/1/2581 37/1/2779
f 37/1/2779 36/1/2581 1905/1/2581
f 1905/1/2780 36/1/2780 50/1/2780
f 50/1/2780 1902/1/2780 1905/1/2780
f 48/1/2579 1906/1/2579 1902/1/2579
f 1902/1/2579 50/1/2781 48/1/2579
f 1305/1/2782 1906/1/2783 48/1/2782
f 48/1/2782 49/1/2577 1305/1/2782
f 1906/1/2595 1305/1/2595 1310/1/2595
f 1310/1/2595 1907/1/2595 1906/1/2595
f 1907/1/2593 1310/1/2593 1309/1/2593
f 1309/1/2593 1910/1/2593 1907/1/2593
f 15/1/2784 14/1/2591 1910/1/2591
f 1910/1/2591 1309/1/2591 15/1/2784
f 1910/1/2785 14/1/2590 13/1/2590
f 13/1/2590 1908/1/2590 1910/1/2785
f 1909/1/2786 1908/1/2588 13/1/2588
f 13/1/2588 12/1/2786 1909/1/2786
f 12/1/2787 11/1/2787 1912/1/2787
f 1912/1/2787 1909/1/2787 12/1/2787
f 1904/1/2584 1909/1/2584 1912/1/2584
f 1912/1/2584 1913/1/2585 1904/1/2584
f 1904/1/2583 1913/1/2583 1911/1/2583
f 1911/1/2583 1905/1/2583 1904/1/2583
f 1914/1/1722 1915/1/1722 1916/1/1722
f 1916/1/1722 1917/1/1722 1914/1/1722
f 1918/1/2788 1919/1/2788 1915/1/2788
f 1915/1/2788 1914/1/2788 1918/1/2788
f 1915/1/1725 1920/1/1725 1921/1/1725
f 1921/1/1725 1916/1/1725 1915/1/1725
f 1922/1/1724 1920/1/1724 1915/1/1723
f 1915/1/1723 1919/1/1723 1922/1/1724
f 1887/1/1734 446/1/1734 468/1/1734
f 468/1/1734 1917/1/1734 1887/1/1734
f 1917/1/1730 468/1/1730 467/1/1730
f 467/1/1730 1914/1/1730 1917/1/1730
f 1918/1/1729 1914/1/1729 467/1/2789
f 467/1/2789 465/1/1729 1918/1/1729
f 1923/1/1727 1918/1/1727 465/1/2790
f 465/1/2790 466/1/1727 1923/1/1727
f 1923/1/1745 1924/1/1745 1919/1/1745
f 1919/1/1745 1918/1/1745 1923/1/1745
f 1922/1/1743 1919/1/1743 1924/1/2791
f 1924/1/2791 1925/1/1743 1922/1/1743
f 1922/1/1742 1925/1/1741 1083/1/1741
f 1083/1/1741 1082/1/2792 1922/1/1742
f 1922/1/2793 1082/1/1739 1081/1/2793
f 1081/1/2793 1920/1/2793 1922/1/2793
f 1081/1/1738 1080/1/1738 1921/1/1738
f 1921/1/1738 1920/1/1738 1081/1/1738
f 1080/1/1737 1063/1/2794 1889/1/1737
f 1889/1/1737 1921/1/1737 1080/1/1737
f 1889/1/1736 1888/1/1736 1916/1/2795
f 1916/1/2795 1921/1/1736 1889/1/1736
f 1887/1/1735 1917/1/1735 1916/1/1735
f 1916/1/1735 1888/1/1735 1887/1/1735
f 1926/1/2393 1927/1/2796 1928/1/2797
f 1928/1/2797 1929/1/2393 1926/1/2393
f 1930/1/2798 1931/1/2389 1927/1/2799
f 1927/1/2799 1926/1/2389 1930/1/2798
f 1927/1/2800 1932/1/2801 1933/1/2802
f 1933/1/2802 1928/1/2801 1927/1/2800
f 1931/1/2395 1934/1/2395 1932/1/2395
f 1932/1/2395 1927/1/2395 1931/1/2395
f 1929/1/2803 1935/1/2406 581/1/2804
f 581/1/2804 580/1/2805 1929/1/2803
f 590/1/2806 1926/1/2404 1929/1/2404
f 1929/1/2404 580/1/2404 590/1/2806
f 590/1/2401 589/1/2401 1930/1/2401
f 1930/1/2401 1926/1/2401 590/1/2401
f 589/1/2400 561/1/2400 1899/1/2400
f 1899/1/2400 1930/1/2400 589/1/2400
f 1931/1/2807 1930/1/2807 1899/1/2807
f 1899/1/2807 1901/1/2807 1931/1/2807
f 1900/1/2424 1934/1/2424 1931/1/2424
f 1931/1/2424 1901/1/2424 1900/1/2424
f 1900/1/2422 1176/1/2422 1199/1/2422
f 1199/1/2422 1934/1/2422 1900/1/2422
f 1934/1/2418 1199/1/2418 1198/1/2808
f 1198/1/2808 1932/1/2418 1934/1/2418
f 1932/1/2414 1198/1/2414 1197/1/2414
f 1197/1/2414 1933/1/2809 1932/1/2414
f 1197/1/2810 1196/1/2413 1936/1/2811
f 1936/1/2811 1933/1/2812 1197/1/2810
f 1928/1/2412 1933/1/2412 1936/1/2412
f 1936/1/2412 1937/1/2412 1928/1/2412
f 1929/1/2409 1928/1/2409 1937/1/2409
f 1937/1/2409 1935/1/2409 1929/1/2409
f 1938/1/2813 1939/1/2813 1940/1/2813
f 1940/1/2813 1941/1/2613 1938/1/2813
f 1942/1/2814 1943/1/2611 1939/1/2611
f 1939/1/2611 1938/1/2611 1942/1/2814
f 1939/1/2815 1944/1/2615 1945/1/2815
f 1945/1/2815 1940/1/2615 1939/1/2815
f 1939/1/2614 1943/1/2614 1946/1/2816
f 1946/1/2816 1944/1/2614 1939/1/2614
f 61/1/2621 60/1/2621 1941/1/2621
f 1941/1/2621 1947/1/2621 61/1/2621
f 1941/1/2618 60/1/2620 70/1/2620
f 70/1/2620 1938/1/2620 1941/1/2618
f 70/1/2617 69/1/2617 1942/1/2617
f 1942/1/2617 1938/1/2617 70/1/2617
f 1942/1/2616 69/1/2616 37/1/2616
f 37/1/2616 1911/1/2616 1942/1/2616
f 1913/1/2633 1943/1/2633 1942/1/2633
f 1942/1/2633 1911/1/2633 1913/1/2633
f 1912/1/2632 1946/1/2632 1943/1/2632
f 1943/1/2632 1913/1/2632 1912/1/2632
f 11/1/2631 679/1/2631 1946/1/2631
f 1946/1/2631 1912/1/2631 11/1/2631
f 1946/1/2629 679/1/2629 678/1/2629
f 678/1/2629 1944/1/2629 1946/1/2629
f 1945/1/2628 1944/1/2628 678/1/2817
f 678/1/2817 675/1/2628 1945/1/2628
f 675/1/2818 677/1/2819 1948/1/2818
f 1948/1/2818 1945/1/2819 675/1/2818
f 1940/1/2820 1945/1/2821 1948/1/2822
f 1948/1/2822 1949/1/2623 1940/1/2820
f 1940/1/2823 1949/1/2622 1947/1/2824
f 1947/1/2824 1941/1/2825 1940/1/2823
f 1950/1/2826 1951/1/2826 1952/1/2826
f 1952/1/2826 1953/1/2826 1950/1/2826
f 1954/1/1792 1955/1/1792 1951/1/1792
f 1951/1/1792 1950/1/1792 1954/1/1792
f 1951/1/2827 1956/1/1799 1957/1/2828
f 1957/1/2828 1952/1/2829 1951/1/2827
f 1958/1/2830 1956/1/1796 1951/1/2830
f 1951/1/2830 1955/1/1796 1958/1/2830
f 1923/1/2831 466/1/2832 488/1/2832
f 488/1/2832 1953/1/2832 1923/1/2831
f 1953/1/1802 488/1/1802 487/1/1802
f 487/1/1802 1950/1/1802 1953/1/1802
f 1954/1/1801 1950/1/1801 487/1/1801
f 487/1/1801 485/1/1801 1954/1/1801
f 1959/1/1800 1954/1/1800 485/1/1800
f 485/1/1800 486/1/2833 1959/1/1800
f 1959/1/2834 1960/1/1815 1955/1/1815
f 1955/1/1815 1954/1/1815 1959/1/2834
f 1958/1/1814 1955/1/1814 1960/1/2835
f 1960/1/2835 1961/1/1814 1958/1/1814
f 1958/1/1812 1961/1/1812 1103/1/1812
f 1103/1/1812 1102/1/1812 1958/1/1812
f 1958/1/2836 1102/1/1811 1101/1/2836
f 1101/1/2836 1956/1/2837 1958/1/2836
f 1101/1/2838 1100/1/1810 1957/1/1810
f 1957/1/1810 1956/1/1810 1101/1/2838
f 1100/1/1807 1083/1/1807 1925/1/1807
f 1925/1/1807 1957/1/1807 1100/1/1807
f 1952/1/2839 1957/1/1806 1925/1/2840
f 1925/1/2840 1924/1/2840 1952/1/2839
f 1953/1/1805 1952/1/1805 1924/1/1805
f 1924/1/1805 1923/1/1805 1953/1/1805
f 1962/1/2436 1963/1/2436 1964/1/2841
f 1964/1/2841 1965/1/2436 1962/1/2436
f 1966/1/2435 1967/1/2435 1963/1/2435
f 1963/1/2435 1962/1/2435 1966/1/2435
f 1963/1/2441 1968/1/2441 1969/1/2441
f 1969/1/2441 1964/1/2441 1963/1/2441
f 1967/1/2438 1970/1/2438 1968/1/2438
f 1968/1/2438 1963/1/2438 1967/1/2438
f 1965/1/2448 1971/1/2448 601/1/2448
f 601/1/2448 600/1/2448 1965/1/2448
f 610/1/2447 1962/1/2842 1965/1/2447
f 1965/1/2447 600/1/2447 610/1/2447
f 610/1/2843 609/1/2445 1966/1/2843
f 1966/1/2843 1962/1/2445 610/1/2843
f 609/1/2844 581/1/2443 1935/1/2443
f 1935/1/2443 1966/1/2443 609/1/2844
f 1966/1/2845 1935/1/2846 1937/1/2462
f 1937/1/2462 1967/1/2847 1966/1/2845
f 1936/1/2461 1970/1/2461 1967/1/2461
f 1967/1/2461 1937/1/2461 1936/1/2461
f 1219/1/2459 1970/1/2460 1936/1/2459
f 1936/1/2459 1196/1/2459 1219/1/2459
f 1970/1/2457 1219/1/2457 1218/1/2848
f 1218/1/2848 1968/1/2457 1970/1/2457
f 1968/1/2456 1218/1/2456 1217/1/2456
f 1217/1/2456 1969/1/2456 1968/1/2456
f 1217/1/2454 1216/1/2454 1972/1/2454
f 1972/1/2454 1969/1/2454 1217/1/2454
f 1964/1/2453 1969/1/2849 1972/1/2453
f 1972/1/2453 1973/1/2453 1964/1/2453
f 1965/1/2449 1964/1/2449 1973/1/2449
f 1973/1/2449 1971/1/2449 1965/1/2449
f 1974/1/2653 1975/1/2652 1976/1/2653
f 1976/1/2653 1977/1/2850 1974/1/2653
f 1978/1/2851 1979/1/2852 1975/1/2851
f 1975/1/2851 1974/1/2853 1978/1/2851
f 1975/1/2658 1980/1/2658 1981/1/2658
f 1981/1/2658 1976/1/2658 1975/1/2658
f 1975/1/2854 1979/1/2855 1982/1/2855
f 1982/1/2855 1980/1/2856 1975/1/2854
f 1977/1/2665 1983/1/2857 81/1/2858
f 81/1/2858 80/1/2665 1977/1/2665
f 1977/1/2663 80/1/2663 90/1/2663
f 90/1/2663 1974/1/2663 1977/1/2663
f 1974/1/2662 90/1/2662 89/1/2859
f 89/1/2859 1978/1/2662 1974/1/2662
f 89/1/2860 61/1/2861 1947/1/2860
f 1947/1/2860 1978/1/2861 89/1/2860
f 1949/1/2683 1979/1/2683 1978/1/2862
f 1978/1/2862 1947/1/2683 1949/1/2683
f 1948/1/2681 1982/1/2863 1979/1/2681
f 1979/1/2681 1949/1/2681 1948/1/2681
f 699/1/2864 1982/1/2678 1948/1/2678
f 1948/1/2678 677/1/2678 699/1/2864
f 1982/1/2865 699/1/2866 698/1/2867
f 698/1/2867 1980/1/2676 1982/1/2865
f 1981/1/2670 1980/1/2670 698/1/2670
f 698/1/2670 697/1/2670 1981/1/2670
f 697/1/2669 696/1/2669 1984/1/2669
f 1984/1/2669 1981/1/2669 697/1/2669
f 1976/1/2667 1981/1/2667 1984/1/2667
f 1984/1/2667 1985/1/2667 1976/1/2667
f 1976/1/2666 1985/1/2666 1983/1/2666
f 1983/1/2666 1977/1/2666 1976/1/2666
f 1986/1/2868 1987/1/1867 1988/1/1867
f 1988/1/1867 1989/1/2868 1986/1/2868
f 1990/1/1865 1991/1/1865 1987/1/1865
f 1987/1/1865 1986/1/1865 1990/1/1865
f 1987/1/1872 1992/1/1872 1993/1/1872
f 1993/1/1872 1988/1/1872 1987/1/1872
f 1994/1/1871 1992/1/1869 1987/1/1871
f 1987/1/1871 1991/1/1871 1994/1/1871
f 1959/1/1879 486/1/2869 508/1/1879
f 508/1/1879 1989/1/1879 1959/1/1879
f 1989/1/1877 508/1/1877 507/1/1877
f 507/1/1877 1986/1/1877 1989/1/1877
f 1990/1/2870 1986/1/2870 507/1/2871
f 507/1/2871 505/1/1874 1990/1/2870
f 1995/1/1873 1990/1/1873 505/1/1873
f 505/1/1873 506/1/2872 1995/1/1873
f 1995/1/1896 1996/1/1896 1991/1/1896
f 1991/1/1896 1990/1/1896 1995/1/1896
f 1994/1/1894 1991/1/1894 1996/1/2873
f 1996/1/2873 1997/1/1894 1994/1/1894
f 1994/1/1892 1997/1/1892 1123/1/1892
f 1123/1/1892 1122/1/1892 1994/1/1892
f 1994/1/2874 1122/1/2874 1121/1/2874
f 1121/1/2874 1992/1/1891 1994/1/2874
f 1121/1/2875 1120/1/1888 1993/1/2876
f 1993/1/2876 1992/1/2877 1121/1/2875
f 1120/1/1886 1103/1/1886 1961/1/1886
f 1961/1/1886 1993/1/1886 1120/1/1886
f 1988/1/2878 1993/1/2879 1961/1/2878
f 1961/1/2878 1960/1/2880 1988/1/2878
f 1989/1/1880 1988/1/1880 1960/1/1880
f 1960/1/1880 1959/1/2881 1989/1/1880
f 1998/1/2882 1999/1/2482 2000/1/2482
f 2000/1/2482 2001/1/2482 1998/1/2882
f 2002/1/2480 2003/1/2480 1999/1/2480
f 1999/1/2480 1998/1/2480 2002/1/2480
f 1999/1/2484 2004/1/2484 2005/1/2484
f 2005/1/2484 2000/1/2484 1999/1/2484
f 2003/1/2483 2006/1/2483 2004/1/2483
f 2004/1/2483 1999/1/2483 2003/1/2483
f 2001/1/2883 2007/1/2884 621/1/2883
f 621/1/2883 620/1/2490 2001/1/2883
f 630/1/2488 1998/1/2885 2001/1/2488
f 2001/1/2488 620/1/2488 630/1/2488
f 630/1/2487 629/1/2487 2002/1/2487
f 2002/1/2487 1998/1/2487 630/1/2487
f 629/1/2485 601/1/2485 1971/1/2886
f 1971/1/2886 2002/1/2485 629/1/2485
f 2002/1/2506 1971/1/2506 1973/1/2506
f 1973/1/2506 2003/1/2506 2002/1/2506
f 1972/1/2504 2006/1/2504 2003/1/2504
f 2003/1/2504 1973/1/2504 1972/1/2504
f 1239/1/2500 2006/1/2500 1972/1/2500
f 1972/1/2500 1216/1/2500 1239/1/2500
f 2006/1/2887 1239/1/2498 1238/1/2887
f 1238/1/2887 2004/1/2498 2006/1/2887
f 2004/1/2496 1238/1/2497 1237/1/2496
f 1237/1/2496 2005/1/2496 2004/1/2496
f 1237/1/2494 1236/1/2494 2008/1/2888
f 2008/1/2888 2005/1/2889 1237/1/2494
f 2000/1/2890 2005/1/2493 2008/1/2493
f 2008/1/2493 2009/1/2493 2000/1/2890
f 2001/1/2492 2000/1/2492 2009/1/2492
f 2009/1/2492 2007/1/2492 2001/1/2492
f 2010/1/2697 2011/1/2697 2012/1/2697
f 2012/1/2697 2013/1/2697 2010/1/2697
f 2014/1/2696 2015/1/2696 2011/1/2696
f 2011/1/2696 2010/1/2696 2014/1/2696
f 2011/1/2701 2016/1/2701 2017/1/2701
f 2017/1/2701 2012/1/2701 2011/1/2701
f 2011/1/2700 2015/1/2700 2018/1/2700
f 2018/1/2700 2016/1/2700 2011/1/2700
f 2013/1/2891 2019/1/2892 101/1/2891
f 101/1/2891 100/1/2891 2013/1/2891
f 2013/1/2708 100/1/2708 110/1/2708
f 110/1/2708 2010/1/2708 2013/1/2708
f 2014/1/2706 2010/1/2706 110/1/2706
f 110/1/2706 109/1/2706 2014/1/2706
f 109/1/2705 81/1/2705 1983/1/2705
f 1983/1/2705 2014/1/2705 109/1/2705
f 1985/1/2725 2015/1/2725 2014/1/2725
f 2014/1/2725 1983/1/2725 1985/1/2725
f 1984/1/2724 2018/1/2724 2015/1/2724
f 2015/1/2724 1985/1/2724 1984/1/2724
f 719/1/2893 2018/1/2722 1984/1/2893
f 1984/1/2893 696/1/2894 719/1/2893
f 2018/1/2895 719/1/2895 718/1/2896
f 718/1/2896 2016/1/2895 2018/1/2895
f 718/1/2719 717/1/2719 2017/1/2719
f 2017/1/2719 2016/1/2719 718/1/2719
f 717/1/2715 716/1/2715 2020/1/2715
f 2020/1/2715 2017/1/2715 717/1/2715
f 2012/1/2714 2017/1/2714 2020/1/2714
f 2020/1/2714 2021/1/2714 2012/1/2714
f 2012/1/2713 2021/1/2713 2019/1/2713
f 2019/1/2713 2013/1/2897 2012/1/2713
f 2022/1/2898 2023/1/1958 2024/1/1958
f 2024/1/1958 2025/1/1958 2022/1/2898
f 2026/1/2899 2027/1/1957 2023/1/2900
f 2023/1/2900 2022/1/1957 2026/1/2899
f 2023/1/1960 2028/1/1960 2029/1/2901
f 2029/1/2901 2024/1/1960 2023/1/1960
f 2030/1/2902 2028/1/1959 2023/1/1959
f 2023/1/1959 2027/1/1959 2030/1/2902
f 1995/1/1969 506/1/1969 528/1/1969
f 528/1/1969 2025/1/1969 1995/1/1969
f 2025/1/1966 528/1/1966 527/1/1966
f 527/1/1966 2022/1/1966 2025/1/1966
f 2026/1/1964 2022/1/1964 527/1/1964
f 527/1/1964 525/1/1964 2026/1/1964
f 525/1/1962 526/1/1962 1290/1/1962
f 1290/1/1962 2026/1/1962 525/1/1962
f 1295/1/2903 2027/1/2903 2026/1/2903
f 2026/1/2903 1290/1/2903 1295/1/2903
f 2030/1/1982 2027/1/2904 1295/1/2904
f 1295/1/2904 1294/1/1982 2030/1/1982
f 2030/1/1980 1294/1/1980 1143/1/2905
f 1143/1/2905 1142/1/2905 2030/1/1980
f 2030/1/1979 1142/1/1979 1141/1/2906
f 1141/1/2906 2028/1/2907 2030/1/1979
f 1141/1/1977 1140/1/1977 2029/1/2908
f 2029/1/2908 2028/1/1978 1141/1/1977
f 1140/1/1976 1123/1/1976 1997/1/1976
f 1997/1/1976 2029/1/1976 1140/1/1976
f 2024/1/1973 2029/1/1973 1997/1/1973
f 1997/1/1973 1996/1/1973 2024/1/1973
f 2025/1/1971 2024/1/1971 1996/1/1971
f 1996/1/1971 1995/1/1971 2025/1/1971
f 2031/1/2909 2032/1/2516 2033/1/2910
f 2033/1/2910 2034/1/2516 2031/1/2909
f 2035/1/2515 2036/1/2515 2032/1/2515
f 2032/1/2515 2031/1/2515 2035/1/2515
f 2032/1/2911 2037/1/2518 2038/1/2911
f 2038/1/2911 2033/1/2912 2032/1/2911
f 2036/1/2913 2039/1/2914 2037/1/2913
f 2037/1/2913 2032/1/2517 2036/1/2913
f 2034/1/2522 1306/1/2522 641/1/2522
f 641/1/2522 640/1/2522 2034/1/2522
f 650/1/2521 2031/1/2521 2034/1/2521
f 2034/1/2521 640/1/2521 650/1/2521
f 650/1/2915 649/1/2916 2035/1/2917
f 2035/1/2917 2031/1/2520 650/1/2915
f 649/1/2918 621/1/2919 2007/1/2920
f 2007/1/2920 2035/1/2920 649/1/2918
f 2035/1/2537 2007/1/2921 2009/1/2537
f 2009/1/2537 2036/1/2537 2035/1/2537
f 2008/1/2922 2039/1/2535 2036/1/2535
f 2036/1/2535 2009/1/2535 2008/1/2922
f 1259/1/2533 2039/1/2533 2008/1/2533
f 2008/1/2533 1236/1/2533 1259/1/2533
f 2039/1/2532 1259/1/2532 1258/1/2532
f 1258/1/2532 2037/1/2532 2039/1/2532
f 2037/1/2923 1258/1/2924 1257/1/2923
f 1257/1/2923 2038/1/2925 2037/1/2923
f 1257/1/2528 1256/1/2528 1308/1/2528
f 1308/1/2528 2038/1/2926 1257/1/2528
f 2038/1/2927 1308/1/2526 1307/1/2928
f 1307/1/2928 2033/1/2929 2038/1/2927
f 2034/1/2524 2033/1/2524 1307/1/2524
f 1307/1/2524 1306/1/2524 2034/1/2524
f 2040/1/2740 2041/1/2740 2042/1/2740
f 2042/1/2740 2043/1/2740 2040/1/2740
f 2044/1/2739 2045/1/2739 2041/1/2739
f 2041/1/2739 2040/1/2739 2044/1/2739
f 2041/1/2743 2046/1/2743 2047/1/2743
f 2047/1/2743 2042/1/2743 2041/1/2743
f 2041/1/2930 2045/1/2931 2048/1/2931
f 2048/1/2931 2046/1/2741 2041/1/2930
f 2043/1/2747 1321/1/2747 121/1/2747
f 121/1/2747 120/1/2747 2043/1/2747
f 2043/1/2746 120/1/2746 130/1/2746
f 130/1/2746 2040/1/2746 2043/1/2746
f 2044/1/2745 2040/1/2745 130/1/2745
f 130/1/2745 129/1/2745 2044/1/2745
f 129/1/2744 101/1/2744 2019/1/2932
f 2019/1/2932 2044/1/2744 129/1/2744
f 2021/1/2760 2045/1/2760 2044/1/2759
f 2044/1/2759 2019/1/2758 2021/1/2760
f 2020/1/2933 2048/1/2757 2045/1/2934
f 2045/1/2934 2021/1/2934 2020/1/2933
f 739/1/2756 2048/1/2756 2020/1/2756
f 2020/1/2756 716/1/2756 739/1/2756
f 2048/1/2754 739/1/2935 738/1/2754
f 738/1/2754 2046/1/2936 2048/1/2754
f 738/1/2753 737/1/2753 2047/1/2753
f 2047/1/2753 2046/1/2753 738/1/2753
f 737/1/2752 736/1/2752 1323/1/2752
f 1323/1/2752 2047/1/2752 737/1/2752
f 1323/1/2751 1322/1/2751 2042/1/2751
f 2042/1/2751 2047/1/2751 1323/1/2751
f 2043/1/2749 2042/1/2749 1322/1/2749
f 1322/1/2749 1321/1/2749 2043/1/2749
o C_rculo_007_C_rculo_008
v -4.434771 0.354391 -0.771461
v -4.367671 0.383191 -0.763761
v -4.303071 0.410791 -0.740961
v -4.243671 0.436191 -0.703961
v -4.191571 0.458491 -0.654061
v -4.148771 0.476791 -0.593361
v -4.116971 0.490391 -0.524061
v -4.097471 0.498791 -0.448861
v -4.090771 0.501591 -0.370661
v -4.097471 0.498791 -0.292461
v -4.116971 0.490391 -0.217261
v -4.148771 0.476791 -0.147961
v -4.191571 0.458491 -0.087161
v -4.243671 0.436191 -0.037361
v -4.303071 0.410791 -0.000261
v -4.367671 0.383191 0.022539
v -4.434771 0.354391 0.030239
v -4.501771 0.325691 0.022539
v -4.566371 0.298091 -0.000261
v -4.625771 0.272691 -0.037361
v -4.677871 0.250391 -0.087161
v -4.720671 0.232091 -0.147961
v -4.752471 0.218491 -0.217261
v -4.772071 0.210091 -0.292461
v -4.778671 0.207291 -0.370661
v -4.772071 0.210091 -0.448861
v -4.752471 0.218491 -0.524061
v -4.720671 0.232091 -0.593361
v -4.677871 0.250391 -0.654061
v -4.501771 0.325691 -0.763761
v -4.625771 0.272691 -0.703961
v -4.566371 0.298091 -0.740961
v -4.743971 0.144591 -0.292461
v -4.706071 0.139591 -0.299461
v -4.712071 0.137091 -0.370661
v -4.750571 0.141791 -0.370661
v -4.538271 0.232591 -0.000261
v -4.597771 0.207191 -0.037361
v -4.406671 0.288891 -0.771461
v -4.473771 0.260191 -0.763761
v -4.163471 0.392991 -0.654061
v -4.120771 0.411291 -0.593361
v -4.473771 0.260191 0.022539
v -4.538271 0.232591 -0.740961
v -4.215671 0.370691 -0.703961
v -4.406671 0.288891 0.030239
v -4.597771 0.207191 -0.703961
v -4.275071 0.345191 -0.740961
v -4.339571 0.317591 0.022539
v -4.649871 0.184891 -0.654061
v -4.339571 0.317591 -0.763761
v -4.275071 0.345191 -0.000261
v -4.692671 0.166591 -0.593361
v -4.215671 0.370691 -0.037361
v -4.724371 0.152991 -0.524061
v -4.163471 0.392991 -0.087161
v -4.743971 0.144591 -0.448861
v -4.120771 0.411291 -0.147961
v -4.088971 0.424891 -0.217261
v -4.069371 0.433191 -0.292461
v -4.724371 0.152991 -0.217261
v -4.062771 0.435991 -0.370661
v -4.692671 0.166591 -0.147961
v -4.069371 0.433191 -0.448861
v -4.649871 0.184891 -0.087161
v -4.088971 0.424891 -0.524061
v -4.620371 0.176291 -0.112561
v -4.634171 0.158991 -0.091661
v -4.676271 0.140891 -0.151461
v -4.659271 0.159591 -0.167861
v -4.091971 0.402391 -0.299461
v -4.109771 0.394691 -0.230961
v -4.688271 0.147191 -0.230961
v -4.085971 0.404891 -0.370661
v -4.091971 0.402391 -0.441861
v -4.109771 0.394691 -0.510261
v -4.572971 0.196591 -0.067261
v -4.138671 0.382391 -0.573361
v -4.518871 0.219691 -0.033461
v -4.460071 0.244891 -0.728561
v -4.398971 0.270991 -0.735561
v -4.177671 0.365691 -0.628661
v -4.460071 0.244891 -0.012761
v -4.518871 0.219691 -0.707761
v -4.225071 0.345391 -0.674061
v -4.398971 0.270991 -0.005761
v -4.572971 0.196591 -0.674061
v -4.279171 0.322191 -0.707761
v -4.337971 0.297091 -0.012761
v -4.620371 0.176291 -0.628661
v -4.337971 0.297091 -0.728561
v -4.279171 0.322191 -0.033461
v -4.659271 0.159591 -0.573361
v -4.225071 0.345391 -0.067261
v -4.688271 0.147191 -0.510261
v -4.177671 0.365691 -0.112561
v -4.706071 0.139591 -0.441861
v -4.138671 0.382391 -0.167861
v -4.524371 0.205891 -0.006161
v -4.460871 0.233091 0.016239
v -4.428571 0.157491 0.016239
v -4.492071 0.130391 -0.006161
v -4.082271 0.395091 -0.521561
v -4.062971 0.403291 -0.447561
v -4.582871 0.180891 -0.042661
v -4.113471 0.381691 -0.589761
v -4.460871 0.233091 -0.757461
v -4.394871 0.261291 -0.765061
v -4.155571 0.363691 -0.649561
v -4.524371 0.205891 -0.735061
v -4.206871 0.341791 -0.698561
v -4.394871 0.261291 0.023839
v -4.582871 0.180891 -0.698561
v -4.265371 0.316691 -0.735061
v -4.328871 0.289591 0.016239
v -4.634171 0.158991 -0.649561
v -4.328871 0.289591 -0.757461
v -4.265371 0.316691 -0.006161
v -4.676271 0.140891 -0.589761
v -4.206871 0.341791 -0.042661
v -4.707571 0.127591 -0.521561
v -4.155571 0.363691 -0.091661
v -4.726771 0.119291 -0.447561
v -4.113471 0.381691 -0.151461
v -4.733271 0.116491 -0.370661
v -4.082271 0.395091 -0.219661
v -4.726771 0.119291 -0.293661
v -4.062971 0.403291 -0.293661
v -4.707571 0.127591 -0.219661
v -4.056471 0.406091 -0.370661
v -4.233071 0.241191 -0.006161
v -4.237971 0.214491 -0.045161
v -4.294671 0.190191 -0.025161
v -4.296571 0.213991 0.016239
v -4.492071 0.130391 -0.735061
v -4.428571 0.157491 -0.757461
v -4.174571 0.266191 -0.698561
v -4.123271 0.288091 -0.649561
v -4.362571 0.185791 0.023839
v -4.550571 0.105291 -0.698561
v -4.233071 0.241191 -0.735061
v -4.601871 0.083391 -0.649561
v -4.296571 0.213991 -0.757461
v -4.643971 0.065391 -0.589761
v -4.362571 0.185791 -0.765061
v -4.174571 0.266191 -0.042661
v -4.675171 0.051991 -0.521561
v -4.123271 0.288091 -0.091661
v -4.694471 0.043791 -0.447561
v -4.081171 0.306191 -0.151461
v -4.700971 0.040991 -0.370661
v -4.049871 0.319491 -0.219661
v -4.694471 0.043791 -0.293661
v -4.030671 0.327791 -0.293661
v -4.675171 0.051991 -0.219661
v -4.024171 0.330591 -0.370661
v -4.643971 0.065391 -0.151461
v -4.030671 0.327791 -0.447561
v -4.601871 0.083391 -0.091661
v -4.049871 0.319491 -0.521561
v -4.550571 0.105291 -0.042661
v -4.081171 0.306191 -0.589761
v -4.102371 0.272491 -0.174961
v -4.062571 0.260591 -0.152061
v -4.104471 0.242591 -0.092461
v -4.139971 0.256391 -0.121561
v -4.604971 0.057491 -0.566361
v -4.567371 0.073591 -0.619761
v -4.294671 0.190191 -0.716161
v -4.353671 0.164991 -0.722861
v -4.185771 0.236791 -0.077761
v -4.632871 0.045491 -0.505461
v -4.650071 0.038191 -0.439361
v -4.655871 0.035691 -0.370661
v -4.074471 0.284391 -0.235861
v -4.650071 0.038191 -0.301861
v -4.057271 0.291791 -0.301861
v -4.632871 0.045491 -0.235861
v -4.051471 0.294291 -0.370661
v -4.604971 0.057491 -0.174961
v -4.057271 0.291791 -0.439361
v -4.567371 0.073591 -0.121561
v -4.074471 0.284391 -0.505461
v -4.521571 0.093191 -0.077761
v -4.102371 0.272491 -0.566361
v -4.469271 0.115491 -0.045161
v -4.412671 0.139791 -0.716161
v -4.139971 0.256391 -0.619761
v -4.412671 0.139791 -0.025161
v -4.469271 0.115491 -0.696061
v -4.185771 0.236791 -0.663561
v -4.353671 0.164991 -0.018361
v -4.521571 0.093191 -0.663561
v -4.237971 0.214491 -0.696061
v -3.973671 0.210191 -0.370661
v -3.980171 0.207491 -0.293861
v -4.012171 0.282091 -0.293861
v -4.005671 0.284891 -0.370661
v -4.674271 -0.001109 -0.447361
v -4.680771 -0.003909 -0.370661
v -4.031371 0.273891 -0.220061
v -4.674271 -0.001109 -0.293861
v -4.655071 0.007091 -0.220061
v -4.623871 0.020391 -0.152061
v -4.012171 0.282091 -0.447361
v -4.581871 0.038391 -0.092461
v -4.031371 0.273891 -0.521161
v -4.530671 0.060291 -0.043461
v -4.062571 0.260591 -0.589161
v -4.472371 0.085191 -0.007161
v -4.409071 0.112291 -0.756461
v -4.343171 0.140491 -0.764061
v -4.104471 0.242591 -0.648861
v -4.409071 0.112291 0.015239
v -4.472371 0.085191 -0.734061
v -4.155671 0.220691 -0.697761
v -4.343171 0.140491 0.022839
v -4.530671 0.060291 -0.697761
v -4.214071 0.195791 -0.734061
v -4.277371 0.168691 0.015239
v -4.581871 0.038391 -0.648861
v -4.277371 0.168691 -0.756461
v -4.214071 0.195791 -0.007161
v -4.623871 0.020391 -0.589161
v -4.155671 0.220691 -0.043461
v -4.655071 0.007091 -0.521161
v -4.030571 0.185891 -0.589161
v -4.055871 0.135491 -0.558561
v -4.028771 0.146091 -0.500061
v -3.999371 0.199291 -0.521161
v -4.591871 -0.054209 -0.152061
v -4.623071 -0.067609 -0.220061
v -3.980171 0.207491 -0.447361
v -4.549971 -0.036309 -0.092461
v -4.498771 -0.014409 -0.043461
v -4.440371 0.010591 -0.007161
v -4.377071 0.037691 -0.756461
v -4.311271 0.065791 -0.764061
v -4.072571 0.167991 -0.648861
v -4.377071 0.037691 0.015239
v -4.440371 0.010591 -0.734061
v -4.123771 0.146091 -0.697761
v -4.311271 0.065791 0.022839
v -4.498771 -0.014409 -0.697761
v -4.182071 0.121091 -0.734061
v -4.245371 0.093991 0.015239
v -4.549971 -0.036309 -0.648861
v -4.245371 0.093991 -0.756461
v -4.182071 0.121091 -0.007161
v -4.591871 -0.054209 -0.589161
v -4.123771 0.146091 -0.043461
v -4.623071 -0.067609 -0.521161
v -4.072571 0.167991 -0.092461
v -4.642271 -0.075809 -0.447361
v -4.030571 0.185891 -0.152061
v -4.648771 -0.078609 -0.370661
v -3.999371 0.199291 -0.220061
v -4.642271 -0.075809 -0.293861
v -3.961571 0.148391 -0.294661
v -3.980871 0.140791 -0.221561
v -4.028771 0.146091 -0.241161
v -4.012071 0.152591 -0.304661
v -4.412471 -0.004309 -0.058061
v -4.463271 -0.024209 -0.089261
v -4.357371 0.017291 -0.702461
v -4.300071 0.039791 -0.708961
v -4.092471 0.121091 -0.609861
v -4.357371 0.017291 -0.038761
v -4.412471 -0.004309 -0.683261
v -4.136971 0.103691 -0.651961
v -4.300071 0.039791 -0.032261
v -4.463271 -0.024209 -0.651961
v -4.187671 0.083791 -0.683261
v -4.242771 0.062191 -0.038761
v -4.507771 -0.041609 -0.609861
v -4.242771 0.062191 -0.702461
v -4.187671 0.083791 -0.058061
v -4.544271 -0.056009 -0.558561
v -4.136971 0.103691 -0.089261
v -4.571471 -0.066609 -0.500061
v -4.092471 0.121091 -0.131361
v -4.588171 -0.073109 -0.436661
v -4.055871 0.135491 -0.182661
v -4.593771 -0.075309 -0.370661
v -4.588171 -0.073109 -0.304661
v -4.571471 -0.066609 -0.241161
v -4.006371 0.154891 -0.370661
v -4.544271 -0.056009 -0.182661
v -4.012071 0.152591 -0.436661
v -4.507771 -0.041609 -0.131361
v -3.980871 0.140791 -0.519661
v -3.957271 0.068191 -0.519661
v -3.938071 0.075691 -0.446561
v -3.961571 0.148391 -0.446561
v -4.605471 -0.104009 -0.221561
v -4.624771 -0.111509 -0.294661
v -3.955071 0.150891 -0.370661
v -4.574271 -0.091709 -0.154261
v -4.532271 -0.075309 -0.095261
v -4.480971 -0.055209 -0.046761
v -4.012071 0.128591 -0.586961
v -4.422571 -0.032309 -0.010761
v -4.359171 -0.007409 -0.752661
v -4.293171 0.018391 -0.760061
v -4.054171 0.112091 -0.646061
v -4.359171 -0.007409 0.011339
v -4.422571 -0.032309 -0.730461
v -4.105371 0.091991 -0.694461
v -4.293171 0.018391 0.018839
v -4.480971 -0.055209 -0.694461
v -4.163771 0.069091 -0.730461
v -4.227271 0.044291 0.011339
v -4.532271 -0.075309 -0.646061
v -4.227271 0.044291 -0.752661
v -4.163771 0.069091 -0.010761
v -4.574271 -0.091709 -0.586961
v -4.105371 0.091991 -0.046761
v -4.605471 -0.104009 -0.519661
v -4.054171 0.112091 -0.095261
v -4.624771 -0.111509 -0.446561
v -4.012071 0.128591 -0.154261
v -4.631271 -0.114109 -0.370661
v -4.053071 -0.012009 -0.606461
v -4.030571 0.039491 -0.646061
v -4.081771 0.019391 -0.694461
v -4.097371 -0.027609 -0.647861
v -4.457471 -0.127809 -0.046761
v -4.508671 -0.147909 -0.095261
v -3.988571 0.055891 -0.586961
v -4.398971 -0.104909 -0.010761
v -4.335571 -0.080109 -0.752661
v -4.269671 -0.054209 -0.760061
v -4.335571 -0.080109 0.011339
v -4.398971 -0.104909 -0.730461
v -4.269671 -0.054209 0.018839
v -4.457471 -0.127809 -0.694461
v -4.140271 -0.003509 -0.730461
v -4.203671 -0.028409 0.011339
v -4.508671 -0.147909 -0.646061
v -4.203671 -0.028409 -0.752661
v -4.140271 -0.003509 -0.010761
v -4.550671 -0.164409 -0.586961
v -4.081771 0.019391 -0.046761
v -4.581971 -0.176609 -0.519661
v -4.030571 0.039491 -0.095261
v -4.601171 -0.184209 -0.446561
v -3.988571 0.055891 -0.154261
v -4.607671 -0.186709 -0.370661
v -3.957271 0.068191 -0.221561
v -4.601171 -0.184209 -0.294661
v -3.938071 0.075691 -0.294661
v -4.581971 -0.176609 -0.221561
v -3.931571 0.078291 -0.370661
v -4.550671 -0.164409 -0.154261
v -4.255071 -0.106109 -0.747761
v -4.190571 -0.083409 -0.740561
v -4.202671 -0.064809 -0.697661
v -4.259671 -0.084909 -0.704061
v -4.259671 -0.084909 -0.037161
v -4.316671 -0.105109 -0.043561
v -4.422071 -0.142209 -0.647861
v -4.371471 -0.124409 -0.678661
v -4.147871 -0.045509 -0.678661
v -4.202671 -0.064809 -0.043561
v -4.466271 -0.157909 -0.606461
v -4.147871 -0.045509 -0.062561
v -4.502671 -0.170709 -0.555861
v -4.097371 -0.027609 -0.093361
v -4.529671 -0.180209 -0.498261
v -4.053071 -0.012009 -0.134861
v -4.546271 -0.186109 -0.435661
v -4.016671 0.000791 -0.185361
v -4.551871 -0.188109 -0.370661
v -3.989671 0.010391 -0.243061
v -4.546271 -0.186109 -0.305561
v -3.973071 0.016191 -0.305561
v -4.529671 -0.180209 -0.243061
v -3.967471 0.018191 -0.370661
v -4.502671 -0.170709 -0.185361
v -3.973071 0.016191 -0.435661
v -4.466271 -0.157909 -0.134861
v -3.989671 0.010391 -0.498261
v -4.422071 -0.142209 -0.093361
v -4.016671 0.000791 -0.555861
v -4.371471 -0.124409 -0.062561
v -4.316671 -0.105109 -0.697661
v -3.949771 0.001691 -0.226261
v -3.934671 -0.067609 -0.226261
v -3.965271 -0.078409 -0.161061
v -3.980271 -0.009109 -0.161061
v -4.071471 -0.041309 -0.057061
v -4.128571 -0.061509 -0.022161
v -4.529871 -0.203109 -0.580161
v -4.560371 -0.213909 -0.514961
v -4.021371 -0.023609 -0.103961
v -4.579271 -0.220509 -0.444161
v -4.585571 -0.222809 -0.370661
v -4.579271 -0.220509 -0.297061
v -3.930971 0.008291 -0.297061
v -4.560371 -0.213909 -0.226261
v -3.924571 0.010491 -0.370661
v -4.529871 -0.203109 -0.161061
v -3.930971 0.008291 -0.444161
v -4.488771 -0.188609 -0.103961
v -3.949771 0.001691 -0.514961
v -4.438671 -0.170909 -0.057061
v -3.980271 -0.009109 -0.580161
v -4.381571 -0.150709 -0.022161
v -4.319571 -0.128909 -0.740561
v -4.021371 -0.023609 -0.637261
v -4.319571 -0.128909 -0.000761
v -4.381571 -0.150709 -0.719061
v -4.071471 -0.041309 -0.684161
v -4.255071 -0.106109 0.006539
v -4.438671 -0.170909 -0.684161
v -4.128571 -0.061509 -0.719061
v -4.190571 -0.083409 -0.000761
v -4.488771 -0.188609 -0.637261
v -3.955871 -0.117109 -0.370661
v -3.909571 -0.058709 -0.370661
v -3.915871 -0.061009 -0.444161
v -3.961271 -0.118709 -0.432161
v -4.564171 -0.289809 -0.297061
v -4.570571 -0.292009 -0.370661
v -3.915871 -0.061009 -0.297061
v -4.545371 -0.283109 -0.226261
v -4.514871 -0.272409 -0.161061
v -4.473771 -0.257809 -0.103961
v -3.934671 -0.067609 -0.514961
v -4.423671 -0.240209 -0.057061
v -3.965271 -0.078409 -0.580161
v -4.366471 -0.220009 -0.022161
v -4.240071 -0.175409 -0.747761
v -4.304471 -0.198109 -0.740561
v -4.006371 -0.092909 -0.637261
v -4.304471 -0.198109 -0.000761
v -4.366471 -0.220009 -0.719061
v -4.056471 -0.110609 -0.684161
v -4.240071 -0.175409 0.006539
v -4.423671 -0.240209 -0.684161
v -4.113571 -0.130709 -0.719061
v -4.175571 -0.152609 -0.000761
v -4.473771 -0.257809 -0.637261
v -4.175571 -0.152609 -0.740561
v -4.113571 -0.130709 -0.022161
v -4.514871 -0.272409 -0.580161
v -4.056471 -0.110609 -0.057061
v -4.545371 -0.283109 -0.514961
v -4.006371 -0.092909 -0.103961
v -4.564171 -0.289809 -0.444161
v -4.234571 -0.200809 -0.686261
v -4.288871 -0.217109 -0.680161
v -4.294671 -0.252609 -0.728261
v -4.231871 -0.233709 -0.735361
v -4.431571 -0.260009 -0.147461
v -4.466171 -0.270409 -0.195261
v -3.977071 -0.123409 -0.491361
v -4.389371 -0.247309 -0.108161
v -4.002871 -0.131209 -0.545961
v -4.341171 -0.232809 -0.079061
v -4.037471 -0.141609 -0.593761
v -4.288871 -0.217109 -0.061061
v -4.341171 -0.232809 -0.662161
v -4.079771 -0.154309 -0.633061
v -4.234571 -0.200809 -0.055061
v -4.389371 -0.247309 -0.633061
v -4.127871 -0.168709 -0.662161
v -4.180171 -0.184409 -0.061061
v -4.431571 -0.260009 -0.593761
v -4.180171 -0.184409 -0.680161
v -4.127871 -0.168709 -0.079061
v -4.466171 -0.270409 -0.545961
v -4.079771 -0.154309 -0.108161
v -4.491971 -0.278109 -0.491361
v -4.037471 -0.141609 -0.147461
v -4.507771 -0.282909 -0.432161
v -4.002871 -0.131209 -0.195261
v -4.513171 -0.284509 -0.370661
v -3.977071 -0.123409 -0.249861
v -4.507771 -0.282909 -0.309061
v -3.961271 -0.118709 -0.309061
v -4.491971 -0.278109 -0.249861
v -4.459471 -0.302109 -0.628461
v -4.453571 -0.374209 -0.628461
v -4.404771 -0.359509 -0.673861
v -4.410671 -0.287509 -0.673861
v -4.004171 -0.165309 -0.628461
v -3.964171 -0.153309 -0.573261
v -4.294671 -0.252609 -0.012961
v -4.355071 -0.270709 -0.033661
v -4.355071 -0.270709 -0.707561
v -4.052971 -0.180009 -0.673861
v -4.231871 -0.233709 -0.005961
v -4.108671 -0.196709 -0.707561
v -4.169071 -0.214809 -0.012961
v -4.169071 -0.214809 -0.728261
v -4.108671 -0.196709 -0.033661
v -4.499571 -0.314109 -0.573261
v -4.052971 -0.180009 -0.067361
v -4.529271 -0.323109 -0.510161
v -4.004171 -0.165309 -0.112761
v -4.547571 -0.328609 -0.441761
v -3.964171 -0.153309 -0.168061
v -4.553771 -0.330409 -0.370661
v -3.934371 -0.144309 -0.231061
v -4.547571 -0.328609 -0.299461
v -3.916071 -0.138809 -0.299461
v -4.529271 -0.323109 -0.231061
v -3.909871 -0.137009 -0.370661
v -4.499571 -0.314109 -0.168061
v -3.916071 -0.138809 -0.441761
v -4.459471 -0.302109 -0.112761
v -3.934371 -0.144309 -0.510161
v -4.410671 -0.287509 -0.067361
v -4.489771 -0.393209 -0.430261
v -4.474371 -0.389009 -0.487561
v -4.523371 -0.395109 -0.510161
v -4.541771 -0.400609 -0.441761
v -4.163171 -0.286909 -0.728261
v -4.102771 -0.268809 -0.707561
v -4.102771 -0.268809 -0.033661
v -4.163171 -0.286909 -0.012961
v -4.493671 -0.386209 -0.573261
v -4.225971 -0.305809 -0.735361
v -4.047071 -0.252009 -0.067361
v -3.998271 -0.237409 -0.112761
v -3.958271 -0.225309 -0.168061
v -4.547871 -0.402509 -0.370661
v -3.928471 -0.216409 -0.231061
v -4.541771 -0.400609 -0.299461
v -3.910171 -0.210909 -0.299461
v -4.523371 -0.395109 -0.231061
v -3.903971 -0.209009 -0.370661
v -4.493671 -0.386209 -0.168061
v -3.910171 -0.210909 -0.441761
v -4.453571 -0.374209 -0.112761
v -3.928471 -0.216409 -0.510161
v -4.404771 -0.359509 -0.067361
v -3.958271 -0.225309 -0.573261
v -4.349171 -0.342809 -0.033661
v -4.288771 -0.324609 -0.728261
v -3.998271 -0.237409 -0.628461
v -4.288771 -0.324609 -0.012961
v -4.349171 -0.342809 -0.707561
v -4.047071 -0.252009 -0.673861
v -4.225971 -0.305809 -0.005961
v -4.474371 -0.389009 -0.253661
v -4.514971 -0.419309 -0.234461
v -4.532871 -0.424209 -0.301261
v -4.489771 -0.393209 -0.310961
v -4.000071 -0.258909 -0.200761
v -4.033671 -0.268209 -0.154461
v -4.494971 -0.394609 -0.370661
v -3.975071 -0.252109 -0.253661
v -3.959671 -0.247909 -0.310961
v -3.954571 -0.246509 -0.370661
v -4.449371 -0.382109 -0.200761
v -3.959671 -0.247909 -0.430261
v -4.415771 -0.372909 -0.154461
v -3.975071 -0.252109 -0.487561
v -4.374871 -0.361709 -0.116461
v -4.000071 -0.258909 -0.540461
v -4.328171 -0.348909 -0.088161
v -4.277471 -0.335009 -0.670461
v -4.224771 -0.320509 -0.676361
v -4.033671 -0.268209 -0.586761
v -4.277471 -0.335009 -0.070861
v -4.328171 -0.348909 -0.653061
v -4.074571 -0.279409 -0.624761
v -4.224771 -0.320509 -0.064961
v -4.374871 -0.361709 -0.624761
v -4.121371 -0.292209 -0.653061
v -4.172071 -0.306109 -0.070861
v -4.415771 -0.372909 -0.586761
v -4.172071 -0.306109 -0.670461
v -4.121371 -0.292209 -0.088161
v -4.449371 -0.382109 -0.540461
v -4.074571 -0.279409 -0.116461
v -4.399171 -0.387509 -0.074761
v -4.397871 -0.459709 -0.074761
v -4.445571 -0.472809 -0.119061
v -4.446771 -0.400609 -0.119061
v -3.909871 -0.253409 -0.370661
v -3.915971 -0.255109 -0.301261
v -4.485971 -0.411309 -0.172961
v -3.915971 -0.255109 -0.440061
v -3.933871 -0.260009 -0.506761
v -3.962871 -0.267909 -0.568261
v -4.344771 -0.372609 -0.041861
v -4.285771 -0.356409 -0.719561
v -4.224371 -0.339609 -0.726461
v -4.001971 -0.278709 -0.622261
v -4.285771 -0.356409 -0.021661
v -4.344771 -0.372609 -0.699361
v -4.049671 -0.291709 -0.666461
v -4.224371 -0.339609 -0.014861
v -4.399171 -0.387509 -0.666461
v -4.104071 -0.306609 -0.699361
v -4.163071 -0.322809 -0.021661
v -4.446771 -0.400609 -0.622261
v -4.163071 -0.322809 -0.719561
v -4.104071 -0.306609 -0.041861
v -4.485971 -0.411309 -0.568261
v -4.049671 -0.291709 -0.074761
v -4.514971 -0.419309 -0.506761
v -4.001971 -0.278709 -0.119061
v -4.532871 -0.424209 -0.440061
v -3.962871 -0.267909 -0.172961
v -4.538971 -0.425809 -0.370661
v -3.933871 -0.260009 -0.234461
v -4.223171 -0.411809 -0.014861
v -4.222671 -0.440009 -0.060561
v -4.275871 -0.450609 -0.066561
v -4.284571 -0.428709 -0.021661
v -3.961671 -0.340209 -0.568261
v -3.932571 -0.332209 -0.506761
v -4.343571 -0.444809 -0.041861
v -4.284571 -0.428709 -0.719561
v -4.223171 -0.411809 -0.726461
v -4.000771 -0.350909 -0.622261
v -4.343571 -0.444809 -0.699361
v -4.048471 -0.363909 -0.666461
v -4.397871 -0.459709 -0.666461
v -4.102771 -0.378809 -0.699361
v -4.161771 -0.395009 -0.021661
v -4.445571 -0.472809 -0.622261
v -4.161771 -0.395009 -0.719561
v -4.102771 -0.378809 -0.041861
v -4.484671 -0.483509 -0.568261
v -4.048471 -0.363909 -0.074761
v -4.513771 -0.491509 -0.506761
v -4.000771 -0.350909 -0.119061
v -4.531671 -0.496409 -0.440061
v -3.961671 -0.340209 -0.172961
v -4.537671 -0.498009 -0.370661
v -3.932571 -0.332209 -0.234461
v -4.531671 -0.496409 -0.301261
v -3.914671 -0.327309 -0.301261
v -4.513771 -0.491509 -0.234461
v -3.908671 -0.325609 -0.370661
v -4.484671 -0.483509 -0.172961
v -3.914671 -0.327309 -0.440061
v -4.071271 -0.409809 -0.112861
v -4.053371 -0.419909 -0.078761
v -4.106771 -0.430509 -0.046361
v -4.118371 -0.419209 -0.084161
v -4.374171 -0.470209 -0.628461
v -4.327071 -0.460809 -0.657061
v -4.118371 -0.419209 -0.657061
v -4.071271 -0.409809 -0.628461
v -4.169471 -0.429409 -0.066561
v -4.415471 -0.478509 -0.589861
v -4.169471 -0.429409 -0.674761
v -4.449371 -0.485309 -0.542861
v -4.222671 -0.440009 -0.680661
v -4.474571 -0.490309 -0.489261
v -4.029871 -0.401609 -0.151361
v -4.490071 -0.493409 -0.431161
v -3.995971 -0.394809 -0.198361
v -4.495271 -0.494409 -0.370661
v -3.970771 -0.389809 -0.251961
v -4.490071 -0.493409 -0.310161
v -3.955271 -0.386709 -0.310161
v -4.474571 -0.490309 -0.251961
v -3.950071 -0.385609 -0.370661
v -4.449371 -0.485309 -0.198361
v -3.955271 -0.386709 -0.431161
v -4.415471 -0.478509 -0.151361
v -3.970771 -0.389809 -0.489261
v -4.374171 -0.470209 -0.112861
v -3.995971 -0.394809 -0.542861
v -4.327071 -0.460809 -0.084161
v -4.275871 -0.450609 -0.674761
v -4.029871 -0.401609 -0.589861
v -3.939671 -0.397209 -0.236261
v -3.950971 -0.470309 -0.236261
v -3.979471 -0.476009 -0.175561
v -3.968271 -0.402909 -0.175561
v -4.481471 -0.505309 -0.565661
v -4.509971 -0.511009 -0.504961
v -4.006571 -0.410509 -0.122461
v -4.527571 -0.514509 -0.439061
v -4.533471 -0.515709 -0.370661
v -4.527571 -0.514509 -0.302161
v -3.922171 -0.393709 -0.302161
v -4.509971 -0.511009 -0.236261
v -3.916171 -0.392509 -0.370661
v -4.481471 -0.505309 -0.175561
v -3.922171 -0.393709 -0.439061
v -4.443071 -0.497609 -0.122461
v -3.939671 -0.397209 -0.504961
v -4.396371 -0.488309 -0.078761
v -3.968271 -0.402909 -0.565661
v -4.342971 -0.477609 -0.046361
v -4.285071 -0.466109 -0.714861
v -4.224871 -0.454109 -0.721661
v -4.006571 -0.410509 -0.618861
v -4.285071 -0.466109 -0.026361
v -4.342971 -0.477609 -0.694961
v -4.053371 -0.419909 -0.662461
v -4.224871 -0.454109 -0.019561
v -4.396371 -0.488309 -0.662461
v -4.106771 -0.430509 -0.694961
v -4.164671 -0.442109 -0.026361
v -4.443071 -0.497609 -0.618861
v -4.164671 -0.442109 -0.714861
v -3.933471 -0.466809 -0.439061
v -3.972171 -0.505009 -0.431561
v -3.966971 -0.504109 -0.370661
v -3.927471 -0.465609 -0.370661
v -4.538871 -0.587609 -0.302161
v -4.544771 -0.588809 -0.370661
v -3.933471 -0.466809 -0.302161
v -4.521271 -0.584109 -0.236261
v -4.492771 -0.578409 -0.175561
v -4.454371 -0.570809 -0.122461
v -3.950971 -0.470309 -0.504961
v -4.407571 -0.561409 -0.078761
v -3.979471 -0.476009 -0.565661
v -4.354271 -0.550809 -0.046361
v -4.236171 -0.527209 -0.721661
v -4.296371 -0.539209 -0.714861
v -4.017871 -0.483709 -0.618861
v -4.296371 -0.539209 -0.026361
v -4.354271 -0.550809 -0.694961
v -4.064671 -0.493009 -0.662461
v -4.236171 -0.527209 -0.019561
v -4.407571 -0.561409 -0.662461
v -4.118071 -0.503609 -0.694961
v -4.175971 -0.515209 -0.026361
v -4.454371 -0.570809 -0.618861
v -4.175971 -0.515209 -0.714861
v -4.118071 -0.503609 -0.046361
v -4.492771 -0.578409 -0.565661
v -4.064671 -0.493009 -0.078761
v -4.521271 -0.584109 -0.504961
v -4.017871 -0.483709 -0.122461
v -4.538871 -0.587609 -0.439061
v -4.175971 -0.561309 -0.026261
v -4.186271 -0.540009 -0.064461
v -4.135171 -0.531709 -0.082261
v -4.118471 -0.551909 -0.046261
v -4.432171 -0.580309 -0.149861
v -4.466071 -0.585809 -0.197161
v -3.987671 -0.507509 -0.490061
v -4.390871 -0.573509 -0.111061
v -4.012871 -0.511609 -0.544061
v -4.343771 -0.565809 -0.082261
v -4.292671 -0.557509 -0.676761
v -4.239471 -0.548709 -0.682761
v -4.046771 -0.517209 -0.591361
v -4.292671 -0.557509 -0.064461
v -4.343771 -0.565809 -0.659061
v -4.088071 -0.524009 -0.630161
v -4.239471 -0.548709 -0.058461
v -4.390871 -0.573509 -0.630161
v -4.135171 -0.531709 -0.659061
v -4.432171 -0.580309 -0.591361
v -4.186271 -0.540009 -0.676761
v -4.466071 -0.585809 -0.544061
v -4.088071 -0.524009 -0.111061
v -4.491271 -0.590009 -0.490061
v -4.046771 -0.517209 -0.149861
v -4.506771 -0.592509 -0.431561
v -4.012871 -0.511609 -0.197161
v -4.511971 -0.593409 -0.370661
v -3.987671 -0.507509 -0.251161
v -4.506771 -0.592509 -0.309761
v -3.972171 -0.505009 -0.309761
v -4.491271 -0.590009 -0.251161
v -4.010571 -0.587409 -0.122361
v -4.019071 -0.535609 -0.122361
v -3.980871 -0.529309 -0.175561
v -3.972471 -0.581209 -0.175561
v -4.490671 -0.612809 -0.565661
v -4.452571 -0.606609 -0.618961
v -4.235771 -0.571109 -0.721761
v -4.175971 -0.561309 -0.715061
v -4.065471 -0.543209 -0.078661
v -4.518971 -0.617509 -0.504961
v -4.536471 -0.620309 -0.439161
v -4.542371 -0.621309 -0.370661
v -3.952571 -0.524709 -0.236261
v -4.536471 -0.620309 -0.302161
v -3.935171 -0.521809 -0.302161
v -4.518971 -0.617509 -0.236261
v -3.929271 -0.520909 -0.370661
v -4.490671 -0.612809 -0.175561
v -3.935171 -0.521809 -0.439161
v -4.452571 -0.606609 -0.122361
v -3.952571 -0.524709 -0.504961
v -4.406071 -0.599009 -0.078661
v -3.980871 -0.529309 -0.565661
v -4.353071 -0.590309 -0.046261
v -4.295571 -0.580909 -0.715061
v -4.019071 -0.535609 -0.618961
v -4.295571 -0.580909 -0.026261
v -4.353071 -0.590309 -0.695061
v -4.065471 -0.543209 -0.662561
v -4.235771 -0.571109 -0.019461
v -4.406071 -0.599009 -0.662561
v -4.118471 -0.551909 -0.695061
v -3.948671 -0.645809 -0.309061
v -3.926671 -0.573709 -0.302161
v -3.920771 -0.572709 -0.370661
v -3.943371 -0.645609 -0.370661
v -4.527971 -0.672209 -0.439161
v -4.533871 -0.673109 -0.370661
v -3.944071 -0.576509 -0.236261
v -4.527971 -0.672209 -0.302161
v -4.510571 -0.669309 -0.236261
v -4.482171 -0.664709 -0.175561
v -3.926671 -0.573709 -0.439161
v -4.444071 -0.658409 -0.122361
v -3.944071 -0.576509 -0.504961
v -4.397671 -0.650809 -0.078661
v -3.972471 -0.581209 -0.565661
v -4.344671 -0.642109 -0.046261
v -4.287071 -0.632709 -0.715061
v -4.227271 -0.622909 -0.721761
v -4.010571 -0.587409 -0.618961
v -4.287071 -0.632709 -0.026261
v -4.344671 -0.642109 -0.695061
v -4.056971 -0.595009 -0.662561
v -4.227271 -0.622909 -0.019461
v -4.397671 -0.650809 -0.662561
v -4.109971 -0.603709 -0.695061
v -4.167471 -0.613109 -0.026261
v -4.444071 -0.658409 -0.618961
v -4.167471 -0.613109 -0.715061
v -4.109971 -0.603709 -0.046261
v -4.482171 -0.664709 -0.565661
v -4.056971 -0.595009 -0.078661
v -4.510571 -0.669309 -0.504961
v -4.276871 -0.654009 -0.680161
v -4.329271 -0.655409 -0.662261
v -4.377471 -0.656609 -0.633061
v -4.419771 -0.657609 -0.593761
v -4.454571 -0.658509 -0.545961
v -4.480271 -0.659209 -0.491361
v -4.496171 -0.659609 -0.432161
v -4.501571 -0.659709 -0.370661
v -4.496171 -0.659609 -0.309061
v -4.480271 -0.659209 -0.249861
v -4.454571 -0.658509 -0.195261
v -4.419771 -0.657609 -0.147461
v -4.377471 -0.656609 -0.108161
v -4.329271 -0.655409 -0.079061
v -4.276871 -0.654009 -0.061061
v -4.222471 -0.652709 -0.054961
v -4.167971 -0.651309 -0.061061
v -4.115671 -0.650009 -0.079061
v -4.067371 -0.648809 -0.108161
v -4.025071 -0.647709 -0.147461
v -3.990371 -0.646809 -0.195261
v -3.964571 -0.646209 -0.249861
v -3.948671 -0.645809 -0.432161
v -3.964571 -0.646209 -0.491361
v -3.990371 -0.646809 -0.545961
v -4.025071 -0.647709 -0.593761
v -4.067371 -0.648809 -0.633061
v -4.115671 -0.650009 -0.662261
v -4.167971 -0.651309 -0.680161
v -4.222471 -0.652709 -0.686261
vn 0.3933 -0.9194 0.0001
vn 0.3933 -0.9194 -0.0000
vn 0.3931 -0.9195 0.0001
vn 0.3930 -0.9195 0.0001
vn 0.3934 -0.9194 -0.0001
vn 0.3934 -0.9194 -0.0000
vn 0.3931 -0.9195 -0.0000
vn 0.3930 -0.9195 -0.0001
vn 0.3935 -0.9193 0.0001
vn 0.3933 -0.9194 -0.0001
vn 0.3935 -0.9193 -0.0000
vn 0.1219 0.9915 -0.0461
vn 0.1218 0.9915 -0.0461
vn 0.1218 0.9915 -0.0460
vn 0.4571 0.1956 -0.8676
vn 0.4572 0.1961 -0.8675
vn 0.4572 0.1957 -0.8676
vn 0.4573 0.1956 -0.8676
vn 0.0965 0.0413 0.9945
vn 0.0964 0.0411 0.9945
vn 0.0965 0.0412 0.9945
vn -0.7297 -0.3125 0.6081
vn -0.7299 -0.3123 0.6080
vn -0.7297 -0.3125 0.6082
vn -0.7297 -0.3119 0.6085
vn 0.2840 0.1216 -0.9511
vn 0.2842 0.1215 -0.9510
vn 0.2839 0.1216 -0.9511
vn 0.2837 0.1217 -0.9512
vn 0.2839 0.1216 0.9511
vn 0.2839 0.1213 0.9512
vn 0.2840 0.1219 0.9510
vn -0.6072 -0.2600 0.7508
vn -0.6071 -0.2595 0.7511
vn -0.6072 -0.2601 0.7508
vn -0.6072 -0.2601 0.7507
vn 0.0965 0.0413 -0.9945
vn 0.0964 0.0414 -0.9945
vn 0.0966 0.0413 -0.9945
vn 0.4566 0.1956 0.8679
vn 0.4570 0.1955 0.8677
vn 0.4569 0.1955 0.8678
vn 0.4568 0.1954 0.8678
vn -0.4570 -0.1955 0.8677
vn -0.4570 -0.1954 0.8678
vn -0.0964 -0.0413 -0.9945
vn -0.0965 -0.0413 -0.9945
vn 0.6076 0.2598 0.7505
vn 0.6074 0.2598 0.7507
vn 0.6077 0.2598 0.7505
vn -0.2840 -0.1214 0.9511
vn -0.2841 -0.1217 0.9510
vn -0.2842 -0.1217 0.9510
vn -0.2842 -0.1216 0.9510
vn -0.2840 -0.1214 -0.9511
vn -0.2843 -0.1213 -0.9510
vn -0.2838 -0.1216 -0.9512
vn 0.7298 0.3122 0.6082
vn 0.7299 0.3123 0.6080
vn -0.0964 -0.0413 0.9945
vn -0.4570 -0.1955 -0.8677
vn -0.4571 -0.1955 -0.8677
vn 0.8227 0.3524 0.4461
vn 0.8229 0.3520 0.4460
vn 0.8228 0.3523 0.4461
vn 0.8227 0.3521 0.4463
vn -0.6072 -0.2598 -0.7509
vn -0.6071 -0.2598 -0.7509
vn 0.8846 0.3786 0.2724
vn 0.8846 0.3785 0.2724
vn 0.8845 0.3787 0.2725
vn -0.7299 -0.3124 -0.6079
vn -0.7299 -0.3123 -0.6080
vn -0.7299 -0.3124 -0.6080
vn 0.9156 0.3917 0.0915
vn 0.9155 0.3918 0.0915
vn 0.9155 0.3917 0.0915
vn -0.8227 -0.3517 -0.4466
vn -0.8227 -0.3521 -0.4463
vn 0.9156 0.3916 -0.0915
vn 0.9156 0.3917 -0.0915
vn 0.9155 0.3917 -0.0915
vn -0.8846 -0.3785 -0.2724
vn -0.8846 -0.3786 -0.2724
vn -0.8846 -0.3784 -0.2725
vn 0.8847 0.3784 -0.2724
vn 0.8846 0.3785 -0.2724
vn 0.8847 0.3783 -0.2724
vn -0.9156 -0.3915 -0.0918
vn -0.9155 -0.3917 -0.0915
vn -0.9156 -0.3915 -0.0919
vn -0.9155 -0.3917 -0.0917
vn 0.8228 0.3523 -0.4461
vn 0.8229 0.3520 -0.4461
vn 0.8228 0.3520 -0.4462
vn 0.8227 0.3520 -0.4463
vn -0.9156 -0.3915 0.0918
vn -0.9156 -0.3915 0.0916
vn -0.9156 -0.3915 0.0919
vn -0.9155 -0.3917 0.0915
vn 0.7301 0.3121 -0.6079
vn -0.8847 -0.3783 0.2724
vn -0.8848 -0.3782 0.2723
vn -0.8847 -0.3784 0.2723
vn -0.8846 -0.3784 0.2725
vn 0.6072 0.2598 -0.7509
vn 0.6071 0.2597 -0.7510
vn -0.8227 -0.3517 0.4466
vn -0.8227 -0.3521 0.4463
vn 0.6235 -0.7524 -0.2123
vn 0.6235 -0.7524 -0.2125
vn 0.6235 -0.7524 -0.2124
vn 0.6235 -0.7524 -0.2122
vn -0.7844 0.6050 -0.1368
vn -0.7845 0.6048 -0.1368
vn 0.1042 0.9851 -0.1368
vn -0.8012 0.5966 -0.0461
vn -0.8012 0.5967 -0.0461
vn -0.8011 0.5967 -0.0461
vn 0.0695 0.9724 -0.2226
vn -0.8011 0.5967 0.0461
vn -0.8012 0.5966 0.0461
vn -0.8010 0.5969 0.0461
vn 0.0190 0.9535 -0.3006
vn 0.0188 0.9535 -0.3008
vn 0.0190 0.9536 -0.3006
vn 0.0190 0.9536 -0.3005
vn -0.7846 0.6048 0.1368
vn -0.7845 0.6048 0.1368
vn -0.7844 0.6050 0.1369
vn -0.7844 0.6049 0.1368
vn -0.0460 0.9289 -0.3674
vn -0.0460 0.9289 -0.3673
vn -0.0460 0.9290 -0.3672
vn -0.7513 0.6213 0.2226
vn -0.7513 0.6212 0.2226
vn -0.1227 0.8990 -0.4204
vn -0.1226 0.8990 -0.4204
vn -0.2991 0.8268 0.4764
vn -0.2991 0.8269 0.4761
vn -0.2989 0.8269 0.4762
vn -0.2990 0.8268 0.4764
vn -0.7028 0.6447 0.3007
vn -0.7025 0.6451 0.3006
vn -0.7026 0.6449 0.3006
vn -0.7027 0.6449 0.3005
vn -0.2082 0.8646 -0.4574
vn -0.2083 0.8646 -0.4572
vn -0.2083 0.8646 -0.4573
vn -0.2082 0.8645 -0.4575
vn -0.2084 0.8647 0.4571
vn -0.2083 0.8646 0.4573
vn -0.2085 0.8646 0.4572
vn -0.2085 0.8647 0.4570
vn -0.6402 0.6747 0.3674
vn -0.6401 0.6747 0.3674
vn -0.6402 0.6746 0.3676
vn -0.6403 0.6747 0.3672
vn -0.2991 0.8269 -0.4762
vn -0.1222 0.8991 0.4203
vn -0.1222 0.8992 0.4202
vn -0.1225 0.8991 0.4202
vn -0.1226 0.8990 0.4205
vn -0.5655 0.7096 0.4204
vn -0.5655 0.7095 0.4204
vn -0.3915 0.7876 -0.4759
vn -0.3915 0.7875 -0.4761
vn -0.0457 0.9289 0.3675
vn -0.0457 0.9289 0.3676
vn -0.0458 0.9289 0.3674
vn -0.0462 0.9289 0.3675
vn -0.4815 0.7477 0.4573
vn -0.4814 0.7478 0.4573
vn -0.4816 0.7477 0.4572
vn -0.4815 0.7477 -0.4573
vn -0.4816 0.7477 -0.4572
vn -0.4815 0.7477 -0.4572
vn 0.0190 0.9535 0.3007
vn 0.0189 0.9536 0.3006
vn 0.0190 0.9535 0.3008
vn -0.3915 0.7873 0.4764
vn -0.3914 0.7873 0.4765
vn -0.3914 0.7873 0.4764
vn -0.3915 0.7873 0.4763
vn -0.5655 0.7095 -0.4204
vn -0.5655 0.7096 -0.4204
vn 0.0696 0.9724 0.2226
vn 0.0695 0.9724 0.2226
vn 0.0697 0.9724 0.2226
vn -0.6401 0.6748 -0.3673
vn -0.6401 0.6748 -0.3674
vn -0.6401 0.6747 -0.3675
vn 0.1041 0.9851 0.1368
vn 0.1042 0.9851 0.1368
vn -0.7027 0.6449 -0.3005
vn -0.7028 0.6448 -0.3005
vn 0.1218 0.9915 0.0461
vn 0.1218 0.9915 0.0460
vn -0.7513 0.6213 -0.2226
vn 0.2841 0.1215 -0.9511
vn 0.2840 0.1214 -0.9511
vn 0.2840 0.1215 -0.9511
vn 0.0526 -0.9939 0.0970
vn 0.0527 -0.9939 0.0970
vn 0.0528 -0.9939 0.0969
vn 0.5787 -0.7732 -0.2593
vn 0.5785 -0.7735 -0.2590
vn 0.5787 -0.7733 -0.2592
vn 0.0776 -0.9844 0.1576
vn 0.0776 -0.9845 0.1575
vn 0.0776 -0.9845 0.1576
vn 0.5257 -0.7974 -0.2962
vn 0.5257 -0.7974 -0.2963
vn 0.5257 -0.7975 -0.2962
vn 0.4029 -0.8518 0.3349
vn 0.4029 -0.8518 0.3348
vn 0.1136 -0.9706 0.2124
vn 0.1134 -0.9706 0.2124
vn 0.1135 -0.9706 0.2124
vn 0.4663 -0.8240 -0.3218
vn 0.4663 -0.8240 -0.3217
vn 0.4664 -0.8240 -0.3219
vn 0.4664 -0.8240 0.3218
vn 0.4663 -0.8240 0.3217
vn 0.1596 -0.9525 0.2593
vn 0.1596 -0.9525 0.2594
vn 0.1594 -0.9525 0.2593
vn 0.1596 -0.9525 0.2592
vn 0.4025 -0.8519 -0.3351
vn 0.4029 -0.8518 -0.3348
vn 0.4029 -0.8518 -0.3349
vn 0.4028 -0.8518 -0.3350
vn 0.5257 -0.7974 0.2963
vn 0.5257 -0.7974 0.2964
vn 0.2138 -0.9309 0.2962
vn 0.2140 -0.9309 0.2962
vn 0.2139 -0.9309 0.2962
vn 0.3379 -0.8796 -0.3349
vn 0.3379 -0.8796 -0.3348
vn 0.3381 -0.8796 -0.3347
vn 0.3379 -0.8795 -0.3350
vn 0.5786 -0.7733 0.2593
vn 0.5788 -0.7732 0.2592
vn 0.5787 -0.7732 0.2592
vn 0.2740 -0.9063 0.3217
vn 0.2740 -0.9063 -0.3218
vn 0.2740 -0.9064 -0.3216
vn 0.2740 -0.9063 -0.3219
vn 0.6235 -0.7524 0.2124
vn 0.3380 -0.8796 0.3348
vn 0.3379 -0.8796 0.3348
vn 0.3379 -0.8796 0.3349
vn 0.3381 -0.8796 0.3348
vn 0.2138 -0.9309 -0.2962
vn 0.2139 -0.9309 -0.2961
vn 0.6585 -0.7359 0.1576
vn 0.1595 -0.9526 -0.2591
vn 0.1593 -0.9526 -0.2592
vn 0.1596 -0.9526 -0.2592
vn 0.1596 -0.9525 -0.2592
vn 0.6824 -0.7245 0.0969
vn 0.1135 -0.9706 -0.2124
vn 0.1136 -0.9706 -0.2124
vn 0.1135 -0.9705 -0.2125
vn 0.1136 -0.9706 -0.2123
vn 0.6945 -0.7187 0.0327
vn 0.6946 -0.7187 0.0327
vn 0.0776 -0.9845 -0.1576
vn 0.0776 -0.9844 -0.1576
vn 0.0775 -0.9845 -0.1576
vn 0.0774 -0.9845 -0.1576
vn 0.6947 -0.7186 -0.0327
vn 0.6948 -0.7185 -0.0327
vn 0.6946 -0.7186 -0.0327
vn 0.6946 -0.7187 -0.0327
vn 0.0529 -0.9939 -0.0969
vn 0.0528 -0.9939 -0.0969
vn 0.6824 -0.7245 -0.0969
vn 0.6825 -0.7245 -0.0967
vn 0.6825 -0.7244 -0.0969
vn 0.0399 -0.9987 -0.0327
vn 0.0402 -0.9987 -0.0327
vn 0.6585 -0.7359 -0.1576
vn 0.0402 -0.9987 0.0327
vn 0.0403 -0.9987 0.0328
vn -0.4812 0.7505 -0.4530
vn -0.4814 0.7503 -0.4532
vn -0.4813 0.7504 -0.4530
vn 0.2841 0.1215 0.9511
vn 0.2837 0.1214 0.9512
vn 0.2842 0.1216 0.9510
vn 0.2840 0.1214 0.9511
vn -0.6071 -0.2597 0.7509
vn -0.6072 -0.2598 0.7509
vn -0.6072 -0.2598 0.7508
vn 0.0968 0.0414 -0.9944
vn 0.0968 0.0413 -0.9944
vn 0.4571 0.1955 0.8677
vn 0.4575 0.1956 0.8675
vn 0.4575 0.1957 0.8674
vn -0.4575 -0.1956 0.8675
vn -0.4573 -0.1956 0.8675
vn -0.4572 -0.1955 0.8676
vn -0.4573 -0.1955 0.8675
vn -0.0962 -0.0413 -0.9945
vn -0.0963 -0.0412 -0.9945
vn -0.0964 -0.0412 -0.9945
vn 0.6071 0.2596 0.7510
vn 0.6072 0.2598 0.7509
vn 0.6069 0.2593 0.7513
vn -0.2841 -0.1215 0.9511
vn -0.2840 -0.1215 -0.9511
vn -0.2842 -0.1216 -0.9510
vn 0.7300 0.3121 0.6081
vn 0.7300 0.3123 0.6079
vn 0.7299 0.3119 0.6083
vn -0.0965 -0.0413 0.9945
vn -0.0961 -0.0412 0.9945
vn -0.0963 -0.0412 0.9945
vn -0.4572 -0.1955 -0.8676
vn 0.8228 0.3521 0.4462
vn 0.8227 0.3520 0.4463
vn 0.8228 0.3520 0.4463
vn -0.6071 -0.2597 -0.7510
vn -0.6070 -0.2596 -0.7511
vn 0.8846 0.3785 0.2725
vn 0.8846 0.3784 0.2726
vn 0.8845 0.3787 0.2723
vn 0.8847 0.3784 0.2725
vn -0.7300 -0.3121 -0.6081
vn -0.7300 -0.3123 -0.6079
vn -0.7299 -0.3121 -0.6081
vn -0.7299 -0.3125 -0.6080
vn 0.9155 0.3917 0.0916
vn -0.8227 -0.3519 -0.4464
vn -0.8227 -0.3520 -0.4463
vn -0.8228 -0.3520 -0.4463
vn -0.8845 -0.3788 -0.2723
vn -0.8845 -0.3791 -0.2720
vn -0.8845 -0.3787 -0.2723
vn -0.8846 -0.3784 -0.2726
vn 0.8845 0.3788 -0.2723
vn 0.8847 0.3785 -0.2720
vn 0.8845 0.3787 -0.2723
vn 0.8227 0.3520 -0.4464
vn 0.8228 0.3520 -0.4463
vn 0.8228 0.3526 -0.4457
vn -0.9155 -0.3918 0.0912
vn -0.9155 -0.3917 0.0916
vn -0.9155 -0.3918 0.0913
vn -0.9155 -0.3919 0.0910
vn 0.7300 0.3121 -0.6081
vn 0.7298 0.3122 -0.6083
vn 0.7299 0.3121 -0.6081
vn 0.7299 0.3124 -0.6080
vn -0.8845 -0.3787 0.2723
vn -0.8847 -0.3785 0.2720
vn -0.8845 -0.3788 0.2723
vn -0.8843 -0.3790 0.2726
vn 0.6070 0.2596 -0.7511
vn -0.8228 -0.3523 0.4460
vn -0.8227 -0.3520 0.4463
vn -0.8226 -0.3525 0.4463
vn 0.4571 0.1955 -0.8677
vn 0.4570 0.1955 -0.8677
vn 0.0968 0.0414 0.9944
vn 0.0968 0.0413 0.9944
vn -0.7299 -0.3124 0.6080
vn -0.7299 -0.3121 0.6081
vn -0.7298 -0.3122 0.6083
vn -0.0840 -0.9362 -0.3414
vn -0.0843 -0.9362 -0.3413
vn -0.0840 -0.9361 -0.3414
vn 0.0149 0.9546 0.2976
vn 0.0148 0.9546 0.2974
vn 0.0148 0.9545 0.2978
vn 0.0146 0.9545 0.2978
vn -0.3921 0.7898 0.4717
vn -0.3921 0.7897 0.4719
vn -0.3920 0.7898 0.4718
vn -0.3920 0.7898 0.4717
vn -0.5645 0.7127 -0.4165
vn -0.5644 0.7127 -0.4165
vn -0.5646 0.7125 -0.4167
vn -0.5646 0.7125 -0.4166
vn 0.0649 0.9732 0.2207
vn 0.0648 0.9732 0.2205
vn 0.0649 0.9732 0.2205
vn -0.6384 0.6782 -0.3640
vn -0.6383 0.6782 -0.3642
vn 0.0990 0.9858 0.1357
vn 0.0991 0.9858 0.1355
vn 0.0991 0.9858 0.1356
vn 0.0992 0.9858 0.1356
vn -0.7004 0.6486 -0.2977
vn -0.7004 0.6487 -0.2978
vn -0.7004 0.6486 -0.2978
vn 0.1166 0.9921 0.0460
vn 0.1166 0.9921 0.0459
vn 0.1166 0.9921 0.0456
vn -0.7486 0.6252 -0.2205
vn -0.7486 0.6252 -0.2206
vn 0.1166 0.9921 -0.0459
vn 0.1167 0.9921 -0.0459
vn 0.1167 0.9921 -0.0456
vn -0.7815 0.6090 -0.1356
vn -0.7815 0.6089 -0.1356
vn -0.7814 0.6091 -0.1355
vn 0.0992 0.9858 -0.1355
vn 0.0991 0.9858 -0.1356
vn -0.7981 0.6007 -0.0457
vn -0.7981 0.6008 -0.0457
vn -0.7982 0.6006 -0.0457
vn 0.0649 0.9732 -0.2207
vn 0.0648 0.9732 -0.2206
vn 0.0650 0.9732 -0.2206
vn 0.0649 0.9731 -0.2209
vn -0.7984 0.6004 0.0456
vn -0.7981 0.6008 0.0457
vn -0.7984 0.6003 0.0456
vn 0.0146 0.9545 -0.2978
vn 0.0146 0.9545 -0.2979
vn -0.7815 0.6091 0.1356
vn -0.7814 0.6091 0.1355
vn -0.7814 0.6091 0.1356
vn -0.7815 0.6090 0.1356
vn -0.0497 0.9301 -0.3640
vn -0.0498 0.9301 -0.3639
vn -0.7486 0.6251 0.2211
vn -0.7486 0.6253 0.2206
vn -0.7485 0.6253 0.2208
vn -0.1258 0.9004 -0.4165
vn -0.1257 0.9004 -0.4165
vn -0.1258 0.9004 -0.4164
vn -0.3004 0.8290 0.4717
vn -0.3005 0.8290 0.4717
vn -0.7004 0.6487 0.2977
vn -0.7004 0.6486 0.2978
vn -0.7007 0.6484 0.2976
vn -0.7004 0.6487 0.2976
vn -0.2105 0.8663 -0.4530
vn -0.2103 0.8663 -0.4531
vn -0.2103 0.8663 -0.4532
vn -0.2104 0.8662 0.4533
vn -0.2105 0.8661 0.4533
vn -0.2104 0.8664 0.4529
vn -0.2105 0.8663 0.4529
vn -0.6384 0.6781 0.3643
vn -0.6384 0.6781 0.3641
vn -0.6383 0.6782 0.3642
vn -0.6383 0.6783 0.3641
vn -0.3005 0.8290 -0.4717
vn -0.1255 0.9004 0.4165
vn -0.1257 0.9004 0.4165
vn -0.1258 0.9004 0.4164
vn -0.5644 0.7127 0.4166
vn -0.5644 0.7127 0.4165
vn -0.5644 0.7126 0.4166
vn -0.5645 0.7125 0.4167
vn -0.3918 0.7898 -0.4720
vn -0.3917 0.7898 -0.4720
vn -0.3918 0.7898 -0.4719
vn -0.0498 0.9301 0.3639
vn -0.0501 0.9301 0.3639
vn -0.0498 0.9301 0.3640
vn -0.0497 0.9301 0.3639
vn -0.4812 0.7504 0.4531
vn -0.4812 0.7505 0.4530
vn -0.9155 -0.3918 -0.0915
vn -0.9156 -0.3917 -0.0915
vn 0.8459 -0.5308 0.0523
vn 0.8458 -0.5309 0.0522
vn 0.8458 -0.5309 0.0523
vn -0.1415 -0.9572 -0.2526
vn -0.1415 -0.9571 -0.2527
vn 0.8459 -0.5308 -0.0523
vn 0.8459 -0.5307 -0.0523
vn 0.8460 -0.5307 -0.0523
vn -0.1804 -0.9713 -0.1552
vn -0.1804 -0.9713 -0.1551
vn -0.1807 -0.9712 -0.1553
vn -0.1805 -0.9713 -0.1551
vn 0.8272 -0.5401 -0.1551
vn -0.2005 -0.9783 -0.0524
vn -0.2004 -0.9783 -0.0523
vn 0.7899 -0.5587 -0.2527
vn 0.7899 -0.5588 -0.2526
vn -0.2009 -0.9782 0.0527
vn -0.2006 -0.9783 0.0524
vn -0.2009 -0.9782 0.0526
vn -0.2008 -0.9782 0.0526
vn 0.7353 -0.5856 -0.3413
vn 0.7353 -0.5855 -0.3413
vn 0.7351 -0.5859 -0.3411
vn -0.1808 -0.9711 0.1555
vn -0.1805 -0.9713 0.1551
vn -0.1806 -0.9712 0.1552
vn 0.6645 -0.6196 -0.4177
vn 0.6644 -0.6197 -0.4177
vn 0.6645 -0.6197 -0.4176
vn 0.6645 -0.6198 -0.4175
vn -0.1415 -0.9572 0.2524
vn -0.1415 -0.9572 0.2527
vn -0.1415 -0.9572 0.2526
vn -0.1415 -0.9572 0.2525
vn 0.5799 -0.6594 -0.4785
vn 0.5799 -0.6593 -0.4785
vn 0.5796 -0.6595 -0.4787
vn 0.5800 -0.6593 -0.4784
vn 0.3822 -0.7481 0.5424
vn 0.3823 -0.7481 0.5424
vn 0.3823 -0.7482 0.5423
vn 0.3821 -0.7483 0.5423
vn -0.0842 -0.9361 0.3414
vn -0.0841 -0.9362 0.3413
vn -0.0842 -0.9361 0.3415
vn 0.4848 -0.7027 -0.5207
vn 0.4848 -0.7028 -0.5206
vn 0.4847 -0.7028 -0.5207
vn 0.4849 -0.7027 0.5207
vn 0.4850 -0.7026 0.5207
vn 0.4848 -0.7028 0.5207
vn -0.0108 -0.9084 0.4179
vn -0.0106 -0.9084 0.4179
vn -0.0107 -0.9084 0.4179
vn -0.0108 -0.9085 0.4177
vn 0.3824 -0.7479 -0.5426
vn 0.3826 -0.7480 -0.5423
vn 0.3824 -0.7480 -0.5425
vn 0.3823 -0.7482 -0.5423
vn 0.5800 -0.6593 0.4784
vn 0.5801 -0.6592 0.4785
vn 0.5801 -0.6593 0.4784
vn 0.0764 -0.8748 0.4784
vn 0.0762 -0.8748 0.4784
vn 0.0758 -0.8749 0.4784
vn 0.0763 -0.8748 0.4784
vn 0.2771 -0.7931 -0.5424
vn 0.2770 -0.7932 -0.5423
vn 0.2771 -0.7932 -0.5422
vn 0.6645 -0.6196 0.4177
vn 0.6644 -0.6194 0.4182
vn 0.6646 -0.6195 0.4178
vn 0.6646 -0.6196 0.4177
vn 0.1737 -0.8360 0.5206
vn 0.1737 -0.8359 0.5206
vn 0.1737 -0.8360 -0.5206
vn 0.1738 -0.8360 -0.5205
vn 0.1737 -0.8359 -0.5206
vn 0.7353 -0.5855 0.3413
vn 0.2772 -0.7932 0.5423
vn 0.2773 -0.7932 0.5422
vn 0.2772 -0.7931 0.5423
vn 0.0762 -0.8748 -0.4785
vn 0.0762 -0.8748 -0.4784
vn 0.7899 -0.5587 0.2527
vn 0.7898 -0.5588 0.2527
vn 0.7901 -0.5585 0.2525
vn 0.7900 -0.5586 0.2527
vn -0.0106 -0.9086 -0.4175
vn -0.0103 -0.9087 -0.4174
vn -0.0107 -0.9086 -0.4175
vn -0.0109 -0.9086 -0.4175
vn 0.8272 -0.5401 0.1551
vn -0.7937 0.5491 0.2618
vn -0.7937 0.5491 0.2617
vn 0.8226 0.3521 -0.4464
vn 0.8228 0.3519 -0.4463
vn -0.9156 -0.3916 0.0914
vn -0.9156 -0.3916 0.0915
vn -0.9156 -0.3917 0.0915
vn 0.7300 0.3125 -0.6079
vn 0.7299 0.3123 -0.6080
vn 0.7300 0.3124 -0.6079
vn 0.7299 0.3122 -0.6081
vn -0.8846 -0.3785 0.2724
vn -0.8846 -0.3784 0.2724
vn -0.8227 -0.3520 0.4464
vn -0.8226 -0.3522 0.4465
vn -0.8226 -0.3521 0.4464
vn -0.8228 -0.3518 0.4463
vn 0.4569 0.1954 -0.8678
vn 0.4569 0.1955 -0.8678
vn 0.4570 0.1952 -0.8678
vn 0.0966 0.0414 0.9945
vn 0.0964 0.0413 0.9945
vn 0.0966 0.0413 0.9945
vn -0.7300 -0.3123 0.6079
vn -0.7301 -0.3123 0.6078
vn -0.7300 -0.3124 0.6078
vn 0.2843 0.1220 -0.9509
vn 0.2842 0.1214 -0.9511
vn 0.2842 0.1216 -0.9510
vn 0.2843 0.1220 0.9509
vn -0.6071 -0.2597 0.7510
vn -0.6070 -0.2596 0.7511
vn 0.0966 0.0414 -0.9945
vn 0.4570 0.1956 0.8677
vn 0.4567 0.1959 0.8678
vn -0.4568 -0.1954 0.8679
vn -0.4567 -0.1954 0.8679
vn -0.4568 -0.1955 0.8678
vn -0.0966 -0.0413 -0.9945
vn -0.0966 -0.0414 -0.9945
vn -0.2844 -0.1218 0.9509
vn -0.2844 -0.1218 -0.9509
vn -0.2842 -0.1215 -0.9510
vn -0.0969 -0.0415 0.9944
vn -0.0965 -0.0414 0.9945
vn -0.4569 -0.1955 -0.8678
vn 0.8226 0.3521 0.4464
vn 0.8227 0.3522 0.4463
vn 0.8226 0.3522 0.4464
vn 0.8227 0.3521 0.4464
vn -0.6074 -0.2597 -0.7507
vn 0.8846 0.3783 0.2725
vn -0.7300 -0.3124 -0.6079
vn 0.9156 0.3916 0.0914
vn 0.9155 0.3918 0.0916
vn 0.9156 0.3915 0.0913
vn -0.8226 -0.3521 -0.4464
vn -0.8226 -0.3522 -0.4464
vn 0.9156 0.3916 -0.0914
vn 0.9156 0.3915 -0.0914
vn 0.8845 0.3789 -0.2722
vn -0.0604 -0.9912 -0.1181
vn -0.0605 -0.9911 -0.1182
vn -0.0603 -0.9911 -0.1183
vn -0.1661 0.9238 -0.3449
vn -0.2969 0.8454 0.4440
vn -0.7313 0.5873 0.3468
vn -0.7313 0.5873 0.3469
vn -0.2244 0.8884 -0.4004
vn -0.2246 0.8884 -0.4004
vn -0.2244 0.8885 0.4004
vn -0.2244 0.8884 0.4004
vn -0.6536 0.6344 0.4128
vn -0.6535 0.6342 0.4131
vn -0.2970 0.8454 -0.4440
vn -0.2969 0.8454 -0.4440
vn -0.1661 0.9238 0.3449
vn -0.1661 0.9238 0.3450
vn -0.5654 0.6871 0.4564
vn -0.5653 0.6872 0.4563
vn -0.3811 0.7960 -0.4704
vn -0.3810 0.7960 -0.4704
vn -0.1223 0.9514 0.2825
vn -0.1222 0.9514 0.2825
vn -0.4723 0.7422 0.4754
vn -0.4722 0.7423 0.4754
vn -0.4723 0.7422 -0.4755
vn -0.4723 0.7422 -0.4754
vn -0.4724 0.7422 -0.4753
vn -0.0919 0.9717 0.2177
vn -0.3810 0.7960 0.4704
vn -0.5652 0.6872 -0.4564
vn -0.5653 0.6872 -0.4563
vn -0.0725 0.9855 0.1533
vn -0.0725 0.9855 0.1534
vn -0.6536 0.6344 -0.4128
vn -0.6537 0.6342 -0.4128
vn -0.0615 0.9940 0.0908
vn -0.7313 0.5873 -0.3468
vn -0.7314 0.5872 -0.3468
vn -0.0566 0.9979 0.0300
vn -0.0567 0.9979 0.0300
vn -0.7937 0.5491 -0.2617
vn -0.7937 0.5491 -0.2618
vn -0.7936 0.5492 -0.2618
vn -0.0566 0.9979 -0.0300
vn -0.8371 0.5223 -0.1627
vn -0.8371 0.5223 -0.1628
vn -0.8372 0.5222 -0.1628
vn -0.0615 0.9940 -0.0908
vn -0.8592 0.5086 -0.0554
vn -0.8593 0.5085 -0.0554
vn -0.8592 0.5086 -0.0553
vn -0.8593 0.5085 -0.0552
vn -0.0724 0.9855 -0.1534
vn -0.0725 0.9855 -0.1534
vn -0.0726 0.9855 -0.1534
vn -0.8594 0.5084 0.0551
vn -0.8595 0.5082 0.0549
vn -0.8594 0.5083 0.0550
vn -0.8593 0.5085 0.0552
vn -0.0919 0.9717 -0.2177
vn -0.8371 0.5222 0.1627
vn -0.8371 0.5223 0.1628
vn -0.8372 0.5222 0.1627
vn -0.1223 0.9514 -0.2826
vn -0.1223 0.9514 -0.2825
vn -0.9155 -0.2968 0.2717
vn -0.9155 -0.2967 0.2717
vn 0.7042 -0.7009 -0.1132
vn 0.7042 -0.7010 -0.1131
vn 0.7042 -0.7009 -0.1131
vn 0.7042 -0.7010 -0.1130
vn -0.0766 -0.9963 -0.0401
vn -0.0763 -0.9963 -0.0399
vn -0.0764 -0.9963 -0.0399
vn 0.6766 -0.7129 -0.1842
vn 0.6766 -0.7130 -0.1841
vn 0.6765 -0.7130 -0.1842
vn -0.0765 -0.9963 0.0398
vn -0.0764 -0.9963 0.0399
vn 0.6359 -0.7305 -0.2491
vn 0.6359 -0.7303 -0.2494
vn -0.0601 -0.9912 0.1181
vn -0.0604 -0.9912 0.1181
vn -0.0604 -0.9911 0.1184
vn -0.0605 -0.9911 0.1182
vn 0.5836 -0.7525 -0.3054
vn 0.5835 -0.7525 -0.3053
vn 0.5835 -0.7526 -0.3051
vn -0.0293 -0.9810 0.1920
vn 0.5207 -0.7785 -0.3504
vn 0.5208 -0.7785 -0.3502
vn 0.5207 -0.7786 -0.3502
vn 0.5208 -0.7785 -0.3503
vn 0.3735 -0.8371 0.3996
vn 0.3735 -0.8372 0.3996
vn 0.3734 -0.8371 0.3997
vn 0.0162 -0.9659 0.2584
vn 0.0161 -0.9659 0.2583
vn 0.0162 -0.9659 0.2585
vn 0.0160 -0.9659 0.2584
vn 0.4500 -0.8071 -0.3821
vn 0.4501 -0.8072 -0.3818
vn 0.4502 -0.8072 -0.3817
vn 0.4499 -0.8071 0.3822
vn 0.4501 -0.8070 0.3823
vn 0.4500 -0.8072 0.3822
vn 0.4499 -0.8072 0.3822
vn 0.0739 -0.9464 0.3145
vn 0.0737 -0.9464 0.3144
vn 0.0737 -0.9465 0.3143
vn 0.0736 -0.9464 0.3144
vn 0.3734 -0.8371 -0.3999
vn 0.3734 -0.8371 -0.3998
vn 0.3734 -0.8370 -0.4000
vn 0.3733 -0.8371 -0.3998
vn 0.5208 -0.7786 0.3501
vn 0.5212 -0.7781 0.3505
vn 0.5209 -0.7785 0.3502
vn 0.5208 -0.7785 0.3504
vn 0.1413 -0.9230 0.3580
vn 0.1412 -0.9229 0.3581
vn 0.1414 -0.9230 0.3579
vn 0.2942 -0.8672 -0.4017
vn 0.2943 -0.8672 -0.4016
vn 0.2943 -0.8673 -0.4015
vn 0.5835 -0.7525 0.3053
vn 0.5835 -0.7526 0.3052
vn 0.2158 -0.8962 0.3877
vn 0.2158 -0.8962 0.3876
vn 0.2158 -0.8961 0.3877
vn 0.2158 -0.8960 0.3880
vn 0.2158 -0.8962 -0.3876
vn 0.2157 -0.8963 -0.3876
vn 0.2156 -0.8964 -0.3872
vn 0.2158 -0.8964 -0.3871
vn 0.6359 -0.7305 0.2490
vn 0.6359 -0.7305 0.2491
vn 0.6359 -0.7305 0.2489
vn 0.2945 -0.8671 0.4017
vn 0.2943 -0.8672 0.4016
vn 0.1412 -0.9229 -0.3582
vn 0.1411 -0.9229 -0.3583
vn 0.1412 -0.9228 -0.3585
vn 0.1414 -0.9229 -0.3582
vn 0.6766 -0.7130 0.1841
vn 0.6766 -0.7129 0.1842
vn 0.6762 -0.7133 0.1842
vn 0.6765 -0.7130 0.1842
vn 0.0738 -0.9464 -0.3143
vn 0.0737 -0.9464 -0.3144
vn 0.7042 -0.7009 0.1131
vn 0.7042 -0.7009 0.1132
vn 0.7042 -0.7010 0.1131
vn 0.0160 -0.9659 -0.2585
vn 0.0157 -0.9658 -0.2589
vn 0.0160 -0.9659 -0.2584
vn 0.0161 -0.9659 -0.2584
vn 0.7181 -0.6949 0.0381
vn 0.7180 -0.6950 0.0382
vn 0.7182 -0.6948 0.0380
vn -0.0295 -0.9810 -0.1920
vn -0.0293 -0.9810 -0.1920
vn -0.0294 -0.9810 -0.1920
vn 0.7182 -0.6948 -0.0380
vn 0.7183 -0.6947 -0.0379
vn 0.7180 -0.6950 -0.0381
vn -0.6444 0.6291 0.4347
vn 0.6292 0.2039 -0.7500
vn -0.8518 -0.2760 0.4454
vn -0.8518 -0.2759 0.4453
vn -0.8516 -0.2761 0.4457
vn -0.8517 -0.2760 0.4454
vn 0.4738 0.1537 -0.8671
vn 0.4737 0.1537 -0.8672
vn 0.4738 0.1536 -0.8671
vn 0.1001 0.0324 0.9945
vn 0.1000 0.0324 0.9945
vn 0.1001 0.0324 0.9944
vn -0.7560 -0.2449 0.6070
vn -0.7560 -0.2450 0.6070
vn 0.2946 0.0956 -0.9508
vn 0.2945 0.0956 -0.9509
vn 0.2944 0.0956 -0.9509
vn 0.2949 0.0957 0.9507
vn 0.2948 0.0956 0.9508
vn -0.6289 -0.2044 0.7502
vn -0.6291 -0.2040 0.7500
vn 0.1003 0.0325 -0.9944
vn 0.1003 0.0326 -0.9944
vn 0.1004 0.0325 -0.9944
vn 0.4738 0.1537 0.8671
vn 0.4738 0.1536 0.8672
vn 0.4739 0.1537 0.8671
vn -0.4738 -0.1537 0.8671
vn -0.4738 -0.1536 0.8671
vn -0.1003 -0.0325 -0.9944
vn -0.1003 -0.0326 -0.9944
vn -0.1004 -0.0325 -0.9944
vn 0.6292 0.2039 0.7500
vn -0.2949 -0.0955 0.9508
vn -0.2951 -0.0955 0.9507
vn -0.2951 -0.0957 0.9507
vn -0.2946 -0.0956 0.9508
vn -0.2947 -0.0956 -0.9508
vn -0.2948 -0.0956 -0.9508
vn -0.2946 -0.0956 -0.9508
vn 0.7560 0.2450 0.6070
vn -0.1001 -0.0324 0.9944
vn -0.1001 -0.0324 0.9945
vn -0.4738 -0.1534 -0.8672
vn -0.4738 -0.1536 -0.8671
vn -0.4738 -0.1537 -0.8671
vn 0.8517 0.2760 0.4454
vn 0.8516 0.2765 0.4453
vn 0.8516 0.2760 0.4457
vn 0.8516 0.2759 0.4456
vn -0.6292 -0.2039 -0.7500
vn 0.9155 0.2968 0.2717
vn 0.9155 0.2967 0.2717
vn 0.9155 0.2966 0.2719
vn -0.7559 -0.2450 -0.6071
vn -0.7560 -0.2451 -0.6069
vn -0.7559 -0.2451 -0.6071
vn -0.7560 -0.2450 -0.6070
vn 0.9472 0.3072 0.0914
vn 0.9473 0.3070 0.0913
vn 0.9471 0.3075 0.0916
vn -0.8516 -0.2761 -0.4457
vn -0.8517 -0.2760 -0.4454
vn -0.8516 -0.2760 -0.4457
vn 0.9472 0.3073 -0.0914
vn 0.9471 0.3075 -0.0915
vn 0.9471 0.3077 -0.0913
vn 0.9473 0.3070 -0.0913
vn -0.9155 -0.2968 -0.2717
vn -0.9155 -0.2967 -0.2717
vn -0.9154 -0.2969 -0.2719
vn 0.9156 0.2966 -0.2715
vn 0.9155 0.2967 -0.2717
vn 0.9157 0.2964 -0.2713
vn -0.9473 -0.3070 -0.0913
vn -0.9473 -0.3072 -0.0913
vn -0.9474 -0.3069 -0.0913
vn 0.8516 0.2760 -0.4457
vn 0.8515 0.2756 -0.4460
vn 0.8517 0.2760 -0.4454
vn -0.9474 -0.3068 0.0913
vn -0.9474 -0.3067 0.0912
vn -0.9475 -0.3065 0.0914
vn -0.9474 -0.3068 0.0914
vn 0.7560 0.2452 -0.6069
vn 0.7560 0.2451 -0.6070
vn 0.7560 0.2452 -0.6070
vn 0.2534 -0.8596 0.4436
vn 0.2534 -0.8596 0.4437
vn 0.2531 -0.8596 0.4439
vn 0.2533 -0.8596 0.4437
vn -0.2574 0.8352 -0.4859
vn -0.2574 0.8353 -0.4859
vn -0.1073 0.9170 0.3842
vn -0.5510 0.6794 0.4846
vn -0.5511 0.6792 0.4847
vn -0.5511 0.6793 0.4847
vn -0.3512 0.7854 -0.5097
vn -0.0554 0.9468 0.3171
vn -0.4511 0.7327 0.5095
vn -0.4512 0.7324 0.5099
vn -0.4512 0.7325 0.5098
vn -0.4511 0.7323 -0.5101
vn -0.4512 0.7324 -0.5099
vn -0.4512 0.7324 -0.5100
vn -0.0186 0.9691 0.2459
vn -0.3512 0.7854 0.5097
vn -0.5510 0.6792 -0.4848
vn -0.5511 0.6792 -0.4847
vn -0.5510 0.6792 -0.4849
vn 0.0055 0.9847 0.1741
vn -0.6444 0.6292 -0.4347
vn -0.6444 0.6291 -0.4347
vn -0.6444 0.6292 -0.4346
vn 0.0196 0.9944 0.1035
vn 0.0195 0.9944 0.1035
vn -0.7254 0.5852 -0.3624
vn -0.7254 0.5853 -0.3624
vn 0.0258 0.9991 0.0343
vn -0.7897 0.5498 -0.2722
vn -0.7895 0.5501 -0.2721
vn -0.7897 0.5498 -0.2721
vn 0.0258 0.9991 -0.0343
vn 0.0259 0.9991 -0.0343
vn -0.8338 0.5256 -0.1687
vn -0.8338 0.5257 -0.1685
vn -0.8338 0.5257 -0.1684
vn 0.0195 0.9944 -0.1035
vn -0.8564 0.5132 -0.0571
vn -0.8564 0.5132 -0.0570
vn 0.0055 0.9847 -0.1741
vn -0.8565 0.5130 0.0568
vn -0.8564 0.5132 0.0571
vn -0.0186 0.9691 -0.2459
vn -0.8338 0.5256 0.1685
vn -0.8338 0.5257 0.1685
vn -0.8338 0.5257 0.1686
vn -0.0554 0.9468 -0.3171
vn -0.7896 0.5499 0.2723
vn -0.7895 0.5501 0.2721
vn -0.1072 0.9170 -0.3843
vn -0.1073 0.9170 -0.3842
vn -0.2573 0.8353 0.4859
vn -0.2574 0.8353 0.4859
vn -0.2575 0.8352 0.4859
vn -0.7252 0.5852 0.3628
vn -0.7254 0.5852 0.3624
vn -0.1749 0.8796 -0.4423
vn -0.1745 0.8796 -0.4425
vn -0.1749 0.8796 0.4423
vn -0.8765 -0.1904 -0.4422
vn -0.8766 -0.1903 -0.4420
vn -0.8766 -0.1903 -0.4419
vn -0.8766 -0.1902 -0.4421
vn 0.0785 -0.9133 -0.3997
vn 0.0786 -0.9133 -0.3997
vn 0.6730 -0.7129 0.1974
vn 0.6729 -0.7130 0.1973
vn 0.6729 -0.7129 0.1973
vn 0.6730 -0.7129 0.1973
vn 0.0003 -0.9359 -0.3524
vn 0.0002 -0.9358 -0.3526
vn -0.0001 -0.9358 -0.3525
vn 0.0002 -0.9358 -0.3525
vn 0.7022 -0.7017 0.1207
vn 0.7022 -0.7017 0.1208
vn 0.7021 -0.7017 0.1208
vn -0.0668 -0.9546 -0.2903
vn -0.0670 -0.9546 -0.2904
vn -0.0670 -0.9545 -0.2905
vn 0.7169 -0.6960 0.0407
vn 0.7169 -0.6960 0.0406
vn 0.7168 -0.6961 0.0407
vn -0.1199 -0.9689 -0.2166
vn -0.1200 -0.9688 -0.2166
vn -0.1202 -0.9688 -0.2166
vn -0.1203 -0.9688 -0.2165
vn 0.7169 -0.6960 -0.0407
vn 0.7169 -0.6960 -0.0406
vn -0.1571 -0.9785 -0.1336
vn -0.1571 -0.9785 -0.1337
vn -0.1571 -0.9785 -0.1338
vn 0.7021 -0.7017 -0.1208
vn 0.7019 -0.7019 -0.1209
vn -0.1758 -0.9834 -0.0451
vn -0.1754 -0.9835 -0.0453
vn -0.1761 -0.9833 -0.0449
vn -0.1761 -0.9834 -0.0450
vn 0.6731 -0.7128 -0.1972
vn 0.6732 -0.7128 -0.1968
vn 0.6730 -0.7128 -0.1972
vn 0.6729 -0.7129 -0.1973
vn -0.1758 -0.9834 0.0450
vn -0.1759 -0.9834 0.0450
vn -0.1761 -0.9833 0.0452
vn -0.1759 -0.9834 0.0451
vn 0.6295 -0.7294 -0.2678
vn 0.6296 -0.7293 -0.2678
vn 0.6296 -0.7293 -0.2677
vn 0.6296 -0.7294 -0.2677
vn -0.1572 -0.9785 0.1334
vn -0.1574 -0.9785 0.1333
vn -0.1572 -0.9785 0.1335
vn -0.1571 -0.9785 0.1336
vn 0.5734 -0.7502 -0.3294
vn 0.5733 -0.7502 -0.3295
vn 0.5733 -0.7502 -0.3294
vn -0.1204 -0.9688 0.2165
vn -0.1203 -0.9688 0.2165
vn 0.5053 -0.7749 -0.3799
vn 0.5053 -0.7747 -0.3801
vn 0.5051 -0.7748 -0.3802
vn 0.5052 -0.7747 -0.3801
vn 0.3426 -0.8307 0.4389
vn 0.3425 -0.8307 0.4389
vn 0.3425 -0.8306 0.4390
vn 0.3426 -0.8306 0.4390
vn -0.0671 -0.9545 0.2905
vn -0.0670 -0.9545 0.2906
vn -0.0670 -0.9545 0.2904
vn 0.4274 -0.8021 -0.4171
vn 0.4275 -0.8021 -0.4170
vn 0.4274 -0.8020 -0.4171
vn 0.4273 -0.8021 -0.4172
vn 0.4275 -0.8020 0.4172
vn 0.4275 -0.8020 0.4171
vn -0.0000 -0.9357 0.3529
vn 0.0002 -0.9358 0.3525
vn -0.0000 -0.9357 0.3528
vn 0.0001 -0.9358 0.3525
vn 0.3427 -0.8306 -0.4389
vn 0.3425 -0.8307 -0.4389
vn 0.5053 -0.7747 0.3801
vn 0.5053 -0.7748 0.3801
vn 0.5053 -0.7748 0.3799
vn 0.5054 -0.7747 0.3801
vn 0.0785 -0.9133 0.3996
vn 0.0785 -0.9133 0.3997
vn 0.2534 -0.8596 -0.4436
vn 0.2535 -0.8596 -0.4436
vn 0.2533 -0.8596 -0.4437
vn 0.5733 -0.7502 0.3293
vn 0.5732 -0.7504 0.3292
vn 0.5733 -0.7502 0.3294
vn 0.1642 -0.8875 0.4305
vn 0.1643 -0.8875 0.4305
vn 0.1643 -0.8876 0.4304
vn 0.1641 -0.8877 0.4303
vn 0.1642 -0.8875 -0.4306
vn 0.1641 -0.8874 -0.4308
vn 0.1643 -0.8875 -0.4304
vn 0.6293 -0.7295 0.2679
vn 0.6295 -0.7294 0.2679
vn 0.6292 -0.7296 0.2679
vn 0.6294 -0.7295 0.2678
vn -0.7811 0.6224 0.0499
vn -0.7813 0.6222 0.0497
vn 0.9732 0.2115 -0.0904
vn 0.9732 0.2112 -0.0905
vn 0.9732 0.2113 -0.0904
vn -0.9411 -0.2045 -0.2692
vn -0.9411 -0.2043 -0.2694
vn -0.9411 -0.2047 -0.2691
vn 0.9410 0.2045 -0.2697
vn 0.9411 0.2043 -0.2693
vn 0.9411 0.2044 -0.2694
vn -0.9732 -0.2115 -0.0904
vn -0.9732 -0.2113 -0.0904
vn -0.9732 -0.2113 -0.0906
vn 0.8765 0.1903 -0.4422
vn 0.8766 0.1902 -0.4420
vn 0.8766 0.1903 -0.4420
vn -0.9732 -0.2115 0.0905
vn -0.9732 -0.2114 0.0903
vn -0.9732 -0.2115 0.0906
vn -0.9732 -0.2113 0.0906
vn 0.7792 0.1691 -0.6035
vn 0.7793 0.1693 -0.6033
vn 0.7791 0.1689 -0.6037
vn -0.9411 -0.2046 0.2692
vn -0.9411 -0.2044 0.2694
vn 0.6495 0.1412 -0.7471
vn 0.6497 0.1410 -0.7470
vn 0.6496 0.1410 -0.7471
vn 0.6496 0.1408 -0.7471
vn -0.8765 -0.1903 0.4422
vn -0.8766 -0.1903 0.4420
vn -0.8765 -0.1904 0.4422
vn 0.4900 0.1063 -0.8652
vn 0.4901 0.1062 -0.8652
vn 0.4901 0.1064 -0.8651
vn 0.4902 0.1064 -0.8651
vn 0.1038 0.0225 0.9943
vn 0.1040 0.0225 0.9943
vn -0.7793 -0.1691 0.6035
vn -0.7792 -0.1690 0.6035
vn -0.7793 -0.1692 0.6034
vn 0.3053 0.0663 -0.9499
vn 0.3053 0.0663 -0.9500
vn 0.3054 0.0663 -0.9499
vn 0.3055 0.0664 0.9499
vn 0.3054 0.0663 0.9499
vn 0.3058 0.0666 0.9498
vn -0.6497 -0.1406 0.7471
vn -0.6497 -0.1411 0.7470
vn 0.1039 0.0225 -0.9943
vn 0.1038 0.0225 -0.9943
vn 0.4903 0.1063 0.8650
vn 0.4903 0.1061 0.8651
vn 0.4905 0.1065 0.8649
vn 0.4901 0.1064 0.8651
vn -0.4902 -0.1064 0.8651
vn -0.4901 -0.1064 0.8651
vn -0.4900 -0.1064 0.8652
vn -0.1039 -0.0225 -0.9943
vn -0.1038 -0.0225 -0.9943
vn -0.1040 -0.0225 -0.9943
vn 0.6497 0.1407 0.7470
vn 0.6497 0.1406 0.7471
vn 0.6498 0.1408 0.7470
vn -0.3059 -0.0663 0.9497
vn -0.3056 -0.0663 0.9498
vn -0.3052 -0.0662 -0.9500
vn -0.3046 -0.0660 -0.9502
vn -0.3052 -0.0663 -0.9500
vn 0.7792 0.1690 0.6036
vn 0.7793 0.1693 0.6033
vn 0.7792 0.1691 0.6035
vn 0.7791 0.1689 0.6037
vn -0.1038 -0.0225 0.9943
vn -0.1039 -0.0225 0.9943
vn -0.4901 -0.1064 -0.8651
vn -0.4901 -0.1064 -0.8652
vn 0.8765 0.1903 0.4422
vn 0.8766 0.1902 0.4420
vn -0.6497 -0.1406 -0.7471
vn 0.9411 0.2046 0.2691
vn 0.9411 0.2044 0.2693
vn 0.9411 0.2045 0.2693
vn 0.9410 0.2050 0.2693
vn -0.7793 -0.1692 -0.6034
vn -0.7793 -0.1691 -0.6035
vn 0.9732 0.2112 0.0903
vn 0.9732 0.2111 0.0908
vn 0.9732 0.2112 0.0904
vn 0.9732 0.2115 0.0903
vn 0.2966 -0.7854 0.5433
vn -0.1223 0.9819 -0.1448
vn -0.1222 0.9819 -0.1447
vn -0.7598 0.6333 0.1471
vn -0.7598 0.6332 0.1471
vn -0.7599 0.6332 0.1471
vn -0.1315 0.9707 -0.2011
vn -0.1316 0.9707 -0.2011
vn -0.1316 0.9707 -0.2010
vn -0.7182 0.6545 0.2363
vn -0.7181 0.6545 0.2363
vn -0.1543 0.9528 -0.2613
vn -0.1546 0.9528 -0.2612
vn -0.1546 0.9528 -0.2613
vn -0.2527 0.8942 0.3696
vn -0.2525 0.8943 0.3694
vn -0.6582 0.6850 0.3124
vn -0.6582 0.6850 0.3123
vn -0.6584 0.6850 0.3121
vn -0.1946 0.9273 -0.3197
vn -0.1947 0.9273 -0.3197
vn -0.1948 0.9273 -0.3197
vn -0.1947 0.9273 0.3197
vn -0.5834 0.7229 0.3702
vn -0.5833 0.7230 0.3702
vn -0.2527 0.8942 -0.3696
vn -0.1546 0.9528 0.2611
vn -0.1546 0.9528 0.2612
vn -0.4987 0.7657 0.4061
vn -0.4986 0.7660 0.4058
vn -0.3264 0.8546 -0.4039
vn -0.3263 0.8546 -0.4039
vn -0.3263 0.8546 -0.4040
vn -0.1315 0.9707 0.2011
vn -0.1316 0.9707 0.2011
vn -0.4106 0.8109 0.4170
vn -0.4106 0.8109 0.4169
vn -0.4106 0.8109 -0.4169
vn -0.4106 0.8109 -0.4170
vn -0.1223 0.9819 0.1448
vn -0.1223 0.9819 0.1447
vn -0.3263 0.8546 0.4039
vn -0.3264 0.8546 0.4039
vn -0.4986 0.7660 -0.4058
vn -0.4986 0.7660 -0.4057
vn -0.1217 0.9880 0.0955
vn -0.1218 0.9880 0.0955
vn -0.5833 0.7230 -0.3701
vn -0.5833 0.7230 -0.3702
vn -0.1248 0.9907 0.0536
vn -0.1247 0.9907 0.0536
vn -0.6582 0.6850 -0.3123
vn -0.6582 0.6850 -0.3124
vn -0.1275 0.9917 0.0172
vn -0.1274 0.9917 0.0171
vn -0.7182 0.6545 -0.2364
vn -0.7182 0.6545 -0.2363
vn -0.7180 0.6548 -0.2361
vn -0.1275 0.9917 -0.0172
vn -0.7599 0.6332 -0.1471
vn -0.7599 0.6332 -0.1470
vn -0.1248 0.9907 -0.0536
vn -0.7812 0.6223 -0.0496
vn -0.7811 0.6224 -0.0499
vn -0.7814 0.6221 -0.0499
vn -0.1217 0.9880 -0.0955
vn -0.1218 0.9880 -0.0954
vn 0.6712 0.0550 0.7392
vn 0.6712 0.0549 0.7392
vn 0.6709 0.0548 0.7395
vn -0.2473 -0.8939 0.3739
vn -0.2473 -0.8940 0.3737
vn -0.2473 -0.8939 0.3738
vn 0.4034 -0.7590 -0.5111
vn 0.4033 -0.7589 -0.5112
vn 0.4032 -0.7592 -0.5110
vn 0.4036 -0.7588 -0.5112
vn 0.4035 -0.7589 0.5111
vn 0.4036 -0.7590 0.5110
vn 0.4036 -0.7589 0.5111
vn 0.4037 -0.7587 0.5113
vn -0.1553 -0.8787 0.4513
vn -0.1556 -0.8787 0.4514
vn -0.1555 -0.8787 0.4513
vn 0.2969 -0.7853 -0.5432
vn 0.2966 -0.7854 -0.5433
vn 0.2964 -0.7855 -0.5433
vn 0.2967 -0.7854 -0.5432
vn 0.4995 -0.7337 0.4606
vn 0.4994 -0.7338 0.4607
vn 0.4998 -0.7336 0.4605
vn -0.0497 -0.8595 0.5087
vn -0.0502 -0.8594 0.5088
vn -0.0502 -0.8595 0.5086
vn -0.0500 -0.8595 0.5086
vn 0.1822 -0.8117 -0.5549
vn 0.1820 -0.8118 -0.5548
vn 0.1824 -0.8116 -0.5550
vn 0.5812 -0.7112 0.3955
vn 0.5811 -0.7112 0.3955
vn 0.0643 -0.8369 0.5436
vn 0.0647 -0.8369 0.5435
vn 0.0649 -0.8369 0.5435
vn 0.0648 -0.8369 -0.5435
vn 0.0645 -0.8369 -0.5435
vn 0.0646 -0.8369 -0.5435
vn 0.0647 -0.8369 -0.5435
vn 0.6476 -0.6921 0.3187
vn 0.6476 -0.6921 0.3188
vn 0.6477 -0.6920 0.3187
vn 0.1821 -0.8119 0.5546
vn 0.1824 -0.8116 0.5550
vn 0.1820 -0.8120 0.5546
vn -0.0497 -0.8595 -0.5088
vn -0.0496 -0.8594 -0.5088
vn -0.0499 -0.8595 -0.5087
vn -0.0500 -0.8595 -0.5087
vn 0.6979 -0.6773 0.2329
vn 0.6979 -0.6771 0.2334
vn 0.6978 -0.6772 0.2333
vn 0.6977 -0.6773 0.2334
vn -0.1553 -0.8787 -0.4513
vn -0.1553 -0.8787 -0.4515
vn -0.1556 -0.8787 -0.4514
vn 0.7315 -0.6669 0.1421
vn 0.7316 -0.6668 0.1421
vn 0.7315 -0.6669 0.1422
vn -0.2473 -0.8939 -0.3738
vn -0.2472 -0.8939 -0.3738
vn -0.2473 -0.8939 -0.3739
vn 0.7482 -0.6617 0.0477
vn 0.7482 -0.6617 0.0476
vn 0.7482 -0.6617 0.0480
vn 0.7481 -0.6618 0.0485
vn -0.3201 -0.9052 -0.2795
vn -0.3200 -0.9052 -0.2796
vn -0.3201 -0.9052 -0.2796
vn -0.3200 -0.9052 -0.2798
vn 0.7482 -0.6617 -0.0481
vn 0.7482 -0.6617 -0.0484
vn 0.7482 -0.6618 -0.0484
vn -0.3707 -0.9126 -0.1727
vn -0.3707 -0.9125 -0.1728
vn -0.3706 -0.9126 -0.1726
vn -0.3705 -0.9126 -0.1727
vn 0.7316 -0.6668 -0.1421
vn 0.7316 -0.6667 -0.1422
vn 0.7315 -0.6669 -0.1421
vn -0.3964 -0.9162 -0.0583
vn -0.3965 -0.9162 -0.0582
vn -0.3964 -0.9162 -0.0584
vn 0.6978 -0.6772 -0.2332
vn 0.6979 -0.6771 -0.2334
vn 0.6979 -0.6772 -0.2332
vn 0.6978 -0.6772 -0.2334
vn -0.3964 -0.9162 0.0585
vn -0.3966 -0.9161 0.0584
vn -0.3965 -0.9162 0.0585
vn -0.3964 -0.9162 0.0586
vn 0.6478 -0.6920 -0.3187
vn 0.6477 -0.6920 -0.3187
vn -0.3707 -0.9125 0.1727
vn -0.3707 -0.9126 0.1726
vn -0.3708 -0.9125 0.1725
vn 0.5813 -0.7111 -0.3955
vn 0.5813 -0.7110 -0.3956
vn 0.5812 -0.7112 -0.3955
vn -0.3200 -0.9052 0.2796
vn -0.3201 -0.9052 0.2795
vn -0.3201 -0.9052 0.2796
vn 0.4995 -0.7337 -0.4606
vn 0.4994 -0.7338 -0.4607
vn 0.4993 -0.7338 -0.4607
vn -0.1463 0.9885 0.0372
vn -0.3176 -0.0260 0.9479
vn -0.3178 -0.0260 -0.9478
vn 0.8012 0.0654 0.5948
vn 0.8013 0.0654 0.5947
vn 0.8011 0.0654 0.5950
vn -0.1082 -0.0088 0.9941
vn -0.5080 -0.0416 -0.8603
vn -0.5083 -0.0415 -0.8602
vn -0.5081 -0.0416 -0.8603
vn 0.8979 0.0733 0.4340
vn 0.8979 0.0733 0.4341
vn 0.8980 0.0733 0.4339
vn -0.6712 -0.0550 -0.7392
vn -0.6713 -0.0549 -0.7392
vn -0.6709 -0.0548 -0.7395
vn 0.9614 0.0787 0.2637
vn 0.9614 0.0785 0.2638
vn 0.9614 0.0786 0.2637
vn 0.9614 0.0788 0.2636
vn -0.8014 -0.0655 -0.5945
vn -0.8013 -0.0654 -0.5947
vn 0.9928 0.0811 0.0884
vn 0.9928 0.0810 0.0884
vn -0.8979 -0.0733 -0.4340
vn -0.8979 -0.0733 -0.4341
vn 0.9928 0.0811 -0.0884
vn 0.9928 0.0811 -0.0886
vn 0.9928 0.0810 -0.0884
vn -0.9614 -0.0787 -0.2636
vn 0.9614 0.0783 -0.2639
vn 0.9614 0.0785 -0.2639
vn 0.9615 0.0780 -0.2636
vn -0.9927 -0.0813 -0.0886
vn -0.9927 -0.0812 -0.0886
vn -0.9928 -0.0808 -0.0884
vn -0.9928 -0.0810 -0.0884
vn 0.8980 0.0735 -0.4338
vn 0.8978 0.0732 -0.4343
vn 0.8978 0.0733 -0.4342
vn 0.8980 0.0736 -0.4338
vn -0.9927 -0.0813 0.0887
vn -0.9928 -0.0811 0.0883
vn -0.9928 -0.0812 0.0884
vn -0.9927 -0.0814 0.0886
vn 0.8010 0.0655 -0.5951
vn -0.9614 -0.0787 0.2636
vn 0.6712 0.0550 -0.7392
vn 0.6712 0.0550 -0.7393
vn 0.6709 0.0548 -0.7395
vn -0.8977 -0.0735 0.4344
vn -0.8977 -0.0735 0.4343
vn -0.8977 -0.0736 0.4344
vn 0.5084 0.0416 -0.8601
vn 0.5083 0.0415 -0.8602
vn 0.5087 0.0417 -0.8599
vn 0.5086 0.0417 -0.8600
vn 0.1083 0.0088 0.9941
vn 0.1082 0.0088 0.9941
vn -0.8011 -0.0656 0.5949
vn -0.8012 -0.0657 0.5948
vn 0.3177 0.0260 -0.9478
vn 0.3176 0.0260 -0.9479
vn 0.3178 0.0260 -0.9478
vn 0.3176 0.0260 0.9479
vn 0.3174 0.0260 0.9479
vn 0.3178 0.0260 0.9478
vn -0.6712 -0.0550 0.7392
vn -0.6709 -0.0548 0.7395
vn -0.6712 -0.0549 0.7392
vn 0.1081 0.0089 -0.9941
vn 0.1082 0.0089 -0.9941
vn 0.5087 0.0417 0.8599
vn 0.5087 0.0416 0.8599
vn 0.5086 0.0417 0.8600
vn -0.5080 -0.0416 0.8603
vn -0.5080 -0.0416 0.8604
vn -0.5081 -0.0416 0.8603
vn -0.1081 -0.0088 -0.9941
vn 0.5674 -0.8183 -0.0922
vn 0.5673 -0.8184 -0.0920
vn 0.5674 -0.8182 -0.0923
vn 0.5674 -0.8183 -0.0921
vn -0.5104 0.8376 -0.1949
vn -0.5104 0.8375 -0.1949
vn -0.1464 0.9891 0.0121
vn -0.1464 0.9892 0.0121
vn -0.5509 0.8213 -0.1483
vn -0.1464 0.9892 -0.0121
vn -0.5793 0.8098 -0.0927
vn -0.5792 0.8099 -0.0926
vn -0.1463 0.9885 -0.0372
vn -0.5940 0.8039 -0.0315
vn -0.5940 0.8039 -0.0314
vn -0.1472 0.9870 -0.0649
vn -0.1473 0.9870 -0.0649
vn -0.1473 0.9870 -0.0651
vn -0.5941 0.8038 0.0314
vn -0.5940 0.8038 0.0315
vn -0.5940 0.8039 0.0314
vn -0.1514 0.9838 -0.0959
vn -0.5793 0.8098 0.0927
vn -0.5795 0.8097 0.0929
vn -0.1613 0.9783 -0.1299
vn -0.1613 0.9783 -0.1300
vn -0.5508 0.8213 0.1484
vn -0.5509 0.8213 0.1483
vn -0.1795 0.9697 -0.1655
vn -0.1796 0.9697 -0.1655
vn -0.2462 0.9419 0.2285
vn -0.2461 0.9419 0.2286
vn -0.5105 0.8375 0.1948
vn -0.5104 0.8376 0.1949
vn -0.5103 0.8376 0.1950
vn -0.2077 0.9576 -0.1997
vn -0.2077 0.9576 -0.1996
vn -0.2075 0.9576 0.1997
vn -0.2077 0.9576 0.1996
vn -0.2077 0.9576 0.1997
vn -0.4607 0.8573 0.2298
vn -0.4607 0.8573 0.2297
vn -0.2462 0.9419 -0.2285
vn -0.2461 0.9419 -0.2286
vn -0.1795 0.9698 0.1654
vn -0.1795 0.9697 0.1655
vn -0.1792 0.9697 0.1658
vn -0.4051 0.8793 0.2505
vn -0.4052 0.8792 0.2506
vn -0.4049 0.8794 0.2505
vn -0.2939 0.9229 -0.2486
vn -0.1613 0.9783 0.1300
vn -0.1614 0.9783 0.1300
vn -0.3482 0.9016 0.2567
vn -0.3483 0.9016 0.2566
vn -0.3483 0.9016 -0.2567
vn -0.3482 0.9016 -0.2567
vn -0.1514 0.9838 0.0959
vn -0.1515 0.9838 0.0958
vn -0.2940 0.9229 0.2486
vn -0.2939 0.9229 0.2486
vn -0.2940 0.9229 0.2485
vn -0.4052 0.8792 -0.2507
vn -0.4052 0.8792 -0.2506
vn -0.1472 0.9870 0.0648
vn -0.1473 0.9870 0.0649
vn -0.1472 0.9870 0.0649
vn -0.4607 0.8573 -0.2297
vn -0.4607 0.8573 -0.2298
vn 0.6785 0.0119 -0.7345
vn 0.6787 0.0122 -0.7344
vn 0.6786 0.0119 -0.7344
vn 0.6786 0.0116 -0.7344
vn -0.1537 -0.9874 -0.0369
vn -0.1539 -0.9874 -0.0369
vn 0.5447 -0.8250 -0.1505
vn 0.5447 -0.8250 -0.1504
vn 0.5447 -0.8250 -0.1506
vn -0.1536 -0.9874 0.0372
vn -0.1537 -0.9874 0.0368
vn -0.1537 -0.9874 0.0369
vn 0.5109 -0.8349 -0.2048
vn 0.5111 -0.8347 -0.2049
vn 0.5109 -0.8349 -0.2049
vn 0.5107 -0.8350 -0.2047
vn -0.1370 -0.9845 0.1091
vn -0.1372 -0.9845 0.1091
vn -0.1369 -0.9846 0.1091
vn 0.4672 -0.8472 -0.2529
vn 0.4671 -0.8472 -0.2530
vn 0.4672 -0.8472 -0.2530
vn 0.4674 -0.8469 -0.2534
vn -0.1048 -0.9787 0.1763
vn 0.4136 -0.8619 -0.2933
vn 0.4137 -0.8619 -0.2934
vn 0.4137 -0.8618 -0.2934
vn 0.2838 -0.8954 0.3430
vn 0.2837 -0.8955 0.3430
vn 0.2837 -0.8954 0.3431
vn -0.0585 -0.9702 0.2353
vn 0.3518 -0.8783 -0.3238
vn 0.3519 -0.8782 -0.3239
vn 0.3519 -0.8782 -0.3240
vn 0.3516 -0.8784 -0.3238
vn 0.3519 -0.8784 0.3234
vn 0.3519 -0.8783 0.3237
vn -0.0006 -0.9589 0.2837
vn -0.0007 -0.9590 0.2834
vn -0.0006 -0.9589 0.2838
vn 0.2837 -0.8955 -0.3430
vn 0.2837 -0.8955 -0.3429
vn 0.4137 -0.8619 0.2931
vn 0.4136 -0.8619 0.2933
vn 0.4137 -0.8620 0.2930
vn 0.4138 -0.8620 0.2929
vn 0.0659 -0.9453 0.3194
vn 0.0659 -0.9453 0.3195
vn 0.2113 -0.9130 -0.3491
vn 0.2113 -0.9130 -0.3489
vn 0.2114 -0.9129 -0.3491
vn 0.4670 -0.8472 0.2531
vn 0.4670 -0.8473 0.2531
vn 0.4671 -0.8473 0.2530
vn 0.4671 -0.8472 0.2530
vn 0.1377 -0.9298 0.3414
vn 0.1380 -0.9297 0.3415
vn 0.1378 -0.9298 0.3412
vn 0.1378 -0.9298 -0.3414
vn 0.1379 -0.9298 -0.3413
vn 0.5113 -0.8347 0.2048
vn 0.5111 -0.8347 0.2050
vn 0.5111 -0.8347 0.2049
vn 0.5111 -0.8348 0.2048
vn 0.2112 -0.9129 0.3492
vn 0.2112 -0.9129 0.3491
vn 0.2113 -0.9129 0.3491
vn 0.0659 -0.9453 -0.3195
vn 0.0659 -0.9453 -0.3194
vn 0.5447 -0.8250 0.1504
vn 0.5447 -0.8250 0.1505
vn -0.0005 -0.9589 -0.2837
vn -0.0006 -0.9589 -0.2837
vn -0.0005 -0.9589 -0.2838
vn -0.0009 -0.9589 -0.2836
vn 0.5673 -0.8183 0.0920
vn 0.5673 -0.8184 0.0918
vn 0.5673 -0.8183 0.0922
vn -0.0585 -0.9702 -0.2353
vn -0.0585 -0.9701 -0.2354
vn 0.5788 -0.8149 0.0309
vn 0.5788 -0.8149 0.0308
vn -0.1048 -0.9787 -0.1763
vn -0.1049 -0.9787 -0.1762
vn 0.5787 -0.8149 -0.0310
vn 0.5788 -0.8149 -0.0311
vn 0.5788 -0.8149 -0.0309
vn 0.5787 -0.8149 -0.0309
vn -0.1372 -0.9845 -0.1091
vn -0.1370 -0.9845 -0.1091
vn -0.1375 -0.9845 -0.1091
vn -0.1508 0.8584 -0.4904
vn -0.9033 -0.0156 0.4287
vn -0.9032 -0.0155 0.4289
vn -0.9033 -0.0153 0.4288
vn -0.9033 -0.0154 0.4287
vn 0.5156 0.0088 -0.8568
vn 0.5155 0.0088 -0.8568
vn 0.5157 0.0088 -0.8567
vn 0.5156 0.0089 -0.8568
vn 0.1103 0.0019 0.9939
vn 0.1102 0.0019 0.9939
vn -0.8079 -0.0139 0.5891
vn -0.8079 -0.0140 0.5892
vn -0.8079 -0.0139 0.5892
vn 0.3231 0.0055 -0.9463
vn 0.3232 0.0055 -0.9463
vn 0.3230 0.0055 -0.9464
vn 0.3229 0.0055 0.9464
vn 0.3230 0.0055 0.9464
vn -0.6786 -0.0116 0.7344
vn 0.1101 0.0019 -0.9939
vn 0.5157 0.0087 0.8567
vn 0.5155 0.0088 0.8568
vn 0.5158 0.0088 0.8567
vn 0.5156 0.0084 0.8568
vn -0.5157 -0.0089 0.8567
vn -0.5156 -0.0088 0.8568
vn -0.5157 -0.0088 0.8567
vn -0.5155 -0.0088 0.8569
vn -0.1101 -0.0019 -0.9939
vn 0.6786 0.0116 0.7344
vn 0.6786 0.0119 0.7344
vn -0.3232 -0.0055 0.9463
vn -0.3232 -0.0055 -0.9463
vn -0.3231 -0.0056 -0.9464
vn 0.8079 0.0139 0.5891
vn 0.8080 0.0139 0.5890
vn 0.8080 0.0139 0.5891
vn -0.1102 -0.0019 0.9939
vn -0.1104 -0.0019 0.9939
vn -0.1103 -0.0019 0.9939
vn -0.5157 -0.0087 -0.8567
vn -0.5156 -0.0086 -0.8568
vn -0.5156 -0.0087 -0.8568
vn -0.5157 -0.0088 -0.8568
vn 0.9033 0.0157 0.4287
vn 0.9033 0.0154 0.4287
vn 0.9033 0.0156 0.4287
vn 0.9033 0.0155 0.4287
vn -0.6788 -0.0113 -0.7342
vn 0.9654 0.0166 0.2601
vn 0.9654 0.0160 0.2603
vn 0.9654 0.0165 0.2602
vn -0.8080 -0.0141 -0.5890
vn -0.8080 -0.0139 -0.5890
vn -0.8080 -0.0140 -0.5890
vn 0.9960 0.0172 0.0872
vn 0.9961 0.0171 0.0871
vn 0.9960 0.0173 0.0872
vn 0.9960 0.0169 0.0874
vn -0.9033 -0.0156 -0.4287
vn -0.9032 -0.0155 -0.4289
vn -0.9032 -0.0154 -0.4289
vn -0.9033 -0.0155 -0.4288
vn 0.9960 0.0172 -0.0872
vn 0.9960 0.0169 -0.0874
vn 0.9960 0.0173 -0.0872
vn 0.9961 0.0172 -0.0870
vn -0.9654 -0.0166 -0.2601
vn -0.9654 -0.0165 -0.2601
vn -0.9654 -0.0169 -0.2601
vn 0.9654 0.0167 -0.2601
vn 0.9654 0.0166 -0.2601
vn 0.9654 0.0165 -0.2601
vn -0.9960 -0.0172 -0.0873
vn -0.9961 -0.0171 -0.0871
vn -0.9960 -0.0173 -0.0872
vn 0.9033 0.0156 -0.4287
vn 0.9033 0.0155 -0.4288
vn 0.9033 0.0157 -0.4287
vn -0.9960 -0.0173 0.0872
vn -0.9960 -0.0170 0.0872
vn -0.9960 -0.0172 0.0873
vn -0.9961 -0.0171 0.0871
vn 0.8080 0.0139 -0.5890
vn 0.8081 0.0139 -0.5889
vn -0.9654 -0.0167 0.2602
vn -0.9654 -0.0168 0.2601
vn -0.9654 -0.0168 0.2602
vn 0.0147 -0.9569 -0.2901
vn 0.0146 -0.9569 -0.2901
vn -0.0284 0.9448 0.3263
vn -0.4847 0.7018 0.5221
vn -0.4846 0.7019 0.5221
vn -0.2529 0.8055 -0.5360
vn -0.2528 0.8054 -0.5361
vn -0.0143 0.9720 0.2347
vn -0.3682 0.7520 0.5468
vn -0.3681 0.7520 0.5468
vn -0.3682 0.7520 -0.5467
vn -0.3682 0.7520 -0.5468
vn -0.3679 0.7520 -0.5470
vn -0.0238 0.9878 0.1540
vn -0.2529 0.8055 0.5360
vn -0.2528 0.8054 0.5361
vn -0.4846 0.7019 -0.5220
vn -0.4846 0.7019 -0.5221
vn -0.0453 0.9948 0.0909
vn -0.5914 0.6581 -0.4661
vn -0.0671 0.9967 0.0459
vn -0.6815 0.6222 -0.3853
vn -0.6814 0.6222 -0.3853
vn -0.6814 0.6222 -0.3854
vn -0.0802 0.9967 0.0138
vn -0.0803 0.9967 0.0138
vn -0.7508 0.5951 -0.2866
vn -0.7507 0.5952 -0.2866
vn -0.0803 0.9967 -0.0138
vn -0.0801 0.9967 -0.0138
vn -0.7973 0.5772 -0.1763
vn -0.7973 0.5773 -0.1763
vn -0.7974 0.5772 -0.1762
vn -0.0671 0.9967 -0.0459
vn -0.8207 0.5683 -0.0595
vn -0.8207 0.5682 -0.0595
vn -0.0453 0.9948 -0.0909
vn -0.8206 0.5684 0.0594
vn -0.8206 0.5684 0.0595
vn -0.8207 0.5683 0.0593
vn -0.8206 0.5683 0.0595
vn -0.0238 0.9878 -0.1540
vn -0.7972 0.5773 0.1765
vn -0.7973 0.5773 0.1763
vn -0.7974 0.5772 0.1763
vn -0.0143 0.9720 -0.2347
vn -0.7508 0.5951 0.2867
vn -0.7507 0.5952 0.2866
vn -0.0284 0.9448 -0.3263
vn -0.1508 0.8584 0.4904
vn -0.1508 0.8583 0.4904
vn -0.6816 0.6221 0.3852
vn -0.6814 0.6222 0.3853
vn -0.6814 0.6223 0.3853
vn -0.6815 0.6222 0.3853
vn -0.0738 0.9062 -0.4164
vn -0.0738 0.9062 0.4164
vn -0.5913 0.6581 0.4661
vn -0.5914 0.6581 0.4661
vn -0.9012 0.1390 -0.4105
vn -0.9011 0.1387 -0.4108
vn 0.4556 -0.8804 0.1317
vn 0.4556 -0.8804 0.1316
vn 0.4555 -0.8804 0.1316
vn -0.0493 -0.9646 -0.2590
vn -0.0492 -0.9647 -0.2589
vn -0.0492 -0.9646 -0.2591
vn 0.4760 -0.8757 0.0805
vn 0.4758 -0.8758 0.0806
vn 0.4761 -0.8757 0.0804
vn 0.4763 -0.8756 0.0804
vn -0.1052 -0.9708 -0.2157
vn -0.1053 -0.9708 -0.2157
vn -0.1051 -0.9708 -0.2158
vn 0.4858 -0.8736 0.0271
vn 0.4858 -0.8737 0.0270
vn 0.4858 -0.8736 0.0273
vn -0.1506 -0.9752 -0.1623
vn -0.1504 -0.9752 -0.1622
vn -0.1505 -0.9752 -0.1622
vn -0.1506 -0.9752 -0.1622
vn 0.4859 -0.8736 -0.0268
vn 0.4859 -0.8736 -0.0270
vn 0.4862 -0.8734 -0.0269
vn 0.4859 -0.8736 -0.0266
vn -0.1824 -0.9781 -0.1005
vn -0.1819 -0.9781 -0.1007
vn -0.1820 -0.9781 -0.1006
vn 0.4758 -0.8759 -0.0802
vn 0.4762 -0.8756 -0.0807
vn 0.4760 -0.8758 -0.0803
vn 0.4758 -0.8759 -0.0801
vn -0.1986 -0.9795 -0.0342
vn -0.1985 -0.9795 -0.0340
vn -0.1986 -0.9795 -0.0341
vn -0.1988 -0.9794 -0.0342
vn 0.4556 -0.8804 -0.1316
vn 0.4556 -0.8804 -0.1315
vn 0.4558 -0.8803 -0.1318
vn -0.1985 -0.9795 0.0341
vn -0.1983 -0.9795 0.0339
vn -0.1987 -0.9795 0.0343
vn 0.4258 -0.8868 -0.1795
vn 0.4257 -0.8869 -0.1796
vn 0.4258 -0.8869 -0.1791
vn 0.4259 -0.8868 -0.1794
vn -0.1821 -0.9781 0.1008
vn -0.1821 -0.9781 0.1009
vn -0.1822 -0.9781 0.1007
vn -0.1823 -0.9781 0.1007
vn 0.3866 -0.8950 -0.2226
vn 0.3864 -0.8950 -0.2226
vn 0.3866 -0.8950 -0.2225
vn 0.3863 -0.8951 -0.2225
vn -0.1507 -0.9752 0.1621
vn -0.1504 -0.9752 0.1622
vn 0.3382 -0.9047 -0.2592
vn 0.3384 -0.9046 -0.2593
vn 0.3380 -0.9048 -0.2591
vn 0.2191 -0.9264 0.3061
vn 0.2191 -0.9264 0.3062
vn -0.1053 -0.9708 0.2156
vn -0.1053 -0.9708 0.2157
vn -0.1052 -0.9708 0.2157
vn 0.2818 -0.9154 -0.2876
vn 0.2817 -0.9153 -0.2878
vn 0.2818 -0.9154 -0.2875
vn 0.2817 -0.9154 0.2876
vn 0.2815 -0.9154 0.2877
vn 0.2817 -0.9154 0.2875
vn 0.2818 -0.9154 0.2875
vn -0.0492 -0.9647 0.2589
vn -0.0492 -0.9646 0.2591
vn -0.0492 -0.9646 0.2589
vn 0.2191 -0.9264 -0.3062
vn 0.2191 -0.9264 -0.3061
vn 0.3381 -0.9047 0.2592
vn 0.3380 -0.9047 0.2593
vn 0.3380 -0.9048 0.2592
vn 0.3380 -0.9048 0.2591
vn 0.0145 -0.9569 0.2901
vn 0.0146 -0.9569 0.2901
vn 0.0144 -0.9569 0.2901
vn 0.1520 -0.9374 -0.3133
vn 0.1519 -0.9374 -0.3133
vn 0.1519 -0.9374 -0.3134
vn 0.3867 -0.8950 0.2225
vn 0.3862 -0.8952 0.2225
vn 0.3863 -0.8951 0.2225
vn 0.0827 -0.9477 0.3082
vn 0.0827 -0.9478 0.3081
vn 0.0827 -0.9477 -0.3082
vn 0.0827 -0.9477 -0.3081
vn 0.0826 -0.9478 -0.3081
vn 0.4257 -0.8869 0.1795
vn 0.4257 -0.8869 0.1796
vn 0.1519 -0.9374 0.3133
vn 0.1519 -0.9374 0.3134
vn -0.6967 0.7157 0.0488
vn -0.6968 0.7156 0.0489
vn -0.6967 0.7157 0.0489
vn -0.6966 0.7158 0.0488
vn 0.9849 -0.1520 -0.0824
vn 0.9849 -0.1520 -0.0825
vn -0.9576 0.1477 -0.2474
vn -0.9576 0.1477 -0.2475
vn 0.9574 -0.1480 -0.2478
vn -0.9849 0.1520 -0.0830
vn -0.9849 0.1520 -0.0831
vn -0.9849 0.1519 -0.0829
vn 0.9012 -0.1390 -0.4105
vn 0.9012 -0.1391 -0.4105
vn 0.9013 -0.1393 -0.4101
vn -0.9849 0.1520 0.0828
vn -0.9849 0.1521 0.0832
vn -0.9849 0.1519 0.0827
vn 0.8129 -0.1254 -0.5687
vn 0.8128 -0.1255 -0.5689
vn -0.9576 0.1477 0.2474
vn -0.9576 0.1477 0.2475
vn 0.6899 -0.1063 -0.7161
vn 0.6897 -0.1064 -0.7162
vn 0.6898 -0.1062 -0.7162
vn -0.9013 0.1392 0.4103
vn -0.9013 0.1393 0.4101
vn -0.9013 0.1392 0.4102
vn -0.9012 0.1390 0.4105
vn 0.5295 -0.0816 -0.8444
vn 0.5295 -0.0817 -0.8443
vn 0.5296 -0.0817 -0.8443
vn 0.1150 -0.0177 0.9932
vn 0.1152 -0.0178 0.9932
vn 0.1151 -0.0177 0.9932
vn -0.8133 0.1250 0.5683
vn -0.8130 0.1252 0.5686
vn -0.8130 0.1254 0.5686
vn -0.8131 0.1254 0.5685
vn 0.3353 -0.0518 -0.9407
vn 0.3352 -0.0517 -0.9407
vn 0.3348 -0.0517 0.9409
vn 0.3347 -0.0517 0.9409
vn -0.6896 0.1064 0.7163
vn -0.6897 0.1064 0.7162
vn -0.6895 0.1064 0.7164
vn 0.1148 -0.0177 -0.9932
vn 0.1149 -0.0177 -0.9932
vn 0.5296 -0.0817 0.8443
vn 0.5294 -0.0817 0.8445
vn -0.5296 0.0817 0.8443
vn -0.1148 0.0177 -0.9932
vn -0.1151 0.0177 -0.9932
vn 0.6897 -0.1063 0.7163
vn 0.6897 -0.1064 0.7162
vn 0.6898 -0.1065 0.7161
vn 0.6898 -0.1064 0.7161
vn -0.3348 0.0517 0.9409
vn -0.3350 0.0517 0.9408
vn -0.3345 0.0517 0.9410
vn -0.3353 0.0518 -0.9407
vn 0.8129 -0.1256 0.5687
vn 0.8128 -0.1257 0.5688
vn 0.8130 -0.1255 0.5686
vn -0.1147 0.0177 0.9932
vn -0.1146 0.0177 0.9933
vn -0.1148 0.0177 0.9932
vn -0.5296 0.0817 -0.8443
vn 0.9012 -0.1390 0.4105
vn 0.9012 -0.1391 0.4104
vn -0.6899 0.1066 -0.7160
vn -0.6898 0.1065 -0.7161
vn -0.6900 0.1067 -0.7160
vn 0.9574 -0.1480 0.2478
vn -0.8130 0.1255 -0.5685
vn -0.8130 0.1254 -0.5686
vn -0.8131 0.1255 -0.5685
vn 0.9849 -0.1520 0.0825
vn 0.9849 -0.1519 0.0827
vn -0.0237 -0.8765 -0.4807
vn -0.0235 -0.8766 -0.4807
vn -0.0238 -0.8765 -0.4807
vn -0.0239 -0.8765 -0.4807
vn 0.1211 0.9692 -0.2145
vn -0.6773 0.7213 0.1449
vn -0.6772 0.7213 0.1450
vn -0.6773 0.7213 0.1450
vn -0.6772 0.7214 0.1450
vn 0.0927 0.9540 -0.2851
vn -0.6384 0.7325 0.2363
vn -0.6384 0.7325 0.2366
vn 0.0451 0.9342 -0.3539
vn -0.1100 0.8829 0.4565
vn -0.5806 0.7491 0.3191
vn -0.5806 0.7490 0.3191
vn -0.5807 0.7490 0.3190
vn -0.0232 0.9102 -0.4135
vn -0.0232 0.9102 0.4135
vn -0.5053 0.7702 0.3891
vn -0.5052 0.7703 0.3891
vn -0.1100 0.8829 -0.4565
vn 0.0451 0.9342 0.3539
vn -0.4147 0.7957 0.4414
vn -0.2096 0.8536 -0.4769
vn 0.0927 0.9540 0.2851
vn -0.3139 0.8240 0.4717
vn -0.3139 0.8240 -0.4717
vn 0.1211 0.9692 0.2145
vn -0.2096 0.8536 0.4769
vn -0.4147 0.7957 -0.4414
vn -0.4149 0.7957 -0.4413
vn 0.1351 0.9799 0.1471
vn 0.1351 0.9798 0.1471
vn -0.5052 0.7703 -0.3891
vn 0.1401 0.9865 0.0852
vn -0.5806 0.7490 -0.3191
vn -0.5806 0.7489 -0.3194
vn 0.1413 0.9896 0.0278
vn 0.1414 0.9896 0.0278
vn -0.6386 0.7325 -0.2359
vn -0.6384 0.7325 -0.2363
vn 0.1413 0.9896 -0.0278
vn 0.1412 0.9896 -0.0278
vn -0.6773 0.7213 -0.1450
vn -0.6772 0.7213 -0.1450
vn 0.1401 0.9865 -0.0852
vn -0.6967 0.7157 -0.0488
vn -0.6968 0.7156 -0.0485
vn -0.6970 0.7154 -0.0487
vn -0.6968 0.7156 -0.0488
vn 0.1351 0.9799 -0.1471
vn 0.1351 0.9798 -0.1471
vn -0.7985 -0.1306 -0.5876
vn -0.7986 -0.1308 -0.5875
vn -0.7986 -0.1306 -0.5875
vn 0.5623 -0.7653 0.3132
vn 0.5623 -0.7654 0.3131
vn 0.5623 -0.7654 0.3132
vn 0.5622 -0.7654 0.3132
vn 0.0845 -0.8611 0.5013
vn 0.0845 -0.8612 0.5012
vn -0.1239 -0.8890 -0.4408
vn -0.1239 -0.8888 -0.4412
vn -0.1242 -0.8889 -0.4409
vn -0.1243 -0.8890 -0.4408
vn 0.6185 -0.7510 0.2312
vn -0.2141 -0.8981 -0.3842
vn -0.2139 -0.8982 -0.3840
vn -0.2141 -0.8982 -0.3839
vn 0.6565 -0.7409 0.1417
vn -0.2888 -0.9047 -0.3131
vn -0.2888 -0.9048 -0.3130
vn 0.6757 -0.7356 0.0476
vn 0.6757 -0.7356 0.0477
vn 0.6758 -0.7356 0.0475
vn 0.6758 -0.7356 0.0476
vn -0.3469 -0.9090 -0.2311
vn -0.3467 -0.9090 -0.2312
vn -0.3468 -0.9090 -0.2312
vn 0.6757 -0.7356 -0.0476
vn 0.6757 -0.7356 -0.0477
vn 0.6756 -0.7357 -0.0475
vn -0.3858 -0.9116 -0.1417
vn -0.3859 -0.9116 -0.1417
vn -0.3860 -0.9116 -0.1414
vn 0.6565 -0.7409 -0.1417
vn 0.6565 -0.7409 -0.1418
vn -0.4058 -0.9127 -0.0477
vn -0.4057 -0.9128 -0.0477
vn 0.6185 -0.7510 -0.2312
vn -0.4059 -0.9127 0.0478
vn -0.4056 -0.9128 0.0479
vn -0.4057 -0.9127 0.0479
vn -0.4058 -0.9127 0.0477
vn 0.5623 -0.7654 -0.3131
vn -0.3860 -0.9115 0.1418
vn -0.3859 -0.9116 0.1417
vn -0.3858 -0.9116 0.1419
vn -0.3862 -0.9114 0.1423
vn 0.4892 -0.7831 -0.3840
vn -0.3469 -0.9090 0.2310
vn -0.3468 -0.9090 0.2311
vn -0.3467 -0.9090 0.2312
vn 0.4014 -0.8028 -0.4409
vn 0.1947 -0.8431 0.5012
vn 0.1946 -0.8432 0.5012
vn 0.1946 -0.8431 0.5012
vn -0.2888 -0.9048 0.3130
vn -0.2888 -0.9048 0.3129
vn 0.3018 -0.8232 -0.4809
vn 0.3018 -0.8232 -0.4808
vn 0.3019 -0.8230 -0.4812
vn 0.3017 -0.8233 0.4807
vn 0.3018 -0.8233 0.4807
vn 0.3017 -0.8233 0.4808
vn -0.2138 -0.8982 0.3840
vn -0.2136 -0.8984 0.3838
vn -0.2138 -0.8982 0.3842
vn 0.1945 -0.8432 -0.5012
vn 0.1946 -0.8432 -0.5012
vn 0.1944 -0.8432 -0.5012
vn 0.4014 -0.8028 0.4409
vn -0.1245 -0.8889 0.4409
vn -0.1244 -0.8889 0.4409
vn -0.1245 -0.8891 0.4405
vn -0.1248 -0.8889 0.4408
vn 0.0845 -0.8612 -0.5012
vn 0.0845 -0.8612 -0.5013
vn 0.4892 -0.7830 0.3841
vn 0.4892 -0.7831 0.3840
vn -0.0238 -0.8765 0.4807
vn -0.0236 -0.8766 0.4807
vn -0.9518 0.2964 -0.0794
vn -0.9517 0.2964 -0.0798
vn -0.9517 0.2964 -0.0797
vn 0.9831 0.1611 0.0869
vn 0.9831 0.1610 0.0870
vn 0.9831 0.1612 0.0869
vn 0.9831 0.1613 0.0868
vn -0.8921 -0.1462 -0.4274
vn -0.8923 -0.1464 -0.4271
vn -0.8921 -0.1461 -0.4275
vn 0.9832 0.1608 -0.0869
vn 0.9831 0.1610 -0.0868
vn 0.9831 0.1612 -0.0869
vn 0.9831 0.1610 -0.0870
vn -0.9531 -0.1561 -0.2592
vn -0.9531 -0.1561 -0.2591
vn -0.9532 -0.1562 -0.2589
vn -0.9532 -0.1561 -0.2590
vn 0.9531 0.1561 -0.2591
vn 0.9531 0.1562 -0.2592
vn 0.9532 0.1561 -0.2590
vn -0.9831 -0.1612 -0.0869
vn -0.9831 -0.1609 -0.0868
vn -0.9832 -0.1607 -0.0867
vn -0.9831 -0.1610 -0.0868
vn 0.8922 0.1461 -0.4274
vn 0.8921 0.1461 -0.4275
vn 0.8922 0.1461 -0.4273
vn -0.9831 -0.1611 0.0869
vn -0.9831 -0.1610 0.0870
vn -0.9831 -0.1609 0.0869
vn -0.9831 -0.1610 0.0868
vn 0.7987 0.1309 -0.5874
vn 0.7986 0.1310 -0.5874
vn 0.7987 0.1309 -0.5873
vn 0.7987 0.1308 -0.5873
vn -0.9532 -0.1562 0.2588
vn -0.9532 -0.1561 0.2589
vn -0.9532 -0.1563 0.2588
vn -0.9532 -0.1564 0.2587
vn 0.6711 0.1100 -0.7331
vn 0.6712 0.1099 -0.7331
vn 0.6710 0.1101 -0.7332
vn -0.8922 -0.1462 0.4273
vn -0.8923 -0.1464 0.4271
vn -0.8922 -0.1463 0.4273
vn -0.8921 -0.1461 0.4275
vn 0.5103 0.0836 -0.8559
vn 0.5103 0.0835 -0.8560
vn 0.1093 0.0179 0.9938
vn 0.1092 0.0179 0.9939
vn -0.7985 -0.1310 0.5876
vn -0.7984 -0.1310 0.5877
vn -0.7986 -0.1308 0.5875
vn 0.3202 0.0523 -0.9459
vn 0.3201 0.0524 -0.9459
vn 0.3201 0.0525 -0.9459
vn 0.3202 0.0522 0.9459
vn 0.3199 0.0525 0.9460
vn 0.3202 0.0523 0.9459
vn 0.3201 0.0524 0.9459
vn -0.6710 -0.1101 0.7333
vn -0.6712 -0.1099 0.7331
vn 0.1092 0.0179 -0.9939
vn 0.5103 0.0837 0.8559
vn 0.5104 0.0836 0.8559
vn -0.5103 -0.0836 0.8559
vn -0.5104 -0.0836 0.8558
vn -0.5105 -0.0837 0.8558
vn -0.1092 -0.0179 -0.9939
vn 0.6711 0.1098 0.7332
vn 0.6712 0.1099 0.7331
vn -0.3201 -0.0524 0.9459
vn -0.3199 -0.0523 0.9460
vn -0.3204 -0.0526 -0.9458
vn -0.3201 -0.0524 -0.9459
vn 0.7987 0.1308 0.5873
vn 0.7986 0.1308 0.5875
vn 0.7986 0.1308 0.5874
vn -0.1093 -0.0179 0.9938
vn -0.1092 -0.0179 0.9939
vn -0.5105 -0.0836 -0.8558
vn 0.8922 0.1461 0.4274
vn 0.8921 0.1461 0.4275
vn 0.8922 0.1460 0.4275
vn 0.8922 0.1461 0.4273
vn -0.6712 -0.1099 -0.7331
vn -0.6712 -0.1099 -0.7330
vn 0.9532 0.1562 0.2590
vn 0.9532 0.1561 0.2589
vn 0.9532 0.1561 0.2591
vn 0.9531 0.1560 0.2593
vn -0.0252 0.9997 -0.0000
vn -0.0253 0.9997 0.0001
vn -0.0250 0.9997 -0.0000
vn -0.0251 0.9997 -0.0001
vn -0.0253 0.9997 -0.0000
vn -0.0249 0.9997 -0.0000
vn -0.0253 0.9997 -0.0001
vn -0.0255 0.9997 -0.0001
vn -0.0256 0.9997 -0.0002
vn -0.0254 0.9997 0.0001
vn -0.0252 0.9997 0.0001
vn -0.2350 0.9698 0.0659
vn -0.9517 0.2964 0.0799
vn -0.9517 0.2964 0.0798
vn -0.9517 0.2964 0.0797
vn -0.1189 0.9928 0.0158
vn -0.9205 0.3104 0.2372
vn -0.0071 0.9953 -0.0964
vn -0.8575 0.3388 0.3871
vn -0.8575 0.3390 0.3870
vn 0.0627 0.9641 -0.2579
vn 0.0627 0.9641 -0.2580
vn -0.0129 0.8079 0.5892
vn -0.7621 0.3825 0.5224
vn 0.0625 0.8982 -0.4351
vn 0.0625 0.8982 0.4351
vn -0.6350 0.4423 0.6333
vn -0.6350 0.4423 0.6334
vn -0.0129 0.8079 -0.5892
vn 0.0627 0.9641 0.2579
vn -0.4810 0.5180 0.7073
vn -0.4809 0.5181 0.7073
vn -0.1467 0.7071 -0.6917
vn -0.0071 0.9953 0.0964
vn -0.3116 0.6078 0.7304
vn -0.3116 0.6078 -0.7304
vn -0.1189 0.9928 -0.0158
vn -0.1467 0.7071 0.6917
vn -0.4810 0.5180 -0.7073
vn -0.2350 0.9698 -0.0659
vn -0.6350 0.4423 -0.6334
vn -0.3255 0.9435 -0.0622
vn -0.7621 0.3825 -0.5224
vn -0.3739 0.9271 -0.0245
vn -0.8575 0.3390 -0.3870
vn -0.8575 0.3388 -0.3871
vn -0.8575 0.3388 -0.3872
vn -0.3739 0.9272 0.0245
vn -0.3739 0.9271 0.0245
vn -0.9205 0.3104 -0.2373
vn -0.9205 0.3104 -0.2372
vn -0.9205 0.3105 -0.2372
vn -0.3255 0.9435 0.0622
vt 0.000000 0.000000
s 1
g off
usemtl Goddard_None
f 2049/2/2937 2050/2/2938 2051/2/2938
f 2051/2/2938 2052/2/2938 2053/2/2939
f 2049/2/2937 2051/2/2938 2053/2/2939
f 2053/2/2939 2054/2/2940 2055/2/2941
f 2055/2/2941 2056/2/2938 2057/2/2942
f 2053/2/2939 2055/2/2941 2057/2/2942
f 2049/2/2937 2053/2/2939 2057/2/2942
f 2057/2/2942 2058/2/2938 2059/2/2943
f 2059/2/2943 2060/2/2944 2061/2/2938
f 2057/2/2942 2059/2/2943 2061/2/2938
f 2061/2/2938 2062/2/2938 2063/2/2938
f 2063/2/2938 2064/2/2938 2065/2/2945
f 2061/2/2938 2063/2/2938 2065/2/2945
f 2057/2/2942 2061/2/2938 2065/2/2945
f 2065/2/2945 2066/2/2938 2067/2/2946
f 2067/2/2946 2068/2/2938 2069/2/2938
f 2065/2/2945 2067/2/2946 2069/2/2938
f 2069/2/2938 2070/2/2940 2071/2/2940
f 2071/2/2940 2072/2/2938 2073/2/2947
f 2069/2/2938 2071/2/2940 2073/2/2947
f 2065/2/2945 2069/2/2938 2073/2/2947
f 2057/2/2942 2065/2/2945 2073/2/2947
f 2049/2/2937 2057/2/2942 2073/2/2947
f 2074/2/2938 2075/2/2938 2076/2/2943
f 2073/2/2947 2074/2/2938 2076/2/2943
f 2073/2/2947 2076/2/2943 2077/2/2938
f 2049/2/2937 2073/2/2947 2077/2/2938
f 2078/2/2938 2049/2/2937 2077/2/2938
f 2078/2/2938 2077/2/2938 2079/2/2938
f 2078/2/2938 2079/2/2938 2080/2/2938
f 2081/2/2948 2082/2/2949 2083/2/2950
f 2083/2/2950 2084/2/2949 2081/2/2948
f 2067/2/2951 2085/2/2952 2086/2/2953
f 2086/2/2953 2068/2/2954 2067/2/2951
f 2087/2/2955 2049/2/2956 2078/2/2955
f 2078/2/2955 2088/2/2957 2087/2/2955
f 2053/2/2958 2089/2/2959 2090/2/2960
f 2090/2/2960 2054/2/2961 2053/2/2958
f 2066/2/2962 2091/2/2963 2085/2/2964
f 2085/2/2964 2067/2/2965 2066/2/2962
f 2088/2/2966 2078/2/2967 2080/2/2966
f 2080/2/2966 2092/2/2968 2088/2/2966
f 2052/2/2969 2093/2/2970 2089/2/2971
f 2089/2/2971 2053/2/2972 2052/2/2969
f 2065/2/2973 2094/2/2974 2091/2/2973
f 2091/2/2973 2066/2/2975 2065/2/2973
f 2092/2/2976 2080/2/2977 2079/2/2978
f 2079/2/2978 2095/2/2979 2092/2/2976
f 2051/2/2980 2096/2/2980 2093/2/2980
f 2093/2/2980 2052/2/2981 2051/2/2980
f 2064/2/2982 2097/2/2983 2094/2/2982
f 2094/2/2982 2065/2/2982 2064/2/2982
f 2079/2/2984 2077/2/2984 2098/2/2985
f 2098/2/2985 2095/2/2986 2079/2/2984
f 2050/2/2987 2099/2/2988 2096/2/2989
f 2096/2/2989 2051/2/2990 2050/2/2987
f 2063/2/2991 2100/2/2992 2097/2/2991
f 2097/2/2991 2064/2/2993 2063/2/2991
f 2076/2/2994 2101/2/2995 2098/2/2995
f 2098/2/2995 2077/2/2995 2076/2/2994
f 2050/2/2996 2049/2/2996 2087/2/2996
f 2087/2/2996 2099/2/2996 2050/2/2996
f 2062/2/2997 2102/2/2997 2100/2/2998
f 2100/2/2998 2063/2/2997 2062/2/2997
f 2103/2/2999 2101/2/3000 2076/2/3001
f 2076/2/3001 2075/2/3002 2103/2/2999
f 2061/2/3003 2104/2/3003 2102/2/3004
f 2102/2/3004 2062/2/3003 2061/2/3003
f 2074/2/3005 2105/2/3006 2103/2/3005
f 2103/2/3005 2075/2/3007 2074/2/3005
f 2060/2/3008 2106/2/3009 2104/2/3010
f 2104/2/3010 2061/2/3010 2060/2/3008
f 2084/2/3011 2105/2/3011 2074/2/3012
f 2074/2/3012 2073/2/3013 2084/2/3011
f 2059/2/3014 2107/2/3015 2106/2/3015
f 2106/2/3015 2060/2/3015 2059/2/3014
f 2084/2/3016 2073/2/3016 2072/2/3017
f 2072/2/3017 2081/2/3018 2084/2/3016
f 2058/2/3019 2108/2/3020 2107/2/3021
f 2107/2/3021 2059/2/3019 2058/2/3019
f 2072/2/3022 2071/2/3023 2109/2/3022
f 2109/2/3022 2081/2/3024 2072/2/3022
f 2057/2/3025 2110/2/3026 2108/2/3027
f 2108/2/3027 2058/2/3028 2057/2/3025
f 2070/2/3029 2111/2/3030 2109/2/3031
f 2109/2/3031 2071/2/3032 2070/2/3029
f 2056/2/3033 2112/2/3034 2110/2/3035
f 2110/2/3035 2057/2/3036 2056/2/3033
f 2069/2/3037 2113/2/3037 2111/2/3037
f 2111/2/3037 2070/2/3037 2069/2/3037
f 2055/2/3038 2114/2/3039 2112/2/3040
f 2112/2/3040 2056/2/3041 2055/2/3038
f 2068/2/3042 2086/2/3042 2113/2/3043
f 2113/2/3043 2069/2/3042 2068/2/3042
f 2054/2/3044 2090/2/3045 2114/2/3044
f 2114/2/3044 2055/2/3044 2054/2/3044
f 2115/2/3046 2116/2/3047 2117/2/3048
f 2117/2/3048 2118/2/3049 2115/2/3046
f 2108/2/3050 2119/2/3050 2120/2/3050
f 2120/2/3050 2107/2/3051 2108/2/3050
f 2109/2/3052 2121/2/3052 2082/2/3052
f 2082/2/3052 2081/2/3052 2109/2/3052
f 2110/2/3053 2122/2/3053 2119/2/3054
f 2119/2/3054 2108/2/3055 2110/2/3053
f 2111/2/3056 2118/2/3056 2121/2/3056
f 2121/2/3056 2109/2/3056 2111/2/3056
f 2112/2/3057 2123/2/3058 2122/2/3057
f 2122/2/3057 2110/2/3059 2112/2/3057
f 2113/2/3060 2115/2/3061 2118/2/3062
f 2118/2/3062 2111/2/3063 2113/2/3060
f 2114/2/3064 2124/2/3065 2123/2/3066
f 2123/2/3066 2112/2/3067 2114/2/3064
f 2086/2/3068 2125/2/3068 2115/2/3069
f 2115/2/3069 2113/2/3070 2086/2/3068
f 2090/2/3071 2126/2/3071 2124/2/3071
f 2124/2/3071 2114/2/3072 2090/2/3071
f 2085/2/3073 2127/2/3073 2125/2/3074
f 2125/2/3074 2086/2/3073 2085/2/3073
f 2088/2/3075 2128/2/3076 2129/2/3077
f 2129/2/3077 2087/2/3078 2088/2/3075
f 2089/2/3079 2130/2/3080 2126/2/3081
f 2126/2/3081 2090/2/3082 2089/2/3079
f 2091/2/3083 2131/2/3084 2127/2/3085
f 2127/2/3085 2085/2/3086 2091/2/3083
f 2092/2/3087 2132/2/3088 2128/2/3089
f 2128/2/3089 2088/2/3090 2092/2/3087
f 2093/2/3091 2133/2/3092 2130/2/3093
f 2130/2/3093 2089/2/3094 2093/2/3091
f 2094/2/3095 2134/2/3095 2131/2/3095
f 2131/2/3095 2091/2/3095 2094/2/3095
f 2095/2/3096 2135/2/3097 2132/2/3098
f 2132/2/3098 2092/2/3099 2095/2/3096
f 2096/2/3100 2136/2/3101 2133/2/3100
f 2133/2/3100 2093/2/3101 2096/2/3100
f 2097/2/3102 2137/2/3103 2134/2/3102
f 2134/2/3102 2094/2/3102 2097/2/3102
f 2098/2/3104 2138/2/3105 2135/2/3106
f 2135/2/3106 2095/2/3107 2098/2/3104
f 2099/2/3108 2139/2/3109 2136/2/3108
f 2136/2/3108 2096/2/3110 2099/2/3108
f 2100/2/3111 2140/2/3112 2137/2/3113
f 2137/2/3113 2097/2/3112 2100/2/3111
f 2101/2/3114 2141/2/3115 2138/2/3114
f 2138/2/3114 2098/2/3116 2101/2/3114
f 2099/2/3117 2087/2/3118 2129/2/3119
f 2129/2/3119 2139/2/3120 2099/2/3117
f 2102/2/3121 2142/2/3122 2140/2/3122
f 2140/2/3122 2100/2/3121 2102/2/3121
f 2103/2/3123 2143/2/3124 2141/2/3123
f 2141/2/3123 2101/2/3125 2103/2/3123
f 2104/2/3126 2144/2/3127 2142/2/3127
f 2142/2/3127 2102/2/3128 2104/2/3126
f 2105/2/3129 2145/2/3129 2143/2/3129
f 2143/2/3129 2103/2/3130 2105/2/3129
f 2106/2/3131 2146/2/3131 2144/2/3132
f 2144/2/3132 2104/2/3131 2106/2/3131
f 2084/2/3133 2083/2/3133 2145/2/3134
f 2145/2/3134 2105/2/3133 2084/2/3133
f 2107/2/3135 2120/2/3135 2146/2/3135
f 2146/2/3135 2106/2/3135 2107/2/3135
f 2147/2/3136 2148/2/3137 2149/2/3136
f 2149/2/3136 2150/2/3138 2147/2/3136
f 2124/2/3139 2151/2/3140 2152/2/3141
f 2152/2/3141 2123/2/3141 2124/2/3139
f 2125/2/3142 2153/2/3142 2116/2/3143
f 2116/2/3143 2115/2/3144 2125/2/3142
f 2126/2/3145 2154/2/3145 2151/2/3146
f 2151/2/3146 2124/2/3147 2126/2/3145
f 2127/2/3148 2147/2/3149 2153/2/3148
f 2153/2/3148 2125/2/3150 2127/2/3148
f 2128/2/3151 2155/2/3152 2156/2/3152
f 2156/2/3152 2129/2/3151 2128/2/3151
f 2130/2/3153 2157/2/3154 2154/2/3155
f 2154/2/3155 2126/2/3153 2130/2/3153
f 2131/2/3156 2148/2/3157 2147/2/3158
f 2147/2/3158 2127/2/3157 2131/2/3156
f 2132/2/3159 2158/2/3160 2155/2/3160
f 2155/2/3160 2128/2/3160 2132/2/3159
f 2133/2/3161 2159/2/3162 2157/2/3163
f 2157/2/3163 2130/2/3164 2133/2/3161
f 2134/2/3165 2160/2/3166 2148/2/3167
f 2148/2/3167 2131/2/3168 2134/2/3165
f 2135/2/3169 2161/2/3169 2158/2/3170
f 2158/2/3170 2132/2/3170 2135/2/3169
f 2136/2/3171 2162/2/3171 2159/2/3172
f 2159/2/3172 2133/2/3173 2136/2/3171
f 2137/2/3174 2163/2/3175 2160/2/3176
f 2160/2/3176 2134/2/3177 2137/2/3174
f 2138/2/3178 2164/2/3179 2161/2/3179
f 2161/2/3179 2135/2/3180 2138/2/3178
f 2139/2/3181 2165/2/3181 2162/2/3181
f 2162/2/3181 2136/2/3181 2139/2/3181
f 2140/2/3182 2166/2/3183 2163/2/3182
f 2163/2/3182 2137/2/3184 2140/2/3182
f 2141/2/3185 2167/2/3185 2164/2/3185
f 2164/2/3185 2138/2/3185 2141/2/3185
f 2139/2/3186 2129/2/3187 2156/2/3188
f 2156/2/3188 2165/2/3189 2139/2/3186
f 2142/2/3190 2168/2/3190 2166/2/3191
f 2166/2/3191 2140/2/3190 2142/2/3190
f 2143/2/3192 2169/2/3192 2167/2/3192
f 2167/2/3192 2141/2/3192 2143/2/3192
f 2144/2/3193 2170/2/3194 2168/2/3195
f 2168/2/3195 2142/2/3196 2144/2/3193
f 2145/2/3197 2171/2/3197 2169/2/3197
f 2169/2/3197 2143/2/3197 2145/2/3197
f 2146/2/3198 2172/2/3199 2170/2/3200
f 2170/2/3200 2144/2/3201 2146/2/3198
f 2083/2/3202 2173/2/3202 2171/2/3203
f 2171/2/3203 2145/2/3202 2083/2/3202
f 2120/2/3204 2174/2/3205 2172/2/3206
f 2172/2/3206 2146/2/3207 2120/2/3204
f 2082/2/3208 2175/2/3209 2173/2/3210
f 2173/2/3210 2083/2/3211 2082/2/3208
f 2119/2/3212 2176/2/3213 2174/2/3213
f 2174/2/3213 2120/2/3213 2119/2/3212
f 2121/2/3214 2177/2/3214 2175/2/3215
f 2175/2/3215 2082/2/3216 2121/2/3214
f 2122/2/3217 2178/2/3218 2176/2/3218
f 2176/2/3218 2119/2/3218 2122/2/3217
f 2118/2/3219 2117/2/3219 2177/2/3219
f 2177/2/3219 2121/2/3219 2118/2/3219
f 2123/2/3220 2152/2/3220 2178/2/3221
f 2178/2/3221 2122/2/3220 2123/2/3220
f 2179/2/3222 2180/2/3223 2181/2/3224
f 2181/2/3224 2182/2/3222 2179/2/3222
f 2158/2/3225 2183/2/3226 2184/2/3227
f 2184/2/3227 2155/2/3228 2158/2/3225
f 2185/2/3229 2186/2/3230 2157/2/3230
f 2157/2/3230 2159/2/3231 2185/2/3229
f 2148/2/3232 2160/2/2973 2187/2/3232
f 2187/2/3232 2149/2/3233 2148/2/3232
f 2161/2/3234 2188/2/2977 2183/2/3235
f 2183/2/3235 2158/2/3236 2161/2/3234
f 2159/2/3237 2162/2/3238 2189/2/3239
f 2189/2/3239 2185/2/3240 2159/2/3237
f 2160/2/2983 2163/2/3241 2182/2/3242
f 2182/2/3242 2187/2/3243 2160/2/2983
f 2164/2/3244 2190/2/3245 2188/2/3244
f 2188/2/3244 2161/2/3246 2164/2/3244
f 2162/2/3247 2165/2/2990 2191/2/2990
f 2191/2/2990 2189/2/2990 2162/2/3247
f 2163/2/3248 2166/2/3248 2179/2/3249
f 2179/2/3249 2182/2/3249 2163/2/3248
f 2167/2/3250 2192/2/3251 2190/2/3250
f 2190/2/3250 2164/2/3252 2167/2/3250
f 2191/2/3253 2165/2/3254 2156/2/3255
f 2156/2/3255 2193/2/3253 2191/2/3253
f 2166/2/3256 2168/2/2997 2194/2/3256
f 2194/2/3256 2179/2/2998 2166/2/3256
f 2169/2/3257 2195/2/3258 2192/2/3258
f 2192/2/3258 2167/2/3259 2169/2/3257
f 2196/2/3260 2194/2/3003 2168/2/3260
f 2168/2/3260 2170/2/3261 2196/2/3260
f 2171/2/3262 2197/2/3263 2195/2/3264
f 2195/2/3264 2169/2/3265 2171/2/3262
f 2170/2/3266 2172/2/3267 2198/2/3268
f 2198/2/3268 2196/2/3269 2170/2/3266
f 2171/2/3270 2173/2/3270 2199/2/3270
f 2199/2/3270 2197/2/3270 2171/2/3270
f 2172/2/3271 2174/2/3272 2200/2/3272
f 2200/2/3272 2198/2/3273 2172/2/3271
f 2173/2/3018 2175/2/3018 2201/2/3018
f 2201/2/3018 2199/2/3018 2173/2/3018
f 2202/2/3274 2200/2/3275 2174/2/3276
f 2174/2/3276 2176/2/3277 2202/2/3274
f 2201/2/3278 2175/2/3279 2177/2/3280
f 2177/2/3280 2203/2/3023 2201/2/3278
f 2176/2/3026 2178/2/3026 2204/2/3026
f 2204/2/3026 2202/2/3026 2176/2/3026
f 2177/2/3281 2117/2/3282 2205/2/3032
f 2205/2/3032 2203/2/3283 2177/2/3281
f 2178/2/3284 2152/2/3285 2206/2/3286
f 2206/2/3286 2204/2/3287 2178/2/3284
f 2205/2/3288 2117/2/3289 2116/2/3290
f 2116/2/3290 2207/2/3291 2205/2/3288
f 2208/2/3292 2206/2/3293 2152/2/3294
f 2152/2/3294 2151/2/3295 2208/2/3292
f 2207/2/3296 2116/2/3296 2153/2/3043
f 2153/2/3043 2209/2/3043 2207/2/3296
f 2151/2/3297 2154/2/3298 2210/2/3297
f 2210/2/3297 2208/2/3299 2151/2/3297
f 2150/2/3300 2209/2/3301 2153/2/3300
f 2153/2/3300 2147/2/3300 2150/2/3300
f 2155/2/3302 2184/2/3303 2193/2/3302
f 2193/2/3302 2156/2/2955 2155/2/3302
f 2154/2/2960 2157/2/3304 2186/2/3305
f 2186/2/3305 2210/2/3306 2154/2/2960
f 2211/2/3307 2212/2/3308 2213/2/3308
f 2213/2/3308 2214/2/3309 2211/2/3307
f 2192/2/3310 2215/2/3311 2216/2/3312
f 2216/2/3312 2190/2/3313 2192/2/3310
f 2217/2/3314 2191/2/3315 2193/2/3316
f 2193/2/3316 2218/2/3317 2217/2/3314
f 2180/2/3318 2179/2/3319 2194/2/3320
f 2194/2/3320 2219/2/3321 2180/2/3318
f 2220/2/3322 2215/2/3323 2192/2/3324
f 2192/2/3324 2195/2/3322 2220/2/3322
f 2196/2/3325 2214/2/3325 2219/2/3325
f 2219/2/3325 2194/2/3326 2196/2/3325
f 2197/2/3327 2221/2/3328 2220/2/3329
f 2220/2/3329 2195/2/3330 2197/2/3327
f 2198/2/3331 2211/2/3332 2214/2/3332
f 2214/2/3332 2196/2/3333 2198/2/3331
f 2199/2/3334 2222/2/3335 2221/2/3336
f 2221/2/3336 2197/2/3336 2199/2/3334
f 2223/2/3337 2211/2/3338 2198/2/3337
f 2198/2/3337 2200/2/3338 2223/2/3337
f 2201/2/3339 2224/2/3340 2222/2/3341
f 2222/2/3341 2199/2/3339 2201/2/3339
f 2202/2/3342 2225/2/3343 2223/2/3342
f 2223/2/3342 2200/2/3344 2202/2/3342
f 2226/2/3345 2224/2/3346 2201/2/3346
f 2201/2/3346 2203/2/3346 2226/2/3345
f 2204/2/3347 2227/2/3348 2225/2/3347
f 2225/2/3347 2202/2/3349 2204/2/3347
f 2205/2/3350 2228/2/3351 2226/2/3352
f 2226/2/3352 2203/2/3353 2205/2/3350
f 2229/2/3354 2227/2/3355 2204/2/3355
f 2204/2/3355 2206/2/3356 2229/2/3354
f 2207/2/3357 2230/2/3357 2228/2/3357
f 2228/2/3357 2205/2/3358 2207/2/3357
f 2208/2/3359 2231/2/3360 2229/2/3361
f 2229/2/3361 2206/2/3362 2208/2/3359
f 2232/2/3363 2230/2/3363 2207/2/3364
f 2207/2/3364 2209/2/3363 2232/2/3363
f 2210/2/3365 2233/2/3366 2231/2/3367
f 2231/2/3367 2208/2/3367 2210/2/3365
f 2150/2/3368 2234/2/3369 2232/2/3370
f 2232/2/3370 2209/2/3368 2150/2/3368
f 2184/2/3371 2235/2/3372 2218/2/3371
f 2218/2/3371 2193/2/3372 2184/2/3371
f 2233/2/3373 2210/2/3374 2186/2/3375
f 2186/2/3375 2236/2/3376 2233/2/3373
f 2149/2/3377 2237/2/3377 2234/2/3378
f 2234/2/3378 2150/2/3379 2149/2/3377
f 2183/2/3380 2238/2/3381 2235/2/3382
f 2235/2/3382 2184/2/3383 2183/2/3380
f 2185/2/3384 2239/2/3385 2236/2/3386
f 2236/2/3386 2186/2/3387 2185/2/3384
f 2240/2/3388 2237/2/3388 2149/2/3388
f 2149/2/3388 2187/2/3388 2240/2/3388
f 2241/2/3389 2238/2/3390 2183/2/3391
f 2183/2/3391 2188/2/3390 2241/2/3389
f 2189/2/3392 2242/2/3393 2239/2/3394
f 2239/2/3394 2185/2/3395 2189/2/3392
f 2182/2/3396 2181/2/3397 2240/2/3396
f 2240/2/3396 2187/2/3398 2182/2/3396
f 2190/2/3399 2216/2/3400 2241/2/3401
f 2241/2/3401 2188/2/3402 2190/2/3399
f 2217/2/3403 2242/2/3404 2189/2/3404
f 2189/2/3404 2191/2/3404 2217/2/3403
f 2243/2/3026 2244/2/3405 2245/2/3405
f 2245/2/3405 2246/2/3406 2243/2/3026
f 2247/2/3407 2221/2/3408 2222/2/3407
f 2222/2/3407 2248/2/3409 2247/2/3407
f 2223/2/3410 2249/2/3410 2212/2/3410
f 2212/2/3410 2211/2/3411 2223/2/3410
f 2224/2/3412 2250/2/3412 2248/2/3413
f 2248/2/3413 2222/2/3414 2224/2/3412
f 2249/2/3415 2223/2/3416 2225/2/3417
f 2225/2/3417 2245/2/3418 2249/2/3415
f 2226/2/3419 2251/2/3419 2250/2/3419
f 2250/2/3419 2224/2/3419 2226/2/3419
f 2227/2/3420 2246/2/3421 2245/2/3420
f 2245/2/3420 2225/2/3421 2227/2/3420
f 2252/2/3422 2251/2/3422 2226/2/3423
f 2226/2/3423 2228/2/3422 2252/2/3422
f 2229/2/3424 2253/2/3425 2246/2/3426
f 2246/2/3426 2227/2/3427 2229/2/3424
f 2230/2/3428 2254/2/3429 2252/2/3428
f 2252/2/3428 2228/2/3430 2230/2/3428
f 2253/2/3431 2229/2/3432 2231/2/3433
f 2231/2/3433 2255/2/3432 2253/2/3431
f 2232/2/3434 2256/2/3435 2254/2/3436
f 2254/2/3436 2230/2/3437 2232/2/3434
f 2233/2/3438 2257/2/3439 2255/2/3440
f 2255/2/3440 2231/2/3441 2233/2/3438
f 2258/2/3442 2256/2/3443 2232/2/3444
f 2232/2/3444 2234/2/3445 2258/2/3442
f 2218/2/3446 2235/2/3447 2259/2/3448
f 2259/2/3448 2260/2/3449 2218/2/3446
f 2236/2/3450 2261/2/3451 2257/2/3450
f 2257/2/3450 2233/2/3452 2236/2/3450
f 2237/2/3453 2262/2/3454 2258/2/3453
f 2258/2/3453 2234/2/3455 2237/2/3453
f 2238/2/3456 2263/2/3457 2259/2/3456
f 2259/2/3456 2235/2/3458 2238/2/3456
f 2264/2/3459 2261/2/3460 2236/2/3461
f 2236/2/3461 2239/2/3462 2264/2/3459
f 2240/2/3463 2265/2/3464 2262/2/3465
f 2262/2/3465 2237/2/3466 2240/2/3463
f 2241/2/3467 2266/2/3468 2263/2/3469
f 2263/2/3469 2238/2/3467 2241/2/3467
f 2242/2/3470 2267/2/3471 2264/2/3472
f 2264/2/3472 2239/2/3473 2242/2/3470
f 2265/2/3474 2240/2/3475 2181/2/3476
f 2181/2/3476 2268/2/3476 2265/2/3474
f 2216/2/3477 2269/2/3478 2266/2/3479
f 2266/2/3479 2241/2/3480 2216/2/3477
f 2217/2/3481 2270/2/3481 2267/2/3481
f 2267/2/3481 2242/2/3482 2217/2/3481
f 2180/2/3483 2271/2/3483 2268/2/3484
f 2268/2/3484 2181/2/3485 2180/2/3483
f 2269/2/3486 2216/2/3486 2215/2/3486
f 2215/2/3486 2272/2/3486 2269/2/3486
f 2260/2/3487 2270/2/3488 2217/2/3488
f 2217/2/3488 2218/2/3489 2260/2/3487
f 2219/2/3490 2273/2/3491 2271/2/3491
f 2271/2/3491 2180/2/3491 2219/2/3490
f 2220/2/3492 2274/2/3493 2272/2/3494
f 2272/2/3494 2215/2/3495 2220/2/3492
f 2273/2/3496 2219/2/3497 2214/2/3498
f 2214/2/3498 2213/2/3499 2273/2/3496
f 2221/2/3500 2247/2/3500 2274/2/3500
f 2274/2/3500 2220/2/3500 2221/2/3500
f 2275/2/3501 2276/2/3501 2277/2/3502
f 2277/2/3502 2278/2/3501 2275/2/3501
f 2252/2/3503 2279/2/3032 2280/2/3032
f 2280/2/3032 2251/2/3504 2252/2/3503
f 2253/2/3505 2281/2/3506 2243/2/3507
f 2243/2/3507 2246/2/3036 2253/2/3505
f 2282/2/3508 2279/2/3509 2252/2/3510
f 2252/2/3510 2254/2/3511 2282/2/3508
f 2255/2/3512 2278/2/3513 2281/2/3512
f 2281/2/3512 2253/2/3512 2255/2/3512
f 2256/2/3042 2283/2/3042 2282/2/3042
f 2282/2/3042 2254/2/3042 2256/2/3042
f 2275/2/3514 2278/2/3515 2255/2/3516
f 2255/2/3516 2257/2/3517 2275/2/3514
f 2258/2/3518 2284/2/3519 2283/2/3518
f 2283/2/3518 2256/2/3520 2258/2/3518
f 2260/2/2955 2259/2/3521 2285/2/3522
f 2285/2/3522 2286/2/3523 2260/2/2955
f 2261/2/3524 2287/2/3525 2275/2/3524
f 2275/2/3524 2257/2/3526 2261/2/3524
f 2288/2/3527 2284/2/3528 2258/2/3529
f 2258/2/3529 2262/2/3529 2288/2/3527
f 2285/2/3227 2259/2/3227 2263/2/3530
f 2263/2/3530 2289/2/3227 2285/2/3227
f 2264/2/3531 2290/2/3230 2287/2/3531
f 2287/2/3531 2261/2/3532 2264/2/3531
f 2265/2/2973 2291/2/2973 2288/2/2973
f 2288/2/2973 2262/2/3533 2265/2/2973
f 2289/2/3534 2263/2/3535 2266/2/2978
f 2266/2/2978 2292/2/2977 2289/2/3534
f 2293/2/3536 2290/2/2980 2264/2/3537
f 2264/2/3537 2267/2/3538 2293/2/3536
f 2268/2/3539 2294/2/3540 2291/2/2983
f 2291/2/2983 2265/2/2982 2268/2/3539
f 2269/2/3245 2295/2/3245 2292/2/3245
f 2292/2/3245 2266/2/3245 2269/2/3245
f 2270/2/3541 2296/2/2990 2293/2/3541
f 2293/2/3541 2267/2/3541 2270/2/3541
f 2297/2/3542 2294/2/3249 2268/2/3543
f 2268/2/3543 2271/2/3542 2297/2/3542
f 2272/2/2995 2298/2/2995 2295/2/2995
f 2295/2/2995 2269/2/2995 2272/2/2995
f 2286/2/2996 2296/2/3544 2270/2/3545
f 2270/2/3545 2260/2/2996 2286/2/2996
f 2273/2/3546 2299/2/2997 2297/2/2997
f 2297/2/2997 2271/2/2997 2273/2/3546
f 2298/2/3547 2272/2/3548 2274/2/3549
f 2274/2/3549 2300/2/3550 2298/2/3547
f 2213/2/3551 2301/2/3551 2299/2/3551
f 2299/2/3551 2273/2/3551 2213/2/3551
f 2247/2/3005 2302/2/3006 2300/2/3005
f 2300/2/3005 2274/2/3552 2247/2/3005
f 2303/2/3553 2301/2/3268 2213/2/3553
f 2213/2/3553 2212/2/3009 2303/2/3553
f 2248/2/3554 2304/2/3555 2302/2/3554
f 2302/2/3554 2247/2/3556 2248/2/3554
f 2249/2/3557 2305/2/3272 2303/2/3558
f 2303/2/3558 2212/2/3015 2249/2/3557
f 2306/2/3559 2304/2/3018 2248/2/3018
f 2248/2/3018 2250/2/3560 2306/2/3559
f 2245/2/3019 2244/2/3019 2305/2/3019
f 2305/2/3019 2249/2/3019 2245/2/3019
f 2251/2/3023 2280/2/3561 2306/2/3023
f 2306/2/3023 2250/2/3023 2251/2/3023
f 2307/2/3562 2308/2/3563 2309/2/3564
f 2309/2/3564 2310/2/3563 2307/2/3562
f 2284/2/3565 2311/2/3565 2312/2/3565
f 2312/2/3565 2283/2/3565 2284/2/3565
f 2313/2/3566 2314/2/3566 2286/2/3566
f 2286/2/3566 2285/2/3566 2313/2/3566
f 2315/2/3567 2276/2/3567 2275/2/3568
f 2275/2/3568 2287/2/3567 2315/2/3567
f 2288/2/3569 2316/2/3569 2311/2/3570
f 2311/2/3570 2284/2/3569 2288/2/3569
f 2289/2/3571 2317/2/3572 2313/2/3572
f 2313/2/3572 2285/2/3572 2289/2/3571
f 2290/2/3573 2318/2/3573 2315/2/3574
f 2315/2/3574 2287/2/3573 2290/2/3573
f 2319/2/3575 2316/2/3576 2288/2/3576
f 2288/2/3576 2291/2/3576 2319/2/3575
f 2292/2/3577 2320/2/3577 2317/2/3578
f 2317/2/3578 2289/2/3577 2292/2/3577
f 2293/2/3579 2321/2/3580 2318/2/3580
f 2318/2/3580 2290/2/3580 2293/2/3579
f 2294/2/3581 2322/2/3582 2319/2/3582
f 2319/2/3582 2291/2/3582 2294/2/3581
f 2323/2/3583 2320/2/3583 2292/2/3584
f 2292/2/3584 2295/2/3583 2323/2/3583
f 2321/2/3585 2293/2/3585 2296/2/3586
f 2296/2/3586 2324/2/3585 2321/2/3585
f 2297/2/3587 2325/2/3588 2322/2/3589
f 2322/2/3589 2294/2/3588 2297/2/3587
f 2298/2/3590 2326/2/3590 2323/2/3590
f 2323/2/3590 2295/2/3590 2298/2/3590
f 2314/2/3591 2324/2/3591 2296/2/3591
f 2296/2/3591 2286/2/3591 2314/2/3591
f 2325/2/3592 2297/2/3593 2299/2/3593
f 2299/2/3593 2327/2/3593 2325/2/3592
f 2300/2/3594 2328/2/3595 2326/2/3595
f 2326/2/3595 2298/2/3595 2300/2/3594
f 2301/2/3596 2329/2/3596 2327/2/3597
f 2327/2/3597 2299/2/3596 2301/2/3596
f 2330/2/3598 2328/2/3598 2300/2/3598
f 2300/2/3598 2302/2/3598 2330/2/3598
f 2303/2/3599 2331/2/3599 2329/2/3600
f 2329/2/3600 2301/2/3599 2303/2/3599
f 2304/2/3601 2332/2/3601 2330/2/3602
f 2330/2/3602 2302/2/3601 2304/2/3601
f 2309/2/3603 2331/2/3604 2303/2/3605
f 2303/2/3605 2305/2/3604 2309/2/3603
f 2306/2/3606 2333/2/3606 2332/2/3606
f 2332/2/3606 2304/2/3606 2306/2/3606
f 2244/2/3607 2310/2/3608 2309/2/3609
f 2309/2/3609 2305/2/3608 2244/2/3607
f 2333/2/3610 2306/2/3610 2280/2/3610
f 2280/2/3610 2334/2/3610 2333/2/3610
f 2243/2/3611 2335/2/3612 2310/2/3613
f 2310/2/3613 2244/2/3614 2243/2/3611
f 2279/2/3615 2336/2/3616 2334/2/3617
f 2334/2/3617 2280/2/3616 2279/2/3615
f 2335/2/3618 2243/2/3619 2281/2/3620
f 2281/2/3620 2337/2/3621 2335/2/3618
f 2282/2/3622 2338/2/3622 2336/2/3622
f 2336/2/3622 2279/2/3622 2282/2/3622
f 2278/2/3623 2277/2/3624 2337/2/3625
f 2337/2/3625 2281/2/3624 2278/2/3623
f 2312/2/3626 2338/2/3627 2282/2/3627
f 2282/2/3627 2283/2/3627 2312/2/3626
f 2339/2/3628 2340/2/3629 2341/2/3628
f 2341/2/3628 2342/2/3629 2339/2/3628
f 2334/2/3630 2343/2/3631 2344/2/3632
f 2344/2/3632 2333/2/3633 2334/2/3630
f 2335/2/3634 2345/2/3635 2307/2/3636
f 2307/2/3636 2310/2/3636 2335/2/3634
f 2346/2/3637 2343/2/3637 2334/2/3638
f 2334/2/3638 2336/2/3639 2346/2/3637
f 2337/2/3640 2342/2/3641 2345/2/3641
f 2345/2/3641 2335/2/3641 2337/2/3640
f 2338/2/3642 2347/2/3643 2346/2/3642
f 2346/2/3642 2336/2/3642 2338/2/3642
f 2342/2/3644 2337/2/3645 2277/2/3646
f 2277/2/3646 2339/2/3647 2342/2/3644
f 2312/2/3648 2348/2/3649 2347/2/3649
f 2347/2/3649 2338/2/3650 2312/2/3648
f 2276/2/3651 2349/2/3651 2339/2/3651
f 2339/2/3651 2277/2/3651 2276/2/3651
f 2348/2/3652 2312/2/3653 2311/2/3654
f 2311/2/3654 2350/2/3655 2348/2/3652
f 2314/2/3656 2313/2/3657 2351/2/3656
f 2351/2/3656 2352/2/3658 2314/2/3656
f 2315/2/3659 2353/2/3660 2349/2/3661
f 2349/2/3661 2276/2/3662 2315/2/3659
f 2316/2/3663 2354/2/3664 2350/2/3664
f 2350/2/3664 2311/2/3665 2316/2/3663
f 2317/2/3666 2355/2/3667 2351/2/3668
f 2351/2/3668 2313/2/3669 2317/2/3666
f 2356/2/3670 2353/2/3671 2315/2/3672
f 2315/2/3672 2318/2/3673 2356/2/3670
f 2319/2/3674 2357/2/3675 2354/2/3676
f 2354/2/3676 2316/2/3677 2319/2/3674
f 2320/2/3678 2358/2/3679 2355/2/3680
f 2355/2/3680 2317/2/3681 2320/2/3678
f 2321/2/3682 2359/2/3683 2356/2/3683
f 2356/2/3683 2318/2/3684 2321/2/3682
f 2360/2/3685 2357/2/3686 2319/2/3687
f 2319/2/3687 2322/2/3686 2360/2/3685
f 2323/2/3688 2361/2/3689 2358/2/3688
f 2358/2/3688 2320/2/3688 2323/2/3688
f 2324/2/3690 2362/2/3691 2359/2/3692
f 2359/2/3692 2321/2/3693 2324/2/3690
f 2325/2/3694 2363/2/3695 2360/2/3696
f 2360/2/3696 2322/2/3697 2325/2/3694
f 2361/2/3698 2323/2/3699 2326/2/3700
f 2326/2/3700 2364/2/3699 2361/2/3698
f 2352/2/3701 2362/2/3702 2324/2/3702
f 2324/2/3702 2314/2/3702 2352/2/3701
f 2327/2/3703 2365/2/3704 2363/2/3705
f 2363/2/3705 2325/2/3706 2327/2/3703
f 2328/2/3707 2366/2/3708 2364/2/3709
f 2364/2/3709 2326/2/3710 2328/2/3707
f 2365/2/3711 2327/2/3712 2329/2/3711
f 2329/2/3711 2367/2/3711 2365/2/3711
f 2330/2/3713 2368/2/3714 2366/2/3714
f 2366/2/3714 2328/2/3715 2330/2/3713
f 2331/2/3716 2369/2/3717 2367/2/3718
f 2367/2/3718 2329/2/3719 2331/2/3716
f 2370/2/3720 2368/2/3721 2330/2/3720
f 2330/2/3720 2332/2/3722 2370/2/3720
f 2309/2/3723 2308/2/3724 2369/2/3725
f 2369/2/3725 2331/2/3723 2309/2/3723
f 2333/2/3726 2344/2/3727 2370/2/3727
f 2370/2/3727 2332/2/3728 2333/2/3726
f 2371/2/3729 2372/2/3729 2373/2/3729
f 2373/2/3729 2374/2/3729 2371/2/3729
f 2348/2/3730 2375/2/3730 2376/2/3730
f 2376/2/3730 2347/2/3730 2348/2/3730
f 2339/2/3731 2349/2/3732 2377/2/3733
f 2377/2/3733 2340/2/3734 2339/2/3731
f 2350/2/3735 2378/2/3736 2375/2/3735
f 2375/2/3735 2348/2/3737 2350/2/3735
f 2352/2/3738 2351/2/3739 2379/2/3738
f 2379/2/3738 2380/2/3740 2352/2/3738
f 2377/2/3741 2349/2/3741 2353/2/3742
f 2353/2/3742 2372/2/3742 2377/2/3741
f 2350/2/3743 2354/2/3743 2381/2/3744
f 2381/2/3744 2378/2/3745 2350/2/3743
f 2379/2/3746 2351/2/3747 2355/2/3746
f 2355/2/3746 2382/2/3747 2379/2/3746
f 2356/2/3748 2373/2/3748 2372/2/3749
f 2372/2/3749 2353/2/3748 2356/2/3748
f 2381/2/3750 2354/2/3751 2357/2/3750
f 2357/2/3750 2383/2/3752 2381/2/3750
f 2382/2/3753 2355/2/3754 2358/2/3753
f 2358/2/3753 2384/2/3755 2382/2/3753
f 2356/2/3756 2359/2/3757 2385/2/3756
f 2385/2/3756 2373/2/3757 2356/2/3756
f 2360/2/3758 2386/2/3759 2383/2/3758
f 2383/2/3758 2357/2/3760 2360/2/3758
f 2361/2/3761 2387/2/3761 2384/2/3761
f 2384/2/3761 2358/2/3761 2361/2/3761
f 2385/2/3762 2359/2/3763 2362/2/3764
f 2362/2/3764 2388/2/3765 2385/2/3762
f 2360/2/3766 2363/2/3767 2389/2/3766
f 2389/2/3766 2386/2/3768 2360/2/3766
f 2364/2/3769 2390/2/3769 2387/2/3769
f 2387/2/3769 2361/2/3769 2364/2/3769
f 2362/2/3770 2352/2/3770 2380/2/3771
f 2380/2/3771 2388/2/3770 2362/2/3770
f 2389/2/3772 2363/2/3773 2365/2/3774
f 2365/2/3774 2391/2/3773 2389/2/3772
f 2390/2/3775 2364/2/3776 2366/2/3777
f 2366/2/3777 2392/2/3778 2390/2/3775
f 2367/2/3779 2393/2/3779 2391/2/3779
f 2391/2/3779 2365/2/3779 2367/2/3779
f 2368/2/3780 2394/2/3781 2392/2/3780
f 2392/2/3780 2366/2/3782 2368/2/3780
f 2367/2/3783 2369/2/3784 2395/2/3785
f 2395/2/3785 2393/2/3786 2367/2/3783
f 2370/2/3787 2396/2/3788 2394/2/3787
f 2394/2/3787 2368/2/3789 2370/2/3787
f 2395/2/3790 2369/2/3791 2308/2/3792
f 2308/2/3792 2397/2/3791 2395/2/3790
f 2370/2/3793 2344/2/3794 2398/2/3795
f 2398/2/3795 2396/2/3796 2370/2/3793
f 2307/2/3797 2399/2/3798 2397/2/3797
f 2397/2/3797 2308/2/3799 2307/2/3797
f 2398/2/3800 2344/2/3801 2343/2/3800
f 2343/2/3800 2400/2/3802 2398/2/3800
f 2307/2/3803 2345/2/3804 2401/2/3803
f 2401/2/3803 2399/2/3805 2307/2/3803
f 2402/2/3806 2400/2/3807 2343/2/3806
f 2343/2/3806 2346/2/3808 2402/2/3806
f 2401/2/3809 2345/2/3810 2342/2/3811
f 2342/2/3811 2341/2/3812 2401/2/3809
f 2402/2/3813 2346/2/3813 2347/2/3814
f 2347/2/3814 2376/2/3815 2402/2/3813
f 2403/2/3816 2404/2/3817 2405/2/3818
f 2405/2/3818 2406/2/3819 2403/2/3816
f 2383/2/3820 2407/2/3821 2408/2/3820
f 2408/2/3820 2381/2/3821 2383/2/3820
f 2384/2/3822 2409/2/3822 2410/2/3822
f 2410/2/3822 2382/2/3822 2384/2/3822
f 2385/2/3823 2411/2/3824 2374/2/3825
f 2374/2/3825 2373/2/3824 2385/2/3823
f 2407/2/3826 2383/2/3826 2386/2/3826
f 2386/2/3826 2412/2/3826 2407/2/3826
f 2384/2/3827 2387/2/3827 2413/2/3827
f 2413/2/3827 2409/2/3827 2384/2/3827
f 2388/2/3828 2405/2/3829 2411/2/3830
f 2411/2/3830 2385/2/3829 2388/2/3828
f 2389/2/3831 2414/2/3832 2412/2/3833
f 2412/2/3833 2386/2/3832 2389/2/3831
f 2413/2/3834 2387/2/3834 2390/2/3834
f 2390/2/3834 2415/2/3834 2413/2/3834
f 2406/2/3835 2405/2/3835 2388/2/3835
f 2388/2/3835 2380/2/3835 2406/2/3835
f 2391/2/3836 2416/2/3837 2414/2/3838
f 2414/2/3838 2389/2/3837 2391/2/3836
f 2392/2/3839 2417/2/3839 2415/2/3839
f 2415/2/3839 2390/2/3839 2392/2/3839
f 2416/2/3840 2391/2/3841 2393/2/3842
f 2393/2/3842 2418/2/3841 2416/2/3840
f 2392/2/3843 2394/2/3844 2419/2/3844
f 2419/2/3844 2417/2/3844 2392/2/3843
f 2395/2/3845 2420/2/3845 2418/2/3845
f 2418/2/3845 2393/2/3846 2395/2/3845
f 2419/2/3847 2394/2/3847 2396/2/3847
f 2396/2/3847 2421/2/3847 2419/2/3847
f 2397/2/3848 2422/2/3849 2420/2/3850
f 2420/2/3850 2395/2/3849 2397/2/3848
f 2398/2/3851 2423/2/3851 2421/2/3852
f 2421/2/3852 2396/2/3851 2398/2/3851
f 2422/2/3853 2397/2/3854 2399/2/3855
f 2399/2/3855 2424/2/3854 2422/2/3853
f 2400/2/3856 2425/2/3856 2423/2/3856
f 2423/2/3856 2398/2/3856 2400/2/3856
f 2401/2/3857 2426/2/3857 2424/2/3857
f 2424/2/3857 2399/2/3858 2401/2/3857
f 2400/2/3859 2402/2/3859 2427/2/3859
f 2427/2/3859 2425/2/3859 2400/2/3859
f 2341/2/3860 2428/2/3861 2426/2/3861
f 2426/2/3861 2401/2/3861 2341/2/3860
f 2429/2/3862 2427/2/3862 2402/2/3862
f 2402/2/3862 2376/2/3862 2429/2/3862
f 2428/2/3863 2341/2/3864 2340/2/3865
f 2340/2/3865 2430/2/3864 2428/2/3863
f 2429/2/3866 2376/2/3866 2375/2/3866
f 2375/2/3866 2431/2/3866 2429/2/3866
f 2377/2/3867 2432/2/3868 2430/2/3867
f 2430/2/3867 2340/2/3868 2377/2/3867
f 2431/2/3869 2375/2/3870 2378/2/3870
f 2378/2/3870 2433/2/3870 2431/2/3869
f 2379/2/3871 2434/2/3872 2406/2/3873
f 2406/2/3873 2380/2/3872 2379/2/3871
f 2372/2/3874 2371/2/3875 2432/2/3875
f 2432/2/3875 2377/2/3875 2372/2/3874
f 2381/2/3876 2408/2/3876 2433/2/3877
f 2433/2/3877 2378/2/3876 2381/2/3876
f 2434/2/3878 2379/2/3878 2382/2/3878
f 2382/2/3878 2410/2/3878 2434/2/3878
f 2435/2/3879 2436/2/3880 2437/2/3881
f 2437/2/3881 2438/2/3882 2435/2/3879
f 2416/2/3883 2439/2/3883 2440/2/3884
f 2440/2/3884 2414/2/3883 2416/2/3883
f 2441/2/3885 2415/2/3886 2417/2/3887
f 2417/2/3887 2442/2/3888 2441/2/3885
f 2418/2/3889 2443/2/3890 2439/2/3891
f 2439/2/3891 2416/2/3892 2418/2/3889
f 2419/2/3893 2444/2/3894 2442/2/3894
f 2442/2/3894 2417/2/3895 2419/2/3893
f 2443/2/3896 2418/2/3897 2420/2/3898
f 2420/2/3898 2438/2/3898 2443/2/3896
f 2421/2/3899 2445/2/3900 2444/2/3899
f 2444/2/3899 2419/2/3901 2421/2/3899
f 2422/2/3902 2435/2/3903 2438/2/3904
f 2438/2/3904 2420/2/3905 2422/2/3902
f 2445/2/3906 2421/2/3907 2423/2/3906
f 2423/2/3906 2446/2/3906 2445/2/3906
f 2424/2/3908 2447/2/3909 2435/2/3910
f 2435/2/3910 2422/2/3910 2424/2/3908
f 2425/2/3911 2448/2/3911 2446/2/3912
f 2446/2/3912 2423/2/3911 2425/2/3911
f 2447/2/3913 2424/2/3914 2426/2/3915
f 2426/2/3915 2449/2/3916 2447/2/3913
f 2427/2/3917 2450/2/3918 2448/2/3919
f 2448/2/3919 2425/2/3920 2427/2/3917
f 2428/2/3921 2451/2/3922 2449/2/3923
f 2449/2/3923 2426/2/3924 2428/2/3921
f 2450/2/3925 2427/2/3926 2429/2/3927
f 2429/2/3927 2452/2/3928 2450/2/3925
f 2430/2/3929 2453/2/3930 2451/2/3931
f 2451/2/3931 2428/2/3932 2430/2/3929
f 2431/2/3933 2454/2/3934 2452/2/3934
f 2452/2/3934 2429/2/3935 2431/2/3933
f 2453/2/3936 2430/2/3937 2432/2/3937
f 2432/2/3937 2455/2/3936 2453/2/3936
f 2433/2/3938 2456/2/3939 2454/2/3940
f 2454/2/3940 2431/2/3941 2433/2/3938
f 2406/2/3942 2434/2/3943 2457/2/3944
f 2457/2/3944 2403/2/3945 2406/2/3942
f 2371/2/3946 2458/2/3947 2455/2/3948
f 2455/2/3948 2432/2/3946 2371/2/3946
f 2456/2/3949 2433/2/3950 2408/2/3951
f 2408/2/3951 2459/2/3952 2456/2/3949
f 2410/2/3953 2460/2/3953 2457/2/3954
f 2457/2/3954 2434/2/3953 2410/2/3953
f 2374/2/3955 2461/2/3956 2458/2/3957
f 2458/2/3957 2371/2/3958 2374/2/3955
f 2407/2/3959 2462/2/3959 2459/2/3959
f 2459/2/3959 2408/2/3960 2407/2/3959
f 2460/2/3961 2410/2/3962 2409/2/3963
f 2409/2/3963 2463/2/3964 2460/2/3961
f 2461/2/3965 2374/2/3965 2411/2/3966
f 2411/2/3966 2464/2/3966 2461/2/3965
f 2412/2/3967 2465/2/3968 2462/2/3968
f 2462/2/3968 2407/2/3969 2412/2/3967
f 2413/2/3970 2466/2/3971 2463/2/3970
f 2463/2/3970 2409/2/3972 2413/2/3970
f 2405/2/3973 2404/2/3974 2464/2/3975
f 2464/2/3975 2411/2/3976 2405/2/3973
f 2465/2/3977 2412/2/3977 2414/2/3978
f 2414/2/3978 2440/2/3979 2465/2/3977
f 2415/2/3980 2441/2/3981 2466/2/3982
f 2466/2/3982 2413/2/3983 2415/2/3980
f 2467/2/3984 2468/2/3984 2469/2/3985
f 2469/2/3985 2470/2/3984 2467/2/3984
f 2471/2/3986 2472/2/3987 2445/2/3986
f 2445/2/3986 2446/2/3988 2471/2/3986
f 2447/2/3989 2473/2/3990 2436/2/3989
f 2436/2/3989 2435/2/3991 2447/2/3989
f 2448/2/3992 2474/2/3993 2471/2/3993
f 2471/2/3993 2446/2/3994 2448/2/3992
f 2468/2/3995 2473/2/3996 2447/2/3995
f 2447/2/3995 2449/2/3997 2468/2/3995
f 2450/2/3998 2475/2/3999 2474/2/4000
f 2474/2/4000 2448/2/4000 2450/2/3998
f 2451/2/4001 2469/2/4002 2468/2/4003
f 2468/2/4003 2449/2/4004 2451/2/4001
f 2476/2/4005 2475/2/4006 2450/2/4005
f 2450/2/4005 2452/2/4007 2476/2/4005
f 2453/2/4008 2477/2/4008 2469/2/4008
f 2469/2/4008 2451/2/4009 2453/2/4008
f 2454/2/4010 2478/2/4011 2476/2/4012
f 2476/2/4012 2452/2/4013 2454/2/4010
f 2479/2/4014 2477/2/4015 2453/2/4016
f 2453/2/4016 2455/2/4016 2479/2/4014
f 2456/2/4017 2480/2/4018 2478/2/4019
f 2478/2/4019 2454/2/4020 2456/2/4017
f 2481/2/4021 2403/2/4022 2457/2/4021
f 2457/2/4021 2482/2/4021 2481/2/4021
f 2458/2/4023 2483/2/4024 2479/2/4025
f 2479/2/4025 2455/2/4025 2458/2/4023
f 2484/2/4026 2480/2/4027 2456/2/4026
f 2456/2/4026 2459/2/4028 2484/2/4026
f 2482/2/4029 2457/2/4030 2460/2/4029
f 2460/2/4029 2485/2/4031 2482/2/4029
f 2461/2/4032 2486/2/4033 2483/2/4033
f 2483/2/4033 2458/2/4032 2461/2/4032
f 2462/2/4034 2487/2/4035 2484/2/4035
f 2484/2/4035 2459/2/4035 2462/2/4034
f 2463/2/4036 2488/2/4037 2485/2/4038
f 2485/2/4038 2460/2/4039 2463/2/4036
f 2489/2/4040 2486/2/4041 2461/2/4042
f 2461/2/4042 2464/2/4041 2489/2/4040
f 2465/2/4043 2490/2/4044 2487/2/4045
f 2487/2/4045 2462/2/4045 2465/2/4043
f 2488/2/4046 2463/2/4047 2466/2/4046
f 2466/2/4046 2491/2/4048 2488/2/4046
f 2404/2/4049 2492/2/4049 2489/2/4049
f 2489/2/4049 2464/2/4050 2404/2/4049
f 2493/2/4051 2490/2/4052 2465/2/4051
f 2465/2/4051 2440/2/4053 2493/2/4051
f 2441/2/4054 2494/2/4055 2491/2/4056
f 2491/2/4056 2466/2/4057 2441/2/4054
f 2481/2/4058 2492/2/4059 2404/2/4059
f 2404/2/4059 2403/2/4058 2481/2/4058
f 2439/2/4060 2495/2/4061 2493/2/4060
f 2493/2/4060 2440/2/4060 2439/2/4060
f 2442/2/4062 2496/2/4062 2494/2/4062
f 2494/2/4062 2441/2/4063 2442/2/4062
f 2443/2/4064 2497/2/4064 2495/2/4064
f 2495/2/4064 2439/2/4064 2443/2/4064
f 2496/2/4065 2442/2/4066 2444/2/4067
f 2444/2/4067 2498/2/4068 2496/2/4065
f 2437/2/4069 2497/2/4069 2443/2/4069
f 2443/2/4069 2438/2/4070 2437/2/4069
f 2445/2/4071 2472/2/4072 2498/2/4073
f 2498/2/4073 2444/2/4074 2445/2/4071
f 2499/2/4075 2500/2/4075 2501/2/4075
f 2501/2/4075 2502/2/4075 2499/2/4075
f 2476/2/4076 2503/2/4076 2504/2/4077
f 2504/2/4077 2475/2/4076 2476/2/4076
f 2477/2/4078 2505/2/4079 2470/2/4078
f 2470/2/4078 2469/2/4080 2477/2/4078
f 2506/2/4081 2503/2/4082 2476/2/4083
f 2476/2/4083 2478/2/4082 2506/2/4081
f 2479/2/4084 2507/2/4084 2505/2/4085
f 2505/2/4085 2477/2/4084 2479/2/4084
f 2480/2/4086 2508/2/4087 2506/2/4088
f 2506/2/4088 2478/2/4087 2480/2/4086
f 2500/2/4089 2499/2/4089 2481/2/4090
f 2481/2/4090 2482/2/4089 2500/2/4089
f 2509/2/4091 2507/2/4092 2479/2/4093
f 2479/2/4093 2483/2/4092 2509/2/4091
f 2484/2/4094 2510/2/4095 2508/2/4096
f 2508/2/4096 2480/2/4095 2484/2/4094
f 2485/2/4097 2511/2/4097 2500/2/4097
f 2500/2/4097 2482/2/4097 2485/2/4097
f 2486/2/4098 2512/2/4099 2509/2/4099
f 2509/2/4099 2483/2/4099 2486/2/4098
f 2513/2/4100 2510/2/4100 2484/2/4100
f 2484/2/4100 2487/2/4100 2513/2/4100
f 2488/2/4101 2514/2/4102 2511/2/4101
f 2511/2/4101 2485/2/4102 2488/2/4101
f 2489/2/4103 2515/2/4104 2512/2/4104
f 2512/2/4104 2486/2/4104 2489/2/4103
f 2490/2/4105 2516/2/4106 2513/2/4107
f 2513/2/4107 2487/2/4106 2490/2/4105
f 2517/2/4108 2514/2/4109 2488/2/4109
f 2488/2/4109 2491/2/4109 2517/2/4108
f 2518/2/4110 2515/2/4110 2489/2/4111
f 2489/2/4111 2492/2/4110 2518/2/4110
f 2493/2/4112 2519/2/4113 2516/2/4113
f 2516/2/4113 2490/2/4113 2493/2/4112
f 2494/2/4114 2520/2/4114 2517/2/4115
f 2517/2/4115 2491/2/4114 2494/2/4114
f 2518/2/4116 2492/2/4116 2481/2/4117
f 2481/2/4117 2499/2/4116 2518/2/4116
f 2519/2/4118 2493/2/4118 2495/2/4119
f 2495/2/4119 2521/2/4118 2519/2/4118
f 2496/2/4120 2522/2/4120 2520/2/4121
f 2520/2/4121 2494/2/4120 2496/2/4120
f 2497/2/4122 2523/2/4123 2521/2/4123
f 2521/2/4123 2495/2/4123 2497/2/4122
f 2524/2/4124 2522/2/4124 2496/2/4125
f 2496/2/4125 2498/2/4124 2524/2/4124
f 2437/2/4126 2525/2/4126 2523/2/4127
f 2523/2/4127 2497/2/4126 2437/2/4126
f 2472/2/4128 2526/2/4128 2524/2/4129
f 2524/2/4129 2498/2/4128 2472/2/4128
f 2525/2/4130 2437/2/4131 2436/2/4132
f 2436/2/4132 2527/2/4131 2525/2/4130
f 2471/2/4133 2528/2/4133 2526/2/4133
f 2526/2/4133 2472/2/4133 2471/2/4133
f 2473/2/4134 2529/2/4134 2527/2/4135
f 2527/2/4135 2436/2/4134 2473/2/4134
f 2530/2/4136 2528/2/4136 2471/2/4136
f 2471/2/4136 2474/2/4136 2530/2/4136
f 2468/2/4137 2467/2/4138 2529/2/4139
f 2529/2/4139 2473/2/4138 2468/2/4137
f 2475/2/4140 2504/2/4140 2530/2/4141
f 2530/2/4141 2474/2/4140 2475/2/4140
f 2531/2/4142 2532/2/4143 2533/2/4142
f 2533/2/4142 2534/2/4144 2531/2/4142
f 2509/2/4145 2535/2/4145 2536/2/4146
f 2536/2/4146 2507/2/4147 2509/2/4145
f 2510/2/4148 2537/2/4149 2538/2/4150
f 2538/2/4150 2508/2/4151 2510/2/4148
f 2511/2/4152 2539/2/4153 2501/2/4154
f 2501/2/4154 2500/2/4155 2511/2/4152
f 2540/2/4156 2535/2/4157 2509/2/4157
f 2509/2/4157 2512/2/4158 2540/2/4156
f 2513/2/4159 2541/2/4160 2537/2/4161
f 2537/2/4161 2510/2/4162 2513/2/4159
f 2514/2/4163 2534/2/4164 2539/2/4165
f 2539/2/4165 2511/2/4164 2514/2/4163
f 2515/2/4166 2542/2/4167 2540/2/4168
f 2540/2/4168 2512/2/4169 2515/2/4166
f 2541/2/4170 2513/2/4171 2516/2/4170
f 2516/2/4170 2543/2/4172 2541/2/4170
f 2517/2/4173 2531/2/4173 2534/2/4174
f 2534/2/4174 2514/2/4174 2517/2/4173
f 2518/2/4175 2544/2/4176 2542/2/4175
f 2542/2/4175 2515/2/4177 2518/2/4175
f 2519/2/4178 2545/2/4179 2543/2/4180
f 2543/2/4180 2516/2/4181 2519/2/4178
f 2531/2/4182 2517/2/4183 2520/2/4182
f 2520/2/4182 2546/2/4184 2531/2/4182
f 2544/2/4185 2518/2/4186 2499/2/4185
f 2499/2/4185 2502/2/4187 2544/2/4185
f 2521/2/4188 2547/2/4189 2545/2/4190
f 2545/2/4190 2519/2/4191 2521/2/4188
f 2522/2/4192 2548/2/4193 2546/2/4194
f 2546/2/4194 2520/2/4195 2522/2/4192
f 2549/2/4196 2547/2/4197 2521/2/4196
f 2521/2/4196 2523/2/4198 2549/2/4196
f 2524/2/4199 2550/2/4199 2548/2/4200
f 2548/2/4200 2522/2/4201 2524/2/4199
f 2525/2/4202 2551/2/4203 2549/2/4202
f 2549/2/4202 2523/2/4204 2525/2/4202
f 2552/2/4205 2550/2/4206 2524/2/4207
f 2524/2/4207 2526/2/4208 2552/2/4205
f 2527/2/4209 2553/2/4210 2551/2/4211
f 2551/2/4211 2525/2/4212 2527/2/4209
f 2528/2/4213 2554/2/4214 2552/2/4215
f 2552/2/4215 2526/2/4213 2528/2/4213
f 2553/2/4216 2527/2/4217 2529/2/4218
f 2529/2/4218 2555/2/4219 2553/2/4216
f 2530/2/4220 2556/2/4221 2554/2/4220
f 2554/2/4220 2528/2/4222 2530/2/4220
f 2467/2/4223 2557/2/4224 2555/2/4223
f 2555/2/4223 2529/2/4225 2467/2/4223
f 2558/2/4226 2556/2/4227 2530/2/4228
f 2530/2/4228 2504/2/4229 2558/2/4226
f 2470/2/4230 2559/2/4231 2557/2/4232
f 2557/2/4232 2467/2/4233 2470/2/4230
f 2503/2/4234 2560/2/4235 2558/2/4235
f 2558/2/4235 2504/2/4235 2503/2/4234
f 2561/2/4236 2559/2/4236 2470/2/4237
f 2470/2/4237 2505/2/4238 2561/2/4236
f 2506/2/4239 2562/2/4240 2560/2/4239
f 2560/2/4239 2503/2/4241 2506/2/4239
f 2507/2/4242 2536/2/4242 2561/2/4243
f 2561/2/4243 2505/2/4244 2507/2/4242
f 2562/2/4245 2506/2/4246 2508/2/4247
f 2508/2/4247 2538/2/4246 2562/2/4245
f 2563/2/4248 2564/2/4248 2565/2/4248
f 2565/2/4248 2566/2/4248 2563/2/4248
f 2544/2/4249 2567/2/4249 2568/2/4249
f 2568/2/4249 2542/2/4249 2544/2/4249
f 2569/2/4250 2570/2/4250 2543/2/4250
f 2543/2/4250 2545/2/4250 2569/2/4250
f 2546/2/4251 2571/2/4252 2532/2/4251
f 2532/2/4251 2531/2/4253 2546/2/4251
f 2572/2/4254 2567/2/4254 2544/2/4254
f 2544/2/4254 2502/2/4254 2572/2/4254
f 2547/2/4255 2573/2/4256 2569/2/4255
f 2569/2/4255 2545/2/4257 2547/2/4255
f 2571/2/4258 2546/2/4259 2548/2/4259
f 2548/2/4259 2565/2/4260 2571/2/4258
f 2549/2/4261 2574/2/4262 2573/2/4261
f 2573/2/4261 2547/2/4263 2549/2/4261
f 2550/2/4264 2566/2/4265 2565/2/4266
f 2565/2/4266 2548/2/4267 2550/2/4264
f 2575/2/4268 2574/2/4269 2549/2/4268
f 2549/2/4268 2551/2/4268 2575/2/4268
f 2552/2/4270 2576/2/4270 2566/2/4271
f 2566/2/4271 2550/2/4270 2552/2/4270
f 2553/2/4272 2577/2/4273 2575/2/4272
f 2575/2/4272 2551/2/4272 2553/2/4272
f 2578/2/4274 2576/2/4275 2552/2/4276
f 2552/2/4276 2554/2/4274 2578/2/4274
f 2555/2/4277 2579/2/4277 2577/2/4277
f 2577/2/4277 2553/2/4277 2555/2/4277
f 2556/2/4278 2580/2/4279 2578/2/4278
f 2578/2/4278 2554/2/4280 2556/2/4278
f 2581/2/4281 2579/2/4282 2555/2/4283
f 2555/2/4283 2557/2/4284 2581/2/4281
f 2558/2/4285 2582/2/4286 2580/2/4287
f 2580/2/4287 2556/2/4288 2558/2/4285
f 2559/2/4289 2583/2/4290 2581/2/4291
f 2581/2/4291 2557/2/4292 2559/2/4289
f 2584/2/4293 2582/2/4293 2558/2/4293
f 2558/2/4293 2560/2/4293 2584/2/4293
f 2561/2/4294 2585/2/4294 2583/2/4294
f 2583/2/4294 2559/2/4294 2561/2/4294
f 2562/2/4295 2586/2/4296 2584/2/4295
f 2584/2/4295 2560/2/4297 2562/2/4295
f 2587/2/4298 2585/2/4299 2561/2/4298
f 2561/2/4298 2536/2/4300 2587/2/4298
f 2538/2/4301 2588/2/4302 2586/2/4303
f 2586/2/4303 2562/2/4304 2538/2/4301
f 2502/2/4305 2501/2/4306 2589/2/4305
f 2589/2/4305 2572/2/4306 2502/2/4305
f 2535/2/4307 2590/2/4307 2587/2/4307
f 2587/2/4307 2536/2/4308 2535/2/4307
f 2591/2/4309 2588/2/4310 2538/2/4310
f 2538/2/4310 2537/2/4311 2591/2/4309
f 2592/2/4312 2589/2/4313 2501/2/4312
f 2501/2/4312 2539/2/4314 2592/2/4312
f 2540/2/4315 2593/2/4316 2590/2/4315
f 2590/2/4315 2535/2/4317 2540/2/4315
f 2541/2/4318 2594/2/4319 2591/2/4318
f 2591/2/4318 2537/2/4318 2541/2/4318
f 2533/2/4320 2592/2/4321 2539/2/4320
f 2539/2/4320 2534/2/4322 2533/2/4320
f 2568/2/4323 2593/2/4324 2540/2/4323
f 2540/2/4323 2542/2/4325 2568/2/4323
f 2543/2/4326 2570/2/4326 2594/2/4326
f 2594/2/4326 2541/2/4326 2543/2/4326
f 2595/2/4327 2596/2/4328 2597/2/4329
f 2597/2/4329 2598/2/4330 2595/2/4327
f 2575/2/4331 2599/2/4331 2600/2/4332
f 2600/2/4332 2574/2/4331 2575/2/4331
f 2576/2/4333 2601/2/4334 2563/2/4333
f 2563/2/4333 2566/2/4333 2576/2/4333
f 2599/2/4335 2575/2/4335 2577/2/4335
f 2577/2/4335 2602/2/4335 2599/2/4335
f 2578/2/4336 2598/2/4336 2601/2/4336
f 2601/2/4336 2576/2/4336 2578/2/4336
f 2579/2/4337 2603/2/4337 2602/2/4338
f 2602/2/4338 2577/2/4337 2579/2/4337
f 2595/2/4339 2598/2/4339 2578/2/4339
f 2578/2/4339 2580/2/4339 2595/2/4339
f 2581/2/4340 2604/2/4340 2603/2/4340
f 2603/2/4340 2579/2/4341 2581/2/4340
f 2582/2/4342 2605/2/4343 2595/2/4344
f 2595/2/4344 2580/2/4343 2582/2/4342
f 2606/2/4345 2604/2/4346 2581/2/4345
f 2581/2/4345 2583/2/4347 2606/2/4345
f 2584/2/4348 2607/2/4348 2605/2/4348
f 2605/2/4348 2582/2/4348 2584/2/4348
f 2585/2/4349 2608/2/4349 2606/2/4350
f 2606/2/4350 2583/2/4349 2585/2/4349
f 2609/2/4351 2607/2/4352 2584/2/4352
f 2584/2/4352 2586/2/4352 2609/2/4351
f 2587/2/4353 2610/2/4354 2608/2/4354
f 2608/2/4354 2585/2/4354 2587/2/4353
f 2588/2/4355 2611/2/4355 2609/2/4356
f 2609/2/4356 2586/2/4355 2588/2/4355
f 2612/2/4357 2613/2/4357 2572/2/4358
f 2572/2/4358 2589/2/4357 2612/2/4357
f 2614/2/4359 2610/2/4360 2587/2/4361
f 2587/2/4361 2590/2/4360 2614/2/4359
f 2591/2/4362 2615/2/4363 2611/2/4363
f 2611/2/4363 2588/2/4363 2591/2/4362
f 2592/2/4364 2616/2/4365 2612/2/4366
f 2612/2/4366 2589/2/4365 2592/2/4364
f 2593/2/4367 2617/2/4368 2614/2/4368
f 2614/2/4368 2590/2/4368 2593/2/4367
f 2615/2/4369 2591/2/4369 2594/2/4370
f 2594/2/4370 2618/2/4369 2615/2/4369
f 2533/2/4371 2619/2/4372 2616/2/4373
f 2616/2/4373 2592/2/4372 2533/2/4371
f 2568/2/4374 2620/2/4375 2617/2/4376
f 2617/2/4376 2593/2/4375 2568/2/4374
f 2570/2/4377 2621/2/4377 2618/2/4377
f 2618/2/4377 2594/2/4377 2570/2/4377
f 2622/2/4378 2619/2/4378 2533/2/4379
f 2533/2/4379 2532/2/4378 2622/2/4378
f 2623/2/4380 2620/2/4380 2568/2/4381
f 2568/2/4381 2567/2/4380 2623/2/4380
f 2569/2/4382 2624/2/4383 2621/2/4383
f 2621/2/4383 2570/2/4383 2569/2/4382
f 2571/2/4384 2625/2/4384 2622/2/4385
f 2622/2/4385 2532/2/4384 2571/2/4384
f 2613/2/4386 2623/2/4387 2567/2/4388
f 2567/2/4388 2572/2/4387 2613/2/4386
f 2624/2/4389 2569/2/4390 2573/2/4389
f 2573/2/4389 2626/2/4390 2624/2/4389
f 2565/2/4391 2564/2/4392 2625/2/4393
f 2625/2/4393 2571/2/4392 2565/2/4391
f 2574/2/4394 2600/2/4394 2626/2/4395
f 2626/2/4395 2573/2/4394 2574/2/4394
f 2627/2/4396 2628/2/4397 2629/2/4398
f 2629/2/4398 2630/2/4399 2627/2/4396
f 2604/2/4400 2631/2/4400 2632/2/4400
f 2632/2/4400 2603/2/4401 2604/2/4400
f 2633/2/4402 2596/2/4402 2595/2/4403
f 2595/2/4403 2605/2/4404 2633/2/4402
f 2606/2/4405 2634/2/4406 2631/2/4407
f 2631/2/4407 2604/2/4407 2606/2/4405
f 2607/2/4408 2630/2/4409 2633/2/4410
f 2633/2/4410 2605/2/4411 2607/2/4408
f 2634/2/4412 2606/2/4413 2608/2/4412
f 2608/2/4412 2635/2/4414 2634/2/4412
f 2609/2/4415 2627/2/4416 2630/2/4417
f 2630/2/4417 2607/2/4418 2609/2/4415
f 2610/2/4419 2636/2/4419 2635/2/4419
f 2635/2/4419 2608/2/4419 2610/2/4419
f 2627/2/4420 2609/2/4420 2611/2/4421
f 2611/2/4421 2637/2/4422 2627/2/4420
f 2613/2/4423 2612/2/4424 2638/2/4423
f 2638/2/4423 2639/2/4425 2613/2/4423
f 2614/2/4426 2640/2/4426 2636/2/4426
f 2636/2/4426 2610/2/4426 2614/2/4426
f 2615/2/4427 2641/2/4428 2637/2/4429
f 2637/2/4429 2611/2/4430 2615/2/4427
f 2616/2/4431 2642/2/4431 2638/2/4431
f 2638/2/4431 2612/2/4432 2616/2/4431
f 2643/2/4433 2640/2/4434 2614/2/4433
f 2614/2/4433 2617/2/4435 2643/2/4433
f 2618/2/4436 2644/2/4437 2641/2/4437
f 2641/2/4437 2615/2/4436 2618/2/4436
f 2619/2/4438 2645/2/4439 2642/2/4440
f 2642/2/4440 2616/2/4441 2619/2/4438
f 2620/2/4442 2646/2/4443 2643/2/4443
f 2643/2/4443 2617/2/4442 2620/2/4442
f 2647/2/4444 2644/2/4445 2618/2/4444
f 2618/2/4444 2621/2/4446 2647/2/4444
f 2622/2/4447 2648/2/4448 2645/2/4449
f 2645/2/4449 2619/2/4450 2622/2/4447
f 2623/2/4451 2649/2/4452 2646/2/4451
f 2646/2/4451 2620/2/4453 2623/2/4451
f 2624/2/4454 2650/2/4455 2647/2/4454
f 2647/2/4454 2621/2/4455 2624/2/4454
f 2648/2/4456 2622/2/4457 2625/2/4458
f 2625/2/4458 2651/2/4459 2648/2/4456
f 2639/2/4460 2649/2/4461 2623/2/4462
f 2623/2/4462 2613/2/4462 2639/2/4460
f 2626/2/4463 2652/2/4463 2650/2/4464
f 2650/2/4464 2624/2/4463 2626/2/4463
f 2564/2/4465 2653/2/4466 2651/2/4466
f 2651/2/4466 2625/2/4466 2564/2/4465
f 2654/2/4467 2652/2/4468 2626/2/4469
f 2626/2/4469 2600/2/4470 2654/2/4467
f 2563/2/4471 2655/2/4472 2653/2/4471
f 2653/2/4471 2564/2/4473 2563/2/4471
f 2599/2/4474 2656/2/4475 2654/2/4475
f 2654/2/4475 2600/2/4474 2599/2/4474
f 2657/2/4476 2655/2/4477 2563/2/4476
f 2563/2/4476 2601/2/4476 2657/2/4476
f 2602/2/4478 2658/2/4478 2656/2/4479
f 2656/2/4479 2599/2/4478 2602/2/4478
f 2598/2/4480 2597/2/4481 2657/2/4482
f 2657/2/4482 2601/2/4483 2598/2/4480
f 2658/2/4484 2602/2/4485 2603/2/4484
f 2603/2/4484 2632/2/4486 2658/2/4484
f 2659/2/4487 2660/2/4487 2661/2/4487
f 2661/2/4487 2662/2/4487 2659/2/4487
f 2635/2/4488 2636/2/4489 2663/2/4490
f 2663/2/4490 2664/2/4491 2635/2/4488
f 2637/2/4492 2665/2/4493 2628/2/4494
f 2628/2/4494 2627/2/4495 2637/2/4492
f 2639/2/4496 2638/2/4496 2666/2/4496
f 2666/2/4496 2667/2/4497 2639/2/4496
f 2663/2/4498 2636/2/4499 2640/2/4500
f 2640/2/4500 2668/2/4498 2663/2/4498
f 2637/2/4501 2641/2/4502 2662/2/4502
f 2662/2/4502 2665/2/4503 2637/2/4501
f 2666/2/4504 2638/2/4505 2642/2/4504
f 2642/2/4504 2669/2/4505 2666/2/4504
f 2643/2/4506 2670/2/4506 2668/2/4506
f 2668/2/4506 2640/2/4506 2643/2/4506
f 2662/2/4507 2641/2/4507 2644/2/4507
f 2644/2/4507 2659/2/4507 2662/2/4507
f 2671/2/4508 2669/2/4509 2642/2/4510
f 2642/2/4510 2645/2/4511 2671/2/4508
f 2643/2/4512 2646/2/4513 2672/2/4514
f 2672/2/4514 2670/2/4515 2643/2/4512
f 2647/2/4516 2673/2/4516 2659/2/4516
f 2659/2/4516 2644/2/4516 2647/2/4516
f 2648/2/4517 2674/2/4517 2671/2/4517
f 2671/2/4517 2645/2/4518 2648/2/4517
f 2672/2/4519 2646/2/4519 2649/2/4519
f 2649/2/4519 2675/2/4519 2672/2/4519
f 2647/2/4520 2650/2/4520 2676/2/4520
f 2676/2/4520 2673/2/4521 2647/2/4520
f 2651/2/4522 2677/2/4523 2674/2/4524
f 2674/2/4524 2648/2/4523 2651/2/4522
f 2649/2/4525 2639/2/4526 2667/2/4527
f 2667/2/4527 2675/2/4525 2649/2/4525
f 2676/2/4528 2650/2/4529 2652/2/4530
f 2652/2/4530 2678/2/4531 2676/2/4528
f 2679/2/4532 2677/2/4533 2651/2/4534
f 2651/2/4534 2653/2/4535 2679/2/4532
f 2654/2/4536 2680/2/4536 2678/2/4536
f 2678/2/4536 2652/2/4536 2654/2/4536
f 2655/2/4537 2681/2/4538 2679/2/4539
f 2679/2/4539 2653/2/4537 2655/2/4537
f 2654/2/4540 2656/2/4541 2682/2/4542
f 2682/2/4542 2680/2/4541 2654/2/4540
f 2657/2/4543 2683/2/4544 2681/2/4545
f 2681/2/4545 2655/2/4546 2657/2/4543
f 2682/2/4547 2656/2/4548 2658/2/4549
f 2658/2/4549 2684/2/4550 2682/2/4547
f 2657/2/4551 2597/2/4552 2685/2/4553
f 2685/2/4553 2683/2/4554 2657/2/4551
f 2632/2/4555 2686/2/4556 2684/2/4555
f 2684/2/4555 2658/2/4557 2632/2/4555
f 2685/2/4558 2597/2/4559 2596/2/4560
f 2596/2/4560 2687/2/4559 2685/2/4558
f 2632/2/4561 2631/2/4562 2688/2/4563
f 2688/2/4563 2686/2/4562 2632/2/4561
f 2689/2/4564 2687/2/4565 2596/2/4566
f 2596/2/4566 2633/2/4565 2689/2/4564
f 2688/2/4567 2631/2/4568 2634/2/4569
f 2634/2/4569 2690/2/4570 2688/2/4567
f 2689/2/4571 2633/2/4571 2630/2/4572
f 2630/2/4572 2629/2/4571 2689/2/4571
f 2635/2/4573 2664/2/4574 2690/2/4573
f 2690/2/4573 2634/2/4575 2635/2/4573
f 2691/2/4576 2692/2/4576 2693/2/4576
f 2693/2/4576 2694/2/4577 2691/2/4576
f 2671/2/4578 2695/2/4578 2696/2/4578
f 2696/2/4578 2669/2/4578 2671/2/4578
f 2672/2/4579 2697/2/4580 2698/2/4580
f 2698/2/4580 2670/2/4580 2672/2/4579
f 2660/2/4581 2659/2/4582 2673/2/4582
f 2673/2/4582 2699/2/4582 2660/2/4581
f 2671/2/4583 2674/2/4583 2700/2/4583
f 2700/2/4583 2695/2/4583 2671/2/4583
f 2675/2/4584 2701/2/4584 2697/2/4585
f 2697/2/4585 2672/2/4584 2675/2/4584
f 2676/2/4586 2694/2/4587 2699/2/4588
f 2699/2/4588 2673/2/4587 2676/2/4586
f 2700/2/4589 2674/2/4589 2677/2/4589
f 2677/2/4589 2702/2/4589 2700/2/4589
f 2703/2/4590 2701/2/4591 2675/2/4591
f 2675/2/4591 2667/2/4591 2703/2/4590
f 2678/2/4592 2691/2/4593 2694/2/4593
f 2694/2/4593 2676/2/4593 2678/2/4592
f 2679/2/4594 2704/2/4594 2702/2/4594
f 2702/2/4594 2677/2/4594 2679/2/4594
f 2691/2/4595 2678/2/4595 2680/2/4595
f 2680/2/4595 2705/2/4595 2691/2/4595
f 2679/2/4596 2681/2/4596 2706/2/4596
f 2706/2/4596 2704/2/4596 2679/2/4596
f 2682/2/4597 2707/2/4598 2705/2/4599
f 2705/2/4599 2680/2/4598 2682/2/4597
f 2706/2/4600 2681/2/4601 2683/2/4601
f 2683/2/4601 2708/2/4601 2706/2/4600
f 2684/2/4602 2709/2/4603 2707/2/4603
f 2707/2/4603 2682/2/4603 2684/2/4602
f 2685/2/4604 2710/2/4604 2708/2/4605
f 2708/2/4605 2683/2/4604 2685/2/4604
f 2709/2/4606 2684/2/4607 2686/2/4608
f 2686/2/4608 2711/2/4607 2709/2/4606
f 2687/2/4609 2712/2/4609 2710/2/4609
f 2710/2/4609 2685/2/4609 2687/2/4609
f 2688/2/4610 2713/2/4611 2711/2/4610
f 2711/2/4610 2686/2/4610 2688/2/4610
f 2687/2/4612 2689/2/4612 2714/2/4612
f 2714/2/4612 2712/2/4612 2687/2/4612
f 2690/2/4613 2715/2/4614 2713/2/4615
f 2713/2/4615 2688/2/4616 2690/2/4613
f 2716/2/4617 2714/2/4617 2689/2/4617
f 2689/2/4617 2629/2/4617 2716/2/4617
f 2715/2/4618 2690/2/4619 2664/2/4620
f 2664/2/4620 2717/2/4619 2715/2/4618
f 2716/2/4621 2629/2/4621 2628/2/4621
f 2628/2/4621 2718/2/4621 2716/2/4621
f 2663/2/4622 2719/2/4623 2717/2/4623
f 2717/2/4623 2664/2/4623 2663/2/4622
f 2718/2/4624 2628/2/4624 2665/2/4624
f 2665/2/4624 2720/2/4624 2718/2/4624
f 2666/2/4625 2721/2/4625 2703/2/4625
f 2703/2/4625 2667/2/4626 2666/2/4625
f 2668/2/4627 2722/2/4628 2719/2/4629
f 2719/2/4629 2663/2/4630 2668/2/4627
f 2662/2/4631 2661/2/4631 2720/2/4631
f 2720/2/4631 2665/2/4631 2662/2/4631
f 2721/2/4632 2666/2/4632 2669/2/4632
f 2669/2/4632 2696/2/4632 2721/2/4632
f 2722/2/4633 2668/2/4634 2670/2/4634
f 2670/2/4634 2698/2/4633 2722/2/4633
f 2723/2/4635 2724/2/4635 2725/2/4636
f 2725/2/4636 2726/2/4635 2723/2/4635
f 2727/2/4637 2702/2/4638 2704/2/4639
f 2704/2/4639 2728/2/4638 2727/2/4637
f 2705/2/4640 2729/2/4641 2692/2/4642
f 2692/2/4642 2691/2/4640 2705/2/4640
f 2706/2/4643 2730/2/4644 2728/2/4645
f 2728/2/4645 2704/2/4646 2706/2/4643
f 2729/2/4647 2705/2/4648 2707/2/4649
f 2707/2/4649 2726/2/4647 2729/2/4647
f 2708/2/4650 2731/2/4651 2730/2/4650
f 2730/2/4650 2706/2/4652 2708/2/4650
f 2709/2/4653 2723/2/4654 2726/2/4655
f 2726/2/4655 2707/2/4656 2709/2/4653
f 2731/2/4657 2708/2/4658 2710/2/4659
f 2710/2/4659 2732/2/4660 2731/2/4657
f 2711/2/4661 2733/2/4662 2723/2/4662
f 2723/2/4662 2709/2/4663 2711/2/4661
f 2712/2/4664 2734/2/4665 2732/2/4666
f 2732/2/4666 2710/2/4667 2712/2/4664
f 2733/2/4668 2711/2/4669 2713/2/4670
f 2713/2/4670 2735/2/4671 2733/2/4668
f 2714/2/4672 2736/2/4673 2734/2/4674
f 2734/2/4674 2712/2/4672 2714/2/4672
f 2715/2/4675 2737/2/4676 2735/2/4675
f 2735/2/4675 2713/2/4677 2715/2/4675
f 2736/2/4678 2714/2/4679 2716/2/4680
f 2716/2/4680 2738/2/4681 2736/2/4678
f 2717/2/4682 2739/2/4683 2737/2/4684
f 2737/2/4684 2715/2/4685 2717/2/4682
f 2718/2/4686 2740/2/4687 2738/2/4688
f 2738/2/4688 2716/2/4689 2718/2/4686
f 2739/2/4690 2717/2/4691 2719/2/4691
f 2719/2/4691 2741/2/4691 2739/2/4690
f 2720/2/4692 2742/2/4693 2740/2/4692
f 2740/2/4692 2718/2/4694 2720/2/4692
f 2703/2/4695 2721/2/4695 2743/2/4696
f 2743/2/4696 2744/2/4696 2703/2/4695
f 2722/2/4697 2745/2/4698 2741/2/4699
f 2741/2/4699 2719/2/4698 2722/2/4697
f 2742/2/4700 2720/2/4701 2661/2/4700
f 2661/2/4700 2746/2/4702 2742/2/4700
f 2696/2/4703 2747/2/4704 2743/2/4705
f 2743/2/4705 2721/2/4706 2696/2/4703
f 2698/2/4707 2748/2/4708 2745/2/4709
f 2745/2/4709 2722/2/4707 2698/2/4707
f 2660/2/4710 2749/2/4711 2746/2/4710
f 2746/2/4710 2661/2/4711 2660/2/4710
f 2747/2/4712 2696/2/4713 2695/2/4714
f 2695/2/4714 2750/2/4715 2747/2/4712
f 2748/2/4716 2698/2/4717 2697/2/4717
f 2697/2/4717 2751/2/4718 2748/2/4716
f 2699/2/4719 2752/2/4719 2749/2/4720
f 2749/2/4720 2660/2/4721 2699/2/4719
f 2700/2/4722 2753/2/4723 2750/2/4724
f 2750/2/4724 2695/2/4724 2700/2/4722
f 2701/2/4725 2754/2/4725 2751/2/4726
f 2751/2/4726 2697/2/4725 2701/2/4725
f 2752/2/4727 2699/2/4728 2694/2/4727
f 2694/2/4727 2693/2/4729 2752/2/4727
f 2702/2/4730 2727/2/4731 2753/2/4730
f 2753/2/4730 2700/2/4730 2702/2/4730
f 2744/2/4732 2754/2/4733 2701/2/4733
f 2701/2/4733 2703/2/4732 2744/2/4732
f 2755/2/4734 2756/2/4735 2757/2/4736
f 2757/2/4736 2758/2/4737 2755/2/4734
f 2732/2/4738 2759/2/4739 2760/2/4739
f 2760/2/4739 2731/2/4738 2732/2/4738
f 2733/2/4740 2761/2/4740 2724/2/4740
f 2724/2/4740 2723/2/4741 2733/2/4740
f 2734/2/4742 2762/2/4742 2759/2/4742
f 2759/2/4742 2732/2/4742 2734/2/4742
f 2735/2/4743 2758/2/4744 2761/2/4745
f 2761/2/4745 2733/2/4745 2735/2/4743
f 2763/2/4746 2762/2/4747 2734/2/4748
f 2734/2/4748 2736/2/4746 2763/2/4746
f 2737/2/4749 2755/2/4750 2758/2/4749
f 2758/2/4749 2735/2/4751 2737/2/4749
f 2738/2/4752 2764/2/4752 2763/2/4752
f 2763/2/4752 2736/2/4753 2738/2/4752
f 2765/2/4754 2755/2/4754 2737/2/4754
f 2737/2/4754 2739/2/4755 2765/2/4754
f 2764/2/4756 2738/2/4757 2740/2/4757
f 2740/2/4757 2766/2/4758 2764/2/4756
f 2767/2/4759 2765/2/4760 2739/2/4761
f 2739/2/4761 2741/2/4762 2767/2/4759
f 2742/2/4763 2768/2/4764 2766/2/4765
f 2766/2/4765 2740/2/4765 2742/2/4763
f 2769/2/4766 2744/2/4767 2743/2/4766
f 2743/2/4766 2770/2/4768 2769/2/4766
f 2771/2/4769 2767/2/4770 2741/2/4771
f 2741/2/4771 2745/2/4772 2771/2/4769
f 2746/2/4773 2772/2/4773 2768/2/4773
f 2768/2/4773 2742/2/4774 2746/2/4773
f 2770/2/4775 2743/2/4775 2747/2/4775
f 2747/2/4775 2773/2/4776 2770/2/4775
f 2771/2/4777 2745/2/4778 2748/2/4778
f 2748/2/4778 2774/2/4779 2771/2/4777
f 2749/2/4780 2775/2/4780 2772/2/4781
f 2772/2/4781 2746/2/4780 2749/2/4780
f 2750/2/4782 2776/2/4782 2773/2/4782
f 2773/2/4782 2747/2/4783 2750/2/4782
f 2751/2/4784 2777/2/4784 2774/2/4784
f 2774/2/4784 2748/2/4784 2751/2/4784
f 2752/2/4785 2778/2/4785 2775/2/4785
f 2775/2/4785 2749/2/4786 2752/2/4785
f 2776/2/4787 2750/2/4788 2753/2/4789
f 2753/2/4789 2779/2/4790 2776/2/4787
f 2754/2/4791 2780/2/4792 2777/2/4791
f 2777/2/4791 2751/2/4793 2754/2/4791
f 2693/2/4794 2781/2/4794 2778/2/4794
f 2778/2/4794 2752/2/4794 2693/2/4794
f 2727/2/4795 2782/2/4796 2779/2/4795
f 2779/2/4795 2753/2/4797 2727/2/4795
f 2769/2/4798 2780/2/4799 2754/2/4798
f 2754/2/4798 2744/2/4800 2769/2/4798
f 2692/2/4801 2783/2/4801 2781/2/4801
f 2781/2/4801 2693/2/4801 2692/2/4801
f 2728/2/4802 2784/2/4802 2782/2/4803
f 2782/2/4803 2727/2/4802 2728/2/4802
f 2729/2/4804 2785/2/4805 2783/2/4804
f 2783/2/4804 2692/2/4806 2729/2/4804
f 2784/2/4807 2728/2/4807 2730/2/4807
f 2730/2/4807 2786/2/4807 2784/2/4807
f 2726/2/4808 2725/2/4809 2785/2/4809
f 2785/2/4809 2729/2/4810 2726/2/4808
f 2760/2/4811 2786/2/4812 2730/2/4812
f 2730/2/4812 2731/2/4812 2760/2/4811
f 2787/2/4813 2788/2/4814 2789/2/4815
f 2789/2/4815 2790/2/4816 2787/2/4813
f 2791/2/4817 2792/2/4817 2763/2/4817
f 2763/2/4817 2764/2/4817 2791/2/4817
f 2793/2/4818 2756/2/4819 2755/2/4820
f 2755/2/4820 2765/2/4821 2793/2/4818
f 2766/2/4822 2794/2/4822 2791/2/4822
f 2791/2/4822 2764/2/4822 2766/2/4822
f 2795/2/4823 2793/2/4823 2765/2/4824
f 2765/2/4824 2767/2/4823 2795/2/4823
f 2768/2/4825 2796/2/4825 2794/2/4825
f 2794/2/4825 2766/2/4825 2768/2/4825
f 2769/2/4826 2770/2/4826 2797/2/4826
f 2797/2/4826 2798/2/4826 2769/2/4826
f 2771/2/4827 2799/2/4828 2795/2/4829
f 2795/2/4829 2767/2/4828 2771/2/4827
f 2796/2/4830 2768/2/4830 2772/2/4830
f 2772/2/4830 2800/2/4830 2796/2/4830
f 2773/2/4831 2801/2/4831 2797/2/4831
f 2797/2/4831 2770/2/4831 2773/2/4831
f 2799/2/4832 2771/2/4833 2774/2/4833
f 2774/2/4833 2802/2/4833 2799/2/4832
f 2775/2/4834 2803/2/4834 2800/2/4834
f 2800/2/4834 2772/2/4834 2775/2/4834
f 2776/2/4835 2804/2/4835 2801/2/4835
f 2801/2/4835 2773/2/4835 2776/2/4835
f 2805/2/4836 2802/2/4836 2774/2/4836
f 2774/2/4836 2777/2/4836 2805/2/4836
f 2788/2/4837 2803/2/4837 2775/2/4837
f 2775/2/4837 2778/2/4837 2788/2/4837
f 2779/2/4838 2806/2/4838 2804/2/4838
f 2804/2/4838 2776/2/4838 2779/2/4838
f 2780/2/4839 2807/2/4839 2805/2/4839
f 2805/2/4839 2777/2/4839 2780/2/4839
f 2788/2/4840 2778/2/4840 2781/2/4840
f 2781/2/4840 2789/2/4840 2788/2/4840
f 2782/2/4841 2808/2/4841 2806/2/4841
f 2806/2/4841 2779/2/4841 2782/2/4841
f 2798/2/4842 2807/2/4842 2780/2/4842
f 2780/2/4842 2769/2/4842 2798/2/4842
f 2783/2/4843 2809/2/4843 2789/2/4844
f 2789/2/4844 2781/2/4843 2783/2/4843
f 2808/2/4845 2782/2/4846 2784/2/4845
f 2784/2/4845 2810/2/4845 2808/2/4845
f 2809/2/4847 2783/2/4847 2785/2/4847
f 2785/2/4847 2811/2/4847 2809/2/4847
f 2786/2/4848 2812/2/4848 2810/2/4848
f 2810/2/4848 2784/2/4848 2786/2/4848
f 2811/2/4849 2785/2/4849 2725/2/4850
f 2725/2/4850 2813/2/4849 2811/2/4849
f 2814/2/4851 2812/2/4851 2786/2/4852
f 2786/2/4852 2760/2/4851 2814/2/4851
f 2815/2/4853 2813/2/4854 2725/2/4854
f 2725/2/4854 2724/2/4854 2815/2/4853
f 2816/2/4855 2814/2/4855 2760/2/4856
f 2760/2/4856 2759/2/4855 2816/2/4855
f 2761/2/4857 2817/2/4858 2815/2/4858
f 2815/2/4858 2724/2/4858 2761/2/4857
f 2762/2/4859 2818/2/4859 2816/2/4859
f 2816/2/4859 2759/2/4859 2762/2/4859
f 2817/2/4860 2761/2/4861 2758/2/4862
f 2758/2/4862 2757/2/4863 2817/2/4860
f 2762/2/4864 2763/2/4865 2792/2/4864
f 2792/2/4864 2818/2/4864 2762/2/4864
f 2819/2/4866 2820/2/4867 2821/2/4867
f 2821/2/4867 2822/2/4868 2819/2/4866
f 2808/2/4869 2823/2/4870 2824/2/4871
f 2824/2/4871 2806/2/4872 2808/2/4869
f 2807/2/4873 2798/2/4874 2825/2/4874
f 2825/2/4874 2826/2/4874 2807/2/4873
f 2827/2/4875 2790/2/4876 2789/2/4877
f 2789/2/4877 2809/2/4878 2827/2/4875
f 2808/2/4879 2810/2/4879 2828/2/4879
f 2828/2/4879 2823/2/4879 2808/2/4879
f 2811/2/4880 2820/2/4881 2827/2/4882
f 2827/2/4882 2809/2/4881 2811/2/4880
f 2829/2/4883 2828/2/4883 2810/2/4883
f 2810/2/4883 2812/2/4883 2829/2/4883
f 2813/2/4884 2821/2/4885 2820/2/4885
f 2820/2/4885 2811/2/4884 2813/2/4884
f 2814/2/4886 2830/2/4887 2829/2/4888
f 2829/2/4888 2812/2/4889 2814/2/4886
f 2821/2/4890 2813/2/4891 2815/2/4892
f 2815/2/4892 2831/2/4890 2821/2/4890
f 2816/2/4893 2832/2/4894 2830/2/4893
f 2830/2/4893 2814/2/4895 2816/2/4893
f 2817/2/4896 2833/2/4897 2831/2/4898
f 2831/2/4898 2815/2/4897 2817/2/4896
f 2816/2/4899 2818/2/4899 2834/2/4900
f 2834/2/4900 2832/2/4900 2816/2/4899
f 2817/2/4901 2757/2/4901 2835/2/4902
f 2835/2/4902 2833/2/4901 2817/2/4901
f 2792/2/4903 2836/2/4903 2834/2/4903
f 2834/2/4903 2818/2/4903 2792/2/4903
f 2837/2/4904 2835/2/4905 2757/2/4906
f 2757/2/4906 2756/2/4907 2837/2/4904
f 2838/2/4908 2836/2/4908 2792/2/4908
f 2792/2/4908 2791/2/4908 2838/2/4908
f 2837/2/4909 2756/2/4910 2793/2/4911
f 2793/2/4911 2839/2/4912 2837/2/4909
f 2840/2/4913 2838/2/4913 2791/2/4913
f 2791/2/4913 2794/2/4913 2840/2/4913
f 2795/2/4914 2841/2/4915 2839/2/4915
f 2839/2/4915 2793/2/4916 2795/2/4914
f 2794/2/4917 2796/2/4917 2842/2/4917
f 2842/2/4917 2840/2/4917 2794/2/4917
f 2843/2/4918 2825/2/4919 2798/2/4920
f 2798/2/4920 2797/2/4919 2843/2/4918
f 2795/2/4921 2799/2/4921 2844/2/4921
f 2844/2/4921 2841/2/4922 2795/2/4921
f 2842/2/4923 2796/2/4924 2800/2/4924
f 2800/2/4924 2845/2/4925 2842/2/4923
f 2843/2/4926 2797/2/4927 2801/2/4928
f 2801/2/4928 2846/2/4927 2843/2/4926
f 2802/2/4929 2847/2/4930 2844/2/4929
f 2844/2/4929 2799/2/4931 2802/2/4929
f 2800/2/4932 2803/2/4933 2848/2/4932
f 2848/2/4932 2845/2/4934 2800/2/4932
f 2801/2/4935 2804/2/4935 2849/2/4935
f 2849/2/4935 2846/2/4935 2801/2/4935
f 2850/2/4936 2847/2/4937 2802/2/4938
f 2802/2/4938 2805/2/4939 2850/2/4936
f 2788/2/4940 2787/2/4940 2848/2/4940
f 2848/2/4940 2803/2/4941 2788/2/4940
f 2824/2/4942 2849/2/4943 2804/2/4943
f 2804/2/4943 2806/2/4943 2824/2/4942
f 2826/2/4944 2850/2/4945 2805/2/4945
f 2805/2/4945 2807/2/4945 2826/2/4944
f 2851/2/4946 2852/2/4947 2853/2/4948
f 2853/2/4948 2854/2/4947 2851/2/4946
f 2855/2/4949 2829/2/4950 2830/2/4951
f 2830/2/4951 2856/2/4952 2855/2/4949
f 2821/2/4953 2831/2/4954 2857/2/4955
f 2857/2/4955 2822/2/4955 2821/2/4953
f 2858/2/4956 2856/2/4957 2830/2/4958
f 2830/2/4958 2832/2/4959 2858/2/4956
f 2852/2/4960 2857/2/4961 2831/2/4962
f 2831/2/4962 2833/2/4963 2852/2/4960
f 2832/2/4964 2834/2/4965 2859/2/4964
f 2859/2/4964 2858/2/4966 2832/2/4964
f 2835/2/4967 2853/2/4968 2852/2/4969
f 2852/2/4969 2833/2/4970 2835/2/4967
f 2860/2/4971 2859/2/4972 2834/2/4971
f 2834/2/4971 2836/2/4973 2860/2/4971
f 2837/2/4974 2861/2/4975 2853/2/4976
f 2853/2/4976 2835/2/4977 2837/2/4974
f 2838/2/4978 2862/2/4979 2860/2/4980
f 2860/2/4980 2836/2/4981 2838/2/4978
f 2861/2/4982 2837/2/4983 2839/2/4984
f 2839/2/4984 2863/2/4985 2861/2/4982
f 2840/2/4986 2864/2/4987 2862/2/4987
f 2862/2/4987 2838/2/4988 2840/2/4986
f 2863/2/4989 2839/2/4990 2841/2/4991
f 2841/2/4991 2865/2/4992 2863/2/4989
f 2864/2/4993 2840/2/4993 2842/2/4994
f 2842/2/4994 2866/2/4993 2864/2/4993
f 2867/2/4995 2868/2/4996 2825/2/4996
f 2825/2/4996 2843/2/4995 2867/2/4995
f 2841/2/4997 2844/2/4998 2869/2/4999
f 2869/2/4999 2865/2/4999 2841/2/4997
f 2870/2/5000 2866/2/5001 2842/2/5002
f 2842/2/5002 2845/2/5001 2870/2/5000
f 2871/2/5003 2867/2/5004 2843/2/5005
f 2843/2/5005 2846/2/5006 2871/2/5003
f 2872/2/5007 2869/2/5008 2844/2/5007
f 2844/2/5007 2847/2/5007 2872/2/5007
f 2845/2/5009 2848/2/5009 2873/2/5009
f 2873/2/5009 2870/2/5009 2845/2/5009
f 2849/2/5010 2874/2/5010 2871/2/5011
f 2871/2/5011 2846/2/5011 2849/2/5010
f 2850/2/5012 2875/2/5013 2872/2/5014
f 2872/2/5014 2847/2/5012 2850/2/5012
f 2876/2/5015 2873/2/5015 2848/2/5015
f 2848/2/5015 2787/2/5015 2876/2/5015
f 2874/2/5016 2849/2/5017 2824/2/5016
f 2824/2/5016 2877/2/5017 2874/2/5016
f 2826/2/5018 2878/2/5018 2875/2/5018
f 2875/2/5018 2850/2/5019 2826/2/5018
f 2790/2/5020 2879/2/5021 2876/2/5020
f 2876/2/5020 2787/2/5021 2790/2/5020
f 2880/2/5022 2877/2/5023 2824/2/5024
f 2824/2/5024 2823/2/5022 2880/2/5022
f 2878/2/5025 2826/2/5026 2825/2/5025
f 2825/2/5025 2868/2/5026 2878/2/5025
f 2827/2/5027 2881/2/5027 2879/2/5027
f 2879/2/5027 2790/2/5027 2827/2/5027
f 2828/2/5028 2882/2/5029 2880/2/5030
f 2880/2/5030 2823/2/5031 2828/2/5028
f 2881/2/5032 2827/2/5033 2820/2/5032
f 2820/2/5032 2819/2/5032 2881/2/5032
f 2829/2/5034 2855/2/5035 2882/2/5036
f 2882/2/5036 2828/2/5037 2829/2/5034
f 2883/2/5038 2884/2/5038 2885/2/5038
f 2883/2/5038 2885/2/5038 2886/2/5038
f 2886/2/5038 2887/2/5038 2888/2/5038
f 2886/2/5038 2888/2/5038 2889/2/5039
f 2883/2/5038 2886/2/5038 2889/2/5039
f 2889/2/5039 2890/2/5038 2891/2/5040
f 2889/2/5039 2891/2/5040 2892/2/5041
f 2893/2/5038 2894/2/5038 2895/2/5042
f 2892/2/5041 2893/2/5038 2895/2/5042
f 2889/2/5039 2892/2/5041 2895/2/5042
f 2883/2/5038 2889/2/5039 2895/2/5042
f 2895/2/5042 2896/2/5038 2897/2/5038
f 2895/2/5042 2897/2/5038 2898/2/5041
f 2899/2/5041 2900/2/5043 2901/2/5044
f 2898/2/5041 2899/2/5041 2901/2/5044
f 2895/2/5042 2898/2/5041 2901/2/5044
f 2883/2/5038 2895/2/5042 2901/2/5044
f 2901/2/5044 2902/2/5045 2903/2/5038
f 2901/2/5044 2903/2/5038 2904/2/5046
f 2901/2/5044 2904/2/5046 2851/2/5047
f 2883/2/5038 2901/2/5044 2851/2/5047
f 2905/2/5038 2906/2/5038 2907/2/5038
f 2854/2/5038 2905/2/5038 2907/2/5038
f 2851/2/5047 2854/2/5038 2907/2/5038
f 2851/2/5047 2907/2/5038 2908/2/5041
f 2883/2/5038 2851/2/5047 2908/2/5041
f 2908/2/5041 2909/2/5038 2910/2/5038
f 2908/2/5041 2910/2/5038 2911/2/5048
f 2908/2/5041 2911/2/5048 2912/2/5038
f 2883/2/5038 2908/2/5041 2912/2/5038
f 2860/2/5049 2893/2/5049 2892/2/5049
f 2892/2/5049 2859/2/5049 2860/2/5049
f 2905/2/5050 2854/2/5051 2853/2/5052
f 2853/2/5052 2861/2/5051 2905/2/5050
f 2893/2/5053 2860/2/5053 2862/2/5053
f 2862/2/5053 2894/2/5053 2893/2/5053
f 2861/2/5054 2863/2/5054 2906/2/5054
f 2906/2/5054 2905/2/5054 2861/2/5054
f 2895/2/5055 2894/2/5055 2862/2/5055
f 2862/2/5055 2864/2/5055 2895/2/5055
f 2907/2/5056 2906/2/5056 2863/2/5057
f 2863/2/5057 2865/2/5056 2907/2/5056
f 2864/2/5058 2866/2/5059 2896/2/5058
f 2896/2/5058 2895/2/5058 2864/2/5058
f 2883/2/5060 2912/2/5060 2868/2/5060
f 2868/2/5060 2867/2/5060 2883/2/5060
f 2869/2/5061 2908/2/5061 2907/2/5061
f 2907/2/5061 2865/2/5061 2869/2/5061
f 2897/2/5062 2896/2/5062 2866/2/5062
f 2866/2/5062 2870/2/5062 2897/2/5062
f 2867/2/5063 2871/2/5063 2884/2/5063
f 2884/2/5063 2883/2/5063 2867/2/5063
f 2872/2/5064 2909/2/5065 2908/2/5065
f 2908/2/5065 2869/2/5065 2872/2/5064
f 2873/2/5066 2898/2/5066 2897/2/5066
f 2897/2/5066 2870/2/5066 2873/2/5066
f 2885/2/5067 2884/2/5067 2871/2/5067
f 2871/2/5067 2874/2/5067 2885/2/5067
f 2909/2/5068 2872/2/5068 2875/2/5069
f 2875/2/5069 2910/2/5068 2909/2/5068
f 2876/2/5070 2899/2/5070 2898/2/5070
f 2898/2/5070 2873/2/5070 2876/2/5070
f 2877/2/5071 2886/2/5071 2885/2/5071
f 2885/2/5071 2874/2/5071 2877/2/5071
f 2911/2/5072 2910/2/5072 2875/2/5072
f 2875/2/5072 2878/2/5072 2911/2/5072
f 2899/2/5073 2876/2/5073 2879/2/5073
f 2879/2/5073 2900/2/5073 2899/2/5073
f 2880/2/5074 2887/2/5074 2886/2/5074
f 2886/2/5074 2877/2/5074 2880/2/5074
f 2868/2/5075 2912/2/5075 2911/2/5075
f 2911/2/5075 2878/2/5075 2868/2/5075
f 2901/2/5076 2900/2/5076 2879/2/5076
f 2879/2/5076 2881/2/5076 2901/2/5076
f 2887/2/5077 2880/2/5077 2882/2/5077
f 2882/2/5077 2888/2/5077 2887/2/5077
f 2881/2/5078 2819/2/5078 2902/2/5078
f 2902/2/5078 2901/2/5078 2881/2/5078
f 2889/2/5079 2888/2/5079 2882/2/5079
f 2882/2/5079 2855/2/5079 2889/2/5079
f 2903/2/5080 2902/2/5080 2819/2/5080
f 2819/2/5080 2822/2/5080 2903/2/5080
f 2855/2/5081 2856/2/5081 2890/2/5081
f 2890/2/5081 2889/2/5081 2855/2/5081
f 2857/2/5082 2904/2/5083 2903/2/5084
f 2903/2/5084 2822/2/5083 2857/2/5082
f 2891/2/5085 2890/2/5086 2856/2/5085
f 2856/2/5085 2858/2/5085 2891/2/5085
f 2852/2/5087 2851/2/5088 2904/2/5089
f 2904/2/5089 2857/2/5088 2852/2/5087
f 2859/2/5090 2892/2/5090 2891/2/5090
f 2891/2/5090 2858/2/5090 2859/2/5090
o C_rculo_014_C_rculo_015
v -4.244371 -0.888509 -0.858461
v -4.150871 -0.888509 -0.849261
v -4.060971 -0.888509 -0.821961
v -3.978071 -0.888509 -0.777761
v -3.905471 -0.888509 -0.718061
v -3.845871 -0.888509 -0.645461
v -3.801571 -0.888509 -0.562561
v -3.774271 -0.888509 -0.472661
v -3.765071 -0.888509 -0.379161
v -3.774271 -0.888509 -0.285661
v -3.801571 -0.888509 -0.195761
v -3.845871 -0.888509 -0.112861
v -3.905471 -0.888509 -0.040161
v -3.978071 -0.888509 0.019439
v -4.060971 -0.888509 0.063739
v -4.150871 -0.888509 0.090939
v -4.244371 -0.888509 0.100139
v -4.337971 -0.888509 0.090939
v -4.427871 -0.888509 0.063739
v -4.510671 -0.888509 0.019439
v -4.583371 -0.888509 -0.040161
v -4.642971 -0.888509 -0.112861
v -4.687271 -0.888509 -0.195761
v -4.714571 -0.888509 -0.285661
v -4.723771 -0.888509 -0.379161
v -4.714571 -0.888509 -0.472661
v -4.687271 -0.888509 -0.562561
v -4.642971 -0.888509 -0.645461
v -4.583371 -0.888509 -0.718061
v -4.337971 -0.888509 -0.849261
v -4.510671 -0.888509 -0.777761
v -4.427871 -0.888509 -0.821961
v -3.739471 -0.909909 -0.479561
v -3.739471 -1.010709 -0.479561
v -3.729571 -1.010709 -0.379161
v -3.729571 -0.909909 -0.379161
v -4.047371 -0.909909 -0.854861
v -3.958371 -0.909909 -0.807261
v -4.143971 -0.909909 0.125839
v -4.244371 -0.909909 0.135739
v -4.608471 -0.909909 -0.743261
v -4.530471 -0.909909 -0.807261
v -4.143971 -0.909909 -0.884161
v -4.047371 -0.909909 0.096539
v -4.672471 -0.909909 -0.665161
v -4.244371 -0.909909 -0.894061
v -3.958371 -0.909909 0.048939
v -4.720071 -0.909909 -0.576161
v -3.880371 -0.909909 -0.015061
v -4.749371 -0.909909 -0.479561
v -3.816371 -0.909909 -0.093161
v -4.759271 -0.909909 -0.379161
v -3.768771 -0.909909 -0.182161
v -4.749371 -0.909909 -0.278761
v -3.739471 -0.909909 -0.278761
v -4.720071 -0.909909 -0.182161
v -4.672471 -0.909909 -0.093161
v -4.608471 -0.909909 -0.015061
v -3.768771 -0.909909 -0.576161
v -4.530471 -0.909909 0.048939
v -3.816371 -0.909909 -0.665161
v -4.441471 -0.909909 0.096539
v -4.344871 -0.909909 -0.884161
v -3.880371 -0.909909 -0.743261
v -4.344871 -0.909909 0.125839
v -4.441471 -0.909909 -0.854861
v -4.344871 -1.010709 -0.884161
v -4.441471 -1.010709 -0.854861
v -4.530471 -1.010709 -0.807261
v -4.608471 -1.010709 -0.743261
v -4.672471 -1.010709 -0.665161
v -4.720071 -1.010709 -0.576161
v -4.749371 -1.010709 -0.479561
v -4.759271 -1.010709 -0.379161
v -4.749371 -1.010709 -0.278761
v -4.720071 -1.010709 -0.182161
v -4.672471 -1.010709 -0.093161
v -4.608471 -1.010709 -0.015061
v -4.530471 -1.010709 0.048939
v -4.441471 -1.010709 0.096539
v -4.344871 -1.010709 0.125839
v -4.244371 -1.010709 0.135739
v -4.143971 -1.010709 0.125839
v -4.047371 -1.010709 0.096539
v -3.958371 -1.010709 0.048939
v -3.880371 -1.010709 -0.015061
v -3.816371 -1.010709 -0.093161
v -3.768771 -1.010709 -0.182161
v -3.739471 -1.010709 -0.278761
v -3.768771 -1.010709 -0.576161
v -3.816371 -1.010709 -0.665161
v -3.880371 -1.010709 -0.743261
v -3.958371 -1.010709 -0.807261
v -4.047371 -1.010709 -0.854861
v -4.143971 -1.010709 -0.884161
v -4.244371 -1.010709 -0.894061
vn -0.0000 -1.0000 -0.0000
vn -0.9952 -0.0000 0.0981
vn -0.9952 -0.0000 0.0977
vn -0.2439 -0.8557 0.4563
vn -0.2439 -0.8559 0.4560
vn -0.2440 -0.8556 0.4565
vn -0.2440 -0.8557 0.4564
vn -0.0507 -0.8557 -0.5150
vn -0.0507 -0.8556 -0.5152
vn -0.0506 -0.8560 -0.5145
vn 0.3284 -0.8556 0.4001
vn 0.3283 -0.8558 0.3998
vn 0.3283 -0.8557 0.3999
vn 0.3284 -0.8556 0.4002
vn -0.1502 -0.8558 0.4950
vn -0.1502 -0.8558 0.4951
vn -0.1502 -0.8557 0.4952
vn -0.1502 -0.8555 -0.4956
vn -0.1502 -0.8557 -0.4953
vn -0.1503 -0.8556 -0.4953
vn -0.1502 -0.8556 -0.4953
vn 0.4001 -0.8556 0.3284
vn 0.4000 -0.8557 0.3283
vn 0.4002 -0.8556 0.3284
vn 0.3999 -0.8557 0.3283
vn -0.0507 -0.8559 0.5147
vn -0.0507 -0.8557 0.5149
vn -0.0508 -0.8557 0.5150
vn -0.0508 -0.8558 0.5147
vn -0.2441 -0.8555 -0.4566
vn -0.2442 -0.8555 -0.4566
vn -0.2441 -0.8555 -0.4567
vn -0.2440 -0.8556 -0.4566
vn 0.4564 -0.8557 0.2440
vn 0.4565 -0.8556 0.2440
vn -0.3284 -0.8556 -0.4001
vn -0.3283 -0.8556 -0.4001
vn -0.3284 -0.8556 -0.4002
vn 0.4956 -0.8555 0.1503
vn 0.4955 -0.8555 0.1502
vn 0.4955 -0.8555 0.1503
vn 0.4954 -0.8555 0.1503
vn -0.4001 -0.8556 -0.3283
vn -0.4000 -0.8557 -0.3283
vn -0.3999 -0.8557 -0.3283
vn 0.5151 -0.8556 0.0507
vn 0.5152 -0.8556 0.0507
vn 0.5156 -0.8553 0.0507
vn -0.4565 -0.8556 -0.2440
vn -0.4568 -0.8554 -0.2443
vn -0.4566 -0.8555 -0.2441
vn -0.4564 -0.8557 -0.2440
vn 0.5153 -0.8555 -0.0507
vn 0.5156 -0.8553 -0.0507
vn 0.5152 -0.8556 -0.0507
vn 0.5151 -0.8556 -0.0507
vn -0.4954 -0.8556 -0.1503
vn -0.4953 -0.8557 -0.1502
vn -0.4953 -0.8556 -0.1503
vn 0.4953 -0.8556 -0.1502
vn 0.4954 -0.8555 -0.1503
vn 0.4954 -0.8556 -0.1503
vn -0.5153 -0.8555 -0.0507
vn -0.5151 -0.8556 -0.0507
vn 0.4564 -0.8557 -0.2440
vn 0.4569 -0.8554 -0.2441
vn -0.5152 -0.8556 0.0507
vn -0.5151 -0.8556 0.0507
vn 0.4000 -0.8557 -0.3283
vn 0.4001 -0.8556 -0.3283
vn -0.4953 -0.8556 0.1502
vn -0.4952 -0.8557 0.1502
vn -0.4954 -0.8556 0.1503
vn 0.3284 -0.8555 -0.4003
vn 0.3284 -0.8556 -0.4002
vn 0.3283 -0.8555 -0.4003
vn -0.4566 -0.8556 0.2441
vn -0.4564 -0.8557 0.2440
vn -0.4565 -0.8556 0.2440
vn -0.4569 -0.8554 0.2441
vn 0.2441 -0.8556 -0.4565
vn 0.2443 -0.8554 -0.4568
vn 0.2443 -0.8554 -0.4567
vn 0.2441 -0.8556 -0.4564
vn 0.0507 -0.8557 0.5150
vn 0.0507 -0.8557 0.5149
vn 0.0507 -0.8555 0.5153
vn -0.4001 -0.8557 0.3281
vn -0.4003 -0.8557 0.3280
vn -0.4000 -0.8557 0.3282
vn 0.1501 -0.8557 -0.4953
vn 0.1502 -0.8558 -0.4951
vn 0.1502 -0.8557 -0.4952
vn 0.1502 -0.8557 -0.4953
vn 0.1502 -0.8557 0.4952
vn 0.1502 -0.8556 0.4953
vn 0.1501 -0.8559 0.4948
vn 0.1502 -0.8558 0.4950
vn -0.3284 -0.8557 0.3998
vn -0.3283 -0.8556 0.4001
vn -0.3286 -0.8556 0.3999
vn -0.3285 -0.8558 0.3995
vn 0.0507 -0.8559 -0.5146
vn 0.0507 -0.8558 -0.5148
vn 0.0506 -0.8559 -0.5147
vn 0.0506 -0.8558 -0.5148
vn 0.2441 -0.8556 0.4565
vn 0.2439 -0.8557 0.4564
vn 0.2438 -0.8558 0.4562
vn 0.2439 -0.8558 0.4563
vn -0.0000 1.0000 -0.0000
vn 0.7729 -0.0000 -0.6346
vn -0.9569 -0.0000 0.2903
vn 0.6343 -0.0000 -0.7731
vn -0.8818 -0.0000 0.4716
vn 0.4716 -0.0000 -0.8818
vn 0.0980 -0.0000 0.9952
vn -0.7730 -0.0000 0.6343
vn -0.7735 -0.0000 0.6338
vn -0.7732 -0.0000 0.6342
vn 0.2903 -0.0000 -0.9569
vn 0.2903 -0.0000 0.9569
vn -0.6343 -0.0000 0.7731
vn 0.0980 -0.0000 -0.9952
vn 0.4716 -0.0000 0.8818
vn -0.4716 -0.0000 0.8818
vn -0.0978 -0.0000 -0.9952
vn -0.0977 -0.0000 -0.9952
vn 0.6343 -0.0000 0.7731
vn -0.2903 -0.0000 0.9569
vn -0.2903 -0.0000 -0.9569
vn 0.7730 -0.0000 0.6343
vn 0.7735 -0.0000 0.6338
vn 0.7732 -0.0000 0.6342
vn -0.0981 -0.0000 0.9952
vn -0.0977 -0.0000 0.9952
vn -0.4716 -0.0000 -0.8818
vn 0.8818 -0.0000 0.4716
vn -0.6343 -0.0000 -0.7731
vn 0.9569 -0.0000 0.2903
vn -0.7729 -0.0000 -0.6346
vn 0.9952 -0.0000 0.0981
vn -0.8818 -0.0000 -0.4716
vn 0.9952 -0.0000 -0.0981
vn -0.9569 -0.0000 -0.2903
vn 0.9569 -0.0000 -0.2903
vn -0.9952 -0.0000 -0.0978
vn -0.9952 -0.0000 -0.0977
vn 0.8818 -0.0000 -0.4716
vt 0.000000 0.000000
s 1
g off
usemtl Goddard_None
f 2913/3/5091 2914/3/5091 2915/3/5091
f 2915/3/5091 2916/3/5091 2917/3/5091
f 2913/3/5091 2915/3/5091 2917/3/5091
f 2917/3/5091 2918/3/5091 2919/3/5091
f 2919/3/5091 2920/3/5091 2921/3/5091
f 2917/3/5091 2919/3/5091 2921/3/5091
f 2913/3/5091 2917/3/5091 2921/3/5091
f 2921/3/5091 2922/3/5091 2923/3/5091
f 2923/3/5091 2924/3/5091 2925/3/5091
f 2921/3/5091 2923/3/5091 2925/3/5091
f 2925/3/5091 2926/3/5091 2927/3/5091
f 2927/3/5091 2928/3/5091 2929/3/5091
f 2925/3/5091 2927/3/5091 2929/3/5091
f 2921/3/5091 2925/3/5091 2929/3/5091
f 2929/3/5091 2930/3/5091 2931/3/5091
f 2931/3/5091 2932/3/5091 2933/3/5091
f 2929/3/5091 2931/3/5091 2933/3/5091
f 2933/3/5091 2934/3/5091 2935/3/5091
f 2935/3/5091 2936/3/5091 2937/3/5091
f 2933/3/5091 2935/3/5091 2937/3/5091
f 2929/3/5091 2933/3/5091 2937/3/5091
f 2921/3/5091 2929/3/5091 2937/3/5091
f 2913/3/5091 2921/3/5091 2937/3/5091
f 2938/3/5091 2939/3/5091 2940/3/5091
f 2937/3/5091 2938/3/5091 2940/3/5091
f 2937/3/5091 2940/3/5091 2941/3/5091
f 2913/3/5091 2937/3/5091 2941/3/5091
f 2942/3/5091 2913/3/5091 2941/3/5091
f 2942/3/5091 2941/3/5091 2943/3/5091
f 2942/3/5091 2943/3/5091 2944/3/5091
f 2945/3/5092 2946/3/5092 2947/3/5092
f 2947/3/5092 2948/3/5093 2945/3/5092
f 2915/3/5094 2949/3/5095 2950/3/5096
f 2950/3/5096 2916/3/5097 2915/3/5094
f 2928/3/5098 2951/3/5099 2952/3/5099
f 2952/3/5099 2929/3/5100 2928/3/5098
f 2943/3/5101 2941/3/5102 2953/3/5103
f 2953/3/5103 2954/3/5104 2943/3/5101
f 2914/3/5105 2955/3/5106 2949/3/5107
f 2949/3/5107 2915/3/5107 2914/3/5105
f 2927/3/5108 2956/3/5109 2951/3/5110
f 2951/3/5110 2928/3/5111 2927/3/5108
f 2940/3/5112 2957/3/5113 2953/3/5114
f 2953/3/5114 2941/3/5115 2940/3/5112
f 2914/3/5116 2913/3/5117 2958/3/5118
f 2958/3/5118 2955/3/5119 2914/3/5116
f 2926/3/5120 2959/3/5121 2956/3/5122
f 2956/3/5122 2927/3/5123 2926/3/5120
f 2960/3/5124 2957/3/5125 2940/3/5124
f 2940/3/5124 2939/3/5124 2960/3/5124
f 2925/3/5126 2961/3/5127 2959/3/5128
f 2959/3/5128 2926/3/5126 2925/3/5126
f 2938/3/5129 2962/3/5130 2960/3/5131
f 2960/3/5131 2939/3/5132 2938/3/5129
f 2924/3/5133 2963/3/5134 2961/3/5134
f 2961/3/5134 2925/3/5135 2924/3/5133
f 2964/3/5136 2962/3/5136 2938/3/5137
f 2938/3/5137 2937/3/5138 2964/3/5136
f 2923/3/5139 2965/3/5140 2963/3/5141
f 2963/3/5141 2924/3/5142 2923/3/5139
f 2964/3/5143 2937/3/5144 2936/3/5145
f 2936/3/5145 2966/3/5146 2964/3/5143
f 2922/3/5147 2967/3/5148 2965/3/5147
f 2965/3/5147 2923/3/5149 2922/3/5147
f 2936/3/5150 2935/3/5151 2968/3/5152
f 2968/3/5152 2966/3/5150 2936/3/5150
f 2921/3/5153 2948/3/5154 2967/3/5154
f 2967/3/5154 2922/3/5153 2921/3/5153
f 2934/3/5155 2969/3/5155 2968/3/5155
f 2968/3/5155 2935/3/5156 2934/3/5155
f 2920/3/5157 2945/3/5158 2948/3/5158
f 2948/3/5158 2921/3/5157 2920/3/5157
f 2933/3/5159 2970/3/5159 2969/3/5160
f 2969/3/5160 2934/3/5159 2933/3/5159
f 2919/3/5161 2971/3/5162 2945/3/5163
f 2945/3/5163 2920/3/5162 2919/3/5161
f 2932/3/5164 2972/3/5165 2970/3/5164
f 2970/3/5164 2933/3/5166 2932/3/5164
f 2918/3/5167 2973/3/5168 2971/3/5169
f 2971/3/5169 2919/3/5170 2918/3/5167
f 2931/3/5171 2974/3/5172 2972/3/5173
f 2972/3/5173 2932/3/5174 2931/3/5171
f 2958/3/5175 2913/3/5176 2942/3/5175
f 2942/3/5175 2975/3/5177 2958/3/5175
f 2917/3/5178 2976/3/5179 2973/3/5178
f 2973/3/5178 2918/3/5180 2917/3/5178
f 2930/3/5181 2977/3/5182 2974/3/5183
f 2974/3/5183 2931/3/5184 2930/3/5181
f 2975/3/5185 2942/3/5186 2944/3/5187
f 2944/3/5187 2978/3/5188 2975/3/5185
f 2916/3/5189 2950/3/5190 2976/3/5191
f 2976/3/5191 2917/3/5192 2916/3/5189
f 2929/3/5193 2952/3/5194 2977/3/5195
f 2977/3/5195 2930/3/5196 2929/3/5193
f 2978/3/5197 2944/3/5198 2943/3/5199
f 2943/3/5199 2954/3/5200 2978/3/5197
f 2979/3/5201 2980/3/5201 2981/3/5201
f 2981/3/5201 2982/3/5201 2983/3/5201
f 2979/3/5201 2981/3/5201 2983/3/5201
f 2983/3/5201 2984/3/5201 2985/3/5201
f 2983/3/5201 2985/3/5201 2986/3/5201
f 2979/3/5201 2983/3/5201 2986/3/5201
f 2979/3/5201 2986/3/5201 2987/3/5201
f 2987/3/5201 2988/3/5201 2989/3/5201
f 2989/3/5201 2990/3/5201 2991/3/5201
f 2987/3/5201 2989/3/5201 2991/3/5201
f 2991/3/5201 2992/3/5201 2993/3/5201
f 2993/3/5201 2994/3/5201 2995/3/5201
f 2991/3/5201 2993/3/5201 2995/3/5201
f 2987/3/5201 2991/3/5201 2995/3/5201
f 2995/3/5201 2996/3/5201 2997/3/5201
f 2997/3/5201 2998/3/5201 2999/3/5201
f 2995/3/5201 2997/3/5201 2999/3/5201
f 2999/3/5201 3000/3/5201 3001/3/5201
f 3001/3/5201 2947/3/5201 2946/3/5201
f 2999/3/5201 3001/3/5201 2946/3/5201
f 2995/3/5201 2999/3/5201 2946/3/5201
f 2987/3/5201 2995/3/5201 2946/3/5201
f 2946/3/5201 3002/3/5201 3003/3/5201
f 3003/3/5201 3004/3/5201 3005/3/5201
f 2946/3/5201 3003/3/5201 3005/3/5201
f 3005/3/5201 3006/3/5201 3007/3/5201
f 3005/3/5201 3007/3/5201 3008/3/5201
f 2946/3/5201 3005/3/5201 3008/3/5201
f 2987/3/5201 2946/3/5201 3008/3/5201
f 2979/3/5201 2987/3/5201 3008/3/5201
f 2970/3/5202 2990/3/5202 2989/3/5202
f 2989/3/5202 2969/3/5202 2970/3/5202
f 2971/3/5203 3002/3/5203 2946/3/5203
f 2946/3/5203 2945/3/5203 2971/3/5203
f 2972/3/5204 2991/3/5204 2990/3/5204
f 2990/3/5204 2970/3/5204 2972/3/5204
f 2973/3/5205 3003/3/5205 3002/3/5205
f 3002/3/5205 2971/3/5205 2973/3/5205
f 2974/3/5206 2992/3/5206 2991/3/5206
f 2991/3/5206 2972/3/5206 2974/3/5206
f 2975/3/5207 2979/3/5207 3008/3/5207
f 3008/3/5207 2958/3/5207 2975/3/5207
f 2976/3/5208 3004/3/5209 3003/3/5208
f 3003/3/5208 2973/3/5210 2976/3/5208
f 2977/3/5211 2993/3/5211 2992/3/5211
f 2992/3/5211 2974/3/5211 2977/3/5211
f 2978/3/5212 2980/3/5212 2979/3/5212
f 2979/3/5212 2975/3/5212 2978/3/5212
f 2950/3/5213 3005/3/5213 3004/3/5213
f 3004/3/5213 2976/3/5213 2950/3/5213
f 2952/3/5214 2994/3/5214 2993/3/5214
f 2993/3/5214 2977/3/5214 2952/3/5214
f 2954/3/5215 2981/3/5215 2980/3/5215
f 2980/3/5215 2978/3/5215 2954/3/5215
f 2949/3/5216 3006/3/5216 3005/3/5216
f 3005/3/5216 2950/3/5216 2949/3/5216
f 2951/3/5217 2995/3/5218 2994/3/5217
f 2994/3/5217 2952/3/5218 2951/3/5217
f 2953/3/5219 2982/3/5219 2981/3/5219
f 2981/3/5219 2954/3/5219 2953/3/5219
f 2955/3/5220 3007/3/5220 3006/3/5220
f 3006/3/5220 2949/3/5220 2955/3/5220
f 2956/3/5221 2996/3/5221 2995/3/5221
f 2995/3/5221 2951/3/5221 2956/3/5221
f 2957/3/5222 2983/3/5223 2982/3/5222
f 2982/3/5222 2953/3/5224 2957/3/5222
f 2955/3/5225 2958/3/5226 3008/3/5225
f 3008/3/5225 3007/3/5225 2955/3/5225
f 2959/3/5227 2997/3/5227 2996/3/5227
f 2996/3/5227 2956/3/5227 2959/3/5227
f 2960/3/5228 2984/3/5228 2983/3/5228
f 2983/3/5228 2957/3/5228 2960/3/5228
f 2961/3/5229 2998/3/5229 2997/3/5229
f 2997/3/5229 2959/3/5229 2961/3/5229
f 2962/3/5230 2985/3/5230 2984/3/5230
f 2984/3/5230 2960/3/5230 2962/3/5230
f 2963/3/5231 2999/3/5231 2998/3/5231
f 2998/3/5231 2961/3/5231 2963/3/5231
f 2964/3/5232 2986/3/5232 2985/3/5232
f 2985/3/5232 2962/3/5232 2964/3/5232
f 2965/3/5233 3000/3/5233 2999/3/5233
f 2999/3/5233 2963/3/5233 2965/3/5233
f 2966/3/5234 2987/3/5234 2986/3/5234
f 2986/3/5234 2964/3/5234 2966/3/5234
f 2967/3/5235 3001/3/5235 3000/3/5235
f 3000/3/5235 2965/3/5235 2967/3/5235
f 2968/3/5236 2988/3/5236 2987/3/5236
f 2987/3/5236 2966/3/5236 2968/3/5236
f 2948/3/5237 2947/3/5238 3001/3/5237
f 3001/3/5237 2967/3/5238 2948/3/5237
f 2969/3/5239 2989/3/5239 2988/3/5239
f 2988/3/5239 2968/3/5239 2969/3/5239
o C_rculo_015_C_rculo_016
v -4.245671 -0.710609 -0.756861
v -4.172071 -0.710609 -0.749661
v -4.101271 -0.710609 -0.728161
v -4.035971 -0.710609 -0.693261
v -3.978771 -0.710609 -0.646361
v -3.931871 -0.710609 -0.589161
v -3.896971 -0.710609 -0.523961
v -3.875571 -0.710609 -0.453161
v -3.868271 -0.710609 -0.379561
v -3.875571 -0.710609 -0.305861
v -3.896971 -0.710609 -0.235061
v -3.931871 -0.710609 -0.169861
v -3.978771 -0.710609 -0.112661
v -4.035971 -0.710609 -0.065761
v -4.101271 -0.710609 -0.030861
v -4.172071 -0.710609 -0.009361
v -4.245671 -0.710609 -0.002161
v -4.319271 -0.710609 -0.009361
v -4.390071 -0.710609 -0.030861
v -4.455271 -0.710609 -0.065761
v -4.512471 -0.710609 -0.112661
v -4.559471 -0.710609 -0.169861
v -4.594271 -0.710609 -0.235061
v -4.615771 -0.710609 -0.305861
v -4.623071 -0.710609 -0.379561
v -4.615771 -0.710609 -0.453161
v -4.594271 -0.710609 -0.523961
v -4.559471 -0.710609 -0.589161
v -4.512471 -0.710609 -0.646361
v -4.319271 -0.710609 -0.749661
v -4.455271 -0.710609 -0.693261
v -4.390071 -0.710609 -0.728161
v -4.338671 -0.889809 -0.847261
v -4.428171 -0.889809 -0.820061
v -4.510571 -0.889809 -0.776061
v -4.582871 -0.889809 -0.716661
v -4.642171 -0.889809 -0.644461
v -4.686171 -0.889809 -0.561961
v -4.713371 -0.889809 -0.472561
v -4.722471 -0.889809 -0.379561
v -4.713371 -0.889809 -0.286461
v -4.686171 -0.889809 -0.197061
v -4.642171 -0.889809 -0.114561
v -4.582871 -0.889809 -0.042361
v -4.510571 -0.889809 0.016939
v -4.428171 -0.889809 0.061039
v -4.338671 -0.889809 0.088139
v -4.245671 -0.889809 0.097339
v -4.152671 -0.889809 0.088139
v -4.063171 -0.889809 0.061039
v -3.980771 -0.889809 0.016939
v -3.908471 -0.889809 -0.042361
v -3.849171 -0.889809 -0.114561
v -3.805071 -0.889809 -0.197061
v -3.777971 -0.889809 -0.286461
v -3.768771 -0.889809 -0.379561
v -3.777971 -0.889809 -0.472561
v -3.805071 -0.889809 -0.561961
v -3.849171 -0.889809 -0.644461
v -3.908471 -0.889809 -0.716661
v -3.980771 -0.889809 -0.776061
v -4.063171 -0.889809 -0.820061
v -4.152671 -0.889809 -0.847261
v -4.245671 -0.889809 -0.856361
vn -0.0000 -1.0000 -0.0000
vn -0.0000 1.0000 -0.0000
vn 0.8376 -0.4835 0.2541
vn 0.8376 -0.4836 0.2541
vn 0.8376 -0.4835 0.2542
vn 0.8376 -0.4835 0.2544
vn -0.6766 -0.4836 -0.5553
vn -0.6765 -0.4835 -0.5554
vn 0.8711 -0.4836 0.0855
vn 0.8711 -0.4836 0.0856
vn 0.8711 -0.4835 0.0858
vn 0.8711 -0.4836 0.0858
vn -0.7718 -0.4836 -0.4130
vn -0.7719 -0.4837 -0.4126
vn -0.7718 -0.4838 -0.4127
vn -0.7717 -0.4836 -0.4131
vn 0.8711 -0.4836 -0.0857
vn 0.8711 -0.4836 -0.0858
vn -0.8376 -0.4837 -0.2540
vn -0.8376 -0.4837 -0.2539
vn -0.8375 -0.4837 -0.2542
vn -0.8376 -0.4836 -0.2541
vn 0.8376 -0.4836 -0.2541
vn 0.8376 -0.4835 -0.2544
vn 0.8375 -0.4836 -0.2544
vn -0.8711 -0.4836 -0.0858
vn -0.8711 -0.4836 -0.0856
vn -0.8711 -0.4836 -0.0857
vn 0.7720 -0.4836 -0.4125
vn 0.7719 -0.4836 -0.4127
vn -0.8711 -0.4836 0.0859
vn -0.8710 -0.4837 0.0862
vn -0.8711 -0.4836 0.0858
vn 0.6766 -0.4836 -0.5553
vn 0.6764 -0.4836 -0.5555
vn -0.8376 -0.4836 0.2541
vn -0.8376 -0.4836 0.2542
vn 0.5550 -0.4836 -0.6768
vn 0.5551 -0.4836 -0.6768
vn 0.5553 -0.4836 -0.6766
vn -0.7718 -0.4835 0.4130
vn -0.7719 -0.4836 0.4126
vn -0.7719 -0.4835 0.4127
vn -0.7719 -0.4835 0.4128
vn 0.4126 -0.4836 -0.7719
vn 0.4127 -0.4836 -0.7719
vn 0.4126 -0.4836 -0.7720
vn 0.0857 -0.4836 0.8711
vn 0.0858 -0.4836 0.8711
vn 0.0860 -0.4836 0.8711
vn -0.6765 -0.4836 0.5554
vn -0.6767 -0.4837 0.5552
vn -0.6766 -0.4838 0.5552
vn -0.6764 -0.4836 0.5555
vn 0.2539 -0.4837 -0.8376
vn 0.2540 -0.4836 -0.8376
vn 0.2541 -0.4837 -0.8375
vn 0.2539 -0.4836 -0.8377
vn 0.2540 -0.4837 0.8376
vn 0.2543 -0.4837 0.8375
vn 0.2544 -0.4836 0.8375
vn 0.2541 -0.4836 0.8376
vn -0.5554 -0.4837 0.6764
vn -0.5556 -0.4836 0.6763
vn -0.5555 -0.4836 0.6764
vn -0.5551 -0.4833 0.6770
vn 0.0859 -0.4835 -0.8711
vn 0.0862 -0.4836 -0.8710
vn 0.0860 -0.4836 -0.8711
vn 0.0852 -0.4833 -0.8713
vn 0.4124 -0.4838 0.7719
vn 0.4126 -0.4836 0.7719
vn 0.4128 -0.4837 0.7718
vn -0.4125 -0.4837 0.7719
vn -0.4126 -0.4836 0.7719
vn -0.4126 -0.4837 0.7719
vn -0.0858 -0.4836 -0.8711
vn -0.0860 -0.4834 -0.8712
vn 0.5551 -0.4836 0.6767
vn 0.5550 -0.4836 0.6769
vn 0.5554 -0.4838 0.6763
vn 0.5555 -0.4839 0.6762
vn -0.2544 -0.4836 0.8375
vn -0.2545 -0.4837 0.8374
vn -0.2545 -0.4836 0.8375
vn -0.2543 -0.4836 0.8375
vn -0.2542 -0.4834 -0.8377
vn -0.2541 -0.4836 -0.8376
vn -0.2543 -0.4834 -0.8376
vn -0.2544 -0.4833 -0.8377
vn 0.6767 -0.4836 0.5551
vn 0.6767 -0.4836 0.5552
vn 0.6768 -0.4836 0.5551
vn -0.0858 -0.4836 0.8711
vn -0.0855 -0.4836 0.8711
vn -0.0857 -0.4836 0.8711
vn -0.4127 -0.4836 -0.7719
vn -0.4131 -0.4834 -0.7718
vn -0.4130 -0.4835 -0.7718
vn -0.4126 -0.4836 -0.7720
vn 0.7720 -0.4836 0.4125
vn 0.7719 -0.4836 0.4127
vn -0.5554 -0.4837 -0.6764
vn -0.5554 -0.4837 -0.6765
vn -0.5553 -0.4836 -0.6765
vt 0.000000 0.000000
s 1
g off
usemtl Goddard_None
f 3009/4/5240 3010/4/5240 3011/4/5240
f 3011/4/5240 3012/4/5240 3013/4/5240
f 3009/4/5240 3011/4/5240 3013/4/5240
f 3013/4/5240 3014/4/5240 3015/4/5240
f 3015/4/5240 3016/4/5240 3017/4/5240
f 3013/4/5240 3015/4/5240 3017/4/5240
f 3009/4/5240 3013/4/5240 3017/4/5240
f 3017/4/5240 3018/4/5240 3019/4/5240
f 3019/4/5240 3020/4/5240 3021/4/5240
f 3017/4/5240 3019/4/5240 3021/4/5240
f 3021/4/5240 3022/4/5240 3023/4/5240
f 3023/4/5240 3024/4/5240 3025/4/5240
f 3021/4/5240 3023/4/5240 3025/4/5240
f 3017/4/5240 3021/4/5240 3025/4/5240
f 3025/4/5240 3026/4/5240 3027/4/5240
f 3027/4/5240 3028/4/5240 3029/4/5240
f 3025/4/5240 3027/4/5240 3029/4/5240
f 3029/4/5240 3030/4/5240 3031/4/5240
f 3031/4/5240 3032/4/5240 3033/4/5240
f 3029/4/5240 3031/4/5240 3033/4/5240
f 3025/4/5240 3029/4/5240 3033/4/5240
f 3017/4/5240 3025/4/5240 3033/4/5240
f 3009/4/5240 3017/4/5240 3033/4/5240
f 3034/4/5240 3035/4/5240 3036/4/5240
f 3033/4/5240 3034/4/5240 3036/4/5240
f 3033/4/5240 3036/4/5240 3037/4/5240
f 3009/4/5240 3033/4/5240 3037/4/5240
f 3038/4/5240 3009/4/5240 3037/4/5240
f 3038/4/5240 3037/4/5240 3039/4/5240
f 3038/4/5240 3039/4/5240 3040/4/5240
f 3041/4/5241 3042/4/5241 3043/4/5241
f 3043/4/5241 3044/4/5241 3045/4/5241
f 3041/4/5241 3043/4/5241 3045/4/5241
f 3045/4/5241 3046/4/5241 3047/4/5241
f 3047/4/5241 3048/4/5241 3049/4/5241
f 3045/4/5241 3047/4/5241 3049/4/5241
f 3041/4/5241 3045/4/5241 3049/4/5241
f 3049/4/5241 3050/4/5241 3051/4/5241
f 3051/4/5241 3052/4/5241 3053/4/5241
f 3049/4/5241 3051/4/5241 3053/4/5241
f 3053/4/5241 3054/4/5241 3055/4/5241
f 3055/4/5241 3056/4/5241 3057/4/5241
f 3053/4/5241 3055/4/5241 3057/4/5241
f 3049/4/5241 3053/4/5241 3057/4/5241
f 3041/4/5241 3049/4/5241 3057/4/5241
f 3057/4/5241 3058/4/5241 3059/4/5241
f 3059/4/5241 3060/4/5241 3061/4/5241
f 3057/4/5241 3059/4/5241 3061/4/5241
f 3061/4/5241 3062/4/5241 3063/4/5241
f 3063/4/5241 3064/4/5241 3065/4/5241
f 3061/4/5241 3063/4/5241 3065/4/5241
f 3057/4/5241 3061/4/5241 3065/4/5241
f 3065/4/5241 3066/4/5241 3067/4/5241
f 3067/4/5241 3068/4/5241 3069/4/5241
f 3065/4/5241 3067/4/5241 3069/4/5241
f 3069/4/5241 3070/4/5241 3071/4/5241
f 3069/4/5241 3071/4/5241 3072/4/5241
f 3065/4/5241 3069/4/5241 3072/4/5241
f 3057/4/5241 3065/4/5241 3072/4/5241
f 3041/4/5241 3057/4/5241 3072/4/5241
f 3034/4/5242 3047/4/5243 3046/4/5244
f 3046/4/5244 3035/4/5245 3034/4/5242
f 3020/4/5246 3061/4/5246 3060/4/5247
f 3060/4/5247 3021/4/5246 3020/4/5246
f 3048/4/5248 3047/4/5249 3034/4/5250
f 3034/4/5250 3033/4/5251 3048/4/5248
f 3019/4/5252 3062/4/5253 3061/4/5254
f 3061/4/5254 3020/4/5255 3019/4/5252
f 3048/4/5256 3033/4/5257 3032/4/5257
f 3032/4/5257 3049/4/5257 3048/4/5256
f 3018/4/5258 3063/4/5259 3062/4/5260
f 3062/4/5260 3019/4/5261 3018/4/5258
f 3032/4/5262 3031/4/5263 3050/4/5264
f 3050/4/5264 3049/4/5262 3032/4/5262
f 3017/4/5265 3064/4/5266 3063/4/5267
f 3063/4/5267 3018/4/5265 3017/4/5265
f 3030/4/5268 3051/4/5269 3050/4/5268
f 3050/4/5268 3031/4/5268 3030/4/5268
f 3016/4/5270 3065/4/5271 3064/4/5271
f 3064/4/5271 3017/4/5272 3016/4/5270
f 3029/4/5273 3052/4/5274 3051/4/5273
f 3051/4/5273 3030/4/5273 3029/4/5273
f 3015/4/5275 3066/4/5276 3065/4/5275
f 3065/4/5275 3016/4/5276 3015/4/5275
f 3028/4/5277 3053/4/5278 3052/4/5278
f 3052/4/5278 3029/4/5279 3028/4/5277
f 3014/4/5280 3067/4/5281 3066/4/5282
f 3066/4/5282 3015/4/5283 3014/4/5280
f 3027/4/5284 3054/4/5284 3053/4/5285
f 3053/4/5285 3028/4/5286 3027/4/5284
f 3072/4/5287 3009/4/5288 3038/4/5287
f 3038/4/5287 3041/4/5289 3072/4/5287
f 3013/4/5290 3068/4/5291 3067/4/5292
f 3067/4/5292 3014/4/5293 3013/4/5290
f 3026/4/5294 3055/4/5295 3054/4/5296
f 3054/4/5296 3027/4/5297 3026/4/5294
f 3041/4/5298 3038/4/5299 3040/4/5300
f 3040/4/5300 3042/4/5301 3041/4/5298
f 3012/4/5302 3069/4/5303 3068/4/5304
f 3068/4/5304 3013/4/5305 3012/4/5302
f 3025/4/5306 3056/4/5307 3055/4/5308
f 3055/4/5308 3026/4/5309 3025/4/5306
f 3042/4/5310 3040/4/5311 3039/4/5312
f 3039/4/5312 3043/4/5311 3042/4/5310
f 3011/4/5313 3070/4/5314 3069/4/5315
f 3069/4/5315 3012/4/5313 3011/4/5313
f 3024/4/5316 3057/4/5316 3056/4/5317
f 3056/4/5317 3025/4/5316 3024/4/5316
f 3039/4/5318 3037/4/5319 3044/4/5320
f 3044/4/5320 3043/4/5321 3039/4/5318
f 3010/4/5322 3071/4/5323 3070/4/5324
f 3070/4/5324 3011/4/5325 3010/4/5322
f 3023/4/5326 3058/4/5327 3057/4/5328
f 3057/4/5328 3024/4/5329 3023/4/5326
f 3036/4/5330 3045/4/5331 3044/4/5331
f 3044/4/5331 3037/4/5332 3036/4/5330
f 3010/4/5333 3009/4/5334 3072/4/5335
f 3072/4/5335 3071/4/5333 3010/4/5333
f 3022/4/5336 3059/4/5337 3058/4/5338
f 3058/4/5338 3023/4/5339 3022/4/5336
f 3046/4/5340 3045/4/5341 3036/4/5341
f 3036/4/5341 3035/4/5340 3046/4/5340
f 3021/4/5342 3060/4/5343 3059/4/5344
f 3059/4/5344 3022/4/5343 3021/4/5342
o C_rculo_016_C_rculo_017
v -4.245071 -0.646009 -0.739361
v -4.175171 -0.646009 -0.732461
v -4.107971 -0.646009 -0.712061
v -4.046071 -0.646009 -0.678961
v -3.991771 -0.646009 -0.634461
v -3.947271 -0.646009 -0.580161
v -3.914171 -0.646009 -0.518261
v -3.893771 -0.646009 -0.451061
v -3.886871 -0.646009 -0.381161
v -3.893771 -0.646009 -0.311361
v -3.914171 -0.646009 -0.244161
v -3.947271 -0.646009 -0.182161
v -3.991771 -0.646009 -0.127961
v -4.046071 -0.646009 -0.083361
v -4.107971 -0.646009 -0.050261
v -4.175171 -0.646009 -0.029861
v -4.245071 -0.646009 -0.023061
v -4.314971 -0.646009 -0.029861
v -4.382071 -0.646009 -0.050261
v -4.444071 -0.646009 -0.083361
v -4.498271 -0.646009 -0.127961
v -4.542871 -0.646009 -0.182161
v -4.575971 -0.646009 -0.244161
v -4.596371 -0.646009 -0.311361
v -4.603171 -0.646009 -0.381161
v -4.596371 -0.646009 -0.451061
v -4.575971 -0.646009 -0.518261
v -4.542871 -0.646009 -0.580161
v -4.498271 -0.646009 -0.634461
v -4.314971 -0.646009 -0.732461
v -4.444071 -0.646009 -0.678961
v -4.382071 -0.646009 -0.712061
v -4.512771 -0.676909 -0.648961
v -4.512771 -0.711709 -0.648961
v -4.455371 -0.711709 -0.696061
v -4.455371 -0.676909 -0.696061
v -4.623671 -0.676909 -0.381161
v -4.616471 -0.676909 -0.307361
v -3.873671 -0.676909 -0.307361
v -3.895171 -0.676909 -0.236261
v -4.594871 -0.676909 -0.236261
v -3.866371 -0.676909 -0.381161
v -4.559871 -0.676909 -0.170861
v -3.873671 -0.676909 -0.455061
v -4.512771 -0.676909 -0.113461
v -3.895171 -0.676909 -0.526061
v -4.455371 -0.676909 -0.066361
v -3.930171 -0.676909 -0.591561
v -4.389971 -0.676909 -0.031361
v -4.245071 -0.676909 -0.759861
v -4.318971 -0.676909 -0.752561
v -3.977271 -0.676909 -0.648961
v -4.318971 -0.676909 -0.009861
v -4.389971 -0.676909 -0.731061
v -4.034671 -0.676909 -0.696061
v -4.245071 -0.676909 -0.002561
v -4.100171 -0.676909 -0.731061
v -4.171171 -0.676909 -0.009861
v -4.171171 -0.676909 -0.752561
v -4.100171 -0.676909 -0.031361
v -4.559871 -0.676909 -0.591561
v -4.034671 -0.676909 -0.066361
v -4.594871 -0.676909 -0.526061
v -3.977271 -0.676909 -0.113461
v -4.616471 -0.676909 -0.455061
v -3.930171 -0.676909 -0.170861
v -4.318971 -0.711709 -0.752561
v -4.389971 -0.711709 -0.731061
v -4.559871 -0.711709 -0.591561
v -4.594871 -0.711709 -0.526061
v -4.616471 -0.711709 -0.455061
v -4.623671 -0.711709 -0.381161
v -4.616471 -0.711709 -0.307361
v -4.594871 -0.711709 -0.236261
v -4.559871 -0.711709 -0.170861
v -4.512771 -0.711709 -0.113461
v -4.455371 -0.711709 -0.066361
v -4.389971 -0.711709 -0.031361
v -4.318971 -0.711709 -0.009861
v -4.245071 -0.711709 -0.002561
v -4.171171 -0.711709 -0.009861
v -4.100171 -0.711709 -0.031361
v -4.034671 -0.711709 -0.066361
v -3.977271 -0.711709 -0.113461
v -3.930171 -0.711709 -0.170861
v -3.895171 -0.711709 -0.236261
v -3.873671 -0.711709 -0.307361
v -3.866371 -0.711709 -0.381161
v -3.873671 -0.711709 -0.455061
v -3.895171 -0.711709 -0.526061
v -3.930171 -0.711709 -0.591561
v -3.977271 -0.711709 -0.648961
v -4.034671 -0.711709 -0.696061
v -4.100171 -0.711709 -0.731061
v -4.171171 -0.711709 -0.752561
v -4.245071 -0.711709 -0.759861
vn -0.0000 -1.0000 -0.0000
vn 0.6343 -0.0000 0.7731
vn 0.8308 -0.5505 -0.0817
vn 0.8308 -0.5506 -0.0817
vn 0.8308 -0.5506 -0.0816
vn 0.8308 -0.5506 -0.0815
vn -0.7989 -0.5505 -0.2423
vn 0.7989 -0.5505 -0.2423
vn 0.7989 -0.5505 -0.2422
vn 0.7987 -0.5507 -0.2425
vn -0.8308 -0.5505 -0.0817
vn -0.8308 -0.5506 -0.0818
vn -0.8309 -0.5505 -0.0817
vn 0.7363 -0.5504 -0.3936
vn 0.7364 -0.5504 -0.3934
vn 0.7362 -0.5506 -0.3935
vn -0.8307 -0.5507 0.0819
vn -0.8305 -0.5509 0.0820
vn -0.8308 -0.5506 0.0819
vn -0.8308 -0.5505 0.0818
vn 0.6451 -0.5505 -0.5298
vn 0.6452 -0.5508 -0.5295
vn 0.6453 -0.5505 -0.5297
vn -0.7989 -0.5505 0.2423
vn -0.7989 -0.5504 0.2423
vn 0.5296 -0.5506 -0.6452
vn 0.5296 -0.5505 -0.6453
vn 0.5296 -0.5506 -0.6453
vn 0.5297 -0.5506 -0.6452
vn -0.7362 -0.5506 0.3935
vn -0.7361 -0.5507 0.3935
vn -0.7362 -0.5507 0.3935
vn 0.3937 -0.5504 -0.7362
vn 0.3935 -0.5506 -0.7362
vn 0.3936 -0.5506 -0.7362
vn 0.3935 -0.5505 -0.7362
vn 0.0820 -0.5509 0.8305
vn 0.0820 -0.5510 0.8305
vn 0.0819 -0.5507 0.8307
vn 0.0818 -0.5505 0.8308
vn -0.6453 -0.5506 0.5296
vn -0.6452 -0.5508 0.5295
vn -0.6453 -0.5505 0.5296
vn 0.2423 -0.5505 -0.7989
vn 0.2424 -0.5505 -0.7989
vn 0.2428 -0.5506 -0.7987
vn 0.2423 -0.5504 0.7989
vn 0.2423 -0.5505 0.7989
vn -0.5296 -0.5505 0.6453
vn -0.5295 -0.5507 0.6453
vn 0.0817 -0.5504 -0.8309
vn 0.0820 -0.5510 -0.8305
vn 0.0818 -0.5505 -0.8308
vn 0.3935 -0.5505 0.7362
vn 0.3935 -0.5506 0.7362
vn 0.3935 -0.5504 0.7363
vn -0.3935 -0.5507 0.7362
vn -0.3935 -0.5506 0.7362
vn -0.0818 -0.5504 -0.8309
vn -0.0818 -0.5505 -0.8308
vn -0.0815 -0.5505 -0.8309
vn 0.5295 -0.5508 0.6452
vn 0.5296 -0.5506 0.6453
vn 0.5295 -0.5507 0.6452
vn 0.5295 -0.5507 0.6453
vn -0.2422 -0.5505 0.7989
vn -0.2421 -0.5507 0.7988
vn -0.2423 -0.5505 0.7989
vn -0.2423 -0.5505 -0.7989
vn 0.6452 -0.5506 0.5296
vn 0.6454 -0.5505 0.5296
vn 0.6453 -0.5505 0.5296
vn -0.0818 -0.5506 0.8308
vn -0.0818 -0.5505 0.8308
vn -0.3936 -0.5502 -0.7364
vn -0.3935 -0.5503 -0.7364
vn -0.3935 -0.5504 -0.7363
vn -0.3936 -0.5505 -0.7363
vn 0.7365 -0.5500 0.3937
vn 0.7364 -0.5503 0.3935
vn 0.7364 -0.5502 0.3936
vn 0.7363 -0.5505 0.3936
vn -0.5299 -0.5503 -0.6453
vn -0.5296 -0.5505 -0.6453
vn -0.5298 -0.5503 -0.6454
vn -0.5299 -0.5504 -0.6452
vn 0.7989 -0.5505 0.2424
vn 0.7989 -0.5505 0.2423
vn 0.7991 -0.5500 0.2426
vn -0.6454 -0.5503 -0.5297
vn -0.6455 -0.5503 -0.5297
vn -0.6455 -0.5503 -0.5296
vn 0.8308 -0.5505 0.0817
vn 0.8308 -0.5505 0.0816
vn 0.8308 -0.5506 0.0816
vn -0.7362 -0.5507 -0.3934
vn -0.7362 -0.5506 -0.3935
vn -0.7362 -0.5508 -0.3933
vn -0.0000 1.0000 -0.0000
vn -0.2898 -0.0000 0.9571
vn -0.2898 -0.0000 -0.9571
vn 0.7731 -0.0000 0.6343
vn -0.0983 -0.0000 0.9952
vn -0.4713 -0.0000 -0.8820
vn 0.8820 -0.0000 0.4713
vn -0.6343 -0.0000 -0.7731
vn 0.9569 -0.0000 0.2905
vn 0.9569 -0.0000 0.2903
vn -0.7731 -0.0000 -0.6343
vn 0.9952 -0.0000 0.0979
vn 0.9952 -0.0000 0.0980
vn -0.8817 -0.0000 -0.4718
vn 0.9952 -0.0000 -0.0979
vn 0.9952 -0.0000 -0.0980
vn 0.9952 -0.0000 -0.0978
vn -0.9569 -0.0000 -0.2903
vn 0.9569 -0.0000 -0.2904
vn 0.9568 -0.0000 -0.2907
vn -0.9952 -0.0000 -0.0981
vn -0.9952 -0.0000 -0.0980
vn 0.8817 -0.0000 -0.4718
vn -0.9952 -0.0000 0.0980
vn 0.7731 -0.0000 -0.6343
vn -0.9571 -0.0000 0.2898
vn -0.9569 -0.0000 0.2903
vn -0.9570 -0.0000 0.2901
vn 0.6343 -0.0000 -0.7731
vn -0.8820 -0.0000 0.4713
vn 0.4716 -0.0000 -0.8818
vn 0.4718 -0.0000 -0.8817
vn 0.4713 -0.0000 -0.8820
vn 0.0983 -0.0000 0.9952
vn -0.7731 -0.0000 0.6343
vn 0.2903 -0.0000 -0.9569
vn 0.2901 -0.0000 0.9570
vn 0.2903 -0.0000 0.9569
vn -0.6343 -0.0000 0.7731
vn 0.0983 -0.0000 -0.9952
vn 0.4716 -0.0000 0.8818
vn 0.4718 -0.0000 0.8817
vn 0.4713 -0.0000 0.8820
vn -0.4713 -0.0000 0.8820
vn -0.0983 -0.0000 -0.9952
vt 0.000000 0.000000
s 1
g off
usemtl Goddard_None
f 3073/5/5345 3074/5/5345 3075/5/5345
f 3075/5/5345 3076/5/5345 3077/5/5345
f 3073/5/5345 3075/5/5345 3077/5/5345
f 3077/5/5345 3078/5/5345 3079/5/5345
f 3079/5/5345 3080/5/5345 3081/5/5345
f 3077/5/5345 3079/5/5345 3081/5/5345
f 3073/5/5345 3077/5/5345 3081/5/5345
f 3081/5/5345 3082/5/5345 3083/5/5345
f 3083/5/5345 3084/5/5345 3085/5/5345
f 3081/5/5345 3083/5/5345 3085/5/5345
f 3085/5/5345 3086/5/5345 3087/5/5345
f 3087/5/5345 3088/5/5345 3089/5/5345
f 3085/5/5345 3087/5/5345 3089/5/5345
f 3081/5/5345 3085/5/5345 3089/5/5345
f 3089/5/5345 3090/5/5345 3091/5/5345
f 3091/5/5345 3092/5/5345 3093/5/5345
f 3089/5/5345 3091/5/5345 3093/5/5345
f 3093/5/5345 3094/5/5345 3095/5/5345
f 3095/5/5345 3096/5/5345 3097/5/5345
f 3093/5/5345 3095/5/5345 3097/5/5345
f 3089/5/5345 3093/5/5345 3097/5/5345
f 3081/5/5345 3089/5/5345 3097/5/5345
f 3073/5/5345 3081/5/5345 3097/5/5345
f 3098/5/5345 3099/5/5345 3100/5/5345
f 3097/5/5345 3098/5/5345 3100/5/5345
f 3097/5/5345 3100/5/5345 3101/5/5345
f 3073/5/5345 3097/5/5345 3101/5/5345
f 3102/5/5345 3073/5/5345 3101/5/5345
f 3102/5/5345 3101/5/5345 3103/5/5345
f 3102/5/5345 3103/5/5345 3104/5/5345
f 3105/5/5346 3106/5/5346 3107/5/5346
f 3107/5/5346 3108/5/5346 3105/5/5346
f 3109/5/5347 3097/5/5348 3096/5/5349
f 3096/5/5349 3110/5/5350 3109/5/5347
f 3082/5/5351 3111/5/5351 3112/5/5351
f 3112/5/5351 3083/5/5351 3082/5/5351
f 3096/5/5352 3095/5/5353 3113/5/5354
f 3113/5/5354 3110/5/5352 3096/5/5352
f 3081/5/5355 3114/5/5356 3111/5/5355
f 3111/5/5355 3082/5/5357 3081/5/5355
f 3094/5/5358 3115/5/5358 3113/5/5359
f 3113/5/5359 3095/5/5360 3094/5/5358
f 3080/5/5361 3116/5/5362 3114/5/5363
f 3114/5/5363 3081/5/5364 3080/5/5361
f 3093/5/5365 3117/5/5366 3115/5/5367
f 3115/5/5367 3094/5/5367 3093/5/5365
f 3079/5/5368 3118/5/5368 3116/5/5369
f 3116/5/5369 3080/5/5368 3079/5/5368
f 3092/5/5370 3119/5/5371 3117/5/5372
f 3117/5/5372 3093/5/5373 3092/5/5370
f 3078/5/5374 3120/5/5374 3118/5/5375
f 3118/5/5375 3079/5/5376 3078/5/5374
f 3091/5/5377 3121/5/5378 3119/5/5379
f 3119/5/5379 3092/5/5380 3091/5/5377
f 3122/5/5381 3073/5/5382 3102/5/5383
f 3102/5/5383 3123/5/5384 3122/5/5381
f 3077/5/5385 3124/5/5386 3120/5/5387
f 3120/5/5387 3078/5/5387 3077/5/5385
f 3090/5/5388 3125/5/5388 3121/5/5389
f 3121/5/5389 3091/5/5390 3090/5/5388
f 3123/5/5391 3102/5/5392 3104/5/5392
f 3104/5/5392 3126/5/5392 3123/5/5391
f 3076/5/5393 3127/5/5393 3124/5/5393
f 3124/5/5393 3077/5/5394 3076/5/5393
f 3089/5/5395 3128/5/5396 3125/5/5397
f 3125/5/5397 3090/5/5397 3089/5/5395
f 3126/5/5398 3104/5/5399 3103/5/5399
f 3103/5/5399 3108/5/5400 3126/5/5398
f 3075/5/5401 3129/5/5402 3127/5/5402
f 3127/5/5402 3076/5/5401 3075/5/5401
f 3088/5/5403 3130/5/5404 3128/5/5405
f 3128/5/5405 3089/5/5404 3088/5/5403
f 3103/5/5406 3101/5/5407 3105/5/5408
f 3105/5/5408 3108/5/5409 3103/5/5406
f 3074/5/5410 3131/5/5411 3129/5/5412
f 3129/5/5412 3075/5/5412 3074/5/5410
f 3087/5/5413 3132/5/5413 3130/5/5413
f 3130/5/5413 3088/5/5413 3087/5/5413
f 3100/5/5414 3133/5/5415 3105/5/5416
f 3105/5/5416 3101/5/5414 3100/5/5414
f 3074/5/5417 3073/5/5418 3122/5/5417
f 3122/5/5417 3131/5/5418 3074/5/5417
f 3086/5/5419 3134/5/5420 3132/5/5421
f 3132/5/5421 3087/5/5422 3086/5/5419
f 3135/5/5423 3133/5/5424 3100/5/5425
f 3100/5/5425 3099/5/5426 3135/5/5423
f 3085/5/5427 3136/5/5428 3134/5/5429
f 3134/5/5429 3086/5/5430 3085/5/5427
f 3098/5/5431 3137/5/5432 3135/5/5432
f 3135/5/5432 3099/5/5433 3098/5/5431
f 3084/5/5434 3138/5/5434 3136/5/5435
f 3136/5/5435 3085/5/5436 3084/5/5434
f 3109/5/5437 3137/5/5438 3098/5/5437
f 3098/5/5437 3097/5/5439 3109/5/5437
f 3083/5/5440 3112/5/5441 3138/5/5441
f 3138/5/5441 3084/5/5442 3083/5/5440
f 3139/5/5443 3140/5/5443 3107/5/5443
f 3107/5/5443 3106/5/5443 3141/5/5443
f 3139/5/5443 3107/5/5443 3141/5/5443
f 3141/5/5443 3142/5/5443 3143/5/5443
f 3141/5/5443 3143/5/5443 3144/5/5443
f 3139/5/5443 3141/5/5443 3144/5/5443
f 3139/5/5443 3144/5/5443 3145/5/5443
f 3145/5/5443 3146/5/5443 3147/5/5443
f 3147/5/5443 3148/5/5443 3149/5/5443
f 3145/5/5443 3147/5/5443 3149/5/5443
f 3149/5/5443 3150/5/5443 3151/5/5443
f 3151/5/5443 3152/5/5443 3153/5/5443
f 3149/5/5443 3151/5/5443 3153/5/5443
f 3145/5/5443 3149/5/5443 3153/5/5443
f 3153/5/5443 3154/5/5443 3155/5/5443
f 3155/5/5443 3156/5/5443 3157/5/5443
f 3153/5/5443 3155/5/5443 3157/5/5443
f 3157/5/5443 3158/5/5443 3159/5/5443
f 3159/5/5443 3160/5/5443 3161/5/5443
f 3157/5/5443 3159/5/5443 3161/5/5443
f 3153/5/5443 3157/5/5443 3161/5/5443
f 3145/5/5443 3153/5/5443 3161/5/5443
f 3161/5/5443 3162/5/5443 3163/5/5443
f 3163/5/5443 3164/5/5443 3165/5/5443
f 3161/5/5443 3163/5/5443 3165/5/5443
f 3165/5/5443 3166/5/5443 3167/5/5443
f 3165/5/5443 3167/5/5443 3168/5/5443
f 3161/5/5443 3165/5/5443 3168/5/5443
f 3145/5/5443 3161/5/5443 3168/5/5443
f 3139/5/5443 3145/5/5443 3168/5/5443
f 3131/5/5444 3167/5/5444 3166/5/5444
f 3166/5/5444 3129/5/5444 3131/5/5444
f 3132/5/5445 3154/5/5445 3153/5/5445
f 3153/5/5445 3130/5/5445 3132/5/5445
f 3133/5/5446 3141/5/5446 3106/5/5446
f 3106/5/5446 3105/5/5446 3133/5/5446
f 3131/5/5447 3122/5/5447 3168/5/5447
f 3168/5/5447 3167/5/5447 3131/5/5447
f 3134/5/5448 3155/5/5448 3154/5/5448
f 3154/5/5448 3132/5/5448 3134/5/5448
f 3135/5/5449 3142/5/5449 3141/5/5449
f 3141/5/5449 3133/5/5449 3135/5/5449
f 3136/5/5450 3156/5/5450 3155/5/5450
f 3155/5/5450 3134/5/5450 3136/5/5450
f 3137/5/5451 3143/5/5452 3142/5/5451
f 3142/5/5451 3135/5/5451 3137/5/5451
f 3138/5/5453 3157/5/5453 3156/5/5453
f 3156/5/5453 3136/5/5453 3138/5/5453
f 3109/5/5454 3144/5/5454 3143/5/5454
f 3143/5/5454 3137/5/5455 3109/5/5454
f 3112/5/5456 3158/5/5456 3157/5/5456
f 3157/5/5456 3138/5/5456 3112/5/5456
f 3110/5/5457 3145/5/5457 3144/5/5458
f 3144/5/5458 3109/5/5459 3110/5/5457
f 3111/5/5460 3159/5/5460 3158/5/5460
f 3158/5/5460 3112/5/5460 3111/5/5460
f 3113/5/5461 3146/5/5462 3145/5/5461
f 3145/5/5461 3110/5/5462 3113/5/5461
f 3114/5/5463 3160/5/5464 3159/5/5463
f 3159/5/5463 3111/5/5464 3114/5/5463
f 3115/5/5465 3147/5/5465 3146/5/5465
f 3146/5/5465 3113/5/5465 3115/5/5465
f 3116/5/5466 3161/5/5466 3160/5/5466
f 3160/5/5466 3114/5/5466 3116/5/5466
f 3117/5/5467 3148/5/5467 3147/5/5467
f 3147/5/5467 3115/5/5467 3117/5/5467
f 3118/5/5468 3162/5/5469 3161/5/5470
f 3161/5/5470 3116/5/5468 3118/5/5468
f 3119/5/5471 3149/5/5471 3148/5/5471
f 3148/5/5471 3117/5/5471 3119/5/5471
f 3120/5/5472 3163/5/5472 3162/5/5472
f 3162/5/5472 3118/5/5472 3120/5/5472
f 3121/5/5473 3150/5/5474 3149/5/5474
f 3149/5/5474 3119/5/5475 3121/5/5473
f 3123/5/5476 3139/5/5476 3168/5/5476
f 3168/5/5476 3122/5/5476 3123/5/5476
f 3124/5/5477 3164/5/5477 3163/5/5477
f 3163/5/5477 3120/5/5477 3124/5/5477
f 3125/5/5478 3151/5/5478 3150/5/5478
f 3150/5/5478 3121/5/5478 3125/5/5478
f 3126/5/5479 3140/5/5480 3139/5/5479
f 3139/5/5479 3123/5/5480 3126/5/5479
f 3127/5/5481 3165/5/5481 3164/5/5481
f 3164/5/5481 3124/5/5481 3127/5/5481
f 3128/5/5482 3152/5/5482 3151/5/5482
f 3151/5/5482 3125/5/5482 3128/5/5482
f 3108/5/5483 3107/5/5484 3140/5/5484
f 3140/5/5484 3126/5/5485 3108/5/5483
f 3129/5/5486 3166/5/5486 3165/5/5486
f 3165/5/5486 3127/5/5486 3129/5/5486
f 3130/5/5487 3153/5/5487 3152/5/5487
f 3152/5/5487 3128/5/5487 3130/5/5487
