# Blender 5.1.0
# www.blender.org
mtllib goddard_patadelanteraderecha.mtl
o C_rculo_001
v -4.532446 2.377581 -5.178894
v -4.529846 2.376181 -5.166594
v -4.511146 2.384181 -5.169094
v -4.513146 2.385881 -5.181494
v -4.492346 2.392181 -5.170594
v -4.493746 2.394081 -5.182994
v -4.513346 2.383181 -5.193794
v -4.533246 2.374681 -5.191194
v -4.493446 2.391681 -5.195394
v -4.548446 2.368181 -5.163094
v -4.543846 2.362481 -5.152994
v -4.525746 2.370281 -5.156394
v -4.507446 2.378081 -5.158794
v -4.489046 2.385881 -5.160294
v -4.470646 2.393681 -5.160794
v -4.473446 2.400181 -5.171094
v -4.474346 2.402381 -5.183494
v -4.473446 2.400181 -5.195993
v -4.491146 2.384981 -5.205694
v -4.470646 2.393681 -5.206294
v -4.511546 2.376281 -5.204094
v -4.531846 2.367581 -5.201394
v -4.552046 2.358981 -5.197594
v -4.552946 2.366281 -5.187494
v -4.551646 2.369481 -5.175294
v -4.505346 2.314081 -5.178894
v -4.486046 2.322281 -5.181494
v -4.485846 2.324881 -5.169094
v -4.504646 2.316881 -5.166594
v -4.507946 2.315481 -5.191194
v -4.488146 2.323981 -5.193794
v -4.466646 2.330581 -5.182994
v -4.467046 2.332981 -5.170594
v -4.468146 2.332481 -5.195394
v -4.523246 2.308981 -5.163094
v -4.506046 2.323981 -5.156394
v -4.524146 2.316281 -5.152994
v -4.524546 2.305881 -5.175294
v -4.527646 2.307081 -5.187494
v -4.532346 2.312781 -5.197594
v -4.512146 2.321381 -5.201394
v -4.491846 2.330081 -5.204094
v -4.471446 2.338781 -5.205694
v -4.448146 2.340981 -5.195993
v -4.450946 2.347481 -5.206294
v -4.447246 2.338781 -5.183494
v -4.448146 2.340981 -5.171094
v -4.469346 2.339681 -5.160294
v -4.450946 2.347481 -5.160794
v -4.487746 2.331781 -5.158794
v -4.580746 2.281881 -5.158394
v -4.562246 2.289781 -5.164994
v -4.559846 2.293381 -5.153094
v -4.577746 2.285681 -5.146694
v -4.585546 2.282481 -5.170094
v -4.566546 2.290581 -5.176894
v -4.543546 2.297781 -5.170594
v -4.541646 2.301081 -5.158594
v -4.547246 2.298781 -5.182693
v -4.577346 2.293581 -5.136994
v -4.594546 2.286281 -5.129794
v -4.595446 2.278181 -5.139294
v -4.598846 2.274181 -5.150794
v -4.604146 2.274481 -5.162194
v -4.610546 2.279481 -5.171794
v -4.591446 2.287581 -5.179794
v -4.572046 2.295881 -5.186794
v -4.552246 2.304281 -5.192694
v -4.542146 2.308581 -5.148594
v -4.559846 2.301081 -5.143194
v -4.650946 2.251981 -5.122294
v -4.634046 2.259181 -5.132694
v -4.629546 2.263681 -5.121694
v -4.645946 2.256681 -5.111594
v -4.657746 2.251681 -5.132894
v -4.640346 2.259081 -5.143694
v -4.616646 2.266581 -5.142194
v -4.612646 2.270881 -5.130994
v -4.622446 2.266681 -5.153394
v -4.643846 2.265181 -5.102794
v -4.659446 2.258581 -5.092094
v -4.661946 2.249881 -5.100594
v -4.667346 2.244981 -5.110994
v -4.674646 2.244381 -5.121294
v -4.682646 2.248681 -5.129894
v -4.665346 2.256081 -5.141794
v -4.647546 2.263681 -5.152694
v -4.629246 2.271481 -5.162694
v -4.611346 2.279081 -5.121594
v -4.627846 2.272081 -5.112594
v -4.713346 2.225381 -5.071994
v -4.698546 2.231681 -5.085793
v -4.692246 2.236881 -5.076194
v -4.706546 2.230781 -5.062794
v -4.721946 2.224281 -5.081194
v -4.706746 2.230681 -5.095394
v -4.683246 2.238181 -5.098794
v -4.677346 2.243281 -5.088794
v -4.690946 2.237481 -5.108794
v -4.702946 2.240081 -5.055094
v -4.716346 2.234381 -5.041294
v -4.720246 2.224981 -5.048594
v -4.727446 2.219381 -5.057394
v -4.736446 2.218081 -5.066194
v -4.731046 2.228081 -5.088794
v -4.745846 2.221781 -5.073494
v -4.715546 2.234681 -5.103394
v -4.699446 2.241581 -5.116994
v -4.674446 2.252181 -5.080494
v -4.689046 2.245981 -5.068194
v -4.765446 2.203181 -5.009394
v -4.753546 2.208281 -5.026093
v -4.745546 2.214181 -5.018194
v -4.757246 2.209181 -5.001994
v -4.775546 2.201381 -5.016794
v -4.763246 2.206681 -5.033994
v -4.740846 2.213681 -5.042094
v -4.733246 2.219481 -5.033694
v -4.750246 2.212181 -5.050394
v -4.752346 2.218981 -4.995893
v -4.762946 2.214481 -4.979494
v -4.768046 2.204581 -4.985194
v -4.776646 2.198381 -4.992094
v -4.787146 2.196481 -4.998994
v -4.797746 2.199581 -5.004794
v -4.785946 2.204681 -5.022994
v -4.773346 2.209981 -5.040494
v -4.760046 2.215681 -5.057394
v -4.729046 2.228881 -5.026793
v -4.741046 2.223781 -5.011694
v -4.805446 2.186081 -4.936994
v -4.796646 2.189881 -4.955894
v -4.787446 2.196281 -4.949994
v -4.795946 2.192681 -4.931694
v -4.816646 2.183881 -4.942294
v -4.807646 2.187681 -4.961694
v -4.787046 2.193881 -4.974294
v -4.778146 2.200281 -4.967894
v -4.797846 2.191881 -4.980694
v -4.790146 2.202881 -4.927294
v -4.797646 2.199681 -4.908994
v -4.803646 2.189381 -4.912893
v -4.813246 2.182781 -4.917694
v -4.824746 2.180381 -4.922394
v -4.836346 2.183181 -4.926394
v -4.828046 2.186681 -4.946693
v -4.818846 2.190681 -4.966594
v -4.808746 2.194981 -4.985993
v -4.772846 2.210281 -4.962594
v -4.781946 2.206381 -4.945194
v -4.831546 2.174981 -4.857493
v -4.826346 2.177181 -4.877893
v -4.816346 2.183981 -4.874293
v -4.821446 2.181881 -4.854494
v -4.843546 2.172381 -4.860494
v -4.838246 2.174681 -4.881494
v -4.820246 2.179781 -4.897894
v -4.810446 2.186481 -4.893794
v -4.831946 2.177381 -4.902094
v -4.814946 2.192281 -4.851994
v -4.819046 2.190581 -4.832394
v -4.825546 2.180081 -4.834394
v -4.835846 2.173181 -4.836894
v -4.847946 2.170481 -4.839293
v -4.860046 2.173081 -4.841293
v -4.855546 2.174981 -4.862994
v -4.850046 2.177281 -4.884494
v -4.843646 2.180081 -4.905594
v -4.804246 2.196881 -4.890294
v -4.810046 2.194381 -4.871294
v -4.842946 2.170081 -4.773993
v -4.841546 2.170681 -4.795094
v -4.831046 2.177681 -4.793794
v -4.832446 2.177181 -4.773394
v -4.855346 2.167381 -4.774593
v -4.853846 2.167981 -4.796294
v -4.839146 2.171681 -4.815993
v -4.828746 2.178681 -4.814194
v -4.851346 2.169081 -4.817894
v -4.825746 2.187681 -4.772894
v -4.826246 2.187481 -4.752793
v -4.832946 2.176981 -4.752793
v -4.843446 2.169881 -4.752793
v -4.855846 2.167181 -4.752793
v -4.867546 2.169881 -4.775094
v -4.868046 2.169681 -4.752793
v -4.866046 2.170481 -4.797294
v -4.863546 2.171581 -4.819394
v -4.822146 2.189181 -4.812694
v -4.824446 2.188281 -4.792794
v -4.839146 2.171681 -4.689593
v -4.841546 2.170681 -4.710594
v -4.831046 2.177681 -4.711794
v -4.828746 2.178681 -4.691494
v -4.851346 2.169081 -4.687794
v -4.853846 2.167981 -4.709394
v -4.842946 2.170081 -4.731694
v -4.832446 2.177181 -4.732294
v -4.855346 2.167381 -4.731093
v -4.822146 2.189181 -4.692994
v -4.819046 2.190581 -4.673193
v -4.825546 2.180081 -4.671194
v -4.835846 2.173181 -4.668794
v -4.847946 2.170481 -4.666394
v -4.863546 2.171581 -4.686294
v -4.860046 2.173081 -4.664393
v -4.866046 2.170481 -4.708394
v -4.867546 2.169881 -4.730594
v -4.825746 2.187681 -4.732794
v -4.824446 2.188281 -4.712893
v -4.820246 2.179781 -4.607694
v -4.826346 2.177181 -4.627793
v -4.816346 2.183981 -4.631393
v -4.810446 2.186481 -4.611894
v -4.831946 2.177381 -4.603494
v -4.838246 2.174681 -4.624194
v -4.831546 2.174981 -4.648193
v -4.821446 2.181881 -4.651194
v -4.843546 2.172381 -4.645194
v -4.804246 2.196881 -4.615394
v -4.797646 2.199681 -4.596694
v -4.803646 2.189381 -4.592793
v -4.813246 2.182781 -4.587994
v -4.824746 2.180381 -4.583294
v -4.843646 2.180081 -4.600094
v -4.836346 2.183181 -4.579294
v -4.850046 2.177281 -4.621194
v -4.855546 2.174981 -4.642694
v -4.814946 2.192281 -4.653694
v -4.810046 2.194381 -4.634394
v -4.787046 2.193881 -4.531394
v -4.796646 2.189881 -4.549794
v -4.787446 2.196281 -4.555694
v -4.778146 2.200281 -4.537794
v -4.797846 2.191881 -4.524994
v -4.807646 2.187681 -4.543894
v -4.805446 2.186081 -4.568694
v -4.795946 2.192681 -4.573994
v -4.816646 2.183881 -4.563394
v -4.772846 2.210281 -4.543094
v -4.762946 2.214481 -4.526194
v -4.768046 2.204581 -4.520494
v -4.776646 2.198381 -4.513494
v -4.787146 2.196481 -4.506594
v -4.808746 2.194981 -4.519693
v -4.797746 2.199581 -4.500894
v -4.818846 2.190681 -4.539093
v -4.828046 2.186681 -4.558993
v -4.790146 2.202881 -4.578394
v -4.781946 2.206381 -4.560493
v -4.740846 2.213681 -4.463593
v -4.753546 2.208281 -4.479594
v -4.745546 2.214181 -4.487494
v -4.733246 2.219481 -4.471894
v -4.750246 2.212181 -4.455194
v -4.763246 2.206681 -4.471694
v -4.765446 2.203181 -4.496294
v -4.757246 2.209181 -4.503694
v -4.775546 2.201381 -4.488894
v -4.729046 2.228881 -4.478894
v -4.716346 2.234381 -4.464394
v -4.720246 2.224981 -4.457094
v -4.727446 2.219381 -4.448294
v -4.736446 2.218081 -4.439494
v -4.760046 2.215681 -4.448294
v -4.745846 2.221781 -4.432194
v -4.773346 2.209981 -4.465194
v -4.785946 2.204681 -4.482694
v -4.752346 2.218981 -4.509794
v -4.741046 2.223781 -4.493994
v -4.683246 2.238181 -4.406894
v -4.698546 2.231681 -4.419894
v -4.692246 2.236881 -4.429494
v -4.677346 2.243281 -4.416894
v -4.690946 2.237481 -4.396894
v -4.706746 2.230681 -4.410294
v -4.713346 2.225381 -4.433694
v -4.706546 2.230781 -4.442894
v -4.721946 2.224281 -4.424494
v -4.674446 2.252181 -4.425194
v -4.659446 2.258581 -4.413594
v -4.661946 2.249881 -4.405094
v -4.667346 2.244981 -4.394694
v -4.674646 2.244381 -4.384394
v -4.699446 2.241581 -4.388594
v -4.682646 2.248681 -4.375793
v -4.715546 2.234681 -4.402294
v -4.731046 2.228081 -4.416894
v -4.702946 2.240081 -4.450594
v -4.689046 2.245981 -4.437494
v -4.616646 2.266581 -4.363494
v -4.634046 2.259181 -4.372993
v -4.629546 2.263681 -4.383994
v -4.612646 2.270881 -4.374694
v -4.622446 2.266681 -4.352194
v -4.640346 2.259081 -4.361994
v -4.650946 2.251981 -4.383394
v -4.645946 2.256681 -4.394094
v -4.657746 2.251681 -4.372694
v -4.611346 2.279081 -4.383994
v -4.594546 2.286281 -4.375894
v -4.595446 2.278181 -4.366394
v -4.598846 2.274181 -4.354894
v -4.604146 2.274481 -4.343394
v -4.629246 2.271481 -4.342894
v -4.610546 2.279481 -4.333894
v -4.647546 2.263681 -4.352894
v -4.665346 2.256081 -4.363894
v -4.643846 2.265181 -4.402894
v -4.627846 2.272081 -4.392994
v -4.543546 2.297781 -4.334994
v -4.562246 2.289781 -4.340693
v -4.559846 2.293381 -4.352594
v -4.541646 2.301081 -4.347094
v -4.547246 2.298781 -4.322994
v -4.566546 2.290581 -4.328794
v -4.580746 2.281881 -4.347294
v -4.577746 2.285681 -4.358994
v -4.585546 2.282481 -4.335594
v -4.542146 2.308581 -4.357094
v -4.524146 2.316281 -4.352694
v -4.523246 2.308981 -4.342594
v -4.524546 2.305881 -4.330394
v -4.527646 2.307081 -4.318194
v -4.552246 2.304281 -4.312994
v -4.532346 2.312781 -4.308094
v -4.572046 2.295881 -4.318894
v -4.591446 2.287581 -4.325894
v -4.577346 2.293581 -4.368694
v -4.559846 2.301081 -4.362394
v -4.466646 2.330581 -4.322694
v -4.486046 2.322281 -4.324194
v -4.485846 2.324881 -4.336594
v -4.467046 2.332981 -4.335093
v -4.468146 2.332481 -4.310194
v -4.488146 2.323981 -4.311794
v -4.505346 2.314081 -4.326794
v -4.504646 2.316881 -4.339094
v -4.507946 2.315481 -4.314494
v -4.469346 2.339681 -4.345394
v -4.450946 2.347481 -4.344893
v -4.448146 2.340981 -4.334594
v -4.447246 2.338781 -4.322094
v -4.448146 2.340981 -4.309694
v -4.471446 2.338781 -4.299894
v -4.450946 2.347481 -4.299394
v -4.491846 2.330081 -4.301594
v -4.512146 2.321381 -4.304294
v -4.506046 2.323981 -4.349294
v -4.487746 2.331781 -4.346794
v -4.389146 2.363581 -4.326794
v -4.408446 2.355381 -4.324194
v -4.410446 2.357081 -4.336594
v -4.391746 2.365081 -4.339094
v -4.388346 2.366481 -4.314494
v -4.408246 2.357981 -4.311794
v -4.427846 2.347081 -4.322694
v -4.429246 2.349081 -4.335093
v -4.428146 2.349481 -4.310194
v -4.395846 2.370981 -4.349294
v -4.377746 2.378681 -4.352694
v -4.373146 2.372981 -4.342594
v -4.369946 2.371781 -4.330394
v -4.368646 2.374881 -4.318194
v -4.389746 2.373581 -4.304294
v -4.369546 2.382181 -4.308094
v -4.410046 2.364881 -4.301594
v -4.430446 2.356181 -4.299894
v -4.432546 2.355381 -4.345394
v -4.414146 2.363181 -4.346794
v -4.313746 2.395781 -4.347294
v -4.332246 2.387881 -4.340693
v -4.336446 2.388581 -4.352594
v -4.318546 2.396281 -4.358994
v -4.310846 2.399581 -4.335594
v -4.329846 2.391481 -4.328794
v -4.350946 2.379881 -4.334994
v -4.354646 2.380881 -4.347094
v -4.349146 2.383181 -4.322994
v -4.324546 2.401381 -4.368694
v -4.307346 2.408681 -4.375894
v -4.300946 2.403781 -4.366394
v -4.295646 2.403481 -4.354894
v -4.292146 2.407481 -4.343394
v -4.310446 2.407381 -4.325894
v -4.291346 2.415581 -4.333894
v -4.329846 2.399081 -4.318894
v -4.349546 2.390681 -4.312994
v -4.359746 2.386381 -4.357094
v -4.342046 2.393981 -4.362394
v -4.243546 2.425681 -4.383394
v -4.260446 2.418481 -4.372993
v -4.266746 2.418281 -4.383994
v -4.250346 2.425281 -4.394094
v -4.238646 2.430381 -4.372694
v -4.256046 2.422881 -4.361994
v -4.277846 2.411081 -4.363494
v -4.283646 2.411081 -4.374694
v -4.273846 2.415281 -4.352194
v -4.258046 2.429781 -4.402894
v -4.242446 2.436381 -4.413594
v -4.234446 2.432081 -4.405094
v -4.227146 2.432681 -4.394694
v -4.221746 2.437581 -4.384394
v -4.236546 2.438881 -4.363894
v -4.219246 2.446281 -4.375793
v -4.254346 2.431281 -4.352894
v -4.272646 2.423481 -4.342894
v -4.290446 2.415881 -4.383994
v -4.274046 2.422881 -4.392994
v -4.181146 2.452281 -4.433694
v -4.195946 2.445981 -4.419894
v -4.204046 2.445081 -4.429494
v -4.189746 2.451181 -4.442894
v -4.174446 2.457681 -4.424494
v -4.189546 2.451281 -4.410294
v -4.211246 2.439481 -4.406894
v -4.218946 2.438681 -4.416894
v -4.205346 2.444481 -4.396894
v -4.198946 2.454981 -4.450594
v -4.185546 2.460681 -4.464394
v -4.176146 2.456981 -4.457094
v -4.167046 2.458281 -4.448294
v -4.159946 2.463881 -4.439494
v -4.170846 2.466881 -4.416894
v -4.156046 2.473281 -4.432194
v -4.186346 2.460281 -4.402294
v -4.202446 2.453481 -4.388594
v -4.227346 2.442781 -4.425194
v -4.212846 2.448981 -4.437494
v -4.129046 2.474481 -4.496294
v -4.140946 2.469381 -4.479594
v -4.150746 2.467781 -4.487494
v -4.139146 2.472781 -4.503694
v -4.120746 2.480581 -4.488894
v -4.133046 2.475381 -4.471694
v -4.153646 2.463981 -4.463593
v -4.163046 2.462581 -4.471894
v -4.146146 2.469781 -4.455194
v -4.149546 2.475981 -4.509794
v -4.138946 2.480581 -4.526194
v -4.128246 2.477381 -4.520494
v -4.117846 2.479281 -4.513494
v -4.109246 2.485481 -4.506594
v -4.115946 2.490381 -4.482694
v -4.104146 2.495381 -4.500894
v -4.128546 2.484981 -4.465194
v -4.141846 2.479281 -4.448294
v -4.172846 2.466081 -4.478894
v -4.160846 2.471181 -4.493994
v -4.089046 2.491481 -4.568694
v -4.097846 2.487781 -4.549794
v -4.108846 2.485681 -4.555694
v -4.100346 2.489281 -4.573994
v -4.079646 2.498081 -4.563394
v -4.088646 2.494281 -4.543894
v -4.107446 2.483681 -4.531394
v -4.118146 2.481681 -4.537794
v -4.098546 2.490081 -4.524994
v -4.111646 2.492181 -4.578394
v -4.104246 2.495281 -4.596694
v -4.092646 2.492581 -4.592793
v -4.081246 2.494881 -4.587994
v -4.071546 2.501581 -4.583294
v -4.073846 2.508281 -4.558994
v -4.065546 2.511781 -4.579294
v -4.083046 2.504381 -4.539094
v -4.093146 2.500081 -4.519694
v -4.129046 2.484781 -4.543094
v -4.119946 2.488581 -4.560493
v -4.062946 2.502681 -4.648194
v -4.068146 2.500481 -4.627794
v -4.079946 2.497981 -4.631394
v -4.074946 2.500081 -4.651194
v -4.052746 2.509581 -4.645194
v -4.058046 2.507281 -4.624194
v -4.074246 2.497881 -4.607694
v -4.085946 2.495481 -4.611894
v -4.064346 2.504681 -4.603494
v -4.086946 2.502681 -4.653694
v -4.082846 2.504381 -4.673194
v -4.070846 2.501881 -4.671194
v -4.058646 2.504481 -4.668794
v -4.048346 2.511481 -4.666394
v -4.046346 2.519981 -4.642694
v -4.041846 2.521881 -4.664394
v -4.051746 2.517681 -4.621194
v -4.058246 2.514981 -4.600094
v -4.097546 2.498181 -4.615394
v -4.091846 2.500581 -4.634394
v -4.051546 2.507581 -4.731694
v -4.052946 2.506981 -4.710594
v -4.065246 2.504281 -4.711794
v -4.063846 2.504881 -4.732294
v -4.041046 2.514581 -4.731094
v -4.042546 2.513981 -4.709394
v -4.055346 2.505881 -4.689594
v -4.067546 2.503281 -4.691494
v -4.044946 2.512881 -4.687794
v -4.076146 2.507281 -4.732794
v -4.075646 2.507481 -4.752794
v -4.063446 2.505081 -4.752794
v -4.051046 2.507781 -4.752794
v -4.040546 2.514781 -4.752794
v -4.034346 2.525081 -4.730594
v -4.033846 2.525381 -4.752794
v -4.035846 2.524481 -4.708394
v -4.038346 2.523381 -4.686294
v -4.079746 2.505781 -4.692994
v -4.077446 2.506681 -4.712893
v -4.055346 2.505881 -4.815994
v -4.052946 2.506981 -4.795094
v -4.065246 2.504281 -4.793794
v -4.067546 2.503281 -4.814194
v -4.044946 2.512881 -4.817894
v -4.042546 2.513981 -4.796294
v -4.051546 2.507581 -4.773993
v -4.063846 2.504881 -4.773394
v -4.041046 2.514581 -4.774594
v -4.079746 2.505781 -4.812694
v -4.082846 2.504381 -4.832394
v -4.070846 2.501881 -4.834394
v -4.058646 2.504481 -4.836894
v -4.048346 2.511481 -4.839293
v -4.038346 2.523381 -4.819394
v -4.041846 2.521881 -4.841294
v -4.035846 2.524481 -4.797294
v -4.034346 2.525081 -4.775094
v -4.076146 2.507281 -4.772894
v -4.077446 2.506681 -4.792794
v -4.074246 2.497881 -4.897894
v -4.068146 2.500481 -4.877894
v -4.079946 2.497981 -4.874294
v -4.085946 2.495481 -4.893794
v -4.064346 2.504681 -4.902094
v -4.058046 2.507281 -4.881494
v -4.062946 2.502681 -4.857494
v -4.074946 2.500081 -4.854494
v -4.052746 2.509581 -4.860494
v -4.097546 2.498181 -4.890294
v -4.104246 2.495281 -4.908994
v -4.092646 2.492581 -4.912894
v -4.081246 2.494881 -4.917694
v -4.071546 2.501581 -4.922394
v -4.058246 2.514981 -4.905594
v -4.065546 2.511781 -4.926394
v -4.051746 2.517681 -4.884494
v -4.046346 2.519981 -4.862994
v -4.086946 2.502681 -4.851994
v -4.091846 2.500581 -4.871294
v -4.107446 2.483681 -4.974294
v -4.097846 2.487781 -4.955894
v -4.108846 2.485681 -4.949994
v -4.118146 2.481681 -4.967894
v -4.098546 2.490081 -4.980694
v -4.088646 2.494281 -4.961694
v -4.089046 2.491481 -4.936994
v -4.100346 2.489281 -4.931694
v -4.079646 2.498081 -4.942294
v -4.129046 2.484781 -4.962594
v -4.138946 2.480581 -4.979494
v -4.128246 2.477381 -4.985194
v -4.117846 2.479281 -4.992094
v -4.109246 2.485481 -4.998994
v -4.093146 2.500081 -4.985994
v -4.104146 2.495381 -5.004794
v -4.083046 2.504381 -4.966594
v -4.073846 2.508281 -4.946694
v -4.111646 2.492181 -4.927294
v -4.119946 2.488581 -4.945194
v -4.153646 2.463981 -5.042094
v -4.140946 2.469381 -5.026093
v -4.150746 2.467781 -5.018194
v -4.163046 2.462581 -5.033694
v -4.146146 2.469781 -5.050394
v -4.133046 2.475381 -5.033994
v -4.129046 2.474481 -5.009394
v -4.139146 2.472781 -5.001994
v -4.120746 2.480581 -5.016794
v -4.172846 2.466081 -5.026793
v -4.185546 2.460681 -5.041294
v -4.176146 2.456981 -5.048594
v -4.167046 2.458281 -5.057394
v -4.159946 2.463881 -5.066194
v -4.141846 2.479281 -5.057394
v -4.156046 2.473281 -5.073494
v -4.128546 2.484981 -5.040494
v -4.115946 2.490381 -5.022994
v -4.149546 2.475981 -4.995893
v -4.160846 2.471181 -5.011694
v -4.211246 2.439481 -5.098794
v -4.195946 2.445981 -5.085793
v -4.204046 2.445081 -5.076194
v -4.218946 2.438681 -5.088794
v -4.205346 2.444481 -5.108794
v -4.189546 2.451281 -5.095394
v -4.181146 2.452281 -5.071994
v -4.189746 2.451181 -5.062794
v -4.174446 2.457681 -5.081194
v -4.227346 2.442781 -5.080494
v -4.242446 2.436381 -5.092094
v -4.234446 2.432081 -5.100594
v -4.227146 2.432681 -5.110994
v -4.221746 2.437581 -5.121294
v -4.202446 2.453481 -5.116994
v -4.219246 2.446281 -5.129894
v -4.186346 2.460281 -5.103394
v -4.170846 2.466881 -5.088794
v -4.198946 2.454981 -5.055094
v -4.212846 2.448981 -5.068194
v -4.277846 2.411081 -5.142194
v -4.260446 2.418481 -5.132694
v -4.266746 2.418281 -5.121694
v -4.283646 2.411081 -5.130994
v -4.273846 2.415281 -5.153394
v -4.256046 2.422881 -5.143694
v -4.243546 2.425681 -5.122294
v -4.250346 2.425281 -5.111594
v -4.238646 2.430381 -5.132894
v -4.290446 2.415881 -5.121594
v -4.307346 2.408681 -5.129794
v -4.300946 2.403781 -5.139294
v -4.295646 2.403481 -5.150794
v -4.292146 2.407481 -5.162194
v -4.272646 2.423481 -5.162694
v -4.291346 2.415581 -5.171794
v -4.254346 2.431281 -5.152694
v -4.236546 2.438881 -5.141794
v -4.258046 2.429781 -5.102794
v -4.274046 2.422881 -5.112594
v -4.350946 2.379881 -5.170594
v -4.332246 2.387881 -5.164994
v -4.336446 2.388581 -5.153094
v -4.354646 2.380881 -5.158594
v -4.349146 2.383181 -5.182693
v -4.329846 2.391481 -5.176894
v -4.313746 2.395781 -5.158394
v -4.318546 2.396281 -5.146694
v -4.310846 2.399581 -5.170094
v -4.359746 2.386381 -5.148594
v -4.377746 2.378681 -5.152994
v -4.373146 2.372981 -5.163094
v -4.369946 2.371781 -5.175294
v -4.368646 2.374881 -5.187494
v -4.349546 2.390681 -5.192694
v -4.369546 2.382181 -5.197594
v -4.329846 2.399081 -5.186794
v -4.310446 2.407381 -5.179794
v -4.324546 2.401381 -5.136994
v -4.342046 2.393981 -5.143194
v -4.427846 2.347081 -5.182994
v -4.408446 2.355381 -5.181494
v -4.410446 2.357081 -5.169094
v -4.429246 2.349081 -5.170594
v -4.428146 2.349481 -5.195394
v -4.408246 2.357981 -5.193794
v -4.389146 2.363581 -5.178894
v -4.391746 2.365081 -5.166594
v -4.388346 2.366481 -5.191194
v -4.432546 2.355381 -5.160294
v -4.430446 2.356181 -5.205694
v -4.410046 2.364881 -5.204094
v -4.389746 2.373581 -5.201394
v -4.395846 2.370981 -5.156394
v -4.414146 2.363181 -5.158794
v -4.585146 2.352581 -5.153094
v -4.589346 2.353381 -5.164994
v -4.607846 2.345481 -5.158394
v -4.603046 2.344981 -5.146694
v -4.566946 2.360381 -5.158594
v -4.570646 2.361381 -5.170594
v -4.591746 2.349781 -5.176894
v -4.610746 2.341681 -5.170094
v -4.572446 2.357981 -5.182693
v -4.597046 2.339781 -5.136994
v -4.620646 2.337481 -5.139294
v -4.614246 2.332481 -5.129794
v -4.579546 2.347281 -5.143194
v -4.561846 2.354881 -5.148594
v -4.572046 2.350481 -5.192694
v -4.591746 2.342081 -5.186794
v -4.611146 2.333781 -5.179794
v -4.630246 2.325681 -5.171794
v -4.629446 2.333681 -5.162194
v -4.625946 2.337781 -5.150794
v -4.654846 2.322881 -5.121694
v -4.661146 2.322781 -5.132694
v -4.678046 2.315581 -5.122294
v -4.671246 2.315881 -5.111594
v -4.637946 2.330081 -5.130994
v -4.643746 2.330181 -5.142194
v -4.665546 2.318281 -5.143694
v -4.682946 2.310881 -5.132894
v -4.647746 2.325881 -5.153394
v -4.687146 2.309081 -5.100594
v -4.679146 2.304781 -5.092094
v -4.663546 2.311481 -5.102794
v -4.647546 2.318281 -5.112594
v -4.631146 2.325281 -5.121594
v -4.648946 2.317681 -5.162694
v -4.667246 2.309881 -5.152694
v -4.685046 2.302281 -5.141794
v -4.702346 2.294881 -5.129894
v -4.699846 2.303681 -5.121294
v -4.694446 2.308581 -5.110994
v -4.717546 2.296181 -5.076194
v -4.725646 2.295181 -5.085793
v -4.740446 2.288981 -5.071994
v -4.731846 2.290081 -5.062794
v -4.702646 2.302481 -5.088794
v -4.710346 2.301781 -5.098794
v -4.732046 2.289981 -5.095394
v -4.747146 2.283481 -5.081194
v -4.716246 2.296681 -5.108794
v -4.745446 2.284181 -5.048594
v -4.736046 2.280581 -5.041294
v -4.722646 2.286281 -5.055094
v -4.708746 2.292181 -5.068194
v -4.694246 2.298381 -5.080494
v -4.719146 2.287781 -5.116994
v -4.735246 2.280881 -5.103394
v -4.750746 2.274281 -5.088794
v -4.765546 2.267981 -5.073494
v -4.761646 2.277281 -5.066194
v -4.754546 2.282981 -5.057394
v -4.770846 2.273381 -5.018194
v -4.780646 2.271781 -5.026093
v -4.792546 2.266681 -5.009394
v -4.782446 2.268481 -5.001994
v -4.758546 2.278681 -5.033694
v -4.767946 2.277181 -5.042094
v -4.788546 2.265881 -5.033994
v -4.800846 2.260581 -5.016794
v -4.775446 2.271481 -5.050394
v -4.793346 2.263781 -4.985194
v -4.782646 2.260681 -4.979494
v -4.772046 2.265181 -4.995893
v -4.760746 2.270081 -5.011694
v -4.748746 2.275181 -5.026793
v -4.779746 2.261981 -5.057394
v -4.793046 2.256281 -5.040494
v -4.805646 2.250881 -5.022994
v -4.817446 2.245881 -5.004794
v -4.812346 2.255681 -4.998994
v -4.803746 2.261981 -4.992094
v -4.812746 2.255581 -4.949994
v -4.823746 2.253381 -4.955894
v -4.832546 2.249681 -4.936994
v -4.821246 2.251881 -4.931694
v -4.803446 2.259481 -4.967894
v -4.814146 2.257481 -4.974294
v -4.832946 2.246981 -4.961694
v -4.841946 2.243081 -4.942294
v -4.823046 2.251181 -4.980694
v -4.828946 2.248681 -4.912894
v -4.817346 2.245881 -4.908994
v -4.809946 2.249081 -4.927294
v -4.801646 2.252581 -4.945194
v -4.792546 2.256481 -4.962594
v -4.828446 2.241181 -4.985994
v -4.838546 2.236881 -4.966594
v -4.847746 2.232981 -4.946694
v -4.856046 2.229381 -4.926394
v -4.850046 2.239681 -4.922394
v -4.840346 2.246281 -4.917694
v -4.841646 2.243281 -4.874294
v -4.853446 2.240781 -4.877894
v -4.858646 2.238481 -4.857494
v -4.846646 2.241081 -4.854494
v -4.835646 2.245781 -4.893794
v -4.847346 2.243381 -4.897894
v -4.863546 2.233881 -4.881494
v -4.868846 2.231581 -4.860494
v -4.857246 2.236581 -4.902094
v -4.850746 2.239281 -4.834394
v -4.838746 2.236781 -4.832394
v -4.834646 2.238481 -4.851994
v -4.829746 2.240581 -4.871294
v -4.824046 2.243081 -4.890294
v -4.863346 2.226281 -4.905594
v -4.869846 2.223581 -4.884494
v -4.875246 2.221181 -4.862994
v -4.879746 2.219281 -4.841294
v -4.873246 2.229781 -4.839293
v -4.862946 2.236681 -4.836894
v -4.856346 2.236981 -4.793794
v -4.868646 2.234281 -4.795094
v -4.870046 2.233681 -4.773993
v -4.857746 2.236381 -4.773394
v -4.854046 2.237981 -4.814194
v -4.866246 2.235281 -4.815994
v -4.879146 2.227281 -4.796294
v -4.880546 2.226581 -4.774594
v -4.876646 2.228281 -4.817894
v -4.858146 2.236181 -4.752794
v -4.845946 2.233681 -4.752794
v -4.845446 2.233881 -4.772894
v -4.844146 2.234481 -4.792794
v -4.841846 2.235481 -4.812694
v -4.883246 2.217781 -4.819394
v -4.885746 2.216781 -4.797294
v -4.887246 2.216081 -4.775094
v -4.887746 2.215881 -4.752794
v -4.881046 2.226381 -4.752794
v -4.870546 2.233481 -4.752794
v -4.856346 2.236981 -4.711794
v -4.868646 2.234281 -4.710594
v -4.866246 2.235281 -4.689594
v -4.854046 2.237981 -4.691494
v -4.857746 2.236381 -4.732294
v -4.870046 2.233681 -4.731694
v -4.879146 2.227281 -4.709394
v -4.876646 2.228281 -4.687794
v -4.880546 2.226581 -4.731094
v -4.850746 2.239281 -4.671194
v -4.838746 2.236781 -4.673194
v -4.841846 2.235481 -4.692994
v -4.844146 2.234481 -4.712893
v -4.845446 2.233881 -4.732794
v -4.887246 2.216081 -4.730594
v -4.885746 2.216781 -4.708394
v -4.883246 2.217781 -4.686294
v -4.879746 2.219281 -4.664394
v -4.873246 2.229781 -4.666394
v -4.862946 2.236681 -4.668794
v -4.841646 2.243281 -4.631394
v -4.853446 2.240781 -4.627794
v -4.847346 2.243381 -4.607694
v -4.835646 2.245781 -4.611894
v -4.846646 2.241081 -4.651194
v -4.858646 2.238481 -4.648194
v -4.863546 2.233881 -4.624194
v -4.857246 2.236581 -4.603494
v -4.868846 2.231581 -4.645194
v -4.828946 2.248681 -4.592793
v -4.817346 2.245881 -4.596694
v -4.824046 2.243081 -4.615394
v -4.829746 2.240581 -4.634394
v -4.834646 2.238481 -4.653694
v -4.875246 2.221181 -4.642694
v -4.869846 2.223581 -4.621194
v -4.863346 2.226281 -4.600094
v -4.856046 2.229381 -4.579294
v -4.850046 2.239681 -4.583294
v -4.840346 2.246281 -4.587994
v -4.812746 2.255581 -4.555694
v -4.823746 2.253381 -4.549794
v -4.814146 2.257481 -4.531394
v -4.803446 2.259481 -4.537794
v -4.821246 2.251881 -4.573994
v -4.832546 2.249681 -4.568694
v -4.832946 2.246981 -4.543894
v -4.823046 2.251181 -4.524994
v -4.841946 2.243081 -4.563394
v -4.793346 2.263781 -4.520494
v -4.782646 2.260681 -4.526194
v -4.792546 2.256481 -4.543094
v -4.801646 2.252581 -4.560493
v -4.809946 2.249081 -4.578394
v -4.847746 2.232981 -4.558994
v -4.838546 2.236881 -4.539094
v -4.828446 2.241181 -4.519694
v -4.817446 2.245881 -4.500894
v -4.812346 2.255681 -4.506594
v -4.803746 2.261981 -4.513594
v -4.770846 2.273381 -4.487494
v -4.780646 2.271781 -4.479594
v -4.767946 2.277181 -4.463593
v -4.758546 2.278681 -4.471894
v -4.782446 2.268481 -4.503694
v -4.792546 2.266681 -4.496294
v -4.788546 2.265881 -4.471694
v -4.775446 2.271481 -4.455194
v -4.800846 2.260581 -4.488894
v -4.745446 2.284181 -4.457094
v -4.736046 2.280581 -4.464394
v -4.748746 2.275181 -4.478894
v -4.760746 2.270081 -4.493994
v -4.772046 2.265181 -4.509794
v -4.805646 2.250881 -4.482694
v -4.793046 2.256281 -4.465194
v -4.779746 2.261981 -4.448294
v -4.765546 2.267981 -4.432194
v -4.761646 2.277281 -4.439494
v -4.754546 2.282981 -4.448294
v -4.717546 2.296181 -4.429494
v -4.725646 2.295181 -4.419894
v -4.710346 2.301781 -4.406894
v -4.702646 2.302481 -4.416894
v -4.731846 2.290081 -4.442894
v -4.740446 2.288981 -4.433694
v -4.732046 2.289981 -4.410294
v -4.716246 2.296681 -4.396894
v -4.747146 2.283481 -4.424494
v -4.687146 2.309081 -4.405094
v -4.679146 2.304781 -4.413594
v -4.694246 2.298381 -4.425194
v -4.708746 2.292181 -4.437494
v -4.722646 2.286281 -4.450594
v -4.750746 2.274281 -4.416894
v -4.735246 2.280881 -4.402294
v -4.719146 2.287781 -4.388594
v -4.702346 2.294881 -4.375793
v -4.699846 2.303681 -4.384394
v -4.694446 2.308581 -4.394694
v -4.654846 2.322881 -4.383994
v -4.661146 2.322781 -4.372993
v -4.643746 2.330181 -4.363494
v -4.637946 2.330081 -4.374694
v -4.671246 2.315881 -4.394094
v -4.678046 2.315581 -4.383394
v -4.665546 2.318281 -4.361994
v -4.647746 2.325881 -4.352194
v -4.682946 2.310881 -4.372694
v -4.620646 2.337481 -4.366394
v -4.614246 2.332481 -4.375894
v -4.631146 2.325281 -4.383994
v -4.647546 2.318281 -4.392994
v -4.663546 2.311481 -4.402894
v -4.685046 2.302281 -4.363894
v -4.667246 2.309881 -4.352894
v -4.648946 2.317681 -4.342894
v -4.630246 2.325681 -4.333894
v -4.629446 2.333681 -4.343394
v -4.625946 2.337781 -4.354894
v -4.585146 2.352581 -4.352594
v -4.589346 2.353381 -4.340693
v -4.570646 2.361381 -4.334994
v -4.566946 2.360381 -4.347094
v -4.603046 2.344981 -4.358994
v -4.607846 2.345481 -4.347294
v -4.591746 2.349781 -4.328794
v -4.572446 2.357981 -4.322994
v -4.610746 2.341681 -4.335594
v -4.548446 2.368181 -4.342594
v -4.543846 2.362481 -4.352694
v -4.561846 2.354881 -4.357094
v -4.579546 2.347281 -4.362394
v -4.597046 2.339781 -4.368694
v -4.611146 2.333781 -4.325894
v -4.591746 2.342081 -4.318894
v -4.572046 2.350481 -4.312994
v -4.552046 2.358981 -4.308094
v -4.552946 2.366281 -4.318194
v -4.551646 2.369481 -4.330394
v -4.511146 2.384181 -4.336594
v -4.513146 2.385881 -4.324194
v -4.493746 2.394081 -4.322694
v -4.492346 2.392181 -4.335093
v -4.529846 2.376181 -4.339094
v -4.532446 2.377581 -4.326794
v -4.513346 2.383181 -4.311794
v -4.493446 2.391681 -4.310194
v -4.533246 2.374681 -4.314494
v -4.473446 2.400181 -4.334594
v -4.470646 2.393681 -4.344893
v -4.489046 2.385881 -4.345394
v -4.507446 2.378081 -4.346794
v -4.525746 2.370281 -4.349294
v -4.531846 2.367581 -4.304294
v -4.511546 2.376281 -4.301594
v -4.491146 2.384981 -4.299894
v -4.470646 2.393681 -4.299394
v -4.473446 2.400181 -4.309694
v -4.474346 2.402381 -4.322094
v -4.435746 2.416281 -4.336594
v -4.435546 2.418981 -4.324194
v -4.416246 2.427181 -4.326794
v -4.416946 2.424281 -4.339094
v -4.454546 2.408281 -4.335093
v -4.454946 2.410681 -4.322694
v -4.433446 2.417281 -4.311794
v -4.413646 2.425681 -4.314494
v -4.453446 2.408781 -4.310194
v -4.398346 2.432281 -4.342594
v -4.397446 2.424981 -4.352694
v -4.415546 2.417181 -4.349294
v -4.433846 2.409381 -4.346794
v -4.452246 2.401581 -4.345394
v -4.450146 2.402481 -4.299894
v -4.429746 2.411181 -4.301594
v -4.409446 2.419781 -4.304294
v -4.389246 2.428381 -4.308094
v -4.393946 2.434181 -4.318194
v -4.397046 2.435381 -4.330394
v -4.361746 2.447881 -4.352594
v -4.359346 2.451381 -4.340693
v -4.340846 2.459281 -4.347294
v -4.343846 2.455481 -4.358994
v -4.379946 2.440081 -4.347094
v -4.378046 2.443481 -4.334994
v -4.355046 2.450681 -4.328794
v -4.336146 2.458781 -4.335594
v -4.374346 2.442481 -4.322994
v -4.326146 2.462981 -4.366394
v -4.327046 2.454981 -4.375894
v -4.344246 2.447581 -4.368694
v -4.361746 2.440181 -4.362394
v -4.379446 2.432581 -4.357094
v -4.369346 2.436981 -4.312994
v -4.349546 2.445381 -4.318894
v -4.330146 2.453681 -4.325894
v -4.311046 2.461781 -4.333894
v -4.317446 2.466781 -4.343394
v -4.322746 2.467081 -4.354894
v -4.292046 2.477581 -4.383994
v -4.287546 2.481981 -4.372993
v -4.270646 2.489281 -4.383394
v -4.275646 2.484581 -4.394094
v -4.308946 2.470381 -4.374694
v -4.304946 2.474581 -4.363494
v -4.281246 2.482181 -4.361994
v -4.263846 2.489581 -4.372694
v -4.299146 2.474581 -4.352194
v -4.259646 2.491381 -4.405094
v -4.262146 2.482581 -4.413594
v -4.277746 2.475981 -4.402894
v -4.293746 2.469181 -4.392994
v -4.310246 2.462181 -4.383994
v -4.292346 2.469781 -4.342894
v -4.274046 2.477581 -4.352894
v -4.256246 2.485181 -4.363894
v -4.238946 2.492481 -4.375793
v -4.246946 2.496781 -4.384394
v -4.254246 2.496281 -4.394694
v -4.229346 2.504281 -4.429494
v -4.223046 2.509581 -4.419894
v -4.208246 2.515881 -4.433694
v -4.215046 2.510381 -4.442894
v -4.244246 2.497981 -4.416894
v -4.238346 2.502981 -4.406894
v -4.214846 2.510481 -4.410294
v -4.199646 2.516981 -4.424494
v -4.230646 2.503781 -4.396894
v -4.201346 2.516181 -4.457094
v -4.205246 2.506881 -4.464394
v -4.218646 2.501181 -4.450594
v -4.232546 2.495281 -4.437494
v -4.247146 2.489081 -4.425194
v -4.222146 2.499681 -4.388594
v -4.206046 2.506581 -4.402294
v -4.190546 2.513181 -4.416894
v -4.175746 2.519481 -4.432194
v -4.185146 2.523081 -4.439494
v -4.194146 2.521881 -4.448294
v -4.176046 2.527081 -4.487494
v -4.168046 2.532981 -4.479594
v -4.156146 2.538081 -4.496294
v -4.164346 2.531981 -4.503694
v -4.188346 2.521781 -4.471894
v -4.180746 2.527581 -4.463593
v -4.158346 2.534581 -4.471694
v -4.146046 2.539781 -4.488894
v -4.171346 2.528981 -4.455194
v -4.153546 2.536581 -4.520494
v -4.158646 2.526781 -4.526194
v -4.169246 2.522281 -4.509794
v -4.180546 2.517381 -4.493994
v -4.192546 2.512281 -4.478894
v -4.161546 2.525481 -4.448294
v -4.148246 2.531181 -4.465194
v -4.135646 2.536581 -4.482694
v -4.123846 2.541581 -4.500894
v -4.134446 2.544781 -4.506594
v -4.144946 2.542881 -4.513494
v -4.134146 2.544881 -4.555694
v -4.124946 2.551381 -4.549794
v -4.116146 2.555081 -4.568694
v -4.125646 2.548481 -4.573994
v -4.143446 2.540981 -4.537794
v -4.134546 2.547281 -4.531394
v -4.113946 2.553481 -4.543894
v -4.104946 2.557381 -4.563394
v -4.123746 2.549281 -4.524994
v -4.117946 2.551781 -4.592793
v -4.123946 2.541581 -4.596694
v -4.131446 2.538381 -4.578394
v -4.139646 2.534881 -4.560493
v -4.148746 2.530981 -4.543094
v -4.112846 2.546281 -4.519694
v -4.102746 2.550581 -4.539094
v -4.093546 2.554481 -4.558994
v -4.085246 2.558081 -4.579294
v -4.096846 2.560781 -4.583294
v -4.108346 2.558481 -4.587994
v -4.105246 2.557181 -4.631394
v -4.095246 2.564081 -4.627794
v -4.090046 2.566281 -4.648194
v -4.100146 2.559381 -4.651194
v -4.111146 2.554681 -4.611894
v -4.101346 2.561481 -4.607694
v -4.083346 2.566581 -4.624194
v -4.078046 2.568781 -4.645194
v -4.089646 2.563881 -4.603494
v -4.096046 2.561081 -4.671194
v -4.102546 2.550681 -4.673194
v -4.106646 2.548981 -4.653694
v -4.111546 2.546881 -4.634394
v -4.117346 2.544381 -4.615394
v -4.077946 2.561181 -4.600094
v -4.071546 2.563881 -4.621194
v -4.066046 2.566281 -4.642694
v -4.061546 2.568181 -4.664394
v -4.073646 2.570681 -4.666394
v -4.085746 2.568081 -4.668794
v -4.090546 2.563481 -4.711794
v -4.080046 2.570481 -4.710594
v -4.078646 2.571081 -4.731694
v -4.089146 2.564081 -4.732294
v -4.092846 2.562481 -4.691494
v -4.082446 2.569481 -4.689594
v -4.067746 2.573181 -4.709394
v -4.066246 2.573781 -4.731094
v -4.070246 2.572181 -4.687794
v -4.088646 2.564281 -4.752794
v -4.095346 2.553781 -4.752794
v -4.095846 2.553581 -4.732794
v -4.097146 2.552981 -4.712893
v -4.099446 2.551981 -4.692994
v -4.058046 2.569681 -4.686294
v -4.055546 2.570681 -4.708394
v -4.054046 2.571381 -4.730594
v -4.053546 2.571581 -4.752794
v -4.065746 2.573981 -4.752794
v -4.078146 2.571281 -4.752794
v -4.090546 2.563481 -4.793794
v -4.080046 2.570481 -4.795094
v -4.082446 2.569481 -4.815994
v -4.092846 2.562481 -4.814194
v -4.089146 2.564081 -4.773394
v -4.078646 2.571081 -4.773993
v -4.067746 2.573181 -4.796294
v -4.070246 2.572181 -4.817894
v -4.066246 2.573781 -4.774594
v -4.096046 2.561081 -4.834394
v -4.102546 2.550681 -4.832394
v -4.099446 2.551981 -4.812694
v -4.097146 2.552981 -4.792794
v -4.095846 2.553581 -4.772894
v -4.054046 2.571381 -4.775094
v -4.055546 2.570681 -4.797294
v -4.058046 2.569681 -4.819394
v -4.061546 2.568181 -4.841294
v -4.073646 2.570681 -4.839293
v -4.085746 2.568081 -4.836894
v -4.105246 2.557181 -4.874294
v -4.095246 2.564081 -4.877894
v -4.101346 2.561481 -4.897894
v -4.111146 2.554681 -4.893794
v -4.100146 2.559381 -4.854494
v -4.090046 2.566281 -4.857494
v -4.083346 2.566581 -4.881494
v -4.089646 2.563881 -4.902094
v -4.078046 2.568781 -4.860494
v -4.117946 2.551781 -4.912894
v -4.123946 2.541581 -4.908994
v -4.117346 2.544381 -4.890294
v -4.111546 2.546881 -4.871294
v -4.106646 2.548981 -4.851994
v -4.066046 2.566281 -4.862994
v -4.071546 2.563881 -4.884494
v -4.077946 2.561181 -4.905594
v -4.085246 2.558081 -4.926394
v -4.096846 2.560781 -4.922394
v -4.108346 2.558481 -4.917694
v -4.134146 2.544881 -4.949994
v -4.124946 2.551381 -4.955894
v -4.134546 2.547281 -4.974294
v -4.143446 2.540981 -4.967894
v -4.125646 2.548481 -4.931694
v -4.116146 2.555081 -4.936994
v -4.113946 2.553481 -4.961694
v -4.123746 2.549281 -4.980694
v -4.104946 2.557381 -4.942294
v -4.153546 2.536581 -4.985194
v -4.158646 2.526781 -4.979494
v -4.148746 2.530981 -4.962594
v -4.139646 2.534881 -4.945194
v -4.131446 2.538381 -4.927294
v -4.093546 2.554481 -4.946694
v -4.102746 2.550581 -4.966594
v -4.112846 2.546281 -4.985994
v -4.123846 2.541581 -5.004794
v -4.134446 2.544781 -4.998994
v -4.144946 2.542881 -4.992094
v -4.176046 2.527081 -5.018194
v -4.168046 2.532981 -5.026093
v -4.180746 2.527581 -5.042094
v -4.188346 2.521781 -5.033694
v -4.164346 2.531981 -5.001994
v -4.156146 2.538081 -5.009394
v -4.158346 2.534581 -5.033994
v -4.171346 2.528981 -5.050394
v -4.146046 2.539781 -5.016794
v -4.201346 2.516181 -5.048594
v -4.205246 2.506881 -5.041294
v -4.192546 2.512281 -5.026793
v -4.180546 2.517381 -5.011694
v -4.169246 2.522281 -4.995893
v -4.135646 2.536581 -5.022994
v -4.148246 2.531181 -5.040494
v -4.161546 2.525481 -5.057394
v -4.175746 2.519481 -5.073494
v -4.185146 2.523081 -5.066194
v -4.194146 2.521881 -5.057394
v -4.229346 2.504281 -5.076194
v -4.223046 2.509581 -5.085793
v -4.238346 2.502981 -5.098794
v -4.244246 2.497981 -5.088794
v -4.215046 2.510381 -5.062794
v -4.208246 2.515881 -5.071994
v -4.214846 2.510481 -5.095394
v -4.230646 2.503781 -5.108794
v -4.199646 2.516981 -5.081194
v -4.259646 2.491381 -5.100594
v -4.262146 2.482581 -5.092094
v -4.247146 2.489081 -5.080494
v -4.232546 2.495281 -5.068194
v -4.218646 2.501181 -5.055094
v -4.190546 2.513181 -5.088794
v -4.206046 2.506581 -5.103394
v -4.222146 2.499681 -5.116994
v -4.238946 2.492481 -5.129894
v -4.246946 2.496781 -5.121294
v -4.254246 2.496281 -5.110994
v -4.292046 2.477581 -5.121694
v -4.287546 2.481981 -5.132694
v -4.304946 2.474581 -5.142194
v -4.308946 2.470381 -5.130994
v -4.275646 2.484581 -5.111594
v -4.270646 2.489281 -5.122294
v -4.281246 2.482181 -5.143694
v -4.299146 2.474581 -5.153394
v -4.263846 2.489581 -5.132894
v -4.326146 2.462981 -5.139294
v -4.327046 2.454981 -5.129794
v -4.310246 2.462181 -5.121594
v -4.293746 2.469181 -5.112594
v -4.277746 2.475981 -5.102794
v -4.256246 2.485181 -5.141794
v -4.274046 2.477581 -5.152694
v -4.292346 2.469781 -5.162694
v -4.311046 2.461781 -5.171794
v -4.317446 2.466781 -5.162194
v -4.322746 2.467081 -5.150794
v -4.361746 2.447881 -5.153094
v -4.359346 2.451381 -5.164994
v -4.378046 2.443481 -5.170594
v -4.379946 2.440081 -5.158594
v -4.343846 2.455481 -5.146694
v -4.340846 2.459281 -5.158394
v -4.355046 2.450681 -5.176894
v -4.374346 2.442481 -5.182693
v -4.336146 2.458781 -5.170094
v -4.398346 2.432281 -5.163094
v -4.397446 2.424981 -5.152994
v -4.379446 2.432581 -5.148594
v -4.361746 2.440181 -5.143194
v -4.344246 2.447581 -5.136994
v -4.330146 2.453681 -5.179794
v -4.349546 2.445381 -5.186794
v -4.369346 2.436981 -5.192694
v -4.389246 2.428381 -5.197594
v -4.393946 2.434181 -5.187494
v -4.397046 2.435381 -5.175294
v -4.435746 2.416281 -5.169094
v -4.435546 2.418981 -5.181494
v -4.454946 2.410681 -5.182994
v -4.454546 2.408281 -5.170594
v -4.416946 2.424281 -5.166594
v -4.416246 2.427181 -5.178894
v -4.433446 2.417281 -5.193794
v -4.453446 2.408781 -5.195394
v -4.413646 2.425681 -5.191194
v -4.452246 2.401581 -5.160294
v -4.433846 2.409381 -5.158794
v -4.415546 2.417181 -5.156394
v -4.409446 2.419781 -5.201394
v -4.429746 2.411181 -5.204094
v -4.450146 2.402481 -5.205694
v -4.050646 2.530581 -4.886294
v -4.054146 2.543981 -4.886894
v -4.048546 2.546381 -4.865094
v -4.045046 2.532881 -4.864594
v -4.057146 2.527781 -4.907794
v -4.060646 2.541181 -4.908494
v -4.061446 2.555881 -4.886294
v -4.055846 2.558181 -4.864594
v -4.067946 2.553081 -4.907794
v -4.040546 2.534881 -4.842494
v -4.064646 2.524581 -4.928794
v -4.068146 2.537981 -4.929594
v -4.075346 2.549881 -4.928794
v -4.051346 2.560181 -4.842494
v -4.044046 2.548281 -4.842994
v -4.419246 2.373381 -5.152493
v -4.424746 2.385981 -5.150393
v -4.442746 2.378281 -5.151793
v -4.437246 2.365681 -5.153894
v -4.401246 2.381081 -5.150094
v -4.406846 2.393581 -5.147994
v -4.429946 2.398681 -5.152493
v -4.448046 2.390981 -5.153894
v -4.411946 2.406381 -5.150094
v -4.455446 2.357981 -5.154394
v -4.383346 2.388681 -5.146694
v -4.389146 2.401181 -5.144594
v -4.394146 2.413981 -5.146694
v -4.466146 2.383281 -5.154394
v -4.460846 2.370581 -5.152294
v -4.781146 2.219081 -4.942094
v -4.784846 2.232481 -4.941094
v -4.792946 2.228981 -4.923594
v -4.789346 2.215581 -4.924494
v -4.772246 2.222881 -4.959294
v -4.775946 2.236181 -4.958194
v -4.791946 2.244381 -4.942094
v -4.800146 2.240881 -4.924494
v -4.783046 2.248181 -4.959294
v -4.796646 2.212481 -4.906494
v -4.762546 2.226981 -4.975894
v -4.766346 2.240381 -4.974794
v -4.773346 2.252281 -4.975894
v -4.807446 2.237781 -4.906494
v -4.800246 2.225881 -4.905694
v -4.082346 2.516981 -4.969594
v -4.086046 2.530381 -4.970594
v -4.076646 2.534381 -4.950394
v -4.073046 2.520981 -4.949394
v -4.092546 2.512681 -4.989194
v -4.096346 2.525981 -4.990294
v -4.093146 2.542281 -4.969594
v -4.083846 2.546281 -4.949394
v -4.103346 2.537981 -4.989194
v -4.103746 2.507881 -5.008294
v -4.107446 2.521281 -5.009494
v -4.114446 2.533181 -5.008294
v -4.496846 2.340281 -5.210494
v -4.502446 2.352881 -5.212594
v -4.481646 2.361681 -5.214293
v -4.476146 2.349081 -5.212094
v -4.517446 2.331481 -5.207694
v -4.523146 2.343981 -5.209794
v -4.507646 2.365581 -5.210494
v -4.486946 2.374381 -5.212094
v -4.528246 2.356781 -5.207694
v -4.455446 2.357981 -5.212694
v -4.537946 2.322781 -5.203794
v -4.543746 2.335281 -5.205894
v -4.548746 2.348081 -5.203794
v -4.466146 2.383281 -5.212694
v -4.460846 2.370581 -5.214794
v -4.808946 2.207281 -4.869394
v -4.812446 2.220681 -4.868793
v -4.817246 2.218681 -4.849894
v -4.813746 2.205181 -4.850394
v -4.803246 2.209681 -4.888094
v -4.806746 2.223081 -4.887394
v -4.819646 2.232481 -4.869394
v -4.824546 2.230481 -4.850394
v -4.813946 2.234981 -4.888094
v -4.817746 2.203481 -4.831194
v -4.828446 2.228781 -4.831194
v -4.821146 2.216981 -4.830794
v -4.128446 2.497381 -5.044594
v -4.132346 2.510681 -5.045894
v -4.119446 2.516181 -5.027994
v -4.115646 2.502781 -5.026793
v -4.141946 2.491581 -5.061594
v -4.145946 2.504881 -5.063094
v -4.139246 2.522681 -5.044594
v -4.126446 2.528081 -5.026793
v -4.152746 2.516881 -5.061594
v -4.156346 2.485481 -5.077994
v -4.160346 2.498681 -5.079494
v -4.167046 2.510781 -5.077994
v -4.578146 2.305581 -5.192894
v -4.584146 2.317981 -5.194894
v -4.564046 2.326581 -5.200994
v -4.558146 2.314181 -5.198894
v -4.597946 2.297181 -5.185794
v -4.603946 2.309581 -5.187794
v -4.588946 2.330881 -5.192894
v -4.568946 2.339381 -5.198894
v -4.608646 2.322481 -5.185794
v -4.617246 2.288981 -5.177694
v -4.623446 2.301281 -5.179594
v -4.628046 2.314281 -5.177694
v -4.823046 2.201181 -4.792193
v -4.826446 2.214681 -4.791994
v -4.827746 2.214081 -4.772394
v -4.824346 2.200681 -4.772493
v -4.820846 2.202181 -4.811793
v -4.824246 2.215681 -4.811394
v -4.833846 2.226481 -4.792194
v -4.835146 2.225981 -4.772494
v -4.831546 2.227481 -4.811794
v -4.824846 2.200481 -4.752793
v -4.835546 2.225781 -4.752794
v -4.828246 2.213981 -4.752794
v -4.187046 2.472381 -5.108294
v -4.191246 2.485581 -5.109894
v -4.175446 2.492281 -5.095094
v -4.171346 2.479081 -5.093594
v -4.203446 2.465381 -5.122194
v -4.207646 2.478581 -5.123894
v -4.197846 2.497681 -5.108294
v -4.182146 2.504381 -5.093594
v -4.214246 2.490681 -5.122194
v -4.220446 2.458181 -5.135194
v -4.224746 2.471281 -5.136994
v -4.231146 2.483481 -5.135194
v -4.654846 2.272981 -5.158394
v -4.661146 2.285181 -5.160294
v -4.642446 2.293181 -5.170494
v -4.636246 2.280881 -5.168494
v -4.672846 2.265281 -5.147294
v -4.679246 2.277481 -5.149094
v -4.665546 2.298181 -5.158394
v -4.647046 2.306181 -5.168494
v -4.683646 2.290481 -5.147294
v -4.690446 2.257781 -5.135194
v -4.696846 2.269981 -5.136994
v -4.701146 2.283081 -5.135194
v -4.823046 2.201181 -4.713493
v -4.826446 2.214681 -4.713694
v -4.824246 2.215681 -4.694194
v -4.820846 2.202181 -4.693893
v -4.824346 2.200681 -4.733094
v -4.827746 2.214081 -4.733194
v -4.833846 2.226481 -4.713494
v -4.831546 2.227481 -4.693894
v -4.835146 2.225981 -4.733094
v -4.817746 2.203481 -4.674494
v -4.828446 2.228781 -4.674494
v -4.821146 2.216981 -4.674894
v -4.256046 2.442981 -5.158394
v -4.260446 2.455981 -5.160294
v -4.242346 2.463781 -5.149094
v -4.237946 2.450681 -5.147294
v -4.274546 2.435081 -5.168494
v -4.279146 2.448081 -5.170494
v -4.266746 2.468281 -5.158394
v -4.248746 2.475981 -5.147294
v -4.285346 2.460381 -5.168494
v -4.293546 2.426981 -5.177694
v -4.298146 2.439981 -5.179594
v -4.304346 2.452281 -5.177694
v -4.723746 2.243581 -5.108294
v -4.730346 2.255681 -5.109894
v -4.713946 2.262681 -5.123894
v -4.707346 2.250481 -5.122194
v -4.739446 2.236881 -5.093594
v -4.746146 2.248881 -5.095094
v -4.734546 2.268881 -5.108294
v -4.718146 2.275781 -5.122194
v -4.750246 2.262181 -5.093594
v -4.754546 2.230481 -5.077994
v -4.761246 2.242481 -5.079494
v -4.765246 2.255681 -5.077994
v -4.808946 2.207281 -4.636294
v -4.812446 2.220681 -4.636894
v -4.806746 2.223081 -4.618294
v -4.803246 2.209681 -4.617594
v -4.813746 2.205181 -4.655293
v -4.817246 2.218681 -4.655794
v -4.819646 2.232481 -4.636294
v -4.813946 2.234981 -4.617594
v -4.824546 2.230481 -4.655293
v -4.796646 2.212481 -4.599194
v -4.807446 2.237781 -4.599194
v -4.800246 2.225881 -4.599994
v -4.332646 2.410281 -5.192894
v -4.337446 2.423181 -5.194894
v -4.317646 2.431681 -5.187794
v -4.312946 2.418681 -5.185794
v -4.352646 2.401781 -5.198894
v -4.357546 2.414681 -5.200994
v -4.343446 2.435581 -5.192894
v -4.323646 2.443981 -5.185794
v -4.363446 2.427081 -5.198894
v -4.372846 2.393181 -5.203794
v -4.377846 2.405981 -5.205894
v -4.383646 2.418481 -5.203794
v -4.782346 2.218581 -5.044594
v -4.789246 2.230581 -5.045894
v -4.775646 2.236381 -5.063094
v -4.768846 2.224381 -5.061594
v -4.795146 2.213081 -5.026793
v -4.802146 2.225081 -5.027994
v -4.793146 2.243881 -5.044594
v -4.779646 2.249581 -5.061594
v -4.805946 2.238381 -5.026793
v -4.807146 2.207981 -5.008294
v -4.814146 2.219981 -5.009494
v -4.817846 2.233281 -5.008294
v -4.781146 2.219081 -4.563494
v -4.784846 2.232481 -4.564494
v -4.775946 2.236181 -4.547494
v -4.772246 2.222881 -4.546394
v -4.789346 2.215581 -4.581094
v -4.792946 2.228981 -4.582094
v -4.791946 2.244381 -4.563494
v -4.783046 2.248181 -4.546394
v -4.800146 2.240881 -4.581094
v -4.762546 2.226981 -4.529694
v -4.773346 2.252281 -4.529694
v -4.766346 2.240381 -4.530894
v -4.413946 2.375681 -5.210494
v -4.419146 2.388381 -5.212594
v -4.398446 2.397181 -5.209794
v -4.393346 2.384381 -5.207694
v -4.434646 2.366781 -5.212094
v -4.439946 2.379481 -5.214293
v -4.424746 2.400881 -5.210494
v -4.404146 2.409681 -5.207694
v -4.445446 2.392081 -5.212094
v -4.828446 2.198881 -4.969594
v -4.835546 2.210781 -4.970594
v -4.825246 2.215181 -4.990294
v -4.818246 2.203281 -4.989194
v -4.837746 2.194881 -4.949394
v -4.844946 2.206781 -4.950394
v -4.839246 2.224181 -4.969594
v -4.829046 2.228581 -4.989194
v -4.848546 2.220181 -4.949394
v -4.846246 2.191381 -4.928794
v -4.853446 2.203181 -4.929594
v -4.856946 2.216581 -4.928794
v -4.740946 2.236181 -4.498094
v -4.744846 2.249481 -4.499393
v -4.733046 2.254481 -4.484594
v -4.729146 2.241281 -4.483194
v -4.752146 2.231481 -4.513594
v -4.755946 2.244781 -4.514894
v -4.751746 2.261481 -4.498094
v -4.739846 2.266581 -4.483194
v -4.762846 2.256781 -4.513594
v -4.716646 2.246581 -4.468894
v -4.727346 2.271881 -4.468894
v -4.720646 2.259781 -4.470394
v -4.860146 2.185381 -4.886293
v -4.867446 2.197181 -4.886894
v -4.860946 2.199981 -4.908494
v -4.853646 2.188181 -4.907794
v -4.865746 2.182981 -4.864594
v -4.873046 2.194881 -4.865094
v -4.870946 2.210681 -4.886294
v -4.864446 2.213481 -4.907794
v -4.876546 2.208281 -4.864594
v -4.870246 2.181081 -4.842494
v -4.877546 2.192881 -4.842994
v -4.881046 2.206381 -4.842494
v -4.689746 2.258081 -4.442394
v -4.693946 2.271181 -4.444094
v -4.679646 2.277281 -4.431993
v -4.675446 2.264181 -4.430294
v -4.703446 2.252181 -4.455294
v -4.707546 2.265381 -4.456894
v -4.700546 2.283381 -4.442394
v -4.686246 2.289381 -4.430294
v -4.714246 2.277481 -4.455294
v -4.660646 2.270481 -4.418894
v -4.671446 2.295781 -4.418894
v -4.664946 2.283581 -4.420694
v -4.876346 2.178481 -4.797894
v -4.883746 2.190281 -4.798094
v -4.881146 2.191381 -4.820594
v -4.873846 2.179581 -4.820293
v -4.877846 2.177781 -4.775393
v -4.885246 2.189681 -4.775494
v -4.887146 2.203781 -4.797894
v -4.884646 2.204881 -4.820294
v -4.888646 2.203081 -4.775393
v -4.878446 2.177581 -4.752793
v -4.885746 2.189381 -4.752793
v -4.889146 2.202881 -4.752794
v -4.629546 2.283681 -4.398694
v -4.634046 2.296781 -4.400594
v -4.617946 2.303581 -4.391694
v -4.613346 2.290581 -4.389794
v -4.645346 2.276981 -4.408394
v -4.649746 2.290081 -4.410194
v -4.640346 2.308981 -4.398694
v -4.624146 2.315881 -4.389794
v -4.656146 2.302281 -4.408394
v -4.596746 2.297681 -4.381794
v -4.607546 2.322981 -4.381794
v -4.601446 2.310681 -4.383794
v -4.876346 2.178481 -4.707794
v -4.883746 2.190281 -4.707594
v -4.885246 2.189681 -4.730194
v -4.877846 2.177781 -4.730294
v -4.873846 2.179581 -4.685393
v -4.881146 2.191381 -4.685094
v -4.887146 2.203781 -4.707794
v -4.888646 2.203081 -4.730294
v -4.884646 2.204881 -4.685394
v -4.870246 2.181081 -4.663094
v -4.877546 2.192881 -4.662694
v -4.881046 2.206381 -4.663094
v -4.562646 2.312281 -4.368594
v -4.567446 2.325081 -4.370594
v -4.550046 2.332581 -4.365394
v -4.545146 2.319681 -4.363294
v -4.579846 2.304881 -4.374694
v -4.584546 2.317781 -4.376694
v -4.573446 2.337481 -4.368594
v -4.555946 2.344981 -4.363294
v -4.590646 2.330181 -4.374694
v -4.527446 2.327281 -4.358994
v -4.538246 2.352481 -4.358994
v -4.532446 2.340081 -4.361094
v -4.860146 2.185381 -4.619393
v -4.867446 2.197181 -4.618693
v -4.873046 2.194881 -4.640594
v -4.865746 2.182981 -4.641094
v -4.853646 2.188181 -4.597894
v -4.860946 2.199981 -4.597194
v -4.870946 2.210681 -4.619394
v -4.876546 2.208281 -4.641094
v -4.864446 2.213481 -4.597894
v -4.846246 2.191381 -4.576894
v -4.853446 2.203181 -4.576094
v -4.856946 2.216581 -4.576894
v -4.491646 2.342481 -4.353194
v -4.496846 2.355281 -4.355294
v -4.478846 2.362881 -4.353894
v -4.473546 2.350281 -4.351694
v -4.509646 2.334881 -4.355594
v -4.514746 2.347581 -4.357694
v -4.502346 2.367781 -4.353194
v -4.484346 2.375481 -4.351694
v -4.520346 2.360181 -4.355594
v -4.455446 2.357981 -4.351294
v -4.466146 2.383281 -4.351294
v -4.460846 2.370581 -4.353394
v -4.828446 2.198881 -4.536094
v -4.835546 2.210781 -4.535094
v -4.844946 2.206781 -4.555294
v -4.837746 2.194881 -4.556193
v -4.818246 2.203281 -4.516394
v -4.825246 2.215181 -4.515294
v -4.839246 2.224181 -4.536094
v -4.848546 2.220181 -4.556194
v -4.829046 2.228581 -4.516394
v -4.807146 2.207981 -4.497394
v -4.814146 2.219981 -4.496194
v -4.817846 2.233281 -4.497394
v -4.419246 2.373381 -4.353194
v -4.424746 2.385981 -4.355294
v -4.406846 2.393581 -4.357694
v -4.401246 2.381081 -4.355594
v -4.437246 2.365681 -4.351694
v -4.442746 2.378281 -4.353894
v -4.429946 2.398681 -4.353194
v -4.411946 2.406381 -4.355594
v -4.448046 2.390981 -4.351694
v -4.383346 2.388681 -4.358994
v -4.394146 2.413981 -4.358994
v -4.389146 2.401181 -4.361094
v -4.782346 2.218581 -4.461094
v -4.789246 2.230581 -4.459794
v -4.802146 2.225081 -4.477594
v -4.795146 2.213081 -4.478894
v -4.768846 2.224381 -4.443994
v -4.775646 2.236381 -4.442594
v -4.793146 2.243881 -4.461094
v -4.805946 2.238381 -4.478894
v -4.779646 2.249581 -4.443994
v -4.754546 2.230481 -4.427694
v -4.761246 2.242481 -4.426194
v -4.765246 2.255681 -4.427694
v -4.348146 2.403681 -4.368594
v -4.354146 2.416081 -4.370594
v -4.337046 2.423381 -4.376694
v -4.330946 2.410981 -4.374694
v -4.365646 2.396281 -4.363294
v -4.371546 2.408681 -4.365394
v -4.358946 2.428981 -4.368594
v -4.341746 2.436281 -4.374694
v -4.376446 2.421481 -4.363294
v -4.314046 2.418281 -4.381794
v -4.324846 2.443481 -4.381794
v -4.320146 2.430581 -4.383794
v -4.723746 2.243581 -4.397394
v -4.730346 2.255681 -4.395694
v -4.746146 2.248881 -4.410494
v -4.739446 2.236881 -4.412094
v -4.707346 2.250481 -4.383494
v -4.713946 2.262681 -4.381794
v -4.734546 2.268881 -4.397394
v -4.750246 2.262181 -4.412094
v -4.718146 2.275781 -4.383494
v -4.690446 2.257781 -4.370494
v -4.696846 2.269981 -4.368694
v -4.701146 2.283081 -4.370494
v -4.281246 2.432181 -4.398694
v -4.287546 2.444481 -4.400594
v -4.271846 2.451181 -4.410194
v -4.265446 2.438981 -4.408394
v -4.297446 2.425281 -4.389794
v -4.303646 2.437581 -4.391694
v -4.292046 2.457481 -4.398694
v -4.276246 2.464181 -4.408394
v -4.308246 2.450581 -4.389794
v -4.250146 2.445481 -4.418894
v -4.260946 2.470781 -4.418894
v -4.256646 2.457681 -4.420694
v -4.654846 2.272981 -4.347294
v -4.661146 2.285181 -4.345394
v -4.679246 2.277481 -4.356594
v -4.672846 2.265281 -4.358394
v -4.636246 2.280881 -4.337193
v -4.642446 2.293181 -4.335194
v -4.665546 2.298181 -4.347294
v -4.683646 2.290481 -4.358394
v -4.647046 2.306181 -4.337193
v -4.617246 2.288981 -4.327994
v -4.623446 2.301281 -4.325994
v -4.628046 2.314281 -4.327994
v -4.221046 2.457881 -4.442394
v -4.227646 2.469981 -4.444094
v -4.214046 2.475781 -4.456894
v -4.207346 2.463781 -4.455294
v -4.235346 2.451781 -4.430294
v -4.241946 2.463981 -4.431993
v -4.231846 2.483181 -4.442394
v -4.218146 2.488981 -4.455294
v -4.246146 2.477081 -4.430294
v -4.194246 2.469381 -4.468894
v -4.204946 2.494581 -4.468894
v -4.200946 2.481381 -4.470394
v -4.578146 2.305581 -4.312794
v -4.584146 2.317981 -4.310794
v -4.603946 2.309581 -4.317894
v -4.597946 2.297181 -4.319894
v -4.558146 2.314181 -4.306794
v -4.564046 2.326581 -4.304694
v -4.588946 2.330881 -4.312794
v -4.608646 2.322481 -4.319894
v -4.568946 2.339381 -4.306794
v -4.537946 2.322781 -4.301794
v -4.543746 2.335281 -4.299694
v -4.548746 2.348081 -4.301794
v -4.169846 2.479681 -4.498094
v -4.176746 2.491681 -4.499393
v -4.165646 2.496481 -4.514894
v -4.158746 2.484481 -4.513594
v -4.181746 2.474681 -4.483194
v -4.188546 2.486681 -4.484594
v -4.180646 2.504981 -4.498094
v -4.169446 2.509781 -4.513594
v -4.192446 2.499981 -4.483194
v -4.148246 2.488881 -4.529694
v -4.159046 2.514181 -4.529694
v -4.155246 2.500881 -4.530894
v -4.496846 2.340281 -4.295194
v -4.502446 2.352881 -4.293094
v -4.523146 2.343981 -4.295894
v -4.517446 2.331481 -4.297994
v -4.476146 2.349081 -4.293594
v -4.481646 2.361681 -4.291394
v -4.507646 2.365581 -4.295194
v -4.528246 2.356781 -4.297994
v -4.486946 2.374381 -4.293594
v -4.455446 2.357981 -4.292994
v -4.460846 2.370581 -4.290894
v -4.466146 2.383281 -4.292994
v -4.129646 2.496881 -4.563494
v -4.136746 2.508781 -4.564494
v -4.128646 2.512281 -4.582094
v -4.121446 2.500381 -4.581094
v -4.138546 2.493081 -4.546394
v -4.145646 2.504981 -4.547494
v -4.140446 2.522181 -4.563494
v -4.132246 2.525581 -4.581094
v -4.149346 2.518381 -4.546394
v -4.114146 2.503481 -4.599194
v -4.124946 2.528781 -4.599194
v -4.121346 2.515381 -4.599994
v -4.413946 2.375681 -4.295194
v -4.419146 2.388381 -4.293094
v -4.439946 2.379481 -4.291394
v -4.434646 2.366781 -4.293594
v -4.393346 2.384381 -4.297994
v -4.398446 2.397181 -4.295894
v -4.424746 2.400881 -4.295194
v -4.445446 2.392081 -4.293594
v -4.404146 2.409681 -4.297994
v -4.372846 2.393181 -4.301794
v -4.377846 2.405981 -4.299694
v -4.383646 2.418481 -4.301794
v -4.101946 2.508681 -4.636294
v -4.109146 2.520481 -4.636894
v -4.104346 2.522581 -4.655794
v -4.097046 2.510781 -4.655293
v -4.107646 2.506281 -4.617594
v -4.114846 2.518081 -4.618294
v -4.112646 2.533981 -4.636294
v -4.107846 2.536081 -4.655293
v -4.118346 2.531581 -4.617594
v -4.093146 2.512481 -4.674494
v -4.103846 2.537681 -4.674494
v -4.100446 2.524281 -4.674894
v -4.332646 2.410281 -4.312794
v -4.337446 2.423181 -4.310794
v -4.357546 2.414681 -4.304694
v -4.352646 2.401781 -4.306794
v -4.312946 2.418681 -4.319894
v -4.317646 2.431681 -4.317894
v -4.343446 2.435581 -4.312794
v -4.363446 2.427081 -4.306794
v -4.323646 2.443981 -4.319894
v -4.293546 2.426981 -4.327994
v -4.298146 2.439981 -4.325994
v -4.304346 2.452281 -4.327994
v -4.087746 2.514681 -4.713494
v -4.095146 2.526481 -4.713694
v -4.093846 2.527081 -4.733194
v -4.086446 2.515281 -4.733094
v -4.090046 2.513781 -4.693894
v -4.097346 2.525581 -4.694194
v -4.098546 2.539981 -4.713494
v -4.097246 2.540581 -4.733094
v -4.100746 2.539081 -4.693894
v -4.086046 2.515481 -4.752794
v -4.096746 2.540781 -4.752794
v -4.093346 2.527281 -4.752794
v -4.256046 2.442981 -4.347294
v -4.260446 2.455981 -4.345394
v -4.279146 2.448081 -4.335194
v -4.274546 2.435081 -4.337193
v -4.237946 2.450681 -4.358394
v -4.242346 2.463781 -4.356594
v -4.266746 2.468281 -4.347294
v -4.285346 2.460381 -4.337193
v -4.248746 2.475981 -4.358394
v -4.220446 2.458181 -4.370494
v -4.224746 2.471281 -4.368694
v -4.231146 2.483481 -4.370494
v -4.087746 2.514681 -4.792194
v -4.095146 2.526481 -4.791994
v -4.097346 2.525581 -4.811394
v -4.090046 2.513781 -4.811794
v -4.086446 2.515281 -4.772494
v -4.093846 2.527081 -4.772394
v -4.098546 2.539981 -4.792194
v -4.100746 2.539081 -4.811794
v -4.097246 2.540581 -4.772494
v -4.093146 2.512481 -4.831194
v -4.103846 2.537681 -4.831194
v -4.100446 2.524281 -4.830794
v -4.187046 2.472381 -4.397394
v -4.191246 2.485581 -4.395694
v -4.207646 2.478581 -4.381794
v -4.203446 2.465381 -4.383494
v -4.171346 2.479081 -4.412094
v -4.175446 2.492281 -4.410494
v -4.197846 2.497681 -4.397394
v -4.214246 2.490681 -4.383494
v -4.182146 2.504381 -4.412094
v -4.156346 2.485481 -4.427694
v -4.160346 2.498681 -4.426194
v -4.167046 2.510781 -4.427694
v -4.101946 2.508681 -4.869394
v -4.109146 2.520481 -4.868793
v -4.114846 2.518081 -4.887394
v -4.107646 2.506281 -4.888094
v -4.097046 2.510781 -4.850394
v -4.104346 2.522581 -4.849894
v -4.112646 2.533981 -4.869394
v -4.118346 2.531581 -4.888094
v -4.107846 2.536081 -4.850394
v -4.114146 2.503481 -4.906494
v -4.124946 2.528781 -4.906494
v -4.121346 2.515381 -4.905694
v -4.128446 2.497381 -4.461094
v -4.132346 2.510681 -4.459794
v -4.145946 2.504881 -4.442594
v -4.141946 2.491581 -4.443994
v -4.115646 2.502781 -4.478894
v -4.119446 2.516181 -4.477594
v -4.139246 2.522681 -4.461094
v -4.152746 2.516881 -4.443994
v -4.126446 2.528081 -4.478894
v -4.103746 2.507881 -4.497394
v -4.107446 2.521281 -4.496194
v -4.114446 2.533181 -4.497394
v -4.129646 2.496881 -4.942094
v -4.136746 2.508781 -4.941094
v -4.145646 2.504981 -4.958194
v -4.138546 2.493081 -4.959294
v -4.121446 2.500381 -4.924494
v -4.128646 2.512281 -4.923594
v -4.140446 2.522181 -4.942094
v -4.149346 2.518381 -4.959294
v -4.132246 2.525581 -4.924494
v -4.148246 2.488881 -4.975894
v -4.159046 2.514181 -4.975894
v -4.155246 2.500881 -4.974794
v -4.491646 2.342481 -5.152493
v -4.496846 2.355281 -5.150393
v -4.514746 2.347581 -5.147994
v -4.509646 2.334881 -5.150094
v -4.473546 2.350281 -5.153894
v -4.478846 2.362881 -5.151793
v -4.502346 2.367781 -5.152493
v -4.520346 2.360181 -5.150094
v -4.484346 2.375481 -5.153894
v -4.527446 2.327281 -5.146694
v -4.538246 2.352481 -5.146694
v -4.532446 2.340081 -5.144594
v -4.082346 2.516981 -4.536094
v -4.086046 2.530381 -4.535094
v -4.096346 2.525981 -4.515294
v -4.092546 2.512681 -4.516394
v -4.073046 2.520981 -4.556194
v -4.076646 2.534381 -4.555294
v -4.093146 2.542281 -4.536094
v -4.103346 2.537981 -4.516394
v -4.083846 2.546281 -4.556194
v -4.064646 2.524581 -4.576894
v -4.068146 2.537981 -4.576094
v -4.075346 2.549881 -4.576894
v -4.169846 2.479681 -5.007594
v -4.176746 2.491681 -5.006194
v -4.188546 2.486681 -5.021094
v -4.181746 2.474681 -5.022494
v -4.158746 2.484481 -4.992094
v -4.165646 2.496481 -4.990794
v -4.180646 2.504981 -5.007594
v -4.192446 2.499981 -5.022494
v -4.169446 2.509781 -4.992094
v -4.194246 2.469381 -5.036794
v -4.204946 2.494581 -5.036794
v -4.200946 2.481381 -5.035294
v -4.562646 2.312281 -5.137094
v -4.567446 2.325081 -5.135094
v -4.584546 2.317781 -5.128894
v -4.579846 2.304881 -5.130894
v -4.545146 2.319681 -5.142394
v -4.550046 2.332581 -5.140294
v -4.573446 2.337481 -5.137094
v -4.590646 2.330181 -5.130894
v -4.555946 2.344981 -5.142394
v -4.596746 2.297681 -5.123794
v -4.607546 2.322981 -5.123794
v -4.601446 2.310681 -5.121894
v -4.050646 2.530581 -4.619394
v -4.054146 2.543981 -4.618694
v -4.060646 2.541181 -4.597194
v -4.057146 2.527781 -4.597894
v -4.045046 2.532881 -4.641094
v -4.048546 2.546381 -4.640594
v -4.061446 2.555881 -4.619394
v -4.067946 2.553081 -4.597894
v -4.055846 2.558181 -4.641094
v -4.040546 2.534881 -4.663094
v -4.044046 2.548281 -4.662694
v -4.051346 2.560181 -4.663094
v -4.221046 2.457881 -5.063294
v -4.227646 2.469981 -5.061594
v -4.241946 2.463981 -5.073694
v -4.235346 2.451781 -5.075394
v -4.207346 2.463781 -5.050394
v -4.214046 2.475781 -5.048794
v -4.231846 2.483181 -5.063294
v -4.246146 2.477081 -5.075394
v -4.218146 2.488981 -5.050394
v -4.250146 2.445481 -5.086694
v -4.260946 2.470781 -5.086694
v -4.256646 2.457681 -5.084994
v -4.629546 2.283681 -5.106994
v -4.634046 2.296781 -5.105094
v -4.649746 2.290081 -5.095494
v -4.645346 2.276981 -5.097294
v -4.613346 2.290581 -5.115894
v -4.617946 2.303581 -5.113894
v -4.640346 2.308981 -5.106994
v -4.656146 2.302281 -5.097294
v -4.624146 2.315881 -5.115894
v -4.660646 2.270481 -5.086694
v -4.671446 2.295781 -5.086694
v -4.664946 2.283581 -5.084994
v -4.034446 2.537481 -4.707794
v -4.037846 2.550881 -4.707594
v -4.040446 2.549881 -4.685094
v -4.036946 2.536381 -4.685394
v -4.032946 2.538081 -4.730294
v -4.036346 2.551581 -4.730194
v -4.045246 2.562781 -4.707794
v -4.047746 2.561681 -4.685394
v -4.043746 2.563381 -4.730294
v -4.032446 2.538281 -4.752794
v -4.035846 2.551781 -4.752794
v -4.043146 2.563581 -4.752794
v -4.281246 2.432181 -5.106994
v -4.287546 2.444481 -5.105094
v -4.303646 2.437581 -5.113894
v -4.297446 2.425281 -5.115894
v -4.265446 2.438981 -5.097294
v -4.271846 2.451181 -5.095494
v -4.292046 2.457481 -5.106994
v -4.308246 2.450581 -5.115894
v -4.276246 2.464181 -5.097294
v -4.314046 2.418281 -5.123794
v -4.324846 2.443481 -5.123794
v -4.320146 2.430581 -5.121894
v -4.689746 2.258081 -5.063294
v -4.693946 2.271181 -5.061594
v -4.707546 2.265381 -5.048794
v -4.703446 2.252181 -5.050394
v -4.675446 2.264181 -5.075394
v -4.679646 2.277281 -5.073694
v -4.700546 2.283381 -5.063294
v -4.714246 2.277481 -5.050394
v -4.686246 2.289381 -5.075394
v -4.716646 2.246581 -5.036794
v -4.727346 2.271881 -5.036794
v -4.720646 2.259781 -5.035294
v -4.034446 2.537481 -4.797894
v -4.037846 2.550881 -4.798094
v -4.036346 2.551581 -4.775494
v -4.032946 2.538081 -4.775393
v -4.036946 2.536381 -4.820294
v -4.040446 2.549881 -4.820594
v -4.045246 2.562781 -4.797894
v -4.043746 2.563381 -4.775393
v -4.047746 2.561681 -4.820294
v -4.348146 2.403681 -5.137094
v -4.354146 2.416081 -5.135094
v -4.371546 2.408681 -5.140294
v -4.365646 2.396281 -5.142394
v -4.330946 2.410981 -5.130894
v -4.337046 2.423381 -5.128894
v -4.358946 2.428981 -5.137094
v -4.376446 2.421481 -5.142394
v -4.341746 2.436281 -5.130894
v -4.740946 2.236181 -5.007594
v -4.744846 2.249481 -5.006194
v -4.755946 2.244781 -4.990794
v -4.752146 2.231481 -4.992094
v -4.729146 2.241281 -5.022494
v -4.733046 2.254481 -5.021094
v -4.751746 2.261481 -5.007594
v -4.762846 2.256781 -4.992094
v -4.739846 2.266581 -5.022494
vn -0.3579 0.9150 0.1860
vn -0.3590 0.9147 0.1856
vn -0.3652 0.9122 0.1860
vn -0.3706 0.9095 0.1881
vn -0.3774 0.9067 0.1884
vn -0.3769 0.9070 0.1879
vn -0.4020 0.8972 -0.1828
vn -0.4020 0.8970 -0.1836
vn -0.4069 0.8947 -0.1840
vn -0.4133 0.8924 -0.1808
vn -0.3966 0.8986 -0.1877
vn -0.3950 0.8992 -0.1881
vn -0.2344 0.7964 0.5575
vn -0.2597 0.7856 0.5616
vn -0.2597 0.7856 0.5615
vn -0.2851 0.7748 0.5643
vn -0.2850 0.7748 0.5643
vn -0.3106 0.7639 0.5657
vn -0.3107 0.7639 0.5656
vn -0.3818 0.9056 0.1847
vn -0.3885 0.9028 0.1847
vn -0.3820 0.9051 -0.1869
vn -0.3826 0.9053 -0.1845
vn -0.3361 0.7530 -0.5657
vn -0.3363 0.7528 -0.5659
vn -0.3362 0.7530 -0.5657
vn -0.3617 0.7421 -0.5643
vn -0.3871 0.7313 -0.5616
vn -0.4122 0.7205 -0.5577
vn -0.4124 0.7205 -0.5575
vn -0.4123 0.7205 -0.5576
vn -0.4120 0.7204 -0.5580
vn -0.4189 0.8899 -0.1807
vn -0.4190 0.8898 -0.1811
vn -0.3529 0.9180 0.1810
vn -0.3526 0.9180 0.1815
vn 0.4110 -0.8924 0.1862
vn 0.3997 -0.8974 0.1871
vn 0.4037 -0.8956 0.1870
vn 0.4110 -0.8924 0.1860
vn 0.3622 -0.9133 -0.1865
vn 0.3684 -0.9115 -0.1831
vn 0.3678 -0.9119 -0.1823
vn 0.3580 -0.9151 -0.1857
vn 0.3914 -0.9018 0.1831
vn 0.3977 -0.8986 0.1856
vn 0.3726 -0.9090 -0.1870
vn 0.3804 -0.9056 -0.1875
vn 0.4124 -0.7205 0.5575
vn 0.4125 -0.7205 0.5575
vn 0.4125 -0.7204 0.5575
vn 0.4158 -0.8906 0.1844
vn 0.4211 -0.8880 0.1848
vn 0.3541 -0.9168 -0.1845
vn 0.3490 -0.9188 -0.1844
vn 0.2343 -0.7966 -0.5572
vn 0.2344 -0.7964 -0.5575
vn 0.2343 -0.7965 -0.5573
vn 0.2343 -0.7966 -0.5573
vn 0.2597 -0.7856 -0.5616
vn 0.2849 -0.7750 -0.5640
vn 0.2850 -0.7748 -0.5643
vn 0.2851 -0.7748 -0.5642
vn 0.2851 -0.7748 -0.5643
vn 0.3106 -0.7639 -0.5657
vn 0.3886 -0.9022 -0.1870
vn 0.3882 -0.9029 -0.1843
vn 0.3866 -0.9038 0.1836
vn 0.3864 -0.9039 0.1835
vn 0.3361 -0.7530 0.5657
vn 0.3362 -0.7530 0.5657
vn 0.3617 -0.7421 0.5643
vn 0.3871 -0.7313 0.5616
vn 0.3870 -0.7313 0.5616
vn 0.4436 -0.8783 0.1781
vn 0.4306 -0.8846 0.1792
vn 0.4386 -0.8812 0.1765
vn 0.4434 -0.8785 0.1776
vn 0.3282 -0.9285 -0.1737
vn 0.3364 -0.9250 -0.1766
vn 0.3363 -0.9251 -0.1763
vn 0.3282 -0.9285 -0.1739
vn 0.4269 -0.8857 0.1825
vn 0.4269 -0.8856 0.1830
vn 0.3462 -0.9211 -0.1779
vn 0.3426 -0.9226 -0.1771
vn 0.5107 -0.6786 0.5278
vn 0.5107 -0.6786 0.5279
vn 0.4497 -0.8757 0.1759
vn 0.4545 -0.8743 0.1704
vn 0.3202 -0.9321 -0.1692
vn 0.3187 -0.9327 -0.1691
vn 0.1361 -0.8383 -0.5279
vn 0.1601 -0.8281 -0.5373
vn 0.1845 -0.8177 -0.5453
vn 0.2092 -0.8071 -0.5521
vn 0.2093 -0.8071 -0.5521
vn 0.2091 -0.8071 -0.5522
vn 0.4375 -0.7098 0.5521
vn 0.4374 -0.7098 0.5521
vn 0.4623 -0.6992 0.5453
vn 0.4622 -0.6993 0.5453
vn 0.4867 -0.6888 0.5373
vn 0.4867 -0.6889 0.5372
vn 0.4866 -0.6888 0.5373
vn 0.4742 -0.8666 0.1556
vn 0.4623 -0.8714 0.1643
vn 0.4693 -0.8682 0.1613
vn 0.4769 -0.8642 0.1607
vn 0.2982 -0.9415 -0.1570
vn 0.3073 -0.9376 -0.1628
vn 0.3070 -0.9378 -0.1624
vn 0.2984 -0.9413 -0.1578
vn 0.4579 -0.8734 0.1659
vn 0.4581 -0.8734 0.1653
vn 0.3141 -0.9348 -0.1657
vn 0.3140 -0.9349 -0.1656
vn 0.6018 -0.6397 0.4781
vn 0.4773 -0.8649 0.1556
vn 0.4814 -0.8634 0.1513
vn 0.2873 -0.9450 -0.1560
vn 0.2885 -0.9447 -0.1562
vn 0.0449 -0.8772 -0.4781
vn 0.0449 -0.8771 -0.4781
vn 0.0450 -0.8772 -0.4781
vn 0.0668 -0.8678 -0.4924
vn 0.0893 -0.8582 -0.5055
vn 0.0893 -0.8582 -0.5054
vn 0.1124 -0.8484 -0.5173
vn 0.1125 -0.8484 -0.5173
vn 0.1123 -0.8484 -0.5173
vn 0.5343 -0.6685 0.5173
vn 0.5574 -0.6587 0.5054
vn 0.5799 -0.6491 0.4923
vn 0.4999 -0.8546 0.1405
vn 0.4928 -0.8576 0.1473
vn 0.4965 -0.8560 0.1441
vn 0.5028 -0.8534 0.1376
vn 0.2701 -0.9523 -0.1417
vn 0.2757 -0.9502 -0.1453
vn 0.2753 -0.9502 -0.1460
vn 0.2738 -0.9521 -0.1361
vn 0.4856 -0.8617 0.1471
vn 0.4843 -0.8622 0.1488
vn 0.2822 -0.9469 -0.1538
vn 0.2856 -0.9470 -0.1474
vn 0.6823 -0.6054 0.4099
vn 0.6822 -0.6054 0.4100
vn 0.6823 -0.6054 0.4098
vn 0.5084 -0.8509 0.1322
vn 0.5084 -0.8509 0.1326
vn 0.2654 -0.9546 -0.1354
vn 0.2610 -0.9565 -0.1307
vn -0.0355 -0.9115 -0.4098
vn -0.0166 -0.9034 -0.4285
vn 0.0031 -0.8950 -0.4461
vn 0.0237 -0.8862 -0.4626
vn 0.6231 -0.6307 0.4626
vn 0.6436 -0.6219 0.4461
vn 0.6435 -0.6218 0.4463
vn 0.6634 -0.6134 0.4285
vn 0.6634 -0.6135 0.4284
vn 0.6634 -0.6135 0.4285
vn 0.5225 -0.8450 0.1138
vn 0.5172 -0.8473 0.1205
vn 0.5195 -0.8463 0.1179
vn 0.5255 -0.8436 0.1102
vn 0.2455 -0.9629 -0.1118
vn 0.2501 -0.9608 -0.1199
vn 0.2506 -0.9606 -0.1198
vn 0.2460 -0.9628 -0.1117
vn 0.5151 -0.8479 0.1259
vn 0.5141 -0.8483 0.1266
vn 0.2556 -0.9587 -0.1246
vn 0.2587 -0.9574 -0.1280
vn 0.7489 -0.5771 0.3257
vn 0.7489 -0.5772 0.3257
vn 0.7489 -0.5770 0.3258
vn 0.5298 -0.8416 0.1050
vn 0.5291 -0.8419 0.1062
vn 0.2411 -0.9653 -0.1002
vn 0.2445 -0.9645 -0.0996
vn -0.1022 -0.9399 -0.3258
vn -0.0869 -0.9334 -0.3482
vn -0.0867 -0.9334 -0.3481
vn -0.0708 -0.9265 -0.3696
vn -0.0536 -0.9192 -0.3901
vn -0.0536 -0.9192 -0.3902
vn 0.7004 -0.5977 0.3901
vn 0.7003 -0.5978 0.3901
vn 0.7003 -0.5979 0.3900
vn 0.7176 -0.5902 0.3698
vn 0.7175 -0.5904 0.3696
vn 0.7337 -0.5835 0.3482
vn 0.7336 -0.5835 0.3483
vn 0.7337 -0.5835 0.3481
vn 0.5408 -0.8371 0.0826
vn 0.5365 -0.8390 0.0903
vn 0.5382 -0.8383 0.0870
vn 0.5426 -0.8364 0.0774
vn 0.2273 -0.9708 -0.0771
vn 0.2329 -0.9684 -0.0888
vn 0.2324 -0.9685 -0.0896
vn 0.2328 -0.9694 -0.0779
vn 0.5308 -0.8423 0.0939
vn 0.5316 -0.8420 0.0917
vn 0.2414 -0.9659 -0.0933
vn 0.2410 -0.9659 -0.0948
vn 0.7992 -0.5556 0.2293
vn 0.7992 -0.5556 0.2294
vn 0.7992 -0.5555 0.2293
vn 0.5454 -0.8351 0.0722
vn 0.5456 -0.8349 0.0723
vn 0.2249 -0.9716 -0.0730
vn 0.2254 -0.9716 -0.0722
vn -0.1526 -0.9613 -0.2293
vn -0.1527 -0.9613 -0.2291
vn -0.1525 -0.9613 -0.2293
vn -0.1415 -0.9567 -0.2545
vn -0.1415 -0.9567 -0.2544
vn -0.1295 -0.9515 -0.2789
vn -0.1164 -0.9460 -0.3027
vn 0.7631 -0.5709 0.3027
vn 0.7763 -0.5654 0.2789
vn 0.7763 -0.5653 0.2789
vn 0.7883 -0.5602 0.2544
vn 0.5493 -0.8344 0.0456
vn 0.5501 -0.8331 0.0579
vn 0.5505 -0.8333 0.0504
vn 0.5514 -0.8332 0.0420
vn 0.2170 -0.9751 -0.0459
vn 0.2221 -0.9737 -0.0507
vn 0.2215 -0.9739 -0.0502
vn 0.2173 -0.9750 -0.0465
vn 0.5489 -0.8334 0.0642
vn 0.5490 -0.8334 0.0638
vn 0.2279 -0.9717 -0.0624
vn 0.2267 -0.9720 -0.0613
vn 0.8312 -0.5420 0.1240
vn 0.8312 -0.5419 0.1240
vn 0.8312 -0.5419 0.1239
vn 0.5545 -0.8313 0.0376
vn 0.5546 -0.8312 0.0384
vn 0.2156 -0.9758 -0.0366
vn 0.2161 -0.9757 -0.0367
vn -0.1845 -0.9750 -0.1240
vn -0.1845 -0.9750 -0.1242
vn -0.1783 -0.9723 -0.1509
vn -0.1782 -0.9724 -0.1508
vn -0.1708 -0.9692 -0.1775
vn -0.1708 -0.9692 -0.1773
vn -0.1622 -0.9655 -0.2036
vn 0.8091 -0.5513 0.2036
vn 0.8090 -0.5514 0.2036
vn 0.8090 -0.5514 0.2035
vn 0.8176 -0.5477 0.1775
vn 0.8177 -0.5476 0.1775
vn 0.8251 -0.5445 0.1509
vn 0.8250 -0.5446 0.1509
vn 0.5544 -0.8322 0.0105
vn 0.5570 -0.8302 0.0211
vn 0.5577 -0.8299 0.0154
vn 0.5557 -0.8314 0.0066
vn 0.2173 -0.9760 -0.0111
vn 0.2115 -0.9772 -0.0179
vn 0.2149 -0.9765 -0.0183
vn 0.2177 -0.9760 -0.0098
vn 0.5540 -0.8320 0.0305
vn 0.5560 -0.8306 0.0300
vn 0.2179 -0.9757 -0.0245
vn 0.2177 -0.9757 -0.0262
vn 0.8437 -0.5366 0.0139
vn 0.8436 -0.5367 0.0139
vn 0.8437 -0.5367 0.0139
vn 0.5550 -0.8319 -0.0000
vn 0.5549 -0.8319 -0.0000
vn 0.2175 -0.9761 -0.0001
vn 0.2174 -0.9761 -0.0000
vn -0.1970 -0.9803 -0.0139
vn -0.1957 -0.9798 -0.0416
vn -0.1932 -0.9787 -0.0693
vn -0.1895 -0.9771 -0.0967
vn 0.8362 -0.5398 0.0967
vn 0.8362 -0.5398 0.0966
vn 0.8400 -0.5382 0.0692
vn 0.8425 -0.5371 0.0416
vn 0.5573 -0.8298 -0.0281
vn 0.5569 -0.8304 -0.0152
vn 0.5575 -0.8299 -0.0192
vn 0.5546 -0.8316 -0.0309
vn 0.2180 -0.9756 0.0248
vn 0.2115 -0.9772 0.0180
vn 0.2149 -0.9765 0.0182
vn 0.2176 -0.9757 0.0262
vn 0.5547 -0.8320 -0.0090
vn 0.5545 -0.8321 -0.0083
vn 0.2173 -0.9760 0.0112
vn 0.2177 -0.9760 0.0097
vn 0.8362 -0.5398 -0.0967
vn 0.5545 -0.8313 -0.0377
vn 0.5546 -0.8312 -0.0386
vn 0.2156 -0.9758 0.0366
vn 0.2161 -0.9757 0.0367
vn -0.1895 -0.9771 0.0967
vn -0.1932 -0.9787 0.0692
vn -0.1957 -0.9798 0.0417
vn -0.1970 -0.9803 0.0139
vn 0.8437 -0.5366 -0.0139
vn 0.8425 -0.5371 -0.0416
vn 0.8400 -0.5382 -0.0692
vn 0.8401 -0.5381 -0.0690
vn 0.5491 -0.8336 -0.0605
vn 0.5505 -0.8333 -0.0505
vn 0.5514 -0.8324 -0.0557
vn 0.5472 -0.8344 -0.0661
vn 0.2279 -0.9717 0.0623
vn 0.2223 -0.9737 0.0507
vn 0.2217 -0.9738 0.0500
vn 0.2267 -0.9720 0.0613
vn 0.5499 -0.8340 -0.0440
vn 0.5498 -0.8342 -0.0428
vn 0.2170 -0.9751 0.0459
vn 0.2173 -0.9750 0.0465
vn 0.8091 -0.5513 -0.2036
vn 0.8091 -0.5512 -0.2036
vn 0.8090 -0.5514 -0.2036
vn 0.5454 -0.8351 -0.0722
vn 0.5455 -0.8350 -0.0723
vn 0.2248 -0.9717 0.0729
vn 0.2254 -0.9716 0.0722
vn -0.1622 -0.9655 0.2036
vn -0.1709 -0.9692 0.1775
vn -0.1709 -0.9692 0.1774
vn -0.1782 -0.9724 0.1508
vn -0.1783 -0.9723 0.1509
vn -0.1845 -0.9750 0.1240
vn 0.8312 -0.5419 -0.1240
vn 0.8250 -0.5446 -0.1509
vn 0.8177 -0.5475 -0.1775
vn 0.8177 -0.5476 -0.1775
vn 0.8178 -0.5475 -0.1775
vn 0.8177 -0.5477 -0.1775
vn 0.5311 -0.8423 -0.0921
vn 0.5382 -0.8384 -0.0863
vn 0.5370 -0.8388 -0.0898
vn 0.5300 -0.8423 -0.0980
vn 0.2420 -0.9657 0.0940
vn 0.2330 -0.9684 0.0887
vn 0.2325 -0.9685 0.0894
vn 0.2410 -0.9659 0.0950
vn 0.5420 -0.8364 -0.0814
vn 0.5420 -0.8365 -0.0807
vn 0.2267 -0.9708 0.0782
vn 0.2328 -0.9694 0.0779
vn 0.7631 -0.5710 -0.3027
vn 0.5295 -0.8418 -0.1048
vn 0.5292 -0.8419 -0.1057
vn 0.2410 -0.9653 0.1003
vn 0.2439 -0.9647 0.0994
vn -0.1164 -0.9459 0.3027
vn -0.1164 -0.9460 0.3027
vn -0.1164 -0.9460 0.3026
vn -0.1295 -0.9515 0.2789
vn -0.1295 -0.9516 0.2789
vn -0.1415 -0.9567 0.2544
vn -0.1525 -0.9613 0.2294
vn -0.1525 -0.9613 0.2293
vn 0.7992 -0.5556 -0.2293
vn 0.7992 -0.5555 -0.2294
vn 0.7883 -0.5602 -0.2544
vn 0.7763 -0.5654 -0.2789
vn 0.5158 -0.8477 -0.1240
vn 0.5197 -0.8462 -0.1175
vn 0.5175 -0.8472 -0.1205
vn 0.5102 -0.8504 -0.1283
vn 0.2570 -0.9580 0.1268
vn 0.2506 -0.9605 0.1206
vn 0.2509 -0.9606 0.1200
vn 0.2572 -0.9581 0.1264
vn 0.5239 -0.8443 -0.1129
vn 0.5240 -0.8442 -0.1126
vn 0.2454 -0.9630 0.1117
vn 0.2459 -0.9628 0.1116
vn 0.7004 -0.5977 -0.3901
vn 0.7004 -0.5977 -0.3902
vn 0.5084 -0.8509 -0.1320
vn 0.5085 -0.8508 -0.1324
vn 0.2617 -0.9559 0.1332
vn 0.2614 -0.9561 0.1325
vn -0.0536 -0.9192 0.3901
vn -0.0536 -0.9192 0.3902
vn -0.0708 -0.9265 0.3696
vn -0.0869 -0.9334 0.3481
vn -0.1022 -0.9399 0.3258
vn 0.7489 -0.5770 -0.3258
vn 0.7338 -0.5835 -0.3480
vn 0.7337 -0.5835 -0.3481
vn 0.7338 -0.5835 -0.3481
vn 0.7175 -0.5904 -0.3696
vn 0.7176 -0.5903 -0.3696
vn 0.4892 -0.8600 -0.1452
vn 0.4967 -0.8560 -0.1434
vn 0.4927 -0.8576 -0.1473
vn 0.4844 -0.8617 -0.1509
vn 0.2818 -0.9471 0.1536
vn 0.2757 -0.9502 0.1453
vn 0.2753 -0.9502 0.1460
vn 0.2855 -0.9470 0.1474
vn 0.5016 -0.8539 -0.1392
vn 0.5017 -0.8537 -0.1392
vn 0.2701 -0.9523 0.1416
vn 0.2739 -0.9520 0.1363
vn 0.6231 -0.6307 -0.4626
vn 0.4790 -0.8645 -0.1526
vn 0.4785 -0.8647 -0.1526
vn 0.2875 -0.9449 0.1564
vn 0.2886 -0.9446 0.1563
vn 0.0236 -0.8862 0.4627
vn 0.0236 -0.8862 0.4626
vn 0.0030 -0.8950 0.4461
vn 0.0031 -0.8950 0.4461
vn -0.0166 -0.9034 0.4285
vn -0.0355 -0.9115 0.4098
vn 0.6823 -0.6054 -0.4098
vn 0.6633 -0.6135 -0.4285
vn 0.6633 -0.6136 -0.4285
vn 0.6436 -0.6219 -0.4461
vn 0.6436 -0.6219 -0.4462
vn 0.4602 -0.8723 -0.1653
vn 0.4693 -0.8681 -0.1617
vn 0.4623 -0.8713 -0.1645
vn 0.4555 -0.8743 -0.1678
vn 0.3160 -0.9339 0.1670
vn 0.3073 -0.9376 0.1627
vn 0.3072 -0.9377 0.1625
vn 0.3164 -0.9335 0.1689
vn 0.4754 -0.8646 -0.1630
vn 0.4736 -0.8669 -0.1555
vn 0.2979 -0.9417 0.1564
vn 0.2987 -0.9413 0.1573
vn 0.5343 -0.6685 -0.5173
vn 0.5343 -0.6683 -0.5176
vn 0.4537 -0.8745 -0.1718
vn 0.4540 -0.8742 -0.1720
vn 0.3190 -0.9326 0.1688
vn 0.3170 -0.9329 0.1708
vn 0.1124 -0.8484 0.5172
vn 0.1124 -0.8484 0.5173
vn 0.0893 -0.8583 0.5054
vn 0.0893 -0.8582 0.5054
vn 0.0894 -0.8583 0.5054
vn 0.0899 -0.8584 0.5050
vn 0.0668 -0.8678 0.4924
vn 0.0668 -0.8679 0.4922
vn 0.0450 -0.8771 0.4781
vn 0.0449 -0.8772 0.4781
vn 0.0452 -0.8771 0.4782
vn 0.6018 -0.6397 -0.4781
vn 0.6017 -0.6397 -0.4782
vn 0.5799 -0.6491 -0.4923
vn 0.5574 -0.6586 -0.5055
vn 0.5574 -0.6587 -0.5053
vn 0.5574 -0.6587 -0.5054
vn 0.4291 -0.8848 -0.1815
vn 0.4338 -0.8838 -0.1753
vn 0.4318 -0.8840 -0.1793
vn 0.4257 -0.8863 -0.1825
vn 0.3453 -0.9215 0.1779
vn 0.3364 -0.9250 0.1765
vn 0.3363 -0.9251 0.1764
vn 0.3441 -0.9219 0.1778
vn 0.4437 -0.8784 -0.1775
vn 0.4439 -0.8782 -0.1780
vn 0.3281 -0.9286 0.1735
vn 0.3282 -0.9285 0.1739
vn 0.4375 -0.7097 -0.5522
vn 0.4374 -0.7098 -0.5521
vn 0.4375 -0.7098 -0.5521
vn 0.4177 -0.8894 -0.1859
vn 0.4187 -0.8890 -0.1853
vn 0.3520 -0.9174 0.1854
vn 0.3523 -0.9174 0.1850
vn 0.2093 -0.8071 0.5521
vn 0.2092 -0.8072 0.5520
vn 0.1845 -0.8177 0.5453
vn 0.1601 -0.8281 0.5373
vn 0.1601 -0.8280 0.5373
vn 0.1601 -0.8281 0.5372
vn 0.1361 -0.8383 0.5279
vn 0.1361 -0.8384 0.5279
vn 0.5107 -0.6786 -0.5279
vn 0.4866 -0.6888 -0.5373
vn 0.4866 -0.6889 -0.5373
vn 0.4622 -0.6993 -0.5453
vn 0.3980 -0.8984 -0.1854
vn 0.4043 -0.8954 -0.1867
vn 0.3998 -0.8973 -0.1872
vn 0.3902 -0.9019 -0.1852
vn 0.3786 -0.9062 0.1885
vn 0.3684 -0.9116 0.1824
vn 0.3655 -0.9126 0.1831
vn 0.3774 -0.9067 0.1883
vn 0.4107 -0.8926 -0.1861
vn 0.4109 -0.8925 -0.1862
vn 0.3595 -0.9143 0.1866
vn 0.3600 -0.9142 0.1862
vn 0.3361 -0.7530 -0.5657
vn 0.3360 -0.7530 -0.5657
vn 0.3362 -0.7530 -0.5657
vn 0.3870 -0.9038 -0.1826
vn 0.3869 -0.9038 -0.1831
vn 0.3886 -0.9026 0.1853
vn 0.3867 -0.9037 0.1838
vn 0.3106 -0.7639 0.5656
vn 0.3106 -0.7639 0.5657
vn 0.3106 -0.7639 0.5658
vn 0.3106 -0.7640 0.5656
vn 0.2851 -0.7748 0.5643
vn 0.2597 -0.7856 0.5616
vn 0.2599 -0.7855 0.5616
vn 0.2598 -0.7856 0.5616
vn 0.2344 -0.7964 0.5575
vn 0.2344 -0.7964 0.5576
vn 0.4124 -0.7205 -0.5575
vn 0.3871 -0.7313 -0.5616
vn 0.3872 -0.7312 -0.5616
vn 0.3617 -0.7421 -0.5643
vn 0.3628 -0.9138 -0.1824
vn 0.3723 -0.9093 -0.1860
vn 0.3640 -0.9128 -0.1852
vn 0.3581 -0.9158 -0.1822
vn 0.4109 -0.8922 0.1876
vn 0.4018 -0.8964 0.1873
vn 0.4019 -0.8963 0.1876
vn 0.4136 -0.8913 0.1861
vn 0.3763 -0.9081 -0.1837
vn 0.3759 -0.9083 -0.1834
vn 0.3931 -0.9000 0.1884
vn 0.3931 -0.9001 0.1879
vn 0.2344 -0.7964 -0.5576
vn 0.3558 -0.9164 -0.1834
vn 0.3530 -0.9184 -0.1788
vn 0.4195 -0.8885 0.1861
vn 0.4196 -0.8885 0.1859
vn 0.4123 -0.7205 0.5576
vn 0.4125 -0.7205 0.5574
vn 0.3871 -0.7312 0.5616
vn 0.3617 -0.7421 0.5644
vn 0.3360 -0.7530 0.5657
vn 0.3362 -0.7529 0.5657
vn 0.3105 -0.7639 -0.5657
vn 0.2596 -0.7856 -0.5617
vn 0.3289 -0.9273 -0.1785
vn 0.3370 -0.9241 -0.1803
vn 0.3334 -0.9256 -0.1792
vn 0.3242 -0.9298 -0.1745
vn 0.4465 -0.8776 0.1748
vn 0.4325 -0.8841 0.1770
vn 0.4321 -0.8842 0.1775
vn 0.4439 -0.8795 0.1713
vn 0.3425 -0.9227 -0.1771
vn 0.3430 -0.9210 -0.1846
vn 0.4248 -0.8865 0.1834
vn 0.4256 -0.8860 0.1838
vn 0.1361 -0.8383 -0.5280
vn 0.3222 -0.9306 -0.1735
vn 0.3205 -0.9310 -0.1748
vn 0.4521 -0.8750 0.1735
vn 0.4520 -0.8750 0.1733
vn 0.4374 -0.7099 0.5520
vn 0.4379 -0.7096 0.5519
vn 0.1845 -0.8176 -0.5454
vn 0.1601 -0.8280 -0.5373
vn 0.2980 -0.9407 -0.1619
vn 0.3055 -0.9376 -0.1662
vn 0.3025 -0.9389 -0.1645
vn 0.2949 -0.9421 -0.1598
vn 0.4719 -0.8674 0.1578
vn 0.4656 -0.8692 0.1665
vn 0.4658 -0.8690 0.1669
vn 0.4725 -0.8671 0.1577
vn 0.3114 -0.9350 -0.1696
vn 0.3115 -0.9349 -0.1699
vn 0.4592 -0.8719 0.1699
vn 0.4592 -0.8720 0.1697
vn 0.2890 -0.9445 -0.1562
vn 0.4806 -0.8637 0.1519
vn 0.4806 -0.8636 0.1527
vn 0.5800 -0.6491 0.4922
vn 0.5573 -0.6588 0.5054
vn 0.5343 -0.6685 0.5174
vn 0.0893 -0.8583 -0.5054
vn 0.0668 -0.8678 -0.4923
vn 0.0668 -0.8679 -0.4923
vn 0.2738 -0.9515 -0.1402
vn 0.2786 -0.9489 -0.1480
vn 0.2743 -0.9512 -0.1412
vn 0.2680 -0.9540 -0.1342
vn 0.5033 -0.8534 0.1355
vn 0.4909 -0.8590 0.1458
vn 0.4952 -0.8562 0.1471
vn 0.5036 -0.8529 0.1374
vn 0.2824 -0.9474 -0.1508
vn 0.2821 -0.9474 -0.1510
vn 0.4886 -0.8593 0.1514
vn 0.4881 -0.8597 0.1509
vn -0.0357 -0.9115 -0.4098
vn 0.2638 -0.9561 -0.1277
vn 0.2667 -0.9551 -0.1290
vn 0.5042 -0.8538 0.1297
vn 0.5040 -0.8538 0.1302
vn 0.6824 -0.6054 0.4096
vn 0.6825 -0.6054 0.4095
vn 0.6632 -0.6136 0.4285
vn 0.6632 -0.6136 0.4286
vn 0.6632 -0.6135 0.4286
vn 0.6633 -0.6135 0.4286
vn 0.6437 -0.6219 0.4460
vn 0.6436 -0.6220 0.4460
vn 0.0032 -0.8950 -0.4461
vn -0.0165 -0.9034 -0.4285
vn -0.0164 -0.9034 -0.4284
vn 0.2504 -0.9618 -0.1108
vn 0.2559 -0.9592 -0.1202
vn 0.2531 -0.9607 -0.1141
vn 0.2472 -0.9629 -0.1078
vn 0.5194 -0.8472 0.1119
vn 0.5167 -0.8481 0.1169
vn 0.5164 -0.8484 0.1166
vn 0.5217 -0.8455 0.1142
vn 0.2601 -0.9576 -0.1239
vn 0.2606 -0.9575 -0.1237
vn 0.5109 -0.8508 0.1232
vn 0.5111 -0.8507 0.1230
vn -0.1021 -0.9399 -0.3258
vn 0.2415 -0.9646 -0.1057
vn 0.2419 -0.9644 -0.1069
vn 0.5298 -0.8415 0.1060
vn 0.5293 -0.8419 0.1056
vn 0.7176 -0.5904 0.3695
vn 0.7004 -0.5977 0.3902
vn -0.0708 -0.9265 -0.3695
vn -0.0869 -0.9334 -0.3481
vn 0.2329 -0.9692 -0.0805
vn 0.2372 -0.9673 -0.0898
vn 0.2349 -0.9684 -0.0844
vn 0.2309 -0.9700 -0.0767
vn 0.5375 -0.8395 0.0792
vn 0.5374 -0.8391 0.0845
vn 0.5360 -0.8400 0.0846
vn 0.5380 -0.8393 0.0790
vn 0.2420 -0.9654 -0.0968
vn 0.2425 -0.9654 -0.0960
vn 0.5303 -0.8427 0.0935
vn 0.5307 -0.8423 0.0940
vn 0.2282 -0.9712 -0.0682
vn 0.2284 -0.9711 -0.0687
vn 0.5421 -0.8370 0.0741
vn 0.5431 -0.8363 0.0746
vn 0.7994 -0.5555 0.2288
vn 0.7991 -0.5557 0.2293
vn 0.7762 -0.5654 0.2789
vn 0.7632 -0.5709 0.3027
vn 0.7631 -0.5709 0.3029
vn -0.1164 -0.9459 -0.3027
vn -0.1295 -0.9516 -0.2789
vn -0.1293 -0.9516 -0.2789
vn 0.2187 -0.9746 -0.0483
vn 0.2221 -0.9733 -0.0579
vn 0.2183 -0.9744 -0.0535
vn 0.2163 -0.9753 -0.0438
vn 0.5545 -0.8310 0.0452
vn 0.5505 -0.8331 0.0543
vn 0.5510 -0.8328 0.0544
vn 0.5537 -0.8316 0.0433
vn 0.2267 -0.9720 -0.0612
vn 0.2272 -0.9719 -0.0613
vn 0.5497 -0.8330 0.0627
vn 0.5440 -0.8365 0.0656
vn -0.1845 -0.9750 -0.1241
vn -0.1844 -0.9750 -0.1240
vn 0.2194 -0.9750 -0.0346
vn 0.2202 -0.9748 -0.0348
vn 0.5512 -0.8337 0.0347
vn 0.5514 -0.8335 0.0354
vn 0.8313 -0.5418 0.1241
vn 0.8315 -0.5415 0.1240
vn 0.8313 -0.5417 0.1241
vn 0.8250 -0.5446 0.1508
vn -0.1623 -0.9655 -0.2036
vn -0.1709 -0.9692 -0.1775
vn 0.2138 -0.9768 -0.0135
vn 0.2135 -0.9767 -0.0230
vn 0.2134 -0.9769 -0.0146
vn 0.2141 -0.9768 -0.0046
vn 0.5588 -0.8292 0.0085
vn 0.5534 -0.8327 0.0198
vn 0.5544 -0.8320 0.0214
vn 0.5586 -0.8294 0.0091
vn 0.2180 -0.9756 -0.0258
vn 0.5527 -0.8328 0.0296
vn 0.5537 -0.8321 0.0304
vn 0.2175 -0.9761 -0.0000
vn 0.2178 -0.9760 -0.0001
vn 0.5589 -0.8292 -0.0000
vn 0.8363 -0.5396 0.0967
vn 0.8364 -0.5395 0.0967
vn -0.1932 -0.9787 -0.0692
vn -0.1957 -0.9798 -0.0417
vn 0.2171 -0.9758 0.0244
vn 0.2140 -0.9767 0.0149
vn 0.2113 -0.9772 0.0200
vn 0.2181 -0.9755 0.0292
vn 0.5529 -0.8327 -0.0300
vn 0.5534 -0.8327 -0.0199
vn 0.5545 -0.8319 -0.0215
vn 0.5544 -0.8317 -0.0306
vn 0.2108 -0.9775 0.0112
vn 0.2101 -0.9776 0.0086
vn 0.5589 -0.8292 -0.0086
vn 0.5586 -0.8294 -0.0091
vn 0.2195 -0.9750 0.0345
vn 0.2203 -0.9748 0.0347
vn 0.5512 -0.8337 -0.0348
vn 0.5514 -0.8335 -0.0354
vn 0.8362 -0.5399 -0.0969
vn 0.8362 -0.5398 -0.0970
vn 0.8362 -0.5398 -0.0968
vn 0.8437 -0.5366 -0.0140
vn 0.2253 -0.9725 0.0592
vn 0.2184 -0.9745 0.0520
vn 0.2221 -0.9733 0.0578
vn 0.2265 -0.9718 0.0651
vn 0.5497 -0.8330 -0.0625
vn 0.5505 -0.8330 -0.0543
vn 0.5509 -0.8328 -0.0543
vn 0.5434 -0.8370 -0.0643
vn 0.2172 -0.9750 0.0465
vn 0.2168 -0.9751 0.0469
vn 0.5545 -0.8310 -0.0452
vn 0.5537 -0.8316 -0.0432
vn -0.1623 -0.9655 0.2036
vn 0.2282 -0.9712 0.0682
vn 0.2285 -0.9711 0.0688
vn 0.5422 -0.8370 -0.0740
vn 0.5430 -0.8364 -0.0745
vn 0.8176 -0.5477 -0.1775
vn 0.8250 -0.5446 -0.1508
vn 0.8312 -0.5420 -0.1240
vn 0.8312 -0.5420 -0.1241
vn 0.8312 -0.5419 -0.1241
vn -0.1843 -0.9750 0.1243
vn -0.1845 -0.9750 0.1242
vn -0.1709 -0.9692 0.1776
vn 0.2377 -0.9670 0.0915
vn 0.2351 -0.9683 0.0845
vn 0.2374 -0.9673 0.0897
vn 0.2410 -0.9654 0.0995
vn 0.5305 -0.8425 -0.0934
vn 0.5361 -0.8399 -0.0845
vn 0.5356 -0.8402 -0.0850
vn 0.5309 -0.8422 -0.0939
vn 0.2322 -0.9695 0.0785
vn 0.2325 -0.9694 0.0784
vn 0.5376 -0.8395 -0.0790
vn 0.5380 -0.8392 -0.0790
vn 0.2418 -0.9645 0.1062
vn 0.2437 -0.9639 0.1072
vn 0.5296 -0.8416 -0.1062
vn 0.5292 -0.8419 -0.1056
vn 0.7630 -0.5712 -0.3027
vn 0.7631 -0.5711 -0.3027
vn 0.7630 -0.5711 -0.3029
vn 0.7762 -0.5655 -0.2788
vn 0.7762 -0.5654 -0.2789
vn 0.7762 -0.5656 -0.2787
vn 0.7884 -0.5602 -0.2544
vn 0.7884 -0.5602 -0.2543
vn 0.7884 -0.5601 -0.2544
vn 0.7992 -0.5557 -0.2293
vn 0.7991 -0.5556 -0.2295
vn 0.2589 -0.9582 0.1219
vn 0.2518 -0.9610 0.1145
vn 0.2567 -0.9591 0.1193
vn 0.2613 -0.9570 0.1263
vn 0.5110 -0.8507 -0.1234
vn 0.5168 -0.8481 -0.1168
vn 0.5165 -0.8483 -0.1166
vn 0.5112 -0.8506 -0.1234
vn 0.2492 -0.9623 0.1092
vn 0.2496 -0.9622 0.1087
vn 0.5199 -0.8468 -0.1128
vn 0.5217 -0.8455 -0.1140
vn -0.0540 -0.9194 0.3897
vn -0.0536 -0.9192 0.3900
vn 0.2662 -0.9554 0.1279
vn 0.2672 -0.9549 0.1295
vn 0.5041 -0.8538 -0.1301
vn 0.5038 -0.8538 -0.1308
vn -0.1020 -0.9400 0.3257
vn -0.0709 -0.9265 0.3696
vn 0.2809 -0.9481 0.1493
vn 0.2743 -0.9514 0.1400
vn 0.2790 -0.9489 0.1475
vn 0.2836 -0.9469 0.1516
vn 0.4886 -0.8593 -0.1514
vn 0.4908 -0.8590 -0.1457
vn 0.4952 -0.8562 -0.1471
vn 0.4882 -0.8596 -0.1509
vn 0.2740 -0.9520 0.1364
vn 0.2741 -0.9519 0.1367
vn 0.5032 -0.8535 -0.1354
vn 0.5037 -0.8529 -0.1374
vn 0.0237 -0.8862 0.4626
vn 0.0237 -0.8863 0.4626
vn 0.0237 -0.8862 0.4627
vn 0.2890 -0.9445 0.1563
vn 0.2891 -0.9445 0.1562
vn 0.4807 -0.8636 -0.1521
vn 0.4807 -0.8635 -0.1528
vn 0.6230 -0.6308 -0.4625
vn 0.6634 -0.6135 -0.4284
vn 0.6636 -0.6133 -0.4283
vn 0.6634 -0.6135 -0.4285
vn -0.0355 -0.9115 0.4097
vn 0.3100 -0.9357 0.1687
vn 0.3025 -0.9389 0.1645
vn 0.3055 -0.9376 0.1662
vn 0.3133 -0.9343 0.1703
vn 0.4594 -0.8718 -0.1701
vn 0.4656 -0.8692 -0.1665
vn 0.4655 -0.8691 -0.1671
vn 0.4593 -0.8719 -0.1699
vn 0.2963 -0.9414 0.1612
vn 0.2963 -0.9414 0.1611
vn 0.4722 -0.8672 -0.1579
vn 0.4727 -0.8669 -0.1581
vn 0.3223 -0.9306 0.1736
vn 0.3205 -0.9309 0.1749
vn 0.4524 -0.8747 -0.1738
vn 0.4524 -0.8748 -0.1735
vn 0.5343 -0.6685 -0.5174
vn 0.5799 -0.6491 -0.4924
vn 0.0449 -0.8771 0.4781
vn 0.0670 -0.8678 0.4924
vn 0.0668 -0.8679 0.4923
vn 0.0669 -0.8678 0.4924
vn 0.0671 -0.8677 0.4925
vn 0.3416 -0.9230 0.1771
vn 0.3331 -0.9258 0.1785
vn 0.3363 -0.9243 0.1804
vn 0.3469 -0.9204 0.1805
vn 0.4260 -0.8859 -0.1835
vn 0.4324 -0.8841 -0.1770
vn 0.4319 -0.8842 -0.1779
vn 0.4266 -0.8857 -0.1833
vn 0.3263 -0.9282 0.1786
vn 0.3257 -0.9286 0.1777
vn 0.4464 -0.8778 -0.1737
vn 0.4439 -0.8795 -0.1713
vn 0.2094 -0.8071 0.5520
vn 0.2095 -0.8071 0.5519
vn 0.3559 -0.9164 0.1833
vn 0.3535 -0.9181 0.1792
vn 0.4191 -0.8887 -0.1860
vn 0.4196 -0.8885 -0.1859
vn 0.4374 -0.7098 -0.5522
vn 0.4374 -0.7099 -0.5520
vn 0.4370 -0.7100 -0.5521
vn 0.5107 -0.6787 -0.5277
vn 0.5107 -0.6786 -0.5278
vn 0.1844 -0.8177 0.5453
vn 0.3761 -0.9083 0.1834
vn 0.3649 -0.9125 0.1850
vn 0.3727 -0.9088 0.1876
vn 0.3767 -0.9080 0.1835
vn 0.3964 -0.8987 -0.1878
vn 0.4018 -0.8962 -0.1881
vn 0.4019 -0.8961 -0.1882
vn 0.3907 -0.9012 -0.1878
vn 0.3609 -0.9147 0.1820
vn 0.3612 -0.9147 0.1814
vn 0.4116 -0.8919 -0.1876
vn 0.4136 -0.8912 -0.1862
vn 0.3363 -0.7528 -0.5659
vn 0.3361 -0.7529 -0.5659
vn 0.3362 -0.7529 -0.5657
vn 0.3365 -0.7530 -0.5655
vn 0.3617 -0.7421 -0.5644
vn 0.4122 -0.7206 -0.5575
vn 0.4120 -0.7207 -0.5576
vn -0.3331 0.9263 0.1759
vn -0.3382 0.9244 0.1763
vn -0.3310 0.9269 0.1771
vn -0.3234 0.9297 0.1763
vn -0.3428 0.9225 0.1777
vn -0.3466 0.9206 0.1797
vn -0.4349 0.8833 -0.1750
vn -0.4362 0.8827 -0.1748
vn -0.4420 0.8804 -0.1721
vn -0.4437 0.8797 -0.1712
vn -0.4249 0.8872 -0.1798
vn -0.4286 0.8857 -0.1786
vn -0.1361 0.8383 0.5279
vn -0.1602 0.8281 0.5373
vn -0.1601 0.8281 0.5372
vn -0.1601 0.8281 0.5373
vn -0.1845 0.8177 0.5453
vn -0.2093 0.8071 0.5521
vn -0.4375 0.7098 -0.5521
vn -0.4375 0.7098 -0.5520
vn -0.4374 0.7098 -0.5521
vn -0.4622 0.6993 -0.5453
vn -0.4866 0.6888 -0.5373
vn -0.4866 0.6888 -0.5374
vn -0.5106 0.6787 -0.5279
vn -0.5107 0.6786 -0.5279
vn -0.4519 0.8758 -0.1696
vn -0.4483 0.8773 -0.1715
vn -0.3161 0.9333 0.1706
vn -0.3164 0.9331 0.1710
vn -0.3032 0.9393 0.1608
vn -0.3082 0.9370 0.1646
vn -0.3006 0.9404 0.1593
vn -0.2960 0.9422 0.1567
vn -0.3138 0.9350 0.1652
vn -0.3139 0.9349 0.1656
vn -0.4655 0.8700 -0.1624
vn -0.4654 0.8700 -0.1624
vn -0.4713 0.8675 -0.1593
vn -0.4745 0.8661 -0.1573
vn -0.4561 0.8741 -0.1674
vn -0.4603 0.8722 -0.1656
vn -0.0448 0.8773 0.4779
vn -0.0449 0.8772 0.4781
vn -0.0447 0.8773 0.4778
vn -0.0671 0.8677 0.4925
vn -0.0670 0.8677 0.4925
vn -0.0894 0.8582 0.5054
vn -0.0890 0.8583 0.5053
vn -0.0894 0.8583 0.5054
vn -0.0893 0.8583 0.5054
vn -0.1125 0.8484 0.5173
vn -0.1123 0.8485 0.5172
vn -0.1124 0.8484 0.5173
vn -0.5343 0.6685 -0.5173
vn -0.5574 0.6587 -0.5054
vn -0.5801 0.6490 -0.4922
vn -0.5800 0.6491 -0.4922
vn -0.5799 0.6491 -0.4923
vn -0.6017 0.6398 -0.4781
vn -0.6019 0.6397 -0.4781
vn -0.6019 0.6395 -0.4782
vn -0.6018 0.6398 -0.4781
vn -0.4793 0.8642 -0.1529
vn -0.4791 0.8643 -0.1532
vn -0.2914 0.9444 0.1524
vn -0.2914 0.9444 0.1526
vn -0.2750 0.9506 0.1441
vn -0.2777 0.9495 0.1461
vn -0.2712 0.9531 0.1341
vn -0.2690 0.9536 0.1355
vn -0.2819 0.9482 0.1464
vn -0.2830 0.9478 0.1470
vn -0.4951 0.8565 -0.1458
vn -0.4945 0.8570 -0.1451
vn -0.4997 0.8554 -0.1363
vn -0.5000 0.8552 -0.1366
vn -0.4845 0.8617 -0.1507
vn -0.4910 0.8588 -0.1464
vn 0.0355 0.9115 0.4098
vn 0.0166 0.9034 0.4285
vn 0.0164 0.9034 0.4285
vn -0.0031 0.8950 0.4460
vn -0.0031 0.8950 0.4461
vn -0.0237 0.8862 0.4626
vn -0.0236 0.8862 0.4627
vn -0.6231 0.6307 -0.4626
vn -0.6436 0.6219 -0.4460
vn -0.6436 0.6219 -0.4461
vn -0.6633 0.6135 -0.4285
vn -0.6825 0.6053 -0.4097
vn -0.6822 0.6055 -0.4097
vn -0.6824 0.6054 -0.4097
vn -0.6825 0.6054 -0.4095
vn -0.5068 0.8523 -0.1296
vn -0.5047 0.8531 -0.1324
vn -0.2642 0.9558 0.1294
vn -0.2663 0.9548 0.1323
vn -0.2505 0.9612 0.1152
vn -0.2546 0.9592 0.1228
vn -0.2458 0.9626 0.1137
vn -0.2461 0.9628 0.1120
vn -0.2554 0.9587 0.1254
vn -0.2568 0.9583 0.1256
vn -0.5185 0.8465 -0.1208
vn -0.5183 0.8466 -0.1208
vn -0.5211 0.8458 -0.1143
vn -0.5244 0.8448 -0.1065
vn -0.5117 0.8494 -0.1293
vn -0.5147 0.8484 -0.1236
vn 0.1021 0.9399 0.3259
vn 0.0869 0.9334 0.3481
vn 0.0870 0.9334 0.3481
vn 0.0708 0.9265 0.3696
vn 0.0536 0.9192 0.3902
vn -0.7004 0.5977 -0.3902
vn -0.7175 0.5904 -0.3696
vn -0.7337 0.5835 -0.3481
vn -0.7338 0.5835 -0.3480
vn -0.7489 0.5770 -0.3258
vn -0.5263 0.8442 -0.1013
vn -0.5265 0.8440 -0.1022
vn -0.2434 0.9646 0.1012
vn -0.2453 0.9638 0.1045
vn -0.2320 0.9688 0.0874
vn -0.2344 0.9679 0.0904
vn -0.2329 0.9695 0.0763
vn -0.2323 0.9695 0.0787
vn -0.2385 0.9668 0.0919
vn -0.2377 0.9669 0.0928
vn -0.5378 0.8384 -0.0888
vn -0.5375 0.8386 -0.0887
vn -0.5368 0.8399 -0.0802
vn -0.5412 0.8374 -0.0760
vn -0.5326 0.8406 -0.0989
vn -0.5343 0.8400 -0.0943
vn 0.1526 0.9613 0.2293
vn 0.1525 0.9613 0.2293
vn 0.1415 0.9567 0.2544
vn 0.1295 0.9515 0.2789
vn 0.1295 0.9516 0.2788
vn 0.1164 0.9460 0.3027
vn 0.1164 0.9459 0.3027
vn -0.7631 0.5710 -0.3027
vn -0.7630 0.5711 -0.3027
vn -0.7762 0.5655 -0.2788
vn -0.7762 0.5656 -0.2787
vn -0.7762 0.5655 -0.2789
vn -0.7883 0.5602 -0.2544
vn -0.7992 0.5556 -0.2293
vn -0.7992 0.5558 -0.2289
vn -0.5452 0.8352 -0.0720
vn -0.5446 0.8356 -0.0718
vn -0.2252 0.9718 0.0697
vn -0.2262 0.9713 0.0734
vn -0.2194 0.9743 0.0511
vn -0.2190 0.9740 0.0577
vn -0.2171 0.9752 0.0438
vn -0.2174 0.9751 0.0444
vn -0.2256 0.9720 0.0656
vn -0.2263 0.9720 0.0635
vn -0.5477 0.8347 -0.0571
vn -0.5470 0.8352 -0.0561
vn -0.5518 0.8325 -0.0497
vn -0.5540 0.8315 -0.0425
vn -0.5468 0.8346 -0.0669
vn -0.5476 0.8348 -0.0580
vn 0.1845 0.9750 0.1240
vn 0.1845 0.9750 0.1241
vn 0.1783 0.9723 0.1509
vn 0.1708 0.9692 0.1775
vn 0.1709 0.9692 0.1775
vn 0.1623 0.9655 0.2036
vn -0.8090 0.5514 -0.2036
vn -0.8176 0.5477 -0.1776
vn -0.8176 0.5477 -0.1775
vn -0.8250 0.5446 -0.1509
vn -0.8312 0.5419 -0.1241
vn -0.8312 0.5419 -0.1240
vn -0.5555 0.8307 -0.0361
vn -0.5552 0.8310 -0.0363
vn -0.2203 0.9748 0.0357
vn -0.2185 0.9750 0.0395
vn -0.2132 0.9769 0.0146
vn -0.2133 0.9768 0.0216
vn -0.2108 0.9775 0.0071
vn -0.2115 0.9774 0.0066
vn -0.2138 0.9765 0.0287
vn -0.2140 0.9764 0.0280
vn -0.5583 0.8294 -0.0195
vn -0.5576 0.8299 -0.0191
vn -0.5550 0.8318 -0.0118
vn -0.5551 0.8317 -0.0069
vn -0.5550 0.8313 -0.0316
vn -0.5562 0.8307 -0.0231
vn 0.1970 0.9803 0.0139
vn 0.1971 0.9803 0.0139
vn 0.1958 0.9798 0.0417
vn 0.1957 0.9798 0.0417
vn 0.1932 0.9787 0.0692
vn 0.1895 0.9771 0.0967
vn -0.8363 0.5396 -0.0967
vn -0.8363 0.5397 -0.0967
vn -0.8364 0.5396 -0.0967
vn -0.8400 0.5382 -0.0692
vn -0.8425 0.5371 -0.0416
vn -0.8437 0.5367 -0.0139
vn -0.8436 0.5367 -0.0139
vn -0.5549 0.8319 -0.0000
vn -0.2161 0.9764 -0.0037
vn -0.2153 0.9765 0.0039
vn -0.2133 0.9767 -0.0217
vn -0.2127 0.9770 -0.0146
vn -0.2140 0.9764 -0.0288
vn -0.2144 0.9763 -0.0283
vn -0.2102 0.9776 -0.0091
vn -0.2109 0.9774 -0.0111
vn -0.5583 0.8294 0.0195
vn -0.5576 0.8299 0.0191
vn -0.5560 0.8309 0.0230
vn -0.5548 0.8314 0.0317
vn -0.5552 0.8317 0.0069
vn -0.5550 0.8318 0.0118
vn 0.1895 0.9771 -0.0967
vn 0.1932 0.9787 -0.0692
vn 0.1957 0.9798 -0.0417
vn 0.1958 0.9798 -0.0417
vn 0.1970 0.9803 -0.0139
vn -0.8437 0.5366 0.0139
vn -0.8425 0.5371 0.0416
vn -0.8400 0.5382 0.0693
vn -0.8400 0.5382 0.0692
vn -0.8362 0.5399 0.0967
vn -0.8362 0.5398 0.0967
vn -0.5555 0.8307 0.0360
vn -0.5551 0.8310 0.0362
vn -0.2200 0.9747 -0.0393
vn -0.2182 0.9754 -0.0323
vn -0.2199 0.9738 -0.0584
vn -0.2198 0.9742 -0.0511
vn -0.2250 0.9721 -0.0663
vn -0.2270 0.9719 -0.0622
vn -0.2170 0.9752 -0.0439
vn -0.2170 0.9751 -0.0448
vn -0.5477 0.8348 0.0568
vn -0.5470 0.8353 0.0560
vn -0.5476 0.8348 0.0580
vn -0.5471 0.8344 0.0668
vn -0.5539 0.8315 0.0425
vn -0.5516 0.8326 0.0497
vn 0.1623 0.9655 -0.2036
vn 0.1626 0.9655 -0.2036
vn 0.1709 0.9692 -0.1775
vn 0.1783 0.9723 -0.1509
vn 0.1844 0.9750 -0.1240
vn 0.1845 0.9750 -0.1241
vn 0.1845 0.9750 -0.1242
vn 0.1845 0.9750 -0.1240
vn -0.8312 0.5419 0.1241
vn -0.8312 0.5419 0.1240
vn -0.8250 0.5446 0.1508
vn -0.8250 0.5446 0.1509
vn -0.8176 0.5478 0.1776
vn -0.8176 0.5477 0.1775
vn -0.8090 0.5513 0.2036
vn -0.8091 0.5514 0.2035
vn -0.8090 0.5514 0.2036
vn -0.5452 0.8352 0.0719
vn -0.5446 0.8356 0.0718
vn -0.2270 0.9711 -0.0738
vn -0.2254 0.9717 -0.0707
vn -0.2335 0.9682 -0.0899
vn -0.2320 0.9689 -0.0862
vn -0.2421 0.9654 -0.0969
vn -0.2404 0.9657 -0.0980
vn -0.2322 0.9697 -0.0759
vn -0.2322 0.9695 -0.0785
vn -0.5378 0.8384 0.0887
vn -0.5374 0.8387 0.0886
vn -0.5342 0.8400 0.0943
vn -0.5325 0.8406 0.0988
vn -0.5412 0.8374 0.0760
vn -0.5367 0.8399 0.0804
vn 0.1164 0.9460 -0.3027
vn 0.1163 0.9460 -0.3027
vn 0.1295 0.9515 -0.2789
vn 0.1295 0.9516 -0.2788
vn 0.1295 0.9516 -0.2789
vn 0.1415 0.9567 -0.2544
vn 0.1525 0.9613 -0.2293
vn -0.7992 0.5557 0.2293
vn -0.7992 0.5556 0.2294
vn -0.7992 0.5556 0.2293
vn -0.7883 0.5602 0.2544
vn -0.7883 0.5603 0.2545
vn -0.7762 0.5654 0.2789
vn -0.7762 0.5655 0.2788
vn -0.7763 0.5654 0.2789
vn -0.7631 0.5710 0.3027
vn -0.5264 0.8442 0.1009
vn -0.5264 0.8441 0.1021
vn -0.2451 0.9639 -0.1036
vn -0.2426 0.9649 -0.1009
vn -0.2551 0.9593 -0.1212
vn -0.2494 0.9616 -0.1145
vn -0.2549 0.9587 -0.1263
vn -0.2570 0.9581 -0.1267
vn -0.2467 0.9624 -0.1139
vn -0.2467 0.9625 -0.1125
vn -0.5184 0.8466 0.1207
vn -0.5181 0.8468 0.1208
vn -0.5146 0.8485 0.1238
vn -0.5124 0.8491 0.1285
vn -0.5248 0.8445 0.1067
vn -0.5212 0.8457 0.1144
vn 0.0536 0.9192 -0.3902
vn 0.0707 0.9265 -0.3696
vn 0.0869 0.9334 -0.3481
vn 0.1020 0.9399 -0.3258
vn 0.1022 0.9399 -0.3259
vn -0.7489 0.5771 0.3258
vn -0.7489 0.5770 0.3258
vn -0.7337 0.5835 0.3481
vn -0.7337 0.5835 0.3482
vn -0.7338 0.5834 0.3481
vn -0.7175 0.5904 0.3696
vn -0.7004 0.5977 0.3902
vn -0.5055 0.8529 0.1306
vn -0.5057 0.8527 0.1310
vn -0.2658 0.9550 -0.1317
vn -0.2635 0.9559 -0.1294
vn -0.2770 0.9497 -0.1461
vn -0.2745 0.9508 -0.1435
vn -0.2857 0.9471 -0.1461
vn -0.2860 0.9466 -0.1486
vn -0.2736 0.9518 -0.1388
vn -0.2725 0.9520 -0.1393
vn -0.4951 0.8565 0.1458
vn -0.4945 0.8570 0.1451
vn -0.4912 0.8586 0.1467
vn -0.4845 0.8617 0.1508
vn -0.5013 0.8546 0.1358
vn -0.4981 0.8561 0.1379
vn -0.0237 0.8862 -0.4627
vn -0.0237 0.8862 -0.4626
vn -0.0238 0.8862 -0.4627
vn -0.0240 0.8862 -0.4627
vn -0.0031 0.8950 -0.4461
vn 0.0166 0.9034 -0.4285
vn 0.0165 0.9034 -0.4285
vn 0.0355 0.9115 -0.4098
vn -0.6822 0.6055 0.4098
vn -0.6823 0.6055 0.4097
vn -0.6823 0.6054 0.4098
vn -0.6822 0.6055 0.4099
vn -0.6634 0.6134 0.4285
vn -0.6634 0.6135 0.4285
vn -0.6436 0.6218 0.4462
vn -0.6436 0.6219 0.4461
vn -0.6231 0.6307 0.4626
vn -0.6230 0.6307 0.4626
vn -0.4792 0.8643 0.1530
vn -0.4792 0.8643 0.1531
vn -0.2931 0.9435 -0.1544
vn -0.2890 0.9452 -0.1520
vn -0.3082 0.9370 -0.1643
vn -0.3031 0.9393 -0.1608
vn -0.3136 0.9351 -0.1650
vn -0.3129 0.9353 -0.1651
vn -0.2986 0.9413 -0.1572
vn -0.2987 0.9413 -0.1573
vn -0.4654 0.8701 0.1622
vn -0.4654 0.8700 0.1624
vn -0.4608 0.8720 0.1654
vn -0.4552 0.8745 0.1676
vn -0.4745 0.8661 0.1570
vn -0.4710 0.8677 0.1593
vn -0.1124 0.8484 -0.5173
vn -0.1124 0.8484 -0.5172
vn -0.0893 0.8582 -0.5055
vn -0.0893 0.8582 -0.5054
vn -0.0669 0.8678 -0.4924
vn -0.0668 0.8678 -0.4923
vn -0.0670 0.8677 -0.4925
vn -0.0448 0.8773 -0.4779
vn -0.0447 0.8773 -0.4778
vn -0.0449 0.8771 -0.4781
vn -0.6018 0.6397 0.4781
vn -0.6019 0.6397 0.4781
vn -0.5799 0.6490 0.4924
vn -0.5799 0.6491 0.4923
vn -0.5575 0.6587 0.5054
vn -0.5574 0.6587 0.5055
vn -0.5574 0.6587 0.5054
vn -0.5343 0.6685 0.5173
vn -0.5344 0.6685 0.5173
vn -0.5343 0.6685 0.5172
vn -0.4501 0.8768 0.1693
vn -0.4502 0.8767 0.1696
vn -0.3234 0.9302 -0.1739
vn -0.3163 0.9333 -0.1700
vn -0.3389 0.9240 -0.1773
vn -0.3335 0.9263 -0.1754
vn -0.3451 0.9215 -0.1781
vn -0.3469 0.9205 -0.1796
vn -0.3287 0.9273 -0.1792
vn -0.3263 0.9283 -0.1786
vn -0.4347 0.8834 0.1752
vn -0.4363 0.8826 0.1749
vn -0.4284 0.8857 0.1788
vn -0.4250 0.8871 0.1799
vn -0.4463 0.8781 0.1724
vn -0.4392 0.8809 0.1762
vn -0.2093 0.8071 -0.5521
vn -0.1846 0.8177 -0.5453
vn -0.1847 0.8177 -0.5453
vn -0.1845 0.8177 -0.5453
vn -0.1601 0.8281 -0.5373
vn -0.1361 0.8383 -0.5279
vn -0.1361 0.8383 -0.5280
vn -0.5106 0.6785 0.5281
vn -0.5106 0.6784 0.5283
vn -0.5107 0.6785 0.5281
vn -0.4866 0.6888 0.5373
vn -0.4867 0.6888 0.5373
vn -0.4866 0.6888 0.5374
vn -0.4622 0.6993 0.5453
vn -0.4374 0.7098 0.5521
vn -0.4375 0.7098 0.5521
vn -0.4374 0.7099 0.5520
vn -0.4374 0.7099 0.5521
vn -0.4190 0.8898 0.1809
vn -0.4191 0.8897 0.1812
vn -0.3540 0.9175 -0.1815
vn -0.3504 0.9189 -0.1810
vn -0.3715 0.9094 -0.1871
vn -0.3652 0.9120 -0.1870
vn -0.3775 0.9067 -0.1881
vn -0.3773 0.9069 -0.1878
vn -0.3586 0.9146 -0.1870
vn -0.3600 0.9142 -0.1862
vn -0.4014 0.8976 0.1823
vn -0.4017 0.8973 0.1832
vn -0.3965 0.8988 0.1869
vn -0.3927 0.9002 0.1883
vn -0.4138 0.8922 0.1811
vn -0.4069 0.8947 0.1845
vn -0.3106 0.7639 -0.5657
vn -0.2851 0.7748 -0.5643
vn -0.2595 0.7856 -0.5617
vn -0.2597 0.7856 -0.5616
vn -0.2344 0.7964 -0.5575
vn -0.4122 0.7206 0.5576
vn -0.4120 0.7207 0.5576
vn -0.4122 0.7206 0.5575
vn -0.4124 0.7205 0.5575
vn -0.3872 0.7312 0.5616
vn -0.3871 0.7313 0.5616
vn -0.3617 0.7421 0.5643
vn -0.3361 0.7530 0.5657
vn -0.3362 0.7530 0.5657
vn -0.3361 0.7531 0.5657
vn -0.3822 0.9053 0.1853
vn -0.3843 0.9047 0.1838
vn -0.3884 0.9032 -0.1829
vn -0.3815 0.9054 -0.1864
vn -0.4045 0.8959 -0.1836
vn -0.4002 0.8979 -0.1834
vn -0.4098 0.8939 -0.1816
vn -0.4096 0.8939 -0.1821
vn -0.3921 0.9014 -0.1835
vn -0.3915 0.9016 -0.1841
vn -0.3706 0.9106 0.1830
vn -0.3704 0.9106 0.1834
vn -0.3622 0.9141 0.1823
vn -0.3578 0.9158 0.1823
vn -0.3773 0.9067 0.1886
vn -0.3739 0.9085 0.1866
vn -0.4123 0.7205 -0.5575
vn -0.4123 0.7206 -0.5575
vn -0.3872 0.7312 -0.5616
vn -0.3871 0.7312 -0.5616
vn -0.3616 0.7421 -0.5643
vn -0.3615 0.7423 -0.5642
vn -0.2596 0.7856 0.5616
vn -0.3493 0.9186 0.1849
vn -0.3509 0.9180 0.1849
vn -0.4225 0.8878 -0.1826
vn -0.4147 0.8911 -0.1845
vn -0.4369 0.8815 -0.1790
vn -0.4335 0.8830 -0.1802
vn -0.4444 0.8781 -0.1777
vn -0.4445 0.8782 -0.1766
vn -0.4302 0.8844 -0.1810
vn -0.4286 0.8858 -0.1781
vn -0.3351 0.9246 0.1812
vn -0.3345 0.9249 0.1807
vn -0.3283 0.9277 0.1777
vn -0.3248 0.9294 0.1755
vn -0.3467 0.9204 0.1808
vn -0.3447 0.9216 0.1787
vn -0.5107 0.6786 -0.5280
vn -0.4866 0.6889 -0.5373
vn -0.4622 0.6992 -0.5454
vn -0.4374 0.7098 -0.5522
vn -0.4373 0.7098 -0.5523
vn -0.3184 0.9317 0.1746
vn -0.3211 0.9306 0.1758
vn -0.4516 0.8759 -0.1699
vn -0.4486 0.8771 -0.1720
vn -0.4679 0.8683 -0.1648
vn -0.4648 0.8697 -0.1661
vn -0.4732 0.8657 -0.1632
vn -0.4768 0.8642 -0.1606
vn -0.4601 0.8715 -0.1700
vn -0.4598 0.8717 -0.1693
vn -0.3037 0.9382 0.1658
vn -0.3041 0.9381 0.1656
vn -0.3014 0.9402 0.1590
vn -0.2956 0.9423 0.1573
vn -0.3132 0.9343 0.1702
vn -0.3101 0.9356 0.1686
vn -0.6018 0.6397 -0.4781
vn -0.6018 0.6397 -0.4782
vn -0.5799 0.6491 -0.4924
vn -0.5574 0.6588 -0.5052
vn -0.5574 0.6586 -0.5055
vn -0.1124 0.8483 0.5174
vn -0.0895 0.8583 0.5053
vn -0.0899 0.8584 0.5050
vn -0.0894 0.8583 0.5053
vn -0.0893 0.8582 0.5055
vn -0.0668 0.8678 0.4924
vn -0.0668 0.8678 0.4925
vn -0.0449 0.8772 0.4780
vn -0.0448 0.8772 0.4781
vn -0.2924 0.9439 0.1532
vn -0.2918 0.9441 0.1537
vn -0.4831 0.8624 -0.1513
vn -0.4773 0.8649 -0.1555
vn -0.4951 0.8573 -0.1413
vn -0.4912 0.8591 -0.1437
vn -0.4994 0.8556 -0.1358
vn -0.4995 0.8556 -0.1355
vn -0.4887 0.8592 -0.1515
vn -0.4881 0.8596 -0.1508
vn -0.2778 0.9503 0.1403
vn -0.2786 0.9498 0.1420
vn -0.2732 0.9517 0.1399
vn -0.2710 0.9532 0.1344
vn -0.2833 0.9470 0.1518
vn -0.2809 0.9481 0.1490
vn -0.6823 0.6054 -0.4098
vn -0.6633 0.6135 -0.4286
vn -0.0237 0.8862 0.4627
vn -0.0237 0.8863 0.4626
vn -0.2658 0.9551 0.1306
vn -0.2655 0.9552 0.1307
vn -0.5068 0.8524 -0.1288
vn -0.5040 0.8535 -0.1324
vn -0.5198 0.8461 -0.1180
vn -0.5172 0.8474 -0.1206
vn -0.5217 0.8462 -0.1085
vn -0.5222 0.8458 -0.1091
vn -0.5122 0.8491 -0.1290
vn -0.5153 0.8482 -0.1228
vn -0.2570 0.9593 0.1172
vn -0.2505 0.9606 0.1205
vn -0.2505 0.9618 0.1108
vn -0.2473 0.9629 0.1079
vn -0.2612 0.9571 0.1255
vn -0.2577 0.9585 0.1217
vn -0.7002 0.5978 -0.3903
vn -0.7004 0.5978 -0.3900
vn 0.0536 0.9192 0.3900
vn 0.0536 0.9192 0.3901
vn 0.0537 0.9193 0.3900
vn 0.0706 0.9264 0.3697
vn 0.0706 0.9264 0.3698
vn 0.0704 0.9264 0.3699
vn 0.1021 0.9399 0.3258
vn -0.2458 0.9640 0.1014
vn -0.2468 0.9637 0.1018
vn -0.5270 0.8439 -0.1005
vn -0.5257 0.8442 -0.1049
vn -0.5379 0.8387 -0.0847
vn -0.5388 0.8378 -0.0880
vn -0.5432 0.8357 -0.0809
vn -0.5425 0.8362 -0.0802
vn -0.5345 0.8396 -0.0970
vn -0.5338 0.8401 -0.0965
vn -0.2355 0.9682 0.0843
vn -0.2355 0.9681 0.0853
vn -0.2303 0.9696 0.0823
vn -0.2283 0.9704 0.0789
vn -0.2411 0.9656 0.0978
vn -0.2397 0.9664 0.0928
vn -0.7992 0.5557 -0.2293
vn -0.7884 0.5601 -0.2544
vn -0.7763 0.5653 -0.2789
vn -0.7632 0.5709 -0.3027
vn -0.7632 0.5708 -0.3027
vn 0.1163 0.9460 0.3027
vn 0.1295 0.9516 0.2789
vn 0.1414 0.9567 0.2545
vn 0.1525 0.9613 0.2294
vn -0.2289 0.9710 0.0688
vn -0.2284 0.9711 0.0696
vn -0.5425 0.8372 -0.0692
vn -0.5415 0.8375 -0.0735
vn -0.5487 0.8344 -0.0517
vn -0.5476 0.8349 -0.0554
vn -0.5499 0.8341 -0.0443
vn -0.5498 0.8341 -0.0443
vn -0.5451 0.8360 -0.0621
vn -0.5451 0.8360 -0.0622
vn -0.2244 0.9729 0.0550
vn -0.2236 0.9730 0.0567
vn -0.2213 0.9741 0.0470
vn -0.2203 0.9745 0.0428
vn -0.2271 0.9718 0.0643
vn -0.2243 0.9727 0.0592
vn -0.8312 0.5420 -0.1240
vn -0.8249 0.5447 -0.1509
vn -0.8176 0.5478 -0.1775
vn -0.8090 0.5515 -0.2036
vn 0.1622 0.9655 0.2036
vn -0.2210 0.9747 0.0345
vn -0.2201 0.9747 0.0388
vn -0.5523 0.8330 -0.0332
vn -0.5514 0.8334 -0.0384
vn -0.5577 0.8299 -0.0163
vn -0.5570 0.8302 -0.0212
vn -0.5586 0.8294 -0.0090
vn -0.5586 0.8294 -0.0088
vn -0.5547 0.8316 -0.0273
vn -0.5555 0.8312 -0.0235
vn -0.2133 0.9768 0.0207
vn -0.2137 0.9767 0.0208
vn -0.2154 0.9764 0.0130
vn -0.2162 0.9763 0.0055
vn -0.2144 0.9763 0.0298
vn -0.2140 0.9765 0.0252
vn -0.8437 0.5366 -0.0139
vn -0.8437 0.5366 -0.0138
vn -0.8400 0.5382 -0.0693
vn -0.8399 0.5382 -0.0692
vn -0.8399 0.5383 -0.0694
vn -0.8362 0.5399 -0.0965
vn -0.8362 0.5398 -0.0968
vn -0.8362 0.5399 -0.0966
vn -0.8362 0.5400 -0.0964
vn 0.1894 0.9771 0.0967
vn 0.1892 0.9772 0.0967
vn 0.1953 0.9799 0.0418
vn -0.2175 0.9761 -0.0000
vn -0.2174 0.9761 -0.0000
vn -0.5582 0.8297 0.0028
vn -0.5582 0.8297 -0.0029
vn -0.5573 0.8301 0.0209
vn -0.5574 0.8301 0.0158
vn -0.5540 0.8319 0.0312
vn -0.5539 0.8321 0.0306
vn -0.5586 0.8294 0.0090
vn -0.5586 0.8294 0.0091
vn -0.2132 0.9768 -0.0207
vn -0.2137 0.9767 -0.0208
vn -0.2141 0.9765 -0.0252
vn -0.2145 0.9763 -0.0297
vn -0.2160 0.9764 -0.0054
vn -0.2153 0.9765 -0.0131
vn -0.8362 0.5399 0.0966
vn -0.8361 0.5400 0.0965
vn -0.8362 0.5398 0.0966
vn -0.8425 0.5371 0.0415
vn -0.8437 0.5367 0.0140
vn -0.8436 0.5367 0.0139
vn -0.8437 0.5366 0.0140
vn 0.1957 0.9798 -0.0416
vn 0.1894 0.9771 -0.0967
vn -0.2212 0.9746 -0.0349
vn -0.2199 0.9747 -0.0389
vn -0.5512 0.8335 0.0379
vn -0.5524 0.8329 0.0331
vn -0.5476 0.8349 0.0555
vn -0.5486 0.8345 0.0517
vn -0.5452 0.8360 0.0621
vn -0.5453 0.8359 0.0620
vn -0.5499 0.8341 0.0442
vn -0.5499 0.8340 0.0440
vn -0.2245 0.9729 -0.0548
vn -0.2237 0.9730 -0.0567
vn -0.2243 0.9727 -0.0591
vn -0.2270 0.9718 -0.0643
vn -0.2204 0.9745 -0.0428
vn -0.2213 0.9741 -0.0470
vn -0.8176 0.5478 0.1775
vn 0.1622 0.9655 -0.2036
vn -0.2291 0.9710 -0.0689
vn -0.2285 0.9710 -0.0697
vn -0.5415 0.8375 0.0735
vn -0.5429 0.8370 0.0686
vn -0.5362 0.8390 0.0926
vn -0.5383 0.8385 0.0842
vn -0.5343 0.8396 0.0974
vn -0.5335 0.8402 0.0970
vn -0.5424 0.8361 0.0823
vn -0.5420 0.8364 0.0815
vn -0.2360 0.9680 -0.0849
vn -0.2356 0.9681 -0.0858
vn -0.2396 0.9664 -0.0928
vn -0.2412 0.9656 -0.0977
vn -0.2283 0.9704 -0.0789
vn -0.2303 0.9696 -0.0823
vn -0.7763 0.5653 0.2789
vn -0.7883 0.5603 0.2544
vn 0.1163 0.9460 -0.3026
vn -0.2458 0.9640 -0.1015
vn -0.2468 0.9637 -0.1020
vn -0.5257 0.8443 0.1041
vn -0.5276 0.8435 0.1004
vn -0.5179 0.8470 0.1202
vn -0.5199 0.8461 0.1171
vn -0.5119 0.8494 0.1282
vn -0.5115 0.8498 0.1275
vn -0.5208 0.8466 0.1096
vn -0.5212 0.8463 0.1103
vn -0.2559 0.9598 -0.1153
vn -0.2500 0.9608 -0.1199
vn -0.2581 0.9584 -0.1220
vn -0.2610 0.9571 -0.1256
vn -0.2473 0.9629 -0.1079
vn -0.2506 0.9617 -0.1109
vn -0.7004 0.5977 0.3901
vn 0.1022 0.9399 -0.3258
vn 0.0865 0.9334 -0.3483
vn 0.0708 0.9265 -0.3696
vn 0.0536 0.9192 -0.3901
vn -0.2658 0.9551 -0.1306
vn -0.2655 0.9552 -0.1307
vn -0.5042 0.8535 0.1317
vn -0.5072 0.8522 0.1287
vn -0.4911 0.8590 0.1446
vn -0.4941 0.8578 0.1415
vn -0.4889 0.8591 0.1515
vn -0.4883 0.8596 0.1507
vn -0.4995 0.8556 0.1359
vn -0.4994 0.8557 0.1355
vn -0.2778 0.9503 -0.1403
vn -0.2786 0.9498 -0.1420
vn -0.2809 0.9481 -0.1490
vn -0.2833 0.9469 -0.1518
vn -0.2710 0.9532 -0.1344
vn -0.2732 0.9517 -0.1399
vn -0.6633 0.6135 0.4285
vn -0.6823 0.6055 0.4098
vn -0.6822 0.6056 0.4098
vn 0.0356 0.9115 -0.4097
vn 0.0355 0.9115 -0.4097
vn 0.0356 0.9115 -0.4098
vn 0.0166 0.9034 -0.4286
vn -0.0031 0.8950 -0.4460
vn -0.0237 0.8863 -0.4626
vn -0.2923 0.9440 -0.1531
vn -0.2918 0.9441 -0.1537
vn -0.4786 0.8646 0.1530
vn -0.4831 0.8622 0.1524
vn -0.4651 0.8695 0.1662
vn -0.4681 0.8682 0.1646
vn -0.4593 0.8717 0.1707
vn -0.4586 0.8722 0.1702
vn -0.4721 0.8664 0.1626
vn -0.4713 0.8671 0.1615
vn -0.3037 0.9382 -0.1659
vn -0.3041 0.9381 -0.1656
vn -0.3100 0.9356 -0.1687
vn -0.3133 0.9342 -0.1704
vn -0.2958 0.9422 -0.1574
vn -0.3003 0.9406 -0.1585
vn -0.5797 0.6492 0.4923
vn -0.0449 0.8772 -0.4780
vn -0.0449 0.8771 -0.4782
vn -0.0668 0.8678 -0.4924
vn -0.0668 0.8678 -0.4925
vn -0.0668 0.8677 -0.4925
vn -0.1123 0.8485 -0.5172
vn -0.3184 0.9316 -0.1754
vn -0.3220 0.9315 -0.1691
vn -0.4492 0.8769 0.1710
vn -0.4526 0.8753 0.1700
vn -0.4341 0.8827 0.1803
vn -0.4372 0.8815 0.1785
vn -0.4287 0.8859 0.1772
vn -0.4266 0.8867 0.1782
vn -0.4430 0.8787 0.1782
vn -0.4425 0.8790 0.1774
vn -0.3349 0.9247 -0.1810
vn -0.3344 0.9249 -0.1807
vn -0.3456 0.9209 -0.1804
vn -0.3468 0.9203 -0.1814
vn -0.3247 0.9294 -0.1755
vn -0.3285 0.9276 -0.1777
vn -0.4373 0.7098 0.5521
vn -0.4375 0.7098 0.5520
vn -0.5107 0.6786 0.5280
vn -0.5107 0.6786 0.5279
vn -0.1361 0.8384 -0.5278
vn -0.2092 0.8071 -0.5521
vn -0.3501 0.9182 -0.1856
vn -0.3512 0.9178 -0.1850
vn -0.4153 0.8909 0.1837
vn -0.4218 0.8875 0.1855
vn -0.4000 0.8979 0.1835
vn -0.4043 0.8961 0.1833
vn -0.3929 0.9012 0.1831
vn -0.3926 0.9014 0.1828
vn -0.4102 0.8938 0.1815
vn -0.4106 0.8935 0.1817
vn -0.3696 0.9110 -0.1829
vn -0.3695 0.9110 -0.1834
vn -0.3737 0.9087 -0.1861
vn -0.3745 0.9080 -0.1876
vn -0.3578 0.9158 -0.1823
vn -0.3621 0.9141 -0.1824
vn -0.2344 0.7963 -0.5576
vn -0.2344 0.7962 -0.5578
vn -0.2596 0.7857 -0.5615
vn -0.2596 0.7858 -0.5614
vn -0.3106 0.7638 -0.5657
vn 0.9362 0.2326 -0.2637
vn 0.9361 0.2326 -0.2637
vn 0.9362 0.2326 -0.2636
vn 0.9233 0.2271 -0.3099
vn 0.9232 0.2271 -0.3099
vn 0.9233 0.2271 -0.3098
vn 0.8160 0.5145 -0.2636
vn 0.8030 0.5090 -0.3099
vn 0.8030 0.5090 -0.3100
vn 0.8030 0.5090 -0.3098
vn 0.9746 -0.1166 -0.1911
vn 0.9651 -0.1207 -0.2326
vn 0.9536 -0.1255 -0.2735
vn 0.9404 -0.1312 -0.3138
vn 0.9082 0.2207 -0.3556
vn 0.7883 0.5021 -0.3556
vn 0.7880 0.5026 -0.3556
vn 0.7880 0.5027 -0.3554
vn 0.7880 0.5025 -0.3556
vn 0.5564 0.7694 -0.3138
vn 0.5697 0.7750 -0.2735
vn 0.5811 0.7799 -0.2326
vn 0.5811 0.7799 -0.2327
vn 0.5906 0.7840 -0.1911
vn 0.8268 0.5191 -0.2166
vn 0.9470 0.2372 -0.2166
vn -0.0068 -0.1695 0.9855
vn -0.0511 -0.1884 0.9808
vn -0.0512 -0.1883 0.9808
vn -0.1270 0.1124 0.9855
vn -0.1271 0.1124 0.9855
vn -0.1712 0.0934 0.9808
vn -0.1714 0.0936 0.9807
vn -0.1713 0.0935 0.9808
vn 0.1723 -0.4587 0.8717
vn 0.1330 -0.4755 0.8696
vn 0.1330 -0.4756 0.8696
vn 0.0938 -0.4921 0.8655
vn 0.0938 -0.4921 0.8654
vn 0.0549 -0.5087 0.8592
vn 0.0551 -0.5089 0.8591
vn 0.0549 -0.5088 0.8591
vn -0.0953 -0.2072 0.9736
vn -0.0953 -0.2072 0.9737
vn -0.2155 0.0747 0.9736
vn -0.3291 0.3918 0.8592
vn -0.3292 0.3918 0.8592
vn -0.2902 0.4084 0.8654
vn -0.2510 0.4251 0.8697
vn -0.2510 0.4251 0.8696
vn -0.2118 0.4420 0.8717
vn -0.2117 0.4419 0.8717
vn -0.2119 0.4420 0.8716
vn -0.2122 0.4421 0.8715
vn -0.0824 0.1314 0.9879
vn 0.0377 -0.1505 0.9879
vn 0.0376 -0.1505 0.9879
vn 0.8720 0.2054 0.4443
vn 0.8720 0.2053 0.4443
vn 0.8510 0.1963 0.4871
vn 0.7518 0.4872 0.4444
vn 0.7518 0.4871 0.4444
vn 0.7308 0.4782 0.4871
vn 0.9253 -0.1376 0.3535
vn 0.9253 -0.1376 0.3534
vn 0.9085 -0.1448 0.3921
vn 0.8899 -0.1527 0.4298
vn 0.8697 -0.1614 0.4665
vn 0.8697 -0.1613 0.4665
vn 0.8281 0.1865 0.5286
vn 0.8281 0.1866 0.5286
vn 0.7079 0.4683 0.5287
vn 0.7079 0.4682 0.5288
vn 0.7079 0.4684 0.5287
vn 0.7079 0.4684 0.5286
vn 0.4856 0.7392 0.4667
vn 0.4857 0.7393 0.4665
vn 0.4856 0.7393 0.4665
vn 0.5059 0.7479 0.4298
vn 0.5245 0.7557 0.3921
vn 0.5245 0.7558 0.3921
vn 0.5413 0.7630 0.3534
vn 0.7709 0.4953 0.4005
vn 0.8911 0.2134 0.4005
vn 0.8911 0.2135 0.4005
vn 0.8718 0.2052 -0.4448
vn 0.8720 0.2053 -0.4443
vn 0.8721 0.2053 -0.4443
vn 0.8510 0.1963 -0.4870
vn 0.8511 0.1963 -0.4870
vn 0.7519 0.4872 -0.4443
vn 0.7519 0.4871 -0.4443
vn 0.7518 0.4872 -0.4443
vn 0.7308 0.4782 -0.4871
vn 0.7308 0.4782 -0.4870
vn 0.9253 -0.1377 -0.3534
vn 0.9253 -0.1377 -0.3533
vn 0.9084 -0.1448 -0.3921
vn 0.9085 -0.1448 -0.3921
vn 0.9085 -0.1447 -0.3921
vn 0.8899 -0.1527 -0.4298
vn 0.8899 -0.1526 -0.4298
vn 0.8900 -0.1524 -0.4298
vn 0.8697 -0.1613 -0.4665
vn 0.8281 0.1865 -0.5286
vn 0.7079 0.4684 -0.5286
vn 0.4857 0.7392 -0.4666
vn 0.5059 0.7479 -0.4298
vn 0.5245 0.7558 -0.3921
vn 0.5413 0.7629 -0.3534
vn 0.5413 0.7630 -0.3534
vn 0.7709 0.4953 -0.4005
vn 0.8911 0.2134 -0.4005
vn 0.8911 0.2133 -0.4005
vn -0.0068 -0.1695 -0.9855
vn -0.0512 -0.1884 -0.9808
vn -0.0511 -0.1884 -0.9808
vn -0.1270 0.1124 -0.9855
vn -0.1713 0.0935 -0.9808
vn -0.1713 0.0934 -0.9808
vn 0.1723 -0.4587 -0.8717
vn 0.1330 -0.4755 -0.8696
vn 0.0938 -0.4923 -0.8654
vn 0.0938 -0.4921 -0.8655
vn 0.0549 -0.5088 -0.8591
vn -0.0953 -0.2072 -0.9736
vn -0.2155 0.0747 -0.9737
vn -0.2155 0.0747 -0.9736
vn -0.2156 0.0748 -0.9736
vn -0.3290 0.3919 -0.8592
vn -0.3291 0.3919 -0.8591
vn -0.3290 0.3918 -0.8592
vn -0.3290 0.3920 -0.8591
vn -0.2902 0.4085 -0.8654
vn -0.2901 0.4084 -0.8655
vn -0.2902 0.4084 -0.8655
vn -0.2901 0.4085 -0.8654
vn -0.2510 0.4251 -0.8696
vn -0.2117 0.4419 -0.8717
vn -0.0824 0.1314 -0.9879
vn -0.0823 0.1315 -0.9879
vn 0.0377 -0.1506 -0.9879
vn 0.0376 -0.1505 -0.9879
vn 0.0377 -0.1505 -0.9879
vn 0.9362 0.2326 0.2637
vn 0.9362 0.2326 0.2636
vn 0.9361 0.2326 0.2637
vn 0.9232 0.2271 0.3100
vn 0.9232 0.2271 0.3099
vn 0.8160 0.5145 0.2636
vn 0.8030 0.5090 0.3100
vn 0.9746 -0.1166 0.1911
vn 0.9651 -0.1207 0.2326
vn 0.9536 -0.1256 0.2735
vn 0.9404 -0.1312 0.3138
vn 0.9082 0.2207 0.3556
vn 0.7880 0.5026 0.3556
vn 0.5564 0.7694 0.3138
vn 0.5697 0.7750 0.2735
vn 0.5814 0.7798 0.2323
vn 0.5815 0.7796 0.2325
vn 0.5813 0.7799 0.2322
vn 0.5811 0.7799 0.2325
vn 0.5906 0.7840 0.1911
vn 0.5906 0.7839 0.1915
vn 0.8268 0.5191 0.2166
vn 0.8268 0.5191 0.2165
vn 0.9470 0.2372 0.2166
vn 0.9470 0.2372 0.2165
vn 0.7767 0.1645 -0.6080
vn 0.7767 0.1646 -0.6080
vn 0.7484 0.1527 -0.6454
vn 0.7484 0.1526 -0.6454
vn 0.6565 0.4465 -0.6080
vn 0.6565 0.4465 -0.6079
vn 0.6282 0.4345 -0.6454
vn 0.6282 0.4344 -0.6455
vn 0.6282 0.4344 -0.6454
vn 0.8477 -0.1708 -0.5022
vn 0.8478 -0.1707 -0.5021
vn 0.8243 -0.1807 -0.5365
vn 0.7994 -0.1913 -0.5695
vn 0.7729 -0.2026 -0.6013
vn 0.7184 0.1398 -0.6814
vn 0.7183 0.1398 -0.6815
vn 0.7185 0.1398 -0.6814
vn 0.5983 0.4217 -0.6814
vn 0.3890 0.6979 -0.6013
vn 0.3890 0.6980 -0.6012
vn 0.3890 0.6980 -0.6013
vn 0.4155 0.7093 -0.5695
vn 0.4154 0.7093 -0.5695
vn 0.4153 0.7094 -0.5695
vn 0.4403 0.7199 -0.5365
vn 0.4403 0.7199 -0.5366
vn 0.4638 0.7299 -0.5021
vn 0.4640 0.7298 -0.5021
vn 0.4639 0.7299 -0.5021
vn 0.6830 0.4580 -0.5690
vn 0.8033 0.1759 -0.5690
vn -0.1823 -0.2443 -0.9524
vn -0.1824 -0.2443 -0.9524
vn -0.2250 -0.2624 -0.9383
vn -0.2250 -0.2625 -0.9383
vn -0.3026 0.0375 -0.9524
vn -0.3453 0.0194 -0.9383
vn -0.3454 0.0194 -0.9383
vn -0.3452 0.0193 -0.9383
vn -0.3452 0.0194 -0.9383
vn 0.0162 -0.5252 -0.8508
vn -0.0220 -0.5415 -0.8404
vn -0.0219 -0.5415 -0.8404
vn -0.0598 -0.5578 -0.8278
vn -0.0597 -0.5577 -0.8279
vn -0.0597 -0.5578 -0.8278
vn -0.0966 -0.5733 -0.8136
vn -0.0966 -0.5733 -0.8137
vn -0.0967 -0.5733 -0.8136
vn -0.2670 -0.2804 -0.9220
vn -0.3872 0.0014 -0.9220
vn -0.3872 0.0015 -0.9220
vn -0.4806 0.3272 -0.8136
vn -0.4807 0.3272 -0.8136
vn -0.4436 0.3429 -0.8280
vn -0.4436 0.3430 -0.8280
vn -0.4060 0.3591 -0.8404
vn -0.3678 0.3754 -0.8508
vn -0.2593 0.0560 -0.9642
vn -0.1391 -0.2259 -0.9642
vn -0.1392 -0.2259 -0.9642
vn 0.9666 0.2456 0.0727
vn 0.9623 0.2437 0.1209
vn 0.8464 0.5275 0.0727
vn 0.8465 0.5275 0.0727
vn 0.8421 0.5256 0.1209
vn 0.9939 -0.1084 0.0214
vn 0.9939 -0.1084 0.0213
vn 0.9919 -0.1093 0.0641
vn 0.9919 -0.1092 0.0642
vn 0.9881 -0.1108 0.1067
vn 0.9881 -0.1109 0.1067
vn 0.9823 -0.1132 0.1491
vn 0.9823 -0.1129 0.1494
vn 0.9823 -0.1133 0.1490
vn 0.9557 0.2409 0.1689
vn 0.8357 0.5227 0.1686
vn 0.8356 0.5228 0.1689
vn 0.5983 0.7873 0.1490
vn 0.5983 0.7873 0.1489
vn 0.6041 0.7897 0.1068
vn 0.6041 0.7897 0.1067
vn 0.6080 0.7914 0.0642
vn 0.6080 0.7913 0.0642
vn 0.6098 0.7922 0.0214
vn 0.6099 0.7922 0.0214
vn 0.8486 0.5284 0.0243
vn 0.8486 0.5285 0.0243
vn 0.9688 0.2465 0.0243
vn 0.9688 0.2465 0.0244
vn 0.6538 0.1122 -0.7483
vn 0.6194 0.0975 -0.7790
vn 0.5336 0.3941 -0.7483
vn 0.4992 0.3794 -0.7790
vn 0.7452 -0.2145 -0.6314
vn 0.7453 -0.2145 -0.6313
vn 0.7451 -0.2145 -0.6315
vn 0.7159 -0.2269 -0.6603
vn 0.7159 -0.2270 -0.6602
vn 0.7157 -0.2267 -0.6605
vn 0.6855 -0.2399 -0.6874
vn 0.6854 -0.2400 -0.6875
vn 0.6540 -0.2533 -0.7128
vn 0.6539 -0.2534 -0.7129
vn 0.5835 0.0822 -0.8079
vn 0.5836 0.0821 -0.8079
vn 0.4634 0.3642 -0.8078
vn 0.4634 0.3642 -0.8079
vn 0.4634 0.3641 -0.8079
vn 0.2699 0.6472 -0.7129
vn 0.2699 0.6473 -0.7129
vn 0.3015 0.6607 -0.6874
vn 0.3319 0.6737 -0.6603
vn 0.3319 0.6737 -0.6602
vn 0.3611 0.6861 -0.6316
vn 0.5667 0.4082 -0.7157
vn 0.6869 0.1263 -0.7157
vn -0.3486 -0.3152 -0.8827
vn -0.3879 -0.3320 -0.8598
vn -0.4688 -0.0333 -0.8827
vn -0.5080 -0.0502 -0.8599
vn -0.5081 -0.0501 -0.8598
vn -0.1331 -0.5889 -0.7972
vn -0.1331 -0.5889 -0.7971
vn -0.1687 -0.6041 -0.7789
vn -0.2034 -0.6189 -0.7587
vn -0.2035 -0.6189 -0.7587
vn -0.2370 -0.6333 -0.7368
vn -0.2371 -0.6333 -0.7367
vn -0.4262 -0.3483 -0.8349
vn -0.4262 -0.3484 -0.8349
vn -0.5464 -0.0664 -0.8349
vn -0.6211 0.2674 -0.7367
vn -0.6211 0.2673 -0.7367
vn -0.6211 0.2673 -0.7368
vn -0.5873 0.2817 -0.7587
vn -0.5527 0.2965 -0.7789
vn -0.5527 0.2965 -0.7788
vn -0.5171 0.3117 -0.7972
vn -0.4285 -0.0160 -0.9034
vn -0.4285 -0.0161 -0.9034
vn -0.3083 -0.2980 -0.9034
vn -0.3083 -0.2981 -0.9034
vn 0.9623 0.2436 -0.1209
vn 0.9623 0.2437 -0.1209
vn 0.9666 0.2456 -0.0727
vn 0.8421 0.5256 -0.1209
vn 0.8465 0.5275 -0.0727
vn 0.8464 0.5275 -0.0727
vn 0.9823 -0.1133 -0.1490
vn 0.9823 -0.1132 -0.1490
vn 0.9881 -0.1109 -0.1067
vn 0.9919 -0.1093 -0.0642
vn 0.9919 -0.1092 -0.0642
vn 0.9939 -0.1084 -0.0214
vn 0.9688 0.2465 -0.0243
vn 0.8486 0.5284 -0.0243
vn 0.6099 0.7922 -0.0214
vn 0.6080 0.7914 -0.0642
vn 0.6080 0.7913 -0.0642
vn 0.6041 0.7897 -0.1067
vn 0.5983 0.7873 -0.1490
vn 0.5983 0.7873 -0.1489
vn 0.8356 0.5227 -0.1689
vn 0.8355 0.5229 -0.1689
vn 0.8356 0.5227 -0.1690
vn 0.8355 0.5228 -0.1690
vn 0.9557 0.2409 -0.1689
vn 0.5081 0.0501 -0.8598
vn 0.5080 0.0501 -0.8599
vn 0.5081 0.0501 -0.8599
vn 0.4688 0.0333 -0.8827
vn 0.3880 0.3320 -0.8598
vn 0.3879 0.3320 -0.8598
vn 0.3880 0.3319 -0.8598
vn 0.3486 0.3152 -0.8827
vn 0.6212 -0.2672 -0.7367
vn 0.6211 -0.2673 -0.7367
vn 0.5873 -0.2817 -0.7587
vn 0.5527 -0.2965 -0.7789
vn 0.5527 -0.2965 -0.7788
vn 0.5171 -0.3117 -0.7971
vn 0.5171 -0.3117 -0.7972
vn 0.4285 0.0161 -0.9034
vn 0.3083 0.2980 -0.9034
vn 0.3084 0.2980 -0.9034
vn 0.1331 0.5889 -0.7972
vn 0.1332 0.5889 -0.7971
vn 0.1331 0.5889 -0.7971
vn 0.1687 0.6041 -0.7789
vn 0.1687 0.6040 -0.7789
vn 0.2034 0.6189 -0.7587
vn 0.2371 0.6333 -0.7367
vn 0.2370 0.6333 -0.7367
vn 0.2366 0.6334 -0.7368
vn 0.4262 0.3483 -0.8349
vn 0.5464 0.0665 -0.8349
vn 0.5464 0.0664 -0.8349
vn 0.5465 0.0664 -0.8348
vn -0.4992 -0.3794 -0.7790
vn -0.5336 -0.3941 -0.7483
vn -0.6194 -0.0975 -0.7790
vn -0.6538 -0.1122 -0.7483
vn -0.2699 -0.6472 -0.7129
vn -0.2699 -0.6472 -0.7130
vn -0.3016 -0.6607 -0.6874
vn -0.3015 -0.6607 -0.6874
vn -0.3317 -0.6741 -0.6600
vn -0.3319 -0.6737 -0.6603
vn -0.3611 -0.6861 -0.6316
vn -0.5667 -0.4081 -0.7157
vn -0.5667 -0.4082 -0.7157
vn -0.6869 -0.1263 -0.7157
vn -0.7451 0.2145 -0.6315
vn -0.7451 0.2145 -0.6316
vn -0.7160 0.2269 -0.6602
vn -0.7159 0.2269 -0.6603
vn -0.6855 0.2399 -0.6874
vn -0.6855 0.2400 -0.6874
vn -0.6540 0.2534 -0.7128
vn -0.6542 0.2538 -0.7125
vn -0.6539 0.2534 -0.7129
vn -0.5834 -0.0822 -0.8080
vn -0.5833 -0.0823 -0.8081
vn -0.5834 -0.0823 -0.8080
vn -0.5835 -0.0823 -0.8079
vn -0.4634 -0.3641 -0.8079
vn -0.4634 -0.3640 -0.8079
vn 0.9233 0.2270 -0.3099
vn 0.8162 0.5143 -0.2635
vn 0.9746 -0.1166 -0.1912
vn 0.5812 0.7799 -0.2323
vn 0.5810 0.7800 -0.2324
vn 0.5810 0.7800 -0.2325
vn 0.5812 0.7798 -0.2324
vn 0.5699 0.7750 -0.2733
vn 0.3453 -0.0194 -0.9383
vn 0.3452 -0.0195 -0.9383
vn 0.3454 -0.0194 -0.9383
vn 0.3026 -0.0376 -0.9524
vn 0.3026 -0.0375 -0.9524
vn 0.2250 0.2624 -0.9383
vn 0.2250 0.2625 -0.9383
vn 0.1824 0.2443 -0.9524
vn 0.4807 -0.3274 -0.8135
vn 0.4806 -0.3272 -0.8136
vn 0.4436 -0.3429 -0.8280
vn 0.4436 -0.3430 -0.8280
vn 0.4060 -0.3591 -0.8404
vn 0.3678 -0.3753 -0.8508
vn 0.2593 -0.0560 -0.9642
vn 0.1391 0.2259 -0.9642
vn -0.0162 0.5252 -0.8508
vn -0.0162 0.5254 -0.8507
vn 0.0220 0.5415 -0.8404
vn 0.0596 0.5576 -0.8280
vn 0.0966 0.5734 -0.8136
vn 0.0966 0.5733 -0.8136
vn 0.0966 0.5734 -0.8135
vn 0.0967 0.5734 -0.8136
vn 0.2669 0.2804 -0.9220
vn 0.2668 0.2802 -0.9221
vn 0.2670 0.2803 -0.9220
vn 0.2670 0.2804 -0.9220
vn 0.3872 -0.0014 -0.9220
vn 0.3873 -0.0015 -0.9220
vn 0.3872 -0.0015 -0.9220
vn -0.6282 -0.4344 -0.6454
vn -0.6282 -0.4344 -0.6455
vn -0.6565 -0.4465 -0.6080
vn -0.7485 -0.1525 -0.6454
vn -0.7484 -0.1525 -0.6454
vn -0.7485 -0.1525 -0.6453
vn -0.7767 -0.1646 -0.6080
vn -0.3890 -0.6980 -0.6012
vn -0.4154 -0.7093 -0.5695
vn -0.4403 -0.7199 -0.5365
vn -0.4406 -0.7197 -0.5366
vn -0.4638 -0.7299 -0.5021
vn -0.6831 -0.4578 -0.5691
vn -0.8034 -0.1760 -0.5689
vn -0.8033 -0.1759 -0.5690
vn -0.8477 0.1707 -0.5022
vn -0.8478 0.1707 -0.5021
vn -0.8243 0.1807 -0.5365
vn -0.7994 0.1913 -0.5696
vn -0.7994 0.1913 -0.5695
vn -0.7730 0.2026 -0.6012
vn -0.7184 -0.1398 -0.6814
vn -0.7185 -0.1398 -0.6814
vn -0.7183 -0.1398 -0.6815
vn -0.5982 -0.4218 -0.6813
vn -0.5982 -0.4217 -0.6814
vn -0.5983 -0.4217 -0.6813
vn -0.5983 -0.4217 -0.6814
vn 0.8510 0.1962 -0.4872
vn 0.8510 0.1963 -0.4871
vn 0.8509 0.1963 -0.4872
vn 0.8509 0.1962 -0.4874
vn 0.8721 0.2052 -0.4443
vn 0.8720 0.2052 -0.4444
vn 0.7309 0.4781 -0.4871
vn 0.7518 0.4871 -0.4443
vn 0.9253 -0.1376 -0.3534
vn 0.5245 0.7557 -0.3922
vn 0.4858 0.7392 -0.4665
vn 0.4857 0.7392 -0.4665
vn 0.7080 0.4684 -0.5286
vn 0.7079 0.4685 -0.5286
vn 0.1713 -0.0935 -0.9808
vn 0.1713 -0.0934 -0.9808
vn 0.1712 -0.0936 -0.9808
vn 0.1270 -0.1124 -0.9855
vn 0.1270 -0.1123 -0.9855
vn 0.0510 0.1884 -0.9808
vn 0.0509 0.1884 -0.9808
vn 0.0511 0.1884 -0.9808
vn 0.0512 0.1884 -0.9808
vn 0.0068 0.1695 -0.9855
vn 0.3291 -0.3919 -0.8592
vn 0.2901 -0.4082 -0.8656
vn 0.2900 -0.4082 -0.8656
vn 0.2511 -0.4251 -0.8696
vn 0.2510 -0.4251 -0.8697
vn 0.2510 -0.4251 -0.8696
vn 0.2118 -0.4418 -0.8717
vn 0.2118 -0.4419 -0.8717
vn 0.2117 -0.4419 -0.8717
vn 0.0825 -0.1315 -0.9879
vn 0.0824 -0.1314 -0.9879
vn -0.0377 0.1505 -0.9879
vn -0.1723 0.4587 -0.8717
vn -0.1722 0.4587 -0.8717
vn -0.1330 0.4755 -0.8696
vn -0.0938 0.4922 -0.8654
vn -0.0937 0.4922 -0.8654
vn -0.0549 0.5087 -0.8592
vn -0.0549 0.5086 -0.8593
vn -0.0548 0.5086 -0.8593
vn 0.0953 0.2072 -0.9736
vn 0.0954 0.2073 -0.9736
vn 0.2154 -0.0747 -0.9737
vn 0.2154 -0.0749 -0.9737
vn 0.2155 -0.0747 -0.9736
vn -0.7309 -0.4782 -0.4870
vn -0.7308 -0.4782 -0.4870
vn -0.7309 -0.4781 -0.4870
vn -0.7519 -0.4871 -0.4443
vn -0.7518 -0.4871 -0.4443
vn -0.8510 -0.1963 -0.4870
vn -0.8720 -0.2053 -0.4443
vn -0.8719 -0.2053 -0.4445
vn -0.4858 -0.7392 -0.4665
vn -0.4857 -0.7392 -0.4665
vn -0.5058 -0.7479 -0.4299
vn -0.5059 -0.7479 -0.4298
vn -0.5245 -0.7558 -0.3921
vn -0.5246 -0.7557 -0.3921
vn -0.5245 -0.7557 -0.3921
vn -0.5413 -0.7630 -0.3534
vn -0.7709 -0.4953 -0.4005
vn -0.8911 -0.2134 -0.4005
vn -0.9253 0.1376 -0.3534
vn -0.9085 0.1448 -0.3921
vn -0.8899 0.1527 -0.4298
vn -0.8899 0.1526 -0.4298
vn -0.8697 0.1613 -0.4665
vn -0.8281 -0.1864 -0.5287
vn -0.8281 -0.1865 -0.5286
vn -0.8281 -0.1866 -0.5286
vn -0.7080 -0.4684 -0.5286
vn -0.7079 -0.4684 -0.5286
vn 0.7484 0.1525 -0.6455
vn 0.7484 0.1525 -0.6454
vn 0.7483 0.1524 -0.6456
vn 0.7766 0.1647 -0.6081
vn 0.7730 -0.2025 -0.6013
vn 0.7728 -0.2026 -0.6014
vn 0.7994 -0.1914 -0.5695
vn 0.7994 -0.1913 -0.5696
vn 0.8033 0.1758 -0.5690
vn 0.8031 0.1756 -0.5694
vn 0.6831 0.4578 -0.5691
vn 0.6831 0.4578 -0.5690
vn 0.6831 0.4579 -0.5690
vn 0.5983 0.4216 -0.6814
vn -0.8031 -0.5090 -0.3099
vn -0.8160 -0.5144 -0.2636
vn -0.8160 -0.5145 -0.2636
vn -0.9232 -0.2271 -0.3099
vn -0.9362 -0.2326 -0.2636
vn -0.5564 -0.7694 -0.3138
vn -0.5697 -0.7750 -0.2735
vn -0.5698 -0.7749 -0.2735
vn -0.5811 -0.7799 -0.2326
vn -0.5906 -0.7840 -0.1911
vn -0.8268 -0.5191 -0.2166
vn -0.9470 -0.2372 -0.2166
vn -0.9470 -0.2372 -0.2165
vn -0.9746 0.1166 -0.1911
vn -0.9651 0.1207 -0.2326
vn -0.9536 0.1256 -0.2735
vn -0.9403 0.1313 -0.3139
vn -0.9404 0.1312 -0.3138
vn -0.9082 -0.2207 -0.3556
vn -0.7880 -0.5026 -0.3556
vn -0.7880 -0.5027 -0.3556
vn 0.4991 0.3795 -0.7790
vn 0.7160 -0.2269 -0.6602
vn 0.7161 -0.2269 -0.6601
vn 0.7160 -0.2269 -0.6603
vn 0.7451 -0.2145 -0.6316
vn 0.7450 -0.2145 -0.6316
vn 0.3611 0.6861 -0.6315
vn 0.3610 0.6861 -0.6316
vn 0.3015 0.6608 -0.6873
vn 0.3014 0.6608 -0.6874
vn 0.3016 0.6607 -0.6874
vn 0.2700 0.6473 -0.7128
vn 0.5836 0.0822 -0.8079
vn -0.8421 -0.5256 -0.1209
vn -0.8420 -0.5257 -0.1209
vn -0.8464 -0.5275 -0.0727
vn -0.8465 -0.5275 -0.0727
vn -0.9623 -0.2436 -0.1209
vn -0.9623 -0.2437 -0.1209
vn -0.9666 -0.2456 -0.0727
vn -0.5984 -0.7872 -0.1491
vn -0.5983 -0.7873 -0.1490
vn -0.5983 -0.7873 -0.1491
vn -0.6042 -0.7897 -0.1068
vn -0.6041 -0.7897 -0.1068
vn -0.6041 -0.7897 -0.1067
vn -0.6079 -0.7914 -0.0642
vn -0.6080 -0.7914 -0.0642
vn -0.6099 -0.7922 -0.0214
vn -0.8486 -0.5284 -0.0243
vn -0.9688 -0.2465 -0.0243
vn -0.9939 0.1084 -0.0214
vn -0.9939 0.1085 -0.0214
vn -0.9920 0.1092 -0.0641
vn -0.9920 0.1090 -0.0641
vn -0.9920 0.1091 -0.0642
vn -0.9881 0.1109 -0.1067
vn -0.9823 0.1133 -0.1490
vn -0.9557 -0.2410 -0.1689
vn -0.9557 -0.2409 -0.1689
vn -0.8356 -0.5228 -0.1690
vn -0.8356 -0.5228 -0.1689
vn -0.8355 -0.5228 -0.1690
vn -0.8355 -0.5228 -0.1689
vn 0.5172 -0.3117 -0.7971
vn 0.5173 -0.3117 -0.7970
vn 0.5528 -0.2965 -0.7788
vn 0.5873 -0.2818 -0.7587
vn 0.5874 -0.2817 -0.7587
vn 0.5463 0.0665 -0.8349
vn 0.5468 0.0664 -0.8347
vn 0.4262 0.3481 -0.8350
vn 0.2035 0.6188 -0.7587
vn 0.2034 0.6188 -0.7587
vn 0.1687 0.6041 -0.7788
vn 0.1687 0.6042 -0.7788
vn 0.1330 0.5889 -0.7972
vn 0.1329 0.5888 -0.7973
vn -0.8464 -0.5275 0.0727
vn -0.8464 -0.5276 0.0727
vn -0.8421 -0.5256 0.1209
vn -0.9667 -0.2456 0.0727
vn -0.9666 -0.2456 0.0727
vn -0.9623 -0.2437 0.1209
vn -0.9623 -0.2436 0.1209
vn -0.6099 -0.7922 0.0214
vn -0.6080 -0.7913 0.0642
vn -0.6079 -0.7914 0.0642
vn -0.6042 -0.7896 0.1068
vn -0.6042 -0.7896 0.1067
vn -0.6041 -0.7897 0.1067
vn -0.6041 -0.7897 0.1068
vn -0.5983 -0.7873 0.1490
vn -0.5983 -0.7873 0.1489
vn -0.8356 -0.5227 0.1691
vn -0.8355 -0.5228 0.1690
vn -0.8356 -0.5228 0.1690
vn -0.8355 -0.5228 0.1689
vn -0.9557 -0.2410 0.1689
vn -0.9557 -0.2409 0.1689
vn -0.9823 0.1133 0.1490
vn -0.9881 0.1110 0.1067
vn -0.9881 0.1109 0.1067
vn -0.9919 0.1092 0.0641
vn -0.9919 0.1092 0.0642
vn -0.9920 0.1091 0.0640
vn -0.9920 0.1092 0.0641
vn -0.9939 0.1084 0.0214
vn -0.9939 0.1083 0.0214
vn -0.9689 -0.2464 0.0243
vn -0.9689 -0.2463 0.0244
vn -0.9689 -0.2464 0.0244
vn -0.9689 -0.2465 0.0243
vn -0.8486 -0.5284 0.0243
vn 0.3025 -0.0376 -0.9524
vn 0.3027 -0.0377 -0.9524
vn 0.3452 -0.0194 -0.9383
vn 0.1825 0.2443 -0.9524
vn 0.3679 -0.3752 -0.8508
vn 0.3678 -0.3752 -0.8509
vn 0.3680 -0.3753 -0.8507
vn 0.3685 -0.3754 -0.8504
vn 0.4059 -0.3591 -0.8404
vn 0.4059 -0.3592 -0.8404
vn 0.4436 -0.3431 -0.8279
vn 0.4806 -0.3274 -0.8135
vn 0.4806 -0.3273 -0.8136
vn 0.4807 -0.3272 -0.8135
vn 0.0965 0.5734 -0.8136
vn 0.0595 0.5574 -0.8281
vn 0.0594 0.5572 -0.8282
vn -0.0162 0.5253 -0.8508
vn 0.2593 -0.0561 -0.9642
vn 0.2593 -0.0562 -0.9642
vn -0.8160 -0.5145 0.2636
vn -0.8030 -0.5090 0.3099
vn -0.9362 -0.2326 0.2636
vn -0.9362 -0.2326 0.2635
vn -0.9361 -0.2328 0.2636
vn -0.9232 -0.2271 0.3099
vn -0.5906 -0.7840 0.1911
vn -0.5811 -0.7799 0.2326
vn -0.5811 -0.7799 0.2327
vn -0.5697 -0.7750 0.2736
vn -0.5697 -0.7750 0.2735
vn -0.5564 -0.7694 0.3138
vn -0.7880 -0.5026 0.3556
vn -0.9082 -0.2207 0.3556
vn -0.9404 0.1312 0.3138
vn -0.9536 0.1256 0.2735
vn -0.9651 0.1207 0.2326
vn -0.9746 0.1166 0.1911
vn -0.9470 -0.2372 0.2166
vn -0.9470 -0.2373 0.2165
vn -0.8268 -0.5191 0.2165
vn -0.8269 -0.5191 0.2164
vn -0.8268 -0.5191 0.2166
vn 0.1270 -0.1125 -0.9855
vn 0.1712 -0.0934 -0.9808
vn 0.1712 -0.0935 -0.9808
vn 0.0511 0.1883 -0.9808
vn 0.2903 -0.4084 -0.8654
vn 0.2902 -0.4084 -0.8654
vn 0.2902 -0.4085 -0.8654
vn 0.3291 -0.3918 -0.8592
vn 0.3291 -0.3914 -0.8593
vn 0.2155 -0.0747 -0.9737
vn 0.0953 0.2071 -0.9737
vn -0.0549 0.5088 -0.8591
vn -0.0938 0.4921 -0.8655
vn -0.7518 -0.4872 0.4443
vn -0.7518 -0.4871 0.4443
vn -0.7308 -0.4782 0.4871
vn -0.8720 -0.2053 0.4443
vn -0.8720 -0.2053 0.4444
vn -0.8510 -0.1962 0.4871
vn -0.8510 -0.1963 0.4871
vn -0.5413 -0.7630 0.3534
vn -0.5412 -0.7630 0.3534
vn -0.5245 -0.7558 0.3921
vn -0.5245 -0.7558 0.3920
vn -0.5059 -0.7480 0.4297
vn -0.5058 -0.7481 0.4296
vn -0.5059 -0.7479 0.4298
vn -0.4858 -0.7392 0.4665
vn -0.4857 -0.7392 0.4665
vn -0.7080 -0.4684 0.5286
vn -0.7080 -0.4683 0.5286
vn -0.7079 -0.4684 0.5286
vn -0.8281 -0.1866 0.5286
vn -0.8281 -0.1865 0.5286
vn -0.8697 0.1613 0.4665
vn -0.8697 0.1614 0.4665
vn -0.8899 0.1527 0.4298
vn -0.9084 0.1448 0.3921
vn -0.9085 0.1448 0.3921
vn -0.9084 0.1449 0.3921
vn -0.9084 0.1450 0.3921
vn -0.9253 0.1376 0.3534
vn -0.8911 -0.2134 0.4005
vn -0.8911 -0.2133 0.4005
vn -0.7709 -0.4953 0.4005
vn -0.0511 -0.1883 -0.9808
vn -0.0510 -0.1883 -0.9808
vn -0.0068 -0.1696 -0.9855
vn -0.1712 0.0934 -0.9808
vn -0.1269 0.1124 -0.9855
vn -0.1268 0.1124 -0.9855
vn 0.0549 -0.5087 -0.8592
vn 0.0548 -0.5088 -0.8591
vn 0.1330 -0.4756 -0.8695
vn -0.2901 0.4083 -0.8655
vn -0.2902 0.4084 -0.8654
vn -0.2901 0.4082 -0.8656
vn -0.3291 0.3918 -0.8592
vn -0.0953 -0.2072 -0.9737
vn -0.6565 -0.4465 0.6080
vn -0.6283 -0.4344 0.6454
vn -0.6282 -0.4344 0.6454
vn -0.7767 -0.1646 0.6080
vn -0.7484 -0.1525 0.6454
vn -0.4638 -0.7299 0.5021
vn -0.4404 -0.7199 0.5365
vn -0.4404 -0.7199 0.5364
vn -0.4404 -0.7198 0.5366
vn -0.4155 -0.7093 0.5695
vn -0.4154 -0.7093 0.5695
vn -0.3890 -0.6980 0.6012
vn -0.3889 -0.6981 0.6012
vn -0.5983 -0.4217 0.6814
vn -0.7185 -0.1398 0.6814
vn -0.7184 -0.1398 0.6814
vn -0.7730 0.2026 0.6012
vn -0.7994 0.1913 0.5696
vn -0.8243 0.1807 0.5365
vn -0.8478 0.1707 0.5021
vn -0.8033 -0.1759 0.5690
vn -0.6831 -0.4578 0.5690
vn -0.6831 -0.4579 0.5689
vn -0.2250 -0.2624 -0.9384
vn -0.3027 0.0377 -0.9524
vn -0.3026 0.0376 -0.9524
vn -0.3025 0.0376 -0.9524
vn -0.0967 -0.5734 -0.8136
vn -0.0967 -0.5734 -0.8135
vn -0.0972 -0.5733 -0.8136
vn -0.0596 -0.5576 -0.8280
vn 0.0162 -0.5253 -0.8508
vn -0.1391 -0.2258 -0.9642
vn -0.1391 -0.2257 -0.9642
vn -0.2594 0.0561 -0.9642
vn -0.2594 0.0560 -0.9642
vn -0.2595 0.0563 -0.9641
vn -0.3678 0.3753 -0.8508
vn -0.3678 0.3752 -0.8508
vn -0.3677 0.3754 -0.8508
vn -0.3873 0.0015 -0.9220
vn -0.3871 0.0015 -0.9220
vn -0.3875 0.0015 -0.9219
vn -0.2670 -0.2805 -0.9220
vn -0.2671 -0.2805 -0.9219
vn -0.5336 -0.3941 0.7483
vn -0.4990 -0.3796 0.7790
vn -0.4992 -0.3794 0.7790
vn -0.6538 -0.1122 0.7483
vn -0.6192 -0.0971 0.7792
vn -0.6194 -0.0973 0.7790
vn -0.6194 -0.0975 0.7790
vn -0.6190 -0.0973 0.7794
vn -0.3611 -0.6861 0.6316
vn -0.3319 -0.6737 0.6603
vn -0.3015 -0.6607 0.6874
vn -0.3016 -0.6607 0.6874
vn -0.2699 -0.6472 0.7129
vn -0.2697 -0.6474 0.7129
vn -0.2698 -0.6472 0.7130
vn -0.2698 -0.6471 0.7131
vn -0.4634 -0.3641 0.8079
vn -0.5836 -0.0822 0.8079
vn -0.5837 -0.0823 0.8078
vn -0.5835 -0.0822 0.8079
vn -0.6539 0.2535 0.7128
vn -0.6539 0.2534 0.7129
vn -0.6540 0.2535 0.7128
vn -0.6540 0.2536 0.7127
vn -0.6855 0.2399 0.6874
vn -0.7159 0.2270 0.6603
vn -0.7159 0.2269 0.6603
vn -0.7451 0.2145 0.6315
vn -0.7450 0.2144 0.6317
vn -0.7451 0.2145 0.6316
vn -0.6869 -0.1263 0.7157
vn -0.5667 -0.4082 0.7157
vn -0.3487 -0.3152 -0.8827
vn -0.3488 -0.3152 -0.8826
vn -0.5081 -0.0501 -0.8599
vn -0.2371 -0.6332 -0.7367
vn -0.2371 -0.6332 -0.7368
vn -0.2034 -0.6188 -0.7588
vn -0.5171 0.3116 -0.7972
vn -0.5526 0.2965 -0.7789
vn -0.5874 0.2818 -0.7586
vn -0.5874 0.2817 -0.7587
vn -0.5872 0.2816 -0.7588
vn -0.5872 0.2817 -0.7588
vn -0.5461 -0.0663 -0.8351
vn -0.5464 -0.0666 -0.8349
vn -0.5464 -0.0665 -0.8349
vn -0.4262 -0.3481 -0.8350
vn -0.4262 -0.3484 -0.8348
vn -0.3880 -0.3320 0.8598
vn -0.3879 -0.3320 0.8598
vn -0.3880 -0.3319 0.8598
vn -0.3485 -0.3152 0.8827
vn -0.5081 -0.0501 0.8598
vn -0.4688 -0.0333 0.8827
vn -0.2372 -0.6332 0.7367
vn -0.2371 -0.6331 0.7369
vn -0.2371 -0.6332 0.7368
vn -0.2374 -0.6332 0.7367
vn -0.2033 -0.6189 0.7587
vn -0.2032 -0.6188 0.7588
vn -0.1687 -0.6041 0.7789
vn -0.1330 -0.5889 0.7972
vn -0.1331 -0.5888 0.7972
vn -0.1331 -0.5889 0.7972
vn -0.3083 -0.2980 0.9034
vn -0.4285 -0.0161 0.9034
vn -0.5172 0.3116 0.7971
vn -0.5171 0.3117 0.7972
vn -0.5171 0.3116 0.7972
vn -0.5527 0.2965 0.7789
vn -0.5873 0.2817 0.7588
vn -0.5874 0.2817 0.7587
vn -0.5873 0.2817 0.7587
vn -0.6211 0.2675 0.7367
vn -0.6211 0.2677 0.7366
vn -0.6211 0.2674 0.7367
vn -0.6211 0.2673 0.7367
vn -0.5464 -0.0664 0.8349
vn -0.5464 -0.0665 0.8349
vn -0.4262 -0.3483 0.8349
vn -0.4262 -0.3484 0.8349
vn -0.4993 -0.3793 -0.7790
vn -0.3610 -0.6862 -0.6315
vn -0.5835 -0.0822 -0.8079
vn -0.7159 0.2268 -0.6603
vn -0.7450 0.2145 -0.6316
vn -0.6870 -0.1263 -0.7156
vn -0.6871 -0.1263 -0.7155
vn -0.5666 -0.4082 -0.7158
vn -0.2250 -0.2625 0.9383
vn -0.1824 -0.2443 0.9524
vn -0.1824 -0.2444 0.9524
vn -0.3452 0.0194 0.9383
vn -0.3452 0.0192 0.9383
vn -0.3453 0.0193 0.9383
vn -0.3026 0.0376 0.9524
vn -0.0966 -0.5733 0.8137
vn -0.0966 -0.5733 0.8136
vn -0.0967 -0.5733 0.8136
vn -0.0596 -0.5576 0.8280
vn -0.0593 -0.5574 0.8281
vn -0.0220 -0.5415 0.8404
vn -0.0220 -0.5414 0.8405
vn 0.0162 -0.5252 0.8508
vn -0.1391 -0.2259 0.9642
vn -0.2593 0.0560 0.9642
vn -0.3678 0.3754 0.8508
vn -0.4060 0.3591 0.8404
vn -0.4436 0.3430 0.8280
vn -0.4436 0.3429 0.8280
vn -0.4806 0.3272 0.8136
vn -0.4805 0.3272 0.8136
vn -0.3872 0.0015 0.9220
vn -0.2671 -0.2804 0.9220
vn -0.2670 -0.2804 0.9220
vn -0.7484 -0.1525 -0.6455
vn -0.4638 -0.7299 -0.5022
vn -0.4636 -0.7301 -0.5020
vn -0.4404 -0.7199 -0.5365
vn -0.4404 -0.7199 -0.5364
vn -0.5983 -0.4216 -0.6814
vn -0.7185 -0.1398 -0.6813
vn -0.7729 0.2026 -0.6013
vn -0.8033 -0.1760 -0.5689
vn -0.8033 -0.1756 -0.5691
vn -0.6831 -0.4578 -0.5690
vn -0.0511 -0.1883 0.9808
vn -0.0510 -0.1884 0.9808
vn -0.0067 -0.1695 0.9855
vn -0.1712 0.0935 0.9808
vn 0.0550 -0.5088 0.8591
vn 0.0549 -0.5088 0.8592
vn 0.0938 -0.4922 0.8654
vn 0.1723 -0.4588 0.8717
vn 0.1723 -0.4589 0.8716
vn -0.0823 0.1314 0.9879
vn -0.2118 0.4418 0.8717
vn -0.2511 0.4251 0.8696
vn -0.2902 0.4085 0.8654
vn -0.2903 0.4085 0.8654
vn -0.2156 0.0747 0.9736
vn -0.7518 -0.4872 -0.4443
vn -0.7308 -0.4782 -0.4871
vn -0.7307 -0.4782 -0.4872
vn -0.8720 -0.2053 -0.4444
vn -0.8721 -0.2052 -0.4443
vn -0.8720 -0.2052 -0.4443
vn -0.8510 -0.1964 -0.4871
vn -0.8509 -0.1965 -0.4873
vn -0.8510 -0.1964 -0.4872
vn -0.8510 -0.1963 -0.4871
vn -0.5060 -0.7479 -0.4297
vn -0.5060 -0.7478 -0.4298
vn -0.5063 -0.7476 -0.4298
vn -0.7080 -0.4684 -0.5285
vn -0.8281 -0.1865 -0.5287
vn -0.8697 0.1612 -0.4664
vn -0.9253 0.1375 -0.3534
vn -0.7709 -0.4953 -0.4004
vn 0.1270 -0.1124 0.9855
vn 0.1713 -0.0935 0.9808
vn 0.0068 0.1695 0.9855
vn 0.0512 0.1884 0.9808
vn 0.0511 0.1884 0.9808
vn 0.2117 -0.4419 0.8717
vn 0.2510 -0.4251 0.8696
vn 0.2510 -0.4251 0.8697
vn 0.2901 -0.4082 0.8656
vn 0.2900 -0.4082 0.8656
vn 0.2902 -0.4085 0.8654
vn 0.3290 -0.3918 0.8592
vn 0.3291 -0.3918 0.8592
vn 0.2155 -0.0747 0.9736
vn 0.0953 0.2072 0.9736
vn 0.0954 0.2072 0.9736
vn -0.0549 0.5087 0.8592
vn -0.0939 0.4922 0.8654
vn -0.0938 0.4922 0.8654
vn -0.0937 0.4922 0.8654
vn -0.1330 0.4755 0.8696
vn -0.1723 0.4587 0.8717
vn -0.0375 0.1506 0.9879
vn -0.0377 0.1505 0.9879
vn 0.0824 -0.1314 0.9879
vn -0.8030 -0.5090 -0.3099
vn -0.9361 -0.2327 -0.2636
vn -0.9362 -0.2327 -0.2635
vn -0.9361 -0.2329 -0.2636
vn -0.5811 -0.7799 -0.2327
vn -0.9536 0.1255 -0.2735
vn -0.9470 -0.2371 -0.2166
vn 0.3026 -0.0376 0.9524
vn 0.3451 -0.0194 0.9384
vn 0.3449 -0.0197 0.9384
vn 0.3450 -0.0195 0.9384
vn 0.3452 -0.0192 0.9383
vn 0.1823 0.2443 0.9524
vn 0.1824 0.2443 0.9524
vn 0.2249 0.2623 0.9384
vn 0.2250 0.2624 0.9384
vn 0.2250 0.2623 0.9384
vn 0.2248 0.2623 0.9384
vn 0.3678 -0.3753 0.8508
vn 0.3678 -0.3752 0.8509
vn 0.4060 -0.3591 0.8404
vn 0.4436 -0.3430 0.8280
vn 0.4806 -0.3272 0.8136
vn 0.4804 -0.3275 0.8136
vn 0.3872 -0.0015 0.9220
vn 0.2670 0.2804 0.9220
vn 0.0967 0.5734 0.8136
vn 0.0967 0.5734 0.8135
vn 0.0596 0.5575 0.8280
vn 0.0596 0.5576 0.8280
vn 0.0220 0.5415 0.8404
vn -0.0162 0.5252 0.8508
vn 0.1391 0.2259 0.9642
vn 0.1391 0.2258 0.9642
vn 0.2593 -0.0560 0.9642
vn -0.6100 -0.7921 -0.0215
vn -0.6099 -0.7922 -0.0216
vn -0.6080 -0.7913 -0.0642
vn -0.6042 -0.7897 -0.1067
vn -0.6041 -0.7897 -0.1066
vn -0.6041 -0.7898 -0.1067
vn -0.5984 -0.7872 -0.1489
vn -0.5984 -0.7872 -0.1490
vn -0.5985 -0.7873 -0.1484
vn -0.8355 -0.5229 -0.1689
vn -0.8356 -0.5227 -0.1690
vn -0.9881 0.1108 -0.1067
vn -0.9919 0.1092 -0.0641
vn -0.9919 0.1092 -0.0642
vn -0.8487 -0.5283 -0.0243
vn 0.4688 0.0333 0.8827
vn 0.4688 0.0332 0.8827
vn 0.5082 0.0502 0.8598
vn 0.5081 0.0502 0.8598
vn 0.5081 0.0501 0.8598
vn 0.3485 0.3152 0.8827
vn 0.3486 0.3152 0.8827
vn 0.3880 0.3320 0.8598
vn 0.3883 0.3317 0.8598
vn 0.3879 0.3320 0.8598
vn 0.5170 -0.3117 0.7972
vn 0.5169 -0.3119 0.7972
vn 0.5171 -0.3117 0.7972
vn 0.5527 -0.2965 0.7789
vn 0.5877 -0.2817 0.7585
vn 0.5873 -0.2817 0.7588
vn 0.5873 -0.2817 0.7587
vn 0.5874 -0.2817 0.7587
vn 0.6211 -0.2673 0.7367
vn 0.6211 -0.2673 0.7368
vn 0.5463 0.0664 0.8349
vn 0.5464 0.0663 0.8349
vn 0.5464 0.0664 0.8349
vn 0.4262 0.3483 0.8349
vn 0.2371 0.6333 0.7367
vn 0.2034 0.6189 0.7587
vn 0.2034 0.6190 0.7586
vn 0.2034 0.6188 0.7587
vn 0.2033 0.6189 0.7587
vn 0.1687 0.6041 0.7789
vn 0.1331 0.5889 0.7972
vn 0.3083 0.2980 0.9034
vn 0.4285 0.0161 0.9034
vn -0.8465 -0.5275 0.0727
vn -0.6042 -0.7897 0.1066
vn -0.6042 -0.7897 0.1067
vn -0.6041 -0.7897 0.1065
vn -0.8487 -0.5284 0.0243
vn -0.9688 -0.2465 0.0243
vn -0.8357 -0.5227 0.1686
vn -0.8355 -0.5228 0.1691
vn 0.6194 0.0975 0.7790
vn 0.6538 0.1122 0.7483
vn 0.6539 0.1122 0.7482
vn 0.6538 0.1121 0.7483
vn 0.6538 0.1124 0.7482
vn 0.4992 0.3794 0.7790
vn 0.5336 0.3941 0.7483
vn 0.5336 0.3940 0.7483
vn 0.5336 0.3940 0.7484
vn 0.6539 -0.2534 0.7129
vn 0.6855 -0.2399 0.6874
vn 0.7159 -0.2269 0.6603
vn 0.7159 -0.2269 0.6604
vn 0.7159 -0.2270 0.6602
vn 0.7451 -0.2145 0.6315
vn 0.7452 -0.2145 0.6314
vn 0.6869 0.1263 0.7157
vn 0.5667 0.4082 0.7157
vn 0.5667 0.4082 0.7156
vn 0.3611 0.6861 0.6316
vn 0.3319 0.6737 0.6602
vn 0.3319 0.6737 0.6603
vn 0.3015 0.6607 0.6874
vn 0.2699 0.6473 0.7129
vn 0.2699 0.6472 0.7129
vn 0.4634 0.3641 0.8079
vn 0.5835 0.0822 0.8079
vn 0.5835 0.0821 0.8079
vn 0.5835 0.0823 0.8079
vn -0.8031 -0.5089 0.3099
vn -0.8031 -0.5090 0.3099
vn -0.9361 -0.2326 0.2637
vn -0.9362 -0.2325 0.2636
vn -0.5698 -0.7750 0.2735
vn -0.5700 -0.7749 0.2732
vn -0.5697 -0.7750 0.2734
vn -0.8268 -0.5191 0.2167
vn -0.8268 -0.5191 0.2168
vn -0.9536 0.1255 0.2735
vn -0.9082 -0.2207 0.3557
vn -0.7881 -0.5025 0.3555
vn 0.7484 0.1525 0.6454
vn 0.7767 0.1646 0.6080
vn 0.7766 0.1646 0.6080
vn 0.6283 0.4344 0.6454
vn 0.6282 0.4345 0.6454
vn 0.6282 0.4344 0.6454
vn 0.6565 0.4465 0.6080
vn 0.7730 -0.2026 0.6012
vn 0.7994 -0.1913 0.5695
vn 0.7995 -0.1913 0.5694
vn 0.7994 -0.1913 0.5696
vn 0.8243 -0.1807 0.5365
vn 0.8478 -0.1707 0.5021
vn 0.8033 0.1759 0.5690
vn 0.6831 0.4578 0.5690
vn 0.4639 0.7299 0.5021
vn 0.4638 0.7299 0.5021
vn 0.4639 0.7298 0.5021
vn 0.4403 0.7199 0.5365
vn 0.4154 0.7093 0.5695
vn 0.4154 0.7093 0.5694
vn 0.3889 0.6980 0.6012
vn 0.3890 0.6980 0.6012
vn 0.3889 0.6980 0.6013
vn 0.5983 0.4217 0.6814
vn 0.7184 0.1398 0.6814
vn 0.7184 0.1398 0.6815
vn 0.7185 0.1398 0.6814
vn -0.7308 -0.4782 0.4870
vn -0.7519 -0.4871 0.4443
vn -0.7518 -0.4872 0.4444
vn -0.8510 -0.1963 0.4870
vn -0.8720 -0.2054 0.4444
vn -0.8720 -0.2055 0.4443
vn -0.4857 -0.7393 0.4665
vn -0.7709 -0.4953 0.4004
vn -0.8911 -0.2135 0.4005
vn -0.8281 -0.1865 0.5287
vn 0.1714 -0.0935 0.9808
vn 0.1271 -0.1124 0.9855
vn 0.0512 0.1884 0.9807
vn 0.0512 0.1885 0.9807
vn 0.3291 -0.3917 0.8592
vn 0.2902 -0.4084 0.8654
vn 0.2510 -0.4252 0.8696
vn 0.2507 -0.4256 0.8695
vn 0.2119 -0.4420 0.8716
vn 0.2122 -0.4421 0.8715
vn 0.2115 -0.4418 0.8718
vn -0.1723 0.4588 0.8717
vn -0.0938 0.4921 0.8655
vn -0.0938 0.4921 0.8654
vn -0.0550 0.5087 0.8592
vn 0.2154 -0.0747 0.9737
vn 0.8510 0.1963 0.4870
vn 0.8720 0.2052 0.4443
vn 0.8721 0.2052 0.4443
vn 0.7308 0.4782 0.4870
vn 0.7519 0.4871 0.4443
vn 0.9084 -0.1448 0.3921
vn 0.9253 -0.1375 0.3534
vn 0.8911 0.2133 0.4005
vn 0.7709 0.4953 0.4006
vn 0.7709 0.4952 0.4005
vn 0.5413 0.7629 0.3535
vn 0.5413 0.7629 0.3534
vn 0.5244 0.7558 0.3921
vn 0.4857 0.7392 0.4665
vn 0.8281 0.1864 0.5287
vn -0.7484 -0.1526 0.6454
vn -0.7485 -0.1526 0.6454
vn -0.4403 -0.7199 0.5365
vn -0.4638 -0.7299 0.5022
vn -0.4638 -0.7300 0.5021
vn -0.6831 -0.4578 0.5691
vn -0.8479 0.1705 0.5019
vn -0.8478 0.1707 0.5020
vn -0.8243 0.1806 0.5365
vn -0.7994 0.1914 0.5695
vn -0.7994 0.1913 0.5695
vn -0.7730 0.2025 0.6012
vn -0.7186 -0.1398 0.6813
vn -0.5982 -0.4217 0.6814
vn 0.3453 -0.0194 0.9383
vn 0.3452 -0.0194 0.9383
vn 0.3454 -0.0194 0.9383
vn 0.3026 -0.0374 0.9524
vn 0.2250 0.2625 0.9383
vn 0.1825 0.2443 0.9524
vn 0.4439 -0.3431 0.8278
vn 0.4060 -0.3590 0.8404
vn 0.4060 -0.3591 0.8403
vn 0.3680 -0.3753 0.8507
vn 0.3678 -0.3752 0.8508
vn -0.0161 0.5253 0.8508
vn -0.0161 0.5252 0.8508
vn -0.0162 0.5253 0.8508
vn 0.0221 0.5415 0.8404
vn 0.0592 0.5573 0.8282
vn 0.0966 0.5734 0.8136
vn 0.2672 0.2804 0.9219
vn 0.3873 -0.0015 0.9220
vn 0.3879 -0.0016 0.9217
vn 0.9232 0.2270 0.3100
vn 0.9361 0.2326 0.2638
vn 0.8030 0.5090 0.3099
vn 0.8031 0.5090 0.3099
vn 0.9404 -0.1311 0.3138
vn 0.9536 -0.1255 0.2735
vn 0.9746 -0.1166 0.1912
vn 0.5907 0.7839 0.1912
vn 0.5811 0.7799 0.2326
vn 0.7880 0.5027 0.3555
vn 0.7881 0.5024 0.3556
vn -0.4991 -0.3795 0.7790
vn -0.4991 -0.3794 0.7791
vn -0.2699 -0.6473 0.7129
vn -0.3610 -0.6861 0.6316
vn -0.3611 -0.6861 0.6315
vn -0.5666 -0.4081 0.7158
vn -0.7450 0.2145 0.6316
vn -0.7159 0.2268 0.6603
vn -0.4633 -0.3641 0.8079
vn -0.4633 -0.3641 0.8080
vn 0.4689 0.0333 0.8826
vn 0.6210 -0.2673 0.7368
vn 0.5527 -0.2965 0.7788
vn 0.5170 -0.3116 0.7972
vn 0.5171 -0.3117 0.7971
vn 0.2371 0.6332 0.7367
vn 0.9622 0.2439 0.1211
vn 0.9623 0.2438 0.1209
vn 0.9667 0.2456 0.0727
vn 0.8421 0.5256 0.1207
vn 0.8421 0.5256 0.1208
vn 0.9823 -0.1132 0.1492
vn 0.9920 -0.1091 0.0640
vn 0.9919 -0.1093 0.0640
vn 0.9939 -0.1083 0.0214
vn 0.6079 0.7914 0.0642
vn 0.6041 0.7897 0.1066
vn 0.6041 0.7897 0.1065
vn 0.5983 0.7872 0.1492
vn 0.5983 0.7873 0.1492
vn 0.8355 0.5228 0.1689
vn -0.3486 -0.3151 0.8827
vn -0.3484 -0.3150 0.8829
vn -0.3485 -0.3151 0.8827
vn -0.3486 -0.3152 0.8827
vn -0.4689 -0.0333 0.8826
vn -0.5081 -0.0501 0.8599
vn -0.2371 -0.6332 0.7367
vn -0.6212 0.2673 0.7367
vn 0.4991 0.3795 0.7790
vn 0.7451 -0.2145 0.6316
vn 0.7450 -0.2145 0.6316
vn 0.7450 -0.2145 0.6317
vn 0.6539 -0.2533 0.7129
vn 0.5834 0.0822 0.8080
vn 0.4633 0.3641 0.8079
vn 0.3016 0.6606 0.6874
vn 0.3015 0.6608 0.6873
vn 0.3320 0.6737 0.6603
vn 0.9666 0.2457 -0.0727
vn 0.9623 0.2437 -0.1207
vn 0.9623 0.2436 -0.1208
vn 0.8422 0.5255 -0.1208
vn 0.8421 0.5256 -0.1208
vn 0.9939 -0.1084 -0.0213
vn 0.9939 -0.1083 -0.0213
vn 0.9939 -0.1086 -0.0214
vn 0.9920 -0.1092 -0.0641
vn 0.9823 -0.1135 -0.1490
vn 0.9823 -0.1134 -0.1490
vn 0.9558 0.2409 -0.1689
vn 0.8355 0.5228 -0.1689
vn 0.5983 0.7873 -0.1491
vn 0.6041 0.7897 -0.1066
vn 0.6041 0.7897 -0.1065
vn 0.6079 0.7914 -0.0641
vn 0.6079 0.7914 -0.0642
vn 0.6099 0.7922 -0.0213
vn 0.6100 0.7921 -0.0214
vn 0.8487 0.5284 -0.0243
vn 0.9689 0.2465 -0.0243
vn -0.1824 -0.2441 0.9524
vn -0.3026 0.0375 0.9524
vn -0.3453 0.0194 0.9383
vn -0.3455 0.0194 0.9382
vn 0.0162 -0.5253 0.8508
vn -0.0221 -0.5415 0.8404
vn -0.0967 -0.5734 0.8136
vn -0.3873 0.0015 0.9220
vn -0.4435 0.3430 0.8280
vn -0.3677 0.3754 0.8508
vn -0.3677 0.3755 0.8508
vn 0.7485 0.1525 0.6454
vn 0.7484 0.1525 0.6455
vn 0.7485 0.1524 0.6454
vn 0.6565 0.4465 0.6079
vn 0.7994 -0.1914 0.5695
vn 0.7729 -0.2026 0.6013
vn 0.7728 -0.2027 0.6014
vn 0.7729 -0.2027 0.6013
vn 0.7185 0.1398 0.6813
vn 0.3890 0.6981 0.6012
vn 0.4404 0.7199 0.5364
vn 0.4402 0.7200 0.5365
vn 0.4638 0.7300 0.5021
vn 0.8033 0.1760 0.5690
vt 0.000000 0.000000
s 1
g off
usemtl Goddard_None
f 1/1/1 2/1/2 3/1/3
f 3/1/3 4/1/4 1/1/1
f 4/1/4 3/1/3 5/1/5
f 5/1/5 6/1/6 4/1/4
f 4/1/7 7/1/8 8/1/9
f 8/1/9 1/1/10 4/1/7
f 9/1/11 7/1/8 4/1/7
f 4/1/7 6/1/12 9/1/11
f 10/1/13 11/1/13 12/1/13
f 12/1/13 2/1/13 10/1/13
f 13/1/14 3/1/15 2/1/14
f 2/1/14 12/1/14 13/1/14
f 13/1/16 14/1/16 5/1/17
f 5/1/17 3/1/16 13/1/16
f 5/1/18 14/1/19 15/1/18
f 15/1/18 16/1/18 5/1/18
f 17/1/20 6/1/6 5/1/5
f 5/1/5 16/1/21 17/1/20
f 17/1/22 18/1/23 9/1/11
f 9/1/11 6/1/12 17/1/22
f 19/1/24 9/1/24 18/1/25
f 18/1/25 20/1/26 19/1/24
f 9/1/27 19/1/27 21/1/27
f 21/1/27 7/1/27 9/1/27
f 7/1/28 21/1/28 22/1/28
f 22/1/28 8/1/28 7/1/28
f 22/1/29 23/1/30 24/1/31
f 24/1/31 8/1/32 22/1/29
f 1/1/10 8/1/9 24/1/33
f 24/1/33 25/1/34 1/1/10
f 10/1/35 2/1/2 1/1/1
f 1/1/1 25/1/36 10/1/35
f 26/1/37 27/1/38 28/1/39
f 28/1/39 29/1/40 26/1/37
f 30/1/41 31/1/42 27/1/43
f 27/1/43 26/1/44 30/1/41
f 27/1/38 32/1/45 33/1/46
f 33/1/46 28/1/39 27/1/38
f 27/1/43 31/1/42 34/1/47
f 34/1/47 32/1/48 27/1/43
f 35/1/49 29/1/50 36/1/50
f 36/1/50 37/1/51 35/1/49
f 26/1/37 29/1/40 35/1/52
f 35/1/52 38/1/53 26/1/37
f 39/1/54 30/1/41 26/1/44
f 26/1/44 38/1/55 39/1/54
f 30/1/56 39/1/57 40/1/58
f 40/1/58 41/1/59 30/1/56
f 42/1/60 31/1/60 30/1/60
f 30/1/60 41/1/60 42/1/60
f 43/1/61 34/1/62 31/1/63
f 31/1/63 42/1/64 43/1/61
f 44/1/65 34/1/65 43/1/65
f 43/1/65 45/1/65 44/1/65
f 44/1/66 46/1/67 32/1/48
f 32/1/48 34/1/47 44/1/66
f 32/1/45 46/1/68 47/1/69
f 47/1/69 33/1/46 32/1/45
f 48/1/70 33/1/70 47/1/71
f 47/1/71 49/1/71 48/1/70
f 28/1/72 33/1/72 48/1/72
f 48/1/72 50/1/72 28/1/72
f 29/1/73 28/1/73 50/1/74
f 50/1/74 36/1/73 29/1/73
f 51/1/75 52/1/76 53/1/77
f 53/1/77 54/1/78 51/1/75
f 55/1/79 56/1/80 52/1/81
f 52/1/81 51/1/82 55/1/79
f 52/1/76 57/1/83 58/1/84
f 58/1/84 53/1/77 52/1/76
f 52/1/81 56/1/80 59/1/85
f 59/1/85 57/1/86 52/1/81
f 54/1/87 60/1/87 61/1/88
f 61/1/88 62/1/88 54/1/87
f 62/1/89 63/1/90 51/1/75
f 51/1/75 54/1/78 62/1/89
f 55/1/79 51/1/82 63/1/91
f 63/1/91 64/1/92 55/1/79
f 64/1/93 65/1/93 66/1/93
f 66/1/93 55/1/93 64/1/93
f 67/1/94 56/1/94 55/1/94
f 55/1/94 66/1/94 67/1/94
f 68/1/95 59/1/95 56/1/95
f 56/1/95 67/1/95 68/1/95
f 39/1/96 59/1/97 68/1/96
f 68/1/96 40/1/98 39/1/96
f 38/1/55 57/1/86 59/1/85
f 59/1/85 39/1/54 38/1/55
f 38/1/53 35/1/52 58/1/84
f 58/1/84 57/1/83 38/1/53
f 35/1/99 37/1/100 69/1/99
f 69/1/99 58/1/99 35/1/99
f 53/1/101 58/1/102 69/1/102
f 69/1/102 70/1/102 53/1/101
f 54/1/103 53/1/104 70/1/103
f 70/1/103 60/1/105 54/1/103
f 71/1/106 72/1/107 73/1/108
f 73/1/108 74/1/109 71/1/106
f 75/1/110 76/1/111 72/1/112
f 72/1/112 71/1/113 75/1/110
f 72/1/107 77/1/114 78/1/115
f 78/1/115 73/1/108 72/1/107
f 72/1/112 76/1/111 79/1/116
f 79/1/116 77/1/117 72/1/112
f 80/1/118 81/1/118 82/1/118
f 82/1/118 74/1/118 80/1/118
f 71/1/106 74/1/109 82/1/119
f 82/1/119 83/1/120 71/1/106
f 75/1/110 71/1/113 83/1/121
f 83/1/121 84/1/122 75/1/110
f 84/1/123 85/1/124 86/1/125
f 86/1/125 75/1/123 84/1/123
f 87/1/126 76/1/126 75/1/126
f 75/1/126 86/1/126 87/1/126
f 88/1/127 79/1/128 76/1/127
f 76/1/127 87/1/127 88/1/127
f 65/1/129 64/1/130 79/1/131
f 79/1/131 88/1/131 65/1/129
f 63/1/91 77/1/117 79/1/116
f 79/1/116 64/1/92 63/1/91
f 63/1/90 62/1/89 78/1/115
f 78/1/115 77/1/114 63/1/90
f 62/1/132 61/1/132 89/1/132
f 89/1/132 78/1/132 62/1/132
f 78/1/133 89/1/133 90/1/133
f 90/1/133 73/1/133 78/1/133
f 74/1/134 73/1/134 90/1/134
f 90/1/134 80/1/134 74/1/134
f 91/1/135 92/1/136 93/1/137
f 93/1/137 94/1/138 91/1/135
f 95/1/139 96/1/140 92/1/141
f 92/1/141 91/1/142 95/1/139
f 92/1/136 97/1/143 98/1/144
f 98/1/144 93/1/137 92/1/136
f 92/1/141 96/1/140 99/1/145
f 99/1/145 97/1/146 92/1/141
f 94/1/147 100/1/148 101/1/147
f 101/1/147 102/1/149 94/1/147
f 94/1/138 102/1/150 103/1/151
f 103/1/151 91/1/135 94/1/138
f 103/1/152 104/1/153 95/1/139
f 95/1/139 91/1/142 103/1/152
f 105/1/154 95/1/154 104/1/154
f 104/1/154 106/1/154 105/1/154
f 96/1/155 95/1/155 105/1/155
f 105/1/155 107/1/155 96/1/155
f 108/1/156 99/1/156 96/1/156
f 96/1/156 107/1/156 108/1/156
f 85/1/157 84/1/157 99/1/157
f 99/1/157 108/1/157 85/1/157
f 83/1/121 97/1/146 99/1/145
f 99/1/145 84/1/122 83/1/121
f 83/1/120 82/1/119 98/1/144
f 98/1/144 97/1/143 83/1/120
f 82/1/158 81/1/158 109/1/158
f 109/1/158 98/1/158 82/1/158
f 98/1/159 109/1/159 110/1/160
f 110/1/160 93/1/159 98/1/159
f 100/1/161 94/1/162 93/1/161
f 93/1/161 110/1/163 100/1/161
f 111/1/164 112/1/165 113/1/166
f 113/1/166 114/1/167 111/1/164
f 115/1/168 116/1/169 112/1/170
f 112/1/170 111/1/171 115/1/168
f 112/1/165 117/1/172 118/1/173
f 118/1/173 113/1/166 112/1/165
f 112/1/170 116/1/169 119/1/174
f 119/1/174 117/1/175 112/1/170
f 114/1/176 120/1/177 121/1/176
f 121/1/176 122/1/178 114/1/176
f 114/1/167 122/1/179 123/1/180
f 123/1/180 111/1/164 114/1/167
f 115/1/168 111/1/171 123/1/181
f 123/1/181 124/1/182 115/1/168
f 124/1/183 125/1/183 126/1/183
f 126/1/183 115/1/183 124/1/183
f 116/1/184 115/1/184 126/1/185
f 126/1/185 127/1/184 116/1/184
f 128/1/186 119/1/186 116/1/186
f 116/1/186 127/1/186 128/1/186
f 104/1/187 119/1/188 128/1/188
f 128/1/188 106/1/188 104/1/187
f 117/1/175 119/1/174 104/1/153
f 104/1/153 103/1/152 117/1/175
f 103/1/151 102/1/150 118/1/173
f 118/1/173 117/1/172 103/1/151
f 102/1/189 101/1/189 129/1/190
f 129/1/190 118/1/191 102/1/189
f 118/1/192 129/1/193 130/1/193
f 130/1/193 113/1/193 118/1/192
f 120/1/194 114/1/195 113/1/194
f 113/1/194 130/1/196 120/1/194
f 131/1/197 132/1/198 133/1/199
f 133/1/199 134/1/200 131/1/197
f 135/1/201 136/1/202 132/1/203
f 132/1/203 131/1/204 135/1/201
f 132/1/198 137/1/205 138/1/206
f 138/1/206 133/1/199 132/1/198
f 132/1/203 136/1/202 139/1/207
f 139/1/207 137/1/208 132/1/203
f 134/1/209 140/1/210 141/1/209
f 141/1/209 142/1/211 134/1/209
f 134/1/200 142/1/212 143/1/213
f 143/1/213 131/1/197 134/1/200
f 135/1/201 131/1/204 143/1/214
f 143/1/214 144/1/215 135/1/201
f 144/1/216 145/1/217 146/1/218
f 146/1/218 135/1/218 144/1/216
f 136/1/219 135/1/220 146/1/220
f 146/1/220 147/1/220 136/1/219
f 148/1/221 139/1/221 136/1/221
f 136/1/221 147/1/221 148/1/221
f 124/1/222 139/1/222 148/1/222
f 148/1/222 125/1/222 124/1/222
f 123/1/181 137/1/208 139/1/207
f 139/1/207 124/1/182 123/1/181
f 123/1/180 122/1/179 138/1/206
f 138/1/206 137/1/205 123/1/180
f 122/1/223 121/1/223 149/1/223
f 149/1/223 138/1/223 122/1/223
f 138/1/224 149/1/225 150/1/224
f 150/1/224 133/1/224 138/1/224
f 140/1/226 134/1/226 133/1/226
f 133/1/226 150/1/226 140/1/226
f 151/1/227 152/1/228 153/1/229
f 153/1/229 154/1/230 151/1/227
f 155/1/231 156/1/232 152/1/233
f 152/1/233 151/1/234 155/1/231
f 152/1/228 157/1/235 158/1/236
f 158/1/236 153/1/229 152/1/228
f 152/1/233 156/1/232 159/1/237
f 159/1/237 157/1/238 152/1/233
f 154/1/239 160/1/240 161/1/241
f 161/1/241 162/1/240 154/1/239
f 154/1/230 162/1/242 163/1/243
f 163/1/243 151/1/227 154/1/230
f 155/1/231 151/1/234 163/1/244
f 163/1/244 164/1/245 155/1/231
f 164/1/246 165/1/246 166/1/246
f 166/1/246 155/1/247 164/1/246
f 156/1/248 155/1/248 166/1/249
f 166/1/249 167/1/248 156/1/248
f 168/1/250 159/1/251 156/1/250
f 156/1/250 167/1/250 168/1/250
f 144/1/252 159/1/252 168/1/252
f 168/1/252 145/1/252 144/1/252
f 143/1/214 157/1/238 159/1/237
f 159/1/237 144/1/215 143/1/214
f 143/1/213 142/1/212 158/1/236
f 158/1/236 157/1/235 143/1/213
f 142/1/253 141/1/254 169/1/254
f 169/1/254 158/1/255 142/1/253
f 158/1/256 169/1/256 170/1/257
f 170/1/257 153/1/257 158/1/256
f 160/1/258 154/1/259 153/1/259
f 153/1/259 170/1/258 160/1/258
f 171/1/260 172/1/261 173/1/262
f 173/1/262 174/1/263 171/1/260
f 175/1/264 176/1/265 172/1/266
f 172/1/266 171/1/267 175/1/264
f 172/1/261 177/1/268 178/1/269
f 178/1/269 173/1/262 172/1/261
f 172/1/266 176/1/265 179/1/270
f 179/1/270 177/1/271 172/1/266
f 174/1/272 180/1/273 181/1/274
f 181/1/274 182/1/272 174/1/272
f 174/1/263 182/1/275 183/1/276
f 183/1/276 171/1/260 174/1/263
f 175/1/264 171/1/267 183/1/277
f 183/1/277 184/1/278 175/1/264
f 185/1/279 175/1/279 184/1/279
f 184/1/279 186/1/279 185/1/279
f 176/1/280 175/1/280 185/1/280
f 185/1/280 187/1/280 176/1/280
f 188/1/281 179/1/281 176/1/281
f 176/1/281 187/1/281 188/1/281
f 164/1/282 179/1/282 188/1/282
f 188/1/282 165/1/282 164/1/282
f 163/1/244 177/1/271 179/1/270
f 179/1/270 164/1/245 163/1/244
f 163/1/243 162/1/242 178/1/269
f 178/1/269 177/1/268 163/1/243
f 162/1/283 161/1/283 189/1/284
f 189/1/284 178/1/284 162/1/283
f 178/1/285 189/1/285 190/1/285
f 190/1/285 173/1/285 178/1/285
f 180/1/286 174/1/286 173/1/286
f 173/1/286 190/1/286 180/1/286
f 191/1/287 192/1/288 193/1/289
f 193/1/289 194/1/290 191/1/287
f 195/1/291 196/1/292 192/1/293
f 192/1/293 191/1/294 195/1/291
f 192/1/288 197/1/295 198/1/296
f 198/1/296 193/1/289 192/1/288
f 192/1/293 196/1/292 199/1/297
f 199/1/297 197/1/298 192/1/293
f 194/1/299 200/1/299 201/1/299
f 201/1/299 202/1/299 194/1/299
f 194/1/290 202/1/300 203/1/301
f 203/1/301 191/1/287 194/1/290
f 195/1/291 191/1/294 203/1/302
f 203/1/302 204/1/303 195/1/291
f 205/1/304 195/1/304 204/1/304
f 204/1/304 206/1/304 205/1/304
f 196/1/305 195/1/305 205/1/305
f 205/1/305 207/1/305 196/1/305
f 208/1/306 199/1/306 196/1/306
f 196/1/306 207/1/306 208/1/306
f 186/1/307 184/1/307 199/1/307
f 199/1/307 208/1/307 186/1/307
f 183/1/277 197/1/298 199/1/297
f 199/1/297 184/1/278 183/1/277
f 183/1/276 182/1/275 198/1/296
f 198/1/296 197/1/295 183/1/276
f 182/1/308 181/1/308 209/1/308
f 209/1/308 198/1/308 182/1/308
f 198/1/309 209/1/309 210/1/309
f 210/1/309 193/1/309 198/1/309
f 200/1/310 194/1/311 193/1/310
f 193/1/310 210/1/310 200/1/310
f 211/1/312 212/1/313 213/1/314
f 213/1/314 214/1/315 211/1/312
f 215/1/316 216/1/317 212/1/318
f 212/1/318 211/1/319 215/1/316
f 212/1/313 217/1/320 218/1/321
f 218/1/321 213/1/314 212/1/313
f 212/1/318 216/1/317 219/1/322
f 219/1/322 217/1/323 212/1/318
f 214/1/324 220/1/325 221/1/324
f 221/1/324 222/1/326 214/1/324
f 214/1/315 222/1/327 223/1/328
f 223/1/328 211/1/312 214/1/315
f 215/1/316 211/1/319 223/1/329
f 223/1/329 224/1/330 215/1/316
f 225/1/331 215/1/331 224/1/331
f 224/1/331 226/1/331 225/1/331
f 216/1/332 215/1/332 225/1/333
f 225/1/333 227/1/332 216/1/332
f 228/1/334 219/1/334 216/1/334
f 216/1/334 227/1/335 228/1/334
f 206/1/336 204/1/336 219/1/336
f 219/1/336 228/1/336 206/1/336
f 203/1/302 217/1/323 219/1/322
f 219/1/322 204/1/303 203/1/302
f 203/1/301 202/1/300 218/1/321
f 218/1/321 217/1/320 203/1/301
f 202/1/337 201/1/337 229/1/337
f 229/1/337 218/1/337 202/1/337
f 218/1/338 229/1/338 230/1/338
f 230/1/338 213/1/338 218/1/338
f 220/1/339 214/1/340 213/1/341
f 213/1/341 230/1/342 220/1/339
f 231/1/343 232/1/344 233/1/345
f 233/1/345 234/1/346 231/1/343
f 235/1/347 236/1/348 232/1/349
f 232/1/349 231/1/350 235/1/347
f 232/1/344 237/1/351 238/1/352
f 238/1/352 233/1/345 232/1/344
f 232/1/349 236/1/348 239/1/353
f 239/1/353 237/1/354 232/1/349
f 234/1/355 240/1/355 241/1/355
f 241/1/355 242/1/355 234/1/355
f 234/1/346 242/1/356 243/1/357
f 243/1/357 231/1/343 234/1/346
f 235/1/347 231/1/350 243/1/358
f 243/1/358 244/1/359 235/1/347
f 245/1/360 235/1/361 244/1/362
f 244/1/362 246/1/360 245/1/360
f 236/1/363 235/1/364 245/1/363
f 245/1/363 247/1/363 236/1/363
f 248/1/365 239/1/365 236/1/365
f 236/1/365 247/1/365 248/1/365
f 226/1/366 224/1/366 239/1/367
f 239/1/367 248/1/367 226/1/366
f 223/1/329 237/1/354 239/1/353
f 239/1/353 224/1/330 223/1/329
f 223/1/328 222/1/327 238/1/352
f 238/1/352 237/1/351 223/1/328
f 222/1/368 221/1/369 249/1/369
f 249/1/369 238/1/368 222/1/368
f 238/1/370 249/1/370 250/1/370
f 250/1/370 233/1/370 238/1/370
f 240/1/371 234/1/371 233/1/371
f 233/1/371 250/1/371 240/1/371
f 251/1/372 252/1/373 253/1/374
f 253/1/374 254/1/375 251/1/372
f 255/1/376 256/1/377 252/1/378
f 252/1/378 251/1/379 255/1/376
f 252/1/373 257/1/380 258/1/381
f 258/1/381 253/1/374 252/1/373
f 252/1/378 256/1/377 259/1/382
f 259/1/382 257/1/383 252/1/378
f 254/1/384 260/1/384 261/1/385
f 261/1/385 262/1/384 254/1/384
f 254/1/375 262/1/386 263/1/387
f 263/1/387 251/1/372 254/1/375
f 255/1/376 251/1/379 263/1/388
f 263/1/388 264/1/389 255/1/376
f 265/1/390 255/1/390 264/1/391
f 264/1/391 266/1/391 265/1/390
f 256/1/392 255/1/392 265/1/392
f 265/1/392 267/1/392 256/1/392
f 268/1/393 259/1/393 256/1/393
f 256/1/393 267/1/393 268/1/393
f 246/1/394 244/1/394 259/1/394
f 259/1/394 268/1/394 246/1/394
f 243/1/358 257/1/383 259/1/382
f 259/1/382 244/1/359 243/1/358
f 243/1/357 242/1/356 258/1/381
f 258/1/381 257/1/380 243/1/357
f 242/1/395 241/1/395 269/1/395
f 269/1/395 258/1/395 242/1/395
f 258/1/396 269/1/397 270/1/398
f 270/1/398 253/1/397 258/1/396
f 260/1/399 254/1/399 253/1/400
f 253/1/400 270/1/399 260/1/399
f 271/1/401 272/1/402 273/1/403
f 273/1/403 274/1/404 271/1/401
f 275/1/405 276/1/406 272/1/407
f 272/1/407 271/1/408 275/1/405
f 272/1/402 277/1/409 278/1/410
f 278/1/410 273/1/403 272/1/402
f 272/1/407 276/1/406 279/1/411
f 279/1/411 277/1/412 272/1/407
f 274/1/413 280/1/413 281/1/413
f 281/1/413 282/1/413 274/1/413
f 274/1/404 282/1/414 283/1/415
f 283/1/415 271/1/401 274/1/404
f 275/1/405 271/1/408 283/1/416
f 283/1/416 284/1/417 275/1/405
f 285/1/418 275/1/418 284/1/418
f 284/1/418 286/1/419 285/1/418
f 276/1/420 275/1/420 285/1/421
f 285/1/421 287/1/421 276/1/420
f 288/1/422 279/1/422 276/1/422
f 276/1/422 287/1/422 288/1/422
f 266/1/423 264/1/423 279/1/423
f 279/1/423 288/1/423 266/1/423
f 263/1/388 277/1/412 279/1/411
f 279/1/411 264/1/389 263/1/388
f 263/1/387 262/1/386 278/1/410
f 278/1/410 277/1/409 263/1/387
f 262/1/424 261/1/424 289/1/424
f 289/1/424 278/1/424 262/1/424
f 278/1/425 289/1/425 290/1/426
f 290/1/426 273/1/425 278/1/425
f 280/1/427 274/1/427 273/1/428
f 273/1/428 290/1/427 280/1/427
f 291/1/429 292/1/430 293/1/431
f 293/1/431 294/1/432 291/1/429
f 295/1/433 296/1/434 292/1/435
f 292/1/435 291/1/436 295/1/433
f 292/1/430 297/1/437 298/1/438
f 298/1/438 293/1/431 292/1/430
f 292/1/435 296/1/434 299/1/439
f 299/1/439 297/1/440 292/1/435
f 294/1/441 300/1/441 301/1/442
f 301/1/442 302/1/441 294/1/441
f 294/1/432 302/1/443 303/1/444
f 303/1/444 291/1/429 294/1/432
f 295/1/433 291/1/436 303/1/445
f 303/1/445 304/1/446 295/1/433
f 305/1/447 295/1/447 304/1/448
f 304/1/448 306/1/448 305/1/447
f 296/1/449 295/1/450 305/1/451
f 305/1/451 307/1/452 296/1/449
f 308/1/453 299/1/453 296/1/454
f 296/1/454 307/1/454 308/1/453
f 286/1/455 284/1/456 299/1/456
f 299/1/456 308/1/457 286/1/455
f 283/1/416 297/1/440 299/1/439
f 299/1/439 284/1/417 283/1/416
f 283/1/415 282/1/414 298/1/438
f 298/1/438 297/1/437 283/1/415
f 282/1/458 281/1/459 309/1/458
f 309/1/458 298/1/458 282/1/458
f 298/1/460 309/1/460 310/1/460
f 310/1/460 293/1/460 298/1/460
f 300/1/461 294/1/462 293/1/463
f 293/1/463 310/1/463 300/1/461
f 311/1/464 312/1/465 313/1/466
f 313/1/466 314/1/467 311/1/464
f 315/1/468 316/1/469 312/1/470
f 312/1/470 311/1/471 315/1/468
f 312/1/465 317/1/472 318/1/473
f 318/1/473 313/1/466 312/1/465
f 312/1/470 316/1/469 319/1/474
f 319/1/474 317/1/475 312/1/470
f 314/1/476 320/1/477 321/1/478
f 321/1/478 322/1/477 314/1/476
f 314/1/467 322/1/479 323/1/480
f 323/1/480 311/1/464 314/1/467
f 315/1/468 311/1/471 323/1/481
f 323/1/481 324/1/482 315/1/468
f 325/1/483 315/1/483 324/1/484
f 324/1/484 326/1/483 325/1/483
f 316/1/485 315/1/485 325/1/485
f 325/1/485 327/1/485 316/1/485
f 328/1/486 319/1/487 316/1/486
f 316/1/486 327/1/488 328/1/486
f 306/1/489 304/1/489 319/1/490
f 319/1/490 328/1/489 306/1/489
f 303/1/445 317/1/475 319/1/474
f 319/1/474 304/1/446 303/1/445
f 303/1/444 302/1/443 318/1/473
f 318/1/473 317/1/472 303/1/444
f 302/1/491 301/1/491 329/1/491
f 329/1/491 318/1/491 302/1/491
f 318/1/492 329/1/492 330/1/492
f 330/1/492 313/1/493 318/1/492
f 320/1/494 314/1/494 313/1/494
f 313/1/494 330/1/494 320/1/494
f 331/1/495 332/1/496 333/1/497
f 333/1/497 334/1/498 331/1/495
f 335/1/499 336/1/500 332/1/501
f 332/1/501 331/1/502 335/1/499
f 332/1/496 337/1/503 338/1/504
f 338/1/504 333/1/497 332/1/496
f 332/1/501 336/1/500 339/1/505
f 339/1/505 337/1/506 332/1/501
f 334/1/507 340/1/508 341/1/509
f 341/1/509 342/1/509 334/1/507
f 334/1/498 342/1/510 343/1/511
f 343/1/511 331/1/495 334/1/498
f 335/1/499 331/1/502 343/1/512
f 343/1/512 344/1/513 335/1/499
f 345/1/514 335/1/515 344/1/516
f 344/1/516 346/1/517 345/1/514
f 336/1/518 335/1/518 345/1/518
f 345/1/518 347/1/518 336/1/518
f 348/1/519 339/1/520 336/1/521
f 336/1/521 347/1/519 348/1/519
f 326/1/522 324/1/522 339/1/523
f 339/1/523 348/1/522 326/1/522
f 323/1/481 337/1/506 339/1/505
f 339/1/505 324/1/482 323/1/481
f 323/1/480 322/1/479 338/1/504
f 338/1/504 337/1/503 323/1/480
f 322/1/524 321/1/524 349/1/524
f 349/1/524 338/1/524 322/1/524
f 338/1/525 349/1/526 350/1/525
f 350/1/525 333/1/525 338/1/525
f 340/1/527 334/1/527 333/1/527
f 333/1/527 350/1/527 340/1/527
f 351/1/528 352/1/529 353/1/530
f 353/1/530 354/1/531 351/1/528
f 355/1/532 356/1/533 352/1/534
f 352/1/534 351/1/535 355/1/532
f 352/1/529 357/1/536 358/1/537
f 358/1/537 353/1/530 352/1/529
f 352/1/534 356/1/533 359/1/538
f 359/1/538 357/1/539 352/1/534
f 354/1/57 360/1/540 361/1/540
f 361/1/540 362/1/540 354/1/57
f 354/1/531 362/1/541 363/1/542
f 363/1/542 351/1/528 354/1/531
f 355/1/532 351/1/535 363/1/543
f 363/1/543 364/1/544 355/1/532
f 365/1/545 355/1/546 364/1/545
f 364/1/545 366/1/49 365/1/545
f 356/1/73 355/1/74 365/1/74
f 365/1/74 367/1/547 356/1/73
f 368/1/72 359/1/548 356/1/72
f 356/1/72 367/1/72 368/1/72
f 346/1/70 344/1/549 359/1/71
f 359/1/71 368/1/550 346/1/70
f 343/1/512 357/1/539 359/1/538
f 359/1/538 344/1/513 343/1/512
f 343/1/511 342/1/510 358/1/537
f 358/1/537 357/1/536 343/1/511
f 342/1/65 341/1/65 369/1/551
f 369/1/551 358/1/551 342/1/65
f 358/1/64 369/1/63 370/1/64
f 370/1/64 353/1/64 358/1/64
f 360/1/60 354/1/60 353/1/552
f 353/1/552 370/1/60 360/1/60
f 371/1/553 372/1/554 373/1/555
f 373/1/555 374/1/556 371/1/553
f 375/1/557 376/1/558 372/1/559
f 372/1/559 371/1/560 375/1/557
f 372/1/554 377/1/561 378/1/562
f 378/1/562 373/1/555 372/1/554
f 372/1/559 376/1/558 379/1/563
f 379/1/563 377/1/564 372/1/559
f 374/1/93 380/1/565 381/1/93
f 381/1/93 382/1/93 374/1/93
f 374/1/556 382/1/566 383/1/567
f 383/1/567 371/1/553 374/1/556
f 375/1/557 371/1/560 383/1/568
f 383/1/568 384/1/569 375/1/557
f 385/1/88 375/1/88 384/1/88
f 384/1/88 386/1/88 385/1/88
f 376/1/105 375/1/105 385/1/105
f 385/1/105 387/1/105 376/1/105
f 388/1/102 379/1/102 376/1/102
f 376/1/102 387/1/102 388/1/102
f 366/1/570 364/1/571 379/1/570
f 379/1/570 388/1/570 366/1/570
f 363/1/543 377/1/564 379/1/563
f 379/1/563 364/1/544 363/1/543
f 363/1/542 362/1/541 378/1/562
f 378/1/562 377/1/561 363/1/542
f 362/1/97 361/1/97 389/1/97
f 389/1/97 378/1/97 362/1/97
f 378/1/572 389/1/95 390/1/95
f 390/1/95 373/1/95 378/1/572
f 380/1/573 374/1/94 373/1/94
f 373/1/94 390/1/94 380/1/573
f 391/1/574 392/1/575 393/1/576
f 393/1/576 394/1/577 391/1/574
f 395/1/578 396/1/579 392/1/580
f 392/1/580 391/1/581 395/1/578
f 392/1/575 397/1/582 398/1/583
f 398/1/583 393/1/576 392/1/575
f 392/1/580 396/1/579 399/1/584
f 399/1/584 397/1/585 392/1/580
f 394/1/123 400/1/123 401/1/123
f 401/1/123 402/1/124 394/1/123
f 394/1/577 402/1/586 403/1/586
f 403/1/586 391/1/574 394/1/577
f 395/1/578 391/1/581 403/1/587
f 403/1/587 404/1/588 395/1/578
f 405/1/118 395/1/118 404/1/118
f 404/1/118 406/1/118 405/1/118
f 396/1/134 395/1/134 405/1/134
f 405/1/134 407/1/589 396/1/134
f 408/1/133 399/1/133 396/1/590
f 396/1/590 407/1/133 408/1/133
f 386/1/132 384/1/591 399/1/132
f 399/1/132 408/1/132 386/1/132
f 383/1/568 397/1/585 399/1/584
f 399/1/584 384/1/569 383/1/568
f 383/1/567 382/1/566 398/1/583
f 398/1/583 397/1/582 383/1/567
f 382/1/129 381/1/129 409/1/130
f 409/1/130 398/1/129 382/1/129
f 398/1/128 409/1/127 410/1/128
f 410/1/128 393/1/592 398/1/128
f 400/1/593 394/1/594 393/1/126
f 393/1/126 410/1/126 400/1/593
f 411/1/595 412/1/596 413/1/597
f 413/1/597 414/1/598 411/1/595
f 415/1/599 416/1/600 412/1/601
f 412/1/601 411/1/602 415/1/599
f 412/1/596 417/1/603 418/1/604
f 418/1/604 413/1/597 412/1/596
f 412/1/601 416/1/600 419/1/605
f 419/1/605 417/1/606 412/1/601
f 414/1/607 420/1/154 421/1/154
f 421/1/154 422/1/154 414/1/607
f 414/1/598 422/1/608 423/1/609
f 423/1/609 411/1/595 414/1/598
f 415/1/599 411/1/602 423/1/610
f 423/1/610 424/1/611 415/1/599
f 425/1/612 415/1/613 424/1/612
f 424/1/612 426/1/149 425/1/612
f 416/1/614 415/1/615 425/1/616
f 425/1/616 427/1/617 416/1/614
f 428/1/618 419/1/618 416/1/618
f 416/1/618 427/1/619 428/1/618
f 406/1/158 404/1/158 419/1/158
f 419/1/158 428/1/158 406/1/158
f 403/1/587 417/1/606 419/1/605
f 419/1/605 404/1/588 403/1/587
f 403/1/586 402/1/586 418/1/604
f 418/1/604 417/1/603 403/1/586
f 402/1/157 401/1/157 429/1/157
f 429/1/157 418/1/157 402/1/157
f 418/1/620 429/1/620 430/1/620
f 430/1/620 413/1/156 418/1/620
f 420/1/621 414/1/622 413/1/621
f 413/1/621 430/1/155 420/1/621
f 431/1/623 432/1/624 433/1/625
f 433/1/625 434/1/626 431/1/623
f 435/1/627 436/1/628 432/1/629
f 432/1/629 431/1/630 435/1/627
f 432/1/624 437/1/631 438/1/632
f 438/1/632 433/1/625 432/1/624
f 432/1/629 436/1/628 439/1/633
f 439/1/633 437/1/634 432/1/629
f 434/1/635 440/1/183 441/1/183
f 441/1/183 442/1/183 434/1/635
f 434/1/626 442/1/636 443/1/637
f 443/1/637 431/1/623 434/1/626
f 435/1/627 431/1/630 443/1/638
f 443/1/638 444/1/639 435/1/627
f 445/1/178 435/1/178 444/1/178
f 444/1/178 446/1/178 445/1/178
f 436/1/196 435/1/194 445/1/196
f 445/1/196 447/1/196 436/1/196
f 448/1/640 439/1/193 436/1/193
f 436/1/193 447/1/193 448/1/640
f 426/1/641 424/1/189 439/1/189
f 439/1/189 448/1/189 426/1/641
f 423/1/610 437/1/634 439/1/633
f 439/1/633 424/1/611 423/1/610
f 423/1/609 422/1/608 438/1/632
f 438/1/632 437/1/631 423/1/609
f 422/1/187 421/1/187 449/1/187
f 449/1/187 438/1/187 422/1/187
f 438/1/642 449/1/186 450/1/186
f 450/1/186 433/1/186 438/1/642
f 440/1/643 434/1/643 433/1/643
f 433/1/643 450/1/643 440/1/643
f 451/1/644 452/1/645 453/1/646
f 453/1/646 454/1/647 451/1/644
f 455/1/648 456/1/649 452/1/650
f 452/1/650 451/1/651 455/1/648
f 452/1/645 457/1/652 458/1/653
f 458/1/653 453/1/646 452/1/645
f 452/1/650 456/1/649 459/1/654
f 459/1/654 457/1/655 452/1/650
f 454/1/218 460/1/218 461/1/218
f 461/1/218 462/1/218 454/1/218
f 454/1/647 462/1/656 463/1/657
f 463/1/657 451/1/644 454/1/647
f 455/1/648 451/1/651 463/1/658
f 463/1/658 464/1/659 455/1/648
f 465/1/660 455/1/211 464/1/661
f 464/1/661 466/1/209 465/1/660
f 456/1/226 455/1/226 465/1/226
f 465/1/226 467/1/226 456/1/226
f 468/1/662 459/1/662 456/1/662
f 456/1/662 467/1/224 468/1/662
f 446/1/663 444/1/663 459/1/664
f 459/1/664 468/1/663 446/1/663
f 443/1/638 457/1/655 459/1/654
f 459/1/654 444/1/639 443/1/638
f 443/1/637 442/1/636 458/1/653
f 458/1/653 457/1/652 443/1/637
f 442/1/222 441/1/665 469/1/665
f 469/1/665 458/1/665 442/1/222
f 458/1/666 469/1/666 470/1/666
f 470/1/666 453/1/667 458/1/666
f 460/1/220 454/1/220 453/1/220
f 453/1/220 470/1/220 460/1/220
f 471/1/668 472/1/669 473/1/670
f 473/1/670 474/1/671 471/1/668
f 475/1/672 476/1/673 472/1/674
f 472/1/674 471/1/675 475/1/672
f 472/1/669 477/1/676 478/1/677
f 478/1/677 473/1/670 472/1/669
f 472/1/674 476/1/673 479/1/678
f 479/1/678 477/1/679 472/1/674
f 474/1/680 480/1/246 481/1/681
f 481/1/681 482/1/246 474/1/680
f 474/1/671 482/1/682 483/1/683
f 483/1/683 471/1/668 474/1/671
f 475/1/672 471/1/675 483/1/684
f 483/1/684 484/1/685 475/1/672
f 485/1/686 475/1/687 484/1/688
f 484/1/688 486/1/240 485/1/686
f 476/1/689 475/1/689 485/1/689
f 485/1/689 487/1/689 476/1/689
f 488/1/256 479/1/256 476/1/256
f 476/1/256 487/1/256 488/1/256
f 466/1/254 464/1/254 479/1/254
f 479/1/254 488/1/254 466/1/254
f 463/1/658 477/1/679 479/1/678
f 479/1/678 464/1/659 463/1/658
f 463/1/657 462/1/656 478/1/677
f 478/1/677 477/1/676 463/1/657
f 462/1/690 461/1/690 489/1/690
f 489/1/690 478/1/690 462/1/690
f 478/1/691 489/1/691 490/1/691
f 490/1/691 473/1/691 478/1/691
f 480/1/248 474/1/248 473/1/248
f 473/1/248 490/1/248 480/1/248
f 491/1/692 492/1/693 493/1/694
f 493/1/694 494/1/695 491/1/692
f 495/1/696 496/1/697 492/1/698
f 492/1/698 491/1/699 495/1/696
f 492/1/693 497/1/271 498/1/700
f 498/1/700 493/1/694 492/1/693
f 492/1/698 496/1/697 499/1/701
f 499/1/701 497/1/702 492/1/698
f 494/1/279 500/1/279 501/1/279
f 501/1/279 502/1/279 494/1/279
f 494/1/695 502/1/703 503/1/704
f 503/1/704 491/1/692 494/1/695
f 495/1/696 491/1/699 503/1/705
f 503/1/705 504/1/705 495/1/696
f 505/1/272 495/1/272 504/1/272
f 504/1/272 506/1/272 505/1/272
f 496/1/286 495/1/286 505/1/286
f 505/1/286 507/1/286 496/1/286
f 508/1/285 499/1/285 496/1/285
f 496/1/285 507/1/285 508/1/285
f 486/1/706 484/1/283 499/1/706
f 499/1/706 508/1/707 486/1/706
f 483/1/684 497/1/702 499/1/701
f 499/1/701 484/1/685 483/1/684
f 483/1/683 482/1/682 498/1/700
f 498/1/700 497/1/271 483/1/683
f 482/1/282 481/1/282 509/1/282
f 509/1/282 498/1/282 482/1/282
f 498/1/708 509/1/708 510/1/708
f 510/1/708 493/1/708 498/1/708
f 500/1/709 494/1/709 493/1/709
f 493/1/709 510/1/709 500/1/709
f 511/1/710 512/1/711 513/1/712
f 513/1/712 514/1/713 511/1/710
f 515/1/714 516/1/715 512/1/716
f 512/1/716 511/1/717 515/1/714
f 512/1/711 517/1/718 518/1/719
f 518/1/719 513/1/712 512/1/711
f 512/1/716 516/1/715 519/1/720
f 519/1/720 517/1/721 512/1/716
f 514/1/304 520/1/304 521/1/304
f 521/1/304 522/1/304 514/1/304
f 514/1/713 522/1/722 523/1/723
f 523/1/723 511/1/710 514/1/713
f 515/1/714 511/1/717 523/1/724
f 523/1/724 524/1/725 515/1/714
f 525/1/726 515/1/727 524/1/728
f 524/1/728 526/1/299 525/1/726
f 516/1/310 515/1/310 525/1/310
f 525/1/310 527/1/310 516/1/310
f 528/1/309 519/1/309 516/1/309
f 516/1/309 527/1/309 528/1/309
f 506/1/308 504/1/308 519/1/729
f 519/1/729 528/1/308 506/1/308
f 503/1/705 517/1/721 519/1/720
f 519/1/720 504/1/705 503/1/705
f 503/1/704 502/1/703 518/1/719
f 518/1/719 517/1/718 503/1/704
f 502/1/307 501/1/307 529/1/307
f 529/1/307 518/1/307 502/1/307
f 518/1/306 529/1/306 530/1/306
f 530/1/306 513/1/306 518/1/306
f 520/1/305 514/1/305 513/1/305
f 513/1/305 530/1/305 520/1/305
f 531/1/730 532/1/731 533/1/732
f 533/1/732 534/1/733 531/1/730
f 535/1/734 536/1/735 532/1/736
f 532/1/736 531/1/737 535/1/734
f 532/1/731 537/1/738 538/1/739
f 538/1/739 533/1/732 532/1/731
f 532/1/736 536/1/735 539/1/740
f 539/1/740 537/1/741 532/1/736
f 534/1/742 540/1/742 541/1/742
f 541/1/742 542/1/742 534/1/742
f 534/1/733 542/1/743 543/1/744
f 543/1/744 531/1/730 534/1/733
f 535/1/734 531/1/737 543/1/745
f 543/1/745 544/1/746 535/1/734
f 545/1/326 535/1/326 544/1/326
f 544/1/326 546/1/326 545/1/326
f 536/1/747 535/1/747 545/1/747
f 545/1/747 547/1/747 536/1/747
f 548/1/338 539/1/338 536/1/748
f 536/1/748 547/1/748 548/1/338
f 526/1/337 524/1/749 539/1/750
f 539/1/750 548/1/751 526/1/337
f 523/1/724 537/1/741 539/1/740
f 539/1/740 524/1/725 523/1/724
f 523/1/723 522/1/722 538/1/739
f 538/1/739 537/1/738 523/1/723
f 522/1/336 521/1/336 549/1/752
f 549/1/752 538/1/753 522/1/336
f 538/1/335 549/1/335 550/1/335
f 550/1/335 533/1/335 538/1/335
f 540/1/332 534/1/332 533/1/332
f 533/1/332 550/1/754 540/1/332
f 551/1/755 552/1/756 553/1/757
f 553/1/757 554/1/758 551/1/755
f 555/1/759 556/1/760 552/1/761
f 552/1/761 551/1/762 555/1/759
f 552/1/756 557/1/763 558/1/764
f 558/1/764 553/1/757 552/1/756
f 552/1/761 556/1/760 559/1/765
f 559/1/765 557/1/766 552/1/761
f 554/1/360 560/1/361 561/1/361
f 561/1/361 562/1/360 554/1/360
f 554/1/758 562/1/767 563/1/768
f 563/1/768 551/1/755 554/1/758
f 555/1/759 551/1/762 563/1/769
f 563/1/769 564/1/770 555/1/759
f 565/1/771 555/1/772 564/1/773
f 564/1/773 566/1/355 565/1/771
f 556/1/774 555/1/775 565/1/774
f 565/1/774 567/1/776 556/1/774
f 568/1/777 559/1/370 556/1/778
f 556/1/778 567/1/779 568/1/777
f 546/1/780 544/1/368 559/1/781
f 559/1/781 568/1/368 546/1/780
f 543/1/745 557/1/766 559/1/765
f 559/1/765 544/1/746 543/1/745
f 543/1/744 542/1/743 558/1/764
f 558/1/764 557/1/763 543/1/744
f 542/1/367 541/1/367 569/1/367
f 569/1/367 558/1/367 542/1/367
f 558/1/365 569/1/365 570/1/365
f 570/1/365 553/1/365 558/1/365
f 560/1/363 554/1/363 553/1/363
f 553/1/363 570/1/364 560/1/363
f 571/1/782 572/1/783 573/1/784
f 573/1/784 574/1/785 571/1/782
f 575/1/786 576/1/787 572/1/788
f 572/1/788 571/1/789 575/1/786
f 572/1/783 577/1/790 578/1/791
f 578/1/791 573/1/784 572/1/783
f 572/1/788 576/1/787 579/1/792
f 579/1/792 577/1/793 572/1/788
f 574/1/390 580/1/794 581/1/795
f 581/1/795 582/1/390 574/1/390
f 574/1/785 582/1/796 583/1/797
f 583/1/797 571/1/782 574/1/785
f 575/1/786 571/1/789 583/1/798
f 583/1/798 584/1/799 575/1/786
f 585/1/384 575/1/384 584/1/384
f 584/1/384 586/1/384 585/1/384
f 576/1/399 575/1/399 585/1/399
f 585/1/399 587/1/399 576/1/399
f 588/1/397 579/1/397 576/1/397
f 576/1/397 587/1/397 588/1/397
f 566/1/395 564/1/395 579/1/395
f 579/1/395 588/1/395 566/1/395
f 563/1/769 577/1/793 579/1/792
f 579/1/792 564/1/770 563/1/769
f 563/1/768 562/1/767 578/1/791
f 578/1/791 577/1/790 563/1/768
f 562/1/394 561/1/394 589/1/800
f 589/1/800 578/1/394 562/1/394
f 578/1/393 589/1/393 590/1/393
f 590/1/393 573/1/393 578/1/393
f 580/1/801 574/1/392 573/1/392
f 573/1/392 590/1/392 580/1/801
f 591/1/802 592/1/803 593/1/804
f 593/1/804 594/1/805 591/1/802
f 595/1/806 596/1/807 592/1/808
f 592/1/808 591/1/809 595/1/806
f 592/1/803 597/1/810 598/1/811
f 598/1/811 593/1/804 592/1/803
f 592/1/808 596/1/807 599/1/812
f 599/1/812 597/1/813 592/1/808
f 594/1/814 600/1/815 601/1/814
f 601/1/814 602/1/816 594/1/814
f 594/1/805 602/1/817 603/1/818
f 603/1/818 591/1/802 594/1/805
f 595/1/806 591/1/809 603/1/819
f 603/1/819 604/1/820 595/1/806
f 605/1/413 595/1/413 604/1/821
f 604/1/821 606/1/413 605/1/413
f 596/1/428 595/1/427 605/1/427
f 605/1/427 607/1/427 596/1/428
f 608/1/822 599/1/823 596/1/824
f 596/1/824 607/1/425 608/1/822
f 586/1/424 584/1/424 599/1/424
f 599/1/424 608/1/424 586/1/424
f 583/1/798 597/1/813 599/1/812
f 599/1/812 584/1/799 583/1/798
f 583/1/797 582/1/796 598/1/811
f 598/1/811 597/1/810 583/1/797
f 582/1/423 581/1/423 609/1/423
f 609/1/423 598/1/825 582/1/423
f 598/1/422 609/1/422 610/1/422
f 610/1/422 593/1/422 598/1/422
f 600/1/421 594/1/421 593/1/421
f 593/1/421 610/1/421 600/1/421
f 611/1/826 612/1/827 613/1/828
f 613/1/828 614/1/829 611/1/826
f 615/1/830 616/1/831 612/1/832
f 612/1/832 611/1/833 615/1/830
f 612/1/827 617/1/834 618/1/835
f 618/1/835 613/1/828 612/1/827
f 612/1/832 616/1/831 619/1/836
f 619/1/836 617/1/837 612/1/832
f 614/1/448 620/1/448 621/1/448
f 621/1/448 622/1/448 614/1/448
f 614/1/829 622/1/838 623/1/839
f 623/1/839 611/1/826 614/1/829
f 615/1/830 611/1/833 623/1/840
f 623/1/840 624/1/841 615/1/830
f 625/1/842 615/1/441 624/1/441
f 624/1/441 626/1/441 625/1/842
f 616/1/463 615/1/463 625/1/463
f 625/1/463 627/1/463 616/1/463
f 628/1/843 619/1/843 616/1/460
f 616/1/460 627/1/843 628/1/843
f 606/1/458 604/1/458 619/1/458
f 619/1/458 628/1/458 606/1/458
f 603/1/819 617/1/837 619/1/836
f 619/1/836 604/1/820 603/1/819
f 603/1/818 602/1/817 618/1/835
f 618/1/835 617/1/834 603/1/818
f 602/1/456 601/1/456 629/1/844
f 629/1/844 618/1/844 602/1/456
f 618/1/845 629/1/846 630/1/847
f 630/1/847 613/1/848 618/1/845
f 620/1/449 614/1/449 613/1/450
f 613/1/450 630/1/450 620/1/449
f 631/1/849 632/1/850 633/1/851
f 633/1/851 634/1/852 631/1/849
f 635/1/853 636/1/854 632/1/855
f 632/1/855 631/1/856 635/1/853
f 632/1/850 637/1/857 638/1/858
f 638/1/858 633/1/851 632/1/850
f 632/1/855 636/1/854 639/1/859
f 639/1/859 637/1/860 632/1/855
f 634/1/861 640/1/862 641/1/861
f 641/1/861 642/1/483 634/1/861
f 634/1/852 642/1/863 643/1/864
f 643/1/864 631/1/849 634/1/852
f 635/1/853 631/1/856 643/1/865
f 643/1/865 644/1/866 635/1/853
f 645/1/477 635/1/867 644/1/868
f 644/1/868 646/1/869 645/1/477
f 636/1/494 635/1/494 645/1/494
f 645/1/494 647/1/494 636/1/494
f 648/1/493 639/1/493 636/1/492
f 636/1/492 647/1/492 648/1/493
f 626/1/870 624/1/871 639/1/491
f 639/1/491 648/1/491 626/1/870
f 623/1/840 637/1/860 639/1/859
f 639/1/859 624/1/841 623/1/840
f 623/1/839 622/1/838 638/1/858
f 638/1/858 637/1/857 623/1/839
f 622/1/489 621/1/489 649/1/489
f 649/1/489 638/1/489 622/1/489
f 638/1/486 649/1/487 650/1/486
f 650/1/486 633/1/486 638/1/486
f 640/1/872 634/1/485 633/1/485
f 633/1/485 650/1/485 640/1/872
f 651/1/873 652/1/874 653/1/875
f 653/1/875 654/1/876 651/1/873
f 655/1/877 656/1/878 652/1/879
f 652/1/879 651/1/880 655/1/877
f 652/1/874 657/1/881 658/1/882
f 658/1/882 653/1/875 652/1/874
f 652/1/879 656/1/878 659/1/883
f 659/1/883 657/1/884 652/1/879
f 654/1/515 660/1/515 49/1/515
f 49/1/515 47/1/515 654/1/515
f 651/1/873 654/1/876 47/1/69
f 47/1/69 46/1/68 651/1/873
f 651/1/880 46/1/67 44/1/66
f 44/1/66 655/1/877 651/1/880
f 44/1/885 45/1/886 661/1/887
f 661/1/887 655/1/888 44/1/885
f 656/1/527 655/1/889 661/1/527
f 661/1/527 662/1/527 656/1/527
f 663/1/525 659/1/525 656/1/525
f 656/1/525 662/1/525 663/1/525
f 646/1/890 644/1/891 659/1/890
f 659/1/890 663/1/524 646/1/890
f 643/1/865 657/1/884 659/1/883
f 659/1/883 644/1/866 643/1/865
f 643/1/864 642/1/863 658/1/882
f 658/1/882 657/1/881 643/1/864
f 642/1/522 641/1/522 664/1/522
f 664/1/522 658/1/522 642/1/522
f 658/1/519 664/1/519 665/1/519
f 665/1/519 653/1/519 658/1/519
f 660/1/518 654/1/518 653/1/518
f 653/1/518 665/1/518 660/1/518
f 666/1/892 667/1/893 668/1/894
f 668/1/894 669/1/895 666/1/892
f 670/1/896 671/1/897 667/1/893
f 667/1/893 666/1/892 670/1/896
f 667/1/898 672/1/899 673/1/900
f 673/1/900 668/1/901 667/1/898
f 667/1/898 671/1/902 674/1/903
f 674/1/903 672/1/899 667/1/898
f 675/1/904 669/1/904 676/1/904
f 676/1/904 677/1/904 675/1/904
f 678/1/905 666/1/906 669/1/907
f 669/1/907 675/1/907 678/1/905
f 666/1/908 678/1/908 679/1/908
f 679/1/908 670/1/908 666/1/908
f 10/1/909 670/1/909 679/1/909
f 679/1/909 11/1/909 10/1/909
f 10/1/35 25/1/36 671/1/897
f 671/1/897 670/1/896 10/1/35
f 24/1/33 674/1/903 671/1/902
f 671/1/902 25/1/34 24/1/33
f 674/1/910 24/1/910 23/1/911
f 23/1/911 680/1/912 674/1/910
f 680/1/913 681/1/913 672/1/913
f 672/1/913 674/1/913 680/1/913
f 672/1/914 681/1/914 682/1/914
f 682/1/914 673/1/915 672/1/914
f 682/1/916 683/1/917 684/1/917
f 684/1/917 673/1/917 682/1/916
f 673/1/900 684/1/918 685/1/919
f 685/1/919 668/1/901 673/1/900
f 669/1/895 668/1/894 685/1/920
f 685/1/920 676/1/921 669/1/895
f 686/1/922 687/1/923 688/1/924
f 688/1/924 689/1/925 686/1/922
f 690/1/926 691/1/927 687/1/923
f 687/1/923 686/1/922 690/1/926
f 687/1/928 692/1/929 693/1/930
f 693/1/930 688/1/931 687/1/928
f 687/1/928 691/1/932 694/1/933
f 694/1/933 692/1/929 687/1/928
f 695/1/934 696/1/935 697/1/934
f 697/1/934 689/1/936 695/1/934
f 697/1/937 698/1/937 686/1/937
f 686/1/937 689/1/938 697/1/937
f 686/1/939 698/1/940 699/1/941
f 699/1/941 690/1/942 686/1/939
f 676/1/943 690/1/943 699/1/944
f 699/1/944 677/1/945 676/1/943
f 690/1/926 676/1/921 685/1/920
f 685/1/920 691/1/927 690/1/926
f 684/1/918 694/1/933 691/1/932
f 691/1/932 685/1/919 684/1/918
f 694/1/946 684/1/946 683/1/946
f 683/1/946 700/1/946 694/1/946
f 700/1/947 701/1/947 692/1/947
f 692/1/947 694/1/947 700/1/947
f 702/1/948 693/1/949 692/1/950
f 692/1/950 701/1/950 702/1/948
f 702/1/951 703/1/952 704/1/953
f 704/1/953 693/1/954 702/1/951
f 688/1/931 693/1/930 704/1/955
f 704/1/955 705/1/956 688/1/931
f 705/1/957 695/1/958 689/1/925
f 689/1/925 688/1/924 705/1/957
f 706/1/959 707/1/960 708/1/961
f 708/1/961 709/1/962 706/1/959
f 710/1/963 711/1/964 707/1/960
f 707/1/960 706/1/959 710/1/963
f 707/1/965 712/1/966 713/1/967
f 713/1/967 708/1/968 707/1/965
f 707/1/965 711/1/969 714/1/970
f 714/1/970 712/1/966 707/1/965
f 715/1/971 716/1/971 717/1/971
f 717/1/971 709/1/971 715/1/971
f 706/1/972 709/1/973 717/1/972
f 717/1/972 718/1/972 706/1/972
f 706/1/974 718/1/975 719/1/975
f 719/1/975 710/1/975 706/1/974
f 695/1/976 710/1/976 719/1/977
f 719/1/977 696/1/976 695/1/976
f 710/1/963 695/1/958 705/1/957
f 705/1/957 711/1/964 710/1/963
f 704/1/955 714/1/970 711/1/969
f 711/1/969 705/1/956 704/1/955
f 714/1/978 704/1/978 703/1/978
f 703/1/978 720/1/978 714/1/978
f 720/1/979 721/1/979 712/1/980
f 712/1/980 714/1/980 720/1/979
f 721/1/981 722/1/981 713/1/981
f 713/1/981 712/1/981 721/1/981
f 722/1/982 723/1/983 724/1/984
f 724/1/984 713/1/985 722/1/982
f 713/1/967 724/1/986 725/1/987
f 725/1/987 708/1/968 713/1/967
f 708/1/961 725/1/988 715/1/989
f 715/1/989 709/1/962 708/1/961
f 726/1/990 727/1/991 728/1/992
f 728/1/992 729/1/993 726/1/990
f 730/1/994 731/1/995 727/1/991
f 727/1/991 726/1/990 730/1/994
f 727/1/996 732/1/997 733/1/998
f 733/1/998 728/1/999 727/1/996
f 727/1/996 731/1/1000 734/1/1001
f 734/1/1001 732/1/997 727/1/996
f 735/1/1002 736/1/1002 737/1/1002
f 737/1/1002 729/1/1002 735/1/1002
f 726/1/1003 729/1/1003 737/1/1004
f 737/1/1004 738/1/1003 726/1/1003
f 726/1/1005 738/1/1005 739/1/1005
f 739/1/1005 730/1/1005 726/1/1005
f 715/1/1006 730/1/1006 739/1/1006
f 739/1/1006 716/1/1006 715/1/1006
f 730/1/994 715/1/989 725/1/988
f 725/1/988 731/1/995 730/1/994
f 731/1/1000 725/1/987 724/1/986
f 724/1/986 734/1/1001 731/1/1000
f 734/1/1007 724/1/1007 723/1/1007
f 723/1/1007 740/1/1007 734/1/1007
f 740/1/1008 741/1/1008 732/1/1008
f 732/1/1008 734/1/1008 740/1/1008
f 741/1/1009 742/1/1009 733/1/1010
f 733/1/1010 732/1/1009 741/1/1009
f 742/1/1011 743/1/1011 744/1/1011
f 744/1/1011 733/1/1011 742/1/1011
f 728/1/999 733/1/998 744/1/1012
f 744/1/1012 745/1/1013 728/1/999
f 728/1/992 745/1/1014 735/1/1015
f 735/1/1015 729/1/993 728/1/992
f 746/1/1016 747/1/1017 748/1/1018
f 748/1/1018 749/1/1019 746/1/1016
f 750/1/1020 751/1/1021 747/1/1017
f 747/1/1017 746/1/1016 750/1/1020
f 747/1/1022 752/1/1023 753/1/1024
f 753/1/1024 748/1/1025 747/1/1022
f 747/1/1022 751/1/1026 754/1/1027
f 754/1/1027 752/1/1023 747/1/1022
f 755/1/1028 756/1/1028 757/1/1028
f 757/1/1028 749/1/1029 755/1/1028
f 746/1/1030 749/1/1030 757/1/1030
f 757/1/1030 758/1/1030 746/1/1030
f 746/1/1031 758/1/1031 759/1/1031
f 759/1/1031 750/1/1032 746/1/1031
f 735/1/1033 750/1/1034 759/1/1033
f 759/1/1033 736/1/1033 735/1/1033
f 750/1/1020 735/1/1015 745/1/1014
f 745/1/1014 751/1/1021 750/1/1020
f 744/1/1012 754/1/1027 751/1/1026
f 751/1/1026 745/1/1013 744/1/1012
f 754/1/1035 744/1/1035 743/1/1035
f 743/1/1035 760/1/1036 754/1/1035
f 760/1/1037 761/1/1038 752/1/1037
f 752/1/1037 754/1/1039 760/1/1037
f 761/1/1040 762/1/1040 753/1/1040
f 753/1/1040 752/1/1040 761/1/1040
f 762/1/1041 763/1/1041 764/1/1042
f 764/1/1042 753/1/1041 762/1/1041
f 748/1/1025 753/1/1024 764/1/1043
f 764/1/1043 765/1/1044 748/1/1025
f 748/1/1018 765/1/1045 755/1/1046
f 755/1/1046 749/1/1019 748/1/1018
f 766/1/1047 767/1/1048 768/1/1049
f 768/1/1049 769/1/1050 766/1/1047
f 770/1/1051 771/1/1052 767/1/1048
f 767/1/1048 766/1/1047 770/1/1051
f 767/1/1053 772/1/1054 773/1/1055
f 773/1/1055 768/1/1056 767/1/1053
f 767/1/1053 771/1/1057 774/1/1058
f 774/1/1058 772/1/1054 767/1/1053
f 775/1/1059 776/1/1059 777/1/1059
f 777/1/1059 769/1/1060 775/1/1059
f 766/1/1061 769/1/1061 777/1/1061
f 777/1/1061 778/1/1061 766/1/1061
f 766/1/1062 778/1/1063 779/1/1063
f 779/1/1063 770/1/1062 766/1/1062
f 755/1/1064 770/1/1064 779/1/1064
f 779/1/1064 756/1/1064 755/1/1064
f 770/1/1051 755/1/1046 765/1/1045
f 765/1/1045 771/1/1052 770/1/1051
f 764/1/1043 774/1/1058 771/1/1057
f 771/1/1057 765/1/1044 764/1/1043
f 774/1/1065 764/1/1065 763/1/1065
f 763/1/1065 780/1/1065 774/1/1065
f 780/1/1066 781/1/1067 772/1/1067
f 772/1/1067 774/1/1067 780/1/1066
f 781/1/1068 782/1/1068 773/1/1068
f 773/1/1068 772/1/1068 781/1/1068
f 782/1/1069 783/1/1070 784/1/1069
f 784/1/1069 773/1/1069 782/1/1069
f 768/1/1056 773/1/1055 784/1/1071
f 784/1/1071 785/1/1072 768/1/1056
f 768/1/1049 785/1/1073 775/1/1074
f 775/1/1074 769/1/1050 768/1/1049
f 786/1/1075 787/1/1076 788/1/1077
f 788/1/1077 789/1/1078 786/1/1075
f 790/1/1079 791/1/1080 787/1/1076
f 787/1/1076 786/1/1075 790/1/1079
f 787/1/1081 792/1/1082 793/1/1083
f 793/1/1083 788/1/1084 787/1/1081
f 787/1/1081 791/1/1085 794/1/1086
f 794/1/1086 792/1/1082 787/1/1081
f 795/1/1087 796/1/1087 797/1/1088
f 797/1/1088 789/1/1087 795/1/1087
f 786/1/1089 789/1/1089 797/1/1089
f 797/1/1089 798/1/1090 786/1/1089
f 786/1/1091 798/1/1091 799/1/1091
f 799/1/1091 790/1/1091 786/1/1091
f 775/1/1092 790/1/1092 799/1/1092
f 799/1/1092 776/1/1092 775/1/1092
f 790/1/1079 775/1/1074 785/1/1073
f 785/1/1073 791/1/1080 790/1/1079
f 784/1/1071 794/1/1086 791/1/1085
f 791/1/1085 785/1/1072 784/1/1071
f 794/1/1093 784/1/1094 783/1/1093
f 783/1/1093 800/1/1095 794/1/1093
f 800/1/1096 801/1/1096 792/1/1096
f 792/1/1096 794/1/1096 800/1/1096
f 801/1/1097 802/1/1097 793/1/1097
f 793/1/1097 792/1/1097 801/1/1097
f 802/1/1098 803/1/1099 804/1/1098
f 804/1/1098 793/1/1099 802/1/1098
f 788/1/1084 793/1/1083 804/1/1100
f 804/1/1100 805/1/1100 788/1/1084
f 788/1/1077 805/1/1101 795/1/1102
f 795/1/1102 789/1/1078 788/1/1077
f 806/1/1103 807/1/1104 808/1/1105
f 808/1/1105 809/1/1106 806/1/1103
f 810/1/1107 811/1/1108 807/1/1104
f 807/1/1104 806/1/1103 810/1/1107
f 807/1/1109 812/1/1110 813/1/1111
f 813/1/1111 808/1/1112 807/1/1109
f 807/1/1109 811/1/1113 814/1/1114
f 814/1/1114 812/1/1110 807/1/1109
f 815/1/1115 816/1/1115 817/1/1115
f 817/1/1115 809/1/1115 815/1/1115
f 806/1/1116 809/1/1116 817/1/1116
f 817/1/1116 818/1/1116 806/1/1116
f 806/1/1117 818/1/1117 819/1/1117
f 819/1/1117 810/1/1118 806/1/1117
f 795/1/1119 810/1/1119 819/1/1119
f 819/1/1119 796/1/1119 795/1/1119
f 810/1/1107 795/1/1102 805/1/1101
f 805/1/1101 811/1/1108 810/1/1107
f 804/1/1100 814/1/1114 811/1/1113
f 811/1/1113 805/1/1100 804/1/1100
f 820/1/1120 814/1/1120 804/1/1120
f 804/1/1120 803/1/1120 820/1/1120
f 820/1/1121 821/1/1121 812/1/1121
f 812/1/1121 814/1/1121 820/1/1121
f 821/1/1122 822/1/1123 813/1/1122
f 813/1/1122 812/1/1122 821/1/1122
f 822/1/1124 823/1/1125 824/1/1125
f 824/1/1125 813/1/1125 822/1/1124
f 808/1/1112 813/1/1111 824/1/1126
f 824/1/1126 825/1/1127 808/1/1112
f 808/1/1105 825/1/1128 815/1/1129
f 815/1/1129 809/1/1106 808/1/1105
f 826/1/1130 827/1/1131 828/1/1132
f 828/1/1132 829/1/1133 826/1/1130
f 830/1/1134 831/1/1135 827/1/1131
f 827/1/1131 826/1/1130 830/1/1134
f 827/1/1136 832/1/1137 833/1/1138
f 833/1/1138 828/1/1139 827/1/1136
f 827/1/1136 831/1/1140 834/1/1141
f 834/1/1141 832/1/1137 827/1/1136
f 835/1/1142 836/1/1142 837/1/1142
f 837/1/1142 829/1/1143 835/1/1142
f 826/1/1144 829/1/1144 837/1/1144
f 837/1/1144 838/1/1144 826/1/1144
f 826/1/1145 838/1/1145 839/1/1145
f 839/1/1145 830/1/1145 826/1/1145
f 815/1/1146 830/1/1147 839/1/1148
f 839/1/1148 816/1/1149 815/1/1146
f 830/1/1134 815/1/1129 825/1/1128
f 825/1/1128 831/1/1135 830/1/1134
f 824/1/1126 834/1/1141 831/1/1140
f 831/1/1140 825/1/1127 824/1/1126
f 834/1/1150 824/1/1151 823/1/1150
f 823/1/1150 840/1/1150 834/1/1150
f 840/1/1152 841/1/1153 832/1/1153
f 832/1/1153 834/1/1152 840/1/1152
f 841/1/1154 842/1/1155 833/1/1155
f 833/1/1155 832/1/1155 841/1/1154
f 842/1/1156 843/1/1157 844/1/1158
f 844/1/1158 833/1/1158 842/1/1156
f 828/1/1139 833/1/1138 844/1/1159
f 844/1/1159 845/1/1160 828/1/1139
f 828/1/1132 845/1/1161 835/1/1162
f 835/1/1162 829/1/1133 828/1/1132
f 846/1/1163 847/1/1164 848/1/1165
f 848/1/1165 849/1/1166 846/1/1163
f 850/1/1167 851/1/1168 847/1/1164
f 847/1/1164 846/1/1163 850/1/1167
f 847/1/1169 852/1/1170 853/1/1171
f 853/1/1171 848/1/1172 847/1/1169
f 847/1/1169 851/1/1173 854/1/1174
f 854/1/1174 852/1/1170 847/1/1169
f 855/1/1175 856/1/1175 857/1/1176
f 857/1/1176 849/1/1176 855/1/1175
f 846/1/1177 849/1/1178 857/1/1179
f 857/1/1179 858/1/1177 846/1/1177
f 846/1/1180 858/1/1180 859/1/1180
f 859/1/1180 850/1/1180 846/1/1180
f 835/1/1181 850/1/1181 859/1/1181
f 859/1/1181 836/1/1181 835/1/1181
f 850/1/1167 835/1/1162 845/1/1161
f 845/1/1161 851/1/1168 850/1/1167
f 844/1/1159 854/1/1174 851/1/1173
f 851/1/1173 845/1/1160 844/1/1159
f 854/1/1182 844/1/1183 843/1/1184
f 843/1/1184 860/1/1184 854/1/1182
f 860/1/1185 861/1/1185 852/1/1186
f 852/1/1186 854/1/1185 860/1/1185
f 861/1/1187 862/1/1188 853/1/1187
f 853/1/1187 852/1/1189 861/1/1187
f 862/1/1190 863/1/1190 864/1/1190
f 864/1/1190 853/1/1190 862/1/1190
f 848/1/1172 853/1/1171 864/1/1191
f 864/1/1191 865/1/1192 848/1/1172
f 848/1/1165 865/1/1193 855/1/1194
f 855/1/1194 849/1/1166 848/1/1165
f 866/1/1195 867/1/1196 868/1/1197
f 868/1/1197 869/1/1198 866/1/1195
f 870/1/1199 871/1/1200 867/1/1196
f 867/1/1196 866/1/1195 870/1/1199
f 867/1/1201 872/1/1202 873/1/1203
f 873/1/1203 868/1/1204 867/1/1201
f 867/1/1201 871/1/1205 874/1/1206
f 874/1/1206 872/1/1202 867/1/1201
f 875/1/1207 876/1/1207 877/1/1207
f 877/1/1207 869/1/1207 875/1/1207
f 866/1/1208 869/1/1208 877/1/1208
f 877/1/1208 878/1/1208 866/1/1208
f 866/1/1209 878/1/1209 879/1/1209
f 879/1/1209 870/1/1209 866/1/1209
f 855/1/1210 870/1/1211 879/1/1211
f 879/1/1211 856/1/1211 855/1/1210
f 870/1/1199 855/1/1194 865/1/1193
f 865/1/1193 871/1/1200 870/1/1199
f 864/1/1191 874/1/1206 871/1/1205
f 871/1/1205 865/1/1192 864/1/1191
f 874/1/1212 864/1/1213 863/1/1213
f 863/1/1213 880/1/1213 874/1/1212
f 880/1/1214 881/1/1215 872/1/1216
f 872/1/1216 874/1/1214 880/1/1214
f 881/1/1217 882/1/1217 873/1/1217
f 873/1/1217 872/1/1217 881/1/1217
f 882/1/1218 883/1/1218 884/1/1218
f 884/1/1218 873/1/1218 882/1/1218
f 868/1/1204 873/1/1203 884/1/1219
f 884/1/1219 885/1/1220 868/1/1204
f 868/1/1197 885/1/1221 875/1/1222
f 875/1/1222 869/1/1198 868/1/1197
f 886/1/1223 887/1/1224 888/1/1225
f 888/1/1225 889/1/1226 886/1/1223
f 890/1/1227 891/1/1228 887/1/1224
f 887/1/1224 886/1/1223 890/1/1227
f 887/1/1229 892/1/1230 893/1/1231
f 893/1/1231 888/1/1232 887/1/1229
f 887/1/1229 891/1/1233 894/1/1234
f 894/1/1234 892/1/1230 887/1/1229
f 895/1/1235 896/1/1236 897/1/1237
f 897/1/1237 889/1/1238 895/1/1235
f 886/1/1239 889/1/1239 897/1/1239
f 897/1/1239 898/1/1239 886/1/1239
f 886/1/1240 898/1/1240 899/1/1240
f 899/1/1240 890/1/1241 886/1/1240
f 875/1/1242 890/1/1242 899/1/1242
f 899/1/1242 876/1/1242 875/1/1242
f 890/1/1227 875/1/1222 885/1/1221
f 885/1/1221 891/1/1228 890/1/1227
f 884/1/1219 894/1/1234 891/1/1233
f 891/1/1233 885/1/1220 884/1/1219
f 894/1/1243 884/1/1244 883/1/1245
f 883/1/1245 900/1/1246 894/1/1243
f 900/1/1247 901/1/1248 892/1/1247
f 892/1/1247 894/1/1248 900/1/1247
f 901/1/1249 902/1/1250 893/1/1250
f 893/1/1250 892/1/1250 901/1/1249
f 902/1/1251 903/1/1251 904/1/1252
f 904/1/1252 893/1/1251 902/1/1251
f 888/1/1232 893/1/1231 904/1/1253
f 904/1/1253 905/1/1254 888/1/1232
f 888/1/1225 905/1/1255 895/1/1256
f 895/1/1256 889/1/1226 888/1/1225
f 906/1/1257 907/1/1258 908/1/1259
f 908/1/1259 909/1/1260 906/1/1257
f 910/1/1261 911/1/1262 907/1/1258
f 907/1/1258 906/1/1257 910/1/1261
f 907/1/1263 912/1/1264 913/1/1265
f 913/1/1265 908/1/1266 907/1/1263
f 907/1/1263 911/1/1267 914/1/1268
f 914/1/1268 912/1/1264 907/1/1263
f 915/1/1269 916/1/1269 917/1/1269
f 917/1/1269 909/1/1270 915/1/1269
f 906/1/1271 909/1/1272 917/1/1271
f 917/1/1271 918/1/1271 906/1/1271
f 906/1/1273 918/1/1274 919/1/1273
f 919/1/1273 910/1/1275 906/1/1273
f 895/1/1276 910/1/1277 919/1/1276
f 919/1/1276 896/1/1278 895/1/1276
f 910/1/1261 895/1/1256 905/1/1255
f 905/1/1255 911/1/1262 910/1/1261
f 904/1/1253 914/1/1268 911/1/1267
f 911/1/1267 905/1/1254 904/1/1253
f 914/1/1279 904/1/1279 903/1/1280
f 903/1/1280 920/1/1279 914/1/1279
f 920/1/1281 921/1/1282 912/1/1282
f 912/1/1282 914/1/1282 920/1/1281
f 921/1/1283 922/1/1284 913/1/1285
f 913/1/1285 912/1/1285 921/1/1283
f 922/1/1286 923/1/1287 924/1/1288
f 924/1/1288 913/1/1286 922/1/1286
f 908/1/1266 913/1/1265 924/1/1289
f 924/1/1289 925/1/1290 908/1/1266
f 908/1/1259 925/1/1291 915/1/1292
f 915/1/1292 909/1/1260 908/1/1259
f 926/1/1293 927/1/1294 928/1/1295
f 928/1/1295 929/1/1296 926/1/1293
f 930/1/1297 931/1/1298 927/1/1294
f 927/1/1294 926/1/1293 930/1/1297
f 927/1/1299 932/1/1300 933/1/1301
f 933/1/1301 928/1/1302 927/1/1299
f 927/1/1299 931/1/1303 934/1/1304
f 934/1/1304 932/1/1300 927/1/1299
f 935/1/1305 936/1/1305 937/1/1305
f 937/1/1305 929/1/1305 935/1/1305
f 926/1/1306 929/1/1307 937/1/1308
f 937/1/1308 938/1/1308 926/1/1306
f 926/1/1309 938/1/1309 939/1/1309
f 939/1/1309 930/1/1309 926/1/1309
f 915/1/1310 930/1/1311 939/1/1310
f 939/1/1310 916/1/1310 915/1/1310
f 930/1/1297 915/1/1292 925/1/1291
f 925/1/1291 931/1/1298 930/1/1297
f 924/1/1289 934/1/1304 931/1/1303
f 931/1/1303 925/1/1290 924/1/1289
f 934/1/1312 924/1/1313 923/1/1313
f 923/1/1313 940/1/1314 934/1/1312
f 940/1/1315 941/1/1316 932/1/1316
f 932/1/1316 934/1/1317 940/1/1315
f 941/1/1318 942/1/1318 933/1/1318
f 933/1/1318 932/1/1318 941/1/1318
f 942/1/1319 943/1/1320 944/1/1321
f 944/1/1321 933/1/1322 942/1/1319
f 928/1/1302 933/1/1301 944/1/1323
f 944/1/1323 945/1/1324 928/1/1302
f 928/1/1295 945/1/1325 935/1/1326
f 935/1/1326 929/1/1296 928/1/1295
f 946/1/1327 947/1/1328 948/1/1329
f 948/1/1329 949/1/1330 946/1/1327
f 950/1/1331 951/1/1332 947/1/1328
f 947/1/1328 946/1/1327 950/1/1331
f 947/1/1333 952/1/1334 953/1/1335
f 953/1/1335 948/1/1336 947/1/1333
f 947/1/1333 951/1/1337 954/1/1338
f 954/1/1338 952/1/1334 947/1/1333
f 955/1/1339 956/1/1339 957/1/1339
f 957/1/1339 949/1/1339 955/1/1339
f 946/1/1340 949/1/1340 957/1/1340
f 957/1/1340 958/1/1340 946/1/1340
f 946/1/1341 958/1/1342 959/1/1342
f 959/1/1342 950/1/1342 946/1/1341
f 935/1/1343 950/1/1343 959/1/1343
f 959/1/1343 936/1/1343 935/1/1343
f 950/1/1331 935/1/1326 945/1/1325
f 945/1/1325 951/1/1332 950/1/1331
f 944/1/1323 954/1/1338 951/1/1337
f 951/1/1337 945/1/1324 944/1/1323
f 954/1/1344 944/1/1345 943/1/1346
f 943/1/1346 960/1/1347 954/1/1344
f 960/1/1348 961/1/1349 952/1/1348
f 952/1/1348 954/1/1349 960/1/1348
f 961/1/1350 962/1/1350 953/1/1350
f 953/1/1350 952/1/1350 961/1/1350
f 962/1/1351 963/1/1352 964/1/1352
f 964/1/1352 953/1/1353 962/1/1351
f 948/1/1336 953/1/1335 964/1/1354
f 964/1/1354 965/1/1355 948/1/1336
f 948/1/1329 965/1/1356 955/1/1357
f 955/1/1357 949/1/1330 948/1/1329
f 966/1/1358 967/1/1359 968/1/1360
f 968/1/1360 969/1/1361 966/1/1358
f 970/1/1362 971/1/1363 967/1/1359
f 967/1/1359 966/1/1358 970/1/1362
f 967/1/1364 972/1/1365 973/1/1366
f 973/1/1366 968/1/1367 967/1/1364
f 967/1/1364 971/1/1368 974/1/1369
f 974/1/1369 972/1/1365 967/1/1364
f 975/1/1370 976/1/1371 977/1/1370
f 977/1/1370 969/1/30 975/1/1370
f 966/1/28 969/1/1372 977/1/1373
f 977/1/1373 978/1/28 966/1/28
f 966/1/1374 978/1/27 979/1/1374
f 979/1/1374 970/1/1375 966/1/1374
f 955/1/24 970/1/26 979/1/24
f 979/1/24 956/1/26 955/1/24
f 970/1/1362 955/1/1357 965/1/1356
f 965/1/1356 971/1/1363 970/1/1362
f 964/1/1354 974/1/1369 971/1/1368
f 971/1/1368 965/1/1355 964/1/1354
f 974/1/18 964/1/18 963/1/18
f 963/1/18 980/1/18 974/1/18
f 980/1/16 981/1/16 972/1/16
f 972/1/16 974/1/16 980/1/16
f 981/1/14 982/1/14 973/1/1376
f 973/1/1376 972/1/14 981/1/14
f 982/1/13 983/1/13 984/1/13
f 984/1/13 973/1/13 982/1/13
f 968/1/1367 973/1/1366 984/1/1377
f 984/1/1377 985/1/1378 968/1/1367
f 968/1/1360 985/1/1379 975/1/1380
f 975/1/1380 969/1/1361 968/1/1360
f 986/1/1381 987/1/1382 988/1/1383
f 988/1/1383 989/1/1384 986/1/1381
f 990/1/1385 991/1/1386 987/1/1382
f 987/1/1382 986/1/1381 990/1/1385
f 987/1/1387 992/1/1388 993/1/1389
f 993/1/1389 988/1/1390 987/1/1387
f 987/1/1387 991/1/1391 994/1/1392
f 994/1/1392 992/1/1388 987/1/1387
f 995/1/917 996/1/917 997/1/917
f 997/1/917 989/1/1393 995/1/917
f 986/1/1394 989/1/1394 997/1/1394
f 997/1/1394 998/1/1394 986/1/1394
f 986/1/913 998/1/1395 999/1/1395
f 999/1/1395 990/1/913 986/1/913
f 975/1/1396 990/1/1397 999/1/1396
f 999/1/1396 976/1/912 975/1/1396
f 990/1/1385 975/1/1380 985/1/1379
f 985/1/1379 991/1/1386 990/1/1385
f 984/1/1377 994/1/1392 991/1/1391
f 991/1/1391 985/1/1378 984/1/1377
f 994/1/909 984/1/909 983/1/909
f 983/1/909 1000/1/909 994/1/909
f 1000/1/908 1001/1/908 992/1/908
f 992/1/908 994/1/908 1000/1/908
f 1001/1/907 1002/1/907 993/1/907
f 993/1/907 992/1/907 1001/1/907
f 1002/1/904 1003/1/904 1004/1/904
f 1004/1/904 993/1/904 1002/1/904
f 988/1/1390 993/1/1389 1004/1/1398
f 1004/1/1398 1005/1/1399 988/1/1390
f 988/1/1383 1005/1/1400 995/1/1401
f 995/1/1401 989/1/1384 988/1/1383
f 1006/1/1402 1007/1/1403 1008/1/1404
f 1008/1/1404 1009/1/1405 1006/1/1402
f 1010/1/1406 1011/1/1407 1007/1/1403
f 1007/1/1403 1006/1/1402 1010/1/1406
f 1007/1/1408 1012/1/1409 1013/1/1410
f 1013/1/1410 1008/1/1411 1007/1/1408
f 1007/1/1408 1011/1/1412 1014/1/1413
f 1014/1/1413 1012/1/1409 1007/1/1408
f 1015/1/1414 1016/1/1414 1017/1/1414
f 1017/1/1414 1009/1/1415 1015/1/1414
f 1006/1/950 1009/1/950 1017/1/950
f 1017/1/950 1018/1/1416 1006/1/950
f 1006/1/947 1018/1/947 1019/1/1417
f 1019/1/1417 1010/1/1418 1006/1/947
f 995/1/946 1010/1/946 1019/1/946
f 1019/1/946 996/1/946 995/1/946
f 1010/1/1406 995/1/1401 1005/1/1400
f 1005/1/1400 1011/1/1407 1010/1/1406
f 1004/1/1398 1014/1/1413 1011/1/1412
f 1011/1/1412 1005/1/1399 1004/1/1398
f 1014/1/945 1004/1/945 1003/1/945
f 1003/1/945 1020/1/1419 1014/1/945
f 1020/1/1420 1021/1/1421 1012/1/1422
f 1012/1/1422 1014/1/1423 1020/1/1420
f 1021/1/1424 1022/1/1424 1013/1/1424
f 1013/1/1424 1012/1/1425 1021/1/1424
f 1022/1/1426 1023/1/1427 1024/1/1426
f 1024/1/1426 1013/1/1426 1022/1/1426
f 1008/1/1411 1013/1/1410 1024/1/1428
f 1024/1/1428 1025/1/1429 1008/1/1411
f 1008/1/1404 1025/1/1430 1015/1/1431
f 1015/1/1431 1009/1/1405 1008/1/1404
f 1026/1/1432 1027/1/1433 1028/1/1434
f 1028/1/1434 1029/1/1435 1026/1/1432
f 1030/1/1436 1031/1/1437 1027/1/1433
f 1027/1/1433 1026/1/1432 1030/1/1436
f 1027/1/1438 1032/1/1439 1033/1/1440
f 1033/1/1440 1028/1/1441 1027/1/1438
f 1027/1/1438 1031/1/1442 1034/1/1443
f 1034/1/1443 1032/1/1439 1027/1/1438
f 1035/1/1444 1036/1/1444 1037/1/1444
f 1037/1/1444 1029/1/1444 1035/1/1444
f 1026/1/981 1029/1/981 1037/1/1445
f 1037/1/1445 1038/1/981 1026/1/981
f 1026/1/980 1038/1/980 1039/1/980
f 1039/1/980 1030/1/980 1026/1/980
f 1015/1/978 1030/1/978 1039/1/978
f 1039/1/978 1016/1/978 1015/1/978
f 1030/1/1436 1015/1/1431 1025/1/1430
f 1025/1/1430 1031/1/1437 1030/1/1436
f 1024/1/1428 1034/1/1443 1031/1/1442
f 1031/1/1442 1025/1/1429 1024/1/1428
f 1034/1/1446 1024/1/976 1023/1/1447
f 1023/1/1447 1040/1/976 1034/1/1446
f 1040/1/974 1041/1/974 1032/1/974
f 1032/1/974 1034/1/974 1040/1/974
f 1041/1/972 1042/1/972 1033/1/972
f 1033/1/972 1032/1/972 1041/1/972
f 1042/1/971 1043/1/971 1044/1/971
f 1044/1/971 1033/1/971 1042/1/971
f 1028/1/1441 1033/1/1440 1044/1/1448
f 1044/1/1448 1045/1/1449 1028/1/1441
f 1028/1/1434 1045/1/1450 1035/1/1451
f 1035/1/1451 1029/1/1435 1028/1/1434
f 1046/1/1452 1047/1/1453 1048/1/1454
f 1048/1/1454 1049/1/1455 1046/1/1452
f 1050/1/1456 1051/1/1457 1047/1/1453
f 1047/1/1453 1046/1/1452 1050/1/1456
f 1047/1/1458 1052/1/1459 1053/1/1460
f 1053/1/1460 1048/1/1461 1047/1/1458
f 1047/1/1458 1051/1/1462 1054/1/1463
f 1054/1/1463 1052/1/1459 1047/1/1458
f 1055/1/1011 1056/1/1011 1057/1/1011
f 1057/1/1011 1049/1/1011 1055/1/1011
f 1046/1/1009 1049/1/1009 1057/1/1009
f 1057/1/1009 1058/1/1009 1046/1/1009
f 1046/1/1008 1058/1/1008 1059/1/1008
f 1059/1/1008 1050/1/1008 1046/1/1008
f 1035/1/1007 1050/1/1464 1059/1/1465
f 1059/1/1465 1036/1/1007 1035/1/1007
f 1050/1/1456 1035/1/1451 1045/1/1450
f 1045/1/1450 1051/1/1457 1050/1/1456
f 1044/1/1448 1054/1/1463 1051/1/1462
f 1051/1/1462 1045/1/1449 1044/1/1448
f 1054/1/1466 1044/1/1467 1043/1/1467
f 1043/1/1467 1060/1/1468 1054/1/1466
f 1060/1/1469 1061/1/1005 1052/1/1470
f 1052/1/1470 1054/1/1471 1060/1/1469
f 1061/1/1003 1062/1/1003 1053/1/1003
f 1053/1/1003 1052/1/1003 1061/1/1003
f 1062/1/1472 1063/1/1472 1064/1/1472
f 1064/1/1472 1053/1/1472 1062/1/1472
f 1048/1/1461 1053/1/1460 1064/1/1473
f 1064/1/1473 1065/1/1474 1048/1/1461
f 1048/1/1454 1065/1/1475 1055/1/1476
f 1055/1/1476 1049/1/1455 1048/1/1454
f 1066/1/1477 1067/1/1478 1068/1/1479
f 1068/1/1479 1069/1/1480 1066/1/1477
f 1070/1/1481 1071/1/1482 1067/1/1478
f 1067/1/1478 1066/1/1477 1070/1/1481
f 1067/1/1483 1072/1/1484 1073/1/1485
f 1073/1/1485 1068/1/1486 1067/1/1483
f 1067/1/1483 1071/1/1487 1074/1/1488
f 1074/1/1488 1072/1/1484 1067/1/1483
f 1075/1/1041 1076/1/1041 1077/1/1489
f 1077/1/1489 1069/1/1041 1075/1/1041
f 1066/1/1040 1069/1/1040 1077/1/1490
f 1077/1/1490 1078/1/1040 1066/1/1040
f 1066/1/1491 1078/1/1491 1079/1/1491
f 1079/1/1491 1070/1/1491 1066/1/1491
f 1055/1/1492 1070/1/1492 1079/1/1493
f 1079/1/1493 1056/1/1492 1055/1/1492
f 1070/1/1481 1055/1/1476 1065/1/1475
f 1065/1/1475 1071/1/1482 1070/1/1481
f 1064/1/1473 1074/1/1488 1071/1/1487
f 1071/1/1487 1065/1/1474 1064/1/1473
f 1074/1/1494 1064/1/1033 1063/1/1033
f 1063/1/1033 1080/1/1033 1074/1/1494
f 1080/1/1031 1081/1/1495 1072/1/1031
f 1072/1/1031 1074/1/1031 1080/1/1031
f 1081/1/1496 1082/1/1030 1073/1/1030
f 1073/1/1030 1072/1/1030 1081/1/1496
f 1082/1/1497 1083/1/1029 1084/1/1029
f 1084/1/1029 1073/1/1029 1082/1/1497
f 1068/1/1486 1073/1/1485 1084/1/1498
f 1084/1/1498 1085/1/1499 1068/1/1486
f 1068/1/1479 1085/1/1500 1075/1/1501
f 1075/1/1501 1069/1/1480 1068/1/1479
f 1086/1/1502 1087/1/1503 1088/1/1504
f 1088/1/1504 1089/1/1505 1086/1/1502
f 1090/1/1506 1091/1/1507 1087/1/1503
f 1087/1/1503 1086/1/1502 1090/1/1506
f 1087/1/1508 1092/1/1509 1093/1/1510
f 1093/1/1510 1088/1/1511 1087/1/1508
f 1087/1/1508 1091/1/1512 1094/1/1513
f 1094/1/1513 1092/1/1509 1087/1/1508
f 1095/1/1514 1096/1/1070 1097/1/1070
f 1097/1/1070 1089/1/1070 1095/1/1514
f 1086/1/1068 1089/1/1515 1097/1/1068
f 1097/1/1068 1098/1/1068 1086/1/1068
f 1086/1/1516 1098/1/1067 1099/1/1516
f 1099/1/1516 1090/1/1516 1086/1/1516
f 1075/1/1517 1090/1/1065 1099/1/1065
f 1099/1/1065 1076/1/1065 1075/1/1517
f 1090/1/1506 1075/1/1501 1085/1/1500
f 1085/1/1500 1091/1/1507 1090/1/1506
f 1084/1/1498 1094/1/1513 1091/1/1512
f 1091/1/1512 1085/1/1499 1084/1/1498
f 1094/1/1518 1084/1/1518 1083/1/1518
f 1083/1/1518 1100/1/1518 1094/1/1518
f 1100/1/1062 1101/1/1062 1092/1/1062
f 1092/1/1062 1094/1/1062 1100/1/1062
f 1101/1/1061 1102/1/1061 1093/1/1061
f 1093/1/1061 1092/1/1061 1101/1/1061
f 1102/1/1059 1103/1/1059 1104/1/1059
f 1104/1/1059 1093/1/1059 1102/1/1059
f 1088/1/1511 1093/1/1510 1104/1/1519
f 1104/1/1519 1105/1/1520 1088/1/1511
f 1088/1/1504 1105/1/1521 1095/1/1522
f 1095/1/1522 1089/1/1505 1088/1/1504
f 1106/1/1523 1107/1/1524 1108/1/1525
f 1108/1/1525 1109/1/1526 1106/1/1523
f 1110/1/1527 1111/1/1528 1107/1/1524
f 1107/1/1524 1106/1/1523 1110/1/1527
f 1107/1/1529 1112/1/1530 1113/1/1531
f 1113/1/1531 1108/1/1532 1107/1/1529
f 1107/1/1529 1111/1/1533 1114/1/1534
f 1114/1/1534 1112/1/1530 1107/1/1529
f 1115/1/1535 1116/1/1536 1117/1/1535
f 1117/1/1535 1109/1/1535 1115/1/1535
f 1106/1/1097 1109/1/1097 1117/1/1097
f 1117/1/1097 1118/1/1097 1106/1/1097
f 1106/1/1537 1118/1/1096 1119/1/1538
f 1119/1/1538 1110/1/1539 1106/1/1537
f 1095/1/1540 1110/1/1541 1119/1/1542
f 1119/1/1542 1096/1/1543 1095/1/1540
f 1110/1/1527 1095/1/1522 1105/1/1521
f 1105/1/1521 1111/1/1528 1110/1/1527
f 1104/1/1519 1114/1/1534 1111/1/1533
f 1111/1/1533 1105/1/1520 1104/1/1519
f 1114/1/1544 1104/1/1092 1103/1/1544
f 1103/1/1544 1120/1/1545 1114/1/1544
f 1120/1/1091 1121/1/1091 1112/1/1091
f 1112/1/1091 1114/1/1091 1120/1/1091
f 1121/1/1546 1122/1/1090 1113/1/1090
f 1113/1/1090 1112/1/1089 1121/1/1546
f 1122/1/1087 1123/1/1087 1124/1/1087
f 1124/1/1087 1113/1/1087 1122/1/1087
f 1108/1/1532 1113/1/1531 1124/1/1547
f 1124/1/1547 1125/1/1548 1108/1/1532
f 1108/1/1525 1125/1/1549 1115/1/1550
f 1115/1/1550 1109/1/1526 1108/1/1525
f 1126/1/1551 1127/1/1552 1128/1/1553
f 1128/1/1553 1129/1/1554 1126/1/1551
f 1130/1/1555 1131/1/1556 1127/1/1552
f 1127/1/1552 1126/1/1551 1130/1/1555
f 1127/1/1557 1132/1/1558 1133/1/1559
f 1133/1/1559 1128/1/1560 1127/1/1557
f 1127/1/1557 1131/1/1561 1134/1/1562
f 1134/1/1562 1132/1/1558 1127/1/1557
f 1135/1/1563 1136/1/1564 1137/1/1563
f 1137/1/1563 1129/1/1565 1135/1/1563
f 1126/1/1123 1129/1/1123 1137/1/1123
f 1137/1/1123 1138/1/1123 1126/1/1123
f 1126/1/1121 1138/1/1121 1139/1/1566
f 1139/1/1566 1130/1/1121 1126/1/1121
f 1115/1/1567 1130/1/1568 1139/1/1567
f 1139/1/1567 1116/1/1569 1115/1/1567
f 1130/1/1555 1115/1/1550 1125/1/1549
f 1125/1/1549 1131/1/1556 1130/1/1555
f 1124/1/1547 1134/1/1562 1131/1/1561
f 1131/1/1561 1125/1/1548 1124/1/1547
f 1134/1/1119 1124/1/1119 1123/1/1119
f 1123/1/1119 1140/1/1119 1134/1/1119
f 1140/1/1570 1141/1/1570 1132/1/1117
f 1132/1/1117 1134/1/1570 1140/1/1570
f 1141/1/1116 1142/1/1116 1133/1/1116
f 1133/1/1116 1132/1/1116 1141/1/1116
f 1142/1/1571 1143/1/1115 1144/1/1115
f 1144/1/1115 1133/1/1115 1142/1/1571
f 1128/1/1560 1133/1/1559 1144/1/1572
f 1144/1/1572 1145/1/1573 1128/1/1560
f 1128/1/1553 1145/1/1574 1135/1/1575
f 1135/1/1575 1129/1/1554 1128/1/1553
f 1146/1/1576 1147/1/1577 1148/1/1578
f 1148/1/1578 1149/1/1579 1146/1/1576
f 1150/1/1580 1151/1/1581 1147/1/1577
f 1147/1/1577 1146/1/1576 1150/1/1580
f 1147/1/1582 1152/1/1583 1153/1/1584
f 1153/1/1584 1148/1/1585 1147/1/1582
f 1147/1/1582 1151/1/1586 1154/1/1587
f 1154/1/1587 1152/1/1583 1147/1/1582
f 1155/1/1158 1156/1/1158 1157/1/1158
f 1157/1/1158 1149/1/1158 1155/1/1158
f 1146/1/1155 1149/1/1588 1157/1/1588
f 1157/1/1588 1158/1/1155 1146/1/1155
f 1146/1/1153 1158/1/1153 1159/1/1153
f 1159/1/1153 1150/1/1153 1146/1/1153
f 1135/1/1151 1150/1/1151 1159/1/1151
f 1159/1/1151 1136/1/1151 1135/1/1151
f 1150/1/1580 1135/1/1575 1145/1/1574
f 1145/1/1574 1151/1/1581 1150/1/1580
f 1144/1/1572 1154/1/1587 1151/1/1586
f 1151/1/1586 1145/1/1573 1144/1/1572
f 1154/1/1149 1144/1/1149 1143/1/1149
f 1143/1/1149 1160/1/1149 1154/1/1149
f 1160/1/1145 1161/1/1145 1152/1/1145
f 1152/1/1145 1154/1/1145 1160/1/1145
f 1161/1/1144 1162/1/1144 1153/1/1144
f 1153/1/1144 1152/1/1144 1161/1/1144
f 1162/1/1589 1163/1/1589 1164/1/1589
f 1164/1/1589 1153/1/1589 1162/1/1589
f 1148/1/1585 1153/1/1584 1164/1/1590
f 1164/1/1590 1165/1/1591 1148/1/1585
f 1148/1/1578 1165/1/1592 1155/1/1593
f 1155/1/1593 1149/1/1579 1148/1/1578
f 1166/1/1594 1167/1/1595 1168/1/1596
f 1168/1/1596 1169/1/1597 1166/1/1594
f 1170/1/1598 1171/1/1599 1167/1/1595
f 1167/1/1595 1166/1/1594 1170/1/1598
f 1167/1/1600 1172/1/1601 1173/1/1602
f 1173/1/1602 1168/1/1603 1167/1/1600
f 1167/1/1600 1171/1/1604 1174/1/1605
f 1174/1/1605 1172/1/1601 1167/1/1600
f 1175/1/1190 1176/1/1190 1177/1/1190
f 1177/1/1190 1169/1/1190 1175/1/1190
f 1166/1/1606 1169/1/1606 1177/1/1606
f 1177/1/1606 1178/1/1606 1166/1/1606
f 1166/1/1185 1178/1/1185 1179/1/1607
f 1179/1/1607 1170/1/1185 1166/1/1185
f 1155/1/1184 1170/1/1184 1179/1/1184
f 1179/1/1184 1156/1/1184 1155/1/1184
f 1170/1/1598 1155/1/1593 1165/1/1592
f 1165/1/1592 1171/1/1599 1170/1/1598
f 1164/1/1590 1174/1/1605 1171/1/1604
f 1171/1/1604 1165/1/1591 1164/1/1590
f 1174/1/1181 1164/1/1181 1163/1/1181
f 1163/1/1181 1180/1/1181 1174/1/1181
f 1180/1/1180 1181/1/1180 1172/1/1180
f 1172/1/1180 1174/1/1180 1180/1/1180
f 1181/1/1179 1182/1/1179 1173/1/1179
f 1173/1/1179 1172/1/1179 1181/1/1179
f 1182/1/1608 1183/1/1175 1184/1/1175
f 1184/1/1175 1173/1/1175 1182/1/1608
f 1168/1/1603 1173/1/1602 1184/1/1609
f 1184/1/1609 1185/1/1610 1168/1/1603
f 1168/1/1596 1185/1/1611 1175/1/1612
f 1175/1/1612 1169/1/1597 1168/1/1596
f 1186/1/1613 1187/1/1614 1188/1/1615
f 1188/1/1615 1189/1/1616 1186/1/1613
f 1190/1/1617 1191/1/1618 1187/1/1614
f 1187/1/1614 1186/1/1613 1190/1/1617
f 1187/1/1619 1192/1/1620 1193/1/1621
f 1193/1/1621 1188/1/1622 1187/1/1619
f 1187/1/1619 1191/1/1623 1194/1/1624
f 1194/1/1624 1192/1/1620 1187/1/1619
f 1195/1/1625 1196/1/1625 1197/1/1625
f 1197/1/1625 1189/1/1625 1195/1/1625
f 1186/1/1217 1189/1/1217 1197/1/1217
f 1197/1/1217 1198/1/1217 1186/1/1217
f 1186/1/1214 1198/1/1214 1199/1/1214
f 1199/1/1214 1190/1/1214 1186/1/1214
f 1175/1/1213 1190/1/1213 1199/1/1213
f 1199/1/1213 1176/1/1213 1175/1/1213
f 1190/1/1617 1175/1/1612 1185/1/1611
f 1185/1/1611 1191/1/1618 1190/1/1617
f 1184/1/1609 1194/1/1624 1191/1/1623
f 1191/1/1623 1185/1/1610 1184/1/1609
f 1194/1/1626 1184/1/1626 1183/1/1626
f 1183/1/1626 1200/1/1626 1194/1/1626
f 1200/1/1209 1201/1/1209 1192/1/1627
f 1192/1/1627 1194/1/1209 1200/1/1209
f 1201/1/1628 1202/1/1628 1193/1/1628
f 1193/1/1628 1192/1/1628 1201/1/1628
f 1202/1/1629 1203/1/1629 1204/1/1629
f 1204/1/1629 1193/1/1629 1202/1/1629
f 1188/1/1622 1193/1/1621 1204/1/1630
f 1204/1/1630 1205/1/1631 1188/1/1622
f 1188/1/1615 1205/1/1632 1195/1/1633
f 1195/1/1633 1189/1/1616 1188/1/1615
f 1206/1/1634 1207/1/1635 1208/1/1636
f 1208/1/1636 1209/1/1637 1206/1/1634
f 1210/1/1638 1211/1/1639 1207/1/1635
f 1207/1/1635 1206/1/1634 1210/1/1638
f 1207/1/1640 1212/1/1641 1213/1/1642
f 1213/1/1642 1208/1/1643 1207/1/1640
f 1207/1/1640 1211/1/1644 1214/1/1645
f 1214/1/1645 1212/1/1641 1207/1/1640
f 1215/1/1251 1216/1/1251 1217/1/1251
f 1217/1/1251 1209/1/1251 1215/1/1251
f 1206/1/1250 1209/1/1250 1217/1/1250
f 1217/1/1250 1218/1/1250 1206/1/1250
f 1206/1/1646 1218/1/1646 1219/1/1646
f 1219/1/1646 1210/1/1646 1206/1/1646
f 1195/1/1647 1210/1/1245 1219/1/1245
f 1219/1/1245 1196/1/1648 1195/1/1647
f 1210/1/1638 1195/1/1633 1205/1/1632
f 1205/1/1632 1211/1/1639 1210/1/1638
f 1204/1/1630 1214/1/1645 1211/1/1644
f 1211/1/1644 1205/1/1631 1204/1/1630
f 1214/1/1649 1204/1/1650 1203/1/1242
f 1203/1/1242 1220/1/1651 1214/1/1649
f 1220/1/1240 1221/1/1240 1212/1/1240
f 1212/1/1240 1214/1/1652 1220/1/1240
f 1221/1/1239 1222/1/1239 1213/1/1653
f 1213/1/1653 1212/1/1239 1221/1/1239
f 1222/1/1654 1223/1/1236 1224/1/1654
f 1224/1/1654 1213/1/1654 1222/1/1654
f 1208/1/1643 1213/1/1642 1224/1/1655
f 1224/1/1655 1225/1/1656 1208/1/1643
f 1208/1/1636 1225/1/1657 1215/1/1658
f 1215/1/1658 1209/1/1637 1208/1/1636
f 1226/1/1659 1227/1/1660 1228/1/1661
f 1228/1/1661 1229/1/1662 1226/1/1659
f 1230/1/1663 1231/1/1664 1227/1/1660
f 1227/1/1660 1226/1/1659 1230/1/1663
f 1227/1/1665 1232/1/1666 1233/1/1667
f 1233/1/1667 1228/1/1668 1227/1/1665
f 1227/1/1665 1231/1/1669 1234/1/1670
f 1234/1/1670 1232/1/1666 1227/1/1665
f 1235/1/1286 1236/1/1286 1237/1/1286
f 1237/1/1286 1229/1/1286 1235/1/1286
f 1226/1/1285 1229/1/1285 1237/1/1285
f 1237/1/1285 1238/1/1285 1226/1/1285
f 1226/1/1282 1238/1/1671 1239/1/1282
f 1239/1/1282 1230/1/1282 1226/1/1282
f 1215/1/1279 1230/1/1279 1239/1/1279
f 1239/1/1279 1216/1/1279 1215/1/1279
f 1230/1/1663 1215/1/1658 1225/1/1657
f 1225/1/1657 1231/1/1664 1230/1/1663
f 1224/1/1655 1234/1/1670 1231/1/1669
f 1231/1/1669 1225/1/1656 1224/1/1655
f 1234/1/1672 1224/1/1673 1223/1/1672
f 1223/1/1672 1240/1/1672 1234/1/1672
f 1240/1/1674 1241/1/1675 1232/1/1676
f 1232/1/1676 1234/1/1674 1240/1/1674
f 1241/1/1272 1242/1/1272 1233/1/1272
f 1233/1/1272 1232/1/1272 1241/1/1272
f 1242/1/1270 1243/1/1677 1244/1/1269
f 1244/1/1269 1233/1/1269 1242/1/1270
f 1228/1/1668 1233/1/1667 1244/1/1678
f 1244/1/1678 1245/1/1679 1228/1/1668
f 1228/1/1661 1245/1/1680 1235/1/1681
f 1235/1/1681 1229/1/1662 1228/1/1661
f 1246/1/1682 1247/1/1683 1248/1/1684
f 1248/1/1684 1249/1/1685 1246/1/1682
f 1250/1/1686 1251/1/1687 1247/1/1683
f 1247/1/1683 1246/1/1682 1250/1/1686
f 1247/1/1688 1252/1/1689 1253/1/1690
f 1253/1/1690 1248/1/1691 1247/1/1688
f 1247/1/1688 1251/1/1692 1254/1/1693
f 1254/1/1693 1252/1/1689 1247/1/1688
f 1255/1/1320 1256/1/1694 1257/1/1320
f 1257/1/1320 1249/1/1695 1255/1/1320
f 1246/1/1318 1249/1/1318 1257/1/1318
f 1257/1/1318 1258/1/1318 1246/1/1318
f 1246/1/1315 1258/1/1315 1259/1/1315
f 1259/1/1315 1250/1/1315 1246/1/1315
f 1235/1/1696 1250/1/1697 1259/1/1697
f 1259/1/1697 1236/1/1697 1235/1/1696
f 1250/1/1686 1235/1/1681 1245/1/1680
f 1245/1/1680 1251/1/1687 1250/1/1686
f 1244/1/1678 1254/1/1693 1251/1/1692
f 1251/1/1692 1245/1/1679 1244/1/1678
f 1254/1/1310 1244/1/1698 1243/1/1698
f 1243/1/1698 1260/1/1311 1254/1/1310
f 1260/1/1309 1261/1/1309 1252/1/1309
f 1252/1/1309 1254/1/1309 1260/1/1309
f 1261/1/1308 1262/1/1308 1253/1/1308
f 1253/1/1308 1252/1/1308 1261/1/1308
f 1262/1/1699 1263/1/1305 1264/1/1305
f 1264/1/1305 1253/1/1305 1262/1/1699
f 1248/1/1691 1253/1/1690 1264/1/1700
f 1264/1/1700 1265/1/1701 1248/1/1691
f 1248/1/1684 1265/1/1702 1255/1/1703
f 1255/1/1703 1249/1/1685 1248/1/1684
f 1266/1/1704 1267/1/1705 1268/1/1706
f 1268/1/1706 1269/1/1707 1266/1/1704
f 1270/1/1708 1271/1/1709 1267/1/1705
f 1267/1/1705 1266/1/1704 1270/1/1708
f 1267/1/1710 1272/1/1711 1273/1/1712
f 1273/1/1712 1268/1/1713 1267/1/1710
f 1267/1/1710 1271/1/1714 1274/1/1715
f 1274/1/1715 1272/1/1711 1267/1/1710
f 16/1/1351 15/1/1352 1275/1/1351
f 1275/1/1351 1269/1/1352 16/1/1351
f 1266/1/1350 1269/1/1350 1275/1/1350
f 1275/1/1350 1276/1/1350 1266/1/1350
f 1266/1/1349 1276/1/1349 1277/1/1349
f 1277/1/1349 1270/1/1348 1266/1/1349
f 1255/1/1347 1270/1/1347 1277/1/1347
f 1277/1/1347 1256/1/1347 1255/1/1347
f 1270/1/1708 1255/1/1703 1265/1/1702
f 1265/1/1702 1271/1/1709 1270/1/1708
f 1264/1/1700 1274/1/1715 1271/1/1714
f 1271/1/1714 1265/1/1701 1264/1/1700
f 1274/1/1716 1264/1/1343 1263/1/1716
f 1263/1/1716 1278/1/1717 1274/1/1716
f 1278/1/1718 1279/1/1342 1272/1/1718
f 1272/1/1718 1274/1/1719 1278/1/1718
f 1279/1/1340 1280/1/1340 1273/1/1340
f 1273/1/1340 1272/1/1340 1279/1/1340
f 18/1/1720 1273/1/1339 1280/1/1339
f 1280/1/1339 20/1/1339 18/1/1720
f 1273/1/1712 18/1/23 17/1/22
f 17/1/22 1268/1/1713 1273/1/1712
f 1268/1/1706 17/1/20 16/1/21
f 16/1/21 1269/1/1707 1268/1/1706
f 1281/1/1721 1282/1/1722 1283/1/1721
f 1283/1/1721 1284/1/1723 1281/1/1721
f 1285/1/1724 1286/1/1725 1282/1/1726
f 1282/1/1726 1281/1/1724 1285/1/1724
f 1282/1/1727 1287/1/1727 1288/1/1727
f 1288/1/1727 1283/1/1727 1282/1/1727
f 1289/1/1728 1287/1/1729 1282/1/1730
f 1282/1/1730 1286/1/1728 1289/1/1728
f 1290/1/1731 526/1/1731 548/1/1731
f 548/1/1731 1284/1/1731 1290/1/1731
f 1284/1/1732 548/1/1732 547/1/1732
f 547/1/1732 1281/1/1732 1284/1/1732
f 1285/1/1733 1281/1/1733 547/1/1733
f 547/1/1733 545/1/1733 1285/1/1733
f 1285/1/1734 545/1/1734 546/1/1734
f 546/1/1734 1291/1/1734 1285/1/1734
f 1285/1/1735 1291/1/1735 1292/1/1735
f 1292/1/1735 1286/1/1735 1285/1/1735
f 1293/1/1736 1289/1/1737 1286/1/1738
f 1286/1/1738 1292/1/1739 1293/1/1736
f 1289/1/1740 1293/1/1740 1163/1/1740
f 1163/1/1740 1162/1/1740 1289/1/1740
f 1289/1/1741 1162/1/1741 1161/1/1741
f 1161/1/1741 1287/1/1741 1289/1/1741
f 1161/1/1742 1160/1/1742 1288/1/1743
f 1288/1/1743 1287/1/1742 1161/1/1742
f 1160/1/1744 1143/1/1744 1294/1/1744
f 1294/1/1744 1288/1/1744 1160/1/1744
f 1283/1/1745 1288/1/1745 1294/1/1745
f 1294/1/1745 1295/1/1745 1283/1/1745
f 1283/1/1746 1295/1/1746 1290/1/1746
f 1290/1/1746 1284/1/1746 1283/1/1746
f 1296/1/1747 1297/1/1747 1298/1/1747
f 1298/1/1747 1299/1/1747 1296/1/1747
f 1300/1/1748 1301/1/1749 1297/1/1748
f 1297/1/1748 1296/1/1748 1300/1/1748
f 1297/1/1750 1302/1/1751 1303/1/1750
f 1303/1/1750 1298/1/1750 1297/1/1750
f 1301/1/1752 1304/1/1753 1302/1/1754
f 1302/1/1754 1297/1/1754 1301/1/1752
f 49/1/1755 660/1/1755 1299/1/1755
f 1299/1/1755 1305/1/1755 49/1/1755
f 665/1/1756 1296/1/1756 1299/1/1757
f 1299/1/1757 660/1/1756 665/1/1756
f 665/1/1758 664/1/1759 1300/1/1758
f 1300/1/1758 1296/1/1758 665/1/1758
f 664/1/1760 641/1/1761 1306/1/1762
f 1306/1/1762 1300/1/1760 664/1/1760
f 1300/1/1763 1306/1/1764 1307/1/1763
f 1307/1/1763 1301/1/1763 1300/1/1763
f 1308/1/1765 1304/1/1765 1301/1/1765
f 1301/1/1765 1307/1/1765 1308/1/1765
f 1304/1/1766 1308/1/1766 1256/1/1767
f 1256/1/1767 1277/1/1766 1304/1/1766
f 1304/1/1768 1277/1/1768 1276/1/1768
f 1276/1/1768 1302/1/1768 1304/1/1768
f 1302/1/1769 1276/1/1770 1275/1/1770
f 1275/1/1770 1303/1/1770 1302/1/1769
f 1275/1/1771 15/1/1772 1309/1/1773
f 1309/1/1773 1303/1/1774 1275/1/1771
f 1303/1/1775 1309/1/1775 1310/1/1775
f 1310/1/1775 1298/1/1775 1303/1/1775
f 1298/1/1776 1310/1/1777 1305/1/1776
f 1305/1/1776 1299/1/1776 1298/1/1776
f 1311/1/1778 1312/1/1778 1313/1/1778
f 1313/1/1778 1314/1/1779 1311/1/1778
f 1315/1/1780 1316/1/1780 1312/1/1780
f 1312/1/1780 1311/1/1780 1315/1/1780
f 1312/1/1781 1317/1/1782 1318/1/1782
f 1318/1/1782 1313/1/1781 1312/1/1781
f 1312/1/1783 1316/1/1783 1319/1/1783
f 1319/1/1783 1317/1/1783 1312/1/1783
f 1314/1/1784 1320/1/1785 141/1/1785
f 141/1/1785 140/1/1784 1314/1/1784
f 1314/1/1786 140/1/1786 150/1/1786
f 150/1/1786 1311/1/1786 1314/1/1786
f 1315/1/1787 1311/1/1787 150/1/1787
f 150/1/1787 149/1/1787 1315/1/1787
f 149/1/1788 121/1/1789 1321/1/1789
f 1321/1/1789 1315/1/1788 149/1/1788
f 1315/1/1790 1321/1/1790 1322/1/1791
f 1322/1/1791 1316/1/1790 1315/1/1790
f 1323/1/1792 1319/1/1793 1316/1/1794
f 1316/1/1794 1322/1/1795 1323/1/1792
f 736/1/1796 759/1/1797 1319/1/1798
f 1319/1/1798 1323/1/1798 736/1/1796
f 1319/1/1799 759/1/1799 758/1/1799
f 758/1/1799 1317/1/1799 1319/1/1799
f 758/1/1800 757/1/1800 1318/1/1801
f 1318/1/1801 1317/1/1801 758/1/1800
f 757/1/1802 756/1/1802 1324/1/1802
f 1324/1/1802 1318/1/1802 757/1/1802
f 1325/1/1803 1313/1/1803 1318/1/1803
f 1318/1/1803 1324/1/1803 1325/1/1803
f 1313/1/1804 1325/1/1804 1320/1/1805
f 1320/1/1805 1314/1/1804 1313/1/1804
f 1326/1/1806 1327/1/1807 1328/1/1808
f 1328/1/1808 1329/1/1807 1326/1/1806
f 1330/1/1809 1331/1/1809 1327/1/1810
f 1327/1/1810 1326/1/1809 1330/1/1809
f 1327/1/1811 1332/1/1812 1333/1/1812
f 1333/1/1812 1328/1/1813 1327/1/1811
f 1334/1/1814 1332/1/1815 1327/1/1814
f 1327/1/1814 1331/1/1814 1334/1/1814
f 1329/1/1816 1291/1/1817 546/1/1816
f 546/1/1816 568/1/1816 1329/1/1816
f 1329/1/1818 568/1/1819 567/1/1820
f 567/1/1820 1326/1/1818 1329/1/1818
f 1330/1/1821 1326/1/1821 567/1/1822
f 567/1/1822 565/1/1823 1330/1/1821
f 1335/1/1824 1330/1/1824 565/1/1824
f 565/1/1824 566/1/1824 1335/1/1824
f 1335/1/1825 1336/1/1825 1331/1/1825
f 1331/1/1825 1330/1/1825 1335/1/1825
f 1337/1/1826 1334/1/1826 1331/1/1826
f 1331/1/1826 1336/1/1826 1337/1/1826
f 1334/1/1827 1337/1/1827 1183/1/1827
f 1183/1/1827 1182/1/1827 1334/1/1827
f 1334/1/1828 1182/1/1828 1181/1/1828
f 1181/1/1828 1332/1/1828 1334/1/1828
f 1181/1/1829 1180/1/1829 1333/1/1829
f 1333/1/1829 1332/1/1829 1181/1/1829
f 1163/1/1830 1293/1/1831 1333/1/1830
f 1333/1/1830 1180/1/1830 1163/1/1830
f 1328/1/1832 1333/1/1832 1293/1/1832
f 1293/1/1832 1292/1/1832 1328/1/1832
f 1329/1/1833 1328/1/1834 1292/1/1833
f 1292/1/1833 1291/1/1833 1329/1/1833
f 1338/1/1835 1339/1/1835 1340/1/1835
f 1340/1/1835 1341/1/1835 1338/1/1835
f 1342/1/1836 1343/1/1836 1339/1/1837
f 1339/1/1837 1338/1/1836 1342/1/1836
f 1339/1/1838 1344/1/1838 1345/1/1838
f 1345/1/1838 1340/1/1838 1339/1/1838
f 1343/1/1839 1346/1/1839 1344/1/1840
f 1344/1/1840 1339/1/1839 1343/1/1839
f 1347/1/1841 45/1/1841 43/1/1841
f 43/1/1841 1341/1/1841 1347/1/1841
f 42/1/1842 1338/1/1842 1341/1/1842
f 1341/1/1842 43/1/1842 42/1/1842
f 41/1/1843 1342/1/1844 1338/1/1844
f 1338/1/1844 42/1/1844 41/1/1843
f 1348/1/1845 1342/1/1845 41/1/1845
f 41/1/1845 40/1/1845 1348/1/1845
f 1348/1/1846 1349/1/1846 1343/1/1846
f 1343/1/1846 1342/1/1846 1348/1/1846
f 1350/1/1847 1346/1/1848 1343/1/1848
f 1343/1/1848 1349/1/1849 1350/1/1847
f 1350/1/1850 23/1/1851 22/1/1852
f 22/1/1852 1346/1/1853 1350/1/1850
f 1344/1/1854 1346/1/1855 22/1/1856
f 22/1/1856 21/1/1857 1344/1/1854
f 1345/1/1858 1344/1/1858 21/1/1858
f 21/1/1858 19/1/1858 1345/1/1858
f 19/1/1859 20/1/1859 1351/1/1859
f 1351/1/1859 1345/1/1859 19/1/1859
f 1340/1/1860 1345/1/1860 1351/1/1861
f 1351/1/1861 1352/1/1860 1340/1/1860
f 1352/1/1862 1347/1/1863 1341/1/1863
f 1341/1/1863 1340/1/1864 1352/1/1862
f 1353/1/1865 1354/1/1866 1355/1/1865
f 1355/1/1865 1356/1/1867 1353/1/1865
f 1357/1/1868 1358/1/1869 1354/1/1868
f 1354/1/1868 1353/1/1868 1357/1/1868
f 1354/1/1870 1359/1/1870 1360/1/1870
f 1360/1/1870 1355/1/1870 1354/1/1870
f 1358/1/1871 1361/1/1871 1359/1/1871
f 1359/1/1871 1354/1/1871 1358/1/1871
f 1362/1/1872 161/1/1872 160/1/1872
f 160/1/1872 1356/1/1872 1362/1/1872
f 170/1/1873 1353/1/1873 1356/1/1873
f 1356/1/1873 160/1/1873 170/1/1873
f 170/1/1874 169/1/1874 1357/1/1874
f 1357/1/1874 1353/1/1874 170/1/1874
f 1320/1/1875 1357/1/1875 169/1/1875
f 169/1/1875 141/1/1875 1320/1/1875
f 1358/1/1876 1357/1/1876 1320/1/1876
f 1320/1/1876 1325/1/1876 1358/1/1876
f 1358/1/1877 1325/1/1877 1324/1/1877
f 1324/1/1877 1361/1/1877 1358/1/1877
f 756/1/1878 779/1/1878 1361/1/1878
f 1361/1/1878 1324/1/1878 756/1/1878
f 1361/1/1879 779/1/1879 778/1/1879
f 778/1/1879 1359/1/1879 1361/1/1879
f 1359/1/1880 778/1/1881 777/1/1882
f 777/1/1882 1360/1/1883 1359/1/1880
f 776/1/1884 1363/1/1884 1360/1/1884
f 1360/1/1884 777/1/1885 776/1/1884
f 1364/1/1886 1355/1/1887 1360/1/1886
f 1360/1/1886 1363/1/1886 1364/1/1886
f 1364/1/1888 1362/1/1888 1356/1/1889
f 1356/1/1889 1355/1/1889 1364/1/1888
f 1365/1/1890 1366/1/1891 1367/1/1891
f 1367/1/1891 1368/1/1890 1365/1/1890
f 1369/1/1892 1370/1/1893 1366/1/1893
f 1366/1/1893 1365/1/1893 1369/1/1892
f 1366/1/1894 1371/1/1894 1372/1/1895
f 1372/1/1895 1367/1/1894 1366/1/1894
f 1373/1/1896 1371/1/1897 1366/1/1897
f 1366/1/1897 1370/1/1898 1373/1/1896
f 1335/1/1899 566/1/1900 588/1/1900
f 588/1/1900 1368/1/1900 1335/1/1899
f 1368/1/1901 588/1/1901 587/1/1901
f 587/1/1901 1365/1/1901 1368/1/1901
f 1369/1/1902 1365/1/1902 587/1/1902
f 587/1/1902 585/1/1902 1369/1/1902
f 1374/1/1903 1369/1/1903 585/1/1903
f 585/1/1903 586/1/1903 1374/1/1903
f 1374/1/1904 1375/1/1905 1370/1/1906
f 1370/1/1906 1369/1/1906 1374/1/1904
f 1375/1/1907 1376/1/1907 1373/1/1907
f 1373/1/1907 1370/1/1907 1375/1/1907
f 1373/1/1908 1376/1/1909 1203/1/1910
f 1203/1/1910 1202/1/1910 1373/1/1908
f 1373/1/1911 1202/1/1912 1201/1/1913
f 1201/1/1913 1371/1/1912 1373/1/1911
f 1201/1/1914 1200/1/1914 1372/1/1915
f 1372/1/1915 1371/1/1914 1201/1/1914
f 1200/1/1916 1183/1/1917 1337/1/1918
f 1337/1/1918 1372/1/1916 1200/1/1916
f 1337/1/1919 1336/1/1919 1367/1/1919
f 1367/1/1919 1372/1/1919 1337/1/1919
f 1335/1/1920 1368/1/1920 1367/1/1920
f 1367/1/1920 1336/1/1920 1335/1/1920
f 1377/1/1921 1378/1/1922 1379/1/1922
f 1379/1/1922 1380/1/1922 1377/1/1921
f 1381/1/1923 1382/1/1924 1378/1/1924
f 1378/1/1924 1377/1/1924 1381/1/1923
f 1378/1/1925 1383/1/1925 1384/1/1925
f 1384/1/1925 1379/1/1925 1378/1/1925
f 1382/1/1926 1385/1/1927 1383/1/1928
f 1383/1/1928 1378/1/1929 1382/1/1926
f 1348/1/1930 40/1/1930 68/1/1930
f 68/1/1930 1380/1/1930 1348/1/1930
f 67/1/1931 1377/1/1932 1380/1/1931
f 1380/1/1931 68/1/1931 67/1/1931
f 66/1/1933 1381/1/1934 1377/1/1934
f 1377/1/1934 67/1/1935 66/1/1933
f 66/1/1936 65/1/1936 1386/1/1937
f 1386/1/1937 1381/1/1938 66/1/1936
f 1386/1/1939 1387/1/1939 1382/1/1939
f 1382/1/1939 1381/1/1939 1386/1/1939
f 1388/1/1940 1385/1/1941 1382/1/1941
f 1382/1/1941 1387/1/1941 1388/1/1940
f 1385/1/1942 1388/1/1943 683/1/1943
f 683/1/1943 682/1/1943 1385/1/1942
f 1383/1/1944 1385/1/1944 682/1/1944
f 682/1/1944 681/1/1945 1383/1/1944
f 1384/1/1946 1383/1/1946 681/1/1946
f 681/1/1946 680/1/1946 1384/1/1946
f 680/1/1947 23/1/1947 1350/1/1947
f 1350/1/1947 1384/1/1947 680/1/1947
f 1349/1/1948 1379/1/1948 1384/1/1948
f 1384/1/1948 1350/1/1948 1349/1/1948
f 1380/1/1949 1379/1/1949 1349/1/1950
f 1349/1/1950 1348/1/1949 1380/1/1949
f 1389/1/1951 1390/1/1951 1391/1/1951
f 1391/1/1951 1392/1/1951 1389/1/1951
f 1393/1/1952 1394/1/1952 1390/1/1952
f 1390/1/1952 1389/1/1952 1393/1/1952
f 1390/1/1953 1395/1/1954 1396/1/1954
f 1396/1/1954 1391/1/1954 1390/1/1953
f 1394/1/1955 1397/1/1955 1395/1/1955
f 1395/1/1955 1390/1/1955 1394/1/1955
f 1392/1/1956 1398/1/1956 181/1/1956
f 181/1/1956 180/1/1957 1392/1/1956
f 190/1/1958 1389/1/1958 1392/1/1958
f 1392/1/1958 180/1/1959 190/1/1958
f 190/1/1960 189/1/1961 1393/1/1961
f 1393/1/1961 1389/1/1961 190/1/1960
f 161/1/1962 1362/1/1963 1393/1/1962
f 1393/1/1962 189/1/1964 161/1/1962
f 1362/1/1965 1364/1/1965 1394/1/1965
f 1394/1/1965 1393/1/1965 1362/1/1965
f 1397/1/1966 1394/1/1967 1364/1/1966
f 1364/1/1966 1363/1/1966 1397/1/1966
f 1397/1/1968 1363/1/1968 776/1/1968
f 776/1/1968 799/1/1969 1397/1/1968
f 1397/1/1970 799/1/1970 798/1/1970
f 798/1/1970 1395/1/1971 1397/1/1970
f 1395/1/1972 798/1/1973 797/1/1972
f 797/1/1972 1396/1/1972 1395/1/1972
f 797/1/1974 796/1/1975 1399/1/1975
f 1399/1/1975 1396/1/1975 797/1/1974
f 1391/1/1976 1396/1/1976 1399/1/1976
f 1399/1/1976 1400/1/1977 1391/1/1976
f 1400/1/1978 1398/1/1978 1392/1/1979
f 1392/1/1979 1391/1/1978 1400/1/1978
f 1401/1/1980 1402/1/1980 1403/1/1980
f 1403/1/1980 1404/1/1980 1401/1/1980
f 1405/1/1981 1406/1/1981 1402/1/1981
f 1402/1/1981 1401/1/1981 1405/1/1981
f 1402/1/1982 1407/1/1982 1408/1/1982
f 1408/1/1982 1403/1/1982 1402/1/1982
f 1409/1/1983 1407/1/1983 1402/1/1983
f 1402/1/1983 1406/1/1983 1409/1/1983
f 1374/1/1984 586/1/1985 608/1/1984
f 608/1/1984 1404/1/1986 1374/1/1984
f 1404/1/1987 608/1/1987 607/1/1988
f 607/1/1988 1401/1/1989 1404/1/1987
f 1405/1/1990 1401/1/1990 607/1/1991
f 607/1/1991 605/1/1990 1405/1/1990
f 1410/1/1992 1405/1/1993 605/1/1993
f 605/1/1993 606/1/1993 1410/1/1992
f 1410/1/1994 1411/1/1995 1406/1/1994
f 1406/1/1994 1405/1/1994 1410/1/1994
f 1409/1/1996 1406/1/1997 1411/1/1998
f 1411/1/1998 1412/1/1998 1409/1/1996
f 1409/1/1999 1412/1/2000 1223/1/1999
f 1223/1/1999 1222/1/1999 1409/1/1999
f 1409/1/2001 1222/1/2001 1221/1/2001
f 1221/1/2001 1407/1/2001 1409/1/2001
f 1221/1/2002 1220/1/2002 1408/1/2003
f 1408/1/2003 1407/1/2002 1221/1/2002
f 1203/1/2004 1376/1/2004 1408/1/2004
f 1408/1/2004 1220/1/2004 1203/1/2004
f 1375/1/2005 1403/1/2005 1408/1/2005
f 1408/1/2005 1376/1/2005 1375/1/2005
f 1404/1/2006 1403/1/2006 1375/1/2006
f 1375/1/2006 1374/1/2006 1404/1/2006
f 1413/1/2007 1414/1/2007 1415/1/2007
f 1415/1/2007 1416/1/2007 1413/1/2007
f 1417/1/2008 1418/1/2008 1414/1/2008
f 1414/1/2008 1413/1/2008 1417/1/2008
f 1414/1/2009 1419/1/2009 1420/1/2009
f 1420/1/2009 1415/1/2009 1414/1/2009
f 1418/1/2010 1421/1/2011 1419/1/2011
f 1419/1/2011 1414/1/2011 1418/1/2010
f 1386/1/2012 65/1/2012 88/1/2013
f 88/1/2013 1416/1/2012 1386/1/2012
f 1416/1/2014 88/1/2014 87/1/2014
f 87/1/2014 1413/1/2014 1416/1/2014
f 86/1/2015 1417/1/2016 1413/1/2015
f 1413/1/2015 87/1/2015 86/1/2015
f 86/1/2017 85/1/2018 1422/1/2018
f 1422/1/2018 1417/1/2018 86/1/2017
f 1422/1/2019 1423/1/2019 1418/1/2019
f 1418/1/2019 1417/1/2020 1422/1/2019
f 1421/1/2021 1418/1/2021 1423/1/2021
f 1423/1/2021 1424/1/2021 1421/1/2021
f 1421/1/2022 1424/1/2023 703/1/2023
f 703/1/2023 702/1/2024 1421/1/2022
f 1419/1/2025 1421/1/2025 702/1/2025
f 702/1/2025 701/1/2025 1419/1/2025
f 701/1/2026 700/1/2026 1420/1/2027
f 1420/1/2027 1419/1/2026 701/1/2026
f 700/1/2028 683/1/2028 1388/1/2028
f 1388/1/2028 1420/1/2028 700/1/2028
f 1387/1/2029 1415/1/2030 1420/1/2030
f 1420/1/2030 1388/1/2030 1387/1/2029
f 1415/1/2031 1387/1/2031 1386/1/2031
f 1386/1/2031 1416/1/2032 1415/1/2031
f 1425/1/2033 1426/1/2033 1427/1/2033
f 1427/1/2033 1428/1/2034 1425/1/2033
f 1429/1/2035 1430/1/2035 1426/1/2035
f 1426/1/2035 1425/1/2035 1429/1/2035
f 1426/1/2036 1431/1/2036 1432/1/2036
f 1432/1/2036 1427/1/2036 1426/1/2036
f 1430/1/2037 1433/1/2037 1431/1/2038
f 1431/1/2038 1426/1/2037 1430/1/2037
f 201/1/2039 200/1/2039 1428/1/2039
f 1428/1/2039 1434/1/2040 201/1/2039
f 210/1/2041 1425/1/2041 1428/1/2041
f 1428/1/2041 200/1/2041 210/1/2041
f 210/1/2042 209/1/2043 1429/1/2042
f 1429/1/2042 1425/1/2042 210/1/2042
f 1429/1/2044 209/1/2044 181/1/2044
f 181/1/2044 1398/1/2044 1429/1/2044
f 1430/1/2045 1429/1/2045 1398/1/2045
f 1398/1/2045 1400/1/2045 1430/1/2045
f 1399/1/2046 1433/1/2046 1430/1/2046
f 1430/1/2046 1400/1/2046 1399/1/2046
f 819/1/2047 1433/1/2047 1399/1/2047
f 1399/1/2047 796/1/2047 819/1/2047
f 1433/1/2048 819/1/2049 818/1/2049
f 818/1/2049 1431/1/2048 1433/1/2048
f 1431/1/2050 818/1/2050 817/1/2050
f 817/1/2050 1432/1/2050 1431/1/2050
f 817/1/2051 816/1/2051 1435/1/2051
f 1435/1/2051 1432/1/2052 817/1/2051
f 1427/1/2053 1432/1/2054 1435/1/2055
f 1435/1/2055 1436/1/2056 1427/1/2053
f 1436/1/2057 1434/1/2057 1428/1/2057
f 1428/1/2057 1427/1/2057 1436/1/2057
f 1437/1/2058 1438/1/2058 1439/1/2059
f 1439/1/2059 1440/1/2060 1437/1/2058
f 1441/1/2061 1442/1/2061 1438/1/2061
f 1438/1/2061 1437/1/2061 1441/1/2061
f 1438/1/2062 1443/1/2063 1444/1/2062
f 1444/1/2062 1439/1/2064 1438/1/2062
f 1445/1/2065 1443/1/2065 1438/1/2065
f 1438/1/2065 1442/1/2065 1445/1/2065
f 1410/1/2066 606/1/2067 628/1/2067
f 628/1/2067 1440/1/2067 1410/1/2066
f 1440/1/2068 628/1/2068 627/1/2068
f 627/1/2068 1437/1/2068 1440/1/2068
f 1441/1/2069 1437/1/2069 627/1/2069
f 627/1/2069 625/1/2070 1441/1/2069
f 1446/1/2071 1441/1/2071 625/1/2071
f 625/1/2071 626/1/2072 1446/1/2071
f 1446/1/2073 1447/1/2073 1442/1/2073
f 1442/1/2073 1441/1/2073 1446/1/2073
f 1445/1/2074 1442/1/2074 1447/1/2075
f 1447/1/2075 1448/1/2074 1445/1/2074
f 1445/1/2076 1448/1/2077 1243/1/2078
f 1243/1/2078 1242/1/2076 1445/1/2076
f 1445/1/2079 1242/1/2080 1241/1/2079
f 1241/1/2079 1443/1/2079 1445/1/2079
f 1241/1/2081 1240/1/2081 1444/1/2081
f 1444/1/2081 1443/1/2081 1241/1/2081
f 1240/1/2082 1223/1/2082 1412/1/2083
f 1412/1/2083 1444/1/2084 1240/1/2082
f 1439/1/2085 1444/1/2085 1412/1/2085
f 1412/1/2085 1411/1/2085 1439/1/2085
f 1440/1/2086 1439/1/2087 1411/1/2088
f 1411/1/2088 1410/1/2087 1440/1/2086
f 1449/1/2089 1450/1/2089 1451/1/2089
f 1451/1/2089 1452/1/2089 1449/1/2089
f 1453/1/2090 1454/1/2090 1450/1/2090
f 1450/1/2090 1449/1/2090 1453/1/2090
f 1450/1/2091 1455/1/2091 1456/1/2091
f 1456/1/2091 1451/1/2091 1450/1/2091
f 1454/1/2092 1457/1/2092 1455/1/2092
f 1455/1/2092 1450/1/2092 1454/1/2092
f 1452/1/2093 1422/1/2094 85/1/2093
f 85/1/2093 108/1/2093 1452/1/2093
f 107/1/2095 1449/1/2096 1452/1/2096
f 1452/1/2096 108/1/2096 107/1/2095
f 105/1/2097 1453/1/2098 1449/1/2098
f 1449/1/2098 107/1/2098 105/1/2097
f 1458/1/2099 1453/1/2099 105/1/2099
f 105/1/2099 106/1/2099 1458/1/2099
f 1458/1/2100 1459/1/2101 1454/1/2101
f 1454/1/2101 1453/1/2101 1458/1/2100
f 1457/1/2102 1454/1/2102 1459/1/2102
f 1459/1/2102 1460/1/2102 1457/1/2102
f 1457/1/2103 1460/1/2104 723/1/2103
f 723/1/2103 722/1/2103 1457/1/2103
f 1455/1/2105 1457/1/2106 722/1/2105
f 722/1/2105 721/1/2105 1455/1/2105
f 1456/1/2107 1455/1/2107 721/1/2108
f 721/1/2108 720/1/2107 1456/1/2107
f 720/1/2109 703/1/2109 1424/1/2110
f 1424/1/2110 1456/1/2111 720/1/2109
f 1423/1/2112 1451/1/2113 1456/1/2114
f 1456/1/2114 1424/1/2115 1423/1/2112
f 1452/1/2116 1451/1/2117 1423/1/2117
f 1423/1/2117 1422/1/2116 1452/1/2116
f 1461/1/1724 1462/1/1725 1463/1/1724
f 1463/1/1724 1464/1/2118 1461/1/1724
f 1465/1/1723 1466/1/1723 1462/1/1723
f 1462/1/1723 1461/1/1723 1465/1/1723
f 1462/1/1728 1467/1/1728 1468/1/1728
f 1468/1/1728 1463/1/1728 1462/1/1728
f 1466/1/2119 1469/1/1727 1467/1/1727
f 1467/1/1727 1462/1/1727 1466/1/2119
f 1464/1/1734 1470/1/1734 221/1/1734
f 221/1/1734 220/1/1734 1464/1/1734
f 230/1/1733 1461/1/1733 1464/1/1733
f 1464/1/1733 220/1/1733 230/1/1733
f 230/1/1732 229/1/1732 1465/1/1732
f 1465/1/1732 1461/1/1732 230/1/1732
f 1434/1/1731 1465/1/1731 229/1/2120
f 229/1/2120 201/1/1731 1434/1/1731
f 1466/1/1746 1465/1/1746 1434/1/1746
f 1434/1/1746 1436/1/1746 1466/1/1746
f 1435/1/1745 1469/1/1745 1466/1/1745
f 1466/1/1745 1436/1/1745 1435/1/1745
f 839/1/1744 1469/1/1744 1435/1/1744
f 1435/1/1744 816/1/1744 839/1/1744
f 1469/1/2121 839/1/2122 838/1/2123
f 838/1/2123 1467/1/2124 1469/1/2121
f 1467/1/1741 838/1/2125 837/1/1741
f 837/1/1741 1468/1/1741 1467/1/1741
f 837/1/1740 836/1/1740 1471/1/1740
f 1471/1/1740 1468/1/1740 837/1/1740
f 1463/1/1737 1468/1/1737 1471/1/1737
f 1471/1/1737 1472/1/1737 1463/1/1737
f 1472/1/1735 1470/1/1735 1464/1/1735
f 1464/1/1735 1463/1/1735 1472/1/1735
f 1473/1/2126 1474/1/2127 1475/1/2127
f 1475/1/2127 1476/1/2128 1473/1/2126
f 1477/1/2129 1478/1/2129 1474/1/2130
f 1474/1/2130 1473/1/2129 1477/1/2129
f 1474/1/2131 1479/1/2132 1480/1/2132
f 1480/1/2132 1475/1/2132 1474/1/2131
f 1481/1/2133 1479/1/2133 1474/1/2133
f 1474/1/2133 1478/1/2133 1481/1/2133
f 1446/1/2134 626/1/2135 648/1/2135
f 648/1/2135 1476/1/2135 1446/1/2134
f 1476/1/2136 648/1/2137 647/1/2137
f 647/1/2137 1473/1/2137 1476/1/2136
f 1477/1/2138 1473/1/2138 647/1/2138
f 647/1/2138 645/1/2138 1477/1/2138
f 1482/1/2139 1477/1/2139 645/1/2139
f 645/1/2139 646/1/2139 1482/1/2139
f 1482/1/2140 1483/1/2140 1478/1/2140
f 1478/1/2140 1477/1/2140 1482/1/2140
f 1481/1/2141 1478/1/2141 1483/1/2141
f 1483/1/2141 1484/1/2141 1481/1/2141
f 1481/1/2142 1484/1/2143 1263/1/2142
f 1263/1/2142 1262/1/2142 1481/1/2142
f 1481/1/2144 1262/1/2144 1261/1/2144
f 1261/1/2144 1479/1/2144 1481/1/2144
f 1261/1/2145 1260/1/2145 1480/1/2145
f 1480/1/2145 1479/1/2145 1261/1/2145
f 1260/1/2146 1243/1/2147 1448/1/2148
f 1448/1/2148 1480/1/2149 1260/1/2146
f 1475/1/2150 1480/1/2151 1448/1/2152
f 1448/1/2152 1447/1/2153 1475/1/2150
f 1476/1/2154 1475/1/2155 1447/1/2156
f 1447/1/2156 1446/1/2156 1476/1/2154
f 1485/1/2157 1486/1/2157 1487/1/2158
f 1487/1/2158 1488/1/2158 1485/1/2157
f 1489/1/2159 1490/1/2159 1486/1/2159
f 1486/1/2159 1485/1/2159 1489/1/2159
f 1486/1/2160 1491/1/2161 1492/1/2160
f 1492/1/2160 1487/1/2162 1486/1/2160
f 1490/1/2163 1493/1/2163 1491/1/2163
f 1491/1/2163 1486/1/2163 1490/1/2163
f 1458/1/2164 106/1/2164 128/1/2164
f 128/1/2164 1488/1/2164 1458/1/2164
f 127/1/2165 1485/1/2165 1488/1/2165
f 1488/1/2165 128/1/2165 127/1/2165
f 126/1/2166 1489/1/2166 1485/1/2167
f 1485/1/2167 127/1/2166 126/1/2166
f 1494/1/2168 1489/1/2168 126/1/2168
f 126/1/2168 125/1/2168 1494/1/2168
f 1494/1/2169 1495/1/2169 1490/1/2169
f 1490/1/2169 1489/1/2169 1494/1/2169
f 1493/1/2170 1490/1/2171 1495/1/2171
f 1495/1/2171 1496/1/2171 1493/1/2170
f 1493/1/2172 1496/1/2173 743/1/2173
f 743/1/2173 742/1/2173 1493/1/2172
f 1491/1/2174 1493/1/2174 742/1/2174
f 742/1/2174 741/1/2174 1491/1/2174
f 1492/1/2175 1491/1/2175 741/1/2176
f 741/1/2176 740/1/2175 1492/1/2175
f 740/1/2177 723/1/2177 1460/1/2177
f 1460/1/2177 1492/1/2177 740/1/2177
f 1459/1/2178 1487/1/2179 1492/1/2179
f 1492/1/2179 1460/1/2180 1459/1/2178
f 1488/1/2181 1487/1/2182 1459/1/2183
f 1459/1/2183 1458/1/2184 1488/1/2181
f 1497/1/2185 1498/1/2186 1499/1/2187
f 1499/1/2187 1500/1/2188 1497/1/2185
f 1501/1/2189 1502/1/2189 1498/1/2190
f 1498/1/2190 1497/1/2190 1501/1/2189
f 1498/1/1814 1503/1/1814 1504/1/2191
f 1504/1/2191 1499/1/2191 1498/1/1814
f 1502/1/1813 1505/1/2192 1503/1/1813
f 1503/1/1813 1498/1/2192 1502/1/1813
f 1500/1/1824 1506/1/1824 241/1/1824
f 241/1/1824 240/1/1824 1500/1/1824
f 250/1/1821 1497/1/1821 1500/1/1821
f 1500/1/1821 240/1/1821 250/1/1821
f 250/1/1819 249/1/1819 1501/1/1819
f 1501/1/1819 1497/1/1819 250/1/1819
f 1470/1/1817 1501/1/2193 249/1/2193
f 249/1/2193 221/1/2193 1470/1/1817
f 1502/1/1833 1501/1/1833 1470/1/1833
f 1470/1/1833 1472/1/1833 1502/1/1833
f 1471/1/1832 1505/1/1832 1502/1/1832
f 1502/1/1832 1472/1/1832 1471/1/1832
f 859/1/1831 1505/1/1831 1471/1/1831
f 1471/1/1831 836/1/1831 859/1/1831
f 1505/1/2194 859/1/2194 858/1/1829
f 858/1/1829 1503/1/1829 1505/1/2194
f 1503/1/1828 858/1/1828 857/1/1828
f 857/1/1828 1504/1/1828 1503/1/1828
f 857/1/2195 856/1/2196 1507/1/2196
f 1507/1/2196 1504/1/2196 857/1/2195
f 1499/1/1826 1504/1/2197 1507/1/1826
f 1507/1/1826 1508/1/2198 1499/1/1826
f 1508/1/1825 1506/1/1825 1500/1/1825
f 1500/1/1825 1499/1/1825 1508/1/1825
f 1509/1/2199 1510/1/2200 1511/1/2199
f 1511/1/2199 1512/1/2201 1509/1/2199
f 1513/1/2202 1514/1/2202 1510/1/2203
f 1510/1/2203 1509/1/2202 1513/1/2202
f 1510/1/2204 1515/1/2205 1516/1/2206
f 1516/1/2206 1511/1/2207 1510/1/2204
f 1517/1/2208 1515/1/2208 1510/1/2208
f 1510/1/2208 1514/1/2208 1517/1/2208
f 1482/1/2209 646/1/2209 663/1/2209
f 663/1/2209 1512/1/2209 1482/1/2209
f 1512/1/2210 663/1/2210 662/1/2210
f 662/1/2210 1509/1/2211 1512/1/2210
f 1513/1/2212 1509/1/2213 662/1/2214
f 662/1/2214 661/1/2212 1513/1/2212
f 1347/1/2215 1513/1/2216 661/1/2216
f 661/1/2216 45/1/2217 1347/1/2215
f 1352/1/2218 1514/1/2219 1513/1/2219
f 1513/1/2219 1347/1/2219 1352/1/2218
f 1351/1/2220 1517/1/2220 1514/1/2220
f 1514/1/2220 1352/1/2220 1351/1/2220
f 1517/1/2221 1351/1/2221 20/1/2221
f 20/1/2221 1280/1/2222 1517/1/2221
f 1517/1/2223 1280/1/2223 1279/1/2223
f 1279/1/2223 1515/1/2223 1517/1/2223
f 1279/1/2224 1278/1/2224 1516/1/2225
f 1516/1/2225 1515/1/2224 1279/1/2224
f 1278/1/2226 1263/1/2227 1484/1/2228
f 1484/1/2228 1516/1/2226 1278/1/2226
f 1511/1/2229 1516/1/2229 1484/1/2230
f 1484/1/2230 1483/1/2229 1511/1/2229
f 1512/1/2231 1511/1/2232 1483/1/2233
f 1483/1/2233 1482/1/2231 1512/1/2231
f 1518/1/2234 1519/1/2235 1520/1/2234
f 1520/1/2234 1521/1/2236 1518/1/2234
f 1522/1/2237 1523/1/2238 1519/1/2237
f 1519/1/2237 1518/1/2238 1522/1/2237
f 1519/1/2239 1524/1/2239 1525/1/2239
f 1525/1/2239 1520/1/2239 1519/1/2239
f 1523/1/2240 1526/1/2240 1524/1/2241
f 1524/1/2241 1519/1/2240 1523/1/2240
f 1494/1/2242 125/1/2243 148/1/2243
f 148/1/2243 1521/1/2242 1494/1/2242
f 147/1/2244 1518/1/2245 1521/1/2245
f 1521/1/2245 148/1/2245 147/1/2244
f 146/1/2246 1522/1/2247 1518/1/2248
f 1518/1/2248 147/1/2246 146/1/2246
f 146/1/2249 145/1/2249 1527/1/2249
f 1527/1/2249 1522/1/2249 146/1/2249
f 1527/1/2250 1528/1/2250 1523/1/2250
f 1523/1/2250 1522/1/2250 1527/1/2250
f 1523/1/2251 1528/1/2251 1529/1/2251
f 1529/1/2251 1526/1/2251 1523/1/2251
f 763/1/2252 762/1/2252 1526/1/2252
f 1526/1/2252 1529/1/2252 763/1/2252
f 1524/1/2253 1526/1/2253 762/1/2253
f 762/1/2253 761/1/2253 1524/1/2253
f 1525/1/2254 1524/1/2254 761/1/2255
f 761/1/2255 760/1/2255 1525/1/2254
f 760/1/2256 743/1/2256 1496/1/2256
f 1496/1/2256 1525/1/2256 760/1/2256
f 1495/1/2257 1520/1/2258 1525/1/2259
f 1525/1/2259 1496/1/2258 1495/1/2257
f 1521/1/2260 1520/1/2261 1495/1/2261
f 1495/1/2261 1494/1/2260 1521/1/2260
f 1530/1/2262 1531/1/2263 1532/1/2263
f 1532/1/2263 1533/1/2264 1530/1/2262
f 1534/1/2265 1535/1/1891 1531/1/1891
f 1531/1/1891 1530/1/1891 1534/1/2265
f 1531/1/1897 1536/1/1897 1537/1/1898
f 1537/1/1898 1532/1/1898 1531/1/1897
f 1535/1/1894 1538/1/1894 1536/1/1894
f 1536/1/1894 1531/1/1894 1535/1/1894
f 1533/1/2266 1539/1/2267 261/1/1903
f 261/1/1903 260/1/1903 1533/1/2266
f 270/1/1902 1530/1/1902 1533/1/2268
f 1533/1/2268 260/1/2269 270/1/1902
f 270/1/1901 269/1/1901 1534/1/1901
f 1534/1/1901 1530/1/1901 270/1/1901
f 1506/1/1900 1534/1/1900 269/1/1900
f 269/1/1900 241/1/1900 1506/1/1900
f 1535/1/2270 1534/1/1920 1506/1/2271
f 1506/1/2271 1508/1/1920 1535/1/2270
f 1507/1/2272 1538/1/2273 1535/1/2273
f 1535/1/2273 1508/1/2274 1507/1/2272
f 879/1/1916 1538/1/1916 1507/1/1918
f 1507/1/1918 856/1/1916 879/1/1916
f 1538/1/1914 879/1/1914 878/1/1914
f 878/1/1914 1536/1/1914 1538/1/1914
f 1536/1/1912 878/1/1912 877/1/1912
f 877/1/1912 1537/1/1912 1536/1/1912
f 1537/1/1909 877/1/1909 876/1/1909
f 876/1/1909 1540/1/1909 1537/1/1909
f 1537/1/1907 1540/1/2275 1541/1/1907
f 1541/1/1907 1532/1/1907 1537/1/1907
f 1532/1/1906 1541/1/1906 1539/1/1906
f 1539/1/1906 1533/1/1906 1532/1/1906
f 1542/1/2276 1543/1/2276 1544/1/2276
f 1544/1/2276 1545/1/2276 1542/1/2276
f 1546/1/2277 1547/1/2277 1543/1/2278
f 1543/1/2278 1542/1/2278 1546/1/2277
f 1543/1/2279 1548/1/2279 1549/1/2279
f 1549/1/2279 1544/1/2279 1543/1/2279
f 1550/1/2280 1548/1/2280 1543/1/2280
f 1543/1/2280 1547/1/2280 1550/1/2280
f 1527/1/2281 145/1/2281 168/1/2281
f 168/1/2281 1545/1/2281 1527/1/2281
f 1545/1/2282 168/1/2282 167/1/2283
f 167/1/2283 1542/1/2283 1545/1/2282
f 1546/1/2284 1542/1/2284 167/1/2284
f 167/1/2284 166/1/2284 1546/1/2284
f 1551/1/2285 1546/1/2285 166/1/2285
f 166/1/2285 165/1/2285 1551/1/2285
f 1551/1/2286 1552/1/2286 1547/1/2286
f 1547/1/2286 1546/1/2286 1551/1/2286
f 1550/1/2287 1547/1/2287 1552/1/2287
f 1552/1/2287 1553/1/2288 1550/1/2287
f 783/1/2289 782/1/2289 1550/1/2289
f 1550/1/2289 1553/1/2289 783/1/2289
f 1550/1/2290 782/1/2290 781/1/2290
f 781/1/2290 1548/1/2290 1550/1/2290
f 781/1/2291 780/1/2291 1549/1/2291
f 1549/1/2291 1548/1/2291 781/1/2291
f 780/1/2292 763/1/2293 1529/1/2293
f 1529/1/2293 1549/1/2293 780/1/2292
f 1544/1/2294 1549/1/2294 1529/1/2294
f 1529/1/2294 1528/1/2294 1544/1/2294
f 1545/1/2295 1544/1/2295 1528/1/2295
f 1528/1/2295 1527/1/2296 1545/1/2295
f 1554/1/1981 1555/1/1981 1556/1/1981
f 1556/1/1981 1557/1/1981 1554/1/1981
f 1558/1/1980 1559/1/1980 1555/1/1980
f 1555/1/1980 1554/1/1980 1558/1/1980
f 1555/1/2297 1560/1/1983 1561/1/1983
f 1561/1/1983 1556/1/1983 1555/1/2297
f 1559/1/1982 1562/1/1982 1560/1/1982
f 1560/1/1982 1555/1/1982 1559/1/1982
f 1557/1/1993 1563/1/1993 281/1/1993
f 281/1/1993 280/1/1993 1557/1/1993
f 290/1/1990 1554/1/1990 1557/1/1990
f 1557/1/1990 280/1/1990 290/1/1990
f 290/1/2298 289/1/2299 1558/1/2298
f 1558/1/2298 1554/1/2300 290/1/2298
f 289/1/2301 261/1/2302 1539/1/2302
f 1539/1/2302 1558/1/2301 289/1/2301
f 1559/1/2006 1558/1/2006 1539/1/2006
f 1539/1/2006 1541/1/2006 1559/1/2006
f 1540/1/2005 1562/1/2005 1559/1/2005
f 1559/1/2005 1541/1/2005 1540/1/2005
f 1540/1/2303 876/1/2004 899/1/2304
f 899/1/2304 1562/1/2004 1540/1/2303
f 1562/1/2002 899/1/2002 898/1/2003
f 898/1/2003 1560/1/2002 1562/1/2002
f 1560/1/2305 898/1/2306 897/1/2307
f 897/1/2307 1561/1/2001 1560/1/2305
f 1561/1/2308 897/1/2000 896/1/2000
f 896/1/2000 1564/1/2000 1561/1/2308
f 1565/1/1998 1556/1/1998 1561/1/1998
f 1561/1/1998 1564/1/1998 1565/1/1998
f 1556/1/2309 1565/1/1994 1563/1/1994
f 1563/1/1994 1557/1/2309 1556/1/2309
f 1566/1/2310 1567/1/2310 1568/1/2311
f 1568/1/2311 1569/1/2310 1566/1/2310
f 1570/1/2312 1571/1/2313 1567/1/2313
f 1567/1/2313 1566/1/2313 1570/1/2312
f 1567/1/2314 1572/1/2315 1573/1/2315
f 1573/1/2315 1568/1/2315 1567/1/2314
f 1574/1/2316 1572/1/2316 1567/1/2316
f 1567/1/2316 1571/1/2316 1574/1/2316
f 1551/1/2317 165/1/2318 188/1/2318
f 188/1/2318 1569/1/2319 1551/1/2317
f 1569/1/2320 188/1/2321 187/1/2321
f 187/1/2321 1566/1/2322 1569/1/2320
f 1570/1/2323 1566/1/2323 187/1/2324
f 187/1/2324 185/1/2323 1570/1/2323
f 1570/1/2325 185/1/2325 186/1/2325
f 186/1/2325 1575/1/2325 1570/1/2325
f 1575/1/2326 1576/1/2326 1571/1/2326
f 1571/1/2326 1570/1/2326 1575/1/2326
f 1574/1/2327 1571/1/2327 1576/1/2327
f 1576/1/2327 1577/1/2327 1574/1/2327
f 803/1/2328 802/1/2328 1574/1/2328
f 1574/1/2328 1577/1/2329 803/1/2328
f 1574/1/2330 802/1/2331 801/1/2332
f 801/1/2332 1572/1/2330 1574/1/2330
f 801/1/2333 800/1/2333 1573/1/2333
f 1573/1/2333 1572/1/2333 801/1/2333
f 800/1/2334 783/1/2334 1553/1/2334
f 1553/1/2334 1573/1/2334 800/1/2334
f 1552/1/2335 1568/1/2335 1573/1/2336
f 1573/1/2336 1553/1/2336 1552/1/2335
f 1568/1/2337 1552/1/2338 1551/1/2339
f 1551/1/2339 1569/1/2340 1568/1/2337
f 1578/1/2061 1579/1/2061 1580/1/2061
f 1580/1/2061 1581/1/2061 1578/1/2061
f 1582/1/2058 1583/1/2058 1579/1/2058
f 1579/1/2058 1578/1/2059 1582/1/2058
f 1579/1/2065 1584/1/2065 1585/1/2065
f 1585/1/2065 1580/1/2065 1579/1/2065
f 1583/1/2063 1586/1/2063 1584/1/2063
f 1584/1/2063 1579/1/2063 1583/1/2063
f 1581/1/2341 1587/1/2071 301/1/2341
f 301/1/2341 300/1/2342 1581/1/2341
f 310/1/2070 1578/1/2069 1581/1/2070
f 1581/1/2070 300/1/2343 310/1/2070
f 310/1/2344 309/1/2345 1582/1/2345
f 1582/1/2345 1578/1/2068 310/1/2344
f 309/1/2067 281/1/2067 1563/1/2067
f 1563/1/2067 1582/1/2067 309/1/2067
f 1583/1/2346 1582/1/2087 1563/1/2347
f 1563/1/2347 1565/1/2087 1583/1/2346
f 1564/1/2085 1586/1/2085 1583/1/2348
f 1583/1/2348 1565/1/2085 1564/1/2085
f 1564/1/2082 896/1/2082 919/1/2083
f 919/1/2083 1586/1/2082 1564/1/2082
f 1586/1/2349 919/1/2349 918/1/2349
f 918/1/2349 1584/1/2350 1586/1/2349
f 1584/1/2351 918/1/2352 917/1/2351
f 917/1/2351 1585/1/2079 1584/1/2351
f 1585/1/2076 917/1/2353 916/1/2353
f 916/1/2353 1588/1/2354 1585/1/2076
f 1589/1/2074 1580/1/2074 1585/1/2074
f 1585/1/2074 1588/1/2074 1589/1/2074
f 1580/1/2073 1589/1/2073 1587/1/2073
f 1587/1/2073 1581/1/2073 1580/1/2073
f 1590/1/2355 1591/1/2355 1592/1/2356
f 1592/1/2356 1593/1/2356 1590/1/2355
f 1594/1/2357 1595/1/2357 1591/1/2357
f 1591/1/2357 1590/1/2357 1594/1/2357
f 1591/1/2358 1596/1/2359 1597/1/2359
f 1597/1/2359 1592/1/2359 1591/1/2358
f 1598/1/2360 1596/1/2360 1591/1/2361
f 1591/1/2361 1595/1/2360 1598/1/2360
f 1575/1/2362 186/1/2362 208/1/2362
f 208/1/2362 1593/1/2362 1575/1/2362
f 1593/1/2363 208/1/2363 207/1/2363
f 207/1/2363 1590/1/2364 1593/1/2363
f 1594/1/2365 1590/1/2366 207/1/2367
f 207/1/2367 205/1/2368 1594/1/2365
f 1594/1/2369 205/1/2369 206/1/2369
f 206/1/2369 1599/1/2370 1594/1/2369
f 1599/1/2371 1600/1/2372 1595/1/2373
f 1595/1/2373 1594/1/2374 1599/1/2371
f 1598/1/2375 1595/1/2375 1600/1/2375
f 1600/1/2375 1601/1/2376 1598/1/2375
f 823/1/2377 822/1/2377 1598/1/2377
f 1598/1/2377 1601/1/2377 823/1/2377
f 1598/1/2378 822/1/2379 821/1/2379
f 821/1/2379 1596/1/2379 1598/1/2378
f 821/1/2380 820/1/2381 1597/1/2382
f 1597/1/2382 1596/1/2383 821/1/2380
f 820/1/2384 803/1/2385 1577/1/2385
f 1577/1/2385 1597/1/2385 820/1/2384
f 1576/1/2386 1592/1/2387 1597/1/2388
f 1597/1/2388 1577/1/2389 1576/1/2386
f 1575/1/2390 1593/1/2390 1592/1/2390
f 1592/1/2390 1576/1/2390 1575/1/2390
f 1602/1/2129 1603/1/2391 1604/1/2392
f 1604/1/2392 1605/1/2129 1602/1/2129
f 1606/1/2393 1607/1/2393 1603/1/2393
f 1603/1/2393 1602/1/2393 1606/1/2393
f 1603/1/2133 1608/1/2133 1609/1/2394
f 1609/1/2394 1604/1/2133 1603/1/2133
f 1607/1/2132 1610/1/2132 1608/1/2132
f 1608/1/2132 1603/1/2132 1607/1/2132
f 1605/1/2395 1611/1/2396 321/1/2397
f 321/1/2397 320/1/2398 1605/1/2395
f 330/1/2399 1602/1/2138 1605/1/2399
f 1605/1/2399 320/1/2400 330/1/2399
f 330/1/2137 329/1/2137 1606/1/2401
f 1606/1/2401 1602/1/2137 330/1/2137
f 329/1/2402 301/1/2403 1587/1/2404
f 1587/1/2404 1606/1/2403 329/1/2402
f 1607/1/2155 1606/1/2155 1587/1/2155
f 1587/1/2155 1589/1/2156 1607/1/2155
f 1588/1/2153 1610/1/2153 1607/1/2153
f 1607/1/2153 1589/1/2153 1588/1/2153
f 1588/1/2146 916/1/2146 939/1/2405
f 939/1/2405 1610/1/2146 1588/1/2146
f 1610/1/2406 939/1/2407 938/1/2406
f 938/1/2406 1608/1/2145 1610/1/2406
f 1608/1/2144 938/1/2144 937/1/2144
f 937/1/2144 1609/1/2144 1608/1/2144
f 1609/1/2142 937/1/2142 936/1/2142
f 936/1/2142 1612/1/2408 1609/1/2142
f 1609/1/2141 1612/1/2141 1613/1/2141
f 1613/1/2141 1604/1/2141 1609/1/2141
f 1604/1/2409 1613/1/2410 1611/1/2409
f 1611/1/2409 1605/1/2409 1604/1/2409
f 1614/1/2411 1615/1/2411 1616/1/2411
f 1616/1/2411 1617/1/2411 1614/1/2411
f 1618/1/2412 1619/1/2412 1615/1/2412
f 1615/1/2412 1614/1/2412 1618/1/2412
f 1615/1/2413 1620/1/2413 1621/1/2414
f 1621/1/2414 1616/1/2415 1615/1/2413
f 1622/1/2416 1620/1/2416 1615/1/2416
f 1615/1/2416 1619/1/2416 1622/1/2416
f 1599/1/2417 206/1/2417 228/1/2417
f 228/1/2417 1617/1/2417 1599/1/2417
f 1617/1/2418 228/1/2418 227/1/2419
f 227/1/2419 1614/1/2418 1617/1/2418
f 1618/1/2420 1614/1/2421 227/1/2421
f 227/1/2421 225/1/2421 1618/1/2420
f 1618/1/2422 225/1/2422 226/1/2422
f 226/1/2422 1623/1/2422 1618/1/2422
f 1623/1/2423 1624/1/2423 1619/1/2423
f 1619/1/2423 1618/1/2423 1623/1/2423
f 1622/1/2424 1619/1/2424 1624/1/2424
f 1624/1/2424 1625/1/2424 1622/1/2424
f 843/1/2425 842/1/2425 1622/1/2425
f 1622/1/2425 1625/1/2425 843/1/2425
f 1622/1/2426 842/1/2426 841/1/2426
f 841/1/2426 1620/1/2426 1622/1/2426
f 841/1/2427 840/1/2427 1621/1/2427
f 1621/1/2427 1620/1/2427 841/1/2427
f 840/1/2428 823/1/2428 1601/1/2428
f 1601/1/2428 1621/1/2428 840/1/2428
f 1600/1/2429 1616/1/2429 1621/1/2430
f 1621/1/2430 1601/1/2429 1600/1/2429
f 1616/1/2431 1600/1/2432 1599/1/2431
f 1599/1/2431 1617/1/2433 1616/1/2431
f 1626/1/2434 1627/1/2202 1628/1/2202
f 1628/1/2202 1629/1/2202 1626/1/2434
f 1630/1/2435 1631/1/2436 1627/1/2436
f 1627/1/2436 1626/1/2199 1630/1/2435
f 1627/1/2208 1632/1/2208 1633/1/2208
f 1633/1/2208 1628/1/2208 1627/1/2208
f 1631/1/2437 1634/1/2206 1632/1/2206
f 1632/1/2206 1627/1/2206 1631/1/2437
f 1629/1/2217 1635/1/2217 341/1/2217
f 341/1/2217 340/1/2217 1629/1/2217
f 350/1/2214 1626/1/2214 1629/1/2214
f 1629/1/2214 340/1/2214 350/1/2214
f 350/1/2438 349/1/2439 1630/1/2440
f 1630/1/2440 1626/1/2440 350/1/2438
f 349/1/2441 321/1/2441 1611/1/2442
f 1611/1/2442 1630/1/2441 349/1/2441
f 1631/1/2231 1630/1/2443 1611/1/2231
f 1611/1/2231 1613/1/2443 1631/1/2231
f 1612/1/2229 1634/1/2444 1631/1/2229
f 1631/1/2229 1613/1/2229 1612/1/2229
f 1612/1/2445 936/1/2445 959/1/2445
f 959/1/2445 1634/1/2445 1612/1/2445
f 1634/1/2446 959/1/2446 958/1/2446
f 958/1/2446 1632/1/2446 1634/1/2446
f 1632/1/2223 958/1/2223 957/1/2223
f 957/1/2223 1633/1/2223 1632/1/2223
f 1633/1/2221 957/1/2221 956/1/2221
f 956/1/2221 1636/1/2221 1633/1/2221
f 1637/1/2220 1628/1/2220 1633/1/2220
f 1633/1/2220 1636/1/2220 1637/1/2220
f 1628/1/2219 1637/1/2219 1635/1/2219
f 1635/1/2219 1629/1/2219 1628/1/2219
f 1638/1/2447 1639/1/2448 1640/1/2447
f 1640/1/2447 1641/1/2447 1638/1/2447
f 1642/1/2449 1643/1/2449 1639/1/2449
f 1639/1/2449 1638/1/2449 1642/1/2449
f 1639/1/2450 1644/1/2450 1645/1/2451
f 1645/1/2451 1640/1/2450 1639/1/2450
f 1646/1/2452 1644/1/2452 1639/1/2452
f 1639/1/2452 1643/1/2453 1646/1/2452
f 1623/1/2454 226/1/2454 248/1/2455
f 248/1/2455 1641/1/2455 1623/1/2454
f 1641/1/2456 248/1/2457 247/1/2457
f 247/1/2457 1638/1/2456 1641/1/2456
f 1642/1/2458 1638/1/2459 247/1/2458
f 247/1/2458 245/1/2460 1642/1/2458
f 1642/1/2461 245/1/2462 246/1/2461
f 246/1/2461 1647/1/2462 1642/1/2461
f 1647/1/2463 1648/1/2464 1643/1/2463
f 1643/1/2463 1642/1/2465 1647/1/2463
f 1646/1/2466 1643/1/2466 1648/1/2466
f 1648/1/2466 1649/1/2467 1646/1/2466
f 863/1/2468 862/1/2469 1646/1/2468
f 1646/1/2468 1649/1/2468 863/1/2468
f 1646/1/2470 862/1/2470 861/1/2470
f 861/1/2470 1644/1/2470 1646/1/2470
f 861/1/2471 860/1/2472 1645/1/2473
f 1645/1/2473 1644/1/2474 861/1/2471
f 860/1/2475 843/1/2475 1625/1/2475
f 1625/1/2475 1645/1/2475 860/1/2475
f 1624/1/2476 1640/1/2477 1645/1/2477
f 1645/1/2477 1625/1/2476 1624/1/2476
f 1640/1/2478 1624/1/2478 1623/1/2478
f 1623/1/2478 1641/1/2478 1640/1/2478
f 1650/1/1837 1651/1/2479 1652/1/1837
f 1652/1/1837 1653/1/2480 1650/1/1837
f 1654/1/1835 1655/1/1835 1651/1/2481
f 1651/1/2481 1650/1/1835 1654/1/1835
f 1651/1/1839 1656/1/1840 1657/1/1840
f 1657/1/1840 1652/1/2482 1651/1/1839
f 1655/1/1838 1658/1/1838 1656/1/2483
f 1656/1/2483 1651/1/2484 1655/1/1838
f 1653/1/1845 1659/1/2485 361/1/2486
f 361/1/2486 360/1/1845 1653/1/1845
f 370/1/1844 1650/1/1844 1653/1/1844
f 1653/1/1844 360/1/1844 370/1/1844
f 370/1/2487 369/1/1842 1654/1/1842
f 1654/1/1842 1650/1/1842 370/1/2487
f 369/1/1841 341/1/1841 1635/1/1841
f 1635/1/1841 1654/1/1841 369/1/1841
f 1655/1/1864 1654/1/1864 1635/1/1864
f 1635/1/1864 1637/1/1864 1655/1/1864
f 1636/1/1860 1658/1/1860 1655/1/1860
f 1655/1/1860 1637/1/1860 1636/1/1860
f 1636/1/1859 956/1/1859 979/1/1859
f 979/1/1859 1658/1/1859 1636/1/1859
f 1658/1/1858 979/1/1858 978/1/1858
f 978/1/1858 1656/1/1858 1658/1/1858
f 1656/1/2488 978/1/2489 977/1/2488
f 977/1/2488 1657/1/2490 1656/1/2488
f 1657/1/2491 977/1/2491 976/1/2491
f 976/1/2491 1660/1/2491 1657/1/2491
f 1661/1/1848 1652/1/1848 1657/1/1848
f 1657/1/1848 1660/1/1848 1661/1/1848
f 1652/1/2492 1661/1/1846 1659/1/1846
f 1659/1/1846 1653/1/1846 1652/1/2492
f 1662/1/2493 1663/1/2493 1664/1/2493
f 1664/1/2493 1665/1/2493 1662/1/2493
f 1666/1/2494 1667/1/2494 1663/1/2494
f 1663/1/2494 1662/1/2495 1666/1/2494
f 1663/1/2496 1668/1/2496 1669/1/2496
f 1669/1/2496 1664/1/2496 1663/1/2496
f 1670/1/2497 1668/1/2497 1663/1/2497
f 1663/1/2497 1667/1/2497 1670/1/2497
f 1647/1/2498 246/1/2498 268/1/2498
f 268/1/2498 1665/1/2498 1647/1/2498
f 1665/1/2499 268/1/2500 267/1/2501
f 267/1/2501 1662/1/2499 1665/1/2499
f 1666/1/2502 1662/1/2502 267/1/2502
f 267/1/2502 265/1/2503 1666/1/2502
f 1666/1/2504 265/1/2504 266/1/2504
f 266/1/2504 1671/1/2505 1666/1/2504
f 1671/1/2506 1672/1/2506 1667/1/2506
f 1667/1/2506 1666/1/2506 1671/1/2506
f 1670/1/2507 1667/1/2507 1672/1/2508
f 1672/1/2508 1673/1/2507 1670/1/2507
f 883/1/2509 882/1/2509 1670/1/2509
f 1670/1/2509 1673/1/2509 883/1/2509
f 1670/1/2510 882/1/2510 881/1/2510
f 881/1/2510 1668/1/2510 1670/1/2510
f 881/1/2511 880/1/2511 1669/1/2511
f 1669/1/2511 1668/1/2511 881/1/2511
f 880/1/2512 863/1/2512 1649/1/2512
f 1649/1/2512 1669/1/2512 880/1/2512
f 1648/1/2513 1664/1/2513 1669/1/2513
f 1669/1/2513 1649/1/2513 1648/1/2513
f 1647/1/2514 1665/1/2514 1664/1/2515
f 1664/1/2515 1648/1/2514 1647/1/2514
f 1674/1/1924 1675/1/2516 1676/1/2516
f 1676/1/2516 1677/1/1924 1674/1/1924
f 1678/1/1922 1679/1/1922 1675/1/1922
f 1675/1/1922 1674/1/1922 1678/1/1922
f 1675/1/1929 1680/1/1929 1681/1/1929
f 1681/1/1929 1676/1/1926 1675/1/1929
f 1679/1/2517 1682/1/2518 1680/1/2519
f 1680/1/2519 1675/1/2518 1679/1/2517
f 1677/1/2520 1683/1/2521 381/1/2520
f 381/1/2520 380/1/2522 1677/1/2520
f 390/1/2523 1674/1/2523 1677/1/2523
f 1677/1/2523 380/1/2523 390/1/2523
f 390/1/1931 389/1/1931 1678/1/1931
f 1678/1/1931 1674/1/1931 390/1/1931
f 389/1/1930 361/1/2524 1659/1/1930
f 1659/1/1930 1678/1/1930 389/1/1930
f 1679/1/2525 1678/1/1949 1659/1/1949
f 1659/1/1949 1661/1/2526 1679/1/2525
f 1660/1/2527 1682/1/1948 1679/1/2528
f 1679/1/2528 1661/1/2529 1660/1/2527
f 1660/1/2530 976/1/2531 999/1/2530
f 999/1/2530 1682/1/2532 1660/1/2530
f 1682/1/1946 999/1/1946 998/1/1946
f 998/1/1946 1680/1/1946 1682/1/1946
f 1680/1/1945 998/1/1945 997/1/1945
f 997/1/1945 1681/1/1945 1680/1/1945
f 1681/1/1942 997/1/1942 996/1/1942
f 996/1/1942 1684/1/1942 1681/1/1942
f 1685/1/2533 1676/1/2534 1681/1/2533
f 1681/1/2533 1684/1/2535 1685/1/2533
f 1676/1/2536 1685/1/1939 1683/1/2536
f 1683/1/2536 1677/1/2537 1676/1/2536
f 1686/1/2538 1687/1/2538 1688/1/2538
f 1688/1/2538 1689/1/2538 1686/1/2538
f 1690/1/2539 1691/1/2540 1687/1/2540
f 1687/1/2540 1686/1/2540 1690/1/2539
f 1687/1/2541 1692/1/2541 1693/1/2541
f 1693/1/2541 1688/1/2541 1687/1/2541
f 1694/1/2542 1692/1/2543 1687/1/2544
f 1687/1/2544 1691/1/2545 1694/1/2542
f 1671/1/2546 266/1/2546 288/1/2546
f 288/1/2546 1689/1/2546 1671/1/2546
f 1689/1/2547 288/1/2547 287/1/2547
f 287/1/2547 1686/1/2547 1689/1/2547
f 1690/1/2548 1686/1/2548 287/1/2549
f 287/1/2549 285/1/2548 1690/1/2548
f 1690/1/2550 285/1/2551 286/1/2552
f 286/1/2552 1695/1/2553 1690/1/2550
f 1695/1/2554 1696/1/2554 1691/1/2554
f 1691/1/2554 1690/1/2554 1695/1/2554
f 1694/1/2555 1691/1/2556 1696/1/2555
f 1696/1/2555 1697/1/2557 1694/1/2555
f 903/1/2558 902/1/2559 1694/1/2560
f 1694/1/2560 1697/1/2561 903/1/2558
f 1694/1/2562 902/1/2562 901/1/2562
f 901/1/2562 1692/1/2562 1694/1/2562
f 901/1/2563 900/1/2564 1693/1/2563
f 1693/1/2563 1692/1/2564 901/1/2563
f 900/1/2565 883/1/2566 1673/1/2567
f 1673/1/2567 1693/1/2565 900/1/2565
f 1672/1/2568 1688/1/2568 1693/1/2568
f 1693/1/2568 1673/1/2568 1672/1/2568
f 1671/1/2569 1689/1/2569 1688/1/2569
f 1688/1/2569 1672/1/2569 1671/1/2569
f 1698/1/2008 1699/1/2008 1700/1/2008
f 1700/1/2008 1701/1/2008 1698/1/2008
f 1702/1/2570 1703/1/2007 1699/1/2570
f 1699/1/2570 1698/1/2571 1702/1/2570
f 1699/1/2011 1704/1/2011 1705/1/2572
f 1705/1/2572 1700/1/2011 1699/1/2011
f 1703/1/2009 1706/1/2009 1704/1/2009
f 1704/1/2009 1699/1/2009 1703/1/2009
f 1701/1/2573 1707/1/2574 401/1/2018
f 401/1/2018 400/1/2018 1701/1/2573
f 410/1/2015 1698/1/2015 1701/1/2015
f 1701/1/2015 400/1/2575 410/1/2015
f 410/1/2014 409/1/2014 1702/1/2014
f 1702/1/2014 1698/1/2014 410/1/2014
f 409/1/2012 381/1/2012 1683/1/2012
f 1683/1/2012 1702/1/2012 409/1/2012
f 1703/1/2031 1702/1/2031 1683/1/2031
f 1683/1/2031 1685/1/2031 1703/1/2031
f 1684/1/2030 1706/1/2030 1703/1/2030
f 1703/1/2030 1685/1/2030 1684/1/2030
f 1684/1/2576 996/1/2576 1019/1/2576
f 1019/1/2576 1706/1/2028 1684/1/2576
f 1706/1/2577 1019/1/2026 1018/1/2027
f 1018/1/2027 1704/1/2026 1706/1/2577
f 1704/1/2578 1018/1/2579 1017/1/2580
f 1017/1/2580 1705/1/2581 1704/1/2578
f 1705/1/2023 1017/1/2023 1016/1/2023
f 1016/1/2023 1708/1/2023 1705/1/2023
f 1709/1/2582 1700/1/2583 1705/1/2584
f 1705/1/2584 1708/1/2021 1709/1/2582
f 1700/1/2585 1709/1/2019 1707/1/2586
f 1707/1/2586 1701/1/2019 1700/1/2585
f 1710/1/2587 1711/1/2588 1712/1/2587
f 1712/1/2587 1713/1/2589 1710/1/2587
f 1714/1/2590 1715/1/2590 1711/1/2590
f 1711/1/2590 1710/1/2590 1714/1/2590
f 1711/1/2591 1716/1/2591 1717/1/2591
f 1717/1/2591 1712/1/2591 1711/1/2591
f 1718/1/2592 1716/1/2592 1711/1/2592
f 1711/1/2592 1715/1/2592 1718/1/2592
f 1695/1/2593 286/1/2594 308/1/2595
f 308/1/2595 1713/1/2596 1695/1/2593
f 1713/1/2597 308/1/2598 307/1/2597
f 307/1/2597 1710/1/2597 1713/1/2597
f 1714/1/2599 1710/1/2599 307/1/2599
f 307/1/2599 305/1/2599 1714/1/2599
f 1714/1/2600 305/1/2601 306/1/2602
f 306/1/2602 1719/1/2600 1714/1/2600
f 1719/1/2603 1720/1/2603 1715/1/2603
f 1715/1/2603 1714/1/2603 1719/1/2603
f 1718/1/2604 1715/1/2604 1720/1/2604
f 1720/1/2604 1721/1/2604 1718/1/2604
f 923/1/2605 922/1/2606 1718/1/2607
f 1718/1/2607 1721/1/2606 923/1/2605
f 1718/1/2608 922/1/2608 921/1/2608
f 921/1/2608 1716/1/2608 1718/1/2608
f 921/1/2609 920/1/2610 1717/1/2609
f 1717/1/2609 1716/1/2611 921/1/2609
f 920/1/2612 903/1/2613 1697/1/2614
f 1697/1/2614 1717/1/2615 920/1/2612
f 1696/1/2616 1712/1/2616 1717/1/2617
f 1717/1/2617 1697/1/2616 1696/1/2616
f 1712/1/2618 1696/1/2618 1695/1/2618
f 1695/1/2618 1713/1/2619 1712/1/2618
f 1722/1/2090 1723/1/2090 1724/1/2090
f 1724/1/2090 1725/1/2090 1722/1/2090
f 1726/1/2620 1727/1/2620 1723/1/2089
f 1723/1/2089 1722/1/2089 1726/1/2620
f 1723/1/2092 1728/1/2092 1729/1/2092
f 1729/1/2092 1724/1/2092 1723/1/2092
f 1727/1/2091 1730/1/2091 1728/1/2091
f 1728/1/2091 1723/1/2091 1727/1/2091
f 1725/1/2099 1731/1/2099 421/1/2621
f 421/1/2621 420/1/2099 1725/1/2099
f 430/1/2098 1722/1/2098 1725/1/2098
f 1725/1/2098 420/1/2098 430/1/2098
f 430/1/2096 429/1/2096 1726/1/2096
f 1726/1/2096 1722/1/2096 430/1/2096
f 429/1/2093 401/1/2093 1707/1/2093
f 1707/1/2093 1726/1/2093 429/1/2093
f 1727/1/2116 1726/1/2116 1707/1/2116
f 1707/1/2116 1709/1/2116 1727/1/2116
f 1708/1/2622 1730/1/2622 1727/1/2622
f 1727/1/2622 1709/1/2622 1708/1/2622
f 1708/1/2111 1016/1/2111 1039/1/2111
f 1039/1/2111 1730/1/2111 1708/1/2111
f 1730/1/2107 1039/1/2107 1038/1/2107
f 1038/1/2107 1728/1/2107 1730/1/2107
f 1728/1/2623 1038/1/2106 1037/1/2623
f 1037/1/2623 1729/1/2623 1728/1/2623
f 1729/1/2624 1037/1/2624 1036/1/2624
f 1036/1/2624 1732/1/2624 1729/1/2624
f 1733/1/2625 1724/1/2102 1729/1/2102
f 1729/1/2102 1732/1/2626 1733/1/2625
f 1724/1/2101 1733/1/2101 1731/1/2627
f 1731/1/2627 1725/1/2101 1724/1/2101
f 1734/1/2628 1735/1/2628 1736/1/2628
f 1736/1/2628 1737/1/2628 1734/1/2628
f 1738/1/2629 1739/1/2629 1735/1/2630
f 1735/1/2630 1734/1/2629 1738/1/2629
f 1735/1/2631 1740/1/2632 1741/1/2631
f 1741/1/2631 1736/1/2633 1735/1/2631
f 1742/1/2634 1740/1/2634 1735/1/2634
f 1735/1/2634 1739/1/2634 1742/1/2634
f 1719/1/2635 306/1/2636 328/1/2636
f 328/1/2636 1737/1/2637 1719/1/2635
f 1737/1/2638 328/1/2639 327/1/2638
f 327/1/2638 1734/1/2638 1737/1/2638
f 1738/1/2640 1734/1/2640 327/1/2640
f 327/1/2640 325/1/2641 1738/1/2640
f 1738/1/2642 325/1/2642 326/1/2642
f 326/1/2642 1743/1/2642 1738/1/2642
f 1743/1/2643 1744/1/2643 1739/1/2643
f 1739/1/2643 1738/1/2643 1743/1/2643
f 1742/1/2644 1739/1/2644 1744/1/2644
f 1744/1/2644 1745/1/2644 1742/1/2644
f 943/1/2645 942/1/2645 1742/1/2645
f 1742/1/2645 1745/1/2645 943/1/2645
f 1742/1/2646 942/1/2646 941/1/2646
f 941/1/2646 1740/1/2646 1742/1/2646
f 941/1/2647 940/1/2647 1741/1/2647
f 1741/1/2647 1740/1/2648 941/1/2647
f 940/1/2649 923/1/2649 1721/1/2650
f 1721/1/2650 1741/1/2649 940/1/2649
f 1720/1/2651 1736/1/2651 1741/1/2651
f 1741/1/2651 1721/1/2651 1720/1/2651
f 1736/1/2652 1720/1/2653 1719/1/2653
f 1719/1/2653 1737/1/2653 1736/1/2652
f 1746/1/2159 1747/1/2159 1748/1/2159
f 1748/1/2159 1749/1/2159 1746/1/2159
f 1750/1/2157 1751/1/2157 1747/1/2157
f 1747/1/2157 1746/1/2157 1750/1/2157
f 1747/1/2163 1752/1/2163 1753/1/2163
f 1753/1/2163 1748/1/2163 1747/1/2163
f 1751/1/2654 1754/1/2654 1752/1/2654
f 1752/1/2654 1747/1/2161 1751/1/2654
f 1749/1/2655 1755/1/2656 441/1/2168
f 441/1/2168 440/1/2168 1749/1/2655
f 450/1/2166 1746/1/2657 1749/1/2658
f 1749/1/2658 440/1/2166 450/1/2166
f 450/1/2165 449/1/2165 1750/1/2165
f 1750/1/2165 1746/1/2165 450/1/2165
f 449/1/2164 421/1/2164 1731/1/2164
f 1731/1/2164 1750/1/2164 449/1/2164
f 1751/1/2184 1750/1/2184 1731/1/2182
f 1731/1/2182 1733/1/2659 1751/1/2184
f 1732/1/2179 1754/1/2179 1751/1/2660
f 1751/1/2660 1733/1/2179 1732/1/2179
f 1732/1/2661 1036/1/2661 1059/1/2661
f 1059/1/2661 1754/1/2661 1732/1/2661
f 1754/1/2176 1059/1/2176 1058/1/2176
f 1058/1/2176 1752/1/2176 1754/1/2176
f 1752/1/2174 1058/1/2174 1057/1/2174
f 1057/1/2174 1753/1/2174 1752/1/2174
f 1753/1/2173 1057/1/2173 1056/1/2173
f 1056/1/2173 1756/1/2173 1753/1/2173
f 1757/1/2662 1748/1/2171 1753/1/2663
f 1753/1/2663 1756/1/2171 1757/1/2662
f 1748/1/2664 1757/1/2664 1755/1/2664
f 1755/1/2664 1749/1/2664 1748/1/2664
f 1758/1/1748 1759/1/2665 1760/1/1748
f 1760/1/1748 1761/1/2666 1758/1/1748
f 1762/1/1747 1763/1/1747 1759/1/2667
f 1759/1/2667 1758/1/1747 1762/1/1747
f 1759/1/1754 1764/1/1754 1765/1/1754
f 1765/1/1754 1760/1/2668 1759/1/1754
f 1766/1/1750 1764/1/1750 1759/1/1750
f 1759/1/1750 1763/1/1750 1766/1/1750
f 1743/1/2669 326/1/2670 348/1/1762
f 348/1/1762 1761/1/1762 1743/1/2669
f 1761/1/2671 348/1/2671 347/1/2671
f 347/1/2671 1758/1/2671 1761/1/2671
f 1762/1/1756 1758/1/1756 347/1/1756
f 347/1/1756 345/1/1756 1762/1/1756
f 1762/1/1755 345/1/1755 346/1/2672
f 346/1/2672 1767/1/2673 1762/1/1755
f 1767/1/1776 1768/1/1776 1763/1/1776
f 1763/1/1776 1762/1/1776 1767/1/1776
f 1766/1/1775 1763/1/1775 1768/1/2674
f 1768/1/2674 1769/1/1775 1766/1/1775
f 963/1/2675 962/1/1772 1766/1/1772
f 1766/1/1772 1769/1/1772 963/1/2675
f 1766/1/1770 962/1/1770 961/1/2676
f 961/1/2676 1764/1/1770 1766/1/1770
f 961/1/1768 960/1/2677 1765/1/2678
f 1765/1/2678 1764/1/1768 961/1/1768
f 960/1/1766 943/1/1766 1745/1/1766
f 1745/1/1766 1765/1/1766 960/1/1766
f 1744/1/1765 1760/1/2679 1765/1/1765
f 1765/1/1765 1745/1/1765 1744/1/1765
f 1743/1/1763 1761/1/1763 1760/1/1763
f 1760/1/1763 1744/1/1763 1743/1/1763
f 1770/1/2680 1771/1/2238 1772/1/2680
f 1772/1/2680 1773/1/2238 1770/1/2680
f 1774/1/2681 1775/1/2681 1771/1/2682
f 1771/1/2682 1770/1/2681 1774/1/2681
f 1771/1/2683 1776/1/2684 1777/1/2685
f 1777/1/2685 1772/1/2685 1771/1/2683
f 1775/1/2686 1778/1/2687 1776/1/2688
f 1776/1/2688 1771/1/2689 1775/1/2686
f 1773/1/2249 1779/1/2249 461/1/2249
f 461/1/2249 460/1/2249 1773/1/2249
f 470/1/2246 1770/1/2246 1773/1/2246
f 1773/1/2246 460/1/2246 470/1/2246
f 470/1/2690 469/1/2245 1774/1/2691
f 1774/1/2691 1770/1/2692 470/1/2690
f 469/1/2243 441/1/2243 1755/1/2243
f 1755/1/2243 1774/1/2243 469/1/2243
f 1775/1/2260 1774/1/2261 1755/1/2693
f 1755/1/2693 1757/1/2260 1775/1/2260
f 1756/1/2258 1778/1/2258 1775/1/2694
f 1775/1/2694 1757/1/2258 1756/1/2258
f 1756/1/2256 1056/1/2256 1079/1/2695
f 1079/1/2695 1778/1/2256 1756/1/2256
f 1778/1/2254 1079/1/2254 1078/1/2254
f 1078/1/2254 1776/1/2254 1778/1/2254
f 1776/1/2253 1078/1/2253 1077/1/2253
f 1077/1/2253 1777/1/2253 1776/1/2253
f 1777/1/2696 1077/1/2252 1076/1/2252
f 1076/1/2252 1780/1/2252 1777/1/2696
f 1781/1/2251 1772/1/2251 1777/1/2251
f 1777/1/2251 1780/1/2251 1781/1/2251
f 1772/1/2250 1781/1/2250 1779/1/2697
f 1779/1/2697 1773/1/2250 1772/1/2250
f 1782/1/2698 1783/1/2698 1784/1/2698
f 1784/1/2698 1785/1/2698 1782/1/2698
f 1786/1/2699 1787/1/2699 1783/1/2699
f 1783/1/2699 1782/1/2699 1786/1/2699
f 1783/1/2700 1788/1/2700 1789/1/2700
f 1789/1/2700 1784/1/2700 1783/1/2700
f 1790/1/2701 1788/1/2702 1783/1/2702
f 1783/1/2702 1787/1/2701 1790/1/2701
f 1767/1/2703 346/1/2703 368/1/2703
f 368/1/2703 1785/1/2703 1767/1/2703
f 1785/1/2704 368/1/2704 367/1/2705
f 367/1/2705 1782/1/2705 1785/1/2704
f 1786/1/2706 1782/1/2707 367/1/2706
f 367/1/2706 365/1/2708 1786/1/2706
f 1786/1/2709 365/1/2710 366/1/2710
f 366/1/2710 1791/1/2710 1786/1/2709
f 1791/1/2711 1792/1/2711 1787/1/2711
f 1787/1/2711 1786/1/2711 1791/1/2711
f 1790/1/2712 1787/1/2713 1792/1/2712
f 1792/1/2712 1793/1/2712 1790/1/2712
f 983/1/2714 982/1/2714 1790/1/2714
f 1790/1/2714 1793/1/2714 983/1/2714
f 1790/1/2715 982/1/2716 981/1/2717
f 981/1/2717 1788/1/2716 1790/1/2715
f 981/1/2718 980/1/2718 1789/1/2718
f 1789/1/2718 1788/1/2718 981/1/2718
f 980/1/2719 963/1/2719 1769/1/2719
f 1769/1/2719 1789/1/2719 980/1/2719
f 1768/1/2720 1784/1/2721 1789/1/2721
f 1789/1/2721 1769/1/2721 1768/1/2720
f 1767/1/2722 1785/1/2722 1784/1/2722
f 1784/1/2722 1768/1/2722 1767/1/2722
f 1794/1/2278 1795/1/2278 1796/1/2278
f 1796/1/2278 1797/1/2278 1794/1/2278
f 1798/1/2723 1799/1/2723 1795/1/2276
f 1795/1/2276 1794/1/2723 1798/1/2723
f 1795/1/2724 1800/1/2280 1801/1/2725
f 1801/1/2725 1796/1/2726 1795/1/2724
f 1799/1/2279 1802/1/2279 1800/1/2279
f 1800/1/2279 1795/1/2279 1799/1/2279
f 1797/1/2285 1803/1/2285 481/1/2285
f 481/1/2285 480/1/2285 1797/1/2285
f 490/1/2284 1794/1/2727 1797/1/2727
f 1797/1/2727 480/1/2284 490/1/2284
f 490/1/2282 489/1/2282 1798/1/2282
f 1798/1/2282 1794/1/2282 490/1/2282
f 489/1/2281 461/1/2281 1779/1/2281
f 1779/1/2281 1798/1/2281 489/1/2281
f 1799/1/2295 1798/1/2295 1779/1/2295
f 1779/1/2295 1781/1/2295 1799/1/2295
f 1780/1/2294 1802/1/2294 1799/1/2294
f 1799/1/2294 1781/1/2294 1780/1/2294
f 1780/1/2293 1076/1/2293 1099/1/2293
f 1099/1/2293 1802/1/2293 1780/1/2293
f 1802/1/2728 1099/1/2728 1098/1/2728
f 1098/1/2728 1800/1/2728 1802/1/2728
f 1800/1/2290 1098/1/2290 1097/1/2290
f 1097/1/2290 1801/1/2290 1800/1/2290
f 1801/1/2289 1097/1/2289 1096/1/2289
f 1096/1/2289 1804/1/2289 1801/1/2289
f 1801/1/2287 1804/1/2287 1805/1/2729
f 1805/1/2729 1796/1/2287 1801/1/2287
f 1796/1/2286 1805/1/2286 1803/1/2286
f 1803/1/2286 1797/1/2286 1796/1/2286
f 1806/1/2730 1807/1/2730 1808/1/2730
f 1808/1/2730 1809/1/2730 1806/1/2730
f 1810/1/2731 1811/1/2732 1807/1/2733
f 1807/1/2733 1806/1/2734 1810/1/2731
f 1807/1/2735 1812/1/2736 1813/1/2736
f 1813/1/2736 1808/1/2736 1807/1/2735
f 1814/1/2737 1812/1/2738 1807/1/2739
f 1807/1/2739 1811/1/2740 1814/1/2737
f 1791/1/2741 366/1/2742 388/1/2741
f 388/1/2741 1809/1/2741 1791/1/2741
f 1809/1/2743 388/1/2743 387/1/2743
f 387/1/2743 1806/1/2743 1809/1/2743
f 1810/1/2744 1806/1/2744 387/1/2744
f 387/1/2744 385/1/2744 1810/1/2744
f 1810/1/2745 385/1/2745 386/1/2746
f 386/1/2746 1815/1/2745 1810/1/2745
f 1815/1/2747 1816/1/2747 1811/1/2747
f 1811/1/2747 1810/1/2747 1815/1/2747
f 1814/1/2748 1811/1/2748 1816/1/2748
f 1816/1/2748 1817/1/2748 1814/1/2748
f 1003/1/2749 1002/1/2750 1814/1/2750
f 1814/1/2750 1817/1/2749 1003/1/2749
f 1814/1/2751 1002/1/2752 1001/1/2752
f 1001/1/2752 1812/1/2752 1814/1/2751
f 1001/1/2753 1000/1/2753 1813/1/2753
f 1813/1/2753 1812/1/2753 1001/1/2753
f 1000/1/2754 983/1/2754 1793/1/2754
f 1793/1/2754 1813/1/2754 1000/1/2754
f 1792/1/2755 1808/1/2755 1813/1/2756
f 1813/1/2756 1793/1/2755 1792/1/2755
f 1808/1/2757 1792/1/2757 1791/1/2757
f 1791/1/2757 1809/1/2757 1808/1/2757
f 1818/1/2313 1819/1/2313 1820/1/2312
f 1820/1/2312 1821/1/2313 1818/1/2313
f 1822/1/2310 1823/1/2310 1819/1/2310
f 1819/1/2310 1818/1/2310 1822/1/2310
f 1819/1/2316 1824/1/2316 1825/1/2316
f 1825/1/2316 1820/1/2316 1819/1/2316
f 1823/1/2315 1826/1/2315 1824/1/2315
f 1824/1/2315 1819/1/2315 1823/1/2315
f 1821/1/2758 1827/1/2759 501/1/2325
f 501/1/2325 500/1/2325 1821/1/2758
f 510/1/2324 1818/1/2760 1821/1/2324
f 1821/1/2324 500/1/2323 510/1/2324
f 510/1/2761 509/1/2762 1822/1/2763
f 1822/1/2763 1818/1/2761 510/1/2761
f 509/1/2764 481/1/2318 1803/1/2765
f 1803/1/2765 1822/1/2766 509/1/2764
f 1823/1/2767 1822/1/2767 1803/1/2768
f 1803/1/2768 1805/1/2340 1823/1/2767
f 1804/1/2336 1826/1/2336 1823/1/2336
f 1823/1/2336 1805/1/2336 1804/1/2336
f 1804/1/2334 1096/1/2334 1119/1/2334
f 1119/1/2334 1826/1/2334 1804/1/2334
f 1826/1/2333 1119/1/2333 1118/1/2769
f 1118/1/2769 1824/1/2333 1826/1/2333
f 1824/1/2770 1118/1/2770 1117/1/2770
f 1117/1/2770 1825/1/2771 1824/1/2770
f 1825/1/2328 1117/1/2328 1116/1/2328
f 1116/1/2328 1828/1/2328 1825/1/2328
f 1825/1/2327 1828/1/2327 1829/1/2327
f 1829/1/2327 1820/1/2327 1825/1/2327
f 1820/1/2772 1829/1/2326 1827/1/2326
f 1827/1/2326 1821/1/2326 1820/1/2772
f 1830/1/2773 1831/1/2773 1832/1/2773
f 1832/1/2773 1833/1/2774 1830/1/2773
f 1834/1/2775 1835/1/2776 1831/1/2776
f 1831/1/2776 1830/1/2777 1834/1/2775
f 1831/1/2778 1836/1/2778 1837/1/2779
f 1837/1/2779 1832/1/2779 1831/1/2778
f 1838/1/2780 1836/1/2781 1831/1/2780
f 1831/1/2780 1835/1/2782 1838/1/2780
f 1815/1/2783 386/1/2784 408/1/2783
f 408/1/2783 1833/1/2785 1815/1/2783
f 1833/1/2786 408/1/2786 407/1/2786
f 407/1/2786 1830/1/2786 1833/1/2786
f 1834/1/2787 1830/1/2788 407/1/2789
f 407/1/2789 405/1/2790 1834/1/2787
f 1834/1/2791 405/1/2792 406/1/2791
f 406/1/2791 1839/1/2791 1834/1/2791
f 1839/1/2793 1840/1/2794 1835/1/2794
f 1835/1/2794 1834/1/2795 1839/1/2793
f 1838/1/2796 1835/1/2796 1840/1/2796
f 1840/1/2796 1841/1/2796 1838/1/2796
f 1023/1/2797 1022/1/2797 1838/1/2797
f 1838/1/2797 1841/1/2797 1023/1/2797
f 1838/1/2798 1022/1/2799 1021/1/2800
f 1021/1/2800 1836/1/2801 1838/1/2798
f 1021/1/2802 1020/1/2802 1837/1/2802
f 1837/1/2802 1836/1/2802 1021/1/2802
f 1020/1/2803 1003/1/2803 1817/1/2803
f 1817/1/2803 1837/1/2803 1020/1/2803
f 1816/1/2804 1832/1/2804 1837/1/2804
f 1837/1/2804 1817/1/2804 1816/1/2804
f 1815/1/2805 1833/1/2805 1832/1/2805
f 1832/1/2805 1816/1/2805 1815/1/2805
f 1842/1/2357 1843/1/2357 1844/1/2357
f 1844/1/2357 1845/1/2357 1842/1/2357
f 1846/1/2355 1847/1/2806 1843/1/2806
f 1843/1/2806 1842/1/2355 1846/1/2355
f 1843/1/2360 1848/1/2360 1849/1/2360
f 1849/1/2360 1844/1/2360 1843/1/2360
f 1847/1/2359 1850/1/2359 1848/1/2359
f 1848/1/2359 1843/1/2358 1847/1/2359
f 1845/1/2369 1851/1/2369 521/1/2370
f 521/1/2370 520/1/2370 1845/1/2369
f 530/1/2807 1842/1/2808 1845/1/2807
f 1845/1/2807 520/1/2809 530/1/2807
f 530/1/2364 529/1/2364 1846/1/2364
f 1846/1/2364 1842/1/2364 530/1/2364
f 529/1/2362 501/1/2362 1827/1/2362
f 1827/1/2362 1846/1/2362 529/1/2362
f 1847/1/2810 1846/1/2810 1827/1/2810
f 1827/1/2810 1829/1/2810 1847/1/2810
f 1828/1/2811 1850/1/2811 1847/1/2811
f 1847/1/2811 1829/1/2811 1828/1/2811
f 1828/1/2384 1116/1/2384 1139/1/2384
f 1139/1/2384 1850/1/2384 1828/1/2384
f 1850/1/2380 1139/1/2381 1138/1/2380
f 1138/1/2380 1848/1/2381 1850/1/2380
f 1848/1/2379 1138/1/2379 1137/1/2379
f 1137/1/2379 1849/1/2379 1848/1/2379
f 1849/1/2377 1137/1/2377 1136/1/2377
f 1136/1/2377 1852/1/2377 1849/1/2377
f 1853/1/2375 1844/1/2376 1849/1/2376
f 1849/1/2376 1852/1/2376 1853/1/2375
f 1844/1/2372 1853/1/2812 1851/1/2372
f 1851/1/2372 1845/1/2813 1844/1/2372
f 1854/1/2814 1855/1/2814 1856/1/2814
f 1856/1/2814 1857/1/2814 1854/1/2814
f 1858/1/2815 1859/1/2816 1855/1/2817
f 1855/1/2817 1854/1/2818 1858/1/2815
f 1855/1/2819 1860/1/2819 1861/1/2819
f 1861/1/2819 1856/1/2819 1855/1/2819
f 1862/1/2820 1860/1/2820 1855/1/2821
f 1855/1/2821 1859/1/2822 1862/1/2820
f 1839/1/2823 406/1/2823 428/1/2823
f 428/1/2823 1857/1/2823 1839/1/2823
f 1857/1/2824 428/1/2824 427/1/2824
f 427/1/2824 1854/1/2824 1857/1/2824
f 1858/1/2825 1854/1/2826 427/1/2827
f 427/1/2827 425/1/2825 1858/1/2825
f 1858/1/2828 425/1/2828 426/1/2829
f 426/1/2829 1863/1/2829 1858/1/2828
f 1863/1/2830 1864/1/2830 1859/1/2830
f 1859/1/2830 1858/1/2830 1863/1/2830
f 1862/1/2831 1859/1/2832 1864/1/2831
f 1864/1/2831 1865/1/2831 1862/1/2831
f 1043/1/2833 1042/1/2833 1862/1/2833
f 1862/1/2833 1865/1/2833 1043/1/2833
f 1862/1/2834 1042/1/2835 1041/1/2835
f 1041/1/2835 1860/1/2835 1862/1/2834
f 1041/1/2836 1040/1/2836 1861/1/2836
f 1861/1/2836 1860/1/2836 1041/1/2836
f 1040/1/2837 1023/1/2838 1841/1/2838
f 1841/1/2838 1861/1/2838 1040/1/2837
f 1840/1/2839 1856/1/2839 1861/1/2839
f 1861/1/2839 1841/1/2839 1840/1/2839
f 1839/1/2840 1857/1/2840 1856/1/2841
f 1856/1/2841 1840/1/2842 1839/1/2840
f 1866/1/2843 1867/1/2844 1868/1/2843
f 1868/1/2843 1869/1/2843 1866/1/2843
f 1870/1/2411 1871/1/2411 1867/1/2411
f 1867/1/2411 1866/1/2411 1870/1/2411
f 1867/1/2416 1872/1/2416 1873/1/2416
f 1873/1/2416 1868/1/2416 1867/1/2416
f 1871/1/2413 1874/1/2845 1872/1/2846
f 1872/1/2846 1867/1/2846 1871/1/2413
f 1869/1/2422 1875/1/2422 541/1/2422
f 541/1/2422 540/1/2422 1869/1/2422
f 550/1/2847 1866/1/2848 1869/1/2849
f 1869/1/2849 540/1/2421 550/1/2847
f 550/1/2418 549/1/2418 1870/1/2418
f 1870/1/2418 1866/1/2418 550/1/2418
f 549/1/2417 521/1/2417 1851/1/2417
f 1851/1/2417 1870/1/2417 549/1/2417
f 1871/1/2850 1870/1/2433 1851/1/2850
f 1851/1/2850 1853/1/2851 1871/1/2850
f 1852/1/2429 1874/1/2429 1871/1/2429
f 1871/1/2429 1853/1/2429 1852/1/2429
f 1852/1/2428 1136/1/2428 1159/1/2428
f 1159/1/2428 1874/1/2428 1852/1/2428
f 1874/1/2427 1159/1/2427 1158/1/2427
f 1158/1/2427 1872/1/2427 1874/1/2427
f 1872/1/2852 1158/1/2852 1157/1/2852
f 1157/1/2852 1873/1/2852 1872/1/2852
f 1873/1/2425 1157/1/2425 1156/1/2425
f 1156/1/2425 1876/1/2425 1873/1/2425
f 1877/1/2853 1868/1/2424 1873/1/2424
f 1873/1/2424 1876/1/2424 1877/1/2853
f 1868/1/2854 1877/1/2423 1875/1/2423
f 1875/1/2423 1869/1/2423 1868/1/2854
f 1878/1/2855 1879/1/2855 1880/1/2855
f 1880/1/2855 1881/1/2855 1878/1/2855
f 1882/1/2856 1883/1/2856 1879/1/2857
f 1879/1/2857 1878/1/2856 1882/1/2856
f 1879/1/2858 1884/1/2859 1885/1/2860
f 1885/1/2860 1880/1/2860 1879/1/2858
f 1886/1/2861 1884/1/2861 1879/1/2861
f 1879/1/2861 1883/1/2861 1886/1/2861
f 1863/1/2862 426/1/2862 448/1/2862
f 448/1/2862 1881/1/2862 1863/1/2862
f 1881/1/2863 448/1/2864 447/1/2865
f 447/1/2865 1878/1/2865 1881/1/2863
f 1882/1/2866 1878/1/2866 447/1/2866
f 447/1/2866 445/1/2866 1882/1/2866
f 1882/1/2867 445/1/2867 446/1/2867
f 446/1/2867 1887/1/2867 1882/1/2867
f 1887/1/2868 1888/1/2868 1883/1/2868
f 1883/1/2868 1882/1/2868 1887/1/2868
f 1886/1/2869 1883/1/2869 1888/1/2869
f 1888/1/2869 1889/1/2869 1886/1/2869
f 1063/1/2870 1062/1/2871 1886/1/2872
f 1886/1/2872 1889/1/2872 1063/1/2870
f 1886/1/2873 1062/1/2873 1061/1/2873
f 1061/1/2873 1884/1/2873 1886/1/2873
f 1061/1/2874 1060/1/2874 1885/1/2875
f 1885/1/2875 1884/1/2874 1061/1/2874
f 1060/1/2876 1043/1/2877 1865/1/2877
f 1865/1/2877 1885/1/2878 1060/1/2876
f 1864/1/2879 1880/1/2879 1885/1/2879
f 1885/1/2879 1865/1/2879 1864/1/2879
f 1880/1/2880 1864/1/2881 1863/1/2880
f 1863/1/2880 1881/1/2882 1880/1/2880
f 1890/1/2883 1891/1/2449 1892/1/2449
f 1892/1/2449 1893/1/2449 1890/1/2883
f 1894/1/2884 1895/1/2885 1891/1/2448
f 1891/1/2448 1890/1/2884 1894/1/2884
f 1891/1/2886 1896/1/2886 1897/1/2886
f 1897/1/2886 1892/1/2886 1891/1/2886
f 1895/1/2450 1898/1/2451 1896/1/2887
f 1896/1/2887 1891/1/2888 1895/1/2450
f 1893/1/2889 1899/1/2889 561/1/2889
f 561/1/2889 560/1/2889 1893/1/2889
f 570/1/2460 1890/1/2460 1893/1/2460
f 1893/1/2460 560/1/2460 570/1/2460
f 570/1/2456 569/1/2456 1894/1/2456
f 1894/1/2456 1890/1/2456 570/1/2456
f 569/1/2454 541/1/2454 1875/1/2454
f 1875/1/2454 1894/1/2454 569/1/2454
f 1895/1/2890 1894/1/2478 1875/1/2478
f 1875/1/2478 1877/1/2478 1895/1/2890
f 1876/1/2891 1898/1/2476 1895/1/2476
f 1895/1/2476 1877/1/2476 1876/1/2891
f 1876/1/2475 1156/1/2475 1179/1/2475
f 1179/1/2475 1898/1/2475 1876/1/2475
f 1898/1/2472 1179/1/2472 1178/1/2472
f 1178/1/2472 1896/1/2472 1898/1/2472
f 1896/1/2470 1178/1/2470 1177/1/2470
f 1177/1/2470 1897/1/2470 1896/1/2470
f 1897/1/2469 1177/1/2469 1176/1/2469
f 1176/1/2469 1900/1/2469 1897/1/2469
f 1897/1/2892 1900/1/2892 1901/1/2892
f 1901/1/2892 1892/1/2892 1897/1/2892
f 1892/1/2465 1901/1/2465 1899/1/2465
f 1899/1/2465 1893/1/2465 1892/1/2465
f 1902/1/2893 1903/1/2699 1904/1/2699
f 1904/1/2699 1905/1/2893 1902/1/2893
f 1906/1/2698 1907/1/2698 1903/1/2698
f 1903/1/2698 1902/1/2894 1906/1/2698
f 1903/1/2895 1908/1/2896 1909/1/2895
f 1909/1/2895 1904/1/2701 1903/1/2895
f 1903/1/2700 1907/1/2700 1910/1/2700
f 1910/1/2700 1908/1/2700 1903/1/2700
f 1905/1/2897 1911/1/2710 37/1/2710
f 37/1/2710 36/1/2710 1905/1/2897
f 1905/1/2898 36/1/2898 50/1/2898
f 50/1/2898 1902/1/2898 1905/1/2898
f 48/1/2899 1906/1/2900 1902/1/2899
f 1902/1/2899 50/1/2704 48/1/2899
f 1305/1/2901 1906/1/2902 48/1/2901
f 48/1/2901 49/1/2903 1305/1/2901
f 1906/1/2722 1305/1/2722 1310/1/2722
f 1310/1/2722 1907/1/2722 1906/1/2722
f 1907/1/2721 1310/1/2721 1309/1/2721
f 1309/1/2721 1910/1/2721 1907/1/2721
f 15/1/2904 14/1/2719 1910/1/2719
f 1910/1/2719 1309/1/2719 15/1/2904
f 1910/1/2718 14/1/2718 13/1/2718
f 13/1/2718 1908/1/2718 1910/1/2718
f 1909/1/2905 1908/1/2906 13/1/2905
f 13/1/2905 12/1/2905 1909/1/2905
f 12/1/2714 11/1/2714 1912/1/2907
f 1912/1/2907 1909/1/2714 12/1/2714
f 1904/1/2712 1909/1/2712 1912/1/2712
f 1912/1/2712 1913/1/2712 1904/1/2712
f 1904/1/2711 1913/1/2711 1911/1/2711
f 1911/1/2711 1905/1/2908 1904/1/2711
f 1914/1/2909 1915/1/2909 1916/1/2909
f 1916/1/2909 1917/1/2909 1914/1/2909
f 1918/1/2910 1919/1/2910 1915/1/2911
f 1915/1/2911 1914/1/2910 1918/1/2910
f 1915/1/2912 1920/1/2912 1921/1/2912
f 1921/1/2912 1916/1/2912 1915/1/2912
f 1922/1/2913 1920/1/2913 1915/1/2913
f 1915/1/2913 1919/1/1782 1922/1/2913
f 1887/1/1788 446/1/1788 468/1/1788
f 468/1/1788 1917/1/1788 1887/1/1788
f 1917/1/1787 468/1/1787 467/1/1787
f 467/1/1787 1914/1/1787 1917/1/1787
f 1918/1/2914 1914/1/1786 467/1/1786
f 467/1/1786 465/1/1786 1918/1/2914
f 1923/1/2915 1918/1/2915 465/1/2915
f 465/1/2915 466/1/1785 1923/1/2915
f 1923/1/1804 1924/1/1804 1919/1/1804
f 1919/1/1804 1918/1/2916 1923/1/1804
f 1922/1/2917 1919/1/2918 1924/1/1803
f 1924/1/1803 1925/1/1803 1922/1/2917
f 1922/1/2919 1925/1/2920 1083/1/2919
f 1083/1/2919 1082/1/2919 1922/1/2919
f 1922/1/1801 1082/1/1801 1081/1/2921
f 1081/1/2921 1920/1/1801 1922/1/1801
f 1081/1/1799 1080/1/1799 1921/1/1799
f 1921/1/1799 1920/1/1799 1081/1/1799
f 1080/1/2922 1063/1/2922 1889/1/2922
f 1889/1/2922 1921/1/2922 1080/1/2922
f 1889/1/1795 1888/1/1795 1916/1/1795
f 1916/1/1795 1921/1/1795 1889/1/1795
f 1887/1/2923 1917/1/1790 1916/1/1790
f 1916/1/1790 1888/1/1790 1887/1/2923
f 1926/1/2494 1927/1/2495 1928/1/2495
f 1928/1/2495 1929/1/2495 1926/1/2494
f 1930/1/2493 1931/1/2493 1927/1/2493
f 1927/1/2493 1926/1/2493 1930/1/2493
f 1927/1/2924 1932/1/2925 1933/1/2924
f 1933/1/2924 1928/1/2924 1927/1/2924
f 1931/1/2496 1934/1/2496 1932/1/2496
f 1932/1/2496 1927/1/2496 1931/1/2496
f 1929/1/2504 1935/1/2504 581/1/2504
f 581/1/2504 580/1/2504 1929/1/2504
f 590/1/2503 1926/1/2503 1929/1/2503
f 1929/1/2503 580/1/2503 590/1/2503
f 590/1/2926 589/1/2926 1930/1/2500
f 1930/1/2500 1926/1/2926 590/1/2926
f 589/1/2927 561/1/2498 1899/1/2928
f 1899/1/2928 1930/1/2498 589/1/2927
f 1931/1/2929 1930/1/2929 1899/1/2929
f 1899/1/2929 1901/1/2929 1931/1/2929
f 1900/1/2513 1934/1/2513 1931/1/2513
f 1931/1/2513 1901/1/2513 1900/1/2513
f 1900/1/2512 1176/1/2930 1199/1/2931
f 1199/1/2931 1934/1/2512 1900/1/2512
f 1934/1/2932 1199/1/2511 1198/1/2511
f 1198/1/2511 1932/1/2511 1934/1/2932
f 1932/1/2933 1198/1/2934 1197/1/2933
f 1197/1/2933 1933/1/2933 1932/1/2933
f 1197/1/2509 1196/1/2509 1936/1/2935
f 1936/1/2935 1933/1/2509 1197/1/2509
f 1928/1/2936 1933/1/2507 1936/1/2507
f 1936/1/2507 1937/1/2508 1928/1/2936
f 1929/1/2506 1928/1/2506 1937/1/2937
f 1937/1/2937 1935/1/2937 1929/1/2506
f 1938/1/2938 1939/1/2939 1940/1/2938
f 1940/1/2938 1941/1/2940 1938/1/2938
f 1942/1/2730 1943/1/2730 1939/1/2941
f 1939/1/2941 1938/1/2730 1942/1/2730
f 1939/1/2942 1944/1/2942 1945/1/2942
f 1945/1/2942 1940/1/2942 1939/1/2942
f 1939/1/2736 1943/1/2736 1946/1/2943
f 1946/1/2943 1944/1/2943 1939/1/2736
f 61/1/2745 60/1/2745 1941/1/2745
f 1941/1/2745 1947/1/2745 61/1/2745
f 1941/1/2744 60/1/2744 70/1/2944
f 70/1/2944 1938/1/2744 1941/1/2744
f 70/1/2945 69/1/2946 1942/1/2743
f 1942/1/2743 1938/1/2945 70/1/2945
f 1942/1/2741 69/1/2947 37/1/2948
f 37/1/2948 1911/1/2742 1942/1/2741
f 1913/1/2757 1943/1/2757 1942/1/2757
f 1942/1/2757 1911/1/2757 1913/1/2757
f 1912/1/2755 1946/1/2755 1943/1/2755
f 1943/1/2755 1913/1/2755 1912/1/2755
f 11/1/2949 679/1/2950 1946/1/2949
f 1946/1/2949 1912/1/2951 11/1/2949
f 1946/1/2952 679/1/2952 678/1/2753
f 678/1/2753 1944/1/2753 1946/1/2952
f 1945/1/2752 1944/1/2752 678/1/2953
f 678/1/2953 675/1/2752 1945/1/2752
f 675/1/2954 677/1/2954 1948/1/2954
f 1948/1/2954 1945/1/2954 675/1/2954
f 1940/1/2748 1945/1/2955 1948/1/2748
f 1948/1/2748 1949/1/2748 1940/1/2748
f 1940/1/2956 1949/1/2747 1947/1/2956
f 1947/1/2956 1941/1/2957 1940/1/2956
f 1950/1/1868 1951/1/2958 1952/1/1868
f 1952/1/1868 1953/1/1868 1950/1/1868
f 1954/1/1866 1955/1/2959 1951/1/1866
f 1951/1/1866 1950/1/1866 1954/1/1866
f 1951/1/2960 1956/1/2961 1957/1/2960
f 1957/1/2960 1952/1/2961 1951/1/2960
f 1958/1/1870 1956/1/1870 1951/1/1870
f 1951/1/1870 1955/1/1870 1958/1/1870
f 1923/1/1875 466/1/1875 488/1/2962
f 488/1/2962 1953/1/1875 1923/1/1875
f 1953/1/2963 488/1/2963 487/1/2963
f 487/1/2963 1950/1/2963 1953/1/2963
f 1954/1/1873 1950/1/1873 487/1/1873
f 487/1/1873 485/1/1873 1954/1/1873
f 1959/1/1872 1954/1/1872 485/1/1872
f 485/1/1872 486/1/2964 1959/1/1872
f 1959/1/1888 1960/1/1888 1955/1/1888
f 1955/1/1888 1954/1/1888 1959/1/1888
f 1958/1/1886 1955/1/1886 1960/1/1886
f 1960/1/1886 1961/1/1886 1958/1/1886
f 1958/1/1884 1961/1/1884 1103/1/2965
f 1103/1/2965 1102/1/1884 1958/1/1884
f 1958/1/2966 1102/1/2966 1101/1/2966
f 1101/1/2966 1956/1/2966 1958/1/2966
f 1101/1/1879 1100/1/1879 1957/1/1879
f 1957/1/1879 1956/1/1879 1101/1/1879
f 1100/1/1878 1083/1/1878 1925/1/1878
f 1925/1/1878 1957/1/1878 1100/1/1878
f 1952/1/2967 1957/1/1877 1925/1/2968
f 1925/1/2968 1924/1/1877 1952/1/2967
f 1953/1/1876 1952/1/1876 1924/1/1876
f 1924/1/1876 1923/1/1876 1953/1/1876
f 1962/1/2969 1963/1/2540 1964/1/2970
f 1964/1/2970 1965/1/2540 1962/1/2969
f 1966/1/2538 1967/1/2538 1963/1/2538
f 1963/1/2538 1962/1/2538 1966/1/2538
f 1963/1/2544 1968/1/2544 1969/1/2544
f 1969/1/2544 1964/1/2544 1963/1/2544
f 1967/1/2541 1970/1/2541 1968/1/2541
f 1968/1/2541 1963/1/2541 1967/1/2541
f 1965/1/2550 1971/1/2971 601/1/2550
f 601/1/2550 600/1/2550 1965/1/2550
f 610/1/2548 1962/1/2548 1965/1/2548
f 1965/1/2548 600/1/2548 610/1/2548
f 610/1/2547 609/1/2547 1966/1/2547
f 1966/1/2547 1962/1/2547 610/1/2547
f 609/1/2972 581/1/2546 1935/1/2973
f 1935/1/2973 1966/1/2546 609/1/2972
f 1966/1/2569 1935/1/2569 1937/1/2974
f 1937/1/2974 1967/1/2569 1966/1/2569
f 1936/1/2568 1970/1/2568 1967/1/2568
f 1967/1/2568 1937/1/2568 1936/1/2568
f 1219/1/2975 1970/1/2975 1936/1/2975
f 1936/1/2975 1196/1/2975 1219/1/2975
f 1970/1/2976 1219/1/2564 1218/1/2976
f 1218/1/2976 1968/1/2564 1970/1/2976
f 1968/1/2562 1218/1/2562 1217/1/2562
f 1217/1/2562 1969/1/2562 1968/1/2562
f 1217/1/2559 1216/1/2559 1972/1/2559
f 1972/1/2559 1969/1/2559 1217/1/2559
f 1964/1/2557 1969/1/2555 1972/1/2555
f 1972/1/2555 1973/1/2557 1964/1/2557
f 1965/1/2977 1964/1/2978 1973/1/2977
f 1973/1/2977 1971/1/2977 1965/1/2977
f 1974/1/2777 1975/1/2777 1976/1/2777
f 1976/1/2777 1977/1/2777 1974/1/2777
f 1978/1/2979 1979/1/2773 1975/1/2979
f 1975/1/2979 1974/1/2979 1978/1/2979
f 1975/1/2782 1980/1/2782 1981/1/2782
f 1981/1/2782 1976/1/2782 1975/1/2782
f 1975/1/2779 1979/1/2779 1982/1/2779
f 1982/1/2779 1980/1/2779 1975/1/2779
f 1977/1/2980 1983/1/2791 81/1/2791
f 81/1/2791 80/1/2791 1977/1/2980
f 1977/1/2788 80/1/2788 90/1/2789
f 90/1/2789 1974/1/2789 1977/1/2788
f 1974/1/2981 90/1/2981 89/1/2786
f 89/1/2786 1978/1/2786 1974/1/2981
f 89/1/2982 61/1/2785 1947/1/2983
f 1947/1/2983 1978/1/2785 89/1/2982
f 1949/1/2805 1979/1/2805 1978/1/2805
f 1978/1/2805 1947/1/2805 1949/1/2805
f 1948/1/2804 1982/1/2804 1979/1/2804
f 1979/1/2804 1949/1/2804 1948/1/2804
f 699/1/2803 1982/1/2803 1948/1/2803
f 1948/1/2803 677/1/2803 699/1/2803
f 1982/1/2802 699/1/2802 698/1/2802
f 698/1/2802 1980/1/2802 1982/1/2802
f 1981/1/2801 1980/1/2801 698/1/2801
f 698/1/2801 697/1/2801 1981/1/2801
f 697/1/2984 696/1/2797 1984/1/2797
f 1984/1/2797 1981/1/2984 697/1/2984
f 1976/1/2796 1981/1/2796 1984/1/2796
f 1984/1/2796 1985/1/2796 1976/1/2796
f 1976/1/2795 1985/1/2795 1983/1/2795
f 1983/1/2795 1977/1/2795 1976/1/2795
f 1986/1/2985 1987/1/1952 1988/1/2986
f 1988/1/2986 1989/1/1952 1986/1/2985
f 1990/1/2987 1991/1/1951 1987/1/2987
f 1987/1/2987 1986/1/1951 1990/1/2987
f 1987/1/1955 1992/1/2988 1993/1/2989
f 1993/1/2989 1988/1/1955 1987/1/1955
f 1994/1/1953 1992/1/1953 1987/1/1953
f 1987/1/1953 1991/1/1953 1994/1/1953
f 1959/1/1962 486/1/2990 508/1/1962
f 508/1/1962 1989/1/1964 1959/1/1962
f 1989/1/1961 508/1/1961 507/1/1961
f 507/1/1961 1986/1/1961 1989/1/1961
f 1990/1/2991 1986/1/2992 507/1/1959
f 507/1/1959 505/1/1959 1990/1/2991
f 1995/1/2993 1990/1/1956 505/1/1956
f 505/1/1956 506/1/1956 1995/1/2993
f 1995/1/1978 1996/1/1978 1991/1/1978
f 1991/1/1978 1990/1/1978 1995/1/1978
f 1994/1/1977 1991/1/1976 1996/1/1976
f 1996/1/1976 1997/1/1976 1994/1/1977
f 1994/1/1975 1997/1/1975 1123/1/1975
f 1123/1/1975 1122/1/1975 1994/1/1975
f 1994/1/1973 1122/1/2994 1121/1/1972
f 1121/1/1972 1992/1/1973 1994/1/1973
f 1121/1/2995 1120/1/2996 1993/1/2995
f 1993/1/2995 1992/1/1971 1121/1/2995
f 1120/1/2997 1103/1/2998 1961/1/2997
f 1961/1/2997 1993/1/1968 1120/1/2997
f 1988/1/1967 1993/1/2999 1961/1/2999
f 1961/1/2999 1960/1/2999 1988/1/1967
f 1989/1/1965 1988/1/1965 1960/1/1965
f 1960/1/1965 1959/1/1965 1989/1/1965
f 1998/1/3000 1999/1/3001 2000/1/3002
f 2000/1/3002 2001/1/3003 1998/1/3000
f 2002/1/2588 2003/1/2588 1999/1/2588
f 1999/1/2588 1998/1/2588 2002/1/2588
f 1999/1/3004 2004/1/3004 2005/1/3004
f 2005/1/3004 2000/1/2592 1999/1/3004
f 2003/1/3005 2006/1/2591 2004/1/3005
f 2004/1/3005 1999/1/2591 2003/1/3005
f 2001/1/2602 2007/1/2602 621/1/2602
f 621/1/2602 620/1/2602 2001/1/2602
f 630/1/2599 1998/1/2599 2001/1/2599
f 2001/1/2599 620/1/2599 630/1/2599
f 630/1/2597 629/1/2597 2002/1/2597
f 2002/1/2597 1998/1/2597 630/1/2597
f 629/1/2595 601/1/2595 1971/1/2595
f 1971/1/2595 2002/1/3006 629/1/2595
f 2002/1/2618 1971/1/2618 1973/1/2618
f 1973/1/2618 2003/1/2618 2002/1/2618
f 1972/1/2616 2006/1/2616 2003/1/2616
f 2003/1/2616 1973/1/2616 1972/1/2616
f 1239/1/3007 2006/1/2615 1972/1/2615
f 1972/1/2615 1216/1/2615 1239/1/3007
f 2006/1/2609 1239/1/2611 1238/1/2609
f 1238/1/2609 2004/1/2609 2006/1/2609
f 2004/1/2608 1238/1/2608 1237/1/2608
f 1237/1/2608 2005/1/2608 2004/1/2608
f 1237/1/2606 1236/1/2606 2008/1/2606
f 2008/1/2606 2005/1/2606 1237/1/2606
f 2000/1/2604 2005/1/2604 2008/1/2604
f 2008/1/2604 2009/1/2604 2000/1/2604
f 2001/1/2603 2000/1/2603 2009/1/2603
f 2009/1/2603 2007/1/2603 2001/1/2603
f 2010/1/2815 2011/1/2815 2012/1/2815
f 2012/1/2815 2013/1/2815 2010/1/2815
f 2014/1/2814 2015/1/2814 2011/1/2814
f 2011/1/2814 2010/1/2814 2014/1/2814
f 2011/1/2820 2016/1/2820 2017/1/2820
f 2017/1/2820 2012/1/2820 2011/1/2820
f 2011/1/3008 2015/1/2819 2018/1/2819
f 2018/1/2819 2016/1/2819 2011/1/3008
f 2013/1/3009 2019/1/3009 101/1/3010
f 101/1/3010 100/1/3011 2013/1/3009
f 2013/1/2825 100/1/2825 110/1/2825
f 110/1/2825 2010/1/2825 2013/1/2825
f 2014/1/2824 2010/1/2824 110/1/2824
f 110/1/2824 109/1/2824 2014/1/2824
f 109/1/3012 81/1/2823 1983/1/2823
f 1983/1/2823 2014/1/2823 109/1/3012
f 1985/1/2840 2015/1/3013 2014/1/2840
f 2014/1/2840 1983/1/2840 1985/1/2840
f 1984/1/2839 2018/1/3014 2015/1/2839
f 2015/1/2839 1985/1/2839 1984/1/2839
f 719/1/2838 2018/1/2838 1984/1/2838
f 1984/1/2838 696/1/2838 719/1/2838
f 2018/1/3015 719/1/2836 718/1/3016
f 718/1/3016 2016/1/2836 2018/1/3015
f 718/1/2835 717/1/2835 2017/1/3017
f 2017/1/3017 2016/1/2835 718/1/2835
f 717/1/2833 716/1/2833 2020/1/2833
f 2020/1/2833 2017/1/2833 717/1/2833
f 2012/1/2831 2017/1/2831 2020/1/2831
f 2020/1/2831 2021/1/2831 2012/1/2831
f 2012/1/2830 2021/1/2830 2019/1/2830
f 2019/1/2830 2013/1/2830 2012/1/2830
f 2022/1/2035 2023/1/2035 2024/1/2035
f 2024/1/2035 2025/1/3018 2022/1/2035
f 2026/1/2034 2027/1/2034 2023/1/3019
f 2023/1/3019 2022/1/3020 2026/1/2034
f 2023/1/2038 2028/1/2038 2029/1/2038
f 2029/1/2038 2024/1/2038 2023/1/2038
f 2030/1/3021 2028/1/2036 2023/1/3022
f 2023/1/3022 2027/1/2036 2030/1/3021
f 1995/1/3023 506/1/3024 528/1/3024
f 528/1/3024 2025/1/3025 1995/1/3023
f 2025/1/2043 528/1/2043 527/1/3026
f 527/1/3026 2022/1/2043 2025/1/2043
f 2026/1/2041 2022/1/2041 527/1/2041
f 527/1/2041 525/1/2041 2026/1/2041
f 525/1/2039 526/1/3027 1290/1/3028
f 1290/1/3028 2026/1/2039 525/1/2039
f 1295/1/3029 2027/1/2057 2026/1/3029
f 2026/1/3029 1290/1/2057 1295/1/3029
f 2030/1/3030 2027/1/2056 1295/1/3030
f 1295/1/3030 1294/1/3030 2030/1/3030
f 2030/1/2051 1294/1/2051 1143/1/2051
f 1143/1/2051 1142/1/3031 2030/1/2051
f 2030/1/3032 1142/1/3033 1141/1/3032
f 1141/1/3032 2028/1/2050 2030/1/3032
f 1141/1/3034 1140/1/3035 2029/1/2049
f 2029/1/2049 2028/1/2048 1141/1/3034
f 1140/1/2047 1123/1/3036 1997/1/3037
f 1997/1/3037 2029/1/2047 1140/1/2047
f 2024/1/2046 2029/1/2046 1997/1/3038
f 1997/1/3038 1996/1/2046 2024/1/2046
f 2025/1/3039 2024/1/2045 1996/1/2045
f 1996/1/2045 1995/1/2045 2025/1/3039
f 2031/1/2629 2032/1/3040 2033/1/2629
f 2033/1/2629 2034/1/2629 2031/1/2629
f 2035/1/2628 2036/1/2628 2032/1/2628
f 2032/1/2628 2031/1/2628 2035/1/2628
f 2032/1/3041 2037/1/2634 2038/1/3041
f 2038/1/3041 2033/1/2634 2032/1/3041
f 2036/1/3042 2039/1/3043 2037/1/3042
f 2037/1/3042 2032/1/2631 2036/1/3042
f 2034/1/3044 1306/1/2642 641/1/3044
f 641/1/3044 640/1/3044 2034/1/3044
f 650/1/3045 2031/1/2640 2034/1/2640
f 2034/1/2640 640/1/2640 650/1/3045
f 650/1/2638 649/1/2638 2035/1/2638
f 2035/1/2638 2031/1/2638 650/1/2638
f 649/1/3046 621/1/3046 2007/1/3046
f 2007/1/3046 2035/1/3046 649/1/3046
f 2035/1/2653 2007/1/2653 2009/1/2653
f 2009/1/2653 2036/1/2653 2035/1/2653
f 2008/1/2651 2039/1/3047 2036/1/2651
f 2036/1/2651 2009/1/2651 2008/1/2651
f 1259/1/2649 2039/1/2649 2008/1/2649
f 2008/1/2649 1236/1/2649 1259/1/2649
f 2039/1/2647 1259/1/2647 1258/1/3048
f 1258/1/3048 2037/1/2647 2039/1/2647
f 2037/1/2646 1258/1/2646 1257/1/2646
f 1257/1/2646 2038/1/2646 2037/1/2646
f 1257/1/3049 1256/1/3050 1308/1/3049
f 1308/1/3049 2038/1/3049 1257/1/3049
f 2038/1/2644 1308/1/2644 1307/1/2644
f 1307/1/2644 2033/1/2644 2038/1/2644
f 2034/1/2643 2033/1/2643 1307/1/2643
f 1307/1/2643 1306/1/2643 2034/1/2643
f 2040/1/2856 2041/1/2856 2042/1/2856
f 2042/1/2856 2043/1/2856 2040/1/2856
f 2044/1/3051 2045/1/3052 2041/1/2855
f 2041/1/2855 2040/1/3053 2044/1/3051
f 2041/1/3054 2046/1/2861 2047/1/2861
f 2047/1/2861 2042/1/2861 2041/1/3054
f 2041/1/2858 2045/1/2860 2048/1/2858
f 2048/1/2858 2046/1/2858 2041/1/2858
f 2043/1/2867 1321/1/2867 121/1/2867
f 121/1/2867 120/1/2867 2043/1/2867
f 2043/1/2866 120/1/2866 130/1/2866
f 130/1/2866 2040/1/2866 2043/1/2866
f 2044/1/3055 2040/1/2863 130/1/3055
f 130/1/3055 129/1/2865 2044/1/3055
f 129/1/3056 101/1/3056 2019/1/3057
f 2019/1/3057 2044/1/3058 129/1/3056
f 2021/1/3059 2045/1/2882 2044/1/2880
f 2044/1/2880 2019/1/2882 2021/1/3059
f 2020/1/2879 2048/1/2879 2045/1/2879
f 2045/1/2879 2021/1/2879 2020/1/2879
f 739/1/2877 2048/1/2877 2020/1/2877
f 2020/1/2877 716/1/3060 739/1/2877
f 2048/1/2874 739/1/2874 738/1/2874
f 738/1/2874 2046/1/2874 2048/1/2874
f 738/1/3061 737/1/2873 2047/1/3062
f 2047/1/3062 2046/1/2873 738/1/3061
f 737/1/3063 736/1/2871 1323/1/2871
f 1323/1/2871 2047/1/2871 737/1/3063
f 1323/1/2869 1322/1/2869 2042/1/2869
f 2042/1/2869 2047/1/2869 1323/1/2869
f 2043/1/3064 2042/1/2868 1322/1/2868
f 1322/1/2868 1321/1/2868 2043/1/3064
o C_rculo_006_C_rculo_007
v -4.468046 2.361081 -5.161694
v -4.396146 2.391881 -5.153994
v -4.327046 2.421381 -5.131194
v -4.263346 2.448681 -5.094194
v -4.207446 2.472581 -5.044294
v -4.161646 2.492181 -4.983594
v -4.127546 2.506781 -4.914294
v -4.106646 2.515681 -4.839094
v -4.099546 2.518781 -4.760894
v -4.106646 2.515681 -4.682693
v -4.127546 2.506781 -4.607494
v -4.161646 2.492181 -4.538194
v -4.207446 2.472581 -4.477394
v -4.263346 2.448681 -4.427594
v -4.327046 2.421381 -4.390494
v -4.396146 2.391881 -4.367694
v -4.468046 2.361081 -4.359994
v -4.539946 2.330281 -4.367694
v -4.609146 2.300781 -4.390494
v -4.672846 2.273481 -4.427594
v -4.728646 2.249581 -4.477394
v -4.774546 2.229981 -4.538194
v -4.808546 2.215381 -4.607494
v -4.829546 2.206481 -4.682693
v -4.836646 2.203381 -4.760894
v -4.829546 2.206481 -4.839094
v -4.808546 2.215381 -4.914294
v -4.774546 2.229981 -4.983594
v -4.728646 2.249581 -5.044294
v -4.539946 2.330281 -5.153994
v -4.672846 2.273481 -5.094194
v -4.609146 2.300781 -5.131194
v -4.777846 2.085581 -4.682693
v -4.731246 2.066381 -4.689693
v -4.737646 2.063581 -4.760894
v -4.784846 2.082481 -4.760894
v -4.557346 2.179881 -4.390493
v -4.621146 2.152581 -4.427594
v -4.416346 2.240181 -5.161694
v -4.488246 2.209481 -5.153994
v -4.155746 2.351681 -5.044294
v -4.109946 2.371281 -4.983594
v -4.488246 2.209481 -4.367694
v -4.557346 2.179881 -5.131194
v -4.211546 2.327781 -5.094194
v -4.416346 2.240181 -4.359994
v -4.621146 2.152581 -5.094193
v -4.275346 2.300581 -5.131194
v -4.344446 2.270981 -4.367694
v -4.676946 2.128681 -5.044293
v -4.344446 2.270981 -5.153994
v -4.275346 2.300581 -4.390494
v -4.722746 2.109081 -4.983593
v -4.211546 2.327781 -4.427594
v -4.756846 2.094481 -4.914293
v -4.155746 2.351681 -4.477394
v -4.777846 2.085581 -4.839094
v -4.109946 2.371281 -4.538194
v -4.075846 2.385881 -4.607494
v -4.054846 2.394881 -4.682693
v -4.756846 2.094481 -4.607493
v -4.047846 2.397881 -4.760894
v -4.722746 2.109081 -4.538194
v -4.054846 2.394881 -4.839094
v -4.676946 2.128681 -4.477394
v -4.075846 2.385881 -4.914294
v -4.639446 2.105681 -4.502793
v -4.651046 2.079581 -4.481894
v -4.696146 2.060281 -4.541694
v -4.681146 2.087781 -4.558094
v -4.073146 2.347881 -4.689693
v -4.092246 2.339781 -4.621194
v -4.712146 2.074481 -4.621194
v -4.066746 2.350681 -4.760894
v -4.073146 2.347881 -4.831994
v -4.092246 2.339781 -4.900494
v -4.588546 2.127381 -4.457494
v -4.123246 2.326481 -4.963593
v -4.530546 2.152181 -4.423694
v -4.467646 2.179081 -5.118793
v -4.402246 2.207081 -5.125794
v -4.164946 2.308581 -5.018894
v -4.467646 2.179081 -4.402994
v -4.530546 2.152181 -5.097994
v -4.215846 2.286881 -5.064294
v -4.402246 2.207081 -4.395994
v -4.588546 2.127381 -5.064294
v -4.273846 2.262081 -5.097994
v -4.336746 2.235181 -4.402994
v -4.639446 2.105681 -5.018894
v -4.336746 2.235181 -5.118793
v -4.273846 2.262081 -4.423694
v -4.681146 2.087781 -4.963593
v -4.215846 2.286881 -4.457494
v -4.712146 2.074481 -4.900494
v -4.164946 2.308581 -4.502794
v -4.731246 2.066381 -4.831994
v -4.123246 2.326481 -4.558094
v -4.533346 2.129981 -4.396394
v -4.465346 2.159081 -4.373994
v -4.405746 2.019681 -4.373994
v -4.473746 1.990581 -4.396394
v -4.059546 2.332681 -4.911794
v -4.038846 2.341481 -4.837794
v -4.596046 2.103081 -4.432894
v -4.093046 2.318281 -4.979994
v -4.465346 2.159081 -5.147694
v -4.394546 2.189281 -5.155293
v -4.138146 2.298981 -5.039794
v -4.533346 2.129981 -5.125294
v -4.193046 2.275481 -5.088794
v -4.394546 2.189281 -4.366394
v -4.596046 2.103081 -5.088794
v -4.255746 2.248681 -5.125294
v -4.323846 2.219581 -4.373994
v -4.651046 2.079581 -5.039793
v -4.323846 2.219581 -5.147694
v -4.255746 2.248681 -4.396394
v -4.696146 2.060281 -4.979994
v -4.193046 2.275481 -4.432894
v -4.729646 2.045981 -4.911794
v -4.138146 2.298981 -4.481894
v -4.750246 2.037181 -4.837793
v -4.093046 2.318281 -4.541694
v -4.757246 2.034181 -4.760894
v -4.059546 2.332681 -4.609894
v -4.750246 2.037181 -4.683894
v -4.038846 2.341481 -4.683894
v -4.729646 2.045981 -4.609894
v -4.031946 2.344481 -4.760894
v -4.196146 2.109281 -4.396394
v -4.194646 2.064581 -4.435393
v -4.255346 2.038581 -4.415394
v -4.264146 2.080181 -4.373994
v -4.473746 1.990581 -5.125294
v -4.405746 2.019681 -5.147694
v -4.133446 2.136181 -5.088794
v -4.078546 2.159681 -5.039793
v -4.334946 2.049981 -4.366394
v -4.536446 1.963781 -5.088794
v -4.196146 2.109281 -5.125294
v -4.591346 1.940181 -5.039793
v -4.264146 2.080181 -5.147694
v -4.636446 1.920881 -4.979994
v -4.334946 2.049981 -5.155293
v -4.133446 2.136181 -4.432894
v -4.670046 1.906581 -4.911794
v -4.078546 2.159681 -4.481894
v -4.690646 1.897781 -4.837793
v -4.033446 2.178981 -4.541694
v -4.697646 1.894781 -4.760894
v -3.999846 2.193281 -4.609894
v -4.690646 1.897781 -4.683894
v -3.979246 2.202081 -4.683894
v -4.670046 1.906581 -4.609894
v -3.972246 2.205081 -4.760894
v -4.636446 1.920881 -4.541694
v -3.979246 2.202081 -4.837793
v -4.591346 1.940181 -4.481894
v -3.999846 2.193281 -4.911794
v -4.536446 1.963781 -4.432894
v -4.033446 2.178981 -4.979994
v -4.049246 2.126781 -4.565194
v -3.998446 2.095081 -4.542294
v -4.043446 2.075881 -4.482694
v -4.089546 2.109581 -4.511794
v -4.587846 1.896381 -4.956594
v -4.547546 1.913581 -5.009893
v -4.255346 2.038581 -5.106394
v -4.318546 2.011581 -5.113093
v -4.138646 2.088581 -4.467994
v -4.617746 1.883581 -4.895694
v -4.636146 1.875681 -4.829594
v -4.642446 1.873081 -4.760894
v -4.019346 2.139581 -4.626094
v -4.636146 1.875681 -4.692094
v -4.000946 2.147481 -4.692094
v -4.617746 1.883581 -4.626094
v -3.994646 2.150181 -4.760894
v -4.587846 1.896381 -4.565194
v -4.000946 2.147481 -4.829594
v -4.547546 1.913581 -4.511794
v -4.019346 2.139581 -4.895694
v -4.498446 1.934581 -4.467994
v -4.049246 2.126781 -4.956594
v -4.442446 1.958581 -4.435393
v -4.381746 1.984581 -5.106394
v -4.089546 2.109581 -5.009893
v -4.381746 1.984581 -4.415394
v -4.442446 1.958581 -5.086294
v -4.138646 2.088581 -5.053794
v -4.318546 2.011581 -4.408594
v -4.498446 1.934581 -5.053794
v -4.194646 2.064581 -5.086294
v -3.878546 1.983481 -4.760894
v -3.885546 1.980481 -4.684093
v -3.944446 2.118181 -4.684093
v -3.937546 2.121181 -4.760894
v -4.653946 1.814681 -4.837594
v -4.660946 1.811681 -4.760894
v -3.965046 2.109381 -4.610293
v -4.653946 1.814681 -4.684093
v -4.633446 1.823481 -4.610293
v -4.599946 1.837781 -4.542294
v -3.944446 2.118181 -4.837594
v -4.554946 1.856981 -4.482694
v -3.965046 2.109381 -4.911394
v -4.500146 1.880481 -4.433694
v -3.998446 2.095081 -4.979393
v -4.437646 1.907181 -4.397394
v -4.369746 1.936281 -5.146694
v -4.299246 1.966381 -5.154294
v -4.043446 2.075881 -5.039093
v -4.369746 1.936281 -4.374993
v -4.437646 1.907181 -5.124293
v -4.098246 2.052381 -5.087994
v -4.299246 1.966381 -4.367393
v -4.500146 1.880481 -5.087994
v -4.160746 2.025681 -5.124293
v -4.228646 1.996581 -4.374993
v -4.554946 1.856981 -5.039093
v -4.228646 1.996581 -5.146694
v -4.160746 2.025681 -4.397394
v -4.599946 1.837781 -4.979393
v -4.098246 2.052381 -4.433694
v -4.633446 1.823481 -4.911394
v -3.939546 1.957381 -4.979393
v -3.955546 1.877481 -4.948793
v -3.926246 1.888181 -4.890294
v -3.906146 1.971681 -4.911394
v -4.541046 1.700081 -4.542294
v -4.574446 1.685781 -4.610293
v -3.885546 1.980481 -4.837594
v -4.496046 1.719281 -4.482694
v -4.441246 1.742781 -4.433694
v -4.378746 1.769481 -4.397394
v -4.310846 1.798481 -5.146694
v -4.240346 1.828681 -5.154294
v -3.984546 1.938181 -5.039093
v -4.310846 1.798481 -4.374993
v -4.378746 1.769481 -5.124293
v -4.039346 1.914681 -5.087994
v -4.240346 1.828681 -4.367393
v -4.441246 1.742781 -5.087994
v -4.101846 1.887981 -5.124293
v -4.169746 1.858881 -4.374993
v -4.496046 1.719281 -5.039093
v -4.169746 1.858881 -5.146694
v -4.101846 1.887981 -4.397394
v -4.541046 1.700081 -4.979393
v -4.039346 1.914681 -4.433694
v -4.574446 1.685781 -4.911394
v -3.984546 1.938181 -4.482694
v -4.595046 1.676981 -4.837594
v -3.939546 1.957381 -4.542294
v -4.602046 1.673981 -4.760894
v -3.906146 1.971681 -4.610293
v -4.595046 1.676981 -4.684093
v -3.846846 1.873381 -4.684894
v -3.867646 1.865681 -4.611794
v -3.926246 1.888181 -4.631393
v -3.908146 1.894781 -4.694894
v -4.341246 1.735981 -4.448294
v -4.396246 1.715881 -4.479494
v -4.281646 1.757881 -5.092693
v -4.219746 1.780581 -5.099194
v -3.995046 1.862981 -5.000093
v -4.281646 1.757881 -4.428994
v -4.341246 1.735981 -5.073493
v -4.043246 1.845281 -5.042193
v -4.219746 1.780581 -4.422493
v -4.396246 1.715881 -5.042193
v -4.098146 1.825181 -5.073493
v -4.157746 1.803281 -4.428994
v -4.444346 1.698281 -5.000093
v -4.157746 1.803281 -5.092693
v -4.098146 1.825181 -4.448294
v -4.483846 1.683781 -4.948793
v -4.043246 1.845281 -4.479494
v -4.513246 1.672981 -4.890294
v -3.995046 1.862981 -4.521594
v -4.531246 1.666381 -4.826894
v -3.955546 1.877481 -4.572894
v -4.537346 1.664181 -4.760894
v -4.531246 1.666381 -4.694894
v -4.513246 1.672981 -4.631393
v -3.902046 1.897081 -4.760894
v -4.483846 1.683781 -4.572894
v -3.908146 1.894781 -4.826894
v -4.444346 1.698281 -4.521594
v -3.867646 1.865681 -4.909894
v -3.819346 1.733781 -4.909894
v -3.798546 1.741481 -4.836794
v -3.846846 1.873381 -4.836794
v -4.543346 1.617981 -4.611794
v -4.564146 1.610381 -4.684894
v -3.839846 1.875981 -4.760894
v -4.509546 1.630381 -4.544494
v -4.464046 1.647081 -4.485494
v -4.408646 1.667381 -4.436994
v -3.901446 1.853381 -4.977194
v -4.345446 1.690581 -4.400993
v -4.276846 1.715681 -5.142894
v -4.205546 1.741881 -5.150293
v -3.946946 1.836681 -5.036294
v -4.276846 1.715681 -4.378894
v -4.345446 1.690581 -5.120694
v -4.002346 1.816381 -5.084694
v -4.205546 1.741881 -4.371394
v -4.408646 1.667381 -5.084694
v -4.065546 1.793181 -5.120694
v -4.134146 1.767981 -4.378894
v -4.464046 1.647081 -5.036294
v -4.134146 1.767981 -5.142894
v -4.065546 1.793181 -4.400993
v -4.509546 1.630381 -4.977194
v -4.002346 1.816381 -4.436994
v -4.543346 1.617981 -4.909894
v -3.946946 1.836681 -4.485494
v -4.564146 1.610381 -4.836794
v -3.901446 1.853381 -4.544494
v -4.571246 1.607781 -4.760894
v -3.910946 1.622281 -4.996694
v -3.898546 1.704781 -5.036294
v -3.953946 1.684381 -5.084694
v -3.959346 1.607681 -5.038094
v -4.360346 1.535481 -4.436994
v -4.415746 1.515181 -4.485494
v -3.853146 1.721381 -4.977194
v -4.297046 1.558681 -4.400993
v -4.228446 1.583781 -5.142894
v -4.157146 1.609981 -5.150293
v -4.228446 1.583781 -4.378894
v -4.297046 1.558681 -5.120694
v -4.157146 1.609981 -4.371394
v -4.360346 1.535481 -5.084694
v -4.017246 1.661281 -5.120694
v -4.085846 1.636081 -4.378894
v -4.415746 1.515181 -5.036294
v -4.085846 1.636081 -5.142894
v -4.017246 1.661281 -4.400993
v -4.461246 1.498481 -4.977194
v -3.953946 1.684381 -4.436994
v -4.495046 1.486081 -4.909894
v -3.898546 1.704781 -4.485494
v -4.515846 1.478481 -4.836794
v -3.853146 1.721381 -4.544494
v -4.522846 1.475881 -4.760894
v -3.819346 1.733781 -4.611794
v -4.515846 1.478481 -4.684894
v -3.798546 1.741481 -4.684894
v -4.495046 1.486081 -4.611794
v -3.791446 1.743981 -4.760894
v -4.461246 1.498481 -4.544494
v -4.125346 1.516381 -5.137994
v -4.054846 1.537681 -5.130794
v -4.074446 1.572981 -5.087893
v -4.136746 1.554181 -5.094294
v -4.136746 1.554181 -4.427394
v -4.199046 1.535481 -4.433794
v -4.314146 1.500781 -5.038094
v -4.258946 1.517381 -5.068893
v -4.014546 1.591081 -5.068893
v -4.074446 1.572981 -4.433794
v -4.362446 1.486181 -4.996694
v -4.014546 1.591081 -4.452794
v -4.402146 1.474181 -4.946094
v -3.959346 1.607681 -4.483593
v -4.431646 1.465281 -4.888494
v -3.910946 1.622281 -4.525094
v -4.449846 1.459881 -4.825893
v -3.871246 1.634181 -4.575593
v -4.456046 1.457981 -4.760894
v -3.841746 1.643081 -4.633294
v -4.449846 1.459881 -4.695794
v -3.823546 1.648581 -4.695794
v -4.431646 1.465281 -4.633294
v -3.817446 1.650481 -4.760894
v -4.402146 1.474181 -4.575593
v -3.823546 1.648581 -4.825893
v -4.362446 1.486181 -4.525094
v -3.841746 1.643081 -4.888494
v -4.314146 1.500781 -4.483593
v -3.871246 1.634181 -4.946094
v -4.258946 1.517381 -4.452794
v -4.199046 1.535481 -5.087893
v -3.791746 1.616981 -4.616494
v -3.754446 1.493281 -4.616494
v -3.787846 1.483181 -4.551293
v -3.825046 1.606881 -4.551293
v -3.924746 1.576881 -4.447294
v -3.987146 1.558081 -4.412394
v -4.425546 1.425881 -4.970394
v -4.458946 1.415881 -4.905193
v -3.869946 1.593381 -4.494194
v -4.479446 1.409681 -4.834394
v -4.486446 1.407581 -4.760894
v -4.479446 1.409681 -4.687294
v -3.771146 1.623181 -4.687294
v -4.458946 1.415881 -4.616494
v -3.764246 1.625281 -4.760894
v -4.425546 1.425881 -4.551293
v -3.771146 1.623181 -4.834394
v -4.380646 1.439481 -4.494194
v -3.791746 1.616981 -4.905193
v -4.325946 1.455981 -4.447294
v -3.825046 1.606881 -4.970394
v -4.263546 1.474781 -4.412394
v -4.195746 1.495181 -5.130794
v -3.869946 1.593381 -5.027493
v -4.195746 1.495181 -4.390994
v -4.263546 1.474781 -5.109294
v -3.924746 1.576881 -5.074394
v -4.125346 1.516381 -4.383694
v -4.325946 1.455981 -5.074394
v -3.987146 1.558081 -5.109294
v -4.054846 1.537681 -4.390994
v -4.380646 1.439481 -5.027493
v -3.765846 1.413881 -4.760894
v -3.726946 1.501581 -4.760894
v -3.733846 1.499481 -4.834394
v -3.771746 1.412581 -4.822393
v -4.442246 1.285981 -4.687294
v -4.449146 1.283881 -4.760894
v -3.733846 1.499481 -4.687294
v -4.421646 1.292181 -4.616494
v -4.388246 1.302281 -4.551293
v -4.343346 1.315781 -4.494194
v -3.754446 1.493281 -4.905193
v -4.288646 1.332281 -4.447294
v -3.787846 1.483181 -4.970394
v -4.226246 1.351081 -4.412394
v -4.088046 1.392681 -5.137994
v -4.158446 1.371481 -5.130794
v -3.832746 1.469681 -5.027493
v -4.158446 1.371481 -4.390994
v -4.226246 1.351081 -5.109294
v -3.887446 1.453181 -5.074394
v -4.088046 1.392681 -4.383694
v -4.288646 1.332281 -5.074394
v -3.949846 1.434381 -5.109294
v -4.017646 1.413981 -4.390994
v -4.343346 1.315781 -5.027493
v -4.017646 1.413981 -5.130794
v -3.949846 1.434381 -4.412394
v -4.388246 1.302281 -4.970394
v -3.887446 1.453181 -4.447294
v -4.421646 1.292181 -4.905193
v -3.832746 1.469681 -4.494194
v -4.442246 1.285981 -4.834394
v -4.074346 1.347381 -5.076494
v -4.134546 1.334381 -5.070394
v -4.131546 1.274781 -5.118494
v -4.061946 1.289781 -5.125494
v -4.292546 1.300281 -4.537694
v -4.330946 1.292081 -4.585494
v -3.789346 1.408781 -4.881594
v -4.245746 1.310381 -4.498394
v -3.817846 1.402681 -4.936193
v -4.192446 1.321881 -4.469294
v -3.856246 1.394381 -4.983994
v -4.134546 1.334381 -4.451293
v -4.192446 1.321881 -5.052394
v -3.902946 1.384281 -5.023293
v -4.074346 1.347381 -4.445293
v -4.245746 1.310381 -5.023293
v -3.956346 1.372781 -5.052394
v -4.014146 1.360281 -4.451293
v -4.292546 1.300281 -4.983994
v -4.014146 1.360281 -5.070394
v -3.956346 1.372781 -4.469294
v -4.330946 1.292081 -4.936193
v -3.902946 1.384281 -4.498394
v -4.359446 1.285881 -4.881594
v -3.856246 1.394381 -4.537694
v -4.376946 1.282081 -4.822393
v -3.817846 1.402681 -4.585494
v -4.382846 1.280881 -4.760894
v -3.789346 1.408781 -4.640094
v -4.376946 1.282081 -4.699294
v -3.771746 1.412581 -4.699294
v -4.359446 1.285881 -4.640094
v -4.314046 1.235481 -5.018694
v -4.286846 1.109481 -5.018694
v -4.232846 1.121081 -5.064094
v -4.260046 1.247081 -5.064094
v -3.809846 1.344181 -5.018694
v -3.765546 1.353681 -4.963493
v -4.131546 1.274781 -4.403193
v -4.198346 1.260381 -4.423894
v -4.198346 1.260381 -5.097794
v -3.863946 1.332481 -5.064094
v -4.061946 1.289781 -4.396194
v -3.925546 1.319181 -5.097794
v -3.992446 1.304781 -4.403193
v -3.992446 1.304781 -5.118494
v -3.925546 1.319181 -4.423894
v -4.358346 1.225881 -4.963493
v -3.863946 1.332481 -4.457594
v -4.391346 1.218781 -4.900393
v -3.809846 1.344181 -4.502994
v -4.411646 1.214381 -4.831994
v -3.765546 1.353681 -4.558293
v -4.418446 1.212881 -4.760894
v -3.732646 1.360781 -4.621294
v -4.411646 1.214381 -4.689693
v -3.712346 1.365181 -4.689693
v -4.391346 1.218781 -4.621294
v -3.705446 1.366681 -4.760894
v -4.358346 1.225881 -4.558293
v -3.712346 1.365181 -4.831994
v -4.314046 1.235481 -4.502994
v -3.732646 1.360781 -4.900393
v -4.260046 1.247081 -4.457594
v -4.324646 1.086781 -4.820494
v -4.307546 1.089781 -4.877793
v -4.364146 1.092781 -4.900393
v -4.384446 1.088481 -4.831994
v -3.965246 1.178781 -5.118494
v -3.898346 1.193281 -5.097794
v -3.898346 1.193281 -4.423894
v -3.965246 1.178781 -4.403193
v -4.331246 1.099881 -4.963493
v -4.034846 1.163781 -5.125494
v -3.836746 1.206581 -4.457594
v -3.782746 1.218181 -4.502994
v -3.738346 1.227781 -4.558293
v -4.391346 1.086981 -4.760894
v -3.705446 1.234881 -4.621294
v -4.384446 1.088481 -4.689693
v -3.685146 1.239181 -4.689693
v -4.364146 1.092781 -4.621294
v -3.678346 1.240681 -4.760894
v -4.331246 1.099881 -4.558293
v -3.685146 1.239181 -4.831994
v -4.286846 1.109481 -4.502994
v -3.705446 1.234881 -4.900393
v -4.232846 1.121081 -4.457594
v -3.738346 1.227781 -4.963493
v -4.171246 1.134381 -4.423894
v -4.104346 1.148881 -5.118494
v -3.782746 1.218181 -5.018694
v -4.104346 1.148881 -4.403193
v -4.171246 1.134381 -5.097794
v -3.836746 1.206581 -5.064094
v -4.034846 1.163781 -4.396194
v -4.307546 1.089781 -4.643894
v -4.347446 1.048881 -4.624694
v -4.367346 1.045381 -4.691394
v -4.324646 1.086781 -4.701194
v -3.778846 1.181481 -4.590994
v -3.816246 1.174981 -4.544693
v -4.330446 1.085781 -4.760894
v -3.750946 1.186281 -4.643894
v -3.733846 1.189281 -4.701194
v -3.728046 1.190281 -4.760894
v -4.279646 1.094581 -4.590994
v -3.733846 1.189281 -4.820494
v -4.242246 1.101081 -4.544693
v -3.750946 1.186281 -4.877793
v -4.196546 1.108981 -4.506694
v -3.778846 1.181481 -4.930694
v -4.144546 1.118081 -4.478394
v -4.088046 1.127881 -5.060694
v -4.029246 1.138081 -5.066494
v -3.816246 1.174981 -4.976994
v -4.088046 1.127881 -4.460994
v -4.144546 1.118081 -5.043293
v -3.861946 1.167081 -5.014994
v -4.029246 1.138081 -4.455194
v -4.196546 1.108981 -5.014994
v -3.913946 1.157981 -5.043293
v -3.970446 1.148181 -4.460994
v -4.242246 1.101081 -4.976994
v -3.970446 1.148181 -5.060694
v -3.913946 1.157981 -4.478394
v -4.279646 1.094581 -4.930694
v -3.861946 1.167081 -4.506694
v -4.218246 1.071281 -4.464993
v -4.196646 0.946281 -4.464993
v -4.249746 0.937081 -4.509294
v -4.271446 1.061981 -4.509294
v -3.672946 1.165781 -4.760894
v -3.679646 1.164681 -4.691394
v -4.315046 1.054481 -4.563193
v -3.679646 1.164681 -4.830294
v -3.699646 1.161181 -4.896994
v -3.732046 1.155581 -4.958494
v -4.157646 1.081781 -4.432094
v -4.091946 1.093181 -5.109794
v -4.023546 1.104981 -5.116693
v -3.775646 1.147981 -5.012494
v -4.091946 1.093181 -4.411894
v -4.157646 1.081781 -5.089594
v -3.828746 1.138781 -5.056694
v -4.023546 1.104981 -4.404994
v -4.218246 1.071281 -5.056694
v -3.889346 1.128281 -5.089594
v -3.955146 1.116881 -4.411894
v -4.271446 1.061981 -5.012494
v -3.955146 1.116881 -5.109794
v -3.889346 1.128281 -4.432094
v -4.315046 1.054481 -4.958494
v -3.828746 1.138781 -4.464993
v -4.347446 1.048881 -4.896994
v -3.775646 1.147981 -4.509294
v -4.367346 1.045381 -4.830294
v -3.732046 1.155581 -4.563193
v -4.374146 1.044181 -4.760894
v -3.699646 1.161181 -4.624694
v -4.001846 0.980081 -4.404994
v -3.993446 0.931381 -4.450794
v -4.053746 0.927881 -4.456794
v -4.070246 0.968281 -4.411894
v -3.710346 1.030681 -4.958494
v -3.677946 1.036281 -4.896994
v -4.136046 0.956881 -4.432094
v -4.070246 0.968281 -5.109794
v -4.001846 0.980081 -5.116693
v -3.753946 1.023081 -5.012494
v -4.136046 0.956881 -5.089594
v -3.807046 1.013881 -5.056694
v -4.196646 0.946281 -5.056694
v -3.867746 1.003381 -5.089594
v -3.933446 0.991981 -4.411894
v -4.249746 0.937081 -5.012494
v -3.933446 0.991981 -5.109794
v -3.867746 1.003381 -4.432094
v -4.293346 0.929581 -4.958494
v -3.807046 1.013881 -4.464993
v -4.325746 0.923981 -4.896994
v -3.753946 1.023081 -4.509294
v -4.345746 0.920481 -4.830294
v -3.710346 1.030681 -4.563193
v -4.352446 0.919281 -4.760894
v -3.677946 1.036281 -4.624694
v -4.345746 0.920481 -4.691394
v -3.658046 1.039681 -4.691394
v -4.325746 0.923981 -4.624694
v -3.651246 1.040881 -4.760894
v -4.293346 0.929581 -4.563193
v -3.658046 1.039681 -4.830294
v -3.821446 0.941081 -4.503094
v -3.797346 0.918781 -4.468994
v -3.857946 0.915381 -4.436594
v -3.874946 0.938081 -4.474394
v -4.165346 0.921581 -5.018694
v -4.111846 0.924581 -5.047294
v -3.874946 0.938081 -5.047294
v -3.821446 0.941081 -5.018694
v -3.933046 0.934781 -4.456794
v -4.212246 0.918881 -4.980093
v -3.933046 0.934781 -5.064994
v -4.250746 0.916681 -4.933094
v -3.993446 0.931381 -5.070893
v -4.279346 0.915081 -4.879494
v -3.774546 0.943781 -4.541594
v -4.297046 0.914081 -4.821294
v -3.736046 0.945981 -4.588593
v -4.302946 0.913681 -4.760894
v -3.707446 0.947581 -4.642194
v -4.297046 0.914081 -4.700394
v -3.689846 0.948581 -4.700394
v -4.279346 0.915081 -4.642194
v -3.683846 0.948981 -4.760894
v -4.250746 0.916681 -4.588593
v -3.689846 0.948581 -4.821294
v -4.212246 0.918881 -4.541594
v -3.707446 0.947581 -4.879494
v -4.165346 0.921581 -4.503094
v -3.736046 0.945981 -4.933094
v -4.111846 0.924581 -4.474394
v -4.053746 0.927881 -5.064994
v -3.774546 0.943781 -4.980093
v -3.668246 0.926181 -4.626493
v -3.661246 0.803181 -4.626493
v -3.693646 0.801281 -4.565794
v -3.700646 0.924281 -4.565794
v -4.283446 0.891081 -4.955894
v -4.315846 0.889281 -4.895194
v -3.744246 0.921781 -4.512594
v -4.335746 0.888181 -4.829294
v -4.342546 0.887781 -4.760894
v -4.335746 0.888181 -4.692393
v -3.648346 0.927281 -4.692393
v -4.315846 0.889281 -4.626493
v -3.641646 0.927681 -4.760894
v -4.283446 0.891081 -4.565794
v -3.648346 0.927281 -4.829294
v -4.239846 0.893581 -4.512594
v -3.668246 0.926181 -4.895194
v -4.186746 0.896581 -4.468994
v -3.700646 0.924281 -4.955894
v -4.126146 0.900081 -4.436594
v -4.060446 0.903781 -5.105093
v -3.992046 0.907681 -5.111894
v -3.744246 0.921781 -5.009093
v -4.060446 0.903781 -4.416594
v -4.126146 0.900081 -5.085194
v -3.797346 0.918781 -5.052693
v -3.992046 0.907681 -4.409794
v -4.186746 0.896581 -5.052693
v -3.857946 0.915381 -5.085194
v -3.923646 0.911581 -4.416594
v -4.239846 0.893581 -5.009093
v -3.923646 0.911581 -5.105093
v -3.641346 0.804281 -4.829294
v -3.676846 0.749281 -4.821794
v -3.670846 0.749281 -4.760894
v -3.634546 0.804681 -4.760894
v -4.328746 0.765181 -4.692393
v -4.335546 0.764781 -4.760894
v -3.641346 0.804281 -4.692393
v -4.308846 0.766281 -4.626493
v -4.276446 0.768081 -4.565794
v -4.232846 0.770581 -4.512594
v -3.661246 0.803181 -4.895194
v -4.179746 0.773581 -4.468994
v -3.693646 0.801281 -4.955894
v -4.119146 0.777081 -4.436594
v -3.985046 0.784681 -5.111894
v -4.053446 0.780781 -5.105093
v -3.737246 0.798781 -5.009093
v -4.053446 0.780781 -4.416594
v -4.119146 0.777081 -5.085194
v -3.790346 0.795781 -5.052693
v -3.985046 0.784681 -4.409794
v -4.179746 0.773581 -5.052693
v -3.850946 0.792381 -5.085194
v -3.916646 0.788581 -4.416594
v -4.232846 0.770581 -5.009093
v -3.916646 0.788581 -5.105093
v -3.850946 0.792381 -4.436594
v -4.276446 0.768081 -4.955894
v -3.790346 0.795781 -4.468994
v -4.308846 0.766281 -4.895194
v -3.737246 0.798781 -4.512594
v -4.328746 0.765181 -4.829294
v -3.791446 0.715381 -4.474294
v -3.851046 0.715181 -4.442493
v -3.863546 0.748781 -4.472494
v -3.809546 0.748881 -4.501294
v -4.203746 0.747881 -4.540093
v -4.242546 0.747781 -4.587394
v -3.694646 0.749181 -4.880294
v -4.156446 0.748081 -4.501294
v -3.723446 0.749181 -4.934294
v -4.102446 0.748181 -4.472494
v -4.043846 0.748281 -5.066994
v -3.982946 0.748481 -5.072994
v -3.762246 0.749081 -4.981594
v -4.043846 0.748281 -4.454694
v -4.102446 0.748181 -5.049294
v -3.809546 0.748881 -5.020393
v -3.982946 0.748481 -4.448694
v -4.156446 0.748081 -5.020393
v -3.863546 0.748781 -5.049294
v -3.922046 0.748681 -4.454694
v -4.203746 0.747881 -4.981594
v -3.922046 0.748681 -5.066994
v -4.242546 0.747781 -4.934294
v -4.271346 0.747781 -4.880294
v -3.762246 0.749081 -4.540093
v -4.289146 0.747681 -4.821794
v -3.723446 0.749181 -4.587394
v -4.295146 0.747681 -4.760894
v -3.694646 0.749181 -4.641394
v -4.289146 0.747681 -4.699994
v -3.676846 0.749281 -4.699994
v -4.271346 0.747781 -4.641394
v -3.696346 0.715581 -4.569394
v -3.664546 0.715681 -4.628994
v -3.664246 0.650081 -4.628994
v -3.696046 0.649981 -4.569394
v -4.301346 0.714081 -4.892694
v -4.269446 0.714181 -4.952293
v -3.739246 0.715481 -4.517194
v -4.320946 0.713981 -4.828094
v -4.327546 0.713981 -4.760894
v -4.320946 0.713981 -4.693594
v -3.644946 0.715781 -4.693594
v -4.301346 0.714081 -4.628994
v -3.638246 0.715781 -4.760894
v -4.269446 0.714181 -4.569394
v -3.644946 0.715781 -4.828094
v -4.226546 0.714281 -4.517194
v -3.664546 0.715681 -4.892694
v -4.174346 0.714381 -4.474294
v -3.696346 0.715581 -4.952293
v -4.114746 0.714581 -4.442493
v -4.050146 0.714681 -5.098894
v -3.982946 0.714881 -5.105494
v -3.739246 0.715481 -5.004494
v -4.050146 0.714681 -4.422894
v -4.114746 0.714581 -5.079294
v -3.791446 0.715381 -5.047394
v -3.982946 0.714881 -4.416193
v -4.174346 0.714381 -5.047394
v -3.851046 0.715181 -5.079294
v -3.915646 0.715081 -4.422894
v -4.226546 0.714281 -5.004494
v -3.915646 0.715081 -5.098894
v -4.049846 0.649081 -5.098894
v -4.114546 0.648881 -5.079294
v -4.174046 0.648781 -5.047394
v -4.226346 0.648581 -5.004494
v -4.269146 0.648481 -4.952293
v -4.301046 0.648381 -4.892694
v -4.320646 0.648381 -4.828094
v -4.327246 0.648381 -4.760894
v -4.320646 0.648381 -4.693594
v -4.301046 0.648381 -4.628994
v -4.269146 0.648481 -4.569394
v -4.226346 0.648581 -4.517194
v -4.174046 0.648781 -4.474294
v -4.114546 0.648881 -4.442493
v -4.049846 0.649081 -4.422894
v -3.982646 0.649181 -4.416193
v -3.915346 0.649381 -4.422894
v -3.850746 0.649581 -4.442493
v -3.791146 0.649681 -4.474294
v -3.738946 0.649881 -4.517194
v -3.644646 0.650081 -4.693594
v -3.637946 0.650081 -4.760894
v -3.644646 0.650081 -4.828094
v -3.664246 0.650081 -4.892694
v -3.696046 0.649981 -4.952293
v -3.738946 0.649881 -5.004494
v -3.791146 0.649681 -5.047394
v -3.850746 0.649581 -5.079294
v -3.915346 0.649381 -5.098894
v -3.982646 0.649181 -5.105494
vn 0.3934 -0.9194 -0.0000
vn 0.3933 -0.9194 0.0001
vn 0.3933 -0.9194 -0.0000
vn 0.3934 -0.9194 0.0001
vn 0.3931 -0.9195 0.0002
vn 0.3930 -0.9195 -0.0000
vn 0.3931 -0.9195 -0.0002
vn 0.3934 -0.9194 -0.0001
vn 0.3933 -0.9194 -0.0001
vn 0.3932 -0.9194 0.0002
vn 0.3932 -0.9194 -0.0000
vn 0.3932 -0.9195 -0.0001
vn 0.3710 0.9260 -0.0698
vn 0.3712 0.9259 -0.0695
vn 0.3711 0.9260 -0.0696
vn 0.3708 0.9261 -0.0699
vn 0.4334 0.1853 -0.8819
vn 0.4334 0.1857 -0.8819
vn 0.4335 0.1853 -0.8819
vn 0.4335 0.1854 -0.8818
vn 0.0901 0.0385 0.9952
vn 0.0901 0.0386 0.9952
vn -0.7107 -0.3039 0.6344
vn 0.2667 0.1142 -0.9570
vn 0.2668 0.1142 -0.9570
vn 0.2666 0.1142 -0.9570
vn 0.2667 0.1142 0.9570
vn 0.2672 0.1143 0.9568
vn 0.2670 0.1142 0.9569
vn 0.2670 0.1141 0.9569
vn -0.5835 -0.2497 0.7728
vn -0.5833 -0.2495 0.7730
vn -0.5833 -0.2496 0.7729
vn 0.0901 0.0385 -0.9952
vn 0.4335 0.1854 0.8819
vn 0.4336 0.1854 0.8818
vn 0.4334 0.1854 0.8819
vn -0.4334 -0.1854 0.8819
vn -0.4332 -0.1854 0.8820
vn -0.4335 -0.1854 0.8819
vn -0.4336 -0.1854 0.8818
vn -0.0901 -0.0385 -0.9952
vn 0.5832 0.2495 0.7730
vn 0.5833 0.2495 0.7730
vn 0.5832 0.2495 0.7731
vn -0.2669 -0.1142 0.9569
vn -0.2669 -0.1141 0.9570
vn -0.2670 -0.1143 0.9569
vn -0.2669 -0.1142 -0.9569
vn -0.2668 -0.1142 -0.9570
vn -0.2670 -0.1142 -0.9569
vn 0.7105 0.3041 0.6346
vn 0.7105 0.3044 0.6344
vn 0.7107 0.3043 0.6343
vn 0.7105 0.3040 0.6346
vn -0.0901 -0.0385 0.9952
vn -0.4336 -0.1855 -0.8818
vn -0.4334 -0.1853 -0.8819
vn -0.4334 -0.1854 -0.8819
vn -0.4336 -0.1856 -0.8818
vn 0.8106 0.3471 0.4716
vn 0.8109 0.3469 0.4713
vn 0.8108 0.3470 0.4713
vn 0.8108 0.3469 0.4714
vn -0.5832 -0.2495 -0.7730
vn -0.5834 -0.2497 -0.7728
vn -0.5833 -0.2495 -0.7730
vn 0.8799 0.3763 0.2902
vn -0.7107 -0.3041 -0.6344
vn -0.7109 -0.3041 -0.6342
vn -0.7106 -0.3041 -0.6344
vn 0.9150 0.3915 0.0978
vn 0.9150 0.3914 0.0980
vn 0.9148 0.3917 0.0982
vn 0.9148 0.3917 0.0983
vn -0.8107 -0.3468 -0.4716
vn -0.8106 -0.3466 -0.4719
vn -0.8108 -0.3469 -0.4715
vn 0.9151 0.3912 -0.0980
vn 0.9150 0.3914 -0.0980
vn 0.9150 0.3915 -0.0980
vn 0.9151 0.3913 -0.0974
vn -0.8798 -0.3764 -0.2903
vn -0.8797 -0.3768 -0.2902
vn 0.8799 0.3763 -0.2902
vn -0.9149 -0.3916 -0.0980
vn -0.9150 -0.3914 -0.0980
vn -0.9150 -0.3915 -0.0980
vn -0.9148 -0.3917 -0.0982
vn 0.8108 0.3470 -0.4713
vn 0.8108 0.3469 -0.4715
vn 0.8108 0.3469 -0.4714
vn 0.8111 0.3468 -0.4710
vn -0.9149 -0.3916 0.0980
vn -0.9150 -0.3914 0.0980
vn -0.9150 -0.3914 0.0979
vn -0.9150 -0.3914 0.0978
vn 0.7107 0.3043 -0.6342
vn 0.7109 0.3041 -0.6342
vn 0.7110 0.3042 -0.6340
vn 0.7107 0.3041 -0.6344
vn -0.8798 -0.3765 0.2901
vn -0.8798 -0.3766 0.2899
vn -0.8798 -0.3766 0.2902
vn -0.8798 -0.3764 0.2903
vn 0.5832 0.2494 -0.7731
vn -0.8108 -0.3469 0.4714
vn -0.8108 -0.3469 0.4715
vn -0.8108 -0.3469 0.4713
vn -0.8109 -0.3470 0.4713
vn 0.7197 -0.6002 -0.3491
vn 0.7199 -0.5997 -0.3494
vn 0.7197 -0.6002 -0.3490
vn 0.7196 -0.6004 -0.3490
vn -0.9011 0.3816 -0.2061
vn -0.9011 0.3815 -0.2061
vn -0.9011 0.3817 -0.2060
vn -0.9010 0.3817 -0.2059
vn 0.3463 0.9153 -0.2056
vn 0.3463 0.9153 -0.2058
vn 0.3464 0.9153 -0.2055
vn 0.3464 0.9154 -0.2051
vn -0.9261 0.3709 -0.0694
vn -0.9261 0.3709 -0.0695
vn -0.9261 0.3709 -0.0698
vn 0.2974 0.8943 -0.3343
vn 0.2974 0.8944 -0.3342
vn 0.2975 0.8941 -0.3347
vn -0.9261 0.3709 0.0695
vn -0.9261 0.3709 0.0694
vn -0.9261 0.3709 0.0698
vn 0.2261 0.8641 -0.4497
vn 0.2266 0.8640 -0.4497
vn 0.2264 0.8640 -0.4497
vn -0.9010 0.3818 0.2058
vn -0.9010 0.3819 0.2059
vn -0.9011 0.3817 0.2058
vn 0.1359 0.8254 -0.5480
vn 0.1356 0.8255 -0.5479
vn 0.1360 0.8253 -0.5480
vn 0.1361 0.8253 -0.5480
vn -0.8522 0.4026 0.3341
vn -0.8525 0.4022 0.3340
vn -0.8521 0.4028 0.3342
vn -0.8521 0.4027 0.3342
vn 0.0298 0.7800 -0.6251
vn 0.0297 0.7799 -0.6252
vn 0.0296 0.7800 -0.6251
vn 0.0297 0.7800 -0.6250
vn -0.2135 0.6758 0.7055
vn -0.7813 0.4329 0.4497
vn -0.7812 0.4330 0.4497
vn -0.7813 0.4331 0.4495
vn -0.0882 0.7293 -0.6785
vn -0.0881 0.7294 0.6784
vn -0.0882 0.7294 0.6784
vn -0.6909 0.4716 0.5480
vn -0.6911 0.4714 0.5479
vn -0.6910 0.4715 0.5480
vn -0.2137 0.6759 -0.7054
vn -0.2139 0.6759 -0.7052
vn -0.2138 0.6759 -0.7054
vn -0.2135 0.6758 -0.7055
vn 0.0297 0.7797 0.6255
vn 0.0300 0.7797 0.6254
vn 0.0299 0.7799 0.6252
vn 0.0298 0.7799 0.6252
vn -0.5846 0.5169 0.6254
vn -0.5845 0.5167 0.6256
vn -0.5846 0.5168 0.6254
vn -0.5847 0.5170 0.6252
vn -0.3414 0.6212 -0.7054
vn -0.3415 0.6212 -0.7053
vn -0.3413 0.6211 -0.7055
vn 0.1361 0.8254 0.5479
vn 0.1361 0.8255 0.5478
vn -0.4666 0.5675 0.6784
vn -0.4665 0.5677 0.6783
vn -0.4664 0.5676 -0.6785
vn -0.4667 0.5675 -0.6783
vn -0.4666 0.5677 -0.6782
vn -0.4666 0.5675 -0.6785
vn 0.2263 0.8641 0.4496
vn 0.2264 0.8640 0.4497
vn 0.2260 0.8642 0.4495
vn -0.3413 0.6211 0.7055
vn -0.5846 0.5169 -0.6254
vn -0.5847 0.5171 -0.6251
vn -0.5847 0.5168 -0.6254
vn -0.5842 0.5168 -0.6257
vn 0.2970 0.8944 0.3345
vn 0.2969 0.8944 0.3344
vn 0.2974 0.8944 0.3342
vn -0.6909 0.4715 -0.5480
vn -0.6908 0.4717 -0.5480
vn 0.3463 0.9153 0.2058
vn 0.3463 0.9153 0.2056
vn 0.3463 0.9153 0.2059
vn 0.3463 0.9152 0.2060
vn -0.7813 0.4329 -0.4497
vn -0.7813 0.4328 -0.4497
vn 0.3712 0.9260 0.0695
vn 0.3708 0.9261 0.0698
vn 0.3709 0.9260 0.0699
vn -0.8524 0.4022 -0.3343
vn -0.8522 0.4025 -0.3344
vn -0.8523 0.4023 -0.3343
vn -0.8523 0.4022 -0.3344
vn 0.2670 0.1142 -0.9569
vn 0.2671 0.1142 -0.9569
vn 0.2669 0.1142 -0.9569
vn 0.2668 0.1141 -0.9570
vn -0.1558 -0.9748 0.1598
vn -0.1561 -0.9747 0.1597
vn -0.1559 -0.9748 0.1598
vn -0.1557 -0.9748 0.1598
vn 0.6493 -0.6304 -0.4254
vn 0.6494 -0.6303 -0.4254
vn 0.6494 -0.6304 -0.4254
vn -0.1177 -0.9586 0.2594
vn -0.1177 -0.9586 0.2593
vn 0.5669 -0.6657 -0.4853
vn 0.5669 -0.6657 -0.4852
vn 0.3779 -0.7466 0.5476
vn 0.3778 -0.7467 0.5475
vn 0.3779 -0.7465 0.5477
vn 0.3780 -0.7465 0.5476
vn -0.0624 -0.9350 0.3491
vn -0.0623 -0.9350 0.3492
vn -0.0625 -0.9350 0.3492
vn -0.0626 -0.9350 0.3492
vn 0.4753 -0.7049 -0.5266
vn 0.4753 -0.7049 -0.5265
vn 0.4753 -0.7048 0.5266
vn 0.4753 -0.7049 0.5265
vn 0.0074 -0.9050 0.4254
vn 0.0075 -0.9050 0.4254
vn 0.0073 -0.9051 0.4252
vn 0.3780 -0.7465 -0.5476
vn 0.5671 -0.6656 0.4853
vn 0.5671 -0.6655 0.4853
vn 0.5669 -0.6657 0.4853
vn 0.0900 -0.8697 0.4853
vn 0.0899 -0.8697 0.4853
vn 0.2790 -0.7888 -0.5476
vn 0.2789 -0.7889 -0.5475
vn 0.2790 -0.7889 -0.5475
vn 0.2789 -0.7889 -0.5476
vn 0.6494 -0.6304 0.4254
vn 0.1816 -0.8305 0.5266
vn 0.1815 -0.8305 0.5266
vn 0.1816 -0.8305 -0.5266
vn 0.1816 -0.8305 -0.5265
vn 0.7194 -0.6006 0.3490
vn 0.7195 -0.6005 0.3488
vn 0.7196 -0.6004 0.3489
vn 0.7194 -0.6005 0.3491
vn 0.2789 -0.7889 0.5476
vn 0.0899 -0.8697 -0.4853
vn 0.0900 -0.8697 -0.4853
vn 0.7746 -0.5768 0.2594
vn 0.7746 -0.5769 0.2594
vn 0.7746 -0.5768 0.2595
vn 0.7746 -0.5768 0.2596
vn 0.0070 -0.9050 -0.4253
vn 0.0072 -0.9050 -0.4253
vn 0.0071 -0.9049 -0.4256
vn 0.0069 -0.9048 -0.4257
vn 0.8124 -0.5608 0.1597
vn 0.8127 -0.5605 0.1596
vn 0.8125 -0.5606 0.1597
vn 0.8125 -0.5607 0.1597
vn -0.0626 -0.9350 -0.3492
vn -0.0626 -0.9350 -0.3491
vn -0.0625 -0.9350 -0.3490
vn -0.0623 -0.9348 -0.3496
vn 0.8319 -0.5523 0.0539
vn 0.8318 -0.5525 0.0539
vn 0.8320 -0.5522 0.0538
vn -0.1177 -0.9586 -0.2594
vn 0.8319 -0.5523 -0.0539
vn 0.8320 -0.5521 -0.0541
vn 0.8319 -0.5522 -0.0540
vn -0.1556 -0.9748 -0.1596
vn -0.1555 -0.9748 -0.1597
vn -0.1556 -0.9748 -0.1597
vn -0.1556 -0.9748 -0.1598
vn 0.8125 -0.5605 -0.1600
vn 0.8126 -0.5606 -0.1597
vn 0.8123 -0.5609 -0.1600
vn 0.8125 -0.5605 -0.1603
vn -0.1749 -0.9831 -0.0541
vn -0.1751 -0.9831 -0.0540
vn -0.1748 -0.9831 -0.0541
vn -0.1747 -0.9831 -0.0540
vn 0.7745 -0.5769 -0.2593
vn 0.7746 -0.5768 -0.2594
vn -0.1750 -0.9831 0.0540
vn -0.1750 -0.9831 0.0539
vn -0.4672 0.5719 -0.6743
vn -0.4672 0.5723 -0.6739
vn -0.4672 0.5718 -0.6743
vn 0.2668 0.1141 0.9570
vn 0.2671 0.1143 0.9569
vn 0.2671 0.1142 0.9569
vn -0.5832 -0.2495 0.7731
vn 0.0900 0.0386 -0.9952
vn 0.0903 0.0387 -0.9952
vn 0.0903 0.0386 -0.9952
vn 0.4334 0.1854 0.8820
vn 0.4333 0.1854 0.8820
vn -0.4338 -0.1855 0.8817
vn -0.4333 -0.1854 0.8820
vn -0.0900 -0.0386 -0.9952
vn -0.0904 -0.0387 -0.9952
vn -0.0903 -0.0387 -0.9952
vn 0.5834 0.2495 0.7729
vn 0.5835 0.2495 0.7729
vn -0.2670 -0.1142 0.9569
vn -0.2671 -0.1142 0.9569
vn -0.2670 -0.1143 -0.9569
vn -0.2664 -0.1141 -0.9571
vn 0.7107 0.3041 0.6344
vn 0.7107 0.3039 0.6345
vn 0.7107 0.3044 0.6342
vn -0.0904 -0.0387 0.9952
vn -0.0901 -0.0386 0.9952
vn -0.0903 -0.0387 0.9952
vn -0.4331 -0.1854 -0.8821
vn 0.8108 0.3471 0.4714
vn 0.8108 0.3468 0.4716
vn 0.8107 0.3468 0.4718
vn -0.5832 -0.2495 -0.7731
vn 0.8799 0.3763 0.2900
vn 0.8800 0.3763 0.2897
vn 0.8798 0.3764 0.2903
vn -0.7108 -0.3041 -0.6342
vn 0.9150 0.3913 0.0982
vn 0.9150 0.3912 0.0986
vn -0.8108 -0.3469 -0.4714
vn -0.8109 -0.3468 -0.4714
vn -0.8109 -0.3469 -0.4713
vn -0.8109 -0.3469 -0.4712
vn 0.9150 0.3913 -0.0980
vn 0.9150 0.3915 -0.0977
vn -0.8798 -0.3763 -0.2905
vn -0.8797 -0.3761 -0.2908
vn 0.8799 0.3763 -0.2900
vn 0.8800 0.3763 -0.2897
vn -0.9150 -0.3914 -0.0981
vn -0.9150 -0.3913 -0.0980
vn 0.8108 0.3471 -0.4714
vn 0.8108 0.3473 -0.4711
vn 0.8108 0.3469 -0.4713
vn 0.8107 0.3468 -0.4716
vn -0.9150 -0.3914 0.0981
vn -0.9150 -0.3914 0.0977
vn 0.7107 0.3044 -0.6342
vn -0.8799 -0.3764 0.2901
vn -0.8800 -0.3763 0.2897
vn -0.8797 -0.3765 0.2905
vn -0.8795 -0.3767 0.2908
vn 0.5831 0.2495 -0.7731
vn 0.5832 0.2495 -0.7730
vn 0.5832 0.2495 -0.7731
vn 0.5830 0.2494 -0.7733
vn -0.8107 -0.3469 0.4717
vn 0.4334 0.1854 -0.8819
vn 0.4335 0.1854 -0.8819
vn 0.0903 0.0386 0.9952
vn 0.0903 0.0387 0.9952
vn -0.7108 -0.3041 0.6342
vn -0.2939 -0.8226 -0.4868
vn -0.2938 -0.8226 -0.4868
vn -0.2940 -0.8225 -0.4868
vn 0.2220 0.8666 0.4470
vn 0.2216 0.8666 0.4472
vn 0.2219 0.8666 0.4470
vn 0.2219 0.8665 0.4472
vn -0.3426 0.6252 0.7013
vn -0.3426 0.6252 0.7012
vn -0.3425 0.6252 0.7013
vn -0.5845 0.5217 -0.6215
vn 0.2922 0.8969 0.3320
vn 0.2923 0.8969 0.3320
vn -0.6900 0.4765 -0.5449
vn -0.6899 0.4766 -0.5448
vn -0.6900 0.4764 -0.5449
vn -0.6901 0.4765 -0.5447
vn 0.3411 0.9175 0.2048
vn 0.3412 0.9174 0.2046
vn 0.3410 0.9176 0.2043
vn 0.3409 0.9176 0.2046
vn -0.7799 0.4378 -0.4473
vn -0.7799 0.4379 -0.4472
vn -0.7800 0.4378 -0.4472
vn -0.7800 0.4380 -0.4469
vn 0.3654 0.9283 0.0690
vn 0.3655 0.9283 0.0689
vn 0.3655 0.9282 0.0691
vn 0.3657 0.9282 0.0691
vn -0.8505 0.4079 -0.3322
vn -0.8503 0.4079 -0.3325
vn 0.3655 0.9282 -0.0689
vn 0.3657 0.9282 -0.0691
vn 0.3658 0.9281 -0.0691
vn 0.3656 0.9282 -0.0692
vn -0.8991 0.3870 -0.2046
vn -0.8991 0.3871 -0.2046
vn 0.3410 0.9175 -0.2047
vn 0.3412 0.9174 -0.2049
vn 0.3411 0.9174 -0.2048
vn 0.3409 0.9176 -0.2046
vn -0.9238 0.3765 -0.0691
vn -0.9238 0.3766 -0.0692
vn -0.9239 0.3765 -0.0691
vn 0.2924 0.8967 -0.3323
vn 0.2923 0.8968 -0.3322
vn 0.2922 0.8968 -0.3321
vn 0.2921 0.8969 -0.3321
vn -0.9238 0.3765 0.0691
vn -0.9238 0.3766 0.0692
vn -0.9238 0.3767 0.0692
vn -0.9237 0.3767 0.0691
vn 0.2217 0.8666 -0.4470
vn 0.2217 0.8669 -0.4465
vn 0.2216 0.8667 -0.4469
vn -0.8990 0.3872 0.2045
vn -0.8991 0.3871 0.2046
vn -0.8990 0.3872 0.2046
vn 0.1319 0.8282 -0.5447
vn 0.1318 0.8282 -0.5447
vn -0.8505 0.4078 0.3323
vn -0.8505 0.4079 0.3322
vn 0.0262 0.7830 -0.6215
vn 0.0264 0.7830 -0.6215
vn 0.0265 0.7830 -0.6215
vn -0.2156 0.6794 0.7013
vn -0.2156 0.6795 0.7013
vn -0.2156 0.6794 0.7014
vn -0.2153 0.6792 0.7017
vn -0.7799 0.4381 0.4470
vn -0.7800 0.4380 0.4471
vn -0.0915 0.7327 -0.6744
vn -0.0912 0.7328 -0.6743
vn -0.0910 0.7328 -0.6743
vn -0.0914 0.7326 -0.6745
vn -0.0910 0.7328 0.6744
vn -0.0912 0.7327 0.6744
vn -0.6901 0.4766 0.5447
vn -0.6901 0.4765 0.5447
vn -0.6903 0.4763 0.5447
vn -0.6901 0.4766 0.5446
vn -0.2152 0.6795 -0.7014
vn -0.2156 0.6795 -0.7013
vn -0.2155 0.6795 -0.7013
vn -0.2153 0.6792 -0.7017
vn 0.0264 0.7830 0.6215
vn 0.0263 0.7830 0.6215
vn 0.0264 0.7829 0.6216
vn -0.5844 0.5217 0.6216
vn -0.5845 0.5217 0.6215
vn -0.5844 0.5217 0.6215
vn -0.3423 0.6252 -0.7014
vn -0.3426 0.6253 -0.7012
vn -0.3426 0.6252 -0.7012
vn -0.3425 0.6252 -0.7013
vn 0.1319 0.8282 0.5447
vn -0.4672 0.5719 0.6743
vn -0.4670 0.5719 0.6744
vn -0.4675 0.5717 0.6742
vn -0.4671 0.5717 0.6745
vn -0.9149 -0.3915 -0.0983
vn -0.9148 -0.3918 -0.0979
vn -0.9148 -0.3920 -0.0975
vn 0.9546 -0.2881 0.0753
vn -0.3710 -0.8551 -0.3621
vn -0.3709 -0.8552 -0.3621
vn -0.3709 -0.8551 -0.3621
vn 0.9547 -0.2881 -0.0752
vn 0.9547 -0.2880 -0.0752
vn 0.9547 -0.2881 -0.0753
vn 0.9546 -0.2881 -0.0753
vn -0.4236 -0.8780 -0.2231
vn -0.4238 -0.8779 -0.2229
vn -0.4236 -0.8780 -0.2230
vn -0.4237 -0.8779 -0.2230
vn 0.9276 -0.2999 -0.2227
vn 0.9276 -0.2997 -0.2229
vn -0.4508 -0.8894 -0.0753
vn -0.4509 -0.8894 -0.0753
vn -0.4509 -0.8894 -0.0754
vn -0.4508 -0.8894 -0.0755
vn 0.8748 -0.3222 -0.3619
vn 0.8747 -0.3223 -0.3620
vn 0.8749 -0.3220 -0.3618
vn -0.4510 -0.8893 0.0758
vn -0.4506 -0.8895 0.0753
vn -0.4508 -0.8894 0.0754
vn -0.4509 -0.8894 0.0754
vn 0.7977 -0.3553 -0.4874
vn 0.7977 -0.3553 -0.4873
vn 0.7976 -0.3551 -0.4876
vn 0.7976 -0.3552 -0.4875
vn -0.4238 -0.8779 0.2229
vn -0.4237 -0.8779 0.2229
vn -0.4238 -0.8779 0.2230
vn 0.6998 -0.3970 -0.5939
vn 0.6999 -0.3971 -0.5937
vn 0.6997 -0.3969 -0.5941
vn -0.3710 -0.8551 0.3620
vn -0.3711 -0.8551 0.3621
vn -0.3710 -0.8552 0.3620
vn -0.3710 -0.8552 0.3619
vn 0.5848 -0.4463 -0.6773
vn 0.5848 -0.4464 -0.6773
vn 0.5851 -0.4462 -0.6772
vn 0.3211 -0.5593 0.7643
vn 0.3211 -0.5592 0.7643
vn 0.3212 -0.5594 0.7642
vn -0.2940 -0.8221 0.4876
vn -0.2939 -0.8222 0.4874
vn -0.2940 -0.8222 0.4874
vn -0.2941 -0.8220 0.4876
vn 0.4570 -0.5010 -0.7350
vn 0.4572 -0.5011 -0.7348
vn 0.4568 -0.5009 -0.7352
vn 0.4569 -0.5010 0.7350
vn 0.4568 -0.5011 0.7350
vn 0.4569 -0.5011 0.7350
vn -0.1962 -0.7803 0.5938
vn -0.1961 -0.7804 0.5937
vn -0.1962 -0.7804 0.5937
vn 0.3212 -0.5594 -0.7642
vn 0.3212 -0.5594 -0.7641
vn 0.5848 -0.4464 0.6773
vn 0.5850 -0.4464 0.6771
vn -0.0806 -0.7311 0.6775
vn -0.0806 -0.7316 0.6770
vn -0.0806 -0.7310 0.6776
vn -0.0810 -0.7312 0.6773
vn 0.1827 -0.6184 -0.7644
vn 0.1827 -0.6184 -0.7643
vn 0.7000 -0.3972 0.5936
vn 0.6999 -0.3971 0.5937
vn 0.7001 -0.3973 0.5933
vn 0.6999 -0.3971 0.5936
vn 0.0469 -0.6763 0.7351
vn 0.0469 -0.6762 0.7352
vn 0.0468 -0.6764 0.7350
vn 0.0467 -0.6769 0.7346
vn 0.0469 -0.6765 -0.7350
vn 0.0468 -0.6765 -0.7350
vn 0.0467 -0.6765 -0.7350
vn 0.7977 -0.3554 0.4873
vn 0.7976 -0.3554 0.4873
vn 0.7976 -0.3553 0.4874
vn 0.7977 -0.3553 0.4872
vn 0.1826 -0.6182 0.7645
vn 0.1827 -0.6184 0.7643
vn -0.0806 -0.7315 -0.6770
vn -0.0810 -0.7313 -0.6773
vn -0.0810 -0.7312 -0.6773
vn 0.8746 -0.3223 0.3621
vn 0.8746 -0.3224 0.3620
vn -0.1961 -0.7804 -0.5937
vn -0.1962 -0.7804 -0.5937
vn 0.9276 -0.2998 0.2226
vn 0.9277 -0.2997 0.2227
vn 0.9276 -0.2998 0.2227
vn 0.9276 -0.2999 0.2227
vn -0.8745 0.3110 0.3723
vn -0.8744 0.3110 0.3723
vn 0.8107 0.3470 -0.4716
vn 0.8107 0.3470 -0.4715
vn -0.9148 -0.3918 0.0980
vn -0.9149 -0.3915 0.0985
vn 0.7106 0.3040 -0.6345
vn -0.8798 -0.3763 0.2904
vn 0.5833 0.2495 -0.7730
vn 0.5834 0.2495 -0.7729
vn -0.8109 -0.3469 0.4713
vn -0.8106 -0.3470 0.4717
vn -0.8107 -0.3469 0.4715
vn 0.4332 0.1853 -0.8821
vn 0.0902 0.0386 0.9952
vn 0.2669 0.1141 -0.9569
vn 0.2669 0.1141 -0.9570
vn 0.2668 0.1140 -0.9570
vn 0.2669 0.1141 0.9569
vn 0.2668 0.1140 0.9570
vn 0.2669 0.1141 0.9570
vn 0.2669 0.1142 0.9569
vn -0.5830 -0.2494 0.7732
vn 0.0902 0.0386 -0.9952
vn 0.0907 0.0388 -0.9951
vn 0.4335 0.1855 0.8818
vn 0.4332 0.1853 0.8821
vn -0.4335 -0.1855 0.8818
vn -0.4332 -0.1853 0.8821
vn -0.4336 -0.1855 0.8818
vn -0.0902 -0.0386 -0.9952
vn -0.0901 -0.0386 -0.9952
vn 0.5830 0.2494 0.7732
vn -0.2668 -0.1141 0.9570
vn -0.2673 -0.1145 0.9568
vn -0.2671 -0.1143 0.9569
vn -0.2668 -0.1141 -0.9570
vn -0.2673 -0.1145 -0.9568
vn -0.2671 -0.1143 -0.9569
vn 0.7106 0.3041 0.6345
vn -0.0899 -0.0386 0.9952
vn -0.0902 -0.0386 0.9952
vn -0.4332 -0.1853 -0.8821
vn -0.4335 -0.1855 -0.8818
vn 0.8106 0.3472 0.4715
vn 0.8108 0.3469 0.4715
vn 0.8107 0.3474 0.4713
vn -0.5835 -0.2496 -0.7728
vn 0.8798 0.3763 0.2905
vn 0.8798 0.3765 0.2901
vn 0.8798 0.3766 0.2901
vn -0.7106 -0.3040 -0.6345
vn -0.7107 -0.3043 -0.6342
vn 0.9150 0.3914 0.0981
vn 0.9150 0.3914 0.0983
vn -0.8107 -0.3469 -0.4715
vn 0.9150 0.3914 -0.0981
vn 0.9150 0.3914 -0.0982
vn 0.9150 0.3914 -0.0983
vn -0.8798 -0.3763 -0.2904
vn 0.8798 0.3765 -0.2901
vn 0.8796 0.3769 -0.2904
vn 0.8797 0.3765 -0.2904
vn 0.8798 0.3764 -0.2903
vn -0.2982 -0.9368 -0.1829
vn -0.2983 -0.9367 -0.1832
vn -0.2979 -0.9369 -0.1829
vn -0.2983 -0.9368 -0.1828
vn -0.0225 0.8395 -0.5429
vn -0.2115 0.7087 0.6731
vn -0.7921 0.3575 0.4948
vn -0.1085 0.7781 -0.6187
vn -0.1083 0.7782 0.6186
vn -0.1085 0.7781 0.6187
vn -0.1084 0.7782 0.6186
vn -0.6898 0.4161 0.5925
vn -0.2115 0.7087 -0.6731
vn -0.2115 0.7090 -0.6728
vn -0.0225 0.8395 0.5429
vn -0.5737 0.4840 0.6608
vn -0.3275 0.6340 -0.7005
vn -0.3274 0.6340 -0.7006
vn 0.0446 0.8906 0.4526
vn 0.0445 0.8906 0.4525
vn 0.0446 0.8906 0.4525
vn -0.4505 0.5579 0.6970
vn -0.4505 0.5579 -0.6970
vn 0.0930 0.9306 0.3539
vn 0.0930 0.9306 0.3540
vn -0.3274 0.6340 0.7006
vn -0.5737 0.4840 -0.6608
vn 0.1251 0.9596 0.2522
vn -0.6898 0.4161 -0.5925
vn 0.1440 0.9781 0.1505
vn -0.7921 0.3575 -0.4948
vn 0.1525 0.9870 0.0499
vn 0.1526 0.9870 0.0500
vn 0.1526 0.9870 0.0501
vn -0.8745 0.3110 -0.3723
vn -0.8744 0.3110 -0.3723
vn 0.1528 0.9870 -0.0497
vn 0.1526 0.9870 -0.0500
vn 0.1524 0.9871 -0.0500
vn -0.9321 0.2789 -0.2311
vn -0.9321 0.2788 -0.2312
vn -0.9321 0.2788 -0.2313
vn 0.1441 0.9781 -0.1505
vn 0.1440 0.9781 -0.1505
vn -0.9617 0.2626 -0.0784
vn -0.9618 0.2623 -0.0784
vn -0.9618 0.2625 -0.0782
vn 0.1251 0.9596 -0.2522
vn -0.9618 0.2624 0.0785
vn -0.9618 0.2623 0.0784
vn -0.9618 0.2624 0.0784
vn 0.0930 0.9306 -0.3539
vn -0.9321 0.2788 0.2312
vn 0.0446 0.8907 -0.4525
vn 0.0445 0.8906 -0.4525
vn -0.8986 -0.3290 0.2903
vn 0.8332 -0.5219 -0.1827
vn 0.8332 -0.5218 -0.1828
vn 0.8331 -0.5220 -0.1828
vn -0.3209 -0.9451 -0.0617
vn -0.3206 -0.9452 -0.0619
vn -0.3210 -0.9451 -0.0617
vn 0.7888 -0.5382 -0.2968
vn 0.7888 -0.5383 -0.2967
vn 0.7888 -0.5383 -0.2968
vn -0.3210 -0.9451 0.0617
vn -0.3208 -0.9451 0.0617
vn -0.3209 -0.9451 0.0617
vn 0.7245 -0.5617 -0.3996
vn 0.7245 -0.5616 -0.3997
vn 0.7246 -0.5615 -0.3995
vn -0.2980 -0.9369 0.1830
vn -0.2981 -0.9369 0.1827
vn -0.2984 -0.9368 0.1828
vn -0.2983 -0.9367 0.1835
vn 0.6425 -0.5918 -0.4868
vn 0.6426 -0.5917 -0.4868
vn 0.6424 -0.5919 -0.4867
vn -0.2542 -0.9205 0.2966
vn -0.2546 -0.9206 0.2961
vn -0.2542 -0.9206 0.2966
vn -0.2541 -0.9206 0.2966
vn 0.5460 -0.6273 -0.5553
vn 0.5461 -0.6272 -0.5553
vn 0.3254 -0.7082 0.6266
vn 0.3255 -0.7082 0.6265
vn 0.3253 -0.7081 0.6267
vn -0.1897 -0.8969 0.3995
vn -0.1897 -0.8969 0.3996
vn -0.1897 -0.8968 0.3996
vn 0.4390 -0.6665 -0.6026
vn 0.4389 -0.6664 -0.6027
vn 0.4390 -0.6664 -0.6026
vn 0.4390 -0.6664 -0.6027
vn 0.4389 -0.6667 0.6023
vn 0.4389 -0.6668 0.6023
vn 0.4390 -0.6666 0.6024
vn -0.1072 -0.8669 0.4868
vn -0.1076 -0.8669 0.4868
vn -0.1073 -0.8669 0.4868
vn 0.3254 -0.7080 -0.6268
vn 0.3252 -0.7081 -0.6267
vn 0.3253 -0.7081 -0.6267
vn 0.5461 -0.6273 0.5552
vn 0.5461 -0.6272 0.5553
vn 0.5460 -0.6272 0.5555
vn 0.5460 -0.6273 0.5553
vn -0.0113 -0.8314 0.5556
vn -0.0114 -0.8313 0.5557
vn -0.0115 -0.8317 0.5552
vn -0.0113 -0.8316 0.5552
vn 0.2093 -0.7506 -0.6268
vn 0.2093 -0.7506 -0.6267
vn 0.2092 -0.7505 -0.6269
vn 0.6425 -0.5914 0.4872
vn 0.6424 -0.5918 0.4869
vn 0.6425 -0.5918 0.4868
vn 0.6426 -0.5916 0.4869
vn 0.0959 -0.7922 0.6026
vn 0.0961 -0.7924 0.6024
vn 0.0958 -0.7923 0.6026
vn 0.0959 -0.7923 -0.6026
vn 0.0961 -0.7922 -0.6026
vn 0.0958 -0.7923 -0.6025
vn 0.7244 -0.5618 0.3995
vn 0.7245 -0.5617 0.3995
vn 0.2093 -0.7507 0.6266
vn 0.2094 -0.7506 0.6267
vn 0.2094 -0.7507 0.6265
vn 0.2092 -0.7507 0.6267
vn -0.0112 -0.8316 -0.5552
vn -0.0113 -0.8316 -0.5553
vn -0.0114 -0.8316 -0.5553
vn -0.0110 -0.8317 -0.5551
vn 0.7888 -0.5382 0.2969
vn 0.7888 -0.5381 0.2969
vn 0.7888 -0.5383 0.2968
vn -0.1077 -0.8669 -0.4868
vn -0.1074 -0.8669 -0.4868
vn -0.1078 -0.8669 -0.4868
vn 0.8332 -0.5220 0.1827
vn 0.8331 -0.5221 0.1827
vn 0.8332 -0.5219 0.1827
vn 0.8331 -0.5220 0.1828
vn -0.1895 -0.8968 -0.3998
vn -0.1895 -0.8967 -0.4000
vn -0.1894 -0.8969 -0.3997
vn -0.1896 -0.8969 -0.3995
vn 0.8558 -0.5137 0.0616
vn 0.8558 -0.5137 0.0614
vn 0.8558 -0.5136 0.0616
vn 0.8558 -0.5136 0.0617
vn -0.2541 -0.9205 -0.2968
vn -0.2541 -0.9205 -0.2966
vn -0.2541 -0.9205 -0.2967
vn -0.2540 -0.9205 -0.2968
vn 0.8557 -0.5137 -0.0618
vn 0.8557 -0.5138 -0.0619
vn 0.8556 -0.5139 -0.0618
vn -0.6722 0.4089 0.6172
vn 0.5957 0.2184 -0.7729
vn 0.5956 0.2184 -0.7730
vn 0.5959 0.2184 -0.7728
vn -0.8280 -0.3037 0.4714
vn -0.8280 -0.3036 0.4714
vn 0.4426 0.1622 -0.8819
vn 0.4422 0.1623 -0.8821
vn 0.4428 0.1621 -0.8818
vn 0.0919 0.0337 0.9952
vn 0.0920 0.0337 0.9952
vn 0.0921 0.0337 0.9952
vn -0.7258 -0.2661 0.6344
vn -0.7259 -0.2661 0.6343
vn 0.2725 0.0999 -0.9570
vn 0.2726 0.0999 -0.9569
vn 0.2724 0.0999 -0.9570
vn 0.2726 0.0999 0.9569
vn 0.2725 0.0999 0.9570
vn 0.2724 0.0999 0.9570
vn -0.5954 -0.2184 0.7732
vn -0.5952 -0.2183 0.7733
vn -0.5953 -0.2183 0.7733
vn -0.5954 -0.2185 0.7731
vn 0.0922 0.0338 -0.9952
vn 0.4424 0.1621 0.8820
vn 0.4427 0.1624 0.8818
vn 0.4426 0.1623 0.8819
vn 0.4423 0.1620 0.8821
vn -0.4427 -0.1622 0.8819
vn -0.4428 -0.1621 0.8818
vn -0.4425 -0.1622 0.8820
vn -0.4424 -0.1622 0.8820
vn -0.0922 -0.0338 -0.9952
vn -0.0923 -0.0338 -0.9952
vn 0.5955 0.2181 0.7732
vn -0.2726 -0.0999 0.9569
vn -0.2729 -0.0999 0.9568
vn -0.2725 -0.0999 0.9570
vn -0.2725 -0.0999 -0.9569
vn -0.2726 -0.0999 -0.9569
vn -0.2725 -0.0999 -0.9570
vn 0.7257 0.2662 0.6345
vn 0.7258 0.2661 0.6344
vn 0.7259 0.2660 0.6343
vn -0.0920 -0.0337 0.9952
vn -0.0919 -0.0337 0.9952
vn -0.4425 -0.1622 -0.8820
vn -0.4428 -0.1621 -0.8818
vn -0.4427 -0.1622 -0.8819
vn -0.4424 -0.1622 -0.8820
vn 0.8280 0.3036 0.4714
vn -0.5958 -0.2185 -0.7729
vn -0.5956 -0.2184 -0.7730
vn -0.5957 -0.2184 -0.7729
vn -0.5958 -0.2184 -0.7729
vn 0.8987 0.3291 0.2899
vn -0.7258 -0.2658 -0.6345
vn -0.7257 -0.2659 -0.6345
vn -0.7257 -0.2660 -0.6345
vn -0.7257 -0.2661 -0.6344
vn 0.9343 0.3426 0.0981
vn 0.9343 0.3428 0.0979
vn 0.9343 0.3426 0.0980
vn 0.9344 0.3425 0.0980
vn -0.8280 -0.3036 -0.4714
vn -0.8282 -0.3031 -0.4714
vn -0.8281 -0.3036 -0.4714
vn -0.8280 -0.3038 -0.4712
vn 0.9344 0.3425 -0.0980
vn 0.9344 0.3425 -0.0982
vn 0.9343 0.3426 -0.0982
vn 0.9344 0.3424 -0.0980
vn -0.8986 -0.3290 -0.2903
vn 0.8985 0.3293 -0.2902
vn -0.9344 -0.3425 -0.0980
vn -0.9344 -0.3426 -0.0978
vn -0.9344 -0.3424 -0.0983
vn 0.8280 0.3037 -0.4714
vn 0.8280 0.3036 -0.4714
vn 0.8280 0.3037 -0.4713
vn -0.9344 -0.3425 0.0980
vn -0.9344 -0.3426 0.0979
vn -0.9344 -0.3425 0.0982
vn -0.9344 -0.3425 0.0979
vn 0.7257 0.2660 -0.6345
vn 0.7258 0.2662 -0.6343
vn 0.7258 0.2661 -0.6344
vn 0.1505 -0.7276 0.6693
vn 0.1506 -0.7276 0.6692
vn -0.1561 0.6844 -0.7122
vn 0.0545 0.8122 0.5808
vn 0.0545 0.8123 0.5807
vn -0.5483 0.4720 0.6904
vn -0.5482 0.4720 0.6904
vn -0.2828 0.6131 -0.7377
vn 0.1311 0.8636 0.4869
vn 0.1313 0.8636 0.4867
vn 0.1314 0.8636 0.4867
vn -0.4159 0.5411 0.7309
vn -0.4159 0.5411 -0.7309
vn 0.1880 0.9046 0.3826
vn 0.1880 0.9046 0.3827
vn 0.1880 0.9045 0.3827
vn -0.2828 0.6131 0.7377
vn -0.5482 0.4720 -0.6904
vn 0.2264 0.9348 0.2737
vn 0.2266 0.9347 0.2739
vn 0.2264 0.9348 0.2738
vn -0.6722 0.4089 -0.6173
vn -0.6722 0.4089 -0.6172
vn -0.6721 0.4089 -0.6173
vn 0.2499 0.9543 0.1639
vn 0.2499 0.9543 0.1640
vn -0.7807 0.3549 -0.5143
vn 0.2606 0.9639 0.0547
vn 0.2606 0.9639 0.0546
vn 0.2605 0.9639 0.0548
vn -0.8679 0.3122 -0.3864
vn 0.2605 0.9639 -0.0550
vn 0.2606 0.9639 -0.0546
vn -0.9288 0.2828 -0.2396
vn -0.9288 0.2828 -0.2397
vn 0.2499 0.9543 -0.1640
vn 0.2499 0.9543 -0.1639
vn -0.9601 0.2675 -0.0814
vn -0.9601 0.2677 -0.0812
vn -0.9601 0.2676 -0.0814
vn 0.2267 0.9346 -0.2740
vn 0.2266 0.9347 -0.2739
vn -0.9601 0.2676 0.0812
vn -0.9601 0.2677 0.0812
vn -0.9601 0.2676 0.0813
vn -0.9601 0.2675 0.0812
vn 0.1877 0.9047 -0.3824
vn 0.1880 0.9045 -0.3827
vn 0.1878 0.9046 -0.3827
vn 0.1880 0.9046 -0.3827
vn -0.9288 0.2828 0.2396
vn 0.1313 0.8636 -0.4867
vn 0.1316 0.8637 -0.4865
vn -0.8679 0.3122 0.3864
vn 0.0545 0.8123 -0.5807
vn 0.0546 0.8123 -0.5807
vn -0.1562 0.6844 0.7122
vn -0.1561 0.6844 0.7122
vn -0.7807 0.3549 0.5143
vn -0.0421 0.7518 -0.6580
vn -0.0421 0.7518 0.6580
vn -0.0423 0.7518 0.6580
vn -0.8444 -0.2545 -0.4715
vn -0.8444 -0.2545 -0.4714
vn -0.8444 -0.2544 -0.4715
vn -0.0900 -0.8001 -0.5931
vn -0.0904 -0.8003 -0.5928
vn 0.7813 -0.5376 0.3170
vn 0.7814 -0.5375 0.3170
vn 0.7814 -0.5376 0.3170
vn -0.1947 -0.8318 -0.5199
vn -0.1950 -0.8317 -0.5199
vn -0.1947 -0.8317 -0.5199
vn -0.1949 -0.8317 -0.5199
vn 0.8296 -0.5232 0.1951
vn 0.8296 -0.5230 0.1953
vn 0.8296 -0.5231 0.1952
vn 0.8297 -0.5229 0.1952
vn -0.2841 -0.8587 -0.4264
vn -0.2842 -0.8586 -0.4266
vn -0.2842 -0.8586 -0.4267
vn -0.2841 -0.8587 -0.4265
vn 0.8544 -0.5154 0.0661
vn 0.8544 -0.5155 0.0659
vn 0.8544 -0.5153 0.0662
vn -0.3543 -0.8798 -0.3170
vn -0.3543 -0.8797 -0.3170
vn 0.8544 -0.5154 -0.0660
vn 0.8544 -0.5154 -0.0659
vn 0.8544 -0.5155 -0.0659
vn -0.4025 -0.8944 -0.1952
vn -0.4023 -0.8945 -0.1952
vn -0.4026 -0.8943 -0.1952
vn 0.8296 -0.5231 -0.1952
vn 0.8297 -0.5229 -0.1952
vn 0.8297 -0.5229 -0.1951
vn -0.4272 -0.9017 -0.0659
vn -0.4270 -0.9018 -0.0661
vn -0.4272 -0.9018 -0.0659
vn -0.4272 -0.9018 -0.0658
vn 0.7814 -0.5375 -0.3171
vn 0.7813 -0.5376 -0.3172
vn 0.7814 -0.5375 -0.3170
vn -0.4268 -0.9019 0.0661
vn -0.4269 -0.9019 0.0659
vn -0.4269 -0.9019 0.0662
vn -0.4271 -0.9017 0.0664
vn 0.7113 -0.5588 -0.4264
vn 0.7113 -0.5586 -0.4266
vn 0.7113 -0.5587 -0.4266
vn -0.4024 -0.8944 0.1952
vn -0.4026 -0.8943 0.1952
vn -0.4025 -0.8944 0.1952
vn 0.6222 -0.5854 -0.5198
vn 0.6223 -0.5852 -0.5199
vn 0.6222 -0.5854 -0.5199
vn 0.6220 -0.5855 -0.5199
vn -0.3543 -0.8798 0.3170
vn -0.3541 -0.8798 0.3170
vn 0.5171 -0.6174 -0.5928
vn 0.5172 -0.6173 -0.5929
vn 0.5170 -0.6173 -0.5930
vn 0.5169 -0.6171 -0.5933
vn 0.2765 -0.6897 0.6692
vn 0.2765 -0.6896 0.6693
vn 0.2766 -0.6896 0.6693
vn -0.2844 -0.8586 0.4265
vn -0.2846 -0.8585 0.4267
vn -0.2844 -0.8586 0.4266
vn -0.2842 -0.8586 0.4266
vn 0.4004 -0.6523 -0.6435
vn 0.4005 -0.6523 -0.6434
vn 0.4002 -0.6522 -0.6438
vn 0.4004 -0.6522 -0.6437
vn 0.4006 -0.6523 0.6435
vn 0.4005 -0.6525 0.6434
vn 0.4007 -0.6525 0.6432
vn 0.4007 -0.6522 0.6435
vn -0.1947 -0.8315 0.5204
vn -0.1950 -0.8317 0.5199
vn -0.1948 -0.8316 0.5200
vn -0.1949 -0.8317 0.5199
vn 0.2765 -0.6895 -0.6694
vn 0.2771 -0.6898 -0.6689
vn 0.2763 -0.6894 -0.6696
vn 0.2766 -0.6895 -0.6694
vn 0.5171 -0.6170 0.5932
vn 0.5171 -0.6171 0.5931
vn 0.5171 -0.6173 0.5929
vn -0.0902 -0.8003 0.5928
vn -0.0902 -0.8002 0.5929
vn -0.0900 -0.8001 0.5931
vn 0.1507 -0.7278 -0.6691
vn 0.1506 -0.7277 -0.6691
vn 0.1508 -0.7278 -0.6690
vn 0.1505 -0.7276 -0.6693
vn 0.6223 -0.5852 0.5198
vn 0.6222 -0.5853 0.5198
vn 0.6224 -0.5851 0.5198
vn 0.0269 -0.7650 0.6435
vn 0.0267 -0.7649 0.6436
vn 0.0269 -0.7650 0.6434
vn 0.0271 -0.7651 0.6433
vn 0.0271 -0.7651 -0.6434
vn 0.0272 -0.7651 -0.6434
vn 0.7113 -0.5586 0.4266
vn 0.7113 -0.5586 0.4265
vn -0.9107 0.4060 0.0766
vn -0.9107 0.4059 0.0766
vn 0.9529 0.2871 -0.0980
vn 0.9528 0.2872 -0.0980
vn 0.9529 0.2868 -0.0984
vn 0.9528 0.2872 -0.0981
vn -0.9162 -0.2761 -0.2904
vn -0.9161 -0.2762 -0.2907
vn -0.9163 -0.2761 -0.2902
vn 0.9162 0.2761 -0.2903
vn 0.9161 0.2762 -0.2907
vn 0.9162 0.2760 -0.2903
vn 0.9163 0.2761 -0.2903
vn -0.9529 -0.2873 -0.0975
vn -0.9528 -0.2872 -0.0980
vn 0.8444 0.2545 -0.4714
vn 0.8443 0.2546 -0.4715
vn 0.8445 0.2544 -0.4713
vn -0.9528 -0.2872 0.0980
vn -0.9528 -0.2872 0.0982
vn 0.7398 0.2232 -0.6347
vn 0.7399 0.2233 -0.6346
vn 0.7398 0.2231 -0.6348
vn 0.7400 0.2231 -0.6346
vn -0.9162 -0.2761 0.2903
vn -0.9162 -0.2761 0.2904
vn -0.9163 -0.2761 0.2902
vn 0.6075 0.1832 -0.7729
vn -0.8444 -0.2544 0.4715
vn -0.8444 -0.2545 0.4714
vn 0.4516 0.1362 -0.8818
vn 0.4515 0.1361 -0.8818
vn 0.4514 0.1361 -0.8819
vn 0.0939 0.0283 0.9952
vn 0.0938 0.0283 0.9952
vn 0.0936 0.0282 0.9952
vn -0.7401 -0.2230 0.6344
vn -0.7401 -0.2232 0.6344
vn 0.2778 0.0838 -0.9570
vn 0.2779 0.0838 -0.9570
vn 0.2777 0.0838 0.9570
vn -0.6074 -0.1831 0.7730
vn -0.6075 -0.1832 0.7729
vn -0.6073 -0.1830 0.7731
vn 0.0938 0.0283 -0.9952
vn 0.0936 0.0283 -0.9952
vn 0.0939 0.0283 -0.9952
vn 0.4515 0.1361 0.8818
vn 0.4513 0.1360 0.8820
vn 0.4516 0.1361 0.8818
vn 0.4514 0.1361 0.8819
vn -0.4514 -0.1360 0.8819
vn -0.4513 -0.1360 0.8820
vn -0.4515 -0.1360 0.8819
vn -0.0938 -0.0283 -0.9952
vn -0.0939 -0.0283 -0.9952
vn 0.6075 0.1832 0.7729
vn -0.2778 -0.0838 0.9570
vn -0.2777 -0.0838 0.9570
vn -0.2779 -0.0838 0.9569
vn -0.2779 -0.0838 -0.9569
vn -0.2779 -0.0838 -0.9570
vn -0.2778 -0.0838 -0.9570
vn 0.7401 0.2232 0.6344
vn 0.7399 0.2233 0.6346
vn 0.7402 0.2231 0.6343
vn -0.0937 -0.0283 0.9952
vn -0.0938 -0.0283 0.9952
vn -0.0937 -0.0282 0.9952
vn -0.0936 -0.0283 0.9952
vn -0.4513 -0.1360 -0.8820
vn -0.4515 -0.1360 -0.8819
vn -0.4514 -0.1360 -0.8819
vn -0.4512 -0.1360 -0.8820
vn 0.8444 0.2545 0.4714
vn 0.8445 0.2544 0.4713
vn -0.6071 -0.1829 -0.7733
vn -0.6074 -0.1831 -0.7730
vn -0.6074 -0.1828 -0.7731
vn 0.9162 0.2761 0.2904
vn 0.9162 0.2761 0.2902
vn -0.7401 -0.2230 -0.6344
vn -0.7401 -0.2229 -0.6345
vn 0.9528 0.2873 0.0978
vn 0.9528 0.2873 0.0977
vn 0.9528 0.2874 0.0977
vn 0.9528 0.2872 0.0980
vn 0.2083 -0.6081 0.7661
vn 0.2083 -0.6081 0.7660
vn 0.0542 0.9682 -0.2441
vn -0.8789 0.4203 0.2255
vn -0.8790 0.4202 0.2255
vn 0.0372 0.9417 -0.3343
vn -0.8175 0.4482 0.3617
vn -0.0003 0.9041 -0.4274
vn -0.0003 0.9040 -0.4275
vn -0.1490 0.7969 0.5854
vn -0.7300 0.4889 0.4776
vn -0.0625 0.8552 -0.5146
vn -0.0625 0.8552 0.5145
vn -0.0625 0.8552 0.5146
vn -0.6223 0.5404 0.5663
vn -0.1490 0.7969 -0.5854
vn -0.1491 0.7969 -0.5854
vn -0.0000 0.9040 0.4275
vn -0.0003 0.9040 0.4275
vn -0.5016 0.6003 0.6229
vn -0.2561 0.7324 -0.6309
vn 0.0372 0.9417 0.3343
vn -0.3765 0.6655 0.6444
vn -0.3765 0.6655 -0.6444
vn 0.0542 0.9682 0.2441
vn -0.2561 0.7324 0.6309
vn -0.5016 0.6003 -0.6229
vn 0.0569 0.9850 0.1626
vn 0.0571 0.9850 0.1627
vn 0.0567 0.9850 0.1628
vn -0.6223 0.5404 -0.5663
vn 0.0535 0.9943 0.0920
vn -0.7300 0.4889 -0.4776
vn 0.0499 0.9983 0.0296
vn 0.0499 0.9983 0.0295
vn -0.8175 0.4482 -0.3617
vn 0.0499 0.9983 -0.0295
vn 0.0499 0.9983 -0.0296
vn -0.8790 0.4202 -0.2255
vn 0.0536 0.9943 -0.0920
vn 0.0535 0.9943 -0.0920
vn -0.9107 0.4059 -0.0766
vn 0.0572 0.9850 -0.1628
vn 0.0571 0.9850 -0.1627
vn 0.0573 0.9850 -0.1630
vn 0.6201 0.1337 0.7731
vn 0.6202 0.1337 0.7729
vn -0.4468 -0.7496 0.4883
vn -0.4471 -0.7495 0.4882
vn -0.4468 -0.7497 0.4882
vn -0.4470 -0.7493 0.4886
vn 0.3531 -0.5771 -0.7364
vn 0.3532 -0.5770 -0.7364
vn 0.3530 -0.5770 -0.7365
vn 0.3535 -0.5773 -0.7361
vn 0.3531 -0.5770 0.7365
vn 0.3528 -0.5772 0.7365
vn 0.3530 -0.5771 0.7364
vn 0.3535 -0.5767 0.7366
vn -0.3430 -0.7270 0.5949
vn -0.3426 -0.7271 0.5950
vn -0.3433 -0.7269 0.5948
vn 0.2082 -0.6082 -0.7660
vn 0.2081 -0.6082 -0.7660
vn 0.2083 -0.6081 -0.7660
vn 0.4888 -0.5480 0.6788
vn 0.4889 -0.5480 0.6788
vn -0.2201 -0.7005 0.6788
vn -0.2201 -0.7006 0.6788
vn -0.2200 -0.7006 0.6788
vn -0.2201 -0.7005 0.6789
vn 0.0609 -0.6400 -0.7660
vn 0.0608 -0.6399 -0.7660
vn 0.0609 -0.6399 -0.7660
vn 0.0610 -0.6400 -0.7660
vn 0.6119 -0.5211 0.5950
vn 0.6119 -0.5212 0.5949
vn 0.6119 -0.5212 0.5950
vn -0.0837 -0.6714 0.7363
vn -0.0835 -0.6711 0.7367
vn -0.0837 -0.6710 0.7367
vn -0.0839 -0.6714 0.7363
vn -0.0838 -0.6713 -0.7364
vn -0.0838 -0.6712 -0.7366
vn -0.0837 -0.6714 -0.7364
vn -0.0842 -0.6712 -0.7365
vn 0.7163 -0.4986 0.4883
vn 0.7162 -0.4986 0.4883
vn 0.7162 -0.4986 0.4884
vn 0.7163 -0.4985 0.4883
vn 0.0608 -0.6399 0.7660
vn 0.0610 -0.6398 0.7661
vn -0.2200 -0.7005 -0.6788
vn -0.2202 -0.7005 -0.6789
vn -0.2200 -0.7005 -0.6789
vn -0.2202 -0.7005 -0.6788
vn 0.7981 -0.4810 0.3629
vn 0.7979 -0.4811 0.3632
vn 0.7981 -0.4809 0.3629
vn 0.7981 -0.4810 0.3628
vn -0.3426 -0.7271 -0.5949
vn -0.3425 -0.7268 -0.5954
vn -0.3426 -0.7272 -0.5948
vn -0.3428 -0.7270 -0.5950
vn 0.8546 -0.4688 0.2234
vn 0.8547 -0.4687 0.2234
vn 0.8546 -0.4689 0.2233
vn 0.8546 -0.4688 0.2235
vn -0.4471 -0.7496 -0.4882
vn -0.4471 -0.7494 -0.4883
vn -0.4473 -0.7495 -0.4881
vn 0.8832 -0.4629 0.0751
vn 0.8833 -0.4626 0.0754
vn 0.8832 -0.4628 0.0752
vn -0.5290 -0.7672 -0.3628
vn -0.5291 -0.7671 -0.3628
vn 0.8833 -0.4628 -0.0751
vn 0.8833 -0.4626 -0.0754
vn 0.8834 -0.4626 -0.0755
vn 0.8834 -0.4625 -0.0756
vn -0.5855 -0.7793 -0.2235
vn -0.5854 -0.7792 -0.2237
vn -0.5855 -0.7792 -0.2236
vn -0.5855 -0.7793 -0.2234
vn 0.8545 -0.4689 -0.2233
vn 0.8545 -0.4689 -0.2235
vn 0.8545 -0.4689 -0.2234
vn 0.8546 -0.4688 -0.2234
vn -0.6144 -0.7854 -0.0753
vn -0.6142 -0.7855 -0.0755
vn -0.6142 -0.7855 -0.0758
vn -0.6145 -0.7853 -0.0754
vn 0.7982 -0.4809 -0.3629
vn 0.7981 -0.4810 -0.3628
vn 0.7981 -0.4809 -0.3628
vn 0.7981 -0.4811 -0.3628
vn -0.6143 -0.7855 0.0755
vn -0.6143 -0.7855 0.0754
vn -0.6143 -0.7854 0.0754
vn -0.6144 -0.7854 0.0754
vn 0.7162 -0.4985 -0.4884
vn 0.7162 -0.4986 -0.4883
vn 0.7163 -0.4983 -0.4885
vn -0.5855 -0.7792 0.2240
vn -0.5855 -0.7793 0.2234
vn -0.5855 -0.7793 0.2235
vn -0.5854 -0.7792 0.2240
vn 0.6119 -0.5215 -0.5946
vn 0.6119 -0.5212 -0.5950
vn 0.6119 -0.5215 -0.5947
vn -0.5290 -0.7671 0.3629
vn -0.5290 -0.7671 0.3628
vn -0.5291 -0.7671 0.3628
vn 0.4888 -0.5480 -0.6788
vn 0.4889 -0.5480 -0.6788
vn 0.0213 0.9977 0.0644
vn 0.0211 0.9977 0.0645
vn 0.0212 0.9977 0.0645
vn -0.2836 -0.0612 0.9570
vn -0.2838 -0.0612 0.9569
vn -0.2835 -0.0612 0.9570
vn -0.2837 -0.0612 -0.9570
vn -0.2838 -0.0612 -0.9569
vn 0.7554 0.1630 0.6346
vn 0.7556 0.1629 0.6344
vn 0.7555 0.1630 0.6345
vn 0.7554 0.1631 0.6346
vn -0.0960 -0.0207 0.9952
vn -0.0959 -0.0208 0.9952
vn -0.0960 -0.0208 0.9952
vn -0.0958 -0.0206 0.9952
vn -0.4609 -0.0996 -0.8818
vn 0.8622 0.1859 0.4713
vn 0.8621 0.1858 0.4715
vn 0.8622 0.1857 0.4714
vn 0.8622 0.1859 0.4712
vn -0.6201 -0.1333 -0.7731
vn -0.6201 -0.1337 -0.7730
vn -0.6200 -0.1337 -0.7732
vn -0.6202 -0.1336 -0.7730
vn 0.9353 0.2020 0.2905
vn 0.9355 0.2016 0.2903
vn 0.9353 0.2020 0.2904
vn 0.9353 0.2019 0.2906
vn -0.7557 -0.1628 -0.6344
vn -0.7556 -0.1628 -0.6345
vn -0.7556 -0.1629 -0.6344
vn 0.9728 0.2099 0.0979
vn 0.9728 0.2097 0.0981
vn 0.9728 0.2096 0.0984
vn 0.9728 0.2100 0.0977
vn -0.8621 -0.1863 -0.4712
vn 0.9728 0.2097 -0.0983
vn 0.9728 0.2096 -0.0982
vn 0.9728 0.2097 -0.0980
vn 0.9728 0.2099 -0.0978
vn -0.9354 -0.2018 -0.2903
vn -0.9354 -0.2019 -0.2903
vn -0.9354 -0.2020 -0.2904
vn -0.9354 -0.2018 -0.2904
vn 0.9355 0.2016 -0.2903
vn 0.9355 0.2014 -0.2903
vn 0.9355 0.2015 -0.2902
vn 0.9355 0.2016 -0.2902
vn -0.9729 -0.2098 -0.0978
vn -0.9728 -0.2098 -0.0978
vn -0.9728 -0.2097 -0.0980
vn -0.9729 -0.2096 -0.0981
vn 0.8620 0.1859 -0.4715
vn 0.8621 0.1859 -0.4714
vn 0.8621 0.1861 -0.4714
vn 0.8621 0.1859 -0.4715
vn -0.9728 -0.2097 0.0981
vn -0.9728 -0.2099 0.0978
vn -0.9728 -0.2098 0.0979
vn -0.9728 -0.2096 0.0982
vn 0.7556 0.1627 -0.6345
vn 0.7554 0.1625 -0.6347
vn 0.7558 0.1630 -0.6342
vn 0.7557 0.1630 -0.6343
vn -0.9353 -0.2020 0.2905
vn -0.9354 -0.2021 0.2903
vn -0.9353 -0.2020 0.2904
vn -0.9353 -0.2019 0.2906
vn 0.6202 0.1338 -0.7729
vn 0.6204 0.1339 -0.7728
vn 0.6201 0.1337 -0.7731
vn -0.8621 -0.1859 0.4714
vn -0.8621 -0.1859 0.4713
vn 0.4606 0.0993 -0.8820
vn 0.4610 0.0992 -0.8818
vn 0.4608 0.0992 -0.8819
vn 0.4607 0.0994 -0.8820
vn 0.0957 0.0206 0.9952
vn 0.0956 0.0207 0.9952
vn 0.0958 0.0206 0.9952
vn -0.7557 -0.1631 0.6342
vn -0.7556 -0.1629 0.6344
vn -0.7556 -0.1631 0.6344
vn -0.7555 -0.1632 0.6344
vn 0.2836 0.0612 -0.9570
vn 0.2836 0.0611 -0.9570
vn 0.2838 0.0612 -0.9569
vn 0.2835 0.0611 0.9570
vn 0.2836 0.0612 0.9570
vn 0.2836 0.0611 0.9570
vn 0.2834 0.0610 0.9571
vn -0.6202 -0.1336 0.7730
vn -0.6203 -0.1338 0.7729
vn -0.6202 -0.1338 0.7729
vn -0.6201 -0.1338 0.7730
vn 0.0957 0.0206 -0.9952
vn 0.0958 0.0206 -0.9952
vn 0.0956 0.0207 -0.9952
vn 0.4608 0.0992 0.8819
vn 0.4610 0.0992 0.8818
vn 0.4610 0.0993 0.8818
vn 0.4610 0.0994 0.8818
vn -0.4609 -0.0996 0.8818
vn -0.4607 -0.0992 0.8820
vn -0.0957 -0.0206 -0.9952
vn -0.0956 -0.0206 -0.9952
vn -0.0958 -0.0206 -0.9952
vn 0.6677 -0.7266 -0.1618
vn 0.6677 -0.7266 -0.1619
vn 0.6677 -0.7267 -0.1617
vn 0.6677 -0.7267 -0.1615
vn -0.5675 0.7507 -0.3383
vn 0.0211 0.9996 0.0210
vn 0.0210 0.9996 0.0210
vn -0.6358 0.7272 -0.2586
vn -0.6358 0.7273 -0.2585
vn 0.0210 0.9996 -0.0210
vn 0.0211 0.9996 -0.0210
vn -0.6844 0.7108 -0.1623
vn -0.6844 0.7108 -0.1622
vn 0.0210 0.9977 -0.0645
vn 0.0211 0.9977 -0.0645
vn 0.0211 0.9977 -0.0644
vn -0.7096 0.7025 -0.0549
vn -0.7098 0.7022 -0.0555
vn -0.7097 0.7024 -0.0551
vn -0.7097 0.7023 -0.0553
vn 0.0191 0.9935 -0.1123
vn 0.0188 0.9935 -0.1120
vn -0.7097 0.7023 0.0552
vn -0.7097 0.7023 0.0553
vn -0.7096 0.7025 0.0549
vn 0.0120 0.9861 -0.1655
vn -0.6845 0.7107 0.1623
vn -0.6844 0.7108 0.1622
vn -0.0042 0.9747 -0.2236
vn -0.6359 0.7272 0.2586
vn -0.6358 0.7273 0.2585
vn -0.6357 0.7273 0.2586
vn -0.0333 0.9583 -0.2838
vn -0.0335 0.9583 -0.2838
vn -0.0336 0.9583 -0.2838
vn -0.1393 0.9100 0.3904
vn -0.1394 0.9100 0.3904
vn -0.5675 0.7507 0.3383
vn -0.5675 0.7507 0.3382
vn -0.0783 0.9367 -0.3413
vn -0.0785 0.9367 -0.3413
vn -0.0783 0.9367 0.3413
vn -0.4848 0.7796 0.3965
vn -0.4847 0.7796 0.3966
vn -0.1392 0.9101 -0.3903
vn -0.1394 0.9100 -0.3904
vn -0.0335 0.9583 0.2838
vn -0.3940 0.8120 0.4306
vn -0.3941 0.8122 0.4302
vn -0.2152 0.8793 -0.4249
vn -0.0043 0.9747 0.2237
vn -0.0042 0.9747 0.2236
vn -0.3019 0.8459 0.4396
vn -0.3019 0.8460 0.4395
vn -0.3019 0.8459 -0.4396
vn -0.3019 0.8460 -0.4395
vn 0.0120 0.9861 0.1655
vn 0.0120 0.9861 0.1656
vn -0.2152 0.8793 0.4249
vn -0.3940 0.8120 -0.4306
vn -0.3941 0.8120 -0.4306
vn 0.0191 0.9935 0.1122
vn 0.0191 0.9935 0.1123
vn -0.4848 0.7796 -0.3965
vn -0.4847 0.7796 -0.3966
vn -0.4847 0.7796 -0.3965
vn 0.6251 0.1084 -0.7730
vn 0.6249 0.1085 -0.7731
vn 0.6248 0.1086 -0.7732
vn -0.4051 -0.9127 -0.0546
vn -0.4052 -0.9126 -0.0545
vn -0.4051 -0.9127 -0.0545
vn -0.4048 -0.9128 -0.0547
vn 0.6265 -0.7338 -0.2629
vn 0.6260 -0.7341 -0.2630
vn 0.6264 -0.7338 -0.2629
vn -0.4051 -0.9126 0.0546
vn -0.4051 -0.9126 0.0547
vn 0.5664 -0.7443 -0.3539
vn 0.5665 -0.7441 -0.3541
vn 0.5664 -0.7444 -0.3538
vn 0.5666 -0.7442 -0.3538
vn -0.3840 -0.9090 0.1619
vn -0.3839 -0.9091 0.1619
vn -0.3841 -0.9090 0.1619
vn 0.4903 -0.7576 -0.4309
vn 0.4904 -0.7575 -0.4310
vn 0.4903 -0.7575 -0.4310
vn 0.4904 -0.7574 -0.4311
vn -0.3430 -0.9018 0.2628
vn -0.3430 -0.9019 0.2628
vn -0.3429 -0.9019 0.2627
vn 0.4009 -0.7729 -0.4919
vn 0.4009 -0.7729 -0.4918
vn 0.1957 -0.8085 0.5550
vn 0.1954 -0.8084 0.5552
vn 0.1955 -0.8084 0.5552
vn -0.2828 -0.8916 0.3537
vn -0.2832 -0.8913 0.3541
vn -0.2831 -0.8914 0.3540
vn -0.2828 -0.8916 0.3536
vn 0.3013 -0.7901 -0.5338
vn 0.3013 -0.7902 -0.5337
vn 0.3014 -0.7899 0.5341
vn 0.3013 -0.7899 0.5341
vn 0.3014 -0.7900 0.5339
vn -0.2069 -0.8782 0.4313
vn -0.2068 -0.8782 0.4313
vn 0.1957 -0.8085 -0.5550
vn 0.1956 -0.8084 -0.5551
vn 0.1958 -0.8085 -0.5549
vn 0.4010 -0.7729 0.4919
vn 0.4009 -0.7729 0.4918
vn 0.4010 -0.7729 0.4918
vn 0.4011 -0.7728 0.4919
vn -0.1171 -0.8628 0.4918
vn -0.1172 -0.8628 0.4918
vn -0.1170 -0.8626 0.4923
vn 0.0880 -0.8271 -0.5552
vn 0.0879 -0.8270 -0.5553
vn 0.0880 -0.8271 -0.5551
vn 0.0880 -0.8272 -0.5550
vn 0.4904 -0.7575 0.4310
vn 0.4904 -0.7575 0.4309
vn 0.4904 -0.7574 0.4311
vn -0.0175 -0.8455 0.5337
vn -0.0173 -0.8455 0.5336
vn -0.0174 -0.8457 0.5334
vn -0.0177 -0.8455 0.5337
vn -0.0174 -0.8457 -0.5334
vn -0.0172 -0.8457 -0.5334
vn -0.0176 -0.8456 -0.5335
vn 0.5664 -0.7445 0.3535
vn 0.5668 -0.7442 0.3534
vn 0.5668 -0.7441 0.3536
vn 0.5666 -0.7442 0.3538
vn 0.0881 -0.8273 0.5549
vn 0.0880 -0.8273 0.5548
vn 0.0880 -0.8272 0.5550
vn -0.1171 -0.8628 -0.4918
vn -0.1172 -0.8627 -0.4919
vn 0.6263 -0.7339 0.2629
vn 0.6264 -0.7338 0.2629
vn 0.6265 -0.7338 0.2629
vn -0.2069 -0.8782 -0.4311
vn -0.2069 -0.8783 -0.4311
vn -0.2070 -0.8782 -0.4312
vn -0.2068 -0.8783 -0.4311
vn 0.6677 -0.7267 0.1617
vn 0.6677 -0.7267 0.1614
vn 0.6677 -0.7266 0.1618
vn 0.6677 -0.7267 0.1618
vn -0.2830 -0.8915 -0.3537
vn -0.2830 -0.8915 -0.3538
vn -0.2831 -0.8914 -0.3539
vn -0.2832 -0.8914 -0.3538
vn 0.6885 -0.7232 0.0549
vn 0.6885 -0.7231 0.0550
vn 0.6884 -0.7232 0.0549
vn -0.3430 -0.9019 -0.2628
vn -0.3429 -0.9019 -0.2628
vn -0.3430 -0.9018 -0.2628
vn -0.3430 -0.9018 -0.2627
vn 0.6885 -0.7232 -0.0548
vn 0.6887 -0.7230 -0.0547
vn -0.3841 -0.9090 -0.1620
vn -0.3840 -0.9090 -0.1622
vn -0.3840 -0.9090 -0.1621
vn -0.3841 -0.9090 -0.1619
vn -0.0145 0.7110 -0.7030
vn -0.0146 0.7110 -0.7030
vn -0.8689 -0.1510 0.4715
vn -0.8690 -0.1507 0.4714
vn 0.4648 0.0803 -0.8818
vn 0.4647 0.0804 -0.8818
vn 0.4647 0.0803 -0.8818
vn 0.4645 0.0805 -0.8819
vn 0.0965 0.0167 0.9952
vn 0.0966 0.0167 0.9952
vn -0.7617 -0.1322 0.6342
vn 0.2855 0.0495 -0.9571
vn 0.2856 0.0496 -0.9571
vn 0.2858 0.0496 -0.9570
vn 0.2857 0.0496 0.9570
vn 0.2856 0.0496 0.9571
vn 0.2855 0.0495 0.9571
vn 0.2858 0.0496 0.9570
vn -0.6252 -0.1084 0.7729
vn -0.6251 -0.1083 0.7730
vn 0.0966 0.0167 -0.9952
vn 0.0965 0.0167 -0.9952
vn 0.4645 0.0806 0.8819
vn 0.4644 0.0807 0.8820
vn 0.4645 0.0805 0.8819
vn 0.4648 0.0803 0.8818
vn -0.4646 -0.0805 0.8819
vn -0.4648 -0.0804 0.8818
vn -0.4644 -0.0806 0.8820
vn -0.0966 -0.0167 -0.9952
vn 0.6251 0.1084 0.7730
vn 0.6252 0.1084 0.7729
vn 0.6250 0.1084 0.7731
vn -0.2855 -0.0495 0.9571
vn -0.2856 -0.0494 0.9571
vn -0.2857 -0.0496 0.9570
vn -0.2856 -0.0496 0.9571
vn -0.2854 -0.0494 -0.9571
vn -0.2858 -0.0496 -0.9570
vn -0.2855 -0.0495 -0.9571
vn -0.2856 -0.0496 -0.9571
vn 0.7616 0.1321 0.6344
vn -0.0966 -0.0167 0.9952
vn -0.4644 -0.0806 -0.8820
vn -0.4648 -0.0804 -0.8818
vn -0.4646 -0.0805 -0.8819
vn -0.4641 -0.0806 -0.8821
vn 0.8690 0.1506 0.4713
vn 0.8689 0.1510 0.4715
vn 0.8690 0.1507 0.4713
vn 0.8690 0.1507 0.4714
vn -0.6251 -0.1084 -0.7730
vn -0.6250 -0.1084 -0.7730
vn 0.9428 0.1636 0.2903
vn 0.9429 0.1635 0.2902
vn 0.9429 0.1635 0.2903
vn -0.7617 -0.1320 -0.6343
vn -0.7618 -0.1319 -0.6343
vn -0.7614 -0.1323 -0.6346
vn 0.9806 0.1700 0.0980
vn 0.9805 0.1701 0.0981
vn -0.8690 -0.1505 -0.4713
vn -0.8690 -0.1507 -0.4714
vn -0.8691 -0.1504 -0.4713
vn 0.9806 0.1701 -0.0979
vn 0.9806 0.1700 -0.0980
vn 0.9805 0.1701 -0.0979
vn 0.9805 0.1704 -0.0975
vn -0.9429 -0.1635 -0.2903
vn 0.9429 0.1635 -0.2903
vn 0.9429 0.1633 -0.2903
vn -0.9806 -0.1700 -0.0981
vn -0.9806 -0.1700 -0.0980
vn -0.9805 -0.1701 -0.0979
vn 0.8689 0.1510 -0.4715
vn 0.8690 0.1507 -0.4714
vn -0.9806 -0.1700 0.0980
vn -0.9806 -0.1700 0.0978
vn -0.9806 -0.1701 0.0979
vn 0.7616 0.1323 -0.6344
vn -0.9429 -0.1636 0.2902
vn -0.9429 -0.1635 0.2903
vn -0.9429 -0.1635 0.2902
vn -0.1871 -0.8769 -0.4427
vn 0.1644 0.8543 0.4931
vn -0.4563 0.4998 0.7362
vn -0.1507 0.6353 -0.7574
vn 0.1948 0.9100 0.3659
vn -0.3022 0.5638 0.7687
vn -0.3022 0.5638 -0.7687
vn 0.1909 0.9500 0.2471
vn -0.1507 0.6353 0.7574
vn -0.4563 0.4998 -0.7362
vn 0.1663 0.9747 0.1495
vn -0.6018 0.4452 -0.6631
vn 0.1377 0.9875 0.0767
vn -0.7292 0.4010 -0.5545
vn 0.1194 0.9926 0.0232
vn -0.8311 0.3677 -0.4173
vn 0.1193 0.9926 -0.0232
vn 0.1194 0.9926 -0.0232
vn -0.9020 0.3454 -0.2589
vn 0.1377 0.9875 -0.0767
vn -0.9384 0.3342 -0.0877
vn -0.9384 0.3343 -0.0877
vn 0.1663 0.9747 -0.1495
vn -0.9384 0.3342 0.0879
vn -0.9384 0.3342 0.0878
vn -0.9384 0.3342 0.0877
vn -0.9385 0.3341 0.0876
vn 0.1909 0.9500 -0.2471
vn -0.9020 0.3454 0.2589
vn 0.1948 0.9100 -0.3659
vn -0.8311 0.3677 0.4173
vn 0.1644 0.8543 -0.4931
vn -0.0146 0.7110 0.7030
vn -0.7292 0.4010 0.5545
vn 0.0936 0.7861 -0.6110
vn 0.0936 0.7861 0.6110
vn -0.6018 0.4452 0.6631
vn -0.8804 -0.0501 -0.4715
vn 0.4912 -0.8383 0.2366
vn 0.4913 -0.8383 0.2366
vn 0.4911 -0.8383 0.2368
vn 0.4909 -0.8384 0.2368
vn -0.2688 -0.8816 -0.3880
vn -0.2687 -0.8816 -0.3880
vn 0.5287 -0.8362 0.1458
vn 0.5288 -0.8362 0.1457
vn 0.5287 -0.8362 0.1461
vn 0.5285 -0.8363 0.1459
vn -0.3380 -0.8856 -0.3185
vn -0.3382 -0.8856 -0.3185
vn -0.3379 -0.8856 -0.3185
vn -0.3378 -0.8857 -0.3185
vn 0.5478 -0.8352 0.0491
vn 0.5479 -0.8351 0.0492
vn 0.5479 -0.8351 0.0491
vn -0.3928 -0.8886 -0.2367
vn -0.3928 -0.8887 -0.2366
vn -0.3928 -0.8886 -0.2368
vn 0.5479 -0.8351 -0.0492
vn 0.5482 -0.8349 -0.0494
vn -0.4303 -0.8909 -0.1456
vn -0.4304 -0.8908 -0.1457
vn -0.4303 -0.8909 -0.1457
vn 0.5287 -0.8361 -0.1460
vn 0.5285 -0.8363 -0.1456
vn 0.5288 -0.8361 -0.1458
vn 0.5288 -0.8362 -0.1458
vn -0.4496 -0.8919 -0.0492
vn -0.4496 -0.8919 -0.0491
vn -0.4494 -0.8920 -0.0492
vn 0.4912 -0.8383 -0.2366
vn 0.4911 -0.8383 -0.2367
vn -0.4495 -0.8919 0.0493
vn -0.4493 -0.8920 0.0492
vn -0.4496 -0.8919 0.0493
vn 0.4367 -0.8414 -0.3184
vn -0.4304 -0.8908 0.1457
vn -0.4303 -0.8908 0.1457
vn 0.3672 -0.8454 -0.3880
vn 0.3671 -0.8454 -0.3880
vn 0.3672 -0.8452 -0.3884
vn 0.3672 -0.8453 -0.3880
vn -0.3929 -0.8887 0.2366
vn -0.3928 -0.8887 0.2366
vn -0.3928 -0.8887 0.2365
vn 0.2856 -0.8500 -0.4427
vn 0.2858 -0.8499 -0.4427
vn 0.2856 -0.8499 -0.4428
vn 0.2854 -0.8500 -0.4428
vn 0.0983 -0.8606 0.4996
vn 0.0983 -0.8607 0.4996
vn -0.3380 -0.8856 0.3185
vn -0.3380 -0.8856 0.3186
vn -0.3380 -0.8856 0.3184
vn -0.3379 -0.8857 0.3183
vn 0.1945 -0.8552 -0.4804
vn 0.1947 -0.8552 -0.4804
vn 0.1943 -0.8552 -0.4805
vn 0.1944 -0.8553 -0.4803
vn 0.1947 -0.8552 0.4804
vn 0.1946 -0.8552 0.4804
vn 0.1945 -0.8551 0.4806
vn -0.2687 -0.8817 0.3879
vn -0.2687 -0.8816 0.3880
vn -0.2687 -0.8816 0.3881
vn 0.0984 -0.8606 -0.4996
vn 0.0983 -0.8607 -0.4996
vn 0.2854 -0.8499 0.4430
vn 0.2854 -0.8500 0.4427
vn -0.1872 -0.8770 0.4426
vn -0.1873 -0.8770 0.4424
vn -0.1871 -0.8769 0.4428
vn -0.0001 -0.8662 -0.4996
vn -0.0000 -0.8663 -0.4996
vn -0.0002 -0.8662 -0.4997
vn 0.3670 -0.8453 0.3883
vn 0.3667 -0.8453 0.3885
vn 0.3669 -0.8454 0.3882
vn 0.3671 -0.8454 0.3880
vn -0.0961 -0.8717 0.4805
vn -0.0963 -0.8718 0.4804
vn -0.0960 -0.8719 0.4803
vn -0.0963 -0.8717 0.4805
vn -0.0960 -0.8717 -0.4805
vn -0.0961 -0.8717 -0.4806
vn -0.0959 -0.8717 -0.4805
vn -0.0958 -0.8718 -0.4804
vn 0.4363 -0.8415 0.3186
vn 0.4363 -0.8415 0.3185
vn 0.4367 -0.8414 0.3184
vn -0.0000 -0.8662 0.4996
vn -0.0000 -0.8663 0.4996
vn -0.0000 -0.8662 0.4997
vn -0.8332 0.5471 0.0804
vn -0.8332 0.5471 0.0803
vn -0.8331 0.5472 0.0805
vn 0.9936 0.0566 -0.0980
vn -0.9554 -0.0544 -0.2904
vn 0.9554 0.0544 -0.2903
vn 0.9554 0.0544 -0.2902
vn -0.9936 -0.0568 -0.0980
vn -0.9936 -0.0566 -0.0981
vn -0.9936 -0.0567 -0.0981
vn -0.9936 -0.0566 -0.0980
vn 0.8805 0.0501 -0.4715
vn -0.9936 -0.0568 0.0981
vn -0.9936 -0.0566 0.0982
vn -0.9936 -0.0567 0.0982
vn -0.9936 -0.0566 0.0981
vn 0.7717 0.0439 -0.6345
vn 0.7720 0.0439 -0.6341
vn 0.7719 0.0439 -0.6342
vn -0.9554 -0.0544 0.2904
vn -0.9554 -0.0544 0.2903
vn 0.6330 0.0360 -0.7733
vn 0.6332 0.0361 -0.7731
vn 0.6333 0.0361 -0.7730
vn -0.8804 -0.0501 0.4715
vn 0.4704 0.0268 -0.8820
vn 0.4701 0.0268 -0.8822
vn 0.0981 0.0056 0.9952
vn 0.0980 0.0056 0.9952
vn 0.0979 0.0056 0.9952
vn -0.7717 -0.0439 0.6345
vn 0.2899 0.0165 -0.9569
vn 0.2900 0.0165 -0.9569
vn 0.2896 0.0165 -0.9570
vn 0.2900 0.0165 0.9569
vn 0.2899 0.0165 0.9569
vn -0.6333 -0.0361 0.7730
vn -0.6330 -0.0360 0.7733
vn -0.6334 -0.0361 0.7730
vn 0.0980 0.0056 -0.9952
vn 0.0977 0.0056 -0.9952
vn 0.0983 0.0056 -0.9951
vn 0.4707 0.0268 0.8819
vn 0.4713 0.0268 0.8816
vn -0.4707 -0.0268 0.8819
vn -0.4708 -0.0268 0.8818
vn -0.0980 -0.0056 -0.9952
vn -0.0981 -0.0056 -0.9952
vn -0.0977 -0.0056 -0.9952
vn 0.6330 0.0360 0.7733
vn 0.6332 0.0361 0.7731
vn 0.6333 0.0361 0.7730
vn -0.2898 -0.0165 0.9569
vn -0.2897 -0.0165 0.9570
vn -0.2900 -0.0165 -0.9569
vn 0.7717 0.0439 0.6345
vn -0.0981 -0.0056 0.9952
vn -0.0986 -0.0056 0.9951
vn -0.0983 -0.0056 0.9951
vn -0.0980 -0.0056 0.9952
vn -0.4702 -0.0268 -0.8822
vn 0.8805 0.0501 0.4715
vn -0.6333 -0.0361 -0.7730
vn -0.6330 -0.0360 -0.7734
vn -0.6330 -0.0360 -0.7733
vn 0.9554 0.0544 0.2904
vn 0.9554 0.0544 0.2902
vn 0.9554 0.0544 0.2903
vn -0.7719 -0.0439 -0.6342
vn -0.7720 -0.0439 -0.6341
vn -0.7717 -0.0439 -0.6345
vn 0.9936 0.0566 0.0982
vn 0.9935 0.0566 0.0983
vn -0.3379 -0.6941 -0.6356
vn -0.3380 -0.6941 -0.6356
vn -0.3381 -0.6941 -0.6355
vn 0.3555 0.8803 -0.3141
vn -0.7986 0.5533 0.2368
vn -0.7985 0.5534 0.2368
vn -0.7986 0.5534 0.2367
vn 0.3135 0.8544 -0.4143
vn -0.7311 0.5659 0.3810
vn -0.7311 0.5660 0.3810
vn -0.7312 0.5659 0.3811
vn 0.2478 0.8228 -0.5114
vn 0.0418 0.7486 0.6617
vn -0.6346 0.5847 0.5054
vn -0.6345 0.5849 0.5052
vn 0.1566 0.7869 -0.5969
vn 0.1566 0.7869 0.5969
vn -0.5149 0.6089 0.6034
vn -0.5147 0.6091 0.6034
vn 0.0418 0.7486 -0.6617
vn 0.2478 0.8228 0.5114
vn -0.3785 0.6388 0.6699
vn -0.3784 0.6387 0.6699
vn -0.3784 0.6387 0.6700
vn -0.0911 0.7099 -0.6984
vn 0.3135 0.8544 0.4143
vn -0.2342 0.6727 0.7018
vn -0.2342 0.6727 -0.7018
vn -0.2342 0.6727 -0.7019
vn 0.3555 0.8803 0.3141
vn -0.0911 0.7099 0.6984
vn -0.3784 0.6387 -0.6699
vn -0.3782 0.6389 -0.6700
vn 0.3785 0.8998 0.2172
vn -0.5147 0.6091 -0.6034
vn 0.3889 0.9125 0.1265
vn 0.3889 0.9126 0.1265
vn -0.6346 0.5848 -0.5053
vn -0.6346 0.5847 -0.5054
vn -0.6344 0.5848 -0.5055
vn 0.3924 0.9189 0.0414
vn -0.7311 0.5659 -0.3811
vn -0.7311 0.5660 -0.3810
vn 0.3924 0.9189 -0.0414
vn 0.3924 0.9189 -0.0412
vn -0.7985 0.5535 -0.2365
vn -0.7985 0.5535 -0.2368
vn -0.7984 0.5535 -0.2370
vn 0.3889 0.9125 -0.1265
vn -0.8331 0.5472 -0.0804
vn -0.8331 0.5472 -0.0802
vn -0.8332 0.5471 -0.0804
vn 0.3785 0.8998 -0.2172
vn -0.8820 -0.0039 -0.4713
vn -0.8820 -0.0039 -0.4712
vn 0.6373 -0.6917 0.3397
vn 0.6372 -0.6918 0.3397
vn 0.6370 -0.6920 0.3398
vn -0.4554 -0.6945 -0.5571
vn -0.4554 -0.6944 -0.5571
vn -0.4554 -0.6943 -0.5572
vn 0.6913 -0.6917 0.2090
vn 0.6912 -0.6918 0.2088
vn 0.6914 -0.6915 0.2092
vn -0.5553 -0.6947 -0.4572
vn 0.7190 -0.6914 0.0707
vn 0.7191 -0.6913 0.0706
vn 0.7189 -0.6915 0.0707
vn 0.7188 -0.6916 0.0708
vn -0.6338 -0.6949 -0.3397
vn -0.6339 -0.6949 -0.3397
vn -0.6338 -0.6949 -0.3398
vn 0.7189 -0.6915 -0.0706
vn 0.7188 -0.6916 -0.0705
vn 0.7189 -0.6915 -0.0707
vn 0.7191 -0.6913 -0.0708
vn -0.6876 -0.6951 -0.2098
vn -0.6878 -0.6950 -0.2097
vn -0.6875 -0.6952 -0.2099
vn -0.6878 -0.6950 -0.2093
vn 0.6915 -0.6915 -0.2092
vn 0.6914 -0.6916 -0.2091
vn 0.6915 -0.6915 -0.2091
vn -0.7153 -0.6952 -0.0709
vn -0.7154 -0.6951 -0.0706
vn -0.7152 -0.6954 -0.0708
vn 0.6370 -0.6920 -0.3397
vn 0.6370 -0.6920 -0.3398
vn 0.6372 -0.6918 -0.3397
vn 0.6373 -0.6917 -0.3397
vn -0.7154 -0.6952 0.0708
vn -0.7153 -0.6952 0.0706
vn -0.7153 -0.6952 0.0707
vn 0.5591 -0.6917 -0.4570
vn 0.5590 -0.6918 -0.4571
vn 0.5592 -0.6916 -0.4572
vn 0.5594 -0.6913 -0.4574
vn -0.6879 -0.6950 0.2093
vn -0.6879 -0.6950 0.2092
vn 0.4590 -0.6921 -0.5571
vn 0.4589 -0.6921 -0.5571
vn 0.4591 -0.6920 -0.5571
vn 0.4592 -0.6919 -0.5571
vn -0.6338 -0.6949 0.3397
vn -0.6339 -0.6949 0.3396
vn -0.6338 -0.6949 0.3396
vn 0.3415 -0.6923 -0.6357
vn 0.3415 -0.6924 -0.6356
vn 0.3416 -0.6923 -0.6357
vn 0.0725 -0.6932 0.7171
vn 0.0724 -0.6931 0.7172
vn 0.0725 -0.6933 0.7170
vn -0.5553 -0.6947 0.4572
vn 0.2109 -0.6928 -0.6896
vn 0.2107 -0.6929 -0.6896
vn 0.2108 -0.6928 -0.6897
vn 0.2107 -0.6926 -0.6899
vn 0.2108 -0.6927 0.6897
vn 0.2103 -0.6928 0.6897
vn -0.4554 -0.6944 0.5571
vn -0.4554 -0.6945 0.5571
vn 0.0726 -0.6931 -0.7171
vn 0.0729 -0.6934 -0.7169
vn 0.0727 -0.6931 -0.7171
vn 0.0725 -0.6931 -0.7172
vn 0.3417 -0.6923 0.6356
vn 0.3415 -0.6924 0.6356
vn 0.3416 -0.6923 0.6356
vn 0.3417 -0.6924 0.6355
vn -0.3384 -0.6940 0.6355
vn -0.3377 -0.6945 0.6353
vn -0.3382 -0.6942 0.6354
vn -0.3382 -0.6940 0.6356
vn -0.0689 -0.6934 -0.7173
vn -0.0690 -0.6932 -0.7174
vn -0.0688 -0.6932 -0.7174
vn -0.0689 -0.6934 -0.7172
vn 0.4591 -0.6920 0.5571
vn 0.4590 -0.6921 0.5571
vn -0.2077 -0.6938 0.6896
vn -0.2074 -0.6938 0.6897
vn -0.2079 -0.6936 0.6897
vn -0.2074 -0.6940 0.6894
vn -0.2076 -0.6937 -0.6897
vn -0.2075 -0.6937 -0.6897
vn 0.5591 -0.6917 0.4572
vn 0.5587 -0.6919 0.4573
vn 0.5589 -0.6916 0.4574
vn 0.5591 -0.6915 0.4573
vn -0.0687 -0.6935 0.7172
vn -0.0684 -0.6936 0.7171
vn -0.0688 -0.6935 0.7172
vn -0.0689 -0.6934 0.7172
vn -0.0026 1.0000 -0.0000
vn -0.0026 1.0000 0.0001
vn -0.0028 1.0000 -0.0000
vn -0.0023 1.0000 0.0001
vn -0.0025 1.0000 -0.0000
vn -0.0027 1.0000 0.0001
vn -0.0024 1.0000 -0.0001
vn -0.0022 1.0000 -0.0004
vn -0.0029 1.0000 0.0002
vn -0.0027 1.0000 -0.0000
vn -0.0026 1.0000 -0.0001
vn -0.0028 1.0000 -0.0003
vn -0.0025 1.0000 -0.0004
vn -0.0027 1.0000 -0.0003
vn -0.0026 1.0000 -0.0002
vn 0.9952 0.0044 -0.0979
vn 0.9952 0.0043 -0.0980
vn -0.9569 -0.0044 -0.2903
vn 0.9569 0.0044 -0.2903
vn -0.9952 -0.0044 -0.0981
vn -0.9952 -0.0044 -0.0980
vn 0.8816 0.0040 -0.4719
vn 0.8818 0.0039 -0.4716
vn -0.9952 -0.0044 0.0981
vn -0.9952 -0.0044 0.0980
vn 0.7729 0.0029 -0.6345
vn 0.7730 0.0034 -0.6344
vn -0.9569 -0.0044 0.2903
vn 0.6342 0.0030 -0.7731
vn 0.6342 0.0029 -0.7732
vn 0.6343 0.0028 -0.7731
vn 0.6345 0.0027 -0.7729
vn -0.8820 -0.0039 0.4713
vn 0.4713 0.0020 -0.8820
vn 0.4712 0.0021 -0.8820
vn 0.4714 0.0021 -0.8819
vn 0.0977 0.0004 0.9952
vn 0.0981 0.0004 0.9952
vn -0.7726 -0.0035 0.6349
vn 0.2901 0.0011 -0.9570
vn 0.2902 0.0012 -0.9570
vn 0.2903 0.0013 -0.9569
vn 0.2901 0.0011 0.9570
vn 0.2902 0.0013 0.9570
vn 0.2903 0.0009 0.9569
vn -0.6344 -0.0028 0.7730
vn -0.6343 -0.0028 0.7731
vn -0.6345 -0.0028 0.7729
vn 0.0979 0.0004 -0.9952
vn 0.0980 0.0004 -0.9952
vn 0.4714 0.0021 0.8819
vn 0.4715 0.0021 0.8819
vn -0.4715 -0.0021 0.8819
vn -0.0980 -0.0004 -0.9952
vn -0.0979 -0.0004 -0.9952
vn 0.6346 0.0024 0.7729
vn 0.6346 0.0028 0.7729
vn 0.6344 0.0027 0.7730
vn -0.2903 -0.0013 0.9569
vn -0.2903 -0.0013 -0.9569
vn 0.7729 0.0034 0.6345
vn 0.7730 0.0032 0.6344
vn 0.7729 0.0033 0.6345
vn 0.7726 0.0035 0.6349
vn -0.0982 -0.0004 0.9952
vn -0.0979 -0.0004 0.9952
vn -0.0981 -0.0004 0.9952
vn -0.4714 -0.0021 -0.8819
vn -0.4715 -0.0021 -0.8818
vn 0.8816 0.0040 0.4719
vn 0.8819 0.0039 0.4714
vn 0.8818 0.0040 0.4716
vn -0.6344 -0.0028 -0.7730
vn -0.6343 -0.0028 -0.7731
vn -0.6345 -0.0028 -0.7729
vn 0.9569 0.0044 0.2903
vn -0.7728 -0.0034 -0.6347
vn -0.7726 -0.0035 -0.6349
vn 0.9952 0.0046 0.0977
vt 0.000000 0.000000
s 1
g off
usemtl Goddard_None
f 2049/2/3065 2050/2/3066 2051/2/3066
f 2051/2/3066 2052/2/3067 2053/2/3068
f 2049/2/3065 2051/2/3066 2053/2/3068
f 2053/2/3068 2054/2/3067 2055/2/3069
f 2055/2/3069 2056/2/3067 2057/2/3070
f 2053/2/3068 2055/2/3069 2057/2/3070
f 2049/2/3065 2053/2/3068 2057/2/3070
f 2057/2/3070 2058/2/3067 2059/2/3071
f 2059/2/3071 2060/2/3067 2061/2/3072
f 2057/2/3070 2059/2/3071 2061/2/3072
f 2061/2/3072 2062/2/3067 2063/2/3073
f 2063/2/3073 2064/2/3067 2065/2/3072
f 2061/2/3072 2063/2/3073 2065/2/3072
f 2057/2/3070 2061/2/3072 2065/2/3072
f 2065/2/3072 2066/2/3067 2067/2/3067
f 2067/2/3067 2068/2/3067 2069/2/3074
f 2065/2/3072 2067/2/3067 2069/2/3074
f 2069/2/3074 2070/2/3067 2071/2/3072
f 2071/2/3072 2072/2/3067 2073/2/3075
f 2069/2/3074 2071/2/3072 2073/2/3075
f 2065/2/3072 2069/2/3074 2073/2/3075
f 2057/2/3070 2065/2/3072 2073/2/3075
f 2049/2/3065 2057/2/3070 2073/2/3075
f 2074/2/3067 2075/2/3067 2076/2/3065
f 2073/2/3075 2074/2/3067 2076/2/3065
f 2073/2/3075 2076/2/3065 2077/2/3076
f 2049/2/3065 2073/2/3075 2077/2/3076
f 2078/2/3068 2049/2/3065 2077/2/3076
f 2078/2/3068 2077/2/3076 2079/2/3067
f 2078/2/3068 2079/2/3067 2080/2/3067
f 2081/2/3077 2082/2/3078 2083/2/3079
f 2083/2/3079 2084/2/3080 2081/2/3077
f 2067/2/3081 2085/2/3082 2086/2/3083
f 2086/2/3083 2068/2/3084 2067/2/3081
f 2087/2/3085 2049/2/3085 2078/2/3085
f 2078/2/3085 2088/2/3086 2087/2/3085
f 2053/2/3087 2089/2/3087 2090/2/3087
f 2090/2/3087 2054/2/3087 2053/2/3087
f 2066/2/3088 2091/2/3089 2085/2/3089
f 2085/2/3089 2067/2/3090 2066/2/3088
f 2088/2/3091 2078/2/3092 2080/2/3093
f 2080/2/3093 2092/2/3094 2088/2/3091
f 2052/2/3095 2093/2/3096 2089/2/3097
f 2089/2/3097 2053/2/3096 2052/2/3095
f 2065/2/3098 2094/2/3098 2091/2/3098
f 2091/2/3098 2066/2/3098 2065/2/3098
f 2092/2/3099 2080/2/3100 2079/2/3100
f 2079/2/3100 2095/2/3101 2092/2/3099
f 2051/2/3102 2096/2/3103 2093/2/3104
f 2093/2/3104 2052/2/3105 2051/2/3102
f 2064/2/3106 2097/2/3106 2094/2/3106
f 2094/2/3106 2065/2/3106 2064/2/3106
f 2079/2/3107 2077/2/3108 2098/2/3109
f 2098/2/3109 2095/2/3109 2079/2/3107
f 2050/2/3110 2099/2/3111 2096/2/3110
f 2096/2/3110 2051/2/3112 2050/2/3110
f 2063/2/3113 2100/2/3114 2097/2/3113
f 2097/2/3113 2064/2/3115 2063/2/3113
f 2076/2/3116 2101/2/3117 2098/2/3118
f 2098/2/3118 2077/2/3119 2076/2/3116
f 2050/2/3120 2049/2/3120 2087/2/3120
f 2087/2/3120 2099/2/3120 2050/2/3120
f 2062/2/3121 2102/2/3122 2100/2/3123
f 2100/2/3123 2063/2/3124 2062/2/3121
f 2103/2/3125 2101/2/3126 2076/2/3127
f 2076/2/3127 2075/2/3128 2103/2/3125
f 2061/2/3129 2104/2/3130 2102/2/3131
f 2102/2/3131 2062/2/3129 2061/2/3129
f 2074/2/3132 2105/2/3132 2103/2/3132
f 2103/2/3132 2075/2/3132 2074/2/3132
f 2060/2/3133 2106/2/3134 2104/2/3135
f 2104/2/3135 2061/2/3133 2060/2/3133
f 2084/2/3136 2105/2/3137 2074/2/3138
f 2074/2/3138 2073/2/3139 2084/2/3136
f 2059/2/3140 2107/2/3141 2106/2/3142
f 2106/2/3142 2060/2/3141 2059/2/3140
f 2084/2/3143 2073/2/3144 2072/2/3145
f 2072/2/3145 2081/2/3146 2084/2/3143
f 2058/2/3147 2108/2/3147 2107/2/3148
f 2107/2/3148 2059/2/3147 2058/2/3147
f 2072/2/3149 2071/2/3149 2109/2/3149
f 2109/2/3149 2081/2/3149 2072/2/3149
f 2057/2/3150 2110/2/3151 2108/2/3152
f 2108/2/3152 2058/2/3153 2057/2/3150
f 2070/2/3154 2111/2/3155 2109/2/3156
f 2109/2/3156 2071/2/3157 2070/2/3154
f 2056/2/3158 2112/2/3159 2110/2/3160
f 2110/2/3160 2057/2/3161 2056/2/3158
f 2069/2/3162 2113/2/3163 2111/2/3164
f 2111/2/3164 2070/2/3165 2069/2/3162
f 2055/2/3166 2114/2/3167 2112/2/3168
f 2112/2/3168 2056/2/3169 2055/2/3166
f 2068/2/3170 2086/2/3170 2113/2/3170
f 2113/2/3170 2069/2/3170 2068/2/3170
f 2054/2/3171 2090/2/3172 2114/2/3173
f 2114/2/3173 2055/2/3174 2054/2/3171
f 2115/2/3175 2116/2/3176 2117/2/3177
f 2117/2/3177 2118/2/3178 2115/2/3175
f 2108/2/3179 2119/2/3180 2120/2/3181
f 2120/2/3181 2107/2/3182 2108/2/3179
f 2109/2/3183 2121/2/3184 2082/2/3185
f 2082/2/3185 2081/2/3186 2109/2/3183
f 2110/2/3187 2122/2/3187 2119/2/3188
f 2119/2/3188 2108/2/3189 2110/2/3187
f 2111/2/3190 2118/2/3191 2121/2/3190
f 2121/2/3190 2109/2/3192 2111/2/3190
f 2112/2/3193 2123/2/3194 2122/2/3193
f 2122/2/3193 2110/2/3195 2112/2/3193
f 2113/2/3196 2115/2/3196 2118/2/3197
f 2118/2/3197 2111/2/3198 2113/2/3196
f 2114/2/3199 2124/2/3200 2123/2/3201
f 2123/2/3201 2112/2/3200 2114/2/3199
f 2086/2/3202 2125/2/3203 2115/2/3204
f 2115/2/3204 2113/2/3205 2086/2/3202
f 2090/2/3206 2126/2/3207 2124/2/3208
f 2124/2/3208 2114/2/3209 2090/2/3206
f 2085/2/3210 2127/2/3211 2125/2/3212
f 2125/2/3212 2086/2/3213 2085/2/3210
f 2088/2/3214 2128/2/3214 2129/2/3214
f 2129/2/3214 2087/2/3214 2088/2/3214
f 2089/2/3215 2130/2/3216 2126/2/3215
f 2126/2/3215 2090/2/3217 2089/2/3215
f 2091/2/3218 2131/2/3218 2127/2/3218
f 2127/2/3218 2085/2/3218 2091/2/3218
f 2092/2/3219 2132/2/3219 2128/2/3220
f 2128/2/3220 2088/2/3220 2092/2/3219
f 2093/2/3221 2133/2/3221 2130/2/3222
f 2130/2/3222 2089/2/3223 2093/2/3221
f 2094/2/3224 2134/2/3225 2131/2/3226
f 2131/2/3226 2091/2/3227 2094/2/3224
f 2095/2/3228 2135/2/3229 2132/2/3230
f 2132/2/3230 2092/2/3231 2095/2/3228
f 2096/2/3232 2136/2/3233 2133/2/3234
f 2133/2/3234 2093/2/3235 2096/2/3232
f 2097/2/3236 2137/2/3237 2134/2/3238
f 2134/2/3238 2094/2/3238 2097/2/3236
f 2098/2/3239 2138/2/3239 2135/2/3239
f 2135/2/3239 2095/2/3240 2098/2/3239
f 2099/2/3241 2139/2/3242 2136/2/3241
f 2136/2/3241 2096/2/3241 2099/2/3241
f 2100/2/3243 2140/2/3244 2137/2/3245
f 2137/2/3245 2097/2/3246 2100/2/3243
f 2101/2/3247 2141/2/3248 2138/2/3248
f 2138/2/3248 2098/2/3249 2101/2/3247
f 2099/2/3250 2087/2/3250 2129/2/3250
f 2129/2/3250 2139/2/3250 2099/2/3250
f 2102/2/3251 2142/2/3252 2140/2/3253
f 2140/2/3253 2100/2/3254 2102/2/3251
f 2103/2/3255 2143/2/3256 2141/2/3255
f 2141/2/3255 2101/2/3257 2103/2/3255
f 2104/2/3258 2144/2/3258 2142/2/3259
f 2142/2/3259 2102/2/3258 2104/2/3258
f 2105/2/3260 2145/2/3261 2143/2/3262
f 2143/2/3262 2103/2/3263 2105/2/3260
f 2106/2/3264 2146/2/3265 2144/2/3264
f 2144/2/3264 2104/2/3265 2106/2/3264
f 2084/2/3266 2083/2/3267 2145/2/3266
f 2145/2/3266 2105/2/3268 2084/2/3266
f 2107/2/3269 2120/2/3270 2146/2/3271
f 2146/2/3271 2106/2/3272 2107/2/3269
f 2147/2/3273 2148/2/3274 2149/2/3275
f 2149/2/3275 2150/2/3276 2147/2/3273
f 2124/2/3277 2151/2/3278 2152/2/3279
f 2152/2/3279 2123/2/3280 2124/2/3277
f 2125/2/3281 2153/2/3282 2116/2/3282
f 2116/2/3282 2115/2/3283 2125/2/3281
f 2126/2/3284 2154/2/3284 2151/2/3285
f 2151/2/3285 2124/2/3284 2126/2/3284
f 2127/2/3286 2147/2/3286 2153/2/3287
f 2153/2/3287 2125/2/3286 2127/2/3286
f 2128/2/3288 2155/2/3289 2156/2/3290
f 2156/2/3290 2129/2/3291 2128/2/3288
f 2130/2/3292 2157/2/3293 2154/2/3294
f 2154/2/3294 2126/2/3295 2130/2/3292
f 2131/2/3296 2148/2/3297 2147/2/3297
f 2147/2/3297 2127/2/3297 2131/2/3296
f 2132/2/3298 2158/2/3298 2155/2/3299
f 2155/2/3299 2128/2/3299 2132/2/3298
f 2133/2/3300 2159/2/3301 2157/2/3301
f 2157/2/3301 2130/2/3302 2133/2/3300
f 2134/2/3303 2160/2/3303 2148/2/3303
f 2148/2/3303 2131/2/3303 2134/2/3303
f 2135/2/3304 2161/2/3305 2158/2/3306
f 2158/2/3306 2132/2/3306 2135/2/3304
f 2136/2/3307 2162/2/3307 2159/2/3308
f 2159/2/3308 2133/2/3307 2136/2/3307
f 2137/2/3309 2163/2/3310 2160/2/3311
f 2160/2/3311 2134/2/3312 2137/2/3309
f 2138/2/3313 2164/2/3313 2161/2/3313
f 2161/2/3313 2135/2/3313 2138/2/3313
f 2139/2/3314 2165/2/3314 2162/2/3314
f 2162/2/3314 2136/2/3315 2139/2/3314
f 2140/2/3316 2166/2/3317 2163/2/3317
f 2163/2/3317 2137/2/3317 2140/2/3316
f 2141/2/3318 2167/2/3319 2164/2/3320
f 2164/2/3320 2138/2/3321 2141/2/3318
f 2139/2/3322 2129/2/3322 2156/2/3322
f 2156/2/3322 2165/2/3322 2139/2/3322
f 2142/2/3323 2168/2/3323 2166/2/3323
f 2166/2/3323 2140/2/3324 2142/2/3323
f 2143/2/3325 2169/2/3326 2167/2/3327
f 2167/2/3327 2141/2/3328 2143/2/3325
f 2144/2/3329 2170/2/3330 2168/2/3331
f 2168/2/3331 2142/2/3332 2144/2/3329
f 2145/2/3333 2171/2/3334 2169/2/3335
f 2169/2/3335 2143/2/3336 2145/2/3333
f 2146/2/3337 2172/2/3338 2170/2/3339
f 2170/2/3339 2144/2/3340 2146/2/3337
f 2083/2/3341 2173/2/3342 2171/2/3341
f 2171/2/3341 2145/2/3343 2083/2/3341
f 2120/2/3344 2174/2/3344 2172/2/3344
f 2172/2/3344 2146/2/3344 2120/2/3344
f 2082/2/3345 2175/2/3346 2173/2/3347
f 2173/2/3347 2083/2/3345 2082/2/3345
f 2119/2/3348 2176/2/3349 2174/2/3350
f 2174/2/3350 2120/2/3351 2119/2/3348
f 2121/2/3352 2177/2/3353 2175/2/3354
f 2175/2/3354 2082/2/3355 2121/2/3352
f 2122/2/3356 2178/2/3357 2176/2/3358
f 2176/2/3358 2119/2/3359 2122/2/3356
f 2118/2/3360 2117/2/3361 2177/2/3361
f 2177/2/3361 2121/2/3361 2118/2/3360
f 2123/2/3362 2152/2/3363 2178/2/3363
f 2178/2/3363 2122/2/3362 2123/2/3362
f 2179/2/3364 2180/2/3365 2181/2/3366
f 2181/2/3366 2182/2/3366 2179/2/3364
f 2158/2/3093 2183/2/3367 2184/2/3368
f 2184/2/3368 2155/2/3369 2158/2/3093
f 2185/2/3370 2186/2/3370 2157/2/3370
f 2157/2/3370 2159/2/3370 2185/2/3370
f 2148/2/3371 2160/2/3372 2187/2/3373
f 2187/2/3373 2149/2/3373 2148/2/3371
f 2161/2/3101 2188/2/3374 2183/2/3375
f 2183/2/3375 2158/2/3101 2161/2/3101
f 2159/2/3104 2162/2/3102 2189/2/3376
f 2189/2/3376 2185/2/3377 2159/2/3104
f 2160/2/3378 2163/2/3379 2182/2/3378
f 2182/2/3378 2187/2/3380 2160/2/3378
f 2164/2/3381 2190/2/3108 2188/2/3108
f 2188/2/3108 2161/2/3382 2164/2/3381
f 2162/2/3383 2165/2/3383 2191/2/3384
f 2191/2/3384 2189/2/3384 2162/2/3383
f 2163/2/3113 2166/2/3385 2179/2/3113
f 2179/2/3113 2182/2/3386 2163/2/3113
f 2167/2/3387 2192/2/3388 2190/2/3389
f 2190/2/3389 2164/2/3387 2167/2/3387
f 2191/2/3390 2165/2/3391 2156/2/3391
f 2156/2/3391 2193/2/3392 2191/2/3390
f 2166/2/3123 2168/2/3123 2194/2/3123
f 2194/2/3123 2179/2/3393 2166/2/3123
f 2169/2/3394 2195/2/3395 2192/2/3396
f 2192/2/3396 2167/2/3127 2169/2/3394
f 2196/2/3397 2194/2/3397 2168/2/3397
f 2168/2/3397 2170/2/3397 2196/2/3397
f 2171/2/3398 2197/2/3399 2195/2/3399
f 2195/2/3399 2169/2/3400 2171/2/3398
f 2170/2/3401 2172/2/3401 2198/2/3401
f 2198/2/3401 2196/2/3401 2170/2/3401
f 2171/2/3402 2173/2/3403 2199/2/3403
f 2199/2/3403 2197/2/3403 2171/2/3402
f 2172/2/3404 2174/2/3405 2200/2/3406
f 2200/2/3406 2198/2/3407 2172/2/3404
f 2173/2/3144 2175/2/3408 2201/2/3144
f 2201/2/3144 2199/2/3409 2173/2/3144
f 2202/2/3147 2200/2/3147 2174/2/3410
f 2174/2/3410 2176/2/3411 2202/2/3147
f 2201/2/3412 2175/2/3413 2177/2/3412
f 2177/2/3412 2203/2/3413 2201/2/3412
f 2176/2/3151 2178/2/3151 2204/2/3414
f 2204/2/3414 2202/2/3415 2176/2/3151
f 2177/2/3416 2117/2/3417 2205/2/3418
f 2205/2/3418 2203/2/3419 2177/2/3416
f 2178/2/3420 2152/2/3421 2206/2/3160
f 2206/2/3160 2204/2/3161 2178/2/3420
f 2205/2/3422 2117/2/3422 2116/2/3422
f 2116/2/3422 2207/2/3422 2205/2/3422
f 2208/2/3423 2206/2/3424 2152/2/3425
f 2152/2/3425 2151/2/3426 2208/2/3423
f 2207/2/3427 2116/2/3428 2153/2/3429
f 2153/2/3429 2209/2/3430 2207/2/3427
f 2151/2/3431 2154/2/3172 2210/2/3172
f 2210/2/3172 2208/2/3172 2151/2/3431
f 2150/2/3432 2209/2/3432 2153/2/3433
f 2153/2/3433 2147/2/3432 2150/2/3432
f 2155/2/3434 2184/2/3434 2193/2/3434
f 2193/2/3434 2156/2/3435 2155/2/3434
f 2154/2/3436 2157/2/3436 2186/2/3436
f 2186/2/3436 2210/2/3436 2154/2/3436
f 2211/2/3437 2212/2/3438 2213/2/3437
f 2213/2/3437 2214/2/3439 2211/2/3437
f 2192/2/3440 2215/2/3441 2216/2/3442
f 2216/2/3442 2190/2/3443 2192/2/3440
f 2217/2/3444 2191/2/3445 2193/2/3445
f 2193/2/3445 2218/2/3446 2217/2/3444
f 2180/2/3447 2179/2/3447 2194/2/3447
f 2194/2/3447 2219/2/3447 2180/2/3447
f 2220/2/3448 2215/2/3449 2192/2/3448
f 2192/2/3448 2195/2/3448 2220/2/3448
f 2196/2/3450 2214/2/3451 2219/2/3452
f 2219/2/3452 2194/2/3453 2196/2/3450
f 2197/2/3454 2221/2/3455 2220/2/3456
f 2220/2/3456 2195/2/3457 2197/2/3454
f 2198/2/3458 2211/2/3459 2214/2/3460
f 2214/2/3460 2196/2/3461 2198/2/3458
f 2199/2/3462 2222/2/3463 2221/2/3464
f 2221/2/3464 2197/2/3465 2199/2/3462
f 2223/2/3466 2211/2/3466 2198/2/3467
f 2198/2/3467 2200/2/3466 2223/2/3466
f 2201/2/3468 2224/2/3469 2222/2/3470
f 2222/2/3470 2199/2/3471 2201/2/3468
f 2202/2/3472 2225/2/3473 2223/2/3472
f 2223/2/3472 2200/2/3473 2202/2/3472
f 2226/2/3474 2224/2/3475 2201/2/3476
f 2201/2/3476 2203/2/3477 2226/2/3474
f 2204/2/3478 2227/2/3479 2225/2/3478
f 2225/2/3478 2202/2/3480 2204/2/3478
f 2205/2/3481 2228/2/3482 2226/2/3483
f 2226/2/3483 2203/2/3484 2205/2/3481
f 2229/2/3485 2227/2/3486 2204/2/3487
f 2204/2/3487 2206/2/3488 2229/2/3485
f 2207/2/3489 2230/2/3490 2228/2/3491
f 2228/2/3491 2205/2/3489 2207/2/3489
f 2208/2/3492 2231/2/3493 2229/2/3492
f 2229/2/3492 2206/2/3494 2208/2/3492
f 2232/2/3495 2230/2/3496 2207/2/3495
f 2207/2/3495 2209/2/3495 2232/2/3495
f 2210/2/3497 2233/2/3498 2231/2/3498
f 2231/2/3498 2208/2/3498 2210/2/3497
f 2150/2/3499 2234/2/3499 2232/2/3500
f 2232/2/3500 2209/2/3501 2150/2/3499
f 2184/2/3502 2235/2/3503 2218/2/3504
f 2218/2/3504 2193/2/3505 2184/2/3502
f 2233/2/3506 2210/2/3507 2186/2/3506
f 2186/2/3506 2236/2/3506 2233/2/3506
f 2149/2/3508 2237/2/3509 2234/2/3510
f 2234/2/3510 2150/2/3511 2149/2/3508
f 2183/2/3512 2238/2/3513 2235/2/3512
f 2235/2/3512 2184/2/3512 2183/2/3512
f 2185/2/3514 2239/2/3515 2236/2/3516
f 2236/2/3516 2186/2/3517 2185/2/3514
f 2240/2/3518 2237/2/3519 2149/2/3520
f 2149/2/3520 2187/2/3521 2240/2/3518
f 2241/2/3522 2238/2/3523 2183/2/3524
f 2183/2/3524 2188/2/3523 2241/2/3522
f 2189/2/3525 2242/2/3526 2239/2/3526
f 2239/2/3526 2185/2/3527 2189/2/3525
f 2182/2/3528 2181/2/3529 2240/2/3530
f 2240/2/3530 2187/2/3531 2182/2/3528
f 2190/2/3532 2216/2/3532 2241/2/3532
f 2241/2/3532 2188/2/3532 2190/2/3532
f 2217/2/3533 2242/2/3534 2189/2/3535
f 2189/2/3535 2191/2/3536 2217/2/3533
f 2243/2/3537 2244/2/3151 2245/2/3538
f 2245/2/3538 2246/2/3539 2243/2/3537
f 2247/2/3540 2221/2/3540 2222/2/3540
f 2222/2/3540 2248/2/3540 2247/2/3540
f 2223/2/3541 2249/2/3541 2212/2/3542
f 2212/2/3542 2211/2/3543 2223/2/3541
f 2224/2/3544 2250/2/3545 2248/2/3546
f 2248/2/3546 2222/2/3547 2224/2/3544
f 2249/2/3548 2223/2/3549 2225/2/3550
f 2225/2/3550 2245/2/3551 2249/2/3548
f 2226/2/3552 2251/2/3553 2250/2/3552
f 2250/2/3552 2224/2/3552 2226/2/3552
f 2227/2/3554 2246/2/3555 2245/2/3556
f 2245/2/3556 2225/2/3557 2227/2/3554
f 2252/2/3558 2251/2/3559 2226/2/3558
f 2226/2/3558 2228/2/3560 2252/2/3558
f 2229/2/3561 2253/2/3562 2246/2/3563
f 2246/2/3563 2227/2/3564 2229/2/3561
f 2230/2/3565 2254/2/3566 2252/2/3567
f 2252/2/3567 2228/2/3568 2230/2/3565
f 2253/2/3569 2229/2/3570 2231/2/3569
f 2231/2/3569 2255/2/3571 2253/2/3569
f 2232/2/3572 2256/2/3573 2254/2/3572
f 2254/2/3572 2230/2/3574 2232/2/3572
f 2233/2/3575 2257/2/3576 2255/2/3577
f 2255/2/3577 2231/2/3578 2233/2/3575
f 2258/2/3579 2256/2/3580 2232/2/3579
f 2232/2/3579 2234/2/3581 2258/2/3579
f 2218/2/3582 2235/2/3583 2259/2/3582
f 2259/2/3582 2260/2/3584 2218/2/3582
f 2236/2/3585 2261/2/3586 2257/2/3587
f 2257/2/3587 2233/2/3588 2236/2/3585
f 2237/2/3589 2262/2/3590 2258/2/3589
f 2258/2/3589 2234/2/3591 2237/2/3589
f 2238/2/3592 2263/2/3593 2259/2/3594
f 2259/2/3594 2235/2/3594 2238/2/3592
f 2264/2/3595 2261/2/3596 2236/2/3597
f 2236/2/3597 2239/2/3596 2264/2/3595
f 2240/2/3598 2265/2/3599 2262/2/3598
f 2262/2/3598 2237/2/3598 2240/2/3598
f 2241/2/3600 2266/2/3600 2263/2/3600
f 2263/2/3600 2238/2/3601 2241/2/3600
f 2242/2/3602 2267/2/3603 2264/2/3604
f 2264/2/3604 2239/2/3605 2242/2/3602
f 2265/2/3606 2240/2/3607 2181/2/3606
f 2181/2/3606 2268/2/3607 2265/2/3606
f 2216/2/3608 2269/2/3609 2266/2/3610
f 2266/2/3610 2241/2/3611 2216/2/3608
f 2217/2/3612 2270/2/3613 2267/2/3614
f 2267/2/3614 2242/2/3615 2217/2/3612
f 2180/2/3616 2271/2/3617 2268/2/3616
f 2268/2/3616 2181/2/3618 2180/2/3616
f 2269/2/3619 2216/2/3620 2215/2/3621
f 2215/2/3621 2272/2/3622 2269/2/3619
f 2260/2/3623 2270/2/3624 2217/2/3624
f 2217/2/3624 2218/2/3624 2260/2/3623
f 2219/2/3625 2273/2/3626 2271/2/3627
f 2271/2/3627 2180/2/3627 2219/2/3625
f 2220/2/3628 2274/2/3628 2272/2/3629
f 2272/2/3629 2215/2/3628 2220/2/3628
f 2273/2/3630 2219/2/3630 2214/2/3631
f 2214/2/3631 2213/2/3630 2273/2/3630
f 2221/2/3632 2247/2/3633 2274/2/3634
f 2274/2/3634 2220/2/3635 2221/2/3632
f 2275/2/3636 2276/2/3636 2277/2/3636
f 2277/2/3636 2278/2/3637 2275/2/3636
f 2252/2/3638 2279/2/3638 2280/2/3639
f 2280/2/3639 2251/2/3155 2252/2/3638
f 2253/2/3640 2281/2/3420 2243/2/3641
f 2243/2/3641 2246/2/3159 2253/2/3640
f 2282/2/3642 2279/2/3642 2252/2/3642
f 2252/2/3642 2254/2/3642 2282/2/3642
f 2255/2/3643 2278/2/3643 2281/2/3643
f 2281/2/3643 2253/2/3643 2255/2/3643
f 2256/2/3644 2283/2/3644 2282/2/3645
f 2282/2/3645 2254/2/3644 2256/2/3644
f 2275/2/3646 2278/2/3647 2255/2/3646
f 2255/2/3646 2257/2/3648 2275/2/3646
f 2258/2/3649 2284/2/3649 2283/2/3649
f 2283/2/3649 2256/2/3649 2258/2/3649
f 2260/2/3650 2259/2/3650 2285/2/3086
f 2285/2/3086 2286/2/3435 2260/2/3650
f 2261/2/3436 2287/2/3436 2275/2/3436
f 2275/2/3436 2257/2/3436 2261/2/3436
f 2288/2/3651 2284/2/3275 2258/2/3652
f 2258/2/3652 2262/2/3653 2288/2/3651
f 2285/2/3654 2259/2/3655 2263/2/3656
f 2263/2/3656 2289/2/3657 2285/2/3654
f 2264/2/3658 2290/2/3658 2287/2/3658
f 2287/2/3658 2261/2/3658 2264/2/3658
f 2265/2/3659 2291/2/3660 2288/2/3659
f 2288/2/3659 2262/2/3659 2265/2/3659
f 2289/2/3101 2263/2/3661 2266/2/3662
f 2266/2/3662 2292/2/3101 2289/2/3101
f 2293/2/3663 2290/2/3664 2264/2/3102
f 2264/2/3102 2267/2/3665 2293/2/3663
f 2268/2/3666 2294/2/3667 2291/2/3378
f 2291/2/3378 2265/2/3667 2268/2/3666
f 2269/2/3108 2295/2/3108 2292/2/3668
f 2292/2/3668 2266/2/3668 2269/2/3108
f 2270/2/3669 2296/2/3670 2293/2/3671
f 2293/2/3671 2267/2/3669 2270/2/3669
f 2297/2/3672 2294/2/3673 2268/2/3674
f 2268/2/3674 2271/2/3672 2297/2/3672
f 2272/2/3387 2298/2/3675 2295/2/3387
f 2295/2/3387 2269/2/3387 2272/2/3387
f 2286/2/3676 2296/2/3391 2270/2/3391
f 2270/2/3391 2260/2/3677 2286/2/3676
f 2273/2/3123 2299/2/3123 2297/2/3678
f 2297/2/3678 2271/2/3679 2273/2/3123
f 2298/2/3680 2272/2/3681 2274/2/3681
f 2274/2/3681 2300/2/3682 2298/2/3680
f 2213/2/3131 2301/2/3131 2299/2/3131
f 2299/2/3131 2273/2/3683 2213/2/3131
f 2247/2/3400 2302/2/3684 2300/2/3685
f 2300/2/3685 2274/2/3686 2247/2/3400
f 2303/2/3687 2301/2/3688 2213/2/3687
f 2213/2/3687 2212/2/3687 2303/2/3687
f 2248/2/3689 2304/2/3690 2302/2/3137
f 2302/2/3137 2247/2/3137 2248/2/3689
f 2249/2/3406 2305/2/3691 2303/2/3406
f 2303/2/3406 2212/2/3406 2249/2/3406
f 2306/2/3692 2304/2/3144 2248/2/3693
f 2248/2/3693 2250/2/3694 2306/2/3692
f 2245/2/3695 2244/2/3695 2305/2/3695
f 2305/2/3695 2249/2/3695 2245/2/3695
f 2251/2/3696 2280/2/3697 2306/2/3698
f 2306/2/3698 2250/2/3699 2251/2/3696
f 2307/2/3700 2308/2/3701 2309/2/3702
f 2309/2/3702 2310/2/3703 2307/2/3700
f 2284/2/3704 2311/2/3704 2312/2/3704
f 2312/2/3704 2283/2/3704 2284/2/3704
f 2313/2/3705 2314/2/3705 2286/2/3705
f 2286/2/3705 2285/2/3705 2313/2/3705
f 2315/2/3706 2276/2/3706 2275/2/3706
f 2275/2/3706 2287/2/3706 2315/2/3706
f 2288/2/3707 2316/2/3707 2311/2/3707
f 2311/2/3707 2284/2/3707 2288/2/3707
f 2289/2/3708 2317/2/3709 2313/2/3710
f 2313/2/3710 2285/2/3709 2289/2/3708
f 2290/2/3711 2318/2/3711 2315/2/3711
f 2315/2/3711 2287/2/3711 2290/2/3711
f 2319/2/3712 2316/2/3712 2288/2/3713
f 2288/2/3713 2291/2/3712 2319/2/3712
f 2292/2/3714 2320/2/3714 2317/2/3714
f 2317/2/3714 2289/2/3714 2292/2/3714
f 2293/2/3715 2321/2/3715 2318/2/3715
f 2318/2/3715 2290/2/3715 2293/2/3715
f 2294/2/3716 2322/2/3717 2319/2/3717
f 2319/2/3717 2291/2/3717 2294/2/3716
f 2323/2/3718 2320/2/3719 2292/2/3720
f 2292/2/3720 2295/2/3719 2323/2/3718
f 2321/2/3721 2293/2/3721 2296/2/3721
f 2296/2/3721 2324/2/3721 2321/2/3721
f 2297/2/3722 2325/2/3722 2322/2/3722
f 2322/2/3722 2294/2/3722 2297/2/3722
f 2298/2/3723 2326/2/3723 2323/2/3724
f 2323/2/3724 2295/2/3723 2298/2/3723
f 2314/2/3725 2324/2/3725 2296/2/3725
f 2296/2/3725 2286/2/3725 2314/2/3725
f 2325/2/3726 2297/2/3726 2299/2/3726
f 2299/2/3726 2327/2/3726 2325/2/3726
f 2300/2/3727 2328/2/3727 2326/2/3727
f 2326/2/3727 2298/2/3727 2300/2/3727
f 2301/2/3728 2329/2/3728 2327/2/3728
f 2327/2/3728 2299/2/3728 2301/2/3728
f 2330/2/3729 2328/2/3729 2300/2/3729
f 2300/2/3729 2302/2/3729 2330/2/3729
f 2303/2/3730 2331/2/3730 2329/2/3730
f 2329/2/3730 2301/2/3730 2303/2/3730
f 2304/2/3731 2332/2/3732 2330/2/3733
f 2330/2/3733 2302/2/3732 2304/2/3731
f 2309/2/3734 2331/2/3735 2303/2/3735
f 2303/2/3735 2305/2/3734 2309/2/3734
f 2306/2/3736 2333/2/3737 2332/2/3738
f 2332/2/3738 2304/2/3737 2306/2/3736
f 2244/2/3739 2310/2/3740 2309/2/3741
f 2309/2/3741 2305/2/3740 2244/2/3739
f 2333/2/3742 2306/2/3743 2280/2/3743
f 2280/2/3743 2334/2/3743 2333/2/3742
f 2243/2/3744 2335/2/3745 2310/2/3745
f 2310/2/3745 2244/2/3746 2243/2/3744
f 2279/2/3747 2336/2/3747 2334/2/3747
f 2334/2/3747 2280/2/3747 2279/2/3747
f 2335/2/3748 2243/2/3749 2281/2/3750
f 2281/2/3750 2337/2/3749 2335/2/3748
f 2282/2/3751 2338/2/3751 2336/2/3751
f 2336/2/3751 2279/2/3751 2282/2/3751
f 2278/2/3752 2277/2/3752 2337/2/3752
f 2337/2/3752 2281/2/3752 2278/2/3752
f 2312/2/3753 2338/2/3754 2282/2/3754
f 2282/2/3754 2283/2/3754 2312/2/3753
f 2339/2/3755 2340/2/3755 2341/2/3755
f 2341/2/3755 2342/2/3755 2339/2/3755
f 2334/2/3756 2343/2/3757 2344/2/3756
f 2344/2/3756 2333/2/3758 2334/2/3756
f 2335/2/3759 2345/2/3760 2307/2/3761
f 2307/2/3761 2310/2/3761 2335/2/3759
f 2346/2/3762 2343/2/3763 2334/2/3762
f 2334/2/3762 2336/2/3764 2346/2/3762
f 2337/2/3765 2342/2/3766 2345/2/3767
f 2345/2/3767 2335/2/3765 2337/2/3765
f 2338/2/3768 2347/2/3769 2346/2/3768
f 2346/2/3768 2336/2/3770 2338/2/3768
f 2342/2/3771 2337/2/3772 2277/2/3773
f 2277/2/3773 2339/2/3774 2342/2/3771
f 2312/2/3775 2348/2/3776 2347/2/3775
f 2347/2/3775 2338/2/3777 2312/2/3775
f 2276/2/3778 2349/2/3779 2339/2/3780
f 2339/2/3780 2277/2/3781 2276/2/3778
f 2348/2/3782 2312/2/3783 2311/2/3782
f 2311/2/3782 2350/2/3783 2348/2/3782
f 2314/2/3784 2313/2/3785 2351/2/3784
f 2351/2/3784 2352/2/3786 2314/2/3784
f 2315/2/3787 2353/2/3787 2349/2/3788
f 2349/2/3788 2276/2/3789 2315/2/3787
f 2316/2/3790 2354/2/3791 2350/2/3792
f 2350/2/3792 2311/2/3793 2316/2/3790
f 2317/2/3794 2355/2/3795 2351/2/3794
f 2351/2/3794 2313/2/3796 2317/2/3794
f 2356/2/3797 2353/2/3798 2315/2/3799
f 2315/2/3799 2318/2/3799 2356/2/3797
f 2319/2/3800 2357/2/3801 2354/2/3800
f 2354/2/3800 2316/2/3802 2319/2/3800
f 2320/2/3803 2358/2/3804 2355/2/3805
f 2355/2/3805 2317/2/3806 2320/2/3803
f 2321/2/3807 2359/2/3808 2356/2/3809
f 2356/2/3809 2318/2/3810 2321/2/3807
f 2360/2/3811 2357/2/3812 2319/2/3811
f 2319/2/3811 2322/2/3813 2360/2/3811
f 2323/2/3814 2361/2/3815 2358/2/3816
f 2358/2/3816 2320/2/3817 2323/2/3814
f 2324/2/3818 2362/2/3819 2359/2/3820
f 2359/2/3820 2321/2/3820 2324/2/3818
f 2325/2/3821 2363/2/3822 2360/2/3823
f 2360/2/3823 2322/2/3823 2325/2/3821
f 2361/2/3824 2323/2/3825 2326/2/3824
f 2326/2/3824 2364/2/3824 2361/2/3824
f 2352/2/3826 2362/2/3827 2324/2/3828
f 2324/2/3828 2314/2/3829 2352/2/3826
f 2327/2/3830 2365/2/3831 2363/2/3832
f 2363/2/3832 2325/2/3833 2327/2/3830
f 2328/2/3834 2366/2/3835 2364/2/3834
f 2364/2/3834 2326/2/3836 2328/2/3834
f 2365/2/3837 2327/2/3838 2329/2/3839
f 2329/2/3839 2367/2/3837 2365/2/3837
f 2330/2/3840 2368/2/3841 2366/2/3842
f 2366/2/3842 2328/2/3843 2330/2/3840
f 2331/2/3844 2369/2/3845 2367/2/3846
f 2367/2/3846 2329/2/3847 2331/2/3844
f 2370/2/3848 2368/2/3849 2330/2/3850
f 2330/2/3850 2332/2/3851 2370/2/3848
f 2309/2/3852 2308/2/3853 2369/2/3854
f 2369/2/3854 2331/2/3855 2309/2/3852
f 2333/2/3856 2344/2/3856 2370/2/3857
f 2370/2/3857 2332/2/3858 2333/2/3856
f 2371/2/3859 2372/2/3859 2373/2/3859
f 2373/2/3859 2374/2/3859 2371/2/3859
f 2348/2/3860 2375/2/3861 2376/2/3860
f 2376/2/3860 2347/2/3862 2348/2/3860
f 2339/2/3863 2349/2/3864 2377/2/3864
f 2377/2/3864 2340/2/3864 2339/2/3863
f 2350/2/3865 2378/2/3866 2375/2/3867
f 2375/2/3867 2348/2/3867 2350/2/3865
f 2352/2/3868 2351/2/3869 2379/2/3868
f 2379/2/3868 2380/2/3870 2352/2/3868
f 2377/2/3871 2349/2/3871 2353/2/3872
f 2353/2/3872 2372/2/3871 2377/2/3871
f 2350/2/3873 2354/2/3874 2381/2/3875
f 2381/2/3875 2378/2/3873 2350/2/3873
f 2379/2/3876 2351/2/3877 2355/2/3876
f 2355/2/3876 2382/2/3878 2379/2/3876
f 2356/2/3879 2373/2/3880 2372/2/3881
f 2372/2/3881 2353/2/3882 2356/2/3879
f 2381/2/3883 2354/2/3883 2357/2/3883
f 2357/2/3883 2383/2/3883 2381/2/3883
f 2382/2/3884 2355/2/3885 2358/2/3886
f 2358/2/3886 2384/2/3887 2382/2/3884
f 2356/2/3888 2359/2/3889 2385/2/3890
f 2385/2/3890 2373/2/3891 2356/2/3888
f 2360/2/3892 2386/2/3893 2383/2/3893
f 2383/2/3893 2357/2/3892 2360/2/3892
f 2361/2/3894 2387/2/3894 2384/2/3894
f 2384/2/3894 2358/2/3894 2361/2/3894
f 2385/2/3895 2359/2/3896 2362/2/3895
f 2362/2/3895 2388/2/3897 2385/2/3895
f 2360/2/3898 2363/2/3899 2389/2/3900
f 2389/2/3900 2386/2/3898 2360/2/3898
f 2364/2/3901 2390/2/3902 2387/2/3903
f 2387/2/3903 2361/2/3902 2364/2/3901
f 2362/2/3904 2352/2/3904 2380/2/3904
f 2380/2/3904 2388/2/3905 2362/2/3904
f 2389/2/3906 2363/2/3907 2365/2/3908
f 2365/2/3908 2391/2/3909 2389/2/3906
f 2390/2/3910 2364/2/3910 2366/2/3910
f 2366/2/3910 2392/2/3910 2390/2/3910
f 2367/2/3911 2393/2/3912 2391/2/3913
f 2391/2/3913 2365/2/3914 2367/2/3911
f 2368/2/3915 2394/2/3915 2392/2/3915
f 2392/2/3915 2366/2/3915 2368/2/3915
f 2367/2/3916 2369/2/3917 2395/2/3918
f 2395/2/3918 2393/2/3919 2367/2/3916
f 2370/2/3920 2396/2/3921 2394/2/3922
f 2394/2/3922 2368/2/3923 2370/2/3920
f 2395/2/3924 2369/2/3925 2308/2/3926
f 2308/2/3926 2397/2/3927 2395/2/3924
f 2370/2/3928 2344/2/3929 2398/2/3930
f 2398/2/3930 2396/2/3931 2370/2/3928
f 2307/2/3932 2399/2/3932 2397/2/3932
f 2397/2/3932 2308/2/3932 2307/2/3932
f 2398/2/3933 2344/2/3933 2343/2/3933
f 2343/2/3933 2400/2/3933 2398/2/3933
f 2307/2/3934 2345/2/3935 2401/2/3934
f 2401/2/3934 2399/2/3936 2307/2/3934
f 2402/2/3937 2400/2/3938 2343/2/3938
f 2343/2/3938 2346/2/3939 2402/2/3937
f 2401/2/3940 2345/2/3941 2342/2/3942
f 2342/2/3942 2341/2/3943 2401/2/3940
f 2402/2/3944 2346/2/3945 2347/2/3944
f 2347/2/3944 2376/2/3946 2402/2/3944
f 2403/2/3947 2404/2/3947 2405/2/3947
f 2405/2/3947 2406/2/3948 2403/2/3947
f 2383/2/3949 2407/2/3949 2408/2/3949
f 2408/2/3949 2381/2/3949 2383/2/3949
f 2384/2/3950 2409/2/3951 2410/2/3951
f 2410/2/3951 2382/2/3951 2384/2/3950
f 2385/2/3952 2411/2/3953 2374/2/3953
f 2374/2/3953 2373/2/3953 2385/2/3952
f 2407/2/3954 2383/2/3954 2386/2/3954
f 2386/2/3954 2412/2/3954 2407/2/3954
f 2384/2/3955 2387/2/3956 2413/2/3957
f 2413/2/3957 2409/2/3956 2384/2/3955
f 2388/2/3958 2405/2/3958 2411/2/3958
f 2411/2/3958 2385/2/3958 2388/2/3958
f 2389/2/3959 2414/2/3959 2412/2/3959
f 2412/2/3959 2386/2/3959 2389/2/3959
f 2413/2/3960 2387/2/3961 2390/2/3962
f 2390/2/3962 2415/2/3961 2413/2/3960
f 2406/2/3963 2405/2/3963 2388/2/3963
f 2388/2/3963 2380/2/3963 2406/2/3963
f 2391/2/3964 2416/2/3964 2414/2/3964
f 2414/2/3964 2389/2/3964 2391/2/3964
f 2392/2/3965 2417/2/3966 2415/2/3967
f 2415/2/3967 2390/2/3966 2392/2/3965
f 2416/2/3968 2391/2/3969 2393/2/3969
f 2393/2/3969 2418/2/3970 2416/2/3968
f 2392/2/3971 2394/2/3972 2419/2/3972
f 2419/2/3972 2417/2/3972 2392/2/3971
f 2395/2/3973 2420/2/3973 2418/2/3973
f 2418/2/3973 2393/2/3973 2395/2/3973
f 2419/2/3974 2394/2/3975 2396/2/3976
f 2396/2/3976 2421/2/3975 2419/2/3974
f 2397/2/3977 2422/2/3977 2420/2/3977
f 2420/2/3977 2395/2/3977 2397/2/3977
f 2398/2/3978 2423/2/3979 2421/2/3979
f 2421/2/3979 2396/2/3979 2398/2/3978
f 2422/2/3980 2397/2/3980 2399/2/3981
f 2399/2/3981 2424/2/3980 2422/2/3980
f 2400/2/3982 2425/2/3982 2423/2/3983
f 2423/2/3983 2398/2/3982 2400/2/3982
f 2401/2/3984 2426/2/3985 2424/2/3986
f 2424/2/3986 2399/2/3986 2401/2/3984
f 2400/2/3987 2402/2/3988 2427/2/3988
f 2427/2/3988 2425/2/3988 2400/2/3987
f 2341/2/3989 2428/2/3990 2426/2/3991
f 2426/2/3991 2401/2/3992 2341/2/3989
f 2429/2/3993 2427/2/3994 2402/2/3995
f 2402/2/3995 2376/2/3996 2429/2/3993
f 2428/2/3997 2341/2/3997 2340/2/3997
f 2340/2/3997 2430/2/3997 2428/2/3997
f 2429/2/3998 2376/2/3998 2375/2/3999
f 2375/2/3999 2431/2/3998 2429/2/3998
f 2377/2/4000 2432/2/4000 2430/2/4000
f 2430/2/4000 2340/2/4000 2377/2/4000
f 2431/2/4001 2375/2/4001 2378/2/4002
f 2378/2/4002 2433/2/4001 2431/2/4001
f 2379/2/4003 2434/2/4004 2406/2/4004
f 2406/2/4004 2380/2/4004 2379/2/4003
f 2372/2/4005 2371/2/4005 2432/2/4005
f 2432/2/4005 2377/2/4005 2372/2/4005
f 2381/2/4006 2408/2/4006 2433/2/4006
f 2433/2/4006 2378/2/4006 2381/2/4006
f 2434/2/4007 2379/2/4007 2382/2/4008
f 2382/2/4008 2410/2/4007 2434/2/4007
f 2435/2/4009 2436/2/4010 2437/2/4011
f 2437/2/4011 2438/2/4009 2435/2/4009
f 2416/2/4012 2439/2/4013 2440/2/4012
f 2440/2/4012 2414/2/4012 2416/2/4012
f 2441/2/4014 2415/2/4015 2417/2/4016
f 2417/2/4016 2442/2/4014 2441/2/4014
f 2418/2/4017 2443/2/4018 2439/2/4019
f 2439/2/4019 2416/2/4020 2418/2/4017
f 2419/2/4021 2444/2/4022 2442/2/4023
f 2442/2/4023 2417/2/4024 2419/2/4021
f 2443/2/4025 2418/2/4026 2420/2/4027
f 2420/2/4027 2438/2/4028 2443/2/4025
f 2421/2/4029 2445/2/4030 2444/2/4029
f 2444/2/4029 2419/2/4031 2421/2/4029
f 2422/2/4032 2435/2/4032 2438/2/4032
f 2438/2/4032 2420/2/4033 2422/2/4032
f 2445/2/4034 2421/2/4034 2423/2/4035
f 2423/2/4035 2446/2/4036 2445/2/4034
f 2424/2/4037 2447/2/4038 2435/2/4037
f 2435/2/4037 2422/2/4039 2424/2/4037
f 2425/2/4040 2448/2/4041 2446/2/4040
f 2446/2/4040 2423/2/4042 2425/2/4040
f 2447/2/4043 2424/2/4044 2426/2/4045
f 2426/2/4045 2449/2/4046 2447/2/4043
f 2427/2/4047 2450/2/4048 2448/2/4049
f 2448/2/4049 2425/2/4049 2427/2/4047
f 2428/2/4050 2451/2/4051 2449/2/4052
f 2449/2/4052 2426/2/4053 2428/2/4050
f 2450/2/4054 2427/2/4055 2429/2/4056
f 2429/2/4056 2452/2/4055 2450/2/4054
f 2430/2/4057 2453/2/4058 2451/2/4059
f 2451/2/4059 2428/2/4058 2430/2/4057
f 2431/2/4060 2454/2/4061 2452/2/4062
f 2452/2/4062 2429/2/4063 2431/2/4060
f 2453/2/4064 2430/2/4065 2432/2/4064
f 2432/2/4064 2455/2/4065 2453/2/4064
f 2433/2/4066 2456/2/4067 2454/2/4068
f 2454/2/4068 2431/2/4069 2433/2/4066
f 2406/2/4070 2434/2/4071 2457/2/4072
f 2457/2/4072 2403/2/4072 2406/2/4070
f 2371/2/4073 2458/2/4074 2455/2/4075
f 2455/2/4075 2432/2/4076 2371/2/4073
f 2456/2/4077 2433/2/4078 2408/2/4079
f 2408/2/4079 2459/2/4080 2456/2/4077
f 2410/2/4081 2460/2/4082 2457/2/4083
f 2457/2/4083 2434/2/4084 2410/2/4081
f 2374/2/4085 2461/2/4086 2458/2/4087
f 2458/2/4087 2371/2/4088 2374/2/4085
f 2407/2/4089 2462/2/4090 2459/2/4091
f 2459/2/4091 2408/2/4092 2407/2/4089
f 2460/2/4093 2410/2/4094 2409/2/4095
f 2409/2/4095 2463/2/4094 2460/2/4093
f 2461/2/4096 2374/2/4097 2411/2/4098
f 2411/2/4098 2464/2/4098 2461/2/4096
f 2412/2/4099 2465/2/4100 2462/2/4101
f 2462/2/4101 2407/2/4102 2412/2/4099
f 2413/2/4103 2466/2/4104 2463/2/4103
f 2463/2/4103 2409/2/4105 2413/2/4103
f 2405/2/4106 2404/2/4107 2464/2/4108
f 2464/2/4108 2411/2/4109 2405/2/4106
f 2465/2/4110 2412/2/4110 2414/2/4110
f 2414/2/4110 2440/2/4111 2465/2/4110
f 2415/2/4112 2441/2/4112 2466/2/4113
f 2466/2/4113 2413/2/4112 2415/2/4112
f 2467/2/4114 2468/2/4115 2469/2/4115
f 2469/2/4115 2470/2/4115 2467/2/4114
f 2471/2/4116 2472/2/4117 2445/2/4118
f 2445/2/4118 2446/2/4119 2471/2/4116
f 2447/2/4120 2473/2/4121 2436/2/4121
f 2436/2/4121 2435/2/4122 2447/2/4120
f 2448/2/4123 2474/2/4124 2471/2/4125
f 2471/2/4125 2446/2/4126 2448/2/4123
f 2468/2/4127 2473/2/4128 2447/2/4128
f 2447/2/4128 2449/2/4128 2468/2/4127
f 2450/2/4129 2475/2/4130 2474/2/4129
f 2474/2/4129 2448/2/4131 2450/2/4129
f 2451/2/4132 2469/2/4132 2468/2/4132
f 2468/2/4132 2449/2/4133 2451/2/4132
f 2476/2/4134 2475/2/4135 2450/2/4136
f 2450/2/4136 2452/2/4137 2476/2/4134
f 2453/2/4138 2477/2/4139 2469/2/4140
f 2469/2/4140 2451/2/4140 2453/2/4138
f 2454/2/4141 2478/2/4141 2476/2/4141
f 2476/2/4141 2452/2/4141 2454/2/4141
f 2479/2/4142 2477/2/4143 2453/2/4143
f 2453/2/4143 2455/2/4143 2479/2/4142
f 2456/2/4144 2480/2/4145 2478/2/4146
f 2478/2/4146 2454/2/4146 2456/2/4144
f 2481/2/4147 2403/2/4148 2457/2/4149
f 2457/2/4149 2482/2/4148 2481/2/4147
f 2458/2/4150 2483/2/4151 2479/2/4151
f 2479/2/4151 2455/2/4151 2458/2/4150
f 2484/2/4152 2480/2/4152 2456/2/4152
f 2456/2/4152 2459/2/4153 2484/2/4152
f 2482/2/4154 2457/2/4154 2460/2/4154
f 2460/2/4154 2485/2/4154 2482/2/4154
f 2461/2/4155 2486/2/4156 2483/2/4156
f 2483/2/4156 2458/2/4157 2461/2/4155
f 2462/2/4158 2487/2/4159 2484/2/4158
f 2484/2/4158 2459/2/4160 2462/2/4158
f 2463/2/4161 2488/2/4162 2485/2/4163
f 2485/2/4163 2460/2/4164 2463/2/4161
f 2489/2/4165 2486/2/4166 2461/2/4167
f 2461/2/4167 2464/2/4167 2489/2/4165
f 2465/2/4168 2490/2/4169 2487/2/4168
f 2487/2/4168 2462/2/4169 2465/2/4168
f 2488/2/4170 2463/2/4170 2466/2/4170
f 2466/2/4170 2491/2/4170 2488/2/4170
f 2404/2/4171 2492/2/4172 2489/2/4171
f 2489/2/4171 2464/2/4173 2404/2/4171
f 2493/2/4174 2490/2/4175 2465/2/4176
f 2465/2/4176 2440/2/4175 2493/2/4174
f 2441/2/4177 2494/2/4178 2491/2/4177
f 2491/2/4177 2466/2/4179 2441/2/4177
f 2481/2/4180 2492/2/4181 2404/2/4182
f 2404/2/4182 2403/2/4183 2481/2/4180
f 2439/2/4184 2495/2/4185 2493/2/4186
f 2493/2/4186 2440/2/4187 2439/2/4184
f 2442/2/4188 2496/2/4188 2494/2/4188
f 2494/2/4188 2441/2/4189 2442/2/4188
f 2443/2/4190 2497/2/4191 2495/2/4192
f 2495/2/4192 2439/2/4191 2443/2/4190
f 2496/2/4193 2442/2/4193 2444/2/4194
f 2444/2/4194 2498/2/4193 2496/2/4193
f 2437/2/4195 2497/2/4196 2443/2/4195
f 2443/2/4195 2438/2/4195 2437/2/4195
f 2445/2/4197 2472/2/4198 2498/2/4199
f 2498/2/4199 2444/2/4200 2445/2/4197
f 2499/2/4201 2500/2/4202 2501/2/4202
f 2501/2/4202 2502/2/4202 2499/2/4201
f 2476/2/4203 2503/2/4203 2504/2/4203
f 2504/2/4203 2475/2/4203 2476/2/4203
f 2477/2/4204 2505/2/4205 2470/2/4205
f 2470/2/4205 2469/2/4205 2477/2/4204
f 2506/2/4206 2503/2/4206 2476/2/4206
f 2476/2/4206 2478/2/4206 2506/2/4206
f 2479/2/4207 2507/2/4207 2505/2/4207
f 2505/2/4207 2477/2/4207 2479/2/4207
f 2480/2/4208 2508/2/4209 2506/2/4209
f 2506/2/4209 2478/2/4209 2480/2/4208
f 2500/2/4210 2499/2/4210 2481/2/4210
f 2481/2/4210 2482/2/4210 2500/2/4210
f 2509/2/4211 2507/2/4211 2479/2/4211
f 2479/2/4211 2483/2/4211 2509/2/4211
f 2484/2/4212 2510/2/4212 2508/2/4212
f 2508/2/4212 2480/2/4212 2484/2/4212
f 2485/2/4213 2511/2/4214 2500/2/4214
f 2500/2/4214 2482/2/4214 2485/2/4213
f 2486/2/4215 2512/2/4215 2509/2/4215
f 2509/2/4215 2483/2/4215 2486/2/4215
f 2513/2/4216 2510/2/4216 2484/2/4217
f 2484/2/4217 2487/2/4216 2513/2/4216
f 2488/2/4218 2514/2/4219 2511/2/4219
f 2511/2/4219 2485/2/4219 2488/2/4218
f 2489/2/4220 2515/2/4220 2512/2/4220
f 2512/2/4220 2486/2/4220 2489/2/4220
f 2490/2/4221 2516/2/4221 2513/2/4221
f 2513/2/4221 2487/2/4221 2490/2/4221
f 2517/2/4222 2514/2/4222 2488/2/4222
f 2488/2/4222 2491/2/4222 2517/2/4222
f 2518/2/4223 2515/2/4223 2489/2/4223
f 2489/2/4223 2492/2/4223 2518/2/4223
f 2493/2/4224 2519/2/4224 2516/2/4224
f 2516/2/4224 2490/2/4224 2493/2/4224
f 2494/2/4225 2520/2/4225 2517/2/4225
f 2517/2/4225 2491/2/4225 2494/2/4225
f 2518/2/4226 2492/2/4226 2481/2/4226
f 2481/2/4226 2499/2/4226 2518/2/4226
f 2519/2/4227 2493/2/4227 2495/2/4227
f 2495/2/4227 2521/2/4227 2519/2/4227
f 2496/2/4228 2522/2/4229 2520/2/4230
f 2520/2/4230 2494/2/4229 2496/2/4228
f 2497/2/4231 2523/2/4231 2521/2/4231
f 2521/2/4231 2495/2/4231 2497/2/4231
f 2524/2/4232 2522/2/4232 2496/2/4232
f 2496/2/4232 2498/2/4232 2524/2/4232
f 2437/2/4233 2525/2/4233 2523/2/4233
f 2523/2/4233 2497/2/4233 2437/2/4233
f 2472/2/4234 2526/2/4234 2524/2/4235
f 2524/2/4235 2498/2/4234 2472/2/4234
f 2525/2/4236 2437/2/4236 2436/2/4236
f 2436/2/4236 2527/2/4236 2525/2/4236
f 2471/2/4237 2528/2/4238 2526/2/4237
f 2526/2/4237 2472/2/4238 2471/2/4237
f 2473/2/4239 2529/2/4239 2527/2/4239
f 2527/2/4239 2436/2/4239 2473/2/4239
f 2530/2/4240 2528/2/4241 2471/2/4241
f 2471/2/4241 2474/2/4241 2530/2/4240
f 2468/2/4242 2467/2/4242 2529/2/4242
f 2529/2/4242 2473/2/4242 2468/2/4242
f 2475/2/4243 2504/2/4244 2530/2/4245
f 2530/2/4245 2474/2/4244 2475/2/4243
f 2531/2/4246 2532/2/4246 2533/2/4246
f 2533/2/4246 2534/2/4247 2531/2/4246
f 2509/2/4248 2535/2/4249 2536/2/4250
f 2536/2/4250 2507/2/4251 2509/2/4248
f 2510/2/4252 2537/2/4253 2538/2/4254
f 2538/2/4254 2508/2/4255 2510/2/4252
f 2511/2/4256 2539/2/4257 2501/2/4258
f 2501/2/4258 2500/2/4259 2511/2/4256
f 2540/2/4260 2535/2/4261 2509/2/4260
f 2509/2/4260 2512/2/4262 2540/2/4260
f 2513/2/4263 2541/2/4264 2537/2/4263
f 2537/2/4263 2510/2/4265 2513/2/4263
f 2514/2/4266 2534/2/4267 2539/2/4267
f 2539/2/4267 2511/2/4266 2514/2/4266
f 2515/2/4268 2542/2/4269 2540/2/4270
f 2540/2/4270 2512/2/4271 2515/2/4268
f 2541/2/4272 2513/2/4273 2516/2/4274
f 2516/2/4274 2543/2/4275 2541/2/4272
f 2517/2/4276 2531/2/4276 2534/2/4277
f 2534/2/4277 2514/2/4278 2517/2/4276
f 2518/2/4279 2544/2/4280 2542/2/4281
f 2542/2/4281 2515/2/4282 2518/2/4279
f 2519/2/4283 2545/2/4284 2543/2/4285
f 2543/2/4285 2516/2/4286 2519/2/4283
f 2531/2/4287 2517/2/4288 2520/2/4289
f 2520/2/4289 2546/2/4290 2531/2/4287
f 2544/2/4291 2518/2/4292 2499/2/4291
f 2499/2/4291 2502/2/4291 2544/2/4291
f 2521/2/4293 2547/2/4294 2545/2/4295
f 2545/2/4295 2519/2/4296 2521/2/4293
f 2522/2/4297 2548/2/4298 2546/2/4299
f 2546/2/4299 2520/2/4300 2522/2/4297
f 2549/2/4301 2547/2/4302 2521/2/4303
f 2521/2/4303 2523/2/4304 2549/2/4301
f 2524/2/4305 2550/2/4306 2548/2/4307
f 2548/2/4307 2522/2/4308 2524/2/4305
f 2525/2/4309 2551/2/4310 2549/2/4311
f 2549/2/4311 2523/2/4310 2525/2/4309
f 2552/2/4312 2550/2/4313 2524/2/4314
f 2524/2/4314 2526/2/4313 2552/2/4312
f 2527/2/4315 2553/2/4316 2551/2/4316
f 2551/2/4316 2525/2/4315 2527/2/4315
f 2528/2/4317 2554/2/4318 2552/2/4319
f 2552/2/4319 2526/2/4320 2528/2/4317
f 2553/2/4321 2527/2/4322 2529/2/4323
f 2529/2/4323 2555/2/4324 2553/2/4321
f 2530/2/4325 2556/2/4326 2554/2/4327
f 2554/2/4327 2528/2/4328 2530/2/4325
f 2467/2/4329 2557/2/4330 2555/2/4331
f 2555/2/4331 2529/2/4332 2467/2/4329
f 2558/2/4333 2556/2/4334 2530/2/4335
f 2530/2/4335 2504/2/4336 2558/2/4333
f 2470/2/4337 2559/2/4338 2557/2/4339
f 2557/2/4339 2467/2/4340 2470/2/4337
f 2503/2/4341 2560/2/4342 2558/2/4343
f 2558/2/4343 2504/2/4342 2503/2/4341
f 2561/2/4344 2559/2/4345 2470/2/4346
f 2470/2/4346 2505/2/4347 2561/2/4344
f 2506/2/4348 2562/2/4348 2560/2/4349
f 2560/2/4349 2503/2/4350 2506/2/4348
f 2507/2/4351 2536/2/4352 2561/2/4353
f 2561/2/4353 2505/2/4351 2507/2/4351
f 2562/2/4354 2506/2/4354 2508/2/4354
f 2508/2/4354 2538/2/4355 2562/2/4354
f 2563/2/4356 2564/2/4357 2565/2/4358
f 2565/2/4358 2566/2/4357 2563/2/4356
f 2544/2/4359 2567/2/4360 2568/2/4359
f 2568/2/4359 2542/2/4361 2544/2/4359
f 2569/2/4362 2570/2/4363 2543/2/4363
f 2543/2/4363 2545/2/4363 2569/2/4362
f 2546/2/4364 2571/2/4365 2532/2/4366
f 2532/2/4366 2531/2/4367 2546/2/4364
f 2572/2/4368 2567/2/4369 2544/2/4370
f 2544/2/4370 2502/2/4371 2572/2/4368
f 2547/2/4372 2573/2/4372 2569/2/4372
f 2569/2/4372 2545/2/4372 2547/2/4372
f 2571/2/4373 2546/2/4374 2548/2/4375
f 2548/2/4375 2565/2/4376 2571/2/4373
f 2549/2/4377 2574/2/4378 2573/2/4379
f 2573/2/4379 2547/2/4380 2549/2/4377
f 2550/2/4381 2566/2/4382 2565/2/4383
f 2565/2/4383 2548/2/4384 2550/2/4381
f 2575/2/4385 2574/2/4386 2549/2/4387
f 2549/2/4387 2551/2/4387 2575/2/4385
f 2552/2/4388 2576/2/4389 2566/2/4390
f 2566/2/4390 2550/2/4391 2552/2/4388
f 2553/2/4392 2577/2/4392 2575/2/4392
f 2575/2/4392 2551/2/4392 2553/2/4392
f 2578/2/4393 2576/2/4394 2552/2/4395
f 2552/2/4395 2554/2/4396 2578/2/4393
f 2555/2/4397 2579/2/4398 2577/2/4399
f 2577/2/4399 2553/2/4400 2555/2/4397
f 2556/2/4401 2580/2/4402 2578/2/4403
f 2578/2/4403 2554/2/4404 2556/2/4401
f 2581/2/4405 2579/2/4406 2555/2/4407
f 2555/2/4407 2557/2/4408 2581/2/4405
f 2558/2/4409 2582/2/4410 2580/2/4411
f 2580/2/4411 2556/2/4412 2558/2/4409
f 2559/2/4413 2583/2/4414 2581/2/4415
f 2581/2/4415 2557/2/4416 2559/2/4413
f 2584/2/4417 2582/2/4418 2558/2/4419
f 2558/2/4419 2560/2/4420 2584/2/4417
f 2561/2/4421 2585/2/4422 2583/2/4423
f 2583/2/4423 2559/2/4424 2561/2/4421
f 2562/2/4425 2586/2/4426 2584/2/4427
f 2584/2/4427 2560/2/4427 2562/2/4425
f 2587/2/4428 2585/2/4428 2561/2/4429
f 2561/2/4429 2536/2/4429 2587/2/4428
f 2538/2/4430 2588/2/4431 2586/2/4432
f 2586/2/4432 2562/2/4433 2538/2/4430
f 2502/2/4434 2501/2/4435 2589/2/4436
f 2589/2/4436 2572/2/4436 2502/2/4434
f 2535/2/4437 2590/2/4438 2587/2/4439
f 2587/2/4439 2536/2/4440 2535/2/4437
f 2591/2/4441 2588/2/4442 2538/2/4441
f 2538/2/4441 2537/2/4443 2591/2/4441
f 2592/2/4444 2589/2/4445 2501/2/4446
f 2501/2/4446 2539/2/4447 2592/2/4444
f 2540/2/4448 2593/2/4449 2590/2/4450
f 2590/2/4450 2535/2/4451 2540/2/4448
f 2541/2/4452 2594/2/4453 2591/2/4453
f 2591/2/4453 2537/2/4454 2541/2/4452
f 2533/2/4455 2592/2/4456 2539/2/4457
f 2539/2/4457 2534/2/4458 2533/2/4455
f 2568/2/4459 2593/2/4460 2540/2/4459
f 2540/2/4459 2542/2/4459 2568/2/4459
f 2543/2/4461 2570/2/4462 2594/2/4461
f 2594/2/4461 2541/2/4463 2543/2/4461
f 2595/2/4464 2596/2/4465 2597/2/4466
f 2597/2/4466 2598/2/4467 2595/2/4464
f 2575/2/4468 2599/2/4468 2600/2/4468
f 2600/2/4468 2574/2/4468 2575/2/4468
f 2576/2/4469 2601/2/4469 2563/2/4470
f 2563/2/4470 2566/2/4469 2576/2/4469
f 2599/2/4471 2575/2/4472 2577/2/4472
f 2577/2/4472 2602/2/4472 2599/2/4471
f 2578/2/4473 2598/2/4474 2601/2/4473
f 2601/2/4473 2576/2/4474 2578/2/4473
f 2579/2/4475 2603/2/4476 2602/2/4476
f 2602/2/4476 2577/2/4476 2579/2/4475
f 2595/2/4477 2598/2/4478 2578/2/4479
f 2578/2/4479 2580/2/4478 2595/2/4477
f 2581/2/4480 2604/2/4481 2603/2/4482
f 2603/2/4482 2579/2/4483 2581/2/4480
f 2582/2/4484 2605/2/4484 2595/2/4485
f 2595/2/4485 2580/2/4484 2582/2/4484
f 2606/2/4486 2604/2/4487 2581/2/4488
f 2581/2/4488 2583/2/4487 2606/2/4486
f 2584/2/4489 2607/2/4489 2605/2/4489
f 2605/2/4489 2582/2/4489 2584/2/4489
f 2585/2/4490 2608/2/4491 2606/2/4491
f 2606/2/4491 2583/2/4491 2585/2/4490
f 2609/2/4492 2607/2/4492 2584/2/4492
f 2584/2/4492 2586/2/4492 2609/2/4492
f 2587/2/4493 2610/2/4494 2608/2/4495
f 2608/2/4495 2585/2/4494 2587/2/4493
f 2588/2/4496 2611/2/4497 2609/2/4498
f 2609/2/4498 2586/2/4497 2588/2/4496
f 2612/2/4499 2613/2/4500 2572/2/4500
f 2572/2/4500 2589/2/4500 2612/2/4499
f 2614/2/4501 2610/2/4501 2587/2/4502
f 2587/2/4502 2590/2/4501 2614/2/4501
f 2591/2/4503 2615/2/4503 2611/2/4504
f 2611/2/4504 2588/2/4503 2591/2/4503
f 2592/2/4505 2616/2/4505 2612/2/4505
f 2612/2/4505 2589/2/4505 2592/2/4505
f 2593/2/4506 2617/2/4507 2614/2/4507
f 2614/2/4507 2590/2/4507 2593/2/4506
f 2615/2/4508 2591/2/4509 2594/2/4509
f 2594/2/4509 2618/2/4509 2615/2/4508
f 2533/2/4510 2619/2/4510 2616/2/4510
f 2616/2/4510 2592/2/4510 2533/2/4510
f 2568/2/4511 2620/2/4511 2617/2/4512
f 2617/2/4512 2593/2/4511 2568/2/4511
f 2570/2/4513 2621/2/4513 2618/2/4513
f 2618/2/4513 2594/2/4513 2570/2/4513
f 2622/2/4514 2619/2/4515 2533/2/4515
f 2533/2/4515 2532/2/4515 2622/2/4514
f 2623/2/4516 2620/2/4517 2568/2/4517
f 2568/2/4517 2567/2/4517 2623/2/4516
f 2569/2/4518 2624/2/4519 2621/2/4519
f 2621/2/4519 2570/2/4519 2569/2/4518
f 2571/2/4520 2625/2/4520 2622/2/4521
f 2622/2/4521 2532/2/4520 2571/2/4520
f 2613/2/4522 2623/2/4522 2567/2/4522
f 2567/2/4522 2572/2/4522 2613/2/4522
f 2624/2/4523 2569/2/4523 2573/2/4524
f 2573/2/4524 2626/2/4523 2624/2/4523
f 2565/2/4525 2564/2/4526 2625/2/4526
f 2625/2/4526 2571/2/4526 2565/2/4525
f 2574/2/4527 2600/2/4528 2626/2/4529
f 2626/2/4529 2573/2/4528 2574/2/4527
f 2627/2/4530 2628/2/4530 2629/2/4531
f 2629/2/4531 2630/2/4532 2627/2/4530
f 2604/2/4533 2631/2/4534 2632/2/4535
f 2632/2/4535 2603/2/4536 2604/2/4533
f 2633/2/4537 2596/2/4538 2595/2/4539
f 2595/2/4539 2605/2/4537 2633/2/4537
f 2606/2/4540 2634/2/4541 2631/2/4540
f 2631/2/4540 2604/2/4541 2606/2/4540
f 2607/2/4542 2630/2/4543 2633/2/4544
f 2633/2/4544 2605/2/4545 2607/2/4542
f 2634/2/4546 2606/2/4547 2608/2/4546
f 2608/2/4546 2635/2/4548 2634/2/4546
f 2609/2/4549 2627/2/4550 2630/2/4551
f 2630/2/4551 2607/2/4552 2609/2/4549
f 2610/2/4553 2636/2/4553 2635/2/4554
f 2635/2/4554 2608/2/4555 2610/2/4553
f 2627/2/4556 2609/2/4556 2611/2/4557
f 2611/2/4557 2637/2/4556 2627/2/4556
f 2613/2/4558 2612/2/4559 2638/2/4558
f 2638/2/4558 2639/2/4560 2613/2/4558
f 2614/2/4561 2640/2/4562 2636/2/4563
f 2636/2/4563 2610/2/4564 2614/2/4561
f 2615/2/4565 2641/2/4566 2637/2/4565
f 2637/2/4565 2611/2/4565 2615/2/4565
f 2616/2/4567 2642/2/4568 2638/2/4567
f 2638/2/4567 2612/2/4569 2616/2/4567
f 2643/2/4570 2640/2/4570 2614/2/4570
f 2614/2/4570 2617/2/4571 2643/2/4570
f 2618/2/4572 2644/2/4572 2641/2/4573
f 2641/2/4573 2615/2/4574 2618/2/4572
f 2619/2/4575 2645/2/4576 2642/2/4577
f 2642/2/4577 2616/2/4578 2619/2/4575
f 2620/2/4579 2646/2/4580 2643/2/4579
f 2643/2/4579 2617/2/4581 2620/2/4579
f 2647/2/4582 2644/2/4583 2618/2/4584
f 2618/2/4584 2621/2/4585 2647/2/4582
f 2622/2/4586 2648/2/4587 2645/2/4586
f 2645/2/4586 2619/2/4588 2622/2/4586
f 2623/2/4589 2649/2/4590 2646/2/4591
f 2646/2/4591 2620/2/4592 2623/2/4589
f 2624/2/4593 2650/2/4594 2647/2/4593
f 2647/2/4593 2621/2/4595 2624/2/4593
f 2648/2/4596 2622/2/4597 2625/2/4598
f 2625/2/4598 2651/2/4599 2648/2/4596
f 2639/2/4600 2649/2/4601 2623/2/4600
f 2623/2/4600 2613/2/4602 2639/2/4600
f 2626/2/4603 2652/2/4604 2650/2/4603
f 2650/2/4603 2624/2/4603 2626/2/4603
f 2564/2/4605 2653/2/4605 2651/2/4606
f 2651/2/4606 2625/2/4607 2564/2/4605
f 2654/2/4608 2652/2/4609 2626/2/4610
f 2626/2/4610 2600/2/4611 2654/2/4608
f 2563/2/4612 2655/2/4613 2653/2/4614
f 2653/2/4614 2564/2/4615 2563/2/4612
f 2599/2/4616 2656/2/4617 2654/2/4618
f 2654/2/4618 2600/2/4619 2599/2/4616
f 2657/2/4620 2655/2/4621 2563/2/4620
f 2563/2/4620 2601/2/4622 2657/2/4620
f 2602/2/4623 2658/2/4624 2656/2/4625
f 2656/2/4625 2599/2/4626 2602/2/4623
f 2598/2/4627 2597/2/4628 2657/2/4627
f 2657/2/4627 2601/2/4627 2598/2/4627
f 2658/2/4629 2602/2/4630 2603/2/4631
f 2603/2/4631 2632/2/4632 2658/2/4629
f 2659/2/4633 2660/2/4634 2661/2/4633
f 2661/2/4633 2662/2/4634 2659/2/4633
f 2635/2/4635 2636/2/4635 2663/2/4635
f 2663/2/4635 2664/2/4636 2635/2/4635
f 2637/2/4637 2665/2/4638 2628/2/4639
f 2628/2/4639 2627/2/4640 2637/2/4637
f 2639/2/4641 2638/2/4642 2666/2/4642
f 2666/2/4642 2667/2/4642 2639/2/4641
f 2663/2/4643 2636/2/4643 2640/2/4643
f 2640/2/4643 2668/2/4643 2663/2/4643
f 2637/2/4644 2641/2/4645 2662/2/4646
f 2662/2/4646 2665/2/4646 2637/2/4644
f 2666/2/4647 2638/2/4648 2642/2/4649
f 2642/2/4649 2669/2/4650 2666/2/4647
f 2643/2/4651 2670/2/4652 2668/2/4651
f 2668/2/4651 2640/2/4651 2643/2/4651
f 2662/2/4653 2641/2/4654 2644/2/4653
f 2644/2/4653 2659/2/4653 2662/2/4653
f 2671/2/4655 2669/2/4656 2642/2/4657
f 2642/2/4657 2645/2/4658 2671/2/4655
f 2643/2/4659 2646/2/4660 2672/2/4661
f 2672/2/4661 2670/2/4659 2643/2/4659
f 2647/2/4662 2673/2/4662 2659/2/4662
f 2659/2/4662 2644/2/4662 2647/2/4662
f 2648/2/4663 2674/2/4664 2671/2/4663
f 2671/2/4663 2645/2/4665 2648/2/4663
f 2672/2/4666 2646/2/4667 2649/2/4668
f 2649/2/4668 2675/2/4669 2672/2/4666
f 2647/2/4670 2650/2/4671 2676/2/4672
f 2676/2/4672 2673/2/4673 2647/2/4670
f 2651/2/4674 2677/2/4674 2674/2/4674
f 2674/2/4674 2648/2/4674 2651/2/4674
f 2649/2/4675 2639/2/4675 2667/2/4675
f 2667/2/4675 2675/2/4675 2649/2/4675
f 2676/2/4676 2650/2/4677 2652/2/4678
f 2652/2/4678 2678/2/4679 2676/2/4676
f 2679/2/4680 2677/2/4681 2651/2/4682
f 2651/2/4682 2653/2/4683 2679/2/4680
f 2654/2/4684 2680/2/4684 2678/2/4685
f 2678/2/4685 2652/2/4684 2654/2/4684
f 2655/2/4686 2681/2/4687 2679/2/4687
f 2679/2/4687 2653/2/4688 2655/2/4686
f 2654/2/4689 2656/2/4690 2682/2/4689
f 2682/2/4689 2680/2/4691 2654/2/4689
f 2657/2/4692 2683/2/4692 2681/2/4693
f 2681/2/4693 2655/2/4692 2657/2/4692
f 2682/2/4694 2656/2/4695 2658/2/4694
f 2658/2/4694 2684/2/4696 2682/2/4694
f 2657/2/4697 2597/2/4698 2685/2/4699
f 2685/2/4699 2683/2/4700 2657/2/4697
f 2632/2/4701 2686/2/4701 2684/2/4701
f 2684/2/4701 2658/2/4701 2632/2/4701
f 2685/2/4702 2597/2/4702 2596/2/4703
f 2596/2/4703 2687/2/4702 2685/2/4702
f 2632/2/4704 2631/2/4705 2688/2/4706
f 2688/2/4706 2686/2/4704 2632/2/4704
f 2689/2/4707 2687/2/4707 2596/2/4707
f 2596/2/4707 2633/2/4708 2689/2/4707
f 2688/2/4709 2631/2/4710 2634/2/4711
f 2634/2/4711 2690/2/4709 2688/2/4709
f 2689/2/4712 2633/2/4712 2630/2/4712
f 2630/2/4712 2629/2/4712 2689/2/4712
f 2635/2/4713 2664/2/4714 2690/2/4715
f 2690/2/4715 2634/2/4714 2635/2/4713
f 2691/2/4716 2692/2/4716 2693/2/4716
f 2693/2/4716 2694/2/4716 2691/2/4716
f 2671/2/4717 2695/2/4717 2696/2/4717
f 2696/2/4717 2669/2/4717 2671/2/4717
f 2672/2/4718 2697/2/4718 2698/2/4718
f 2698/2/4718 2670/2/4718 2672/2/4718
f 2660/2/4719 2659/2/4719 2673/2/4719
f 2673/2/4719 2699/2/4719 2660/2/4719
f 2671/2/4720 2674/2/4720 2700/2/4720
f 2700/2/4720 2695/2/4720 2671/2/4720
f 2675/2/4721 2701/2/4721 2697/2/4721
f 2697/2/4721 2672/2/4721 2675/2/4721
f 2676/2/4722 2694/2/4722 2699/2/4722
f 2699/2/4722 2673/2/4722 2676/2/4722
f 2700/2/4723 2674/2/4723 2677/2/4723
f 2677/2/4723 2702/2/4723 2700/2/4723
f 2703/2/4724 2701/2/4724 2675/2/4724
f 2675/2/4724 2667/2/4724 2703/2/4724
f 2678/2/4725 2691/2/4725 2694/2/4725
f 2694/2/4725 2676/2/4725 2678/2/4725
f 2679/2/4726 2704/2/4726 2702/2/4726
f 2702/2/4726 2677/2/4726 2679/2/4726
f 2691/2/4727 2678/2/4727 2680/2/4727
f 2680/2/4727 2705/2/4727 2691/2/4727
f 2679/2/4728 2681/2/4728 2706/2/4728
f 2706/2/4728 2704/2/4728 2679/2/4728
f 2682/2/4729 2707/2/4729 2705/2/4729
f 2705/2/4729 2680/2/4729 2682/2/4729
f 2706/2/4730 2681/2/4730 2683/2/4730
f 2683/2/4730 2708/2/4730 2706/2/4730
f 2684/2/4731 2709/2/4731 2707/2/4731
f 2707/2/4731 2682/2/4731 2684/2/4731
f 2685/2/4732 2710/2/4733 2708/2/4733
f 2708/2/4733 2683/2/4733 2685/2/4732
f 2709/2/4734 2684/2/4734 2686/2/4734
f 2686/2/4734 2711/2/4734 2709/2/4734
f 2687/2/4735 2712/2/4735 2710/2/4735
f 2710/2/4735 2685/2/4735 2687/2/4735
f 2688/2/4736 2713/2/4736 2711/2/4737
f 2711/2/4737 2686/2/4737 2688/2/4736
f 2687/2/4738 2689/2/4738 2714/2/4738
f 2714/2/4738 2712/2/4738 2687/2/4738
f 2690/2/4739 2715/2/4740 2713/2/4741
f 2713/2/4741 2688/2/4742 2690/2/4739
f 2716/2/4743 2714/2/4743 2689/2/4743
f 2689/2/4743 2629/2/4743 2716/2/4743
f 2715/2/4744 2690/2/4744 2664/2/4744
f 2664/2/4744 2717/2/4744 2715/2/4744
f 2716/2/4745 2629/2/4745 2628/2/4745
f 2628/2/4745 2718/2/4745 2716/2/4745
f 2663/2/4746 2719/2/4746 2717/2/4746
f 2717/2/4746 2664/2/4746 2663/2/4746
f 2718/2/4747 2628/2/4747 2665/2/4747
f 2665/2/4747 2720/2/4747 2718/2/4747
f 2666/2/4748 2721/2/4748 2703/2/4748
f 2703/2/4748 2667/2/4748 2666/2/4748
f 2668/2/4749 2722/2/4749 2719/2/4749
f 2719/2/4749 2663/2/4749 2668/2/4749
f 2662/2/4750 2661/2/4750 2720/2/4750
f 2720/2/4750 2665/2/4750 2662/2/4750
f 2721/2/4751 2666/2/4751 2669/2/4751
f 2669/2/4751 2696/2/4751 2721/2/4751
f 2722/2/4752 2668/2/4752 2670/2/4752
f 2670/2/4752 2698/2/4752 2722/2/4752
f 2723/2/4753 2724/2/4753 2725/2/4753
f 2725/2/4753 2726/2/4753 2723/2/4753
f 2727/2/4754 2702/2/4755 2704/2/4756
f 2704/2/4756 2728/2/4757 2727/2/4754
f 2705/2/4758 2729/2/4758 2692/2/4759
f 2692/2/4759 2691/2/4758 2705/2/4758
f 2706/2/4760 2730/2/4761 2728/2/4762
f 2728/2/4762 2704/2/4763 2706/2/4760
f 2729/2/4764 2705/2/4765 2707/2/4766
f 2707/2/4766 2726/2/4767 2729/2/4764
f 2708/2/4768 2731/2/4769 2730/2/4769
f 2730/2/4769 2706/2/4770 2708/2/4768
f 2709/2/4771 2723/2/4772 2726/2/4771
f 2726/2/4771 2707/2/4773 2709/2/4771
f 2731/2/4774 2708/2/4774 2710/2/4774
f 2710/2/4774 2732/2/4775 2731/2/4774
f 2711/2/4776 2733/2/4777 2723/2/4778
f 2723/2/4778 2709/2/4778 2711/2/4776
f 2712/2/4779 2734/2/4780 2732/2/4781
f 2732/2/4781 2710/2/4782 2712/2/4779
f 2733/2/4783 2711/2/4783 2713/2/4784
f 2713/2/4784 2735/2/4785 2733/2/4783
f 2714/2/4786 2736/2/4786 2734/2/4787
f 2734/2/4787 2712/2/4786 2714/2/4786
f 2715/2/4788 2737/2/4789 2735/2/4788
f 2735/2/4788 2713/2/4790 2715/2/4788
f 2736/2/4791 2714/2/4791 2716/2/4791
f 2716/2/4791 2738/2/4791 2736/2/4791
f 2717/2/4792 2739/2/4792 2737/2/4793
f 2737/2/4793 2715/2/4792 2717/2/4792
f 2718/2/4794 2740/2/4795 2738/2/4796
f 2738/2/4796 2716/2/4797 2718/2/4794
f 2739/2/4798 2717/2/4799 2719/2/4800
f 2719/2/4800 2741/2/4800 2739/2/4798
f 2720/2/4801 2742/2/4802 2740/2/4803
f 2740/2/4803 2718/2/4804 2720/2/4801
f 2703/2/4805 2721/2/4805 2743/2/4806
f 2743/2/4806 2744/2/4806 2703/2/4805
f 2722/2/4807 2745/2/4808 2741/2/4809
f 2741/2/4809 2719/2/4810 2722/2/4807
f 2742/2/4811 2720/2/4812 2661/2/4813
f 2661/2/4813 2746/2/4814 2742/2/4811
f 2696/2/4815 2747/2/4816 2743/2/4817
f 2743/2/4817 2721/2/4815 2696/2/4815
f 2698/2/4818 2748/2/4818 2745/2/4819
f 2745/2/4819 2722/2/4820 2698/2/4818
f 2660/2/4821 2749/2/4822 2746/2/4822
f 2746/2/4822 2661/2/4822 2660/2/4821
f 2747/2/4823 2696/2/4824 2695/2/4824
f 2695/2/4824 2750/2/4824 2747/2/4823
f 2748/2/4825 2698/2/4826 2697/2/4825
f 2697/2/4825 2751/2/4827 2748/2/4825
f 2699/2/4828 2752/2/4829 2749/2/4828
f 2749/2/4828 2660/2/4830 2699/2/4828
f 2700/2/4831 2753/2/4832 2750/2/4833
f 2750/2/4833 2695/2/4834 2700/2/4831
f 2701/2/4835 2754/2/4836 2751/2/4837
f 2751/2/4837 2697/2/4838 2701/2/4835
f 2752/2/4839 2699/2/4840 2694/2/4841
f 2694/2/4841 2693/2/4842 2752/2/4839
f 2702/2/4843 2727/2/4844 2753/2/4845
f 2753/2/4845 2700/2/4845 2702/2/4843
f 2744/2/4846 2754/2/4847 2701/2/4847
f 2701/2/4847 2703/2/4848 2744/2/4846
f 2755/2/4849 2756/2/4850 2757/2/4851
f 2757/2/4851 2758/2/4850 2755/2/4849
f 2732/2/4852 2759/2/4852 2760/2/4852
f 2760/2/4852 2731/2/4852 2732/2/4852
f 2733/2/4853 2761/2/4853 2724/2/4853
f 2724/2/4853 2723/2/4853 2733/2/4853
f 2734/2/4854 2762/2/4854 2759/2/4854
f 2759/2/4854 2732/2/4855 2734/2/4854
f 2735/2/4856 2758/2/4857 2761/2/4858
f 2761/2/4858 2733/2/4859 2735/2/4856
f 2763/2/4860 2762/2/4860 2734/2/4860
f 2734/2/4860 2736/2/4860 2763/2/4860
f 2737/2/4861 2755/2/4862 2758/2/4863
f 2758/2/4863 2735/2/4864 2737/2/4861
f 2738/2/4865 2764/2/4865 2763/2/4866
f 2763/2/4866 2736/2/4867 2738/2/4865
f 2765/2/4868 2755/2/4868 2737/2/4869
f 2737/2/4869 2739/2/4868 2765/2/4868
f 2764/2/4870 2738/2/4871 2740/2/4871
f 2740/2/4871 2766/2/4872 2764/2/4870
f 2767/2/4873 2765/2/4873 2739/2/4873
f 2739/2/4873 2741/2/4873 2767/2/4873
f 2742/2/4874 2768/2/4874 2766/2/4875
f 2766/2/4875 2740/2/4874 2742/2/4874
f 2769/2/4876 2744/2/4877 2743/2/4878
f 2743/2/4878 2770/2/4877 2769/2/4876
f 2771/2/4879 2767/2/4879 2741/2/4879
f 2741/2/4879 2745/2/4879 2771/2/4879
f 2746/2/4880 2772/2/4881 2768/2/4880
f 2768/2/4880 2742/2/4882 2746/2/4880
f 2770/2/4883 2743/2/4884 2747/2/4884
f 2747/2/4884 2773/2/4884 2770/2/4883
f 2771/2/4885 2745/2/4886 2748/2/4885
f 2748/2/4885 2774/2/4887 2771/2/4885
f 2749/2/4888 2775/2/4889 2772/2/4888
f 2772/2/4888 2746/2/4890 2749/2/4888
f 2750/2/4891 2776/2/4892 2773/2/4891
f 2773/2/4891 2747/2/4891 2750/2/4891
f 2751/2/4893 2777/2/4894 2774/2/4893
f 2774/2/4893 2748/2/4894 2751/2/4893
f 2752/2/4895 2778/2/4896 2775/2/4895
f 2775/2/4895 2749/2/4897 2752/2/4895
f 2776/2/4898 2750/2/4899 2753/2/4899
f 2753/2/4899 2779/2/4900 2776/2/4898
f 2754/2/4901 2780/2/4901 2777/2/4901
f 2777/2/4901 2751/2/4902 2754/2/4901
f 2693/2/4903 2781/2/4903 2778/2/4903
f 2778/2/4903 2752/2/4903 2693/2/4903
f 2727/2/4904 2782/2/4904 2779/2/4904
f 2779/2/4904 2753/2/4904 2727/2/4904
f 2769/2/4905 2780/2/4906 2754/2/4907
f 2754/2/4907 2744/2/4908 2769/2/4905
f 2692/2/4909 2783/2/4909 2781/2/4909
f 2781/2/4909 2693/2/4909 2692/2/4909
f 2728/2/4910 2784/2/4910 2782/2/4910
f 2782/2/4910 2727/2/4910 2728/2/4910
f 2729/2/4911 2785/2/4912 2783/2/4913
f 2783/2/4913 2692/2/4911 2729/2/4911
f 2784/2/4914 2728/2/4915 2730/2/4916
f 2730/2/4916 2786/2/4914 2784/2/4914
f 2726/2/4917 2725/2/4918 2785/2/4919
f 2785/2/4919 2729/2/4919 2726/2/4917
f 2760/2/4920 2786/2/4920 2730/2/4920
f 2730/2/4920 2731/2/4921 2760/2/4920
f 2787/2/4922 2788/2/4923 2789/2/4924
f 2789/2/4924 2790/2/4923 2787/2/4922
f 2791/2/4925 2792/2/4925 2763/2/4925
f 2763/2/4925 2764/2/4925 2791/2/4925
f 2793/2/4926 2756/2/4927 2755/2/4928
f 2755/2/4928 2765/2/4927 2793/2/4926
f 2766/2/4929 2794/2/4929 2791/2/4929
f 2791/2/4929 2764/2/4929 2766/2/4929
f 2795/2/4930 2793/2/4931 2765/2/4932
f 2765/2/4932 2767/2/4931 2795/2/4930
f 2768/2/4933 2796/2/4933 2794/2/4933
f 2794/2/4933 2766/2/4933 2768/2/4933
f 2769/2/4934 2770/2/4934 2797/2/4934
f 2797/2/4934 2798/2/4934 2769/2/4934
f 2771/2/4935 2799/2/4935 2795/2/4936
f 2795/2/4936 2767/2/4935 2771/2/4935
f 2796/2/4937 2768/2/4937 2772/2/4937
f 2772/2/4937 2800/2/4937 2796/2/4937
f 2773/2/4938 2801/2/4938 2797/2/4938
f 2797/2/4938 2770/2/4938 2773/2/4938
f 2799/2/4939 2771/2/4940 2774/2/4940
f 2774/2/4940 2802/2/4940 2799/2/4939
f 2775/2/4941 2803/2/4941 2800/2/4941
f 2800/2/4941 2772/2/4941 2775/2/4941
f 2776/2/4942 2804/2/4942 2801/2/4942
f 2801/2/4942 2773/2/4942 2776/2/4942
f 2805/2/4943 2802/2/4944 2774/2/4945
f 2774/2/4945 2777/2/4944 2805/2/4943
f 2806/2/4946 2803/2/4946 2775/2/4946
f 2775/2/4946 2778/2/4946 2806/2/4946
f 2779/2/4947 2807/2/4947 2804/2/4947
f 2804/2/4947 2776/2/4947 2779/2/4947
f 2780/2/4948 2808/2/4948 2805/2/4948
f 2805/2/4948 2777/2/4948 2780/2/4948
f 2806/2/4949 2778/2/4949 2781/2/4950
f 2781/2/4950 2789/2/4949 2806/2/4949
f 2782/2/4951 2809/2/4951 2807/2/4951
f 2807/2/4951 2779/2/4951 2782/2/4951
f 2798/2/4952 2808/2/4952 2780/2/4952
f 2780/2/4952 2769/2/4952 2798/2/4952
f 2783/2/4953 2790/2/4953 2789/2/4954
f 2789/2/4954 2781/2/4953 2783/2/4953
f 2809/2/4955 2782/2/4955 2784/2/4955
f 2784/2/4955 2810/2/4955 2809/2/4955
f 2790/2/4956 2783/2/4956 2785/2/4956
f 2785/2/4956 2811/2/4956 2790/2/4956
f 2786/2/4957 2812/2/4957 2810/2/4958
f 2810/2/4958 2784/2/4957 2786/2/4957
f 2811/2/4959 2785/2/4960 2725/2/4961
f 2725/2/4961 2813/2/4960 2811/2/4959
f 2814/2/4962 2812/2/4962 2786/2/4962
f 2786/2/4962 2760/2/4962 2814/2/4962
f 2815/2/4963 2813/2/4964 2725/2/4964
f 2725/2/4964 2724/2/4964 2815/2/4963
f 2816/2/4965 2814/2/4965 2760/2/4966
f 2760/2/4966 2759/2/4965 2816/2/4965
f 2761/2/4967 2817/2/4968 2815/2/4969
f 2815/2/4969 2724/2/4968 2761/2/4967
f 2762/2/4970 2818/2/4970 2816/2/4970
f 2816/2/4970 2759/2/4970 2762/2/4970
f 2817/2/4971 2761/2/4972 2758/2/4971
f 2758/2/4971 2757/2/4973 2817/2/4971
f 2762/2/4974 2763/2/4974 2792/2/4974
f 2792/2/4974 2818/2/4974 2762/2/4974
f 2819/2/4975 2820/2/4975 2821/2/4976
f 2821/2/4976 2822/2/4975 2819/2/4975
f 2809/2/4977 2810/2/4977 2823/2/4978
f 2823/2/4978 2824/2/4979 2809/2/4977
f 2811/2/4980 2825/2/4981 2787/2/4982
f 2787/2/4982 2790/2/4981 2811/2/4980
f 2826/2/4983 2823/2/4984 2810/2/4984
f 2810/2/4984 2812/2/4985 2826/2/4983
f 2813/2/4986 2819/2/4986 2825/2/4986
f 2825/2/4986 2811/2/4986 2813/2/4986
f 2814/2/4987 2827/2/4988 2826/2/4989
f 2826/2/4989 2812/2/4990 2814/2/4987
f 2819/2/4991 2813/2/4991 2815/2/4992
f 2815/2/4992 2820/2/4993 2819/2/4991
f 2816/2/4994 2828/2/4995 2827/2/4996
f 2827/2/4996 2814/2/4997 2816/2/4994
f 2817/2/4998 2829/2/4999 2820/2/5000
f 2820/2/5000 2815/2/5001 2817/2/4998
f 2816/2/5002 2818/2/5003 2830/2/5003
f 2830/2/5003 2828/2/5004 2816/2/5002
f 2817/2/5005 2757/2/5006 2831/2/5007
f 2831/2/5007 2829/2/5006 2817/2/5005
f 2792/2/5008 2832/2/5009 2830/2/5010
f 2830/2/5010 2818/2/5011 2792/2/5008
f 2833/2/5012 2831/2/5013 2757/2/5014
f 2757/2/5014 2756/2/5013 2833/2/5012
f 2834/2/5015 2832/2/5016 2792/2/5017
f 2792/2/5017 2791/2/5018 2834/2/5015
f 2833/2/5019 2756/2/5019 2793/2/5019
f 2793/2/5019 2835/2/5020 2833/2/5019
f 2836/2/5021 2834/2/5022 2791/2/5023
f 2791/2/5023 2794/2/5024 2836/2/5021
f 2795/2/5025 2837/2/5025 2835/2/5026
f 2835/2/5026 2793/2/5027 2795/2/5025
f 2794/2/5028 2796/2/5029 2838/2/5028
f 2838/2/5028 2836/2/5030 2794/2/5028
f 2839/2/5031 2840/2/5032 2798/2/5033
f 2798/2/5033 2797/2/5032 2839/2/5031
f 2795/2/5034 2799/2/5034 2841/2/5034
f 2841/2/5034 2837/2/5034 2795/2/5034
f 2838/2/5035 2796/2/5036 2800/2/5037
f 2800/2/5037 2842/2/5038 2838/2/5035
f 2839/2/5039 2797/2/5039 2801/2/5039
f 2801/2/5039 2843/2/5040 2839/2/5039
f 2802/2/5041 2844/2/5041 2841/2/5042
f 2841/2/5042 2799/2/5041 2802/2/5041
f 2800/2/5043 2803/2/5044 2845/2/5045
f 2845/2/5045 2842/2/5046 2800/2/5043
f 2801/2/5047 2804/2/5048 2846/2/5049
f 2846/2/5049 2843/2/5050 2801/2/5047
f 2847/2/5051 2844/2/5052 2802/2/5053
f 2802/2/5053 2805/2/5054 2847/2/5051
f 2806/2/5055 2848/2/5056 2845/2/5057
f 2845/2/5057 2803/2/5058 2806/2/5055
f 2849/2/5059 2846/2/5060 2804/2/5060
f 2804/2/5060 2807/2/5059 2849/2/5059
f 2850/2/5061 2847/2/5062 2805/2/5063
f 2805/2/5063 2808/2/5064 2850/2/5061
f 2848/2/5065 2806/2/5066 2789/2/5066
f 2789/2/5066 2788/2/5065 2848/2/5065
f 2809/2/5067 2824/2/5068 2849/2/5069
f 2849/2/5069 2807/2/5070 2809/2/5067
f 2808/2/5071 2798/2/5072 2840/2/5073
f 2840/2/5073 2850/2/5074 2808/2/5071
f 2851/2/5075 2852/2/5075 2853/2/5076
f 2853/2/5076 2854/2/5075 2855/2/5077
f 2853/2/5076 2855/2/5077 2856/2/5078
f 2851/2/5075 2853/2/5076 2856/2/5078
f 2857/2/5075 2858/2/5075 2859/2/5079
f 2856/2/5078 2857/2/5075 2859/2/5079
f 2859/2/5079 2860/2/5075 2861/2/5080
f 2859/2/5079 2861/2/5080 2862/2/5075
f 2856/2/5078 2859/2/5079 2862/2/5075
f 2856/2/5078 2862/2/5075 2863/2/5081
f 2856/2/5078 2863/2/5081 2864/2/5082
f 2865/2/5075 2866/2/5075 2867/2/5076
f 2864/2/5082 2865/2/5075 2867/2/5076
f 2864/2/5082 2867/2/5076 2868/2/5075
f 2864/2/5082 2868/2/5075 2869/2/5083
f 2856/2/5078 2864/2/5082 2869/2/5083
f 2856/2/5078 2869/2/5083 2870/2/5084
f 2822/2/5085 2821/2/5075 2871/2/5086
f 2870/2/5084 2822/2/5085 2871/2/5086
f 2870/2/5084 2871/2/5086 2872/2/5081
f 2870/2/5084 2872/2/5081 2873/2/5075
f 2856/2/5078 2870/2/5084 2873/2/5075
f 2856/2/5078 2873/2/5075 2874/2/5076
f 2875/2/5077 2876/2/5075 2877/2/5075
f 2874/2/5076 2875/2/5077 2877/2/5075
f 2874/2/5076 2877/2/5075 2878/2/5087
f 2856/2/5078 2874/2/5076 2878/2/5087
f 2856/2/5078 2878/2/5087 2879/2/5088
f 2856/2/5078 2879/2/5088 2880/2/5089
f 2851/2/5075 2856/2/5078 2880/2/5089
f 2859/2/5090 2858/2/5091 2827/2/5090
f 2827/2/5090 2828/2/5091 2859/2/5090
f 2871/2/5092 2821/2/5092 2820/2/5092
f 2820/2/5092 2829/2/5092 2871/2/5092
f 2828/2/5093 2830/2/5093 2860/2/5093
f 2860/2/5093 2859/2/5093 2828/2/5093
f 2831/2/5094 2872/2/5095 2871/2/5094
f 2871/2/5094 2829/2/5095 2831/2/5094
f 2861/2/5096 2860/2/5096 2830/2/5096
f 2830/2/5096 2832/2/5097 2861/2/5096
f 2833/2/5098 2873/2/5098 2872/2/5099
f 2872/2/5099 2831/2/5098 2833/2/5098
f 2834/2/5100 2862/2/5101 2861/2/5101
f 2861/2/5101 2832/2/5101 2834/2/5100
f 2873/2/5102 2833/2/5102 2835/2/5102
f 2835/2/5102 2874/2/5102 2873/2/5102
f 2836/2/5103 2863/2/5104 2862/2/5105
f 2862/2/5105 2834/2/5106 2836/2/5103
f 2874/2/5107 2835/2/5107 2837/2/5107
f 2837/2/5107 2875/2/5107 2874/2/5107
f 2863/2/5108 2836/2/5109 2838/2/5110
f 2838/2/5110 2864/2/5110 2863/2/5108
f 2851/2/5111 2880/2/5112 2840/2/5112
f 2840/2/5112 2839/2/5111 2851/2/5111
f 2837/2/5113 2841/2/5113 2876/2/5113
f 2876/2/5113 2875/2/5113 2837/2/5113
f 2865/2/5114 2864/2/5115 2838/2/5114
f 2838/2/5114 2842/2/5116 2865/2/5114
f 2852/2/5117 2851/2/5118 2839/2/5117
f 2839/2/5117 2843/2/5119 2852/2/5117
f 2877/2/5120 2876/2/5121 2841/2/5120
f 2841/2/5120 2844/2/5122 2877/2/5120
f 2842/2/5123 2845/2/5123 2866/2/5124
f 2866/2/5124 2865/2/5124 2842/2/5123
f 2846/2/5125 2853/2/5126 2852/2/5125
f 2852/2/5125 2843/2/5125 2846/2/5125
f 2847/2/5127 2878/2/5127 2877/2/5127
f 2877/2/5127 2844/2/5127 2847/2/5127
f 2867/2/5128 2866/2/5129 2845/2/5129
f 2845/2/5129 2848/2/5128 2867/2/5128
f 2853/2/5130 2846/2/5131 2849/2/5132
f 2849/2/5132 2854/2/5132 2853/2/5130
f 2850/2/5133 2879/2/5133 2878/2/5133
f 2878/2/5133 2847/2/5133 2850/2/5133
f 2788/2/5134 2868/2/5134 2867/2/5134
f 2867/2/5134 2848/2/5134 2788/2/5134
f 2855/2/5135 2854/2/5136 2849/2/5137
f 2849/2/5137 2824/2/5138 2855/2/5135
f 2879/2/5139 2850/2/5139 2840/2/5140
f 2840/2/5140 2880/2/5141 2879/2/5139
f 2787/2/5142 2869/2/5142 2868/2/5142
f 2868/2/5142 2788/2/5143 2787/2/5142
f 2823/2/5144 2856/2/5145 2855/2/5146
f 2855/2/5146 2824/2/5144 2823/2/5144
f 2869/2/5147 2787/2/5148 2825/2/5149
f 2825/2/5149 2870/2/5147 2869/2/5147
f 2826/2/5150 2857/2/5150 2856/2/5150
f 2856/2/5150 2823/2/5150 2826/2/5150
f 2870/2/5151 2825/2/5152 2819/2/5151
f 2819/2/5151 2822/2/5152 2870/2/5151
f 2857/2/5153 2826/2/5153 2827/2/5153
f 2827/2/5153 2858/2/5153 2857/2/5153
o C_rculo_011_C_rculo_012
v -3.981346 0.406781 -5.246694
v -3.887846 0.406781 -5.237494
v -3.797946 0.406781 -5.210194
v -3.715046 0.406781 -5.165894
v -3.642446 0.406781 -5.106294
v -3.582746 0.406781 -5.033693
v -3.538546 0.406781 -4.950793
v -3.511246 0.406781 -4.860893
v -3.502046 0.406781 -4.767394
v -3.511246 0.406781 -4.673793
v -3.538546 0.406781 -4.583894
v -3.582746 0.406781 -4.501093
v -3.642446 0.406781 -4.428393
v -3.715046 0.406781 -4.368793
v -3.797946 0.406781 -4.324493
v -3.887846 0.406781 -4.297194
v -3.981346 0.406781 -4.287993
v -4.074846 0.406781 -4.297194
v -4.164746 0.406781 -4.324493
v -4.247646 0.406781 -4.368793
v -4.320246 0.406781 -4.428393
v -4.379946 0.406781 -4.501093
v -4.424246 0.406781 -4.583894
v -4.451446 0.406781 -4.673793
v -4.460646 0.406781 -4.767394
v -4.451446 0.406781 -4.860893
v -4.424246 0.406781 -4.950793
v -4.379946 0.406781 -5.033693
v -4.320246 0.406781 -5.106294
v -4.074846 0.406781 -5.237494
v -4.247646 0.406781 -5.165894
v -4.164746 0.406781 -5.210194
v -3.476346 0.385381 -4.867794
v -3.476346 0.284581 -4.867794
v -3.466446 0.284581 -4.767394
v -3.466446 0.385381 -4.767394
v -3.784346 0.385381 -5.242993
v -3.695346 0.385381 -5.195494
v -3.880946 0.385381 -4.262393
v -3.981346 0.385381 -4.252493
v -4.345446 0.385381 -5.131393
v -4.267346 0.385381 -5.195494
v -3.880946 0.385381 -5.272294
v -3.784346 0.385381 -4.291694
v -4.409446 0.385381 -5.053393
v -3.981346 0.385381 -5.282194
v -3.695346 0.385381 -4.339293
v -4.457046 0.385381 -4.964394
v -3.617246 0.385381 -4.403294
v -4.486346 0.385381 -4.867794
v -3.553246 0.385381 -4.481294
v -4.496246 0.385381 -4.767394
v -3.505646 0.385381 -4.570293
v -4.486346 0.385381 -4.666893
v -3.476346 0.385381 -4.666893
v -4.457046 0.385381 -4.570293
v -4.409446 0.385381 -4.481294
v -4.345446 0.385381 -4.403294
v -3.505646 0.385381 -4.964394
v -4.267346 0.385381 -4.339293
v -3.553246 0.385381 -5.053393
v -4.178346 0.385381 -4.291694
v -4.081746 0.385381 -5.272294
v -3.617246 0.385381 -5.131393
v -4.081746 0.385381 -4.262393
v -4.178346 0.385381 -5.242993
v -4.081746 0.284581 -5.272294
v -4.178346 0.284581 -5.242993
v -4.267346 0.284581 -5.195494
v -4.345446 0.284581 -5.131393
v -4.409446 0.284581 -5.053393
v -4.457046 0.284581 -4.964394
v -4.486346 0.284581 -4.867794
v -4.496246 0.284581 -4.767394
v -4.486346 0.284581 -4.666893
v -4.457046 0.284581 -4.570293
v -4.409446 0.284581 -4.481294
v -4.345446 0.284581 -4.403294
v -4.267346 0.284581 -4.339293
v -4.178346 0.284581 -4.291694
v -4.081746 0.284581 -4.262393
v -3.981346 0.284581 -4.252493
v -3.880946 0.284581 -4.262393
v -3.784346 0.284581 -4.291694
v -3.695346 0.284581 -4.339293
v -3.617246 0.284581 -4.403294
v -3.553246 0.284581 -4.481294
v -3.505646 0.284581 -4.570293
v -3.476346 0.284581 -4.666893
v -3.505646 0.284581 -4.964394
v -3.553246 0.284581 -5.053393
v -3.617246 0.284581 -5.131393
v -3.695346 0.284581 -5.195494
v -3.784346 0.284581 -5.242993
v -3.880946 0.284581 -5.272294
v -3.981346 0.284581 -5.282194
vn -0.0000 -1.0000 -0.0000
vn -0.9952 -0.0000 0.0981
vn -0.2440 -0.8557 0.4564
vn -0.2440 -0.8556 0.4565
vn -0.2439 -0.8556 0.4565
vn -0.2439 -0.8557 0.4564
vn -0.0507 -0.8556 -0.5152
vn -0.0507 -0.8556 -0.5151
vn 0.3283 -0.8557 0.4000
vn 0.3283 -0.8557 0.3999
vn 0.3284 -0.8556 0.4001
vn -0.1502 -0.8557 0.4953
vn -0.1503 -0.8556 0.4954
vn -0.1502 -0.8557 -0.4953
vn -0.1502 -0.8556 -0.4953
vn -0.1502 -0.8556 -0.4954
vn 0.4001 -0.8556 0.3284
vn 0.4001 -0.8556 0.3283
vn 0.3999 -0.8556 0.3286
vn 0.3998 -0.8557 0.3284
vn -0.0507 -0.8556 0.5152
vn -0.0507 -0.8556 0.5151
vn -0.2441 -0.8556 -0.4566
vn -0.2440 -0.8557 -0.4563
vn -0.2440 -0.8556 -0.4566
vn 0.4565 -0.8556 0.2441
vn 0.4563 -0.8557 0.2440
vn 0.4569 -0.8554 0.2441
vn -0.3282 -0.8557 -0.4001
vn -0.3280 -0.8557 -0.4003
vn -0.3282 -0.8556 -0.4002
vn -0.3284 -0.8556 -0.4001
vn 0.4953 -0.8557 0.1501
vn 0.4951 -0.8558 0.1502
vn 0.4952 -0.8557 0.1502
vn 0.4951 -0.8557 0.1502
vn -0.4001 -0.8556 -0.3284
vn -0.3999 -0.8558 -0.3281
vn -0.3999 -0.8557 -0.3283
vn -0.3998 -0.8558 -0.3283
vn 0.5149 -0.8558 0.0508
vn 0.5147 -0.8558 0.0508
vn 0.5150 -0.8557 0.0508
vn 0.5150 -0.8557 0.0507
vn -0.4567 -0.8555 -0.2439
vn -0.4559 -0.8559 -0.2439
vn -0.4566 -0.8556 -0.2439
vn -0.4569 -0.8554 -0.2439
vn 0.5150 -0.8557 -0.0507
vn 0.5151 -0.8556 -0.0507
vn 0.5147 -0.8559 -0.0507
vn 0.5148 -0.8558 -0.0507
vn -0.4953 -0.8557 -0.1502
vn -0.4951 -0.8558 -0.1502
vn -0.4953 -0.8556 -0.1502
vn -0.4950 -0.8558 -0.1502
vn 0.4953 -0.8557 -0.1501
vn 0.4956 -0.8555 -0.1501
vn 0.4952 -0.8557 -0.1501
vn 0.4951 -0.8558 -0.1502
vn -0.5150 -0.8557 -0.0507
vn -0.5145 -0.8560 -0.0507
vn -0.5153 -0.8555 -0.0507
vn 0.4567 -0.8554 -0.2443
vn 0.4567 -0.8555 -0.2442
vn 0.4566 -0.8556 -0.2441
vn 0.4566 -0.8555 -0.2442
vn -0.5147 -0.8559 0.0507
vn -0.5147 -0.8558 0.0508
vn -0.5146 -0.8559 0.0507
vn -0.5145 -0.8560 0.0506
vn 0.4000 -0.8557 -0.3282
vn 0.3999 -0.8558 -0.3281
vn 0.4001 -0.8556 -0.3284
vn 0.4001 -0.8557 -0.3283
vn -0.4948 -0.8559 0.1501
vn -0.4951 -0.8557 0.1502
vn -0.4949 -0.8558 0.1503
vn -0.4950 -0.8558 0.1503
vn 0.3284 -0.8555 -0.4003
vn 0.3283 -0.8555 -0.4003
vn 0.3284 -0.8556 -0.4002
vn 0.3283 -0.8557 -0.3999
vn -0.4564 -0.8557 0.2440
vn -0.4565 -0.8556 0.2441
vn -0.4564 -0.8557 0.2439
vn -0.4564 -0.8557 0.2438
vn 0.2440 -0.8557 -0.4564
vn 0.2440 -0.8556 -0.4565
vn 0.0507 -0.8556 0.5151
vn 0.0507 -0.8557 0.5150
vn 0.0507 -0.8556 0.5152
vn -0.4000 -0.8556 0.3284
vn -0.4002 -0.8556 0.3284
vn -0.4001 -0.8557 0.3282
vn 0.1502 -0.8556 -0.4954
vn 0.1502 -0.8556 -0.4953
vn 0.1503 -0.8556 -0.4954
vn 0.1501 -0.8557 -0.4952
vn 0.1502 -0.8556 0.4953
vn -0.3283 -0.8557 0.4000
vn -0.3284 -0.8556 0.4001
vn -0.3283 -0.8557 0.3999
vn 0.0507 -0.8555 -0.5154
vn 0.0508 -0.8553 -0.5156
vn 0.0507 -0.8555 -0.5153
vn 0.2440 -0.8555 0.4568
vn 0.2440 -0.8556 0.4565
vn 0.2438 -0.8556 0.4566
vn 0.2436 -0.8557 0.4565
vn -0.0000 1.0000 -0.0000
vn 0.7731 -0.0000 -0.6343
vn -0.9569 -0.0000 0.2903
vn 0.6342 -0.0000 -0.7732
vn -0.8818 -0.0000 0.4716
vn 0.4716 -0.0000 -0.8818
vn 0.0981 -0.0000 0.9952
vn -0.7731 -0.0000 0.6343
vn 0.2903 -0.0000 -0.9569
vn 0.2903 -0.0000 0.9569
vn -0.6344 -0.0000 0.7730
vn 0.0981 -0.0000 -0.9952
vn 0.4713 -0.0000 0.8820
vn 0.4711 -0.0000 0.8821
vn -0.4708 -0.0000 0.8822
vn -0.0981 -0.0000 -0.9952
vn 0.6344 -0.0000 0.7730
vn -0.2903 -0.0000 0.9569
vn -0.2903 -0.0000 -0.9569
vn 0.7731 -0.0000 0.6343
vn -0.0981 -0.0000 0.9952
vn -0.4716 -0.0000 -0.8818
vn 0.8818 -0.0000 0.4716
vn -0.6344 -0.0000 -0.7730
vn -0.6342 -0.0000 -0.7732
vn 0.9569 -0.0000 0.2903
vn -0.7731 -0.0000 -0.6343
vn 0.9952 -0.0000 0.0981
vn -0.8820 -0.0000 -0.4712
vn -0.8818 -0.0000 -0.4716
vn -0.8821 -0.0000 -0.4711
vn 0.9952 -0.0000 -0.0980
vn -0.9569 -0.0000 -0.2903
vn 0.9569 -0.0000 -0.2903
vn -0.9952 -0.0000 -0.0980
vn 0.8818 -0.0000 -0.4716
vn 0.8821 -0.0000 -0.4711
vn 0.8820 -0.0000 -0.4712
vt 0.000000 0.000000
s 1
g off
usemtl Goddard_None
f 2881/3/5154 2882/3/5154 2883/3/5154
f 2883/3/5154 2884/3/5154 2885/3/5154
f 2881/3/5154 2883/3/5154 2885/3/5154
f 2885/3/5154 2886/3/5154 2887/3/5154
f 2887/3/5154 2888/3/5154 2889/3/5154
f 2885/3/5154 2887/3/5154 2889/3/5154
f 2881/3/5154 2885/3/5154 2889/3/5154
f 2889/3/5154 2890/3/5154 2891/3/5154
f 2891/3/5154 2892/3/5154 2893/3/5154
f 2889/3/5154 2891/3/5154 2893/3/5154
f 2893/3/5154 2894/3/5154 2895/3/5154
f 2895/3/5154 2896/3/5154 2897/3/5154
f 2893/3/5154 2895/3/5154 2897/3/5154
f 2889/3/5154 2893/3/5154 2897/3/5154
f 2897/3/5154 2898/3/5154 2899/3/5154
f 2899/3/5154 2900/3/5154 2901/3/5154
f 2897/3/5154 2899/3/5154 2901/3/5154
f 2901/3/5154 2902/3/5154 2903/3/5154
f 2903/3/5154 2904/3/5154 2905/3/5154
f 2901/3/5154 2903/3/5154 2905/3/5154
f 2897/3/5154 2901/3/5154 2905/3/5154
f 2889/3/5154 2897/3/5154 2905/3/5154
f 2881/3/5154 2889/3/5154 2905/3/5154
f 2906/3/5154 2907/3/5154 2908/3/5154
f 2905/3/5154 2906/3/5154 2908/3/5154
f 2905/3/5154 2908/3/5154 2909/3/5154
f 2881/3/5154 2905/3/5154 2909/3/5154
f 2910/3/5154 2881/3/5154 2909/3/5154
f 2910/3/5154 2909/3/5154 2911/3/5154
f 2910/3/5154 2911/3/5154 2912/3/5154
f 2913/3/5155 2914/3/5155 2915/3/5155
f 2915/3/5155 2916/3/5155 2913/3/5155
f 2883/3/5156 2917/3/5157 2918/3/5158
f 2918/3/5158 2884/3/5159 2883/3/5156
f 2896/3/5160 2919/3/5160 2920/3/5161
f 2920/3/5161 2897/3/5160 2896/3/5160
f 2911/3/5162 2909/3/5163 2921/3/5162
f 2921/3/5162 2922/3/5164 2911/3/5162
f 2882/3/5165 2923/3/5165 2917/3/5166
f 2917/3/5166 2883/3/5165 2882/3/5165
f 2895/3/5167 2924/3/5168 2919/3/5169
f 2919/3/5169 2896/3/5168 2895/3/5167
f 2908/3/5170 2925/3/5171 2921/3/5172
f 2921/3/5172 2909/3/5173 2908/3/5170
f 2882/3/5174 2881/3/5174 2926/3/5175
f 2926/3/5175 2923/3/5175 2882/3/5174
f 2894/3/5176 2927/3/5177 2924/3/5178
f 2924/3/5178 2895/3/5178 2894/3/5176
f 2928/3/5179 2925/3/5180 2908/3/5179
f 2908/3/5179 2907/3/5181 2928/3/5179
f 2893/3/5182 2929/3/5183 2927/3/5184
f 2927/3/5184 2894/3/5185 2893/3/5182
f 2906/3/5186 2930/3/5187 2928/3/5188
f 2928/3/5188 2907/3/5189 2906/3/5186
f 2892/3/5190 2931/3/5191 2929/3/5192
f 2929/3/5192 2893/3/5193 2892/3/5190
f 2932/3/5194 2930/3/5195 2906/3/5196
f 2906/3/5196 2905/3/5197 2932/3/5194
f 2891/3/5198 2933/3/5199 2931/3/5200
f 2931/3/5200 2892/3/5201 2891/3/5198
f 2932/3/5202 2905/3/5203 2904/3/5204
f 2904/3/5204 2934/3/5205 2932/3/5202
f 2890/3/5206 2935/3/5207 2933/3/5208
f 2933/3/5208 2891/3/5209 2890/3/5206
f 2904/3/5210 2903/3/5211 2936/3/5212
f 2936/3/5212 2934/3/5213 2904/3/5210
f 2889/3/5214 2916/3/5215 2935/3/5214
f 2935/3/5214 2890/3/5216 2889/3/5214
f 2902/3/5217 2937/3/5218 2936/3/5219
f 2936/3/5219 2903/3/5220 2902/3/5217
f 2888/3/5221 2913/3/5222 2916/3/5223
f 2916/3/5223 2889/3/5224 2888/3/5221
f 2901/3/5225 2938/3/5226 2937/3/5227
f 2937/3/5227 2902/3/5228 2901/3/5225
f 2887/3/5229 2939/3/5230 2913/3/5231
f 2913/3/5231 2888/3/5232 2887/3/5229
f 2900/3/5233 2940/3/5234 2938/3/5235
f 2938/3/5235 2901/3/5236 2900/3/5233
f 2886/3/5237 2941/3/5238 2939/3/5239
f 2939/3/5239 2887/3/5240 2886/3/5237
f 2899/3/5241 2942/3/5242 2940/3/5241
f 2940/3/5241 2900/3/5241 2899/3/5241
f 2926/3/5243 2881/3/5243 2910/3/5244
f 2910/3/5244 2943/3/5245 2926/3/5243
f 2885/3/5246 2944/3/5247 2941/3/5247
f 2941/3/5247 2886/3/5248 2885/3/5246
f 2898/3/5249 2945/3/5250 2942/3/5251
f 2942/3/5251 2899/3/5252 2898/3/5249
f 2943/3/5253 2910/3/5253 2912/3/5253
f 2912/3/5253 2946/3/5253 2943/3/5253
f 2884/3/5254 2918/3/5255 2944/3/5254
f 2944/3/5254 2885/3/5256 2884/3/5254
f 2897/3/5257 2920/3/5258 2945/3/5257
f 2945/3/5257 2898/3/5259 2897/3/5257
f 2946/3/5260 2912/3/5261 2911/3/5262
f 2911/3/5262 2922/3/5263 2946/3/5260
f 2947/3/5264 2948/3/5264 2949/3/5264
f 2949/3/5264 2950/3/5264 2951/3/5264
f 2947/3/5264 2949/3/5264 2951/3/5264
f 2951/3/5264 2952/3/5264 2953/3/5264
f 2951/3/5264 2953/3/5264 2954/3/5264
f 2947/3/5264 2951/3/5264 2954/3/5264
f 2947/3/5264 2954/3/5264 2955/3/5264
f 2955/3/5264 2956/3/5264 2957/3/5264
f 2957/3/5264 2958/3/5264 2959/3/5264
f 2955/3/5264 2957/3/5264 2959/3/5264
f 2959/3/5264 2960/3/5264 2961/3/5264
f 2961/3/5264 2962/3/5264 2963/3/5264
f 2959/3/5264 2961/3/5264 2963/3/5264
f 2955/3/5264 2959/3/5264 2963/3/5264
f 2963/3/5264 2964/3/5264 2965/3/5264
f 2965/3/5264 2966/3/5264 2967/3/5264
f 2963/3/5264 2965/3/5264 2967/3/5264
f 2967/3/5264 2968/3/5264 2969/3/5264
f 2969/3/5264 2915/3/5264 2914/3/5264
f 2967/3/5264 2969/3/5264 2914/3/5264
f 2963/3/5264 2967/3/5264 2914/3/5264
f 2955/3/5264 2963/3/5264 2914/3/5264
f 2914/3/5264 2970/3/5264 2971/3/5264
f 2971/3/5264 2972/3/5264 2973/3/5264
f 2914/3/5264 2971/3/5264 2973/3/5264
f 2973/3/5264 2974/3/5264 2975/3/5264
f 2973/3/5264 2975/3/5264 2976/3/5264
f 2914/3/5264 2973/3/5264 2976/3/5264
f 2955/3/5264 2914/3/5264 2976/3/5264
f 2947/3/5264 2955/3/5264 2976/3/5264
f 2938/3/5265 2958/3/5265 2957/3/5265
f 2957/3/5265 2937/3/5265 2938/3/5265
f 2939/3/5266 2970/3/5266 2914/3/5266
f 2914/3/5266 2913/3/5266 2939/3/5266
f 2940/3/5267 2959/3/5267 2958/3/5267
f 2958/3/5267 2938/3/5267 2940/3/5267
f 2941/3/5268 2971/3/5268 2970/3/5268
f 2970/3/5268 2939/3/5268 2941/3/5268
f 2942/3/5269 2960/3/5269 2959/3/5269
f 2959/3/5269 2940/3/5269 2942/3/5269
f 2943/3/5270 2947/3/5270 2976/3/5270
f 2976/3/5270 2926/3/5270 2943/3/5270
f 2944/3/5271 2972/3/5271 2971/3/5271
f 2971/3/5271 2941/3/5271 2944/3/5271
f 2945/3/5272 2961/3/5272 2960/3/5272
f 2960/3/5272 2942/3/5272 2945/3/5272
f 2946/3/5273 2948/3/5273 2947/3/5273
f 2947/3/5273 2943/3/5273 2946/3/5273
f 2918/3/5274 2973/3/5274 2972/3/5274
f 2972/3/5274 2944/3/5274 2918/3/5274
f 2920/3/5275 2962/3/5275 2961/3/5275
f 2961/3/5275 2945/3/5275 2920/3/5275
f 2922/3/5276 2949/3/5277 2948/3/5276
f 2948/3/5276 2946/3/5276 2922/3/5276
f 2917/3/5278 2974/3/5278 2973/3/5278
f 2973/3/5278 2918/3/5278 2917/3/5278
f 2919/3/5279 2963/3/5279 2962/3/5279
f 2962/3/5279 2920/3/5279 2919/3/5279
f 2921/3/5280 2950/3/5280 2949/3/5280
f 2949/3/5280 2922/3/5280 2921/3/5280
f 2923/3/5281 2975/3/5281 2974/3/5281
f 2974/3/5281 2917/3/5281 2923/3/5281
f 2924/3/5282 2964/3/5282 2963/3/5282
f 2963/3/5282 2919/3/5282 2924/3/5282
f 2925/3/5283 2951/3/5283 2950/3/5283
f 2950/3/5283 2921/3/5283 2925/3/5283
f 2923/3/5284 2926/3/5284 2976/3/5284
f 2976/3/5284 2975/3/5284 2923/3/5284
f 2927/3/5285 2965/3/5285 2964/3/5285
f 2964/3/5285 2924/3/5285 2927/3/5285
f 2928/3/5286 2952/3/5286 2951/3/5286
f 2951/3/5286 2925/3/5286 2928/3/5286
f 2929/3/5287 2966/3/5288 2965/3/5287
f 2965/3/5287 2927/3/5287 2929/3/5287
f 2930/3/5289 2953/3/5289 2952/3/5289
f 2952/3/5289 2928/3/5289 2930/3/5289
f 2931/3/5290 2967/3/5290 2966/3/5290
f 2966/3/5290 2929/3/5290 2931/3/5290
f 2932/3/5291 2954/3/5291 2953/3/5291
f 2953/3/5291 2930/3/5291 2932/3/5291
f 2933/3/5292 2968/3/5293 2967/3/5293
f 2967/3/5293 2931/3/5294 2933/3/5292
f 2934/3/5295 2955/3/5295 2954/3/5295
f 2954/3/5295 2932/3/5295 2934/3/5295
f 2935/3/5296 2969/3/5296 2968/3/5296
f 2968/3/5296 2933/3/5296 2935/3/5296
f 2936/3/5297 2956/3/5297 2955/3/5297
f 2955/3/5297 2934/3/5297 2936/3/5297
f 2916/3/5298 2915/3/5298 2969/3/5298
f 2969/3/5298 2935/3/5298 2916/3/5298
f 2937/3/5299 2957/3/5300 2956/3/5301
f 2956/3/5301 2936/3/5299 2937/3/5299
o C_rculo_012_C_rculo_013
v -3.982546 0.584681 -5.145093
v -3.908946 0.584681 -5.137794
v -3.838146 0.584681 -5.116394
v -3.772946 0.584681 -5.081493
v -3.715746 0.584681 -5.034594
v -3.668846 0.584681 -4.977394
v -3.633946 0.584681 -4.912094
v -3.612446 0.584681 -4.841293
v -3.605246 0.584681 -4.767694
v -3.612446 0.584681 -4.694094
v -3.633946 0.584681 -4.623293
v -3.668846 0.584681 -4.558094
v -3.715746 0.584681 -4.500894
v -3.772946 0.584681 -4.453894
v -3.838146 0.584681 -4.419094
v -3.908946 0.584681 -4.397593
v -3.982546 0.584681 -4.390393
v -4.056246 0.584681 -4.397593
v -4.127046 0.584681 -4.419094
v -4.192246 0.584681 -4.453894
v -4.249446 0.584681 -4.500894
v -4.296346 0.584681 -4.558094
v -4.331246 0.584681 -4.623293
v -4.352746 0.584681 -4.694094
v -4.359946 0.584681 -4.767694
v -4.352746 0.584681 -4.841293
v -4.331246 0.584681 -4.912094
v -4.296346 0.584681 -4.977394
v -4.249446 0.584681 -5.034594
v -4.056246 0.584681 -5.137794
v -4.192246 0.584681 -5.081493
v -4.127046 0.584681 -5.116394
v -4.075646 0.405481 -5.235394
v -4.165046 0.405481 -5.208293
v -4.247546 0.405481 -5.164194
v -4.319746 0.405481 -5.104894
v -4.379046 0.405481 -5.032693
v -4.423146 0.405481 -4.950193
v -4.450246 0.405481 -4.860794
v -4.459446 0.405481 -4.767694
v -4.450246 0.405481 -4.674694
v -4.423146 0.405481 -4.585194
v -4.379046 0.405481 -4.502793
v -4.319746 0.405481 -4.430493
v -4.247546 0.405481 -4.371193
v -4.165046 0.405481 -4.327193
v -4.075646 0.405481 -4.299994
v -3.982546 0.405481 -4.290894
v -3.889546 0.405481 -4.299994
v -3.800146 0.405481 -4.327193
v -3.717646 0.405481 -4.371193
v -3.645446 0.405481 -4.430493
v -3.586046 0.405481 -4.502793
v -3.542046 0.405481 -4.585194
v -3.514846 0.405481 -4.674694
v -3.505746 0.405481 -4.767694
v -3.514846 0.405481 -4.860794
v -3.542046 0.405481 -4.950193
v -3.586046 0.405481 -5.032693
v -3.645446 0.405481 -5.104894
v -3.717646 0.405481 -5.164194
v -3.800146 0.405481 -5.208293
v -3.889546 0.405481 -5.235394
v -3.982546 0.405481 -5.244594
vn -0.0000 -1.0000 -0.0000
vn -0.0000 1.0000 -0.0000
vn 0.8376 -0.4835 0.2542
vn 0.8375 -0.4837 0.2542
vn 0.8377 -0.4835 0.2540
vn 0.8376 -0.4836 0.2540
vn -0.6767 -0.4836 -0.5551
vn -0.6767 -0.4835 -0.5552
vn -0.6766 -0.4836 -0.5553
vn 0.8712 -0.4834 0.0859
vn 0.8712 -0.4834 0.0861
vn 0.8711 -0.4835 0.0860
vn 0.8711 -0.4836 0.0858
vn -0.7720 -0.4835 -0.4126
vn -0.7719 -0.4836 -0.4127
vn -0.7720 -0.4837 -0.4124
vn -0.7721 -0.4835 -0.4125
vn 0.8711 -0.4836 -0.0858
vn 0.8711 -0.4836 -0.0860
vn -0.8375 -0.4836 -0.2544
vn -0.8376 -0.4836 -0.2541
vn -0.8375 -0.4836 -0.2545
vn -0.8376 -0.4836 -0.2540
vn 0.8376 -0.4835 -0.2542
vn 0.8375 -0.4836 -0.2543
vn 0.8378 -0.4834 -0.2538
vn 0.8376 -0.4836 -0.2541
vn -0.8711 -0.4836 -0.0858
vn 0.7717 -0.4836 -0.4131
vn 0.7717 -0.4836 -0.4130
vn 0.7719 -0.4836 -0.4126
vn -0.8711 -0.4836 0.0858
vn -0.8711 -0.4836 0.0855
vn -0.8711 -0.4836 0.0856
vn -0.8711 -0.4836 0.0859
vn 0.6765 -0.4836 -0.5554
vn 0.6768 -0.4836 -0.5551
vn 0.6766 -0.4836 -0.5553
vn -0.8374 -0.4837 0.2544
vn -0.8376 -0.4836 0.2540
vn -0.8376 -0.4836 0.2541
vn 0.5556 -0.4836 -0.6763
vn 0.5555 -0.4836 -0.6764
vn 0.5553 -0.4836 -0.6766
vn 0.5557 -0.4837 -0.6763
vn -0.7720 -0.4835 0.4127
vn -0.7720 -0.4836 0.4124
vn -0.7720 -0.4836 0.4126
vn 0.4127 -0.4836 -0.7719
vn 0.4126 -0.4836 -0.7719
vn 0.4125 -0.4836 -0.7720
vn 0.0858 -0.4836 0.8711
vn 0.0859 -0.4836 0.8711
vn -0.6765 -0.4838 0.5552
vn -0.6766 -0.4836 0.5553
vn 0.2540 -0.4836 -0.8376
vn 0.2539 -0.4836 -0.8376
vn 0.2541 -0.4835 -0.8377
vn 0.2544 -0.4835 -0.8376
vn 0.2542 -0.4836 0.8375
vn 0.2541 -0.4836 0.8376
vn 0.2539 -0.4835 0.8377
vn -0.5552 -0.4834 0.6768
vn -0.5555 -0.4836 0.6764
vn -0.5554 -0.4835 0.6765
vn -0.5552 -0.4835 0.6767
vn 0.0857 -0.4836 -0.8711
vn 0.0858 -0.4836 -0.8711
vn 0.4127 -0.4835 0.7719
vn 0.4127 -0.4836 0.7719
vn 0.4130 -0.4835 0.7718
vn 0.4126 -0.4836 0.7719
vn -0.4126 -0.4835 0.7720
vn -0.4127 -0.4834 0.7720
vn -0.4125 -0.4836 0.7720
vn -0.4126 -0.4836 0.7719
vn -0.0857 -0.4836 -0.8711
vn -0.0856 -0.4836 -0.8711
vn -0.0858 -0.4836 -0.8711
vn 0.5552 -0.4834 0.6768
vn 0.5553 -0.4836 0.6766
vn 0.5554 -0.4835 0.6765
vn 0.5555 -0.4836 0.6764
vn -0.2540 -0.4836 0.8376
vn -0.2539 -0.4837 0.8376
vn -0.2538 -0.4836 0.8377
vn -0.2541 -0.4836 0.8376
vn -0.2544 -0.4836 -0.8375
vn -0.2543 -0.4836 -0.8375
vn -0.2543 -0.4837 -0.8375
vn 0.6765 -0.4837 0.5553
vn 0.6766 -0.4836 0.5553
vn 0.6765 -0.4835 0.5554
vn -0.0859 -0.4836 0.8711
vn -0.0857 -0.4836 0.8711
vn -0.0858 -0.4836 0.8711
vn -0.4127 -0.4836 -0.7719
vn -0.4125 -0.4836 -0.7720
vn 0.7719 -0.4836 0.4126
vn 0.7720 -0.4836 0.4126
vn -0.5556 -0.4836 -0.6763
vn -0.5555 -0.4836 -0.6764
vn -0.5556 -0.4836 -0.6764
vn -0.5557 -0.4836 -0.6763
vt 0.000000 0.000000
s 1
g off
usemtl Goddard_None
f 2977/4/5302 2978/4/5302 2979/4/5302
f 2979/4/5302 2980/4/5302 2981/4/5302
f 2977/4/5302 2979/4/5302 2981/4/5302
f 2981/4/5302 2982/4/5302 2983/4/5302
f 2983/4/5302 2984/4/5302 2985/4/5302
f 2981/4/5302 2983/4/5302 2985/4/5302
f 2977/4/5302 2981/4/5302 2985/4/5302
f 2985/4/5302 2986/4/5302 2987/4/5302
f 2987/4/5302 2988/4/5302 2989/4/5302
f 2985/4/5302 2987/4/5302 2989/4/5302
f 2989/4/5302 2990/4/5302 2991/4/5302
f 2991/4/5302 2992/4/5302 2993/4/5302
f 2989/4/5302 2991/4/5302 2993/4/5302
f 2985/4/5302 2989/4/5302 2993/4/5302
f 2993/4/5302 2994/4/5302 2995/4/5302
f 2995/4/5302 2996/4/5302 2997/4/5302
f 2993/4/5302 2995/4/5302 2997/4/5302
f 2997/4/5302 2998/4/5302 2999/4/5302
f 2999/4/5302 3000/4/5302 3001/4/5302
f 2997/4/5302 2999/4/5302 3001/4/5302
f 2993/4/5302 2997/4/5302 3001/4/5302
f 2985/4/5302 2993/4/5302 3001/4/5302
f 2977/4/5302 2985/4/5302 3001/4/5302
f 3002/4/5302 3003/4/5302 3004/4/5302
f 3001/4/5302 3002/4/5302 3004/4/5302
f 3001/4/5302 3004/4/5302 3005/4/5302
f 2977/4/5302 3001/4/5302 3005/4/5302
f 3006/4/5302 2977/4/5302 3005/4/5302
f 3006/4/5302 3005/4/5302 3007/4/5302
f 3006/4/5302 3007/4/5302 3008/4/5302
f 3009/4/5303 3010/4/5303 3011/4/5303
f 3011/4/5303 3012/4/5303 3013/4/5303
f 3009/4/5303 3011/4/5303 3013/4/5303
f 3013/4/5303 3014/4/5303 3015/4/5303
f 3015/4/5303 3016/4/5303 3017/4/5303
f 3013/4/5303 3015/4/5303 3017/4/5303
f 3009/4/5303 3013/4/5303 3017/4/5303
f 3017/4/5303 3018/4/5303 3019/4/5303
f 3019/4/5303 3020/4/5303 3021/4/5303
f 3017/4/5303 3019/4/5303 3021/4/5303
f 3021/4/5303 3022/4/5303 3023/4/5303
f 3023/4/5303 3024/4/5303 3025/4/5303
f 3021/4/5303 3023/4/5303 3025/4/5303
f 3017/4/5303 3021/4/5303 3025/4/5303
f 3009/4/5303 3017/4/5303 3025/4/5303
f 3025/4/5303 3026/4/5303 3027/4/5303
f 3027/4/5303 3028/4/5303 3029/4/5303
f 3025/4/5303 3027/4/5303 3029/4/5303
f 3029/4/5303 3030/4/5303 3031/4/5303
f 3031/4/5303 3032/4/5303 3033/4/5303
f 3029/4/5303 3031/4/5303 3033/4/5303
f 3025/4/5303 3029/4/5303 3033/4/5303
f 3033/4/5303 3034/4/5303 3035/4/5303
f 3035/4/5303 3036/4/5303 3037/4/5303
f 3033/4/5303 3035/4/5303 3037/4/5303
f 3037/4/5303 3038/4/5303 3039/4/5303
f 3037/4/5303 3039/4/5303 3040/4/5303
f 3033/4/5303 3037/4/5303 3040/4/5303
f 3025/4/5303 3033/4/5303 3040/4/5303
f 3009/4/5303 3025/4/5303 3040/4/5303
f 3002/4/5304 3015/4/5305 3014/4/5306
f 3014/4/5306 3003/4/5307 3002/4/5304
f 2988/4/5308 3029/4/5309 3028/4/5310
f 3028/4/5310 2989/4/5310 2988/4/5308
f 3016/4/5311 3015/4/5312 3002/4/5313
f 3002/4/5313 3001/4/5314 3016/4/5311
f 2987/4/5315 3030/4/5316 3029/4/5317
f 3029/4/5317 2988/4/5318 2987/4/5315
f 3016/4/5319 3001/4/5319 3000/4/5320
f 3000/4/5320 3017/4/5319 3016/4/5319
f 2986/4/5321 3031/4/5322 3030/4/5323
f 3030/4/5323 2987/4/5324 2986/4/5321
f 3000/4/5325 2999/4/5326 3018/4/5327
f 3018/4/5327 3017/4/5328 3000/4/5325
f 2985/4/5329 3032/4/5329 3031/4/5329
f 3031/4/5329 2986/4/5329 2985/4/5329
f 2998/4/5330 3019/4/5331 3018/4/5331
f 3018/4/5331 2999/4/5332 2998/4/5330
f 2984/4/5333 3033/4/5334 3032/4/5335
f 3032/4/5335 2985/4/5336 2984/4/5333
f 2997/4/5337 3020/4/5337 3019/4/5338
f 3019/4/5338 2998/4/5339 2997/4/5337
f 2983/4/5340 3034/4/5341 3033/4/5341
f 3033/4/5341 2984/4/5342 2983/4/5340
f 2996/4/5343 3021/4/5344 3020/4/5345
f 3020/4/5345 2997/4/5346 2996/4/5343
f 2982/4/5347 3035/4/5348 3034/4/5349
f 3034/4/5349 2983/4/5349 2982/4/5347
f 2995/4/5350 3022/4/5351 3021/4/5352
f 3021/4/5352 2996/4/5351 2995/4/5350
f 3040/4/5353 2977/4/5353 3006/4/5354
f 3006/4/5354 3009/4/5353 3040/4/5353
f 2981/4/5355 3036/4/5356 3035/4/5356
f 3035/4/5356 2982/4/5356 2981/4/5355
f 2994/4/5357 3023/4/5358 3022/4/5359
f 3022/4/5359 2995/4/5360 2994/4/5357
f 3009/4/5361 3006/4/5362 3008/4/5362
f 3008/4/5362 3010/4/5363 3009/4/5361
f 2980/4/5364 3037/4/5365 3036/4/5366
f 3036/4/5366 2981/4/5367 2980/4/5364
f 2993/4/5368 3024/4/5369 3023/4/5369
f 3023/4/5369 2994/4/5369 2993/4/5368
f 3010/4/5370 3008/4/5371 3007/4/5372
f 3007/4/5372 3011/4/5373 3010/4/5370
f 2979/4/5374 3038/4/5375 3037/4/5376
f 3037/4/5376 2980/4/5377 2979/4/5374
f 2992/4/5378 3025/4/5379 3024/4/5380
f 3024/4/5380 2993/4/5380 2992/4/5378
f 3007/4/5381 3005/4/5382 3012/4/5383
f 3012/4/5383 3011/4/5384 3007/4/5381
f 2978/4/5385 3039/4/5386 3038/4/5387
f 3038/4/5387 2979/4/5388 2978/4/5385
f 2991/4/5389 3026/4/5390 3025/4/5389
f 3025/4/5389 2992/4/5391 2991/4/5389
f 3004/4/5392 3013/4/5393 3012/4/5394
f 3012/4/5394 3005/4/5393 3004/4/5392
f 2978/4/5395 2977/4/5396 3040/4/5397
f 3040/4/5397 3039/4/5395 2978/4/5395
f 2990/4/5398 3027/4/5398 3026/4/5398
f 3026/4/5398 2991/4/5399 2990/4/5398
f 3014/4/5400 3013/4/5400 3004/4/5400
f 3004/4/5400 3003/4/5401 3014/4/5400
f 2989/4/5402 3028/4/5403 3027/4/5404
f 3027/4/5404 2990/4/5405 2989/4/5402
o C_rculo_013_C_rculo_014
v -3.981946 0.649281 -5.127594
v -3.912146 0.649281 -5.120694
v -3.844946 0.649281 -5.100294
v -3.783046 0.649281 -5.067194
v -3.728746 0.649281 -5.022694
v -3.684146 0.649281 -4.968393
v -3.651046 0.649281 -4.906494
v -3.630746 0.649281 -4.839293
v -3.623846 0.649281 -4.769394
v -3.630746 0.649281 -4.699493
v -3.651046 0.649281 -4.632294
v -3.684146 0.649281 -4.570394
v -3.728746 0.649281 -4.516094
v -3.783046 0.649281 -4.471594
v -3.844946 0.649281 -4.438494
v -3.912146 0.649281 -4.418094
v -3.981946 0.649281 -4.411194
v -4.051846 0.649281 -4.418094
v -4.119046 0.649281 -4.438494
v -4.180946 0.649281 -4.471594
v -4.235246 0.649281 -4.516094
v -4.279746 0.649281 -4.570394
v -4.312846 0.649281 -4.632294
v -4.333246 0.649281 -4.699493
v -4.340146 0.649281 -4.769394
v -4.333246 0.649281 -4.839293
v -4.312846 0.649281 -4.906494
v -4.279746 0.649281 -4.968393
v -4.235246 0.649281 -5.022694
v -4.051846 0.649281 -5.120694
v -4.180946 0.649281 -5.067194
v -4.119046 0.649281 -5.100294
v -4.249746 0.618381 -5.037094
v -4.249746 0.583581 -5.037094
v -4.192346 0.583581 -5.084193
v -4.192346 0.618381 -5.084193
v -4.360646 0.618381 -4.769393
v -4.353346 0.618381 -4.695494
v -3.610646 0.618381 -4.695494
v -3.632146 0.618381 -4.624494
v -4.331846 0.618381 -4.624494
v -3.603346 0.618381 -4.769393
v -4.296846 0.618381 -4.558993
v -3.610646 0.618381 -4.843294
v -4.249746 0.618381 -4.501594
v -3.632146 0.618381 -4.914293
v -4.192346 0.618381 -4.454594
v -3.667146 0.618381 -4.979794
v -4.126846 0.618381 -4.419593
v -3.981946 0.618381 -5.148094
v -4.055846 0.618381 -5.140793
v -3.714246 0.618381 -5.037094
v -4.055846 0.618381 -4.397994
v -4.126846 0.618381 -5.119194
v -3.771646 0.618381 -5.084193
v -3.981946 0.618381 -4.390694
v -3.837046 0.618381 -5.119194
v -3.908146 0.618381 -4.397994
v -3.908146 0.618381 -5.140793
v -3.837046 0.618381 -4.419593
v -4.296846 0.618381 -4.979794
v -3.771646 0.618381 -4.454594
v -4.331846 0.618381 -4.914293
v -3.714246 0.618381 -4.501594
v -4.353346 0.618381 -4.843294
v -3.667146 0.618381 -4.558993
v -4.055846 0.583581 -5.140793
v -4.126846 0.583581 -5.119194
v -4.296846 0.583581 -4.979794
v -4.331846 0.583581 -4.914293
v -4.353346 0.583581 -4.843294
v -4.360646 0.583581 -4.769393
v -4.353346 0.583581 -4.695494
v -4.331846 0.583581 -4.624494
v -4.296846 0.583581 -4.558993
v -4.249746 0.583581 -4.501594
v -4.192346 0.583581 -4.454594
v -4.126846 0.583581 -4.419593
v -4.055846 0.583581 -4.397994
v -3.981946 0.583581 -4.390694
v -3.908146 0.583581 -4.397994
v -3.837046 0.583581 -4.419593
v -3.771646 0.583581 -4.454594
v -3.714246 0.583581 -4.501594
v -3.667146 0.583581 -4.558993
v -3.632146 0.583581 -4.624494
v -3.610646 0.583581 -4.695494
v -3.603346 0.583581 -4.769393
v -3.610646 0.583581 -4.843294
v -3.632146 0.583581 -4.914293
v -3.667146 0.583581 -4.979794
v -3.714246 0.583581 -5.037094
v -3.771646 0.583581 -5.084193
v -3.837046 0.583581 -5.119194
v -3.908146 0.583581 -5.140793
v -3.981946 0.583581 -5.148094
vn -0.0000 -1.0000 -0.0000
vn 0.6343 -0.0000 0.7731
vn 0.8308 -0.5506 -0.0818
vn 0.8309 -0.5505 -0.0817
vn 0.8307 -0.5506 -0.0819
vn -0.7989 -0.5505 -0.2423
vn -0.7989 -0.5506 -0.2422
vn -0.7989 -0.5505 -0.2422
vn 0.7988 -0.5507 -0.2422
vn 0.7989 -0.5505 -0.2423
vn 0.7989 -0.5506 -0.2422
vn 0.7988 -0.5509 -0.2419
vn -0.8305 -0.5509 -0.0820
vn -0.8305 -0.5510 -0.0820
vn -0.8307 -0.5507 -0.0819
vn -0.8308 -0.5505 -0.0818
vn 0.7362 -0.5505 -0.3935
vn 0.7363 -0.5505 -0.3935
vn 0.7362 -0.5506 -0.3935
vn 0.7362 -0.5507 -0.3935
vn -0.8308 -0.5506 0.0818
vn -0.8308 -0.5505 0.0818
vn -0.8308 -0.5505 0.0817
vn 0.6453 -0.5506 -0.5296
vn 0.6452 -0.5507 -0.5295
vn 0.6453 -0.5505 -0.5296
vn -0.7989 -0.5505 0.2423
vn 0.5296 -0.5505 -0.6453
vn 0.5296 -0.5505 -0.6454
vn -0.7364 -0.5502 0.3936
vn -0.7361 -0.5507 0.3935
vn -0.7363 -0.5503 0.3936
vn -0.7364 -0.5503 0.3936
vn 0.3937 -0.5500 -0.7365
vn 0.3935 -0.5504 -0.7363
vn 0.3937 -0.5502 -0.7364
vn 0.3937 -0.5503 -0.7363
vn 0.0818 -0.5506 0.8308
vn 0.0817 -0.5505 0.8309
vn 0.0818 -0.5505 0.8308
vn -0.6453 -0.5504 0.5297
vn -0.6453 -0.5505 0.5297
vn -0.6453 -0.5505 0.5296
vn -0.6455 -0.5506 0.5293
vn 0.2424 -0.5505 -0.7989
vn 0.2423 -0.5505 -0.7989
vn 0.2427 -0.5503 -0.7989
vn 0.2426 -0.5500 -0.7991
vn 0.2422 -0.5505 0.7989
vn 0.2423 -0.5505 0.7989
vn -0.5296 -0.5506 0.6453
vn -0.5296 -0.5505 0.6454
vn -0.5296 -0.5505 0.6453
vn 0.0820 -0.5509 -0.8305
vn 0.0818 -0.5505 -0.8308
vn 0.3935 -0.5504 0.7363
vn 0.3936 -0.5503 0.7363
vn 0.3936 -0.5502 0.7364
vn 0.3935 -0.5503 0.7364
vn -0.3937 -0.5505 0.7362
vn -0.3936 -0.5506 0.7362
vn -0.3938 -0.5505 0.7362
vn -0.3937 -0.5503 0.7363
vn -0.0819 -0.5506 -0.8308
vn -0.0819 -0.5506 -0.8307
vn -0.0818 -0.5505 -0.8308
vn 0.5296 -0.5502 0.6456
vn 0.5296 -0.5505 0.6454
vn 0.5296 -0.5505 0.6453
vn -0.2423 -0.5505 0.7989
vn -0.2426 -0.5509 0.7986
vn -0.2422 -0.5505 0.7990
vn -0.2421 -0.5505 0.7990
vn -0.2426 -0.5507 -0.7987
vn -0.2427 -0.5506 -0.7987
vn -0.2425 -0.5504 -0.7989
vn -0.2423 -0.5505 -0.7989
vn 0.6453 -0.5505 0.5296
vn 0.6453 -0.5506 0.5296
vn 0.6455 -0.5505 0.5295
vn 0.6455 -0.5504 0.5296
vn -0.0819 -0.5506 0.8308
vn -0.0819 -0.5506 0.8307
vn -0.0822 -0.5509 0.8305
vn -0.3936 -0.5507 -0.7361
vn -0.3935 -0.5505 -0.7362
vn -0.3937 -0.5507 -0.7361
vn -0.3936 -0.5508 -0.7360
vn 0.7362 -0.5505 0.3935
vn 0.7363 -0.5505 0.3935
vn -0.5295 -0.5505 -0.6454
vn -0.5296 -0.5505 -0.6453
vn -0.5292 -0.5505 -0.6457
vn 0.7989 -0.5505 0.2424
vn 0.7989 -0.5504 0.2424
vn 0.7989 -0.5505 0.2423
vn 0.7988 -0.5506 0.2423
vn -0.6452 -0.5506 -0.5296
vn -0.6454 -0.5505 -0.5296
vn -0.6453 -0.5505 -0.5296
vn 0.8308 -0.5505 0.0818
vn -0.7365 -0.5500 -0.3937
vn -0.7365 -0.5502 -0.3936
vn -0.7364 -0.5502 -0.3937
vn -0.7363 -0.5503 -0.3937
vn -0.0000 1.0000 -0.0000
vn -0.2907 -0.0000 0.9568
vn -0.2907 -0.0000 -0.9568
vn 0.7731 -0.0000 0.6343
vn 0.7729 -0.0000 0.6345
vn -0.0984 -0.0000 0.9951
vn -0.0980 -0.0000 0.9952
vn -0.4718 -0.0000 -0.8817
vn 0.8820 -0.0000 0.4713
vn -0.6344 -0.0000 -0.7730
vn -0.6345 -0.0000 -0.7730
vn 0.9570 -0.0000 0.2901
vn 0.9571 -0.0000 0.2898
vn 0.9569 -0.0000 0.2903
vn -0.7731 -0.0000 -0.6343
vn 0.9952 -0.0000 0.0983
vn 0.9952 -0.0000 0.0978
vn -0.8820 -0.0000 -0.4713
vn 0.9952 -0.0000 -0.0983
vn 0.9952 -0.0000 -0.0980
vn -0.9571 -0.0000 -0.2898
vn 0.9569 -0.0000 -0.2903
vn -0.9952 -0.0000 -0.0983
vn -0.9952 -0.0000 -0.0980
vn 0.8820 -0.0000 -0.4713
vn -0.9952 -0.0000 0.0983
vn -0.9952 -0.0000 0.0980
vn 0.7731 -0.0000 -0.6343
vn -0.9570 -0.0000 0.2901
vn -0.9571 -0.0000 0.2898
vn -0.9569 -0.0000 0.2903
vn 0.6345 -0.0000 -0.7730
vn 0.6344 -0.0000 -0.7730
vn -0.8820 -0.0000 0.4713
vn 0.4713 -0.0000 -0.8820
vn 0.0983 -0.0000 0.9952
vn -0.7731 -0.0000 0.6343
vn -0.7729 -0.0000 0.6345
vn 0.2906 -0.0000 -0.9568
vn 0.2911 -0.0000 -0.9567
vn 0.2902 -0.0000 0.9570
vn 0.2903 -0.0000 0.9569
vn -0.6343 -0.0000 0.7731
vn 0.0983 -0.0000 -0.9952
vn 0.4713 -0.0000 0.8820
vn -0.4718 -0.0000 0.8817
vn -0.0981 -0.0000 -0.9952
vn -0.0984 -0.0000 -0.9951
vn -0.0980 -0.0000 -0.9952
vt 0.000000 0.000000
s 1
g off
usemtl Goddard_None
f 3041/5/5406 3042/5/5406 3043/5/5406
f 3043/5/5406 3044/5/5406 3045/5/5406
f 3041/5/5406 3043/5/5406 3045/5/5406
f 3045/5/5406 3046/5/5406 3047/5/5406
f 3047/5/5406 3048/5/5406 3049/5/5406
f 3045/5/5406 3047/5/5406 3049/5/5406
f 3041/5/5406 3045/5/5406 3049/5/5406
f 3049/5/5406 3050/5/5406 3051/5/5406
f 3051/5/5406 3052/5/5406 3053/5/5406
f 3049/5/5406 3051/5/5406 3053/5/5406
f 3053/5/5406 3054/5/5406 3055/5/5406
f 3055/5/5406 3056/5/5406 3057/5/5406
f 3053/5/5406 3055/5/5406 3057/5/5406
f 3049/5/5406 3053/5/5406 3057/5/5406
f 3057/5/5406 3058/5/5406 3059/5/5406
f 3059/5/5406 3060/5/5406 3061/5/5406
f 3057/5/5406 3059/5/5406 3061/5/5406
f 3061/5/5406 3062/5/5406 3063/5/5406
f 3063/5/5406 3064/5/5406 3065/5/5406
f 3061/5/5406 3063/5/5406 3065/5/5406
f 3057/5/5406 3061/5/5406 3065/5/5406
f 3049/5/5406 3057/5/5406 3065/5/5406
f 3041/5/5406 3049/5/5406 3065/5/5406
f 3066/5/5406 3067/5/5406 3068/5/5406
f 3065/5/5406 3066/5/5406 3068/5/5406
f 3065/5/5406 3068/5/5406 3069/5/5406
f 3041/5/5406 3065/5/5406 3069/5/5406
f 3070/5/5406 3041/5/5406 3069/5/5406
f 3070/5/5406 3069/5/5406 3071/5/5406
f 3070/5/5406 3071/5/5406 3072/5/5406
f 3073/5/5407 3074/5/5407 3075/5/5407
f 3075/5/5407 3076/5/5407 3073/5/5407
f 3077/5/5408 3065/5/5409 3064/5/5408
f 3064/5/5408 3078/5/5410 3077/5/5408
f 3050/5/5411 3079/5/5412 3080/5/5413
f 3080/5/5413 3051/5/5411 3050/5/5411
f 3064/5/5414 3063/5/5415 3081/5/5416
f 3081/5/5416 3078/5/5417 3064/5/5414
f 3049/5/5418 3082/5/5419 3079/5/5420
f 3079/5/5420 3050/5/5421 3049/5/5418
f 3062/5/5422 3083/5/5423 3081/5/5424
f 3081/5/5424 3063/5/5425 3062/5/5422
f 3048/5/5426 3084/5/5427 3082/5/5426
f 3082/5/5426 3049/5/5428 3048/5/5426
f 3061/5/5429 3085/5/5430 3083/5/5429
f 3083/5/5429 3062/5/5431 3061/5/5429
f 3047/5/5432 3086/5/5432 3084/5/5432
f 3084/5/5432 3048/5/5432 3047/5/5432
f 3060/5/5433 3087/5/5434 3085/5/5433
f 3085/5/5433 3061/5/5433 3060/5/5433
f 3046/5/5435 3088/5/5436 3086/5/5437
f 3086/5/5437 3047/5/5438 3046/5/5435
f 3059/5/5439 3089/5/5440 3087/5/5441
f 3087/5/5441 3060/5/5442 3059/5/5439
f 3090/5/5443 3041/5/5444 3070/5/5443
f 3070/5/5443 3091/5/5445 3090/5/5443
f 3045/5/5446 3092/5/5447 3088/5/5448
f 3088/5/5448 3046/5/5449 3045/5/5446
f 3058/5/5450 3093/5/5451 3089/5/5452
f 3089/5/5452 3059/5/5453 3058/5/5450
f 3091/5/5454 3070/5/5455 3072/5/5455
f 3072/5/5455 3094/5/5455 3091/5/5454
f 3044/5/5456 3095/5/5457 3092/5/5458
f 3092/5/5458 3045/5/5456 3044/5/5456
f 3057/5/5459 3096/5/5460 3093/5/5459
f 3093/5/5459 3058/5/5459 3057/5/5459
f 3094/5/5461 3072/5/5462 3071/5/5463
f 3071/5/5463 3076/5/5464 3094/5/5461
f 3043/5/5465 3097/5/5466 3095/5/5467
f 3095/5/5467 3044/5/5468 3043/5/5465
f 3056/5/5469 3098/5/5469 3096/5/5470
f 3096/5/5470 3057/5/5471 3056/5/5469
f 3071/5/5472 3069/5/5473 3073/5/5474
f 3073/5/5474 3076/5/5473 3071/5/5472
f 3042/5/5475 3099/5/5476 3097/5/5477
f 3097/5/5477 3043/5/5478 3042/5/5475
f 3055/5/5479 3100/5/5480 3098/5/5481
f 3098/5/5481 3056/5/5482 3055/5/5479
f 3068/5/5483 3101/5/5484 3073/5/5485
f 3073/5/5485 3069/5/5486 3068/5/5483
f 3042/5/5487 3041/5/5488 3090/5/5488
f 3090/5/5488 3099/5/5489 3042/5/5487
f 3054/5/5490 3102/5/5491 3100/5/5492
f 3100/5/5492 3055/5/5493 3054/5/5490
f 3103/5/5494 3101/5/5495 3068/5/5494
f 3068/5/5494 3067/5/5494 3103/5/5494
f 3053/5/5496 3104/5/5497 3102/5/5496
f 3102/5/5496 3054/5/5498 3053/5/5496
f 3066/5/5499 3105/5/5500 3103/5/5501
f 3103/5/5501 3067/5/5502 3066/5/5499
f 3052/5/5503 3106/5/5504 3104/5/5505
f 3104/5/5505 3053/5/5503 3052/5/5503
f 3077/5/5506 3105/5/5506 3066/5/5506
f 3066/5/5506 3065/5/5506 3077/5/5506
f 3051/5/5507 3080/5/5508 3106/5/5509
f 3106/5/5509 3052/5/5510 3051/5/5507
f 3107/5/5511 3108/5/5511 3075/5/5511
f 3075/5/5511 3074/5/5511 3109/5/5511
f 3107/5/5511 3075/5/5511 3109/5/5511
f 3109/5/5511 3110/5/5511 3111/5/5511
f 3109/5/5511 3111/5/5511 3112/5/5511
f 3107/5/5511 3109/5/5511 3112/5/5511
f 3107/5/5511 3112/5/5511 3113/5/5511
f 3113/5/5511 3114/5/5511 3115/5/5511
f 3115/5/5511 3116/5/5511 3117/5/5511
f 3113/5/5511 3115/5/5511 3117/5/5511
f 3117/5/5511 3118/5/5511 3119/5/5511
f 3119/5/5511 3120/5/5511 3121/5/5511
f 3117/5/5511 3119/5/5511 3121/5/5511
f 3113/5/5511 3117/5/5511 3121/5/5511
f 3121/5/5511 3122/5/5511 3123/5/5511
f 3123/5/5511 3124/5/5511 3125/5/5511
f 3121/5/5511 3123/5/5511 3125/5/5511
f 3125/5/5511 3126/5/5511 3127/5/5511
f 3127/5/5511 3128/5/5511 3129/5/5511
f 3125/5/5511 3127/5/5511 3129/5/5511
f 3121/5/5511 3125/5/5511 3129/5/5511
f 3113/5/5511 3121/5/5511 3129/5/5511
f 3129/5/5511 3130/5/5511 3131/5/5511
f 3131/5/5511 3132/5/5511 3133/5/5511
f 3129/5/5511 3131/5/5511 3133/5/5511
f 3133/5/5511 3134/5/5511 3135/5/5511
f 3133/5/5511 3135/5/5511 3136/5/5511
f 3129/5/5511 3133/5/5511 3136/5/5511
f 3113/5/5511 3129/5/5511 3136/5/5511
f 3107/5/5511 3113/5/5511 3136/5/5511
f 3099/5/5512 3135/5/5512 3134/5/5512
f 3134/5/5512 3097/5/5512 3099/5/5512
f 3100/5/5513 3122/5/5513 3121/5/5513
f 3121/5/5513 3098/5/5513 3100/5/5513
f 3101/5/5514 3109/5/5514 3074/5/5514
f 3074/5/5514 3073/5/5515 3101/5/5514
f 3099/5/5516 3090/5/5516 3136/5/5516
f 3136/5/5516 3135/5/5517 3099/5/5516
f 3102/5/5518 3123/5/5518 3122/5/5518
f 3122/5/5518 3100/5/5518 3102/5/5518
f 3103/5/5519 3110/5/5519 3109/5/5519
f 3109/5/5519 3101/5/5519 3103/5/5519
f 3104/5/5520 3124/5/5520 3123/5/5521
f 3123/5/5521 3102/5/5520 3104/5/5520
f 3105/5/5522 3111/5/5523 3110/5/5523
f 3110/5/5523 3103/5/5524 3105/5/5522
f 3106/5/5525 3125/5/5525 3124/5/5525
f 3124/5/5525 3104/5/5525 3106/5/5525
f 3077/5/5526 3112/5/5527 3111/5/5526
f 3111/5/5526 3105/5/5526 3077/5/5526
f 3080/5/5528 3126/5/5528 3125/5/5528
f 3125/5/5528 3106/5/5528 3080/5/5528
f 3078/5/5529 3113/5/5530 3112/5/5529
f 3112/5/5529 3077/5/5529 3078/5/5529
f 3079/5/5531 3127/5/5531 3126/5/5531
f 3126/5/5531 3080/5/5531 3079/5/5531
f 3081/5/5532 3114/5/5532 3113/5/5532
f 3113/5/5532 3078/5/5532 3081/5/5532
f 3082/5/5533 3128/5/5534 3127/5/5533
f 3127/5/5533 3079/5/5534 3082/5/5533
f 3083/5/5535 3115/5/5535 3114/5/5535
f 3114/5/5535 3081/5/5535 3083/5/5535
f 3084/5/5536 3129/5/5536 3128/5/5536
f 3128/5/5536 3082/5/5537 3084/5/5536
f 3085/5/5538 3116/5/5538 3115/5/5538
f 3115/5/5538 3083/5/5538 3085/5/5538
f 3086/5/5539 3130/5/5540 3129/5/5540
f 3129/5/5540 3084/5/5541 3086/5/5539
f 3087/5/5542 3117/5/5543 3116/5/5543
f 3116/5/5543 3085/5/5543 3087/5/5542
f 3088/5/5544 3131/5/5544 3130/5/5544
f 3130/5/5544 3086/5/5544 3088/5/5544
f 3089/5/5545 3118/5/5545 3117/5/5545
f 3117/5/5545 3087/5/5545 3089/5/5545
f 3091/5/5546 3107/5/5546 3136/5/5546
f 3136/5/5546 3090/5/5546 3091/5/5546
f 3092/5/5547 3132/5/5548 3131/5/5547
f 3131/5/5547 3088/5/5547 3092/5/5547
f 3093/5/5549 3119/5/5550 3118/5/5549
f 3118/5/5549 3089/5/5549 3093/5/5549
f 3094/5/5551 3108/5/5552 3107/5/5552
f 3107/5/5552 3091/5/5551 3094/5/5551
f 3095/5/5553 3133/5/5553 3132/5/5553
f 3132/5/5553 3092/5/5553 3095/5/5553
f 3096/5/5554 3120/5/5554 3119/5/5554
f 3119/5/5554 3093/5/5554 3096/5/5554
f 3076/5/5555 3075/5/5555 3108/5/5555
f 3108/5/5555 3094/5/5555 3076/5/5555
f 3097/5/5556 3134/5/5556 3133/5/5556
f 3133/5/5556 3095/5/5556 3097/5/5556
f 3098/5/5557 3121/5/5558 3120/5/5557
f 3120/5/5557 3096/5/5559 3098/5/5557
