# Blender 5.1.0
# www.blender.org
mtllib goddard_patatraseraizquierda.mtl
o C_rculo_002
v -4.364450 1.412946 -2.442672
v -4.361850 1.411446 -2.430372
v -4.343150 1.419446 -2.432872
v -4.345150 1.421146 -2.445272
v -4.324250 1.427446 -2.434372
v -4.325750 1.429446 -2.446772
v -4.345350 1.418546 -2.457572
v -4.365250 1.410046 -2.454972
v -4.325450 1.427047 -2.459172
v -4.380450 1.403546 -2.426872
v -4.375850 1.397846 -2.416772
v -4.357650 1.405546 -2.420172
v -4.339450 1.413347 -2.422572
v -4.321050 1.421146 -2.424072
v -4.302650 1.429046 -2.424572
v -4.305450 1.435546 -2.434872
v -4.306350 1.437747 -2.447272
v -4.305450 1.435546 -2.459772
v -4.323050 1.420346 -2.469472
v -4.302650 1.429046 -2.470072
v -4.343550 1.411646 -2.467872
v -4.363850 1.402946 -2.465172
v -4.384050 1.394346 -2.461372
v -4.384950 1.401646 -2.451272
v -4.383650 1.404747 -2.439072
v -4.337350 1.349346 -2.442672
v -4.318050 1.357546 -2.445271
v -4.317850 1.360246 -2.432872
v -4.336650 1.352247 -2.430372
v -4.339950 1.350847 -2.454972
v -4.320150 1.359246 -2.457572
v -4.298650 1.365846 -2.446772
v -4.299050 1.368247 -2.434372
v -4.300150 1.367746 -2.459172
v -4.355250 1.344347 -2.426872
v -4.337950 1.359346 -2.420172
v -4.356150 1.351547 -2.416772
v -4.356550 1.341146 -2.439072
v -4.359650 1.342446 -2.451272
v -4.364250 1.348146 -2.461372
v -4.344150 1.356746 -2.465172
v -4.323850 1.365346 -2.467872
v -4.303350 1.374046 -2.469472
v -4.280150 1.376346 -2.459772
v -4.282950 1.382846 -2.470072
v -4.279250 1.374146 -2.447272
v -4.280150 1.376346 -2.434872
v -4.301350 1.374946 -2.424072
v -4.282950 1.382846 -2.424572
v -4.319750 1.367146 -2.422572
v -4.412650 1.317246 -2.422172
v -4.394250 1.325146 -2.428772
v -4.391850 1.328646 -2.416872
v -4.409750 1.321046 -2.410472
v -4.417450 1.317746 -2.433872
v -4.398450 1.325846 -2.440672
v -4.375450 1.333046 -2.434372
v -4.373650 1.336447 -2.422372
v -4.379150 1.334046 -2.446472
v -4.409350 1.328946 -2.400772
v -4.426550 1.321547 -2.393572
v -4.427350 1.313546 -2.403072
v -4.430850 1.309446 -2.414572
v -4.436150 1.309747 -2.425972
v -4.442550 1.314746 -2.435572
v -4.423450 1.322846 -2.443572
v -4.403950 1.331146 -2.450572
v -4.384250 1.339546 -2.456472
v -4.374150 1.343946 -2.412372
v -4.391850 1.336346 -2.406972
v -4.482950 1.287246 -2.386072
v -4.465950 1.294546 -2.396472
v -4.461550 1.298946 -2.385472
v -4.477950 1.291946 -2.375372
v -4.489750 1.286947 -2.396672
v -4.472350 1.294346 -2.407472
v -4.448650 1.301946 -2.405972
v -4.444650 1.306146 -2.394772
v -4.454450 1.301946 -2.417172
v -4.475850 1.300546 -2.366572
v -4.491450 1.293947 -2.355872
v -4.493950 1.285146 -2.364372
v -4.499350 1.280246 -2.374772
v -4.506650 1.279747 -2.385072
v -4.514650 1.284046 -2.393672
v -4.497350 1.291347 -2.405572
v -4.479550 1.298946 -2.416472
v -4.461250 1.306746 -2.426472
v -4.443350 1.314347 -2.385372
v -4.459850 1.307346 -2.376372
v -4.545250 1.260646 -2.335772
v -4.530550 1.266947 -2.349572
v -4.524250 1.272246 -2.339972
v -4.538550 1.266147 -2.326571
v -4.553850 1.259547 -2.344972
v -4.538750 1.266047 -2.359172
v -4.515250 1.273546 -2.362572
v -4.509350 1.278546 -2.352572
v -4.522950 1.272746 -2.372572
v -4.534950 1.275347 -2.318871
v -4.548250 1.269647 -2.305072
v -4.552250 1.260347 -2.312371
v -4.559350 1.254647 -2.321172
v -4.568350 1.253446 -2.329972
v -4.563050 1.263346 -2.352571
v -4.577850 1.257046 -2.337272
v -4.547550 1.269946 -2.367172
v -4.531350 1.276846 -2.380772
v -4.506450 1.287446 -2.344272
v -4.520950 1.281346 -2.331972
v -4.597450 1.238447 -2.273172
v -4.585450 1.243547 -2.289872
v -4.577550 1.249447 -2.281972
v -4.589150 1.244547 -2.265772
v -4.607550 1.236747 -2.280572
v -4.595250 1.241947 -2.297772
v -4.572750 1.248947 -2.305872
v -4.565250 1.254747 -2.297472
v -4.582150 1.247547 -2.314172
v -4.584350 1.254247 -2.259672
v -4.594950 1.249746 -2.243272
v -4.600050 1.239946 -2.248972
v -4.608650 1.233647 -2.255872
v -4.619050 1.231747 -2.262772
v -4.629750 1.234947 -2.268572
v -4.617950 1.239946 -2.286772
v -4.605350 1.245347 -2.304272
v -4.591950 1.251047 -2.321172
v -4.560950 1.264247 -2.290572
v -4.573050 1.259147 -2.275472
v -4.637350 1.221447 -2.200772
v -4.628650 1.225147 -2.219672
v -4.619450 1.231647 -2.213772
v -4.627950 1.228047 -2.195472
v -4.648650 1.219147 -2.206072
v -4.639650 1.223047 -2.225471
v -4.619050 1.229246 -2.238072
v -4.610150 1.235546 -2.231672
v -4.629750 1.227247 -2.244472
v -4.622150 1.238147 -2.191072
v -4.629650 1.234947 -2.172772
v -4.635650 1.224747 -2.176672
v -4.645250 1.218047 -2.181472
v -4.656750 1.215747 -2.186172
v -4.668250 1.218547 -2.190172
v -4.659950 1.222046 -2.210472
v -4.650750 1.225947 -2.230372
v -4.640650 1.230247 -2.249772
v -4.604850 1.245546 -2.226372
v -4.613850 1.241647 -2.208972
v -4.663550 1.210246 -2.121272
v -4.658350 1.212447 -2.141672
v -4.648350 1.219347 -2.138072
v -4.653350 1.217147 -2.118272
v -4.675550 1.207747 -2.124272
v -4.670250 1.209947 -2.145272
v -4.652250 1.215047 -2.161672
v -4.642450 1.221846 -2.157572
v -4.663950 1.212647 -2.165872
v -4.646950 1.227547 -2.115772
v -4.650950 1.225847 -2.096172
v -4.657550 1.215447 -2.098172
v -4.667850 1.208447 -2.100672
v -4.679950 1.205847 -2.103072
v -4.692050 1.208346 -2.105072
v -4.687550 1.210246 -2.126772
v -4.682050 1.212647 -2.148272
v -4.675650 1.215346 -2.169372
v -4.636250 1.232147 -2.154072
v -4.642050 1.229647 -2.135072
v -4.674950 1.205447 -2.037772
v -4.673550 1.206046 -2.058872
v -4.663050 1.213047 -2.057571
v -4.664450 1.212447 -2.037172
v -4.687250 1.202747 -2.038372
v -4.685850 1.203347 -2.060071
v -4.671150 1.207047 -2.079772
v -4.660750 1.214047 -2.077971
v -4.683350 1.204347 -2.081672
v -4.657750 1.222947 -2.036672
v -4.658250 1.222746 -2.016572
v -4.664950 1.212247 -2.016572
v -4.675450 1.205247 -2.016572
v -4.687750 1.202546 -2.016572
v -4.699550 1.205147 -2.038872
v -4.700050 1.204947 -2.016572
v -4.698050 1.205847 -2.061072
v -4.695550 1.206847 -2.083172
v -4.654150 1.224547 -2.076472
v -4.656350 1.223547 -2.056571
v -4.671150 1.207047 -1.953372
v -4.673550 1.206046 -1.974372
v -4.663050 1.213047 -1.975572
v -4.660750 1.214047 -1.955272
v -4.683350 1.204347 -1.951572
v -4.685850 1.203347 -1.973172
v -4.674950 1.205447 -1.995472
v -4.664450 1.212447 -1.996072
v -4.687250 1.202747 -1.994872
v -4.654150 1.224547 -1.956772
v -4.650950 1.225847 -1.936972
v -4.657550 1.215447 -1.934972
v -4.667850 1.208447 -1.932572
v -4.679950 1.205847 -1.930172
v -4.695550 1.206847 -1.950072
v -4.692050 1.208346 -1.928172
v -4.698050 1.205847 -1.972172
v -4.699550 1.205147 -1.994372
v -4.657750 1.222947 -1.996572
v -4.656350 1.223547 -1.976672
v -4.652250 1.215047 -1.871472
v -4.658350 1.212447 -1.891572
v -4.648350 1.219347 -1.895172
v -4.642450 1.221846 -1.875672
v -4.663950 1.212647 -1.867272
v -4.670250 1.209947 -1.887972
v -4.663550 1.210246 -1.911972
v -4.653350 1.217147 -1.914972
v -4.675550 1.207747 -1.908972
v -4.636250 1.232147 -1.879172
v -4.629650 1.234947 -1.860472
v -4.635650 1.224747 -1.856572
v -4.645250 1.218047 -1.851772
v -4.656750 1.215747 -1.847072
v -4.675650 1.215346 -1.863872
v -4.668250 1.218547 -1.843072
v -4.682050 1.212647 -1.884972
v -4.687550 1.210246 -1.906472
v -4.646950 1.227547 -1.917472
v -4.642050 1.229647 -1.898172
v -4.619050 1.229246 -1.795171
v -4.628650 1.225147 -1.813572
v -4.619450 1.231647 -1.819472
v -4.610150 1.235546 -1.801572
v -4.629750 1.227247 -1.788772
v -4.639650 1.223047 -1.807672
v -4.637350 1.221447 -1.832472
v -4.627950 1.228047 -1.837772
v -4.648650 1.219147 -1.827172
v -4.604850 1.245546 -1.806872
v -4.594950 1.249746 -1.789972
v -4.600050 1.239946 -1.784272
v -4.608650 1.233647 -1.777372
v -4.619050 1.231747 -1.770372
v -4.640650 1.230247 -1.783472
v -4.629750 1.234947 -1.764672
v -4.650750 1.225947 -1.802872
v -4.659950 1.222046 -1.822772
v -4.622150 1.238147 -1.842172
v -4.613850 1.241647 -1.824272
v -4.572750 1.248947 -1.727372
v -4.585450 1.243547 -1.743372
v -4.577550 1.249447 -1.751272
v -4.565250 1.254747 -1.735672
v -4.582150 1.247547 -1.718972
v -4.595250 1.241947 -1.735472
v -4.597450 1.238447 -1.760072
v -4.589150 1.244547 -1.767472
v -4.607550 1.236747 -1.752672
v -4.560950 1.264247 -1.742672
v -4.548250 1.269647 -1.728172
v -4.552250 1.260347 -1.720872
v -4.559350 1.254647 -1.712072
v -4.568350 1.253446 -1.703272
v -4.591950 1.251047 -1.712072
v -4.577850 1.257047 -1.695972
v -4.605350 1.245347 -1.728972
v -4.617950 1.239946 -1.746472
v -4.584350 1.254247 -1.773572
v -4.573050 1.259147 -1.757772
v -4.515250 1.273547 -1.670672
v -4.530550 1.266947 -1.683672
v -4.524250 1.272246 -1.693272
v -4.509350 1.278546 -1.680672
v -4.522950 1.272746 -1.660672
v -4.538750 1.266047 -1.674072
v -4.545250 1.260646 -1.697471
v -4.538550 1.266147 -1.706672
v -4.553850 1.259547 -1.688272
v -4.506450 1.287447 -1.688972
v -4.491450 1.293947 -1.677372
v -4.493950 1.285147 -1.668872
v -4.499350 1.280247 -1.658472
v -4.506650 1.279747 -1.648172
v -4.531350 1.276847 -1.652372
v -4.514650 1.284047 -1.639572
v -4.547550 1.269946 -1.666072
v -4.563050 1.263347 -1.680672
v -4.534950 1.275347 -1.714372
v -4.520950 1.281346 -1.701272
v -4.448650 1.301947 -1.627272
v -4.465950 1.294546 -1.636772
v -4.461550 1.298946 -1.647772
v -4.444650 1.306147 -1.638472
v -4.454450 1.301947 -1.615972
v -4.472350 1.294346 -1.625772
v -4.482950 1.287247 -1.647172
v -4.477950 1.291947 -1.657872
v -4.489750 1.286947 -1.636472
v -4.443350 1.314347 -1.647772
v -4.426550 1.321547 -1.639672
v -4.427350 1.313547 -1.630172
v -4.430850 1.309446 -1.618672
v -4.436150 1.309747 -1.607172
v -4.461250 1.306747 -1.606672
v -4.442550 1.314746 -1.597672
v -4.479550 1.298946 -1.616672
v -4.497350 1.291347 -1.627672
v -4.475850 1.300547 -1.666672
v -4.459850 1.307346 -1.656772
v -4.375450 1.333047 -1.598772
v -4.394250 1.325147 -1.604472
v -4.391850 1.328647 -1.616372
v -4.373650 1.336447 -1.610872
v -4.379150 1.334046 -1.586772
v -4.398450 1.325847 -1.592571
v -4.412650 1.317247 -1.611072
v -4.409750 1.321046 -1.622772
v -4.417450 1.317747 -1.599372
v -4.374150 1.343947 -1.620872
v -4.356150 1.351547 -1.616472
v -4.355250 1.344347 -1.606372
v -4.356550 1.341147 -1.594172
v -4.359650 1.342446 -1.581972
v -4.384250 1.339547 -1.576771
v -4.364250 1.348147 -1.571872
v -4.403950 1.331147 -1.582672
v -4.423450 1.322847 -1.589671
v -4.409350 1.328946 -1.632472
v -4.391850 1.336347 -1.626172
v -4.298650 1.365847 -1.586472
v -4.318050 1.357546 -1.587972
v -4.317850 1.360247 -1.600372
v -4.299050 1.368247 -1.598872
v -4.300150 1.367746 -1.573972
v -4.320150 1.359247 -1.575572
v -4.337350 1.349347 -1.590572
v -4.336650 1.352247 -1.602872
v -4.339950 1.350847 -1.578272
v -4.301350 1.374946 -1.609172
v -4.282950 1.382846 -1.608672
v -4.280150 1.376346 -1.598372
v -4.279250 1.374147 -1.585872
v -4.280150 1.376346 -1.573472
v -4.303350 1.374046 -1.563672
v -4.282950 1.382846 -1.563172
v -4.323850 1.365347 -1.565372
v -4.344150 1.356747 -1.568072
v -4.337950 1.359347 -1.613072
v -4.319750 1.367147 -1.610572
v -4.221050 1.398947 -1.590572
v -4.240350 1.390746 -1.587972
v -4.242450 1.392347 -1.600372
v -4.223650 1.400347 -1.602872
v -4.220350 1.401847 -1.578272
v -4.240150 1.393347 -1.575572
v -4.259750 1.382447 -1.586472
v -4.261250 1.384347 -1.598872
v -4.260150 1.384847 -1.573972
v -4.227850 1.406247 -1.613072
v -4.209750 1.414047 -1.616472
v -4.205050 1.408347 -1.606372
v -4.201950 1.407047 -1.594172
v -4.200650 1.410246 -1.581972
v -4.221750 1.408947 -1.568072
v -4.201550 1.417547 -1.571872
v -4.242050 1.400247 -1.565372
v -4.262450 1.391547 -1.563672
v -4.264550 1.390647 -1.609172
v -4.246150 1.398446 -1.610572
v -4.145750 1.431047 -1.611072
v -4.164250 1.423147 -1.604472
v -4.168450 1.423946 -1.616372
v -4.150550 1.431547 -1.622772
v -4.142850 1.434847 -1.599372
v -4.161850 1.426746 -1.592571
v -4.182950 1.415146 -1.598772
v -4.186650 1.416147 -1.610872
v -4.181050 1.418547 -1.586772
v -4.156450 1.436746 -1.632472
v -4.139350 1.444047 -1.639672
v -4.132950 1.439047 -1.630172
v -4.127650 1.438747 -1.618672
v -4.124150 1.442847 -1.607172
v -4.142350 1.442747 -1.589671
v -4.123250 1.450847 -1.597672
v -4.161850 1.434446 -1.582672
v -4.181550 1.426046 -1.576771
v -4.191750 1.421646 -1.620872
v -4.173950 1.429247 -1.626172
v -4.075550 1.460946 -1.647172
v -4.092450 1.453747 -1.636772
v -4.098750 1.453647 -1.647772
v -4.082350 1.460647 -1.657872
v -4.070550 1.465647 -1.636472
v -4.087950 1.458247 -1.625772
v -4.109850 1.446347 -1.627272
v -4.115650 1.446447 -1.638472
v -4.105850 1.450647 -1.615972
v -4.089950 1.465047 -1.666672
v -4.074450 1.471747 -1.677372
v -4.066350 1.467446 -1.668872
v -4.059150 1.467947 -1.658472
v -4.053650 1.472847 -1.648172
v -4.068450 1.474247 -1.627672
v -4.051150 1.481647 -1.639572
v -4.086250 1.466647 -1.616672
v -4.104550 1.458846 -1.606672
v -4.122450 1.451247 -1.647772
v -4.106050 1.458247 -1.656772
v -4.013150 1.487547 -1.697471
v -4.027850 1.481346 -1.683672
v -4.036050 1.480347 -1.693272
v -4.021750 1.486446 -1.706672
v -4.006350 1.493047 -1.688272
v -4.021550 1.486547 -1.674072
v -4.043250 1.474747 -1.670672
v -4.050950 1.474047 -1.680672
v -4.037350 1.479847 -1.660672
v -4.030850 1.490247 -1.714372
v -4.017550 1.495947 -1.728172
v -4.008050 1.492347 -1.720872
v -3.999050 1.493547 -1.712072
v -3.991950 1.499246 -1.703272
v -4.002850 1.502246 -1.680672
v -3.987950 1.508546 -1.695972
v -4.018350 1.495647 -1.666072
v -4.034450 1.488747 -1.652372
v -4.059350 1.478147 -1.688972
v -4.044850 1.484347 -1.701272
v -3.960950 1.509847 -1.760072
v -3.972950 1.504747 -1.743372
v -3.982750 1.503147 -1.751272
v -3.971150 1.508047 -1.767472
v -3.952750 1.515947 -1.752672
v -3.965050 1.510646 -1.735472
v -3.985650 1.499347 -1.727372
v -3.995050 1.497846 -1.735672
v -3.978150 1.505046 -1.718972
v -3.981450 1.511346 -1.773572
v -3.970850 1.515847 -1.789972
v -3.960250 1.512746 -1.784272
v -3.949750 1.514647 -1.777272
v -3.941250 1.520846 -1.770372
v -3.947850 1.525647 -1.746472
v -3.936150 1.530646 -1.764672
v -3.960450 1.520247 -1.728972
v -3.973850 1.514547 -1.712072
v -4.004850 1.501346 -1.742672
v -3.992850 1.506547 -1.757772
v -3.921050 1.526847 -1.832472
v -3.929850 1.523147 -1.813572
v -3.940850 1.520947 -1.819472
v -3.932350 1.524647 -1.837772
v -3.911650 1.533447 -1.827172
v -3.920650 1.529547 -1.807672
v -3.939350 1.519047 -1.795171
v -3.950150 1.517047 -1.801572
v -3.930550 1.525347 -1.788772
v -3.943650 1.527447 -1.842172
v -3.936150 1.530646 -1.860472
v -3.924650 1.527846 -1.856572
v -3.913150 1.530247 -1.851772
v -3.903550 1.536847 -1.847072
v -3.905850 1.543547 -1.822772
v -3.897550 1.547146 -1.843072
v -3.915050 1.539647 -1.802872
v -3.925150 1.535347 -1.783472
v -3.961050 1.520047 -1.806872
v -3.951950 1.523947 -1.824272
v -3.894850 1.538046 -1.911972
v -3.900050 1.535746 -1.891572
v -3.911950 1.533247 -1.895172
v -3.906950 1.535447 -1.914972
v -3.884750 1.544947 -1.908972
v -3.890050 1.542647 -1.887972
v -3.906150 1.533147 -1.871472
v -3.917850 1.530747 -1.875672
v -3.896350 1.539947 -1.867272
v -3.918850 1.538046 -1.917472
v -3.914850 1.539747 -1.936972
v -3.902750 1.537247 -1.934972
v -3.890650 1.539847 -1.932572
v -3.880350 1.546747 -1.930172
v -3.878350 1.555347 -1.906472
v -3.873850 1.557247 -1.928172
v -3.883750 1.552946 -1.884972
v -3.890150 1.550247 -1.863872
v -3.929550 1.533447 -1.879172
v -3.923750 1.535946 -1.898172
v -3.883550 1.542847 -1.995472
v -3.884950 1.542246 -1.974372
v -3.897250 1.539547 -1.975572
v -3.895850 1.540146 -1.996072
v -3.873050 1.549947 -1.994872
v -3.874450 1.549247 -1.973172
v -3.887350 1.541247 -1.953372
v -3.899550 1.538546 -1.955272
v -3.876950 1.548247 -1.951572
v -3.908050 1.542647 -1.996572
v -3.907650 1.542847 -2.016572
v -3.895350 1.540347 -2.016572
v -3.883050 1.543047 -2.016572
v -3.872550 1.550146 -2.016572
v -3.866350 1.560447 -1.994372
v -3.865850 1.560647 -2.016572
v -3.867850 1.559747 -1.972172
v -3.870350 1.558746 -1.950072
v -3.911650 1.541047 -1.956772
v -3.909450 1.542047 -1.976672
v -3.887350 1.541247 -2.079772
v -3.884950 1.542246 -2.058872
v -3.897250 1.539547 -2.057572
v -3.899550 1.538546 -2.077972
v -3.876950 1.548247 -2.081672
v -3.874450 1.549247 -2.060072
v -3.883550 1.542847 -2.037772
v -3.895850 1.540146 -2.037172
v -3.873050 1.549947 -2.038372
v -3.911650 1.541047 -2.076472
v -3.914850 1.539747 -2.096172
v -3.902750 1.537247 -2.098172
v -3.890650 1.539847 -2.100672
v -3.880350 1.546747 -2.103072
v -3.870350 1.558746 -2.083172
v -3.873850 1.557247 -2.105072
v -3.867850 1.559747 -2.061072
v -3.866350 1.560447 -2.038872
v -3.908050 1.542647 -2.036672
v -3.909450 1.542047 -2.056572
v -3.906150 1.533147 -2.161672
v -3.900050 1.535746 -2.141672
v -3.911950 1.533247 -2.138072
v -3.917850 1.530747 -2.157572
v -3.896350 1.539947 -2.165872
v -3.890050 1.542647 -2.145272
v -3.894850 1.538046 -2.121272
v -3.906950 1.535447 -2.118272
v -3.884750 1.544947 -2.124272
v -3.929550 1.533447 -2.154072
v -3.936150 1.530646 -2.172772
v -3.924650 1.527846 -2.176672
v -3.913150 1.530247 -2.181472
v -3.903550 1.536847 -2.186172
v -3.890150 1.550247 -2.169372
v -3.897550 1.547146 -2.190172
v -3.883750 1.552946 -2.148272
v -3.878350 1.555347 -2.126772
v -3.918850 1.538046 -2.115772
v -3.923750 1.535946 -2.135072
v -3.939350 1.519047 -2.238072
v -3.929850 1.523147 -2.219672
v -3.940850 1.520947 -2.213772
v -3.950150 1.517047 -2.231672
v -3.930550 1.525347 -2.244472
v -3.920650 1.529547 -2.225471
v -3.921050 1.526847 -2.200772
v -3.932350 1.524647 -2.195472
v -3.911650 1.533447 -2.206072
v -3.961050 1.520047 -2.226372
v -3.970850 1.515847 -2.243272
v -3.960250 1.512746 -2.248972
v -3.949750 1.514647 -2.255872
v -3.941250 1.520846 -2.262772
v -3.925150 1.535347 -2.249772
v -3.936150 1.530646 -2.268572
v -3.915050 1.539647 -2.230372
v -3.905850 1.543547 -2.210472
v -3.943650 1.527447 -2.191072
v -3.951950 1.523947 -2.208972
v -3.985650 1.499347 -2.305872
v -3.972950 1.504747 -2.289872
v -3.982750 1.503147 -2.281972
v -3.995050 1.497846 -2.297472
v -3.978150 1.505046 -2.314172
v -3.965050 1.510646 -2.297772
v -3.960950 1.509847 -2.273172
v -3.971150 1.508047 -2.265772
v -3.952750 1.515947 -2.280572
v -4.004850 1.501346 -2.290572
v -4.017550 1.495947 -2.305072
v -4.008050 1.492347 -2.312371
v -3.999050 1.493547 -2.321172
v -3.991950 1.499246 -2.329972
v -3.973850 1.514547 -2.321172
v -3.987950 1.508546 -2.337272
v -3.960450 1.520247 -2.304272
v -3.947850 1.525647 -2.286772
v -3.981450 1.511346 -2.259672
v -3.992850 1.506547 -2.275472
v -4.043250 1.474747 -2.362572
v -4.027850 1.481346 -2.349572
v -4.036050 1.480347 -2.339972
v -4.050950 1.474047 -2.352572
v -4.037350 1.479847 -2.372572
v -4.021550 1.486547 -2.359172
v -4.013150 1.487547 -2.335772
v -4.021750 1.486446 -2.326572
v -4.006350 1.493047 -2.344972
v -4.059350 1.478147 -2.344272
v -4.074450 1.471747 -2.355872
v -4.066350 1.467446 -2.364372
v -4.059150 1.467947 -2.374772
v -4.053650 1.472847 -2.385072
v -4.034450 1.488747 -2.380772
v -4.051150 1.481647 -2.393672
v -4.018350 1.495647 -2.367172
v -4.002850 1.502246 -2.352572
v -4.030850 1.490247 -2.318871
v -4.044850 1.484347 -2.331972
v -4.109850 1.446347 -2.405972
v -4.092450 1.453747 -2.396472
v -4.098750 1.453646 -2.385472
v -4.115650 1.446446 -2.394772
v -4.105850 1.450646 -2.417172
v -4.087950 1.458246 -2.407472
v -4.075550 1.460946 -2.386072
v -4.082350 1.460647 -2.375372
v -4.070550 1.465647 -2.396672
v -4.122450 1.451247 -2.385372
v -4.139350 1.444046 -2.393572
v -4.132950 1.439046 -2.403072
v -4.127650 1.438746 -2.414572
v -4.124150 1.442847 -2.425972
v -4.104550 1.458846 -2.426472
v -4.123250 1.450846 -2.435572
v -4.086250 1.466646 -2.416472
v -4.068450 1.474247 -2.405572
v -4.089950 1.465047 -2.366572
v -4.106050 1.458247 -2.376372
v -4.182950 1.415146 -2.434372
v -4.164250 1.423146 -2.428772
v -4.168450 1.423946 -2.416872
v -4.186650 1.416147 -2.422372
v -4.181050 1.418546 -2.446472
v -4.161850 1.426746 -2.440672
v -4.145750 1.431046 -2.422172
v -4.150550 1.431546 -2.410472
v -4.142850 1.434846 -2.433872
v -4.191750 1.421646 -2.412372
v -4.209750 1.414047 -2.416772
v -4.205050 1.408346 -2.426872
v -4.201950 1.407047 -2.439072
v -4.200650 1.410246 -2.451272
v -4.181550 1.426046 -2.456472
v -4.201550 1.417547 -2.461372
v -4.161850 1.434446 -2.450572
v -4.142350 1.442746 -2.443572
v -4.156450 1.436746 -2.400772
v -4.173950 1.429246 -2.406972
v -4.259750 1.382447 -2.446772
v -4.240350 1.390746 -2.445272
v -4.242450 1.392346 -2.432872
v -4.261250 1.384346 -2.434372
v -4.260150 1.384846 -2.459172
v -4.240150 1.393347 -2.457572
v -4.221050 1.398947 -2.442672
v -4.223650 1.400347 -2.430372
v -4.220350 1.401846 -2.454972
v -4.264550 1.390646 -2.424072
v -4.262450 1.391546 -2.469472
v -4.242050 1.400246 -2.467872
v -4.221750 1.408947 -2.465172
v -4.227850 1.406246 -2.420172
v -4.246150 1.398446 -2.422572
v -4.417050 1.387946 -2.416872
v -4.421350 1.388646 -2.428772
v -4.439850 1.380847 -2.422172
v -4.435050 1.380246 -2.410472
v -4.398850 1.395646 -2.422372
v -4.402550 1.396646 -2.434372
v -4.423750 1.385046 -2.440672
v -4.442750 1.376946 -2.433872
v -4.404450 1.393347 -2.446472
v -4.429050 1.375146 -2.400772
v -4.452650 1.372746 -2.403072
v -4.446250 1.367846 -2.393572
v -4.411550 1.382546 -2.406972
v -4.393850 1.390146 -2.412372
v -4.403950 1.385846 -2.456472
v -4.423750 1.377446 -2.450572
v -4.443150 1.369146 -2.443572
v -4.462250 1.360946 -2.435572
v -4.461350 1.369046 -2.425972
v -4.457950 1.373046 -2.414572
v -4.486750 1.358246 -2.385472
v -4.493050 1.358047 -2.396472
v -4.510050 1.350847 -2.386072
v -4.503250 1.351246 -2.375372
v -4.469950 1.365446 -2.394772
v -4.475750 1.365446 -2.405972
v -4.497550 1.353647 -2.407472
v -4.514950 1.346146 -2.396672
v -4.479650 1.361246 -2.417172
v -4.519150 1.344446 -2.364372
v -4.511150 1.340147 -2.355872
v -4.495550 1.346746 -2.366572
v -4.479550 1.353647 -2.376372
v -4.463050 1.360646 -2.385372
v -4.480950 1.353046 -2.426472
v -4.499250 1.345247 -2.416472
v -4.517050 1.337646 -2.405572
v -4.534350 1.330246 -2.393672
v -4.531850 1.338946 -2.385072
v -4.526450 1.343846 -2.374772
v -4.549450 1.331446 -2.339972
v -4.557650 1.330546 -2.349572
v -4.572350 1.324246 -2.335772
v -4.563750 1.325346 -2.326572
v -4.534650 1.337847 -2.352572
v -4.542350 1.337046 -2.362572
v -4.564050 1.325246 -2.359172
v -4.579150 1.318846 -2.344972
v -4.548250 1.332047 -2.372572
v -4.577450 1.319546 -2.312371
v -4.567950 1.315946 -2.305072
v -4.554650 1.321547 -2.318871
v -4.540750 1.327546 -2.331972
v -4.526150 1.333746 -2.344272
v -4.551150 1.323146 -2.380772
v -4.567250 1.316247 -2.367172
v -4.582750 1.309646 -2.352572
v -4.597550 1.303246 -2.337272
v -4.593650 1.312646 -2.329972
v -4.586450 1.318246 -2.321172
v -4.602850 1.308746 -2.281972
v -4.612550 1.307147 -2.289872
v -4.624550 1.302047 -2.273172
v -4.614450 1.303746 -2.265772
v -4.590450 1.313946 -2.297472
v -4.599850 1.312546 -2.305872
v -4.620550 1.301147 -2.297772
v -4.632850 1.295946 -2.280572
v -4.607450 1.306746 -2.314172
v -4.625350 1.299146 -2.248972
v -4.614650 1.296046 -2.243272
v -4.604050 1.300546 -2.259672
v -4.592750 1.305346 -2.275472
v -4.580650 1.310447 -2.290572
v -4.611650 1.297246 -2.321172
v -4.625050 1.291546 -2.304272
v -4.637650 1.286147 -2.286772
v -4.649450 1.281147 -2.268572
v -4.644350 1.291046 -2.262772
v -4.635750 1.297246 -2.255872
v -4.644750 1.290846 -2.213772
v -4.655750 1.288746 -2.219672
v -4.664450 1.285046 -2.200772
v -4.653250 1.287247 -2.195472
v -4.635450 1.294847 -2.231672
v -4.646150 1.292846 -2.238072
v -4.664950 1.282246 -2.225471
v -4.673850 1.278447 -2.206072
v -4.655050 1.286446 -2.244472
v -4.660850 1.283947 -2.176672
v -4.649350 1.281247 -2.172772
v -4.641850 1.284346 -2.191072
v -4.633550 1.287947 -2.208972
v -4.624550 1.291746 -2.226372
v -4.660350 1.276547 -2.249772
v -4.670450 1.272147 -2.230372
v -4.679650 1.268247 -2.210472
v -4.687950 1.264747 -2.190172
v -4.682050 1.274947 -2.186172
v -4.672350 1.281647 -2.181472
v -4.673550 1.278546 -2.138072
v -4.685450 1.276047 -2.141672
v -4.690650 1.273847 -2.121272
v -4.678650 1.276446 -2.118272
v -4.667650 1.281047 -2.157572
v -4.679350 1.278647 -2.161672
v -4.695450 1.269246 -2.145272
v -4.700850 1.266947 -2.124272
v -4.689250 1.271947 -2.165872
v -4.682750 1.274647 -2.098172
v -4.670750 1.272147 -2.096172
v -4.666650 1.273847 -2.115772
v -4.661750 1.275946 -2.135072
v -4.655950 1.278347 -2.154072
v -4.695350 1.261546 -2.169372
v -4.701750 1.258847 -2.148272
v -4.707250 1.256547 -2.126772
v -4.711750 1.254647 -2.105072
v -4.705250 1.265046 -2.103072
v -4.694950 1.272046 -2.100672
v -4.688350 1.272246 -2.057572
v -4.700650 1.269547 -2.058872
v -4.702050 1.268947 -2.037772
v -4.689650 1.271647 -2.037172
v -4.685950 1.273247 -2.077972
v -4.698250 1.270646 -2.079772
v -4.711050 1.262547 -2.060071
v -4.712550 1.261947 -2.038372
v -4.708650 1.263646 -2.081672
v -4.690150 1.271447 -2.016572
v -4.677950 1.269047 -2.016572
v -4.677450 1.269246 -2.036672
v -4.676150 1.269847 -2.056572
v -4.673850 1.270747 -2.076472
v -4.715250 1.253147 -2.083172
v -4.717750 1.252046 -2.061072
v -4.719250 1.251447 -2.038872
v -4.719750 1.251147 -2.016572
v -4.713050 1.261747 -2.016572
v -4.702550 1.268746 -2.016572
v -4.688350 1.272246 -1.975572
v -4.700650 1.269547 -1.974372
v -4.698250 1.270646 -1.953372
v -4.685950 1.273247 -1.955272
v -4.689650 1.271647 -1.996072
v -4.702050 1.268947 -1.995472
v -4.711050 1.262547 -1.973172
v -4.708650 1.263646 -1.951572
v -4.712550 1.261947 -1.994872
v -4.682750 1.274647 -1.934972
v -4.670750 1.272147 -1.936972
v -4.673850 1.270747 -1.956772
v -4.676150 1.269847 -1.976672
v -4.677450 1.269246 -1.996572
v -4.719250 1.251447 -1.994372
v -4.717750 1.252046 -1.972172
v -4.715250 1.253147 -1.950072
v -4.711750 1.254647 -1.928172
v -4.705250 1.265046 -1.930172
v -4.694950 1.272046 -1.932572
v -4.673550 1.278546 -1.895172
v -4.685450 1.276047 -1.891572
v -4.679350 1.278647 -1.871472
v -4.667650 1.281047 -1.875672
v -4.678650 1.276446 -1.914972
v -4.690650 1.273847 -1.911972
v -4.695450 1.269246 -1.887972
v -4.689250 1.271947 -1.867272
v -4.700850 1.266947 -1.908972
v -4.660850 1.283947 -1.856572
v -4.649350 1.281247 -1.860472
v -4.655950 1.278347 -1.879172
v -4.661750 1.275946 -1.898172
v -4.666650 1.273847 -1.917472
v -4.707250 1.256547 -1.906472
v -4.701750 1.258847 -1.884972
v -4.695350 1.261546 -1.863872
v -4.687950 1.264747 -1.843072
v -4.682050 1.274947 -1.847072
v -4.672350 1.281647 -1.851772
v -4.644750 1.290846 -1.819472
v -4.655750 1.288746 -1.813572
v -4.646150 1.292847 -1.795171
v -4.635450 1.294847 -1.801572
v -4.653250 1.287247 -1.837772
v -4.664450 1.285046 -1.832472
v -4.664950 1.282246 -1.807672
v -4.655050 1.286446 -1.788772
v -4.673850 1.278447 -1.827172
v -4.625350 1.299147 -1.784272
v -4.614650 1.296047 -1.789972
v -4.624550 1.291746 -1.806872
v -4.633550 1.287947 -1.824272
v -4.641850 1.284346 -1.842172
v -4.679650 1.268247 -1.822772
v -4.670450 1.272147 -1.802872
v -4.660350 1.276547 -1.783472
v -4.649450 1.281147 -1.764672
v -4.644350 1.291047 -1.770372
v -4.635750 1.297247 -1.777372
v -4.602850 1.308746 -1.751272
v -4.612550 1.307147 -1.743372
v -4.599850 1.312547 -1.727372
v -4.590450 1.313947 -1.735672
v -4.614450 1.303747 -1.767472
v -4.624550 1.302047 -1.760072
v -4.620550 1.301147 -1.735472
v -4.607450 1.306747 -1.718972
v -4.632850 1.295946 -1.752672
v -4.577450 1.319547 -1.720872
v -4.567950 1.315946 -1.728172
v -4.580650 1.310447 -1.742672
v -4.592750 1.305347 -1.757772
v -4.604050 1.300547 -1.773572
v -4.637650 1.286147 -1.746472
v -4.625050 1.291546 -1.728972
v -4.611650 1.297247 -1.712072
v -4.597550 1.303247 -1.695972
v -4.593650 1.312647 -1.703272
v -4.586450 1.318246 -1.712072
v -4.549450 1.331447 -1.693272
v -4.557650 1.330546 -1.683672
v -4.542350 1.337047 -1.670672
v -4.534650 1.337847 -1.680672
v -4.563750 1.325347 -1.706672
v -4.572350 1.324247 -1.697471
v -4.564050 1.325246 -1.674072
v -4.548250 1.332047 -1.660672
v -4.579150 1.318847 -1.688272
v -4.519150 1.344447 -1.668872
v -4.511150 1.340147 -1.677372
v -4.526150 1.333747 -1.688972
v -4.540750 1.327546 -1.701272
v -4.554650 1.321547 -1.714372
v -4.582750 1.309646 -1.680672
v -4.567250 1.316247 -1.666072
v -4.551150 1.323146 -1.652372
v -4.534350 1.330247 -1.639572
v -4.531850 1.338946 -1.648172
v -4.526450 1.343846 -1.658472
v -4.486750 1.358246 -1.647772
v -4.493050 1.358047 -1.636772
v -4.475750 1.365446 -1.627272
v -4.469950 1.365446 -1.638472
v -4.503250 1.351246 -1.657872
v -4.510050 1.350847 -1.647172
v -4.497550 1.353647 -1.625772
v -4.479650 1.361246 -1.615972
v -4.514950 1.346146 -1.636472
v -4.452650 1.372747 -1.630172
v -4.446250 1.367847 -1.639672
v -4.463050 1.360647 -1.647772
v -4.479550 1.353647 -1.656772
v -4.495550 1.346747 -1.666672
v -4.517050 1.337647 -1.627672
v -4.499250 1.345247 -1.616672
v -4.480950 1.353047 -1.606672
v -4.462250 1.360947 -1.597672
v -4.461350 1.369047 -1.607172
v -4.457950 1.373047 -1.618672
v -4.417050 1.387946 -1.616372
v -4.421350 1.388646 -1.604472
v -4.402550 1.396647 -1.598772
v -4.398850 1.395646 -1.610872
v -4.435050 1.380247 -1.622772
v -4.439850 1.380847 -1.611072
v -4.423750 1.385047 -1.592571
v -4.404450 1.393347 -1.586772
v -4.442750 1.376947 -1.599372
v -4.380450 1.403546 -1.606372
v -4.375850 1.397847 -1.616472
v -4.393850 1.390147 -1.620872
v -4.411550 1.382547 -1.626172
v -4.429050 1.375147 -1.632472
v -4.443150 1.369146 -1.589671
v -4.423750 1.377447 -1.582672
v -4.403950 1.385846 -1.576771
v -4.384050 1.394347 -1.571872
v -4.384950 1.401646 -1.581972
v -4.383650 1.404747 -1.594172
v -4.343150 1.419447 -1.600372
v -4.345150 1.421147 -1.587972
v -4.325750 1.429447 -1.586472
v -4.324250 1.427446 -1.598872
v -4.361850 1.411446 -1.602872
v -4.364450 1.412947 -1.590572
v -4.345350 1.418547 -1.575572
v -4.325450 1.427047 -1.573972
v -4.365250 1.410046 -1.578272
v -4.305450 1.435547 -1.598372
v -4.302650 1.429047 -1.608672
v -4.321050 1.421147 -1.609172
v -4.339450 1.413347 -1.610572
v -4.357650 1.405547 -1.613072
v -4.363850 1.402947 -1.568072
v -4.343550 1.411646 -1.565372
v -4.323050 1.420347 -1.563672
v -4.302650 1.429047 -1.563172
v -4.305450 1.435547 -1.573472
v -4.306350 1.437747 -1.585872
v -4.267650 1.451646 -1.600372
v -4.267450 1.454247 -1.587972
v -4.248150 1.462546 -1.590572
v -4.248950 1.459647 -1.602872
v -4.286550 1.443547 -1.598872
v -4.286850 1.446046 -1.586472
v -4.265450 1.452546 -1.575572
v -4.245550 1.461047 -1.578272
v -4.285450 1.444047 -1.573972
v -4.230350 1.467547 -1.606372
v -4.229450 1.460246 -1.616472
v -4.247550 1.452546 -1.613072
v -4.265850 1.444747 -1.610572
v -4.284250 1.436847 -1.609172
v -4.282150 1.437747 -1.563672
v -4.261750 1.446447 -1.565372
v -4.241450 1.455147 -1.568072
v -4.221250 1.463747 -1.571872
v -4.225850 1.469447 -1.581972
v -4.229050 1.470647 -1.594172
v -4.193750 1.483147 -1.616372
v -4.191350 1.486747 -1.604472
v -4.172850 1.494647 -1.611072
v -4.175750 1.490847 -1.622772
v -4.211950 1.475447 -1.610872
v -4.210050 1.478747 -1.598772
v -4.187050 1.485947 -1.592571
v -4.168050 1.494047 -1.599372
v -4.206350 1.477747 -1.586772
v -4.158150 1.498346 -1.630172
v -4.159050 1.490247 -1.639672
v -4.176250 1.482947 -1.632472
v -4.193650 1.475447 -1.626172
v -4.211450 1.467947 -1.620872
v -4.201250 1.472247 -1.576771
v -4.181550 1.480646 -1.582672
v -4.162150 1.488947 -1.589671
v -4.143050 1.497146 -1.597672
v -4.149450 1.502046 -1.607172
v -4.154750 1.502347 -1.618672
v -4.124050 1.512847 -1.647772
v -4.119550 1.517347 -1.636772
v -4.102650 1.524547 -1.647172
v -4.107550 1.519847 -1.657872
v -4.140850 1.505647 -1.638472
v -4.136950 1.509946 -1.627272
v -4.113250 1.517447 -1.625772
v -4.095850 1.524947 -1.636472
v -4.131150 1.509847 -1.615972
v -4.091650 1.526646 -1.668872
v -4.094150 1.517947 -1.677372
v -4.109650 1.511346 -1.666672
v -4.125750 1.504447 -1.656772
v -4.142150 1.497447 -1.647772
v -4.124250 1.505046 -1.606672
v -4.106050 1.512847 -1.616672
v -4.088150 1.520447 -1.627672
v -4.070850 1.527846 -1.639572
v -4.078950 1.532147 -1.648172
v -4.086250 1.531546 -1.658472
v -4.061350 1.539647 -1.693272
v -4.054950 1.544847 -1.683672
v -4.040250 1.551147 -1.697471
v -4.047050 1.545746 -1.706672
v -4.076250 1.533247 -1.680672
v -4.070350 1.538347 -1.670672
v -4.046850 1.545847 -1.674072
v -4.031650 1.552246 -1.688272
v -4.062550 1.539047 -1.660672
v -4.033350 1.551546 -1.720872
v -4.037250 1.542147 -1.728172
v -4.050650 1.536547 -1.714372
v -4.064550 1.530547 -1.701272
v -4.079050 1.524346 -1.688972
v -4.054150 1.534947 -1.652372
v -4.038050 1.541847 -1.666072
v -4.022550 1.548447 -1.680672
v -4.007650 1.554747 -1.695972
v -4.017150 1.558447 -1.703272
v -4.026150 1.557147 -1.712072
v -4.007950 1.562347 -1.751272
v -4.000050 1.568246 -1.743372
v -3.988050 1.573346 -1.760072
v -3.996350 1.567346 -1.767472
v -4.020350 1.557047 -1.735672
v -4.012750 1.562847 -1.727372
v -3.990250 1.569847 -1.735472
v -3.977950 1.575147 -1.752672
v -4.003350 1.564347 -1.718972
v -3.985450 1.571947 -1.784272
v -3.990550 1.562047 -1.789972
v -4.001150 1.557546 -1.773572
v -4.012550 1.552747 -1.757772
v -4.024550 1.547647 -1.742672
v -3.993550 1.560846 -1.712072
v -3.980150 1.566547 -1.728972
v -3.967650 1.571847 -1.746472
v -3.955850 1.576947 -1.764672
v -3.966450 1.580047 -1.770372
v -3.976850 1.578147 -1.777272
v -3.966050 1.580247 -1.819472
v -3.956950 1.586647 -1.813572
v -3.948150 1.590447 -1.832472
v -3.957550 1.583846 -1.837772
v -3.975350 1.576247 -1.801572
v -3.966450 1.582646 -1.795171
v -3.945950 1.588847 -1.807672
v -3.936950 1.592646 -1.827172
v -3.955750 1.584647 -1.788772
v -3.949950 1.587147 -1.856572
v -3.955950 1.576846 -1.860472
v -3.963350 1.573647 -1.842172
v -3.971650 1.570146 -1.824272
v -3.980750 1.566247 -1.806872
v -3.944850 1.581547 -1.783472
v -3.934750 1.585847 -1.802872
v -3.925550 1.589846 -1.822772
v -3.917250 1.593346 -1.843072
v -3.928750 1.596146 -1.847072
v -3.940250 1.593747 -1.851772
v -3.937250 1.592547 -1.895172
v -3.927150 1.599347 -1.891572
v -3.922050 1.601547 -1.911972
v -3.932150 1.594647 -1.914972
v -3.943150 1.590047 -1.875672
v -3.933250 1.596747 -1.871472
v -3.915350 1.601847 -1.887972
v -3.909950 1.604147 -1.908972
v -3.921550 1.599146 -1.867272
v -3.928050 1.596447 -1.934972
v -3.934550 1.585946 -1.936972
v -3.938550 1.584247 -1.917472
v -3.943550 1.582147 -1.898172
v -3.949250 1.579747 -1.879172
v -3.909950 1.596447 -1.863872
v -3.903450 1.599247 -1.884972
v -3.898050 1.601547 -1.906472
v -3.893550 1.603447 -1.928172
v -3.905550 1.606047 -1.930172
v -3.917750 1.603346 -1.932572
v -3.922450 1.598847 -1.975572
v -3.912050 1.605847 -1.974372
v -3.910650 1.606447 -1.995472
v -3.921150 1.599347 -1.996072
v -3.924850 1.597847 -1.955272
v -3.914450 1.604847 -1.953372
v -3.899750 1.608547 -1.973172
v -3.898250 1.609146 -1.994872
v -3.902150 1.607447 -1.951572
v -3.920650 1.599547 -2.016572
v -3.927350 1.589047 -2.016572
v -3.927750 1.588847 -1.996572
v -3.929150 1.588246 -1.976672
v -3.931450 1.587347 -1.956772
v -3.890050 1.604946 -1.950072
v -3.887550 1.606047 -1.972172
v -3.886050 1.606647 -1.994372
v -3.885550 1.606846 -2.016572
v -3.897750 1.609347 -2.016572
v -3.910150 1.606647 -2.016572
v -3.922450 1.598847 -2.057572
v -3.912050 1.605847 -2.058872
v -3.914450 1.604847 -2.079772
v -3.924850 1.597847 -2.077972
v -3.921150 1.599347 -2.037172
v -3.910650 1.606447 -2.037772
v -3.899750 1.608547 -2.060072
v -3.902150 1.607447 -2.081672
v -3.898250 1.609146 -2.038372
v -3.928050 1.596447 -2.098172
v -3.934550 1.585946 -2.096172
v -3.931450 1.587347 -2.076472
v -3.929150 1.588246 -2.056572
v -3.927750 1.588847 -2.036672
v -3.886050 1.606647 -2.038872
v -3.887550 1.606047 -2.061072
v -3.890050 1.604946 -2.083172
v -3.893550 1.603447 -2.105072
v -3.905550 1.606047 -2.103072
v -3.917750 1.603346 -2.100672
v -3.937250 1.592547 -2.138072
v -3.927150 1.599347 -2.141672
v -3.933250 1.596747 -2.161672
v -3.943150 1.590047 -2.157572
v -3.932150 1.594647 -2.118272
v -3.922050 1.601547 -2.121272
v -3.915350 1.601847 -2.145272
v -3.921550 1.599146 -2.165872
v -3.909950 1.604147 -2.124272
v -3.949950 1.587147 -2.176672
v -3.955950 1.576846 -2.172772
v -3.949250 1.579747 -2.154072
v -3.943550 1.582147 -2.135072
v -3.938550 1.584247 -2.115772
v -3.898050 1.601547 -2.126772
v -3.903450 1.599247 -2.148272
v -3.909950 1.596447 -2.169372
v -3.917250 1.593346 -2.190172
v -3.928750 1.596146 -2.186172
v -3.940250 1.593747 -2.181472
v -3.966050 1.580247 -2.213772
v -3.956950 1.586647 -2.219672
v -3.966450 1.582646 -2.238072
v -3.975350 1.576247 -2.231672
v -3.957550 1.583846 -2.195472
v -3.948150 1.590447 -2.200772
v -3.945950 1.588847 -2.225471
v -3.955750 1.584647 -2.244472
v -3.936950 1.592646 -2.206072
v -3.985450 1.571947 -2.248972
v -3.990550 1.562047 -2.243272
v -3.980750 1.566247 -2.226372
v -3.971650 1.570146 -2.208972
v -3.963350 1.573647 -2.191072
v -3.925550 1.589846 -2.210472
v -3.934750 1.585847 -2.230372
v -3.944850 1.581547 -2.249772
v -3.955850 1.576947 -2.268572
v -3.966450 1.580047 -2.262772
v -3.976850 1.578147 -2.255872
v -4.007950 1.562347 -2.281972
v -4.000050 1.568246 -2.289872
v -4.012750 1.562847 -2.305872
v -4.020350 1.557047 -2.297472
v -3.996350 1.567346 -2.265772
v -3.988050 1.573346 -2.273172
v -3.990250 1.569847 -2.297772
v -4.003350 1.564347 -2.314172
v -3.977950 1.575147 -2.280572
v -4.033350 1.551546 -2.312371
v -4.037250 1.542147 -2.305072
v -4.024550 1.547647 -2.290572
v -4.012550 1.552747 -2.275472
v -4.001150 1.557546 -2.259672
v -3.967650 1.571847 -2.286772
v -3.980150 1.566547 -2.304272
v -3.993550 1.560846 -2.321172
v -4.007650 1.554747 -2.337272
v -4.017150 1.558447 -2.329972
v -4.026150 1.557147 -2.321172
v -4.061350 1.539647 -2.339972
v -4.054950 1.544847 -2.349572
v -4.070350 1.538347 -2.362572
v -4.076250 1.533247 -2.352572
v -4.047050 1.545746 -2.326572
v -4.040250 1.551147 -2.335772
v -4.046850 1.545847 -2.359172
v -4.062550 1.539047 -2.372572
v -4.031650 1.552246 -2.344972
v -4.091650 1.526646 -2.364372
v -4.094150 1.517947 -2.355872
v -4.079050 1.524346 -2.344272
v -4.064550 1.530547 -2.331972
v -4.050650 1.536547 -2.318871
v -4.022550 1.548447 -2.352572
v -4.038050 1.541847 -2.367172
v -4.054150 1.534947 -2.380772
v -4.070850 1.527846 -2.393672
v -4.078950 1.532146 -2.385072
v -4.086250 1.531546 -2.374772
v -4.124050 1.512846 -2.385472
v -4.119550 1.517346 -2.396472
v -4.136950 1.509946 -2.405972
v -4.140850 1.505646 -2.394772
v -4.107550 1.519847 -2.375372
v -4.102650 1.524546 -2.386072
v -4.113250 1.517447 -2.407472
v -4.131150 1.509846 -2.417172
v -4.095850 1.524946 -2.396672
v -4.158150 1.498346 -2.403072
v -4.159050 1.490247 -2.393572
v -4.142150 1.497447 -2.385372
v -4.125750 1.504447 -2.376372
v -4.109650 1.511346 -2.366572
v -4.088150 1.520447 -2.405572
v -4.106050 1.512846 -2.416472
v -4.124250 1.505046 -2.426472
v -4.143050 1.497146 -2.435572
v -4.149450 1.502046 -2.425972
v -4.154750 1.502347 -2.414572
v -4.193750 1.483146 -2.416872
v -4.191350 1.486747 -2.428772
v -4.210050 1.478746 -2.434372
v -4.211950 1.475446 -2.422372
v -4.175750 1.490846 -2.410472
v -4.172850 1.494647 -2.422172
v -4.187050 1.485946 -2.440672
v -4.206350 1.477746 -2.446472
v -4.168050 1.494046 -2.433872
v -4.230350 1.467546 -2.426872
v -4.229450 1.460246 -2.416772
v -4.211450 1.467947 -2.412372
v -4.193650 1.475446 -2.406972
v -4.176250 1.482946 -2.400772
v -4.162150 1.488946 -2.443572
v -4.181550 1.480646 -2.450572
v -4.201250 1.472246 -2.456472
v -4.221250 1.463747 -2.461372
v -4.225850 1.469446 -2.451272
v -4.229050 1.470646 -2.439072
v -4.267650 1.451646 -2.432872
v -4.267450 1.454247 -2.445272
v -4.286850 1.446046 -2.446772
v -4.286550 1.443547 -2.434372
v -4.248950 1.459646 -2.430372
v -4.248150 1.462546 -2.442672
v -4.265450 1.452546 -2.457572
v -4.285450 1.444046 -2.459172
v -4.245550 1.461046 -2.454972
v -4.284250 1.436846 -2.424072
v -4.265850 1.444746 -2.422572
v -4.247550 1.452546 -2.420172
v -4.241450 1.455147 -2.465172
v -4.261750 1.446446 -2.467872
v -4.282150 1.437747 -2.469472
v -3.882650 1.565847 -2.150072
v -3.886150 1.579347 -2.150672
v -3.880550 1.581647 -2.128872
v -3.877050 1.568246 -2.128372
v -3.889150 1.563047 -2.171571
v -3.892650 1.576547 -2.172272
v -3.893350 1.591147 -2.150072
v -3.887850 1.593547 -2.128372
v -3.899850 1.588347 -2.171571
v -3.872550 1.570146 -2.106272
v -3.896550 1.559947 -2.192572
v -3.900150 1.573346 -2.193372
v -3.907350 1.585147 -2.192572
v -3.883250 1.595446 -2.106272
v -3.875950 1.583647 -2.106772
v -4.251150 1.408746 -2.416272
v -4.256750 1.421247 -2.414172
v -4.274750 1.413646 -2.415572
v -4.269250 1.401047 -2.417672
v -4.233150 1.416347 -2.413872
v -4.238850 1.428946 -2.411772
v -4.261950 1.434047 -2.416272
v -4.280050 1.426246 -2.417672
v -4.243950 1.441646 -2.413872
v -4.287350 1.393246 -2.418172
v -4.215350 1.424047 -2.410472
v -4.221050 1.436446 -2.408372
v -4.226050 1.449246 -2.410472
v -4.298150 1.418546 -2.418172
v -4.292750 1.405946 -2.416072
v -4.613150 1.254346 -2.205872
v -4.616850 1.267747 -2.204872
v -4.624950 1.264346 -2.187371
v -4.621350 1.250947 -2.188272
v -4.604250 1.258147 -2.223072
v -4.607950 1.271546 -2.221972
v -4.623950 1.279647 -2.205872
v -4.632050 1.276147 -2.188272
v -4.615050 1.283447 -2.223072
v -4.628650 1.247747 -2.170272
v -4.594550 1.262347 -2.239672
v -4.598250 1.275647 -2.238572
v -4.605350 1.287647 -2.239672
v -4.639450 1.273047 -2.170272
v -4.632250 1.261147 -2.169472
v -3.914350 1.552347 -2.233371
v -3.917950 1.565747 -2.234372
v -3.908650 1.569747 -2.214172
v -3.905050 1.556347 -2.213172
v -3.924550 1.547947 -2.252972
v -3.928250 1.561347 -2.254072
v -3.925150 1.577647 -2.233371
v -3.915750 1.581647 -2.213172
v -3.935350 1.573247 -2.252972
v -3.935650 1.543247 -2.272072
v -3.939450 1.556547 -2.273272
v -3.946450 1.568547 -2.272072
v -4.328850 1.375646 -2.474272
v -4.334450 1.388146 -2.476372
v -4.313650 1.397046 -2.478072
v -4.308150 1.384446 -2.475872
v -4.349450 1.366846 -2.471472
v -4.355150 1.379346 -2.473572
v -4.339650 1.400846 -2.474272
v -4.318950 1.409746 -2.475872
v -4.360250 1.392146 -2.471472
v -4.287350 1.393246 -2.476472
v -4.369950 1.358047 -2.467572
v -4.375650 1.370546 -2.469672
v -4.380650 1.383347 -2.467572
v -4.298150 1.418546 -2.476472
v -4.292750 1.405946 -2.478572
v -4.640850 1.242546 -2.133172
v -4.644350 1.256047 -2.132572
v -4.649250 1.253947 -2.113672
v -4.645750 1.240547 -2.114172
v -4.635150 1.244947 -2.151872
v -4.638750 1.258447 -2.151172
v -4.651650 1.267846 -2.133172
v -4.656450 1.265746 -2.114172
v -4.645950 1.270247 -2.151872
v -4.649650 1.238847 -2.094972
v -4.660450 1.264047 -2.094972
v -4.653150 1.252246 -2.094572
v -3.960450 1.532647 -2.308372
v -3.964250 1.545946 -2.309672
v -3.951450 1.551447 -2.291772
v -3.947650 1.538147 -2.290572
v -3.973950 1.526947 -2.325372
v -3.977950 1.540146 -2.326872
v -3.971150 1.557947 -2.308372
v -3.958450 1.563447 -2.290572
v -3.984750 1.552246 -2.325372
v -3.988250 1.520846 -2.341772
v -3.992250 1.534047 -2.343271
v -3.999050 1.546047 -2.341772
v -4.410150 1.340946 -2.456672
v -4.416150 1.353346 -2.458672
v -4.396050 1.361946 -2.464772
v -4.390150 1.349447 -2.462672
v -4.429850 1.332546 -2.449572
v -4.435950 1.344846 -2.451571
v -4.420950 1.366246 -2.456672
v -4.400950 1.374746 -2.462672
v -4.440650 1.357846 -2.449572
v -4.449250 1.324246 -2.441472
v -4.455350 1.336546 -2.443372
v -4.460050 1.349546 -2.441472
v -4.655050 1.236547 -2.055972
v -4.658450 1.250047 -2.055772
v -4.659750 1.249447 -2.036171
v -4.656350 1.235947 -2.036272
v -4.652750 1.237447 -2.075572
v -4.656250 1.250947 -2.075172
v -4.665750 1.261847 -2.055972
v -4.667150 1.261247 -2.036272
v -4.663550 1.262746 -2.075572
v -4.656750 1.235747 -2.016572
v -4.667550 1.261047 -2.016572
v -4.660250 1.249246 -2.016572
v -4.019050 1.507747 -2.372072
v -4.023150 1.520846 -2.373672
v -4.007350 1.527647 -2.358872
v -4.003350 1.514447 -2.357372
v -4.035450 1.500746 -2.385972
v -4.039650 1.513846 -2.387672
v -4.029850 1.532946 -2.372072
v -4.014050 1.539647 -2.357372
v -4.046150 1.526047 -2.385972
v -4.052350 1.493446 -2.398972
v -4.056650 1.506546 -2.400772
v -4.063150 1.518746 -2.398972
v -4.486750 1.308246 -2.422172
v -4.493050 1.320546 -2.424072
v -4.474450 1.328446 -2.434272
v -4.468250 1.316146 -2.432272
v -4.504850 1.300546 -2.411072
v -4.511250 1.312747 -2.412872
v -4.497550 1.333546 -2.422172
v -4.479050 1.341446 -2.432272
v -4.515650 1.325846 -2.411072
v -4.522350 1.293046 -2.398972
v -4.528850 1.305246 -2.400772
v -4.533150 1.318347 -2.398972
v -4.655050 1.236547 -1.977272
v -4.658450 1.250047 -1.977472
v -4.656250 1.250947 -1.957972
v -4.652750 1.237447 -1.957672
v -4.656350 1.235947 -1.996872
v -4.659750 1.249447 -1.996972
v -4.665750 1.261847 -1.977272
v -4.663550 1.262746 -1.957672
v -4.667150 1.261247 -1.996872
v -4.649650 1.238847 -1.938272
v -4.660450 1.264047 -1.938272
v -4.653150 1.252246 -1.938672
v -4.087950 1.478346 -2.422172
v -4.092450 1.491346 -2.424072
v -4.074350 1.499046 -2.412872
v -4.069950 1.486047 -2.411072
v -4.106550 1.470346 -2.432272
v -4.111050 1.483346 -2.434272
v -4.098750 1.503546 -2.422172
v -4.080750 1.511246 -2.411072
v -4.117350 1.495646 -2.432272
v -4.125550 1.462347 -2.441472
v -4.130150 1.475246 -2.443372
v -4.136250 1.487546 -2.441472
v -4.555750 1.278847 -2.372072
v -4.562350 1.290946 -2.373672
v -4.545950 1.297946 -2.387672
v -4.539350 1.285846 -2.385972
v -4.571450 1.272146 -2.357372
v -4.578150 1.284246 -2.358872
v -4.566550 1.304147 -2.372072
v -4.550150 1.311146 -2.385972
v -4.582250 1.297446 -2.357372
v -4.586450 1.265746 -2.341772
v -4.593250 1.277846 -2.343271
v -4.597250 1.291046 -2.341772
v -4.640850 1.242546 -1.900072
v -4.644350 1.256047 -1.900672
v -4.638750 1.258447 -1.882071
v -4.635150 1.244947 -1.881371
v -4.645750 1.240547 -1.919072
v -4.649250 1.253947 -1.919572
v -4.651650 1.267846 -1.900072
v -4.645950 1.270247 -1.881371
v -4.656450 1.265746 -1.919072
v -4.628650 1.247747 -1.862972
v -4.639450 1.273047 -1.862972
v -4.632250 1.261147 -1.863772
v -4.164550 1.445647 -2.456672
v -4.169450 1.458546 -2.458672
v -4.149650 1.466946 -2.451572
v -4.144850 1.454046 -2.449572
v -4.184650 1.437146 -2.462672
v -4.189550 1.449946 -2.464772
v -4.175350 1.470947 -2.456672
v -4.155650 1.479347 -2.449572
v -4.195350 1.462347 -2.462672
v -4.204850 1.428447 -2.467572
v -4.209850 1.441247 -2.469672
v -4.215650 1.453747 -2.467572
v -4.614350 1.253847 -2.308372
v -4.621250 1.265847 -2.309672
v -4.607650 1.271647 -2.326872
v -4.600850 1.259647 -2.325372
v -4.627150 1.248447 -2.290572
v -4.634050 1.260347 -2.291772
v -4.625150 1.279147 -2.308372
v -4.611550 1.284947 -2.325372
v -4.637950 1.273747 -2.290572
v -4.639050 1.243347 -2.272072
v -4.646150 1.255247 -2.273272
v -4.649850 1.268647 -2.272072
v -4.613150 1.254346 -1.827272
v -4.616850 1.267747 -1.828272
v -4.607950 1.271546 -1.811272
v -4.604250 1.258147 -1.810172
v -4.621350 1.250947 -1.844872
v -4.624950 1.264346 -1.845872
v -4.623950 1.279647 -1.827272
v -4.615050 1.283447 -1.810172
v -4.632050 1.276147 -1.844872
v -4.594550 1.262347 -1.793472
v -4.605350 1.287647 -1.793472
v -4.598250 1.275647 -1.794672
v -4.245950 1.410946 -2.474272
v -4.251150 1.423646 -2.476372
v -4.230450 1.432546 -2.473572
v -4.225350 1.419746 -2.471472
v -4.266650 1.402146 -2.475872
v -4.271950 1.414846 -2.478072
v -4.256750 1.436246 -2.474272
v -4.236050 1.445046 -2.471472
v -4.277450 1.427446 -2.475872
v -4.660450 1.234247 -2.233371
v -4.667550 1.246147 -2.234372
v -4.657250 1.250547 -2.254072
v -4.650150 1.238546 -2.252972
v -4.669750 1.230247 -2.213172
v -4.676950 1.242147 -2.214172
v -4.671250 1.259547 -2.233371
v -4.660950 1.263847 -2.252972
v -4.680550 1.255546 -2.213172
v -4.678150 1.226647 -2.192572
v -4.685350 1.238546 -2.193372
v -4.688950 1.251947 -2.192572
v -4.572950 1.271546 -1.761872
v -4.576850 1.284847 -1.763172
v -4.565050 1.289847 -1.748372
v -4.561050 1.276547 -1.746972
v -4.584050 1.266747 -1.777372
v -4.587950 1.280047 -1.778672
v -4.583750 1.296847 -1.761872
v -4.571850 1.301847 -1.746972
v -4.594850 1.292047 -1.777372
v -4.548550 1.281947 -1.732671
v -4.559350 1.307147 -1.732671
v -4.552550 1.295147 -1.734172
v -4.692150 1.220647 -2.150072
v -4.699450 1.232546 -2.150672
v -4.692850 1.235347 -2.172272
v -4.685650 1.223446 -2.171571
v -4.697750 1.218346 -2.128372
v -4.704950 1.230147 -2.128872
v -4.702950 1.245947 -2.150072
v -4.696450 1.248747 -2.171571
v -4.708450 1.243647 -2.128372
v -4.702250 1.216347 -2.106272
v -4.709550 1.228247 -2.106772
v -4.713050 1.241647 -2.106272
v -4.521750 1.293347 -1.706172
v -4.525850 1.306547 -1.707872
v -4.511650 1.312647 -1.695772
v -4.507450 1.299446 -1.694072
v -4.535450 1.287547 -1.719072
v -4.539550 1.300747 -1.720672
v -4.532550 1.318647 -1.706172
v -4.518250 1.324746 -1.694072
v -4.546250 1.312747 -1.719072
v -4.492650 1.305747 -1.682672
v -4.503350 1.331046 -1.682672
v -4.496950 1.318847 -1.684472
v -4.708350 1.213847 -2.061671
v -4.715650 1.225647 -2.061872
v -4.713150 1.226647 -2.084372
v -4.705750 1.214846 -2.084072
v -4.709850 1.213147 -2.039172
v -4.717250 1.224947 -2.039272
v -4.719150 1.239046 -2.061671
v -4.716550 1.240147 -2.084072
v -4.720650 1.238447 -2.039172
v -4.710350 1.212947 -2.016572
v -4.717750 1.224747 -2.016572
v -4.721150 1.238247 -2.016572
v -4.461550 1.319047 -1.662472
v -4.465950 1.332047 -1.664372
v -4.449850 1.338946 -1.655472
v -4.445350 1.325946 -1.653572
v -4.477250 1.312347 -1.672172
v -4.481650 1.325347 -1.673972
v -4.472250 1.344347 -1.662472
v -4.456150 1.351246 -1.653572
v -4.488050 1.337546 -1.672172
v -4.428750 1.333047 -1.645572
v -4.439550 1.358246 -1.645572
v -4.433350 1.345947 -1.647572
v -4.708350 1.213847 -1.971572
v -4.715650 1.225647 -1.971372
v -4.717250 1.224947 -1.993972
v -4.709850 1.213147 -1.994072
v -4.705750 1.214846 -1.949172
v -4.713150 1.226647 -1.948872
v -4.719150 1.239046 -1.971572
v -4.720650 1.238447 -1.994072
v -4.716550 1.240147 -1.949172
v -4.702250 1.216347 -1.926872
v -4.709550 1.228247 -1.926472
v -4.713050 1.241647 -1.926872
v -4.394650 1.347546 -1.632372
v -4.399450 1.360447 -1.634372
v -4.382050 1.367847 -1.629172
v -4.377150 1.355047 -1.627071
v -4.411850 1.340247 -1.638472
v -4.416550 1.353147 -1.640472
v -4.405350 1.372846 -1.632372
v -4.387950 1.380247 -1.627071
v -4.422650 1.365547 -1.638472
v -4.359450 1.362547 -1.622772
v -4.370250 1.387847 -1.622772
v -4.364450 1.375347 -1.624872
v -4.692150 1.220647 -1.883172
v -4.699450 1.232546 -1.882472
v -4.704950 1.230147 -1.904372
v -4.697750 1.218346 -1.904872
v -4.685650 1.223446 -1.861672
v -4.692850 1.235347 -1.860972
v -4.702950 1.245947 -1.883172
v -4.708450 1.243647 -1.904872
v -4.696450 1.248747 -1.861672
v -4.678150 1.226647 -1.840672
v -4.685350 1.238546 -1.839872
v -4.688950 1.251947 -1.840672
v -4.323550 1.377847 -1.616972
v -4.328750 1.390546 -1.619072
v -4.310850 1.398247 -1.617672
v -4.305550 1.385547 -1.615472
v -4.341550 1.370147 -1.619372
v -4.346650 1.382947 -1.621472
v -4.334350 1.403147 -1.616972
v -4.316250 1.410847 -1.615472
v -4.352350 1.395447 -1.619372
v -4.287350 1.393247 -1.615072
v -4.298150 1.418547 -1.615072
v -4.292750 1.405947 -1.617172
v -4.660450 1.234247 -1.799872
v -4.667550 1.246147 -1.798872
v -4.676950 1.242147 -1.819072
v -4.669750 1.230247 -1.819972
v -4.650150 1.238546 -1.780172
v -4.657250 1.250547 -1.779072
v -4.671250 1.259547 -1.799872
v -4.680550 1.255546 -1.819972
v -4.660950 1.263847 -1.780172
v -4.639050 1.243347 -1.761172
v -4.646150 1.255247 -1.759972
v -4.649850 1.268647 -1.761172
v -4.251150 1.408747 -1.616972
v -4.256750 1.421247 -1.619072
v -4.238850 1.428947 -1.621472
v -4.233150 1.416347 -1.619372
v -4.269250 1.401047 -1.615472
v -4.274750 1.413647 -1.617672
v -4.261950 1.434047 -1.616972
v -4.243950 1.441646 -1.619372
v -4.280050 1.426247 -1.615472
v -4.215350 1.424047 -1.622772
v -4.226050 1.449247 -1.622772
v -4.221050 1.436447 -1.624872
v -4.614350 1.253847 -1.724872
v -4.621250 1.265847 -1.723572
v -4.634050 1.260347 -1.741372
v -4.627150 1.248447 -1.742672
v -4.600850 1.259647 -1.707772
v -4.607650 1.271647 -1.706372
v -4.625150 1.279147 -1.724872
v -4.637950 1.273747 -1.742672
v -4.611550 1.284947 -1.707772
v -4.586450 1.265746 -1.691472
v -4.593250 1.277846 -1.689972
v -4.597250 1.291047 -1.691472
v -4.180150 1.439047 -1.632372
v -4.186150 1.451447 -1.634372
v -4.168950 1.458747 -1.640472
v -4.162950 1.446347 -1.638472
v -4.197650 1.431547 -1.627071
v -4.203450 1.443946 -1.629172
v -4.190950 1.464247 -1.632372
v -4.173750 1.471647 -1.638472
v -4.208450 1.456847 -1.627071
v -4.146050 1.453547 -1.645572
v -4.156750 1.478847 -1.645572
v -4.152150 1.465847 -1.647572
v -4.555750 1.278847 -1.661172
v -4.562350 1.290947 -1.659472
v -4.578150 1.284247 -1.674272
v -4.571450 1.272147 -1.675872
v -4.539350 1.285847 -1.647272
v -4.545950 1.297947 -1.645572
v -4.566550 1.304147 -1.661172
v -4.582250 1.297447 -1.675872
v -4.550150 1.311147 -1.647272
v -4.522350 1.293047 -1.634272
v -4.528850 1.305246 -1.632472
v -4.533150 1.318347 -1.634272
v -4.113250 1.467547 -1.662472
v -4.119550 1.479746 -1.664372
v -4.103850 1.486446 -1.673972
v -4.097450 1.474247 -1.672172
v -4.129450 1.460647 -1.653572
v -4.135650 1.472947 -1.655472
v -4.124050 1.492847 -1.662472
v -4.108250 1.499547 -1.672172
v -4.140250 1.485947 -1.653572
v -4.082150 1.480747 -1.682672
v -4.092950 1.506047 -1.682672
v -4.088650 1.492947 -1.684472
v -4.486750 1.308246 -1.611072
v -4.493050 1.320547 -1.609172
v -4.511250 1.312747 -1.620372
v -4.504850 1.300547 -1.622172
v -4.468250 1.316146 -1.600972
v -4.474450 1.328447 -1.598972
v -4.497550 1.333547 -1.611072
v -4.515650 1.325847 -1.622172
v -4.479050 1.341447 -1.600972
v -4.449250 1.324247 -1.591772
v -4.455350 1.336547 -1.589772
v -4.460050 1.349547 -1.591772
v -4.053050 1.493247 -1.706172
v -4.059650 1.505347 -1.707872
v -4.046050 1.511147 -1.720672
v -4.039350 1.499046 -1.719072
v -4.067350 1.487146 -1.694072
v -4.073850 1.499246 -1.695772
v -4.063850 1.518447 -1.706172
v -4.050050 1.524346 -1.719072
v -4.078150 1.512347 -1.694072
v -4.026150 1.504647 -1.732671
v -4.036950 1.529946 -1.732671
v -4.032950 1.516747 -1.734172
v -4.410150 1.340947 -1.576572
v -4.416150 1.353346 -1.574572
v -4.435950 1.344847 -1.581672
v -4.429850 1.332547 -1.583672
v -4.390150 1.349447 -1.570572
v -4.396050 1.361946 -1.568472
v -4.420950 1.366247 -1.576572
v -4.440650 1.357847 -1.583672
v -4.400950 1.374746 -1.570572
v -4.369950 1.358047 -1.565572
v -4.375650 1.370546 -1.563472
v -4.380650 1.383347 -1.565572
v -4.001850 1.515046 -1.761872
v -4.008750 1.527047 -1.763172
v -3.997650 1.531747 -1.778672
v -3.990650 1.519747 -1.777372
v -4.013650 1.509946 -1.746972
v -4.020550 1.522046 -1.748372
v -4.012650 1.540347 -1.761872
v -4.001450 1.545046 -1.777372
v -4.024450 1.535246 -1.746972
v -3.980250 1.524247 -1.793472
v -3.991050 1.549547 -1.793472
v -3.987250 1.536147 -1.794672
v -4.328850 1.375646 -1.558972
v -4.334450 1.388147 -1.556872
v -4.355150 1.379346 -1.559672
v -4.349450 1.366846 -1.561772
v -4.308150 1.384447 -1.557371
v -4.313650 1.397046 -1.555172
v -4.339650 1.400847 -1.558972
v -4.360250 1.392146 -1.561772
v -4.318950 1.409747 -1.557371
v -4.287350 1.393247 -1.556772
v -4.292750 1.405947 -1.554672
v -4.298150 1.418547 -1.556772
v -3.961650 1.532147 -1.827272
v -3.968750 1.544047 -1.828272
v -3.960650 1.547547 -1.845872
v -3.953450 1.535647 -1.844872
v -3.970550 1.528347 -1.810172
v -3.977650 1.540347 -1.811272
v -3.972350 1.557447 -1.827272
v -3.964250 1.560947 -1.844872
v -3.981350 1.553646 -1.810172
v -3.946150 1.538847 -1.862972
v -3.956850 1.564047 -1.862972
v -3.953350 1.550647 -1.863772
v -4.245950 1.410946 -1.558972
v -4.251150 1.423647 -1.556872
v -4.271950 1.414847 -1.555172
v -4.266650 1.402146 -1.557371
v -4.225350 1.419747 -1.561772
v -4.230450 1.432546 -1.559672
v -4.256750 1.436247 -1.558972
v -4.277450 1.427446 -1.557371
v -4.236050 1.445047 -1.561772
v -4.204850 1.428447 -1.565572
v -4.209850 1.441247 -1.563472
v -4.215650 1.453747 -1.565572
v -3.933850 1.544047 -1.900072
v -3.941150 1.555847 -1.900672
v -3.936350 1.557847 -1.919572
v -3.929050 1.546047 -1.919072
v -3.939550 1.541546 -1.881372
v -3.946850 1.553447 -1.882072
v -3.944650 1.569247 -1.900072
v -3.939850 1.571347 -1.919072
v -3.950350 1.566846 -1.881372
v -3.925050 1.547747 -1.938272
v -3.935850 1.573047 -1.938272
v -3.932350 1.559547 -1.938672
v -4.164550 1.445647 -1.576572
v -4.169450 1.458547 -1.574572
v -4.189550 1.449947 -1.568472
v -4.184650 1.437147 -1.570572
v -4.144850 1.454047 -1.583672
v -4.149650 1.466946 -1.581672
v -4.175350 1.470947 -1.576572
v -4.195350 1.462347 -1.570572
v -4.155650 1.479347 -1.583672
v -4.125550 1.462347 -1.591772
v -4.130150 1.475247 -1.589772
v -4.136250 1.487547 -1.591772
v -3.919750 1.550047 -1.977272
v -3.927150 1.561847 -1.977472
v -3.925750 1.562446 -1.996972
v -3.918450 1.550547 -1.996872
v -3.921950 1.549047 -1.957672
v -3.929350 1.560846 -1.957972
v -3.930550 1.575347 -1.977272
v -3.929250 1.575847 -1.996872
v -3.932750 1.574347 -1.957672
v -3.917950 1.550747 -2.016572
v -3.928750 1.576047 -2.016572
v -3.925350 1.562547 -2.016572
v -4.087950 1.478346 -1.611072
v -4.092450 1.491346 -1.609172
v -4.111050 1.483347 -1.598972
v -4.106550 1.470347 -1.600972
v -4.069950 1.486047 -1.622172
v -4.074350 1.499046 -1.620372
v -4.098750 1.503547 -1.611072
v -4.117350 1.495647 -1.600972
v -4.080750 1.511247 -1.622172
v -4.052350 1.493446 -1.634272
v -4.056650 1.506547 -1.632472
v -4.063150 1.518746 -1.634272
v -3.919750 1.550047 -2.055972
v -3.927150 1.561847 -2.055772
v -3.929350 1.560846 -2.075172
v -3.921950 1.549047 -2.075572
v -3.918450 1.550547 -2.036272
v -3.925750 1.562446 -2.036172
v -3.930550 1.575347 -2.055972
v -3.932750 1.574347 -2.075572
v -3.929250 1.575847 -2.036272
v -3.925050 1.547747 -2.094972
v -3.935850 1.573047 -2.094972
v -3.932350 1.559547 -2.094572
v -4.019050 1.507747 -1.661172
v -4.023150 1.520846 -1.659472
v -4.039650 1.513847 -1.645572
v -4.035450 1.500747 -1.647272
v -4.003350 1.514447 -1.675872
v -4.007350 1.527647 -1.674272
v -4.029850 1.532946 -1.661172
v -4.046150 1.526047 -1.647272
v -4.014050 1.539647 -1.675872
v -3.988250 1.520846 -1.691472
v -3.992250 1.534047 -1.689972
v -3.999050 1.546047 -1.691472
v -3.933850 1.544047 -2.133172
v -3.941150 1.555847 -2.132572
v -3.946850 1.553447 -2.151172
v -3.939550 1.541546 -2.151872
v -3.929050 1.546047 -2.114172
v -3.936350 1.557847 -2.113672
v -3.944650 1.569247 -2.133172
v -3.950350 1.566846 -2.151872
v -3.939850 1.571347 -2.114172
v -3.946150 1.538847 -2.170272
v -3.956850 1.564047 -2.170272
v -3.953350 1.550647 -2.169472
v -3.960450 1.532647 -1.724872
v -3.964250 1.545946 -1.723572
v -3.977950 1.540146 -1.706372
v -3.973950 1.526947 -1.707772
v -3.947650 1.538147 -1.742672
v -3.951450 1.551447 -1.741372
v -3.971150 1.557947 -1.724872
v -3.984750 1.552246 -1.707772
v -3.958450 1.563447 -1.742672
v -3.935650 1.543247 -1.761172
v -3.939450 1.556547 -1.759972
v -3.946450 1.568547 -1.761172
v -3.961650 1.532147 -2.205872
v -3.968750 1.544047 -2.204872
v -3.977650 1.540347 -2.221972
v -3.970550 1.528347 -2.223072
v -3.953450 1.535647 -2.188272
v -3.960650 1.547547 -2.187371
v -3.972350 1.557447 -2.205872
v -3.981350 1.553646 -2.223072
v -3.964250 1.560947 -2.188272
v -3.980250 1.524247 -2.239672
v -3.991050 1.549547 -2.239672
v -3.987250 1.536147 -2.238572
v -4.323550 1.377846 -2.416272
v -4.328750 1.390546 -2.414172
v -4.346650 1.382946 -2.411772
v -4.341550 1.370147 -2.413872
v -4.305550 1.385546 -2.417672
v -4.310850 1.398247 -2.415572
v -4.334350 1.403147 -2.416272
v -4.352350 1.395447 -2.413872
v -4.316250 1.410846 -2.417672
v -4.359450 1.362546 -2.410472
v -4.370250 1.387846 -2.410472
v -4.364450 1.375346 -2.408372
v -3.914350 1.552347 -1.799872
v -3.917950 1.565747 -1.798872
v -3.928250 1.561347 -1.779072
v -3.924550 1.547947 -1.780172
v -3.905050 1.556347 -1.819972
v -3.908650 1.569747 -1.819072
v -3.925150 1.577647 -1.799872
v -3.935350 1.573247 -1.780172
v -3.915750 1.581647 -1.819972
v -3.896550 1.559947 -1.840672
v -3.900150 1.573346 -1.839872
v -3.907350 1.585147 -1.840672
v -4.001850 1.515046 -2.271372
v -4.008750 1.527047 -2.269972
v -4.020550 1.522046 -2.284872
v -4.013650 1.509946 -2.286272
v -3.990650 1.519747 -2.255872
v -3.997650 1.531747 -2.254572
v -4.012650 1.540347 -2.271372
v -4.024450 1.535246 -2.286272
v -4.001450 1.545046 -2.255872
v -4.026150 1.504647 -2.300572
v -4.036950 1.529946 -2.300572
v -4.032950 1.516747 -2.299072
v -4.394650 1.347546 -2.400872
v -4.399450 1.360446 -2.398872
v -4.416550 1.353147 -2.392672
v -4.411850 1.340246 -2.394672
v -4.377150 1.355047 -2.406172
v -4.382050 1.367846 -2.404072
v -4.405350 1.372846 -2.400872
v -4.422650 1.365546 -2.394672
v -4.387950 1.380246 -2.406172
v -4.428750 1.333046 -2.387572
v -4.439550 1.358246 -2.387572
v -4.433350 1.345947 -2.385672
v -3.882650 1.565847 -1.883172
v -3.886150 1.579347 -1.882472
v -3.892650 1.576547 -1.860972
v -3.889150 1.563047 -1.861672
v -3.877050 1.568246 -1.904872
v -3.880550 1.581647 -1.904372
v -3.893350 1.591147 -1.883172
v -3.899850 1.588347 -1.861672
v -3.887850 1.593547 -1.904872
v -3.872550 1.570146 -1.926872
v -3.875950 1.583647 -1.926472
v -3.883250 1.595446 -1.926872
v -4.053050 1.493247 -2.327072
v -4.059650 1.505347 -2.325372
v -4.073850 1.499246 -2.337472
v -4.067350 1.487146 -2.339172
v -4.039350 1.499046 -2.314172
v -4.046050 1.511147 -2.312572
v -4.063850 1.518447 -2.327072
v -4.078150 1.512347 -2.339172
v -4.050050 1.524346 -2.314172
v -4.082150 1.480747 -2.350471
v -4.092950 1.506047 -2.350471
v -4.088650 1.492947 -2.348772
v -4.461550 1.319046 -2.370772
v -4.465950 1.332047 -2.368872
v -4.481650 1.325346 -2.359272
v -4.477250 1.312346 -2.361072
v -4.445350 1.325946 -2.379672
v -4.449850 1.338946 -2.377672
v -4.472250 1.344347 -2.370772
v -4.488050 1.337546 -2.361072
v -4.456150 1.351246 -2.379672
v -4.492650 1.305747 -2.350471
v -4.503350 1.331046 -2.350471
v -4.496950 1.318846 -2.348772
v -3.866450 1.572747 -1.971572
v -3.869850 1.586247 -1.971372
v -3.872450 1.585147 -1.948872
v -3.868950 1.571647 -1.949172
v -3.864850 1.573447 -1.994072
v -3.868350 1.586846 -1.993972
v -3.877250 1.598047 -1.971572
v -3.879750 1.596947 -1.949172
v -3.875650 1.598747 -1.994072
v -3.864350 1.573647 -2.016572
v -3.867850 1.587147 -2.016572
v -3.875150 1.598946 -2.016572
v -4.113250 1.467547 -2.370772
v -4.119550 1.479746 -2.368872
v -4.135650 1.472947 -2.377672
v -4.129450 1.460647 -2.379672
v -4.097450 1.474247 -2.361072
v -4.103850 1.486446 -2.359272
v -4.124050 1.492847 -2.370772
v -4.140250 1.485947 -2.379672
v -4.108250 1.499547 -2.361072
v -4.146050 1.453547 -2.387572
v -4.156750 1.478847 -2.387572
v -4.152150 1.465847 -2.385672
v -4.521750 1.293346 -2.327072
v -4.525850 1.306546 -2.325372
v -4.539550 1.300746 -2.312572
v -4.535450 1.287547 -2.314172
v -4.507450 1.299446 -2.339172
v -4.511650 1.312646 -2.337472
v -4.532550 1.318646 -2.327072
v -4.546250 1.312747 -2.314172
v -4.518250 1.324746 -2.339172
v -4.548550 1.281947 -2.300572
v -4.559350 1.307147 -2.300572
v -4.552550 1.295146 -2.299072
v -3.866450 1.572747 -2.061671
v -3.869850 1.586247 -2.061872
v -3.868350 1.586846 -2.039272
v -3.864850 1.573447 -2.039172
v -3.868950 1.571647 -2.084072
v -3.872450 1.585147 -2.084372
v -3.877250 1.598047 -2.061671
v -3.875650 1.598747 -2.039172
v -3.879750 1.596947 -2.084072
v -4.180150 1.439046 -2.400872
v -4.186150 1.451447 -2.398872
v -4.203450 1.443946 -2.404072
v -4.197650 1.431546 -2.406172
v -4.162950 1.446347 -2.394672
v -4.168950 1.458746 -2.392672
v -4.190950 1.464247 -2.400872
v -4.208450 1.456846 -2.406172
v -4.173750 1.471647 -2.394672
v -4.572950 1.271546 -2.271372
v -4.576850 1.284847 -2.269972
v -4.587950 1.280047 -2.254572
v -4.584050 1.266747 -2.255872
v -4.561050 1.276547 -2.286272
v -4.565050 1.289846 -2.284872
v -4.583750 1.296846 -2.271372
v -4.594850 1.292047 -2.255872
v -4.571850 1.301847 -2.286272
vn -0.3609 0.9148 0.1813
vn -0.3607 0.9147 0.1820
vn -0.3642 0.9121 0.1880
vn -0.3721 0.9095 0.1853
vn -0.3766 0.9079 0.1841
vn -0.3767 0.9078 0.1845
vn -0.4019 0.8961 -0.1882
vn -0.4018 0.8962 -0.1880
vn -0.4064 0.8946 -0.1859
vn -0.4143 0.8914 -0.1839
vn -0.3928 0.9000 -0.1889
vn -0.3928 0.9001 -0.1885
vn -0.2344 0.7964 0.5575
vn -0.2597 0.7856 0.5616
vn -0.2851 0.7748 0.5643
vn -0.3106 0.7639 0.5657
vn -0.3828 0.9052 0.1848
vn -0.3872 0.9035 0.1839
vn -0.3883 0.9030 -0.1839
vn -0.3883 0.9028 -0.1847
vn -0.3362 0.7530 -0.5657
vn -0.3361 0.7530 -0.5656
vn -0.3361 0.7530 -0.5657
vn -0.3617 0.7421 -0.5643
vn -0.3871 0.7313 -0.5616
vn -0.3870 0.7314 -0.5615
vn -0.4122 0.7206 -0.5575
vn -0.4121 0.7206 -0.5576
vn -0.4118 0.7206 -0.5577
vn -0.4120 0.7204 -0.5580
vn -0.4177 0.8894 -0.1854
vn -0.4167 0.8900 -0.1849
vn -0.3506 0.9191 0.1796
vn -0.3486 0.9195 0.1818
vn 0.4108 -0.8934 0.1820
vn 0.4002 -0.8979 0.1834
vn 0.4045 -0.8959 0.1836
vn 0.4111 -0.8933 0.1819
vn 0.3628 -0.9137 -0.1830
vn 0.3695 -0.9110 -0.1834
vn 0.3696 -0.9110 -0.1829
vn 0.3588 -0.9155 -0.1821
vn 0.3905 -0.9018 0.1852
vn 0.3963 -0.8997 0.1830
vn 0.3735 -0.9088 -0.1861
vn 0.3766 -0.9069 -0.1890
vn 0.4123 -0.7205 0.5575
vn 0.4167 -0.8907 0.1818
vn 0.4200 -0.8893 0.1809
vn 0.3536 -0.9177 -0.1811
vn 0.3500 -0.9191 -0.1810
vn 0.2344 -0.7964 -0.5575
vn 0.2342 -0.7964 -0.5575
vn 0.2597 -0.7856 -0.5616
vn 0.2851 -0.7748 -0.5643
vn 0.3106 -0.7639 -0.5657
vn 0.3823 -0.9055 -0.1843
vn 0.3838 -0.9051 -0.1828
vn 0.3851 -0.9045 0.1833
vn 0.3854 -0.9045 0.1828
vn 0.3362 -0.7530 0.5657
vn 0.3361 -0.7530 0.5657
vn 0.3617 -0.7421 0.5643
vn 0.3871 -0.7313 0.5616
vn 0.3870 -0.7313 0.5616
vn 0.3871 -0.7313 0.5615
vn 0.4427 -0.8785 0.1794
vn 0.4332 -0.8831 0.1802
vn 0.4367 -0.8816 0.1792
vn 0.4460 -0.8781 0.1733
vn 0.3250 -0.9291 -0.1764
vn 0.3352 -0.9248 -0.1799
vn 0.3353 -0.9247 -0.1804
vn 0.3251 -0.9292 -0.1756
vn 0.4270 -0.8863 0.1792
vn 0.4268 -0.8865 0.1787
vn 0.3473 -0.9203 -0.1802
vn 0.3466 -0.9205 -0.1804
vn 0.5107 -0.6786 0.5279
vn 0.4479 -0.8774 0.1719
vn 0.4531 -0.8753 0.1688
vn 0.3185 -0.9314 -0.1759
vn 0.3202 -0.9322 -0.1685
vn 0.1361 -0.8383 -0.5280
vn 0.1361 -0.8383 -0.5279
vn 0.1601 -0.8281 -0.5373
vn 0.1601 -0.8281 -0.5372
vn 0.1845 -0.8177 -0.5453
vn 0.2093 -0.8071 -0.5521
vn 0.4374 -0.7098 0.5521
vn 0.4375 -0.7098 0.5521
vn 0.4622 -0.6993 0.5453
vn 0.4622 -0.6992 0.5453
vn 0.4866 -0.6888 0.5373
vn 0.4735 -0.8654 0.1638
vn 0.4643 -0.8698 0.1667
vn 0.4690 -0.8677 0.1650
vn 0.4770 -0.8643 0.1596
vn 0.2981 -0.9415 -0.1571
vn 0.3041 -0.9380 -0.1663
vn 0.3034 -0.9382 -0.1665
vn 0.2977 -0.9416 -0.1576
vn 0.4596 -0.8717 0.1697
vn 0.4599 -0.8715 0.1702
vn 0.3117 -0.9348 -0.1701
vn 0.3118 -0.9349 -0.1697
vn 0.6018 -0.6397 0.4781
vn 0.4773 -0.8649 0.1555
vn 0.4832 -0.8623 0.1514
vn 0.2916 -0.9443 -0.1524
vn 0.2909 -0.9444 -0.1529
vn 0.0448 -0.8772 -0.4781
vn 0.0449 -0.8772 -0.4781
vn 0.0668 -0.8678 -0.4923
vn 0.0668 -0.8679 -0.4923
vn 0.0893 -0.8582 -0.5055
vn 0.0893 -0.8582 -0.5054
vn 0.1125 -0.8484 -0.5173
vn 0.1126 -0.8484 -0.5172
vn 0.1125 -0.8484 -0.5172
vn 0.1124 -0.8484 -0.5173
vn 0.5343 -0.6685 0.5173
vn 0.5574 -0.6587 0.5054
vn 0.5575 -0.6587 0.5053
vn 0.5799 -0.6491 0.4923
vn 0.5799 -0.6493 0.4921
vn 0.5799 -0.6492 0.4923
vn 0.4984 -0.8559 0.1382
vn 0.4910 -0.8591 0.1445
vn 0.4948 -0.8574 0.1414
vn 0.5010 -0.8547 0.1359
vn 0.2724 -0.9526 -0.1356
vn 0.2782 -0.9500 -0.1416
vn 0.2764 -0.9507 -0.1406
vn 0.2709 -0.9532 -0.1341
vn 0.4881 -0.8597 0.1508
vn 0.4887 -0.8592 0.1515
vn 0.2818 -0.9474 -0.1516
vn 0.2824 -0.9474 -0.1508
vn 0.6823 -0.6054 0.4098
vn 0.5057 -0.8527 0.1309
vn 0.5057 -0.8528 0.1307
vn 0.2665 -0.9547 -0.1324
vn 0.2644 -0.9557 -0.1296
vn -0.0355 -0.9115 -0.4098
vn -0.0355 -0.9115 -0.4097
vn -0.0166 -0.9034 -0.4285
vn 0.0032 -0.8950 -0.4460
vn 0.0032 -0.8950 -0.4461
vn 0.0031 -0.8950 -0.4461
vn 0.0237 -0.8862 -0.4626
vn 0.6231 -0.6307 0.4626
vn 0.6436 -0.6219 0.4461
vn 0.6633 -0.6135 0.4285
vn 0.5214 -0.8455 0.1151
vn 0.5164 -0.8476 0.1219
vn 0.5209 -0.8455 0.1174
vn 0.5247 -0.8445 0.1073
vn 0.2496 -0.9622 -0.1089
vn 0.2566 -0.9593 -0.1178
vn 0.2557 -0.9597 -0.1169
vn 0.2495 -0.9622 -0.1095
vn 0.5111 -0.8507 0.1230
vn 0.5106 -0.8509 0.1236
vn 0.2582 -0.9583 -0.1221
vn 0.2610 -0.9571 -0.1256
vn 0.7489 -0.5770 0.3258
vn 0.5264 -0.8440 0.1027
vn 0.5256 -0.8445 0.1022
vn 0.2395 -0.9656 -0.1018
vn 0.2399 -0.9653 -0.1036
vn -0.1023 -0.9399 -0.3258
vn -0.1022 -0.9399 -0.3258
vn -0.0868 -0.9334 -0.3481
vn -0.0869 -0.9334 -0.3481
vn -0.0708 -0.9265 -0.3696
vn -0.0536 -0.9192 -0.3901
vn 0.7004 -0.5977 0.3902
vn 0.7175 -0.5904 0.3696
vn 0.7337 -0.5835 0.3481
vn 0.5376 -0.8392 0.0817
vn 0.5361 -0.8391 0.0926
vn 0.5378 -0.8388 0.0843
vn 0.5400 -0.8382 0.0763
vn 0.2274 -0.9705 -0.0802
vn 0.2360 -0.9679 -0.0859
vn 0.2364 -0.9679 -0.0851
vn 0.2285 -0.9702 -0.0802
vn 0.5338 -0.8401 0.0964
vn 0.5347 -0.8395 0.0968
vn 0.2415 -0.9655 -0.0975
vn 0.2420 -0.9654 -0.0968
vn 0.7992 -0.5556 0.2293
vn 0.7992 -0.5557 0.2293
vn 0.5418 -0.8375 0.0704
vn 0.5418 -0.8375 0.0706
vn 0.2299 -0.9707 -0.0702
vn 0.2292 -0.9708 -0.0708
vn -0.1526 -0.9613 -0.2293
vn -0.1413 -0.9567 -0.2544
vn -0.1415 -0.9567 -0.2544
vn -0.1295 -0.9516 -0.2789
vn -0.1167 -0.9458 -0.3030
vn -0.1164 -0.9460 -0.3027
vn -0.1164 -0.9459 -0.3027
vn 0.7631 -0.5710 0.3027
vn 0.7763 -0.5654 0.2789
vn 0.7763 -0.5654 0.2788
vn 0.7883 -0.5602 0.2544
vn 0.5503 -0.8335 0.0496
vn 0.5476 -0.8349 0.0554
vn 0.5485 -0.8346 0.0516
vn 0.5532 -0.8321 0.0410
vn 0.2214 -0.9741 -0.0453
vn 0.2237 -0.9730 -0.0566
vn 0.2245 -0.9729 -0.0548
vn 0.2210 -0.9742 -0.0452
vn 0.5452 -0.8360 0.0622
vn 0.5452 -0.8360 0.0621
vn 0.2264 -0.9721 -0.0609
vn 0.2267 -0.9720 -0.0612
vn 0.8312 -0.5420 0.1240
vn 0.8312 -0.5419 0.1240
vn 0.5516 -0.8333 0.0349
vn 0.5517 -0.8334 0.0341
vn 0.2185 -0.9753 -0.0328
vn 0.2179 -0.9754 -0.0332
vn -0.1845 -0.9750 -0.1240
vn -0.1783 -0.9723 -0.1509
vn -0.1708 -0.9692 -0.1774
vn -0.1708 -0.9692 -0.1775
vn -0.1622 -0.9655 -0.2037
vn -0.1621 -0.9655 -0.2038
vn -0.1622 -0.9655 -0.2036
vn 0.8090 -0.5514 0.2036
vn 0.8176 -0.5477 0.1775
vn 0.8176 -0.5478 0.1775
vn 0.8250 -0.5446 0.1509
vn 0.8251 -0.5446 0.1508
vn 0.8250 -0.5447 0.1508
vn 0.8249 -0.5447 0.1509
vn 0.5579 -0.8298 0.0117
vn 0.5570 -0.8302 0.0211
vn 0.5577 -0.8299 0.0163
vn 0.5579 -0.8299 0.0064
vn 0.2111 -0.9774 -0.0112
vn 0.2133 -0.9768 -0.0208
vn 0.2127 -0.9769 -0.0203
vn 0.2110 -0.9774 -0.0113
vn 0.5550 -0.8315 0.0233
vn 0.5548 -0.8315 0.0273
vn 0.2137 -0.9765 -0.0281
vn 0.2141 -0.9764 -0.0279
vn 0.8437 -0.5366 0.0139
vn 0.5589 -0.8292 -0.0000
vn 0.2105 -0.9776 -0.0017
vn 0.2101 -0.9777 0.0009
vn -0.1970 -0.9803 -0.0139
vn -0.1957 -0.9798 -0.0416
vn -0.1932 -0.9787 -0.0692
vn -0.1895 -0.9771 -0.0967
vn -0.1895 -0.9771 -0.0968
vn -0.1894 -0.9771 -0.0967
vn 0.8362 -0.5398 0.0966
vn 0.8362 -0.5398 0.0967
vn 0.8363 -0.5398 0.0967
vn 0.8400 -0.5382 0.0691
vn 0.8400 -0.5382 0.0692
vn 0.8425 -0.5371 0.0416
vn 0.5562 -0.8307 -0.0232
vn 0.5574 -0.8301 -0.0158
vn 0.5573 -0.8301 -0.0209
vn 0.5537 -0.8322 -0.0313
vn 0.2136 -0.9765 0.0281
vn 0.2133 -0.9768 0.0208
vn 0.2128 -0.9769 0.0203
vn 0.2141 -0.9764 0.0279
vn 0.5586 -0.8294 -0.0091
vn 0.5586 -0.8294 -0.0090
vn 0.2110 -0.9774 0.0113
vn 0.2106 -0.9775 0.0108
vn 0.8362 -0.5398 -0.0967
vn 0.5517 -0.8333 -0.0350
vn 0.5515 -0.8334 -0.0343
vn 0.2186 -0.9753 0.0329
vn 0.2179 -0.9754 0.0332
vn -0.1895 -0.9771 0.0967
vn -0.1932 -0.9787 0.0692
vn -0.1957 -0.9798 0.0416
vn -0.1956 -0.9798 0.0417
vn -0.1970 -0.9803 0.0139
vn 0.8437 -0.5366 -0.0139
vn 0.8425 -0.5371 -0.0416
vn 0.8400 -0.5382 -0.0692
vn 0.8400 -0.5382 -0.0693
vn 0.5460 -0.8356 -0.0603
vn 0.5483 -0.8347 -0.0519
vn 0.5477 -0.8348 -0.0558
vn 0.5447 -0.8362 -0.0641
vn 0.2264 -0.9721 0.0609
vn 0.2237 -0.9730 0.0566
vn 0.2244 -0.9730 0.0549
vn 0.2267 -0.9720 0.0612
vn 0.5537 -0.8316 -0.0433
vn 0.5502 -0.8340 -0.0422
vn 0.2215 -0.9741 0.0453
vn 0.2210 -0.9742 0.0452
vn 0.8090 -0.5514 -0.2036
vn 0.8090 -0.5515 -0.2036
vn 0.5418 -0.8375 -0.0704
vn 0.5418 -0.8375 -0.0706
vn 0.2298 -0.9707 0.0699
vn 0.2292 -0.9708 0.0707
vn -0.1622 -0.9655 0.2037
vn -0.1622 -0.9655 0.2038
vn -0.1622 -0.9655 0.2036
vn -0.1709 -0.9692 0.1774
vn -0.1709 -0.9692 0.1775
vn -0.1783 -0.9723 0.1509
vn -0.1845 -0.9750 0.1240
vn 0.8312 -0.5419 -0.1240
vn 0.8251 -0.5445 -0.1508
vn 0.8252 -0.5444 -0.1506
vn 0.8250 -0.5446 -0.1509
vn 0.8176 -0.5477 -0.1775
vn 0.8176 -0.5478 -0.1775
vn 0.5345 -0.8399 -0.0940
vn 0.5378 -0.8389 -0.0838
vn 0.5367 -0.8387 -0.0924
vn 0.5331 -0.8403 -0.0985
vn 0.2410 -0.9655 0.0982
vn 0.2360 -0.9680 0.0855
vn 0.2359 -0.9681 0.0844
vn 0.2420 -0.9654 0.0970
vn 0.5380 -0.8392 -0.0790
vn 0.5379 -0.8393 -0.0787
vn 0.2275 -0.9705 0.0804
vn 0.2285 -0.9702 0.0802
vn 0.7631 -0.5709 -0.3027
vn 0.7632 -0.5709 -0.3027
vn 0.5264 -0.8440 -0.1027
vn 0.5256 -0.8446 -0.1023
vn 0.2394 -0.9654 0.1036
vn 0.2404 -0.9651 0.1040
vn -0.1164 -0.9460 0.3027
vn -0.1295 -0.9515 0.2789
vn -0.1415 -0.9567 0.2543
vn -0.1415 -0.9567 0.2544
vn -0.1416 -0.9567 0.2543
vn -0.1525 -0.9613 0.2293
vn 0.7992 -0.5556 -0.2293
vn 0.7883 -0.5602 -0.2544
vn 0.7763 -0.5653 -0.2789
vn 0.7763 -0.5654 -0.2789
vn 0.5124 -0.8500 -0.1219
vn 0.5204 -0.8460 -0.1162
vn 0.5169 -0.8473 -0.1224
vn 0.5100 -0.8509 -0.1259
vn 0.2603 -0.9576 0.1234
vn 0.2564 -0.9593 0.1186
vn 0.2559 -0.9596 0.1173
vn 0.2605 -0.9575 0.1238
vn 0.5243 -0.8438 -0.1146
vn 0.5238 -0.8451 -0.1069
vn 0.2496 -0.9622 0.1087
vn 0.2495 -0.9622 0.1095
vn 0.7004 -0.5977 -0.3901
vn 0.5057 -0.8527 -0.1309
vn 0.5057 -0.8528 -0.1307
vn 0.2658 -0.9551 0.1307
vn 0.2656 -0.9552 0.1308
vn -0.0535 -0.9192 0.3901
vn -0.0536 -0.9192 0.3901
vn -0.0708 -0.9265 0.3696
vn -0.0869 -0.9334 0.3481
vn -0.0868 -0.9334 0.3481
vn -0.1022 -0.9399 0.3258
vn 0.7490 -0.5770 -0.3258
vn 0.7489 -0.5770 -0.3258
vn 0.7489 -0.5770 -0.3259
vn 0.7337 -0.5835 -0.3481
vn 0.7175 -0.5904 -0.3696
vn 0.4897 -0.8591 -0.1489
vn 0.4941 -0.8578 -0.1417
vn 0.4910 -0.8591 -0.1446
vn 0.4872 -0.8600 -0.1517
vn 0.2818 -0.9474 0.1517
vn 0.2781 -0.9500 0.1416
vn 0.2764 -0.9507 0.1405
vn 0.2824 -0.9474 0.1508
vn 0.4995 -0.8554 -0.1369
vn 0.2723 -0.9526 0.1356
vn 0.2708 -0.9532 0.1341
vn 0.6231 -0.6307 -0.4626
vn 0.4789 -0.8645 -0.1525
vn 0.4819 -0.8631 -0.1510
vn 0.2920 -0.9442 0.1526
vn 0.2911 -0.9444 0.1530
vn 0.0237 -0.8863 0.4626
vn 0.0031 -0.8950 0.4461
vn -0.0165 -0.9034 0.4286
vn -0.0166 -0.9034 0.4286
vn -0.0166 -0.9034 0.4284
vn -0.0166 -0.9034 0.4285
vn -0.0355 -0.9115 0.4097
vn -0.0355 -0.9115 0.4098
vn 0.6823 -0.6054 -0.4098
vn 0.6634 -0.6135 -0.4285
vn 0.6633 -0.6135 -0.4284
vn 0.6436 -0.6219 -0.4461
vn 0.4611 -0.8713 -0.1683
vn 0.4687 -0.8677 -0.1653
vn 0.4645 -0.8697 -0.1668
vn 0.4577 -0.8725 -0.1710
vn 0.3117 -0.9349 0.1698
vn 0.3041 -0.9380 0.1663
vn 0.3035 -0.9382 0.1663
vn 0.3118 -0.9349 0.1695
vn 0.4705 -0.8674 -0.1620
vn 0.4710 -0.8669 -0.1630
vn 0.2978 -0.9417 0.1567
vn 0.2974 -0.9417 0.1572
vn 0.5343 -0.6685 -0.5173
vn 0.4500 -0.8768 -0.1698
vn 0.4504 -0.8768 -0.1686
vn 0.3182 -0.9318 0.1747
vn 0.3164 -0.9331 0.1710
vn 0.1124 -0.8484 0.5173
vn 0.0890 -0.8582 0.5055
vn 0.0893 -0.8582 0.5054
vn 0.0893 -0.8583 0.5054
vn 0.0894 -0.8583 0.5053
vn 0.0668 -0.8678 0.4923
vn 0.0668 -0.8679 0.4923
vn 0.0668 -0.8678 0.4924
vn 0.0449 -0.8772 0.4781
vn 0.6018 -0.6397 -0.4781
vn 0.6018 -0.6397 -0.4782
vn 0.5799 -0.6491 -0.4923
vn 0.5799 -0.6491 -0.4924
vn 0.5574 -0.6588 -0.5052
vn 0.5574 -0.6587 -0.5054
vn 0.4286 -0.8858 -0.1781
vn 0.4373 -0.8814 -0.1784
vn 0.4342 -0.8826 -0.1803
vn 0.4248 -0.8872 -0.1801
vn 0.3461 -0.9211 0.1783
vn 0.3352 -0.9248 0.1799
vn 0.3355 -0.9246 0.1805
vn 0.3458 -0.9211 0.1791
vn 0.4403 -0.8805 -0.1756
vn 0.4402 -0.8802 -0.1773
vn 0.3252 -0.9291 0.1764
vn 0.3251 -0.9292 0.1756
vn 0.4373 -0.7099 -0.5521
vn 0.4374 -0.7098 -0.5521
vn 0.4185 -0.8900 -0.1811
vn 0.4184 -0.8901 -0.1810
vn 0.3517 -0.9185 0.1806
vn 0.3518 -0.9185 0.1808
vn 0.2093 -0.8071 0.5521
vn 0.1845 -0.8176 0.5454
vn 0.1845 -0.8176 0.5455
vn 0.1601 -0.8281 0.5373
vn 0.1361 -0.8383 0.5279
vn 0.5107 -0.6786 -0.5279
vn 0.4866 -0.6888 -0.5373
vn 0.4866 -0.6888 -0.5374
vn 0.4622 -0.6993 -0.5453
vn 0.3965 -0.8996 -0.1832
vn 0.4043 -0.8961 -0.1833
vn 0.4000 -0.8979 -0.1835
vn 0.3902 -0.9019 -0.1851
vn 0.3745 -0.9080 0.1881
vn 0.3704 -0.9106 0.1834
vn 0.3706 -0.9106 0.1830
vn 0.3758 -0.9074 0.1881
vn 0.4106 -0.8935 -0.1818
vn 0.4107 -0.8934 -0.1820
vn 0.3611 -0.9146 0.1820
vn 0.3609 -0.9147 0.1820
vn 0.3362 -0.7530 -0.5657
vn 0.3362 -0.7529 -0.5657
vn 0.3877 -0.9034 -0.1831
vn 0.3872 -0.9038 -0.1824
vn 0.3834 -0.9052 0.1834
vn 0.3845 -0.9047 0.1836
vn 0.3106 -0.7639 0.5657
vn 0.2851 -0.7748 0.5643
vn 0.2597 -0.7856 0.5616
vn 0.2343 -0.7964 0.5575
vn 0.2344 -0.7964 0.5575
vn 0.4123 -0.7205 -0.5575
vn 0.3871 -0.7313 -0.5616
vn 0.3617 -0.7421 -0.5643
vn 0.3622 -0.9134 -0.1858
vn 0.3703 -0.9099 -0.1869
vn 0.3667 -0.9114 -0.1866
vn 0.3575 -0.9152 -0.1859
vn 0.4108 -0.8935 0.1815
vn 0.4018 -0.8964 0.1873
vn 0.4016 -0.8963 0.1881
vn 0.4113 -0.8932 0.1820
vn 0.3759 -0.9071 -0.1892
vn 0.3772 -0.9066 -0.1891
vn 0.3953 -0.8988 0.1893
vn 0.3912 -0.9007 0.1889
vn 0.3522 -0.9183 -0.1807
vn 0.3526 -0.9183 -0.1799
vn 0.4189 -0.8898 0.1808
vn 0.4189 -0.8898 0.1811
vn 0.4119 -0.7205 0.5579
vn 0.4121 -0.7205 0.5577
vn 0.4123 -0.7205 0.5576
vn 0.4125 -0.7205 0.5575
vn 0.3616 -0.7422 0.5642
vn 0.2596 -0.7857 -0.5615
vn 0.2597 -0.7857 -0.5614
vn 0.2596 -0.7856 -0.5616
vn 0.3310 -0.9269 -0.1772
vn 0.3384 -0.9243 -0.1763
vn 0.3331 -0.9263 -0.1759
vn 0.3234 -0.9297 -0.1764
vn 0.4425 -0.8802 0.1717
vn 0.4337 -0.8839 0.1750
vn 0.4334 -0.8840 0.1755
vn 0.4440 -0.8795 0.1713
vn 0.3429 -0.9226 -0.1770
vn 0.3444 -0.9219 -0.1775
vn 0.4265 -0.8868 0.1783
vn 0.4260 -0.8869 0.1784
vn 0.3163 -0.9331 -0.1713
vn 0.3160 -0.9332 -0.1710
vn 0.4500 -0.8768 0.1694
vn 0.4500 -0.8768 0.1697
vn 0.4866 -0.6889 0.5373
vn 0.4622 -0.6992 0.5454
vn 0.4621 -0.6994 0.5452
vn 0.1602 -0.8280 -0.5373
vn 0.3005 -0.9404 -0.1593
vn 0.3082 -0.9370 -0.1644
vn 0.3032 -0.9393 -0.1608
vn 0.2959 -0.9423 -0.1565
vn 0.4772 -0.8642 0.1596
vn 0.4678 -0.8690 0.1611
vn 0.4680 -0.8689 0.1611
vn 0.4758 -0.8644 0.1627
vn 0.3139 -0.9349 -0.1655
vn 0.3139 -0.9350 -0.1651
vn 0.4584 -0.8733 0.1650
vn 0.4580 -0.8735 0.1650
vn 0.0450 -0.8771 -0.4782
vn 0.0451 -0.8771 -0.4781
vn 0.0450 -0.8772 -0.4781
vn 0.2906 -0.9449 -0.1509
vn 0.2911 -0.9446 -0.1514
vn 0.4781 -0.8641 0.1574
vn 0.4788 -0.8637 0.1577
vn 0.5800 -0.6491 0.4923
vn 0.5801 -0.6491 0.4921
vn 0.0670 -0.8679 -0.4923
vn 0.0669 -0.8679 -0.4923
vn 0.2729 -0.9517 -0.1410
vn 0.2778 -0.9494 -0.1464
vn 0.2747 -0.9506 -0.1445
vn 0.2690 -0.9537 -0.1344
vn 0.4992 -0.8558 0.1357
vn 0.4956 -0.8563 0.1456
vn 0.4966 -0.8557 0.1452
vn 0.5002 -0.8553 0.1354
vn 0.2835 -0.9477 -0.1468
vn 0.2821 -0.9482 -0.1461
vn 0.4841 -0.8620 0.1506
vn 0.4848 -0.8619 0.1487
vn -0.0354 -0.9115 -0.4098
vn 0.2653 -0.9553 -0.1305
vn 0.2654 -0.9554 -0.1297
vn 0.5054 -0.8530 0.1305
vn 0.5058 -0.8527 0.1308
vn 0.6436 -0.6220 0.4461
vn 0.0237 -0.8863 -0.4625
vn 0.0237 -0.8863 -0.4626
vn 0.0236 -0.8863 -0.4626
vn 0.0236 -0.8863 -0.4625
vn 0.0030 -0.8950 -0.4461
vn 0.0029 -0.8950 -0.4461
vn 0.2481 -0.9619 -0.1147
vn 0.2555 -0.9591 -0.1218
vn 0.2506 -0.9613 -0.1146
vn 0.2444 -0.9635 -0.1096
vn 0.5210 -0.8465 0.1095
vn 0.5181 -0.8467 0.1207
vn 0.5185 -0.8465 0.1212
vn 0.5215 -0.8462 0.1096
vn 0.2565 -0.9584 -0.1256
vn 0.2554 -0.9588 -0.1248
vn 0.5137 -0.8484 0.1277
vn 0.5129 -0.8490 0.1268
vn 0.2404 -0.9654 -0.1013
vn 0.2402 -0.9655 -0.1010
vn 0.5266 -0.8441 0.1011
vn 0.5269 -0.8439 0.1010
vn -0.0536 -0.9192 -0.3902
vn -0.0870 -0.9334 -0.3481
vn -0.0871 -0.9334 -0.3481
vn 0.2333 -0.9691 -0.0797
vn 0.2343 -0.9679 -0.0905
vn 0.2320 -0.9688 -0.0873
vn 0.2302 -0.9701 -0.0765
vn 0.5418 -0.8371 0.0758
vn 0.5374 -0.8387 0.0886
vn 0.5378 -0.8383 0.0890
vn 0.5387 -0.8389 0.0778
vn 0.2408 -0.9660 -0.0945
vn 0.2419 -0.9654 -0.0971
vn 0.5354 -0.8390 0.0969
vn 0.5298 -0.8424 0.0983
vn -0.1524 -0.9613 -0.2293
vn 0.2258 -0.9715 -0.0724
vn 0.2256 -0.9714 -0.0735
vn 0.5464 -0.8347 0.0694
vn 0.5457 -0.8349 0.0717
vn 0.7992 -0.5558 0.2289
vn 0.7993 -0.5555 0.2293
vn 0.7883 -0.5603 0.2545
vn 0.7762 -0.5655 0.2789
vn 0.7762 -0.5654 0.2788
vn 0.7763 -0.5653 0.2789
vn -0.1294 -0.9516 -0.2789
vn -0.1295 -0.9515 -0.2789
vn 0.2164 -0.9752 -0.0475
vn 0.2252 -0.9728 -0.0543
vn 0.2206 -0.9741 -0.0503
vn 0.2178 -0.9751 -0.0420
vn 0.5494 -0.8343 0.0457
vn 0.5479 -0.8348 0.0539
vn 0.5478 -0.8349 0.0540
vn 0.5498 -0.8340 0.0459
vn 0.2263 -0.9720 -0.0638
vn 0.2261 -0.9719 -0.0652
vn 0.5451 -0.8361 0.0615
vn 0.5455 -0.8358 0.0616
vn 0.2194 -0.9748 -0.0391
vn 0.2160 -0.9756 -0.0397
vn 0.5559 -0.8304 0.0364
vn 0.5552 -0.8309 0.0364
vn 0.8313 -0.5419 0.1240
vn 0.8313 -0.5418 0.1240
vn 0.8250 -0.5446 0.1508
vn 0.8089 -0.5515 0.2037
vn 0.8091 -0.5512 0.2037
vn -0.1621 -0.9655 -0.2037
vn -0.1617 -0.9655 -0.2042
vn -0.1709 -0.9692 -0.1775
vn -0.1709 -0.9692 -0.1774
vn 0.2135 -0.9768 -0.0134
vn 0.2133 -0.9767 -0.0216
vn 0.2133 -0.9769 -0.0145
vn 0.2136 -0.9769 -0.0046
vn 0.5544 -0.8322 0.0096
vn 0.5576 -0.8299 0.0190
vn 0.5584 -0.8294 0.0196
vn 0.5547 -0.8320 0.0090
vn 0.2138 -0.9765 -0.0284
vn 0.5575 -0.8298 0.0260
vn 0.5542 -0.8320 0.0235
vn 0.2144 -0.9767 -0.0000
vn 0.2102 -0.9777 0.0002
vn 0.5549 -0.8319 -0.0000
vn 0.8438 -0.5365 0.0139
vn 0.8363 -0.5397 0.0967
vn 0.8364 -0.5395 0.0967
vn -0.1895 -0.9771 -0.0966
vn -0.1932 -0.9787 -0.0693
vn 0.2139 -0.9765 0.0254
vn 0.2124 -0.9771 0.0151
vn 0.2132 -0.9768 0.0216
vn 0.2147 -0.9762 0.0300
vn 0.5575 -0.8298 -0.0262
vn 0.5576 -0.8299 -0.0190
vn 0.5583 -0.8294 -0.0195
vn 0.5553 -0.8313 -0.0234
vn 0.2108 -0.9775 0.0111
vn 0.2104 -0.9776 0.0101
vn 0.5544 -0.8322 -0.0096
vn 0.5547 -0.8320 -0.0090
vn -0.1895 -0.9771 0.0966
vn -0.1895 -0.9771 0.0965
vn 0.2188 -0.9750 0.0394
vn 0.2157 -0.9757 0.0394
vn 0.5559 -0.8305 -0.0365
vn 0.5552 -0.8309 -0.0364
vn 0.8362 -0.5399 -0.0967
vn 0.8425 -0.5371 -0.0415
vn 0.8436 -0.5367 -0.0139
vn -0.1958 -0.9798 0.0417
vn -0.1957 -0.9798 0.0417
vn -0.1959 -0.9797 0.0417
vn -0.1932 -0.9787 0.0693
vn 0.2261 -0.9722 0.0614
vn 0.2205 -0.9741 0.0505
vn 0.2253 -0.9727 0.0555
vn 0.2258 -0.9720 0.0657
vn 0.5451 -0.8361 -0.0615
vn 0.5479 -0.8348 -0.0539
vn 0.5478 -0.8349 -0.0540
vn 0.5455 -0.8358 -0.0616
vn 0.2172 -0.9752 0.0434
vn 0.2176 -0.9751 0.0429
vn 0.5493 -0.8344 -0.0457
vn 0.5498 -0.8341 -0.0459
vn -0.1623 -0.9655 0.2036
vn -0.1623 -0.9655 0.2037
vn 0.2258 -0.9715 0.0724
vn 0.2257 -0.9714 0.0735
vn 0.5466 -0.8345 -0.0698
vn 0.5457 -0.8349 -0.0719
vn 0.8090 -0.5515 -0.2037
vn 0.8175 -0.5478 -0.1775
vn -0.1844 -0.9750 0.1240
vn -0.1845 -0.9749 0.1242
vn 0.2405 -0.9663 0.0924
vn 0.2321 -0.9689 0.0861
vn 0.2333 -0.9682 0.0898
vn 0.2407 -0.9657 0.0979
vn 0.5357 -0.8390 -0.0956
vn 0.5375 -0.8386 -0.0887
vn 0.5379 -0.8383 -0.0891
vn 0.5294 -0.8427 -0.0982
vn 0.2324 -0.9694 0.0788
vn 0.2340 -0.9691 0.0781
vn 0.5410 -0.8376 -0.0756
vn 0.5387 -0.8389 -0.0778
vn -0.1163 -0.9460 0.3027
vn 0.2421 -0.9651 0.1001
vn 0.2423 -0.9651 0.0997
vn 0.5266 -0.8441 -0.1011
vn 0.5269 -0.8439 -0.1010
vn 0.7761 -0.5656 -0.2788
vn 0.7762 -0.5655 -0.2789
vn 0.7762 -0.5655 -0.2788
vn 0.7762 -0.5656 -0.2787
vn 0.7882 -0.5603 -0.2545
vn 0.7881 -0.5605 -0.2545
vn 0.7991 -0.5557 -0.2293
vn 0.7992 -0.5556 -0.2292
vn 0.7992 -0.5557 -0.2292
vn -0.1415 -0.9566 0.2546
vn -0.1295 -0.9516 0.2789
vn 0.2561 -0.9587 0.1237
vn 0.2518 -0.9612 0.1131
vn 0.2551 -0.9593 0.1213
vn 0.2574 -0.9579 0.1272
vn 0.5134 -0.8485 -0.1284
vn 0.5183 -0.8466 -0.1207
vn 0.5187 -0.8463 -0.1212
vn 0.5129 -0.8490 -0.1272
vn 0.2453 -0.9629 0.1123
vn 0.2446 -0.9631 0.1124
vn 0.5209 -0.8465 -0.1098
vn 0.5214 -0.8462 -0.1097
vn -0.0536 -0.9192 0.3900
vn -0.0538 -0.9193 0.3899
vn 0.2654 -0.9553 0.1306
vn 0.2655 -0.9553 0.1297
vn 0.5054 -0.8530 -0.1306
vn 0.5058 -0.8527 -0.1308
vn 0.7004 -0.5977 -0.3902
vn 0.7337 -0.5836 -0.3481
vn 0.2810 -0.9485 0.1461
vn 0.2741 -0.9509 0.1436
vn 0.2770 -0.9496 0.1466
vn 0.2867 -0.9461 0.1503
vn 0.4841 -0.8620 -0.1503
vn 0.4956 -0.8563 -0.1456
vn 0.4966 -0.8557 -0.1452
vn 0.4848 -0.8619 -0.1486
vn 0.2729 -0.9519 0.1392
vn 0.2739 -0.9518 0.1384
vn 0.4992 -0.8558 -0.1357
vn 0.5002 -0.8553 -0.1354
vn 0.0237 -0.8863 0.4625
vn 0.0237 -0.8862 0.4626
vn 0.2913 -0.9447 0.1509
vn 0.2913 -0.9446 0.1514
vn 0.4775 -0.8645 -0.1568
vn 0.4788 -0.8636 -0.1581
vn 0.6435 -0.6219 -0.4462
vn 0.6436 -0.6219 -0.4462
vn 0.6633 -0.6135 -0.4285
vn 0.6823 -0.6054 -0.4099
vn 0.3101 -0.9363 0.1651
vn 0.3030 -0.9393 0.1609
vn 0.3082 -0.9370 0.1642
vn 0.3161 -0.9337 0.1685
vn 0.4582 -0.8732 -0.1657
vn 0.4678 -0.8690 -0.1611
vn 0.4670 -0.8695 -0.1609
vn 0.4580 -0.8734 -0.1658
vn 0.2987 -0.9413 0.1573
vn 0.2990 -0.9412 0.1572
vn 0.4722 -0.8675 -0.1562
vn 0.4720 -0.8676 -0.1565
vn 0.1126 -0.8483 0.5174
vn 0.1124 -0.8483 0.5174
vn 0.3163 -0.9331 0.1713
vn 0.3159 -0.9332 0.1712
vn 0.4500 -0.8767 -0.1700
vn 0.4501 -0.8766 -0.1703
vn 0.5801 -0.6490 -0.4922
vn 0.5799 -0.6491 -0.4922
vn 0.6018 -0.6398 -0.4780
vn 0.0448 -0.8772 0.4780
vn 0.0447 -0.8775 0.4774
vn 0.0670 -0.8678 0.4924
vn 0.0671 -0.8678 0.4923
vn 0.0671 -0.8677 0.4925
vn 0.0894 -0.8582 0.5055
vn 0.0895 -0.8582 0.5055
vn 0.3415 -0.9228 0.1783
vn 0.3332 -0.9263 0.1757
vn 0.3388 -0.9240 0.1771
vn 0.3466 -0.9207 0.1793
vn 0.4263 -0.8869 -0.1779
vn 0.4336 -0.8839 -0.1751
vn 0.4333 -0.8840 -0.1753
vn 0.4252 -0.8874 -0.1781
vn 0.3262 -0.9283 0.1786
vn 0.3274 -0.9277 0.1794
vn 0.4421 -0.8803 -0.1720
vn 0.4440 -0.8795 -0.1713
vn 0.3522 -0.9183 0.1807
vn 0.3527 -0.9183 0.1800
vn 0.4189 -0.8899 -0.1807
vn 0.4189 -0.8898 -0.1811
vn 0.4621 -0.6994 -0.5452
vn 0.4866 -0.6889 -0.5373
vn 0.4865 -0.6890 -0.5372
vn 0.4866 -0.6889 -0.5372
vn 0.5106 -0.6787 -0.5279
vn 0.5105 -0.6787 -0.5279
vn 0.1845 -0.8177 0.5453
vn 0.3779 -0.9064 0.1889
vn 0.3665 -0.9116 0.1864
vn 0.3701 -0.9100 0.1870
vn 0.3787 -0.9062 0.1880
vn 0.3978 -0.8986 -0.1852
vn 0.4018 -0.8962 -0.1881
vn 0.4015 -0.8961 -0.1890
vn 0.3900 -0.9021 -0.1848
vn 0.3606 -0.9140 0.1861
vn 0.3603 -0.9140 0.1867
vn 0.4109 -0.8934 -0.1816
vn 0.4113 -0.8932 -0.1820
vn 0.3363 -0.7528 -0.5659
vn 0.3362 -0.7528 -0.5659
vn 0.3367 -0.7529 -0.5655
vn 0.3364 -0.7530 -0.5655
vn 0.3872 -0.7312 -0.5616
vn 0.4123 -0.7206 -0.5575
vn 0.4120 -0.7207 -0.5576
vn 0.4123 -0.7206 -0.5574
vn 0.4124 -0.7205 -0.5575
vn 0.2598 -0.7856 0.5616
vn 0.2851 -0.7747 0.5644
vn 0.2850 -0.7747 0.5644
vn -0.3355 0.9246 0.1806
vn -0.3382 0.9238 0.1796
vn -0.3295 0.9279 0.1742
vn -0.3261 0.9293 0.1736
vn -0.3409 0.9230 0.1785
vn -0.3468 0.9208 0.1787
vn -0.4341 0.8837 -0.1747
vn -0.4325 0.8841 -0.1770
vn -0.4427 0.8797 -0.1737
vn -0.4428 0.8796 -0.1741
vn -0.4255 0.8864 -0.1825
vn -0.4290 0.8849 -0.1816
vn -0.1361 0.8383 0.5279
vn -0.1361 0.8383 0.5280
vn -0.1601 0.8280 0.5373
vn -0.1601 0.8281 0.5373
vn -0.1602 0.8281 0.5373
vn -0.1601 0.8281 0.5372
vn -0.1845 0.8176 0.5454
vn -0.2094 0.8071 0.5521
vn -0.2093 0.8071 0.5521
vn -0.4374 0.7098 -0.5522
vn -0.4373 0.7099 -0.5521
vn -0.4374 0.7098 -0.5521
vn -0.4622 0.6993 -0.5453
vn -0.4866 0.6889 -0.5373
vn -0.4866 0.6888 -0.5373
vn -0.5107 0.6786 -0.5278
vn -0.5107 0.6786 -0.5279
vn -0.4542 0.8746 -0.1694
vn -0.4477 0.8775 -0.1719
vn -0.3222 0.9303 0.1752
vn -0.3222 0.9306 0.1738
vn -0.3024 0.9389 0.1645
vn -0.3055 0.9376 0.1662
vn -0.2982 0.9407 0.1619
vn -0.2950 0.9420 0.1600
vn -0.3113 0.9350 0.1699
vn -0.3113 0.9351 0.1696
vn -0.4667 0.8687 -0.1663
vn -0.4664 0.8689 -0.1655
vn -0.4707 0.8678 -0.1591
vn -0.4748 0.8659 -0.1574
vn -0.4553 0.8739 -0.1704
vn -0.4620 0.8708 -0.1684
vn -0.0449 0.8772 0.4781
vn -0.0668 0.8679 0.4923
vn -0.0668 0.8678 0.4923
vn -0.0893 0.8582 0.5054
vn -0.0893 0.8583 0.5054
vn -0.0893 0.8583 0.5053
vn -0.1124 0.8484 0.5173
vn -0.5343 0.6685 -0.5173
vn -0.5574 0.6587 -0.5054
vn -0.5799 0.6491 -0.4923
vn -0.5800 0.6491 -0.4923
vn -0.6018 0.6397 -0.4781
vn -0.4797 0.8642 -0.1521
vn -0.4792 0.8643 -0.1531
vn -0.2891 0.9445 0.1562
vn -0.2890 0.9445 0.1563
vn -0.2752 0.9509 0.1414
vn -0.2797 0.9495 0.1422
vn -0.2741 0.9518 0.1374
vn -0.2738 0.9518 0.1385
vn -0.2819 0.9475 0.1510
vn -0.2824 0.9474 0.1509
vn -0.4947 0.8566 -0.1468
vn -0.4910 0.8589 -0.1459
vn -0.5015 0.8538 -0.1398
vn -0.5012 0.8540 -0.1395
vn -0.4871 0.8600 -0.1518
vn -0.4896 0.8591 -0.1490
vn 0.0355 0.9115 0.4098
vn 0.0166 0.9034 0.4285
vn -0.0031 0.8950 0.4461
vn -0.0237 0.8863 0.4626
vn -0.0237 0.8863 0.4625
vn -0.6231 0.6307 -0.4626
vn -0.6437 0.6219 -0.4461
vn -0.6436 0.6219 -0.4461
vn -0.6437 0.6218 -0.4460
vn -0.6633 0.6135 -0.4286
vn -0.6633 0.6135 -0.4285
vn -0.6823 0.6054 -0.4099
vn -0.6823 0.6054 -0.4098
vn -0.6822 0.6054 -0.4100
vn -0.5094 0.8505 -0.1312
vn -0.5060 0.8520 -0.1347
vn -0.2609 0.9566 0.1296
vn -0.2645 0.9548 0.1356
vn -0.2489 0.9612 0.1191
vn -0.2548 0.9594 0.1212
vn -0.2501 0.9621 0.1089
vn -0.2495 0.9621 0.1096
vn -0.2615 0.9572 0.1239
vn -0.2605 0.9575 0.1238
vn -0.5184 0.8475 -0.1143
vn -0.5177 0.8479 -0.1145
vn -0.5206 0.8460 -0.1151
vn -0.5258 0.8437 -0.1080
vn -0.5102 0.8504 -0.1289
vn -0.5151 0.8484 -0.1216
vn 0.1022 0.9399 0.3258
vn 0.0868 0.9334 0.3481
vn 0.0869 0.9334 0.3481
vn 0.0708 0.9265 0.3696
vn 0.0708 0.9265 0.3695
vn 0.0536 0.9192 0.3901
vn 0.0536 0.9192 0.3902
vn -0.7004 0.5977 -0.3901
vn -0.7005 0.5976 -0.3902
vn -0.7004 0.5976 -0.3902
vn -0.7175 0.5904 -0.3697
vn -0.7175 0.5904 -0.3696
vn -0.7337 0.5835 -0.3481
vn -0.7337 0.5834 -0.3481
vn -0.7489 0.5770 -0.3259
vn -0.7489 0.5770 -0.3260
vn -0.7489 0.5770 -0.3258
vn -0.5302 0.8413 -0.1055
vn -0.5299 0.8416 -0.1047
vn -0.2398 0.9655 0.1011
vn -0.2442 0.9637 0.1075
vn -0.2345 0.9685 0.0842
vn -0.2374 0.9673 0.0895
vn -0.2326 0.9695 0.0778
vn -0.2326 0.9695 0.0777
vn -0.2422 0.9656 0.0942
vn -0.2422 0.9654 0.0962
vn -0.5340 0.8411 -0.0862
vn -0.5337 0.8413 -0.0860
vn -0.5376 0.8393 -0.0813
vn -0.5400 0.8382 -0.0760
vn -0.5295 0.8427 -0.0975
vn -0.5319 0.8418 -0.0925
vn 0.1524 0.9614 0.2292
vn 0.1524 0.9614 0.2293
vn 0.1525 0.9613 0.2292
vn 0.1415 0.9567 0.2544
vn 0.1416 0.9567 0.2544
vn 0.1414 0.9567 0.2544
vn 0.1295 0.9515 0.2789
vn 0.1295 0.9515 0.2790
vn 0.1295 0.9516 0.2789
vn 0.1164 0.9460 0.3027
vn 0.1164 0.9459 0.3027
vn -0.7633 0.5707 -0.3029
vn -0.7632 0.5708 -0.3029
vn -0.7763 0.5653 -0.2789
vn -0.7762 0.5654 -0.2789
vn -0.7883 0.5602 -0.2544
vn -0.7992 0.5556 -0.2294
vn -0.7992 0.5556 -0.2293
vn -0.5465 0.8343 -0.0726
vn -0.5435 0.8361 -0.0750
vn -0.2273 0.9714 0.0681
vn -0.2299 0.9705 0.0722
vn -0.2190 0.9745 0.0492
vn -0.2234 0.9730 0.0575
vn -0.2167 0.9751 0.0471
vn -0.2170 0.9751 0.0462
vn -0.2267 0.9720 0.0616
vn -0.2264 0.9721 0.0614
vn -0.5512 0.8325 -0.0556
vn -0.5505 0.8329 -0.0568
vn -0.5518 0.8325 -0.0494
vn -0.5528 0.8323 -0.0412
vn -0.5472 0.8345 -0.0647
vn -0.5482 0.8341 -0.0611
vn 0.1844 0.9750 0.1240
vn 0.1845 0.9750 0.1240
vn 0.1843 0.9750 0.1243
vn 0.1846 0.9749 0.1242
vn 0.1783 0.9723 0.1509
vn 0.1709 0.9692 0.1775
vn 0.1709 0.9692 0.1774
vn 0.1622 0.9655 0.2037
vn 0.1621 0.9655 0.2038
vn 0.1622 0.9655 0.2036
vn -0.8090 0.5514 -0.2036
vn -0.8176 0.5477 -0.1775
vn -0.8250 0.5446 -0.1509
vn -0.8250 0.5446 -0.1510
vn -0.8314 0.5417 -0.1240
vn -0.8312 0.5419 -0.1240
vn -0.8313 0.5417 -0.1240
vn -0.8315 0.5415 -0.1240
vn -0.5512 0.8336 -0.0347
vn -0.5516 0.8334 -0.0352
vn -0.2189 0.9752 0.0334
vn -0.2204 0.9746 0.0392
vn -0.2132 0.9769 0.0144
vn -0.2149 0.9764 0.0232
vn -0.2179 0.9759 0.0080
vn -0.2174 0.9761 0.0077
vn -0.2178 0.9756 0.0263
vn -0.2174 0.9757 0.0266
vn -0.5545 0.8319 -0.0214
vn -0.5534 0.8327 -0.0198
vn -0.5582 0.8296 -0.0121
vn -0.5581 0.8298 -0.0065
vn -0.5538 0.8321 -0.0312
vn -0.5550 0.8316 -0.0224
vn 0.1970 0.9803 0.0139
vn 0.1957 0.9798 0.0416
vn 0.1932 0.9787 0.0692
vn 0.1895 0.9771 0.0967
vn -0.8363 0.5396 -0.0967
vn -0.8362 0.5398 -0.0967
vn -0.8363 0.5397 -0.0967
vn -0.8364 0.5395 -0.0967
vn -0.8400 0.5382 -0.0692
vn -0.8425 0.5371 -0.0416
vn -0.8437 0.5366 -0.0139
vn -0.5589 0.8292 -0.0000
vn -0.5590 0.8292 -0.0000
vn -0.2158 0.9764 -0.0037
vn -0.2157 0.9764 0.0037
vn -0.2137 0.9768 -0.0161
vn -0.2142 0.9767 -0.0149
vn -0.2179 0.9756 -0.0265
vn -0.2176 0.9757 -0.0269
vn -0.2181 0.9759 -0.0091
vn -0.2176 0.9760 -0.0099
vn -0.5544 0.8320 0.0214
vn -0.5534 0.8327 0.0198
vn -0.5544 0.8319 0.0225
vn -0.5536 0.8322 0.0311
vn -0.5581 0.8298 0.0065
vn -0.5582 0.8296 0.0121
vn 0.1895 0.9771 -0.0968
vn 0.1894 0.9771 -0.0968
vn 0.1896 0.9771 -0.0970
vn 0.1932 0.9787 -0.0692
vn 0.1957 0.9798 -0.0416
vn 0.1970 0.9803 -0.0139
vn -0.8435 0.5370 0.0136
vn -0.8436 0.5367 0.0139
vn -0.8437 0.5366 0.0139
vn -0.8438 0.5365 0.0139
vn -0.8425 0.5371 0.0416
vn -0.8400 0.5382 0.0692
vn -0.8362 0.5398 0.0968
vn -0.8362 0.5399 0.0967
vn -0.8361 0.5399 0.0968
vn -0.8362 0.5398 0.0969
vn -0.5513 0.8336 0.0347
vn -0.5516 0.8334 0.0352
vn -0.2200 0.9747 -0.0394
vn -0.2183 0.9753 -0.0333
vn -0.2229 0.9732 -0.0573
vn -0.2194 0.9744 -0.0491
vn -0.2270 0.9719 -0.0618
vn -0.2269 0.9719 -0.0622
vn -0.2169 0.9750 -0.0473
vn -0.2172 0.9750 -0.0465
vn -0.5510 0.8326 0.0558
vn -0.5503 0.8330 0.0568
vn -0.5482 0.8341 0.0611
vn -0.5473 0.8344 0.0648
vn -0.5527 0.8323 0.0412
vn -0.5517 0.8326 0.0495
vn 0.1622 0.9655 -0.2037
vn 0.1622 0.9655 -0.2036
vn 0.1621 0.9655 -0.2037
vn 0.1709 0.9692 -0.1775
vn 0.1709 0.9692 -0.1774
vn 0.1783 0.9723 -0.1509
vn 0.1844 0.9750 -0.1240
vn 0.1845 0.9750 -0.1241
vn 0.1845 0.9750 -0.1240
vn -0.8312 0.5419 0.1241
vn -0.8312 0.5419 0.1240
vn -0.8313 0.5419 0.1240
vn -0.8250 0.5446 0.1510
vn -0.8250 0.5446 0.1511
vn -0.8250 0.5446 0.1509
vn -0.8176 0.5477 0.1775
vn -0.8090 0.5514 0.2036
vn -0.5467 0.8342 0.0721
vn -0.5437 0.8359 0.0751
vn -0.2299 0.9706 -0.0719
vn -0.2272 0.9715 -0.0681
vn -0.2374 0.9673 -0.0897
vn -0.2350 0.9683 -0.0843
vn -0.2405 0.9663 -0.0922
vn -0.2394 0.9666 -0.0920
vn -0.2327 0.9694 -0.0779
vn -0.2328 0.9694 -0.0780
vn -0.5337 0.8413 0.0862
vn -0.5330 0.8417 0.0862
vn -0.5318 0.8418 0.0925
vn -0.5296 0.8426 0.0977
vn -0.5400 0.8382 0.0760
vn -0.5376 0.8393 0.0815
vn 0.1164 0.9460 -0.3027
vn 0.1163 0.9460 -0.3027
vn 0.1164 0.9459 -0.3027
vn 0.1295 0.9516 -0.2789
vn 0.1295 0.9515 -0.2789
vn 0.1415 0.9567 -0.2544
vn 0.1416 0.9567 -0.2545
vn 0.1416 0.9567 -0.2544
vn 0.1525 0.9613 -0.2293
vn -0.7992 0.5556 0.2293
vn -0.7883 0.5602 0.2544
vn -0.7883 0.5602 0.2545
vn -0.7763 0.5654 0.2789
vn -0.7763 0.5654 0.2788
vn -0.7762 0.5654 0.2789
vn -0.7632 0.5709 0.3027
vn -0.5300 0.8414 0.1053
vn -0.5296 0.8418 0.1046
vn -0.2445 0.9637 -0.1069
vn -0.2394 0.9654 -0.1037
vn -0.2551 0.9592 -0.1221
vn -0.2501 0.9614 -0.1151
vn -0.2610 0.9574 -0.1235
vn -0.2601 0.9576 -0.1238
vn -0.2501 0.9621 -0.1089
vn -0.2495 0.9622 -0.1095
vn -0.5188 0.8472 0.1143
vn -0.5168 0.8484 0.1146
vn -0.5156 0.8480 0.1229
vn -0.5114 0.8496 0.1289
vn -0.5257 0.8437 0.1083
vn -0.5207 0.8459 0.1154
vn 0.0536 0.9192 -0.3901
vn 0.0707 0.9265 -0.3696
vn 0.0708 0.9265 -0.3696
vn 0.0871 0.9334 -0.3481
vn 0.0869 0.9334 -0.3481
vn 0.1022 0.9399 -0.3258
vn -0.7489 0.5770 0.3258
vn -0.7337 0.5835 0.3481
vn -0.7175 0.5904 0.3696
vn -0.7004 0.5977 0.3902
vn -0.5080 0.8510 0.1334
vn -0.5082 0.8509 0.1331
vn -0.2658 0.9546 -0.1349
vn -0.2600 0.9568 -0.1303
vn -0.2806 0.9489 -0.1447
vn -0.2762 0.9508 -0.1405
vn -0.2818 0.9476 -0.1507
vn -0.2821 0.9475 -0.1503
vn -0.2733 0.9524 -0.1351
vn -0.2709 0.9532 -0.1340
vn -0.4947 0.8566 0.1469
vn -0.4909 0.8589 0.1459
vn -0.4896 0.8591 0.1490
vn -0.4871 0.8600 0.1518
vn -0.5026 0.8534 0.1380
vn -0.4995 0.8548 0.1408
vn -0.0237 0.8862 -0.4627
vn -0.0239 0.8862 -0.4627
vn -0.0031 0.8950 -0.4461
vn 0.0166 0.9034 -0.4285
vn 0.0355 0.9115 -0.4098
vn -0.6824 0.6054 0.4098
vn -0.6823 0.6054 0.4098
vn -0.6633 0.6135 0.4286
vn -0.6634 0.6135 0.4285
vn -0.6633 0.6136 0.4285
vn -0.6632 0.6136 0.4286
vn -0.6436 0.6219 0.4460
vn -0.6436 0.6219 0.4461
vn -0.6231 0.6307 0.4626
vn -0.4795 0.8643 0.1520
vn -0.4792 0.8643 0.1531
vn -0.2907 0.9438 -0.1571
vn -0.2878 0.9451 -0.1547
vn -0.3055 0.9376 -0.1662
vn -0.3024 0.9389 -0.1645
vn -0.3115 0.9349 -0.1700
vn -0.3117 0.9349 -0.1698
vn -0.2965 0.9413 -0.1612
vn -0.2965 0.9413 -0.1613
vn -0.4667 0.8687 0.1661
vn -0.4664 0.8689 0.1655
vn -0.4614 0.8710 0.1688
vn -0.4563 0.8732 0.1710
vn -0.4749 0.8659 0.1571
vn -0.4702 0.8680 0.1595
vn -0.1124 0.8484 -0.5173
vn -0.0893 0.8582 -0.5054
vn -0.0893 0.8583 -0.5054
vn -0.0668 0.8679 -0.4923
vn -0.0668 0.8678 -0.4923
vn -0.0449 0.8772 -0.4781
vn -0.0449 0.8772 -0.4780
vn -0.6018 0.6397 0.4781
vn -0.5799 0.6491 0.4923
vn -0.5574 0.6587 0.5054
vn -0.5344 0.6684 0.5173
vn -0.5343 0.6685 0.5173
vn -0.4477 0.8775 0.1717
vn -0.4488 0.8766 0.1738
vn -0.3237 0.9306 -0.1709
vn -0.3161 0.9329 -0.1725
vn -0.3377 0.9237 -0.1809
vn -0.3314 0.9263 -0.1791
vn -0.3437 0.9215 -0.1806
vn -0.3460 0.9213 -0.1774
vn -0.3282 0.9286 -0.1731
vn -0.3282 0.9285 -0.1739
vn -0.4339 0.8838 0.1751
vn -0.4325 0.8841 0.1769
vn -0.4292 0.8847 0.1819
vn -0.4252 0.8865 0.1827
vn -0.4446 0.8787 0.1735
vn -0.4415 0.8801 0.1745
vn -0.2093 0.8071 -0.5521
vn -0.1845 0.8177 -0.5453
vn -0.1845 0.8176 -0.5454
vn -0.1845 0.8177 -0.5454
vn -0.1601 0.8281 -0.5373
vn -0.1601 0.8280 -0.5374
vn -0.1361 0.8383 -0.5279
vn -0.1361 0.8383 -0.5280
vn -0.5107 0.6786 0.5280
vn -0.5107 0.6786 0.5279
vn -0.5107 0.6787 0.5278
vn -0.4866 0.6888 0.5373
vn -0.4866 0.6889 0.5373
vn -0.4622 0.6993 0.5453
vn -0.4375 0.7098 0.5521
vn -0.4180 0.8893 0.1857
vn -0.4169 0.8898 0.1853
vn -0.3563 0.9166 -0.1815
vn -0.3481 0.9197 -0.1816
vn -0.3732 0.9092 -0.1844
vn -0.3650 0.9124 -0.1850
vn -0.3767 0.9079 -0.1839
vn -0.3769 0.9077 -0.1845
vn -0.3611 0.9147 -0.1814
vn -0.3609 0.9147 -0.1820
vn -0.4019 0.8963 0.1876
vn -0.4018 0.8963 0.1874
vn -0.3960 0.8989 0.1874
vn -0.3913 0.9009 0.1879
vn -0.4142 0.8914 0.1841
vn -0.4069 0.8943 0.1864
vn -0.3106 0.7639 -0.5657
vn -0.2851 0.7748 -0.5643
vn -0.2598 0.7856 -0.5615
vn -0.2597 0.7856 -0.5616
vn -0.2598 0.7856 -0.5616
vn -0.2344 0.7964 -0.5575
vn -0.2345 0.7964 -0.5575
vn -0.4122 0.7206 0.5576
vn -0.4120 0.7207 0.5576
vn -0.4123 0.7206 0.5575
vn -0.4123 0.7205 0.5576
vn -0.3870 0.7313 0.5616
vn -0.3871 0.7312 0.5617
vn -0.3617 0.7421 0.5643
vn -0.3362 0.7530 0.5657
vn -0.3363 0.7530 0.5657
vn -0.3863 0.9041 0.1826
vn -0.3852 0.9045 0.1833
vn -0.3888 0.9026 -0.1847
vn -0.3826 0.9054 -0.1838
vn -0.4033 0.8957 -0.1872
vn -0.3993 0.8976 -0.1867
vn -0.4102 0.8925 -0.1877
vn -0.4125 0.8915 -0.1875
vn -0.3949 0.9002 -0.1837
vn -0.3944 0.9003 -0.1843
vn -0.3711 0.9106 0.1820
vn -0.3695 0.9099 0.1886
vn -0.3625 0.9140 0.1821
vn -0.3580 0.9158 0.1824
vn -0.3800 0.9062 0.1852
vn -0.3755 0.9087 0.1825
vn -0.4123 0.7205 -0.5575
vn -0.3872 0.7312 -0.5616
vn -0.3871 0.7312 -0.5616
vn -0.3618 0.7420 -0.5643
vn -0.3106 0.7638 0.5658
vn -0.3106 0.7638 0.5659
vn -0.2597 0.7855 0.5617
vn -0.3545 0.9175 0.1802
vn -0.3554 0.9165 0.1833
vn -0.4218 0.8879 -0.1837
vn -0.4154 0.8907 -0.1846
vn -0.4382 0.8814 -0.1763
vn -0.4309 0.8843 -0.1799
vn -0.4415 0.8807 -0.1717
vn -0.4405 0.8810 -0.1726
vn -0.4270 0.8856 -0.1827
vn -0.4270 0.8857 -0.1821
vn -0.3363 0.9251 0.1764
vn -0.3364 0.9250 0.1765
vn -0.3294 0.9279 0.1745
vn -0.3262 0.9292 0.1735
vn -0.3472 0.9205 0.1796
vn -0.3423 0.9226 0.1779
vn -0.5108 0.6785 -0.5279
vn -0.4375 0.7098 -0.5521
vn -0.1845 0.8177 0.5453
vn -0.3203 0.9322 0.1684
vn -0.3216 0.9304 0.1757
vn -0.4540 0.8746 -0.1702
vn -0.4526 0.8746 -0.1740
vn -0.4678 0.8692 -0.1603
vn -0.4628 0.8711 -0.1643
vn -0.4726 0.8671 -0.1573
vn -0.4727 0.8670 -0.1576
vn -0.4581 0.8732 -0.1664
vn -0.4582 0.8731 -0.1669
vn -0.3023 0.9395 0.1613
vn -0.3044 0.9388 0.1612
vn -0.2980 0.9407 0.1622
vn -0.2949 0.9420 0.1600
vn -0.3158 0.9334 0.1702
vn -0.3087 0.9367 0.1654
vn -0.6019 0.6397 -0.4781
vn -0.6021 0.6397 -0.4777
vn -0.6019 0.6397 -0.4780
vn -0.5799 0.6491 -0.4924
vn -0.2890 0.9443 0.1572
vn -0.2886 0.9446 0.1564
vn -0.4813 0.8634 -0.1513
vn -0.4775 0.8648 -0.1553
vn -0.4957 0.8565 -0.1439
vn -0.4931 0.8576 -0.1462
vn -0.5015 0.8539 -0.1393
vn -0.5016 0.8538 -0.1391
vn -0.4892 0.8599 -0.1456
vn -0.4876 0.8607 -0.1464
vn -0.2754 0.9503 0.1455
vn -0.2758 0.9502 0.1449
vn -0.2722 0.9517 0.1419
vn -0.2677 0.9540 0.1351
vn -0.2860 0.9463 0.1504
vn -0.2841 0.9475 0.1469
vn -0.6634 0.6134 -0.4285
vn -0.6634 0.6135 -0.4285
vn -0.6231 0.6306 -0.4626
vn -0.6233 0.6305 -0.4626
vn -0.0237 0.8862 0.4626
vn -0.2621 0.9557 0.1339
vn -0.2628 0.9554 0.1343
vn -0.5093 0.8506 -0.1304
vn -0.5067 0.8516 -0.1343
vn -0.5204 0.8458 -0.1175
vn -0.5171 0.8472 -0.1220
vn -0.5240 0.8444 -0.1119
vn -0.5238 0.8445 -0.1117
vn -0.5152 0.8479 -0.1252
vn -0.5152 0.8482 -0.1229
vn -0.2522 0.9600 0.1215
vn -0.2563 0.9593 0.1188
vn -0.2475 0.9622 0.1140
vn -0.2451 0.9632 0.1101
vn -0.2586 0.9575 0.1277
vn -0.2558 0.9587 0.1246
vn -0.7337 0.5835 -0.3482
vn -0.7003 0.5977 -0.3902
vn -0.7004 0.5977 -0.3902
vn -0.2403 0.9652 0.1027
vn -0.2406 0.9652 0.1024
vn -0.5308 0.8413 -0.1025
vn -0.5279 0.8426 -0.1062
vn -0.5396 0.8374 -0.0870
vn -0.5356 0.8395 -0.0914
vn -0.5403 0.8373 -0.0838
vn -0.5380 0.8392 -0.0794
vn -0.5293 0.8430 -0.0962
vn -0.5302 0.8425 -0.0950
vn -0.2325 0.9685 0.0892
vn -0.2329 0.9684 0.0887
vn -0.2344 0.9687 0.0816
vn -0.2297 0.9703 0.0760
vn -0.2406 0.9655 0.0992
vn -0.2355 0.9675 0.0926
vn -0.7763 0.5654 -0.2789
vn -0.7631 0.5710 -0.3027
vn -0.7630 0.5711 -0.3027
vn -0.7631 0.5711 -0.3027
vn 0.1165 0.9459 0.3027
vn 0.1525 0.9613 0.2293
vn 0.1524 0.9613 0.2293
vn -0.2252 0.9715 0.0733
vn -0.2256 0.9715 0.0724
vn -0.5450 0.8355 -0.0698
vn -0.5441 0.8358 -0.0734
vn -0.5510 0.8328 -0.0524
vn -0.5497 0.8335 -0.0563
vn -0.5491 0.8346 -0.0425
vn -0.5497 0.8342 -0.0443
vn -0.5477 0.8343 -0.0632
vn -0.5477 0.8343 -0.0633
vn -0.2185 0.9744 0.0522
vn -0.2187 0.9744 0.0527
vn -0.2175 0.9748 0.0489
vn -0.2169 0.9753 0.0426
vn -0.2260 0.9719 0.0660
vn -0.2261 0.9723 0.0595
vn -0.8313 0.5418 -0.1240
vn -0.8177 0.5477 -0.1775
vn 0.1783 0.9723 0.1508
vn -0.2150 0.9760 0.0361
vn -0.2158 0.9758 0.0362
vn -0.5554 0.8309 -0.0344
vn -0.5540 0.8316 -0.0395
vn -0.5551 0.8317 -0.0148
vn -0.5536 0.8325 -0.0217
vn -0.5547 0.8320 -0.0086
vn -0.5548 0.8319 -0.0085
vn -0.5554 0.8310 -0.0309
vn -0.5544 0.8317 -0.0307
vn -0.2173 0.9760 0.0149
vn -0.2120 0.9771 0.0168
vn -0.2153 0.9765 0.0130
vn -0.2161 0.9764 0.0054
vn -0.2178 0.9756 0.0295
vn -0.2174 0.9758 0.0253
vn -0.8437 0.5367 -0.0140
vn -0.8425 0.5371 -0.0415
vn 0.1932 0.9787 0.0693
vn 0.1969 0.9803 0.0139
vn -0.2175 0.9761 -0.0000
vn -0.2174 0.9761 -0.0000
vn -0.5552 0.8317 0.0021
vn -0.5552 0.8317 -0.0021
vn -0.5528 0.8331 0.0202
vn -0.5551 0.8316 0.0147
vn -0.5561 0.8305 0.0309
vn -0.5517 0.8337 0.0253
vn -0.5546 0.8321 0.0088
vn -0.5547 0.8320 0.0090
vn -0.2171 0.9760 -0.0147
vn -0.2120 0.9771 -0.0166
vn -0.2174 0.9758 -0.0253
vn -0.2178 0.9755 -0.0295
vn -0.2161 0.9764 -0.0054
vn -0.2153 0.9765 -0.0130
vn -0.8362 0.5398 0.0967
vn -0.8362 0.5398 0.0966
vn -0.8400 0.5382 0.0693
vn -0.8400 0.5382 0.0691
vn 0.1895 0.9771 -0.0967
vn -0.2150 0.9759 -0.0362
vn -0.2158 0.9758 -0.0362
vn -0.5535 0.8319 0.0394
vn -0.5550 0.8311 0.0360
vn -0.5500 0.8333 0.0558
vn -0.5509 0.8329 0.0522
vn -0.5478 0.8342 0.0632
vn -0.5479 0.8342 0.0631
vn -0.5484 0.8351 0.0436
vn -0.5496 0.8342 0.0448
vn -0.2188 0.9744 -0.0519
vn -0.2189 0.9743 -0.0525
vn -0.2261 0.9723 -0.0595
vn -0.2260 0.9719 -0.0660
vn -0.2169 0.9753 -0.0425
vn -0.2175 0.9748 -0.0490
vn -0.8177 0.5476 0.1775
vn 0.1782 0.9724 -0.1508
vn -0.2254 0.9715 -0.0734
vn -0.2256 0.9715 -0.0724
vn -0.5438 0.8360 0.0736
vn -0.5450 0.8355 0.0703
vn -0.5370 0.8386 0.0917
vn -0.5389 0.8381 0.0851
vn -0.5293 0.8430 0.0956
vn -0.5302 0.8425 0.0949
vn -0.5434 0.8359 0.0775
vn -0.5386 0.8390 0.0778
vn -0.2323 0.9685 -0.0893
vn -0.2329 0.9684 -0.0888
vn -0.2358 0.9674 -0.0924
vn -0.2407 0.9655 -0.0993
vn -0.2297 0.9703 -0.0760
vn -0.2343 0.9688 -0.0812
vn -0.7631 0.5710 0.3027
vn -0.7631 0.5709 0.3027
vn -0.7633 0.5708 0.3027
vn -0.7763 0.5653 0.2789
vn -0.7763 0.5653 0.2788
vn -0.7883 0.5602 0.2546
vn 0.1524 0.9613 -0.2293
vn 0.1524 0.9614 -0.2293
vn -0.2403 0.9652 -0.1027
vn -0.2406 0.9652 -0.1024
vn -0.5274 0.8429 0.1065
vn -0.5306 0.8416 0.1010
vn -0.5166 0.8476 0.1214
vn -0.5204 0.8458 0.1175
vn -0.5148 0.8480 0.1259
vn -0.5151 0.8479 0.1254
vn -0.5239 0.8444 0.1119
vn -0.5238 0.8445 0.1117
vn -0.2520 0.9601 -0.1216
vn -0.2565 0.9593 -0.1181
vn -0.2555 0.9587 -0.1247
vn -0.2587 0.9574 -0.1280
vn -0.2451 0.9632 -0.1102
vn -0.2477 0.9621 -0.1140
vn -0.7005 0.5976 0.3901
vn -0.7175 0.5905 0.3696
vn -0.7337 0.5835 0.3482
vn 0.0868 0.9335 -0.3480
vn 0.0536 0.9192 -0.3902
vn -0.2621 0.9557 -0.1341
vn -0.2628 0.9554 -0.1344
vn -0.5064 0.8517 0.1346
vn -0.5092 0.8507 0.1304
vn -0.4935 0.8574 0.1462
vn -0.4959 0.8564 0.1435
vn -0.4842 0.8618 0.1514
vn -0.4848 0.8618 0.1493
vn -0.5014 0.8539 0.1394
vn -0.5013 0.8540 0.1395
vn -0.2754 0.9503 -0.1455
vn -0.2758 0.9502 -0.1449
vn -0.2841 0.9475 -0.1468
vn -0.2860 0.9464 -0.1504
vn -0.2677 0.9540 -0.1351
vn -0.2722 0.9517 -0.1419
vn -0.6232 0.6306 0.4627
vn -0.6633 0.6135 0.4285
vn -0.0237 0.8862 -0.4626
vn -0.2889 0.9444 -0.1573
vn -0.2886 0.9446 -0.1564
vn -0.4776 0.8648 0.1553
vn -0.4808 0.8636 0.1514
vn -0.4632 0.8712 0.1629
vn -0.4687 0.8684 0.1617
vn -0.4582 0.8731 0.1663
vn -0.4583 0.8730 0.1669
vn -0.4725 0.8672 0.1574
vn -0.4725 0.8671 0.1577
vn -0.3038 0.9391 -0.1606
vn -0.3044 0.9388 -0.1612
vn -0.3104 0.9362 -0.1650
vn -0.3158 0.9337 -0.1685
vn -0.2946 0.9421 -0.1600
vn -0.2980 0.9406 -0.1626
vn -0.6019 0.6397 0.4779
vn -0.0449 0.8771 -0.4782
vn -0.0893 0.8582 -0.5055
vn -0.0893 0.8582 -0.5056
vn -0.3208 0.9319 -0.1693
vn -0.3221 0.9314 -0.1693
vn -0.4474 0.8771 0.1745
vn -0.4543 0.8745 0.1697
vn -0.4311 0.8843 0.1793
vn -0.4378 0.8819 0.1749
vn -0.4271 0.8855 0.1831
vn -0.4272 0.8855 0.1825
vn -0.4430 0.8800 0.1711
vn -0.4437 0.8797 0.1713
vn -0.3363 0.9251 -0.1763
vn -0.3364 0.9250 -0.1766
vn -0.3413 0.9230 -0.1778
vn -0.3480 0.9200 -0.1805
vn -0.3263 0.9292 -0.1734
vn -0.3295 0.9279 -0.1745
vn -0.4376 0.7098 0.5521
vn -0.4374 0.7098 0.5521
vn -0.4866 0.6887 0.5375
vn -0.5108 0.6785 0.5279
vn -0.1362 0.8383 -0.5279
vn -0.1601 0.8281 -0.5372
vn -0.1846 0.8177 -0.5453
vn -0.3550 0.9172 -0.1811
vn -0.3551 0.9167 -0.1833
vn -0.4157 0.8904 0.1855
vn -0.4219 0.8878 0.1838
vn -0.3998 0.8972 0.1877
vn -0.4046 0.8953 0.1864
vn -0.3946 0.9003 0.1837
vn -0.3940 0.9005 0.1842
vn -0.4095 0.8928 0.1876
vn -0.4073 0.8941 0.1861
vn -0.3689 0.9115 -0.1821
vn -0.3691 0.9115 -0.1814
vn -0.3785 0.9072 -0.1838
vn -0.3781 0.9073 -0.1839
vn -0.3580 0.9158 -0.1824
vn -0.3624 0.9140 -0.1822
vn -0.3871 0.7313 0.5616
vn -0.4123 0.7205 0.5575
vn -0.4124 0.7205 0.5575
vn -0.2344 0.7963 -0.5576
vn -0.2852 0.7748 -0.5642
vn -0.2851 0.7747 -0.5644
vn 0.9362 0.2326 -0.2636
vn 0.9232 0.2271 -0.3099
vn 0.8160 0.5145 -0.2636
vn 0.8160 0.5144 -0.2636
vn 0.8031 0.5090 -0.3098
vn 0.8031 0.5090 -0.3099
vn 0.8031 0.5089 -0.3098
vn 0.9746 -0.1166 -0.1911
vn 0.9746 -0.1166 -0.1912
vn 0.9651 -0.1207 -0.2326
vn 0.9536 -0.1255 -0.2735
vn 0.9404 -0.1312 -0.3138
vn 0.9082 0.2207 -0.3556
vn 0.7879 0.5026 -0.3557
vn 0.7880 0.5026 -0.3556
vn 0.5564 0.7694 -0.3138
vn 0.5564 0.7693 -0.3138
vn 0.5697 0.7750 -0.2735
vn 0.5811 0.7799 -0.2325
vn 0.5811 0.7799 -0.2326
vn 0.5906 0.7840 -0.1911
vn 0.8268 0.5192 -0.2166
vn 0.8268 0.5191 -0.2166
vn 0.9470 0.2372 -0.2166
vn -0.0068 -0.1695 0.9855
vn -0.0511 -0.1883 0.9808
vn -0.0512 -0.1883 0.9808
vn -0.1270 0.1124 0.9855
vn -0.1269 0.1124 0.9855
vn -0.1713 0.0935 0.9808
vn -0.1714 0.0935 0.9808
vn -0.1713 0.0934 0.9808
vn 0.1723 -0.4588 0.8717
vn 0.1721 -0.4588 0.8717
vn 0.1722 -0.4587 0.8717
vn 0.1723 -0.4587 0.8717
vn 0.1330 -0.4755 0.8696
vn 0.0938 -0.4922 0.8654
vn 0.0549 -0.5087 0.8592
vn 0.0549 -0.5088 0.8592
vn -0.0953 -0.2072 0.9736
vn -0.2155 0.0747 0.9737
vn -0.2154 0.0747 0.9737
vn -0.2156 0.0747 0.9736
vn -0.3291 0.3918 0.8592
vn -0.2902 0.4084 0.8654
vn -0.2902 0.4084 0.8655
vn -0.2510 0.4251 0.8696
vn -0.2510 0.4252 0.8696
vn -0.2510 0.4253 0.8696
vn -0.2116 0.4418 0.8718
vn -0.2117 0.4419 0.8717
vn -0.2117 0.4418 0.8718
vn -0.2118 0.4419 0.8717
vn -0.0824 0.1314 0.9879
vn 0.0377 -0.1505 0.9879
vn 0.0377 -0.1503 0.9879
vn 0.8720 0.2052 0.4444
vn 0.8720 0.2052 0.4443
vn 0.8510 0.1963 0.4870
vn 0.8510 0.1964 0.4871
vn 0.8510 0.1964 0.4870
vn 0.7519 0.4871 0.4443
vn 0.7308 0.4782 0.4870
vn 0.7308 0.4782 0.4871
vn 0.9253 -0.1375 0.3536
vn 0.9253 -0.1376 0.3534
vn 0.9085 -0.1448 0.3921
vn 0.8899 -0.1527 0.4298
vn 0.8697 -0.1613 0.4665
vn 0.8281 0.1865 0.5287
vn 0.8281 0.1865 0.5286
vn 0.7079 0.4684 0.5287
vn 0.7079 0.4684 0.5286
vn 0.7080 0.4683 0.5287
vn 0.4857 0.7392 0.4666
vn 0.4857 0.7392 0.4665
vn 0.5059 0.7479 0.4298
vn 0.5244 0.7558 0.3922
vn 0.5245 0.7558 0.3921
vn 0.5413 0.7629 0.3534
vn 0.5413 0.7630 0.3534
vn 0.7709 0.4953 0.4005
vn 0.8911 0.2134 0.4005
vn 0.8720 0.2052 -0.4443
vn 0.8510 0.1963 -0.4871
vn 0.8510 0.1964 -0.4870
vn 0.7519 0.4871 -0.4443
vn 0.7518 0.4871 -0.4443
vn 0.7308 0.4782 -0.4870
vn 0.9253 -0.1376 -0.3534
vn 0.9085 -0.1448 -0.3921
vn 0.8899 -0.1527 -0.4298
vn 0.8697 -0.1612 -0.4665
vn 0.8697 -0.1613 -0.4665
vn 0.8696 -0.1613 -0.4666
vn 0.8281 0.1865 -0.5286
vn 0.8283 0.1866 -0.5282
vn 0.7080 0.4683 -0.5287
vn 0.7079 0.4684 -0.5286
vn 0.7079 0.4683 -0.5287
vn 0.4858 0.7392 -0.4665
vn 0.4858 0.7392 -0.4664
vn 0.4857 0.7392 -0.4665
vn 0.5060 0.7478 -0.4298
vn 0.5061 0.7478 -0.4298
vn 0.5060 0.7479 -0.4298
vn 0.5059 0.7479 -0.4298
vn 0.5245 0.7558 -0.3921
vn 0.5243 0.7558 -0.3921
vn 0.5413 0.7629 -0.3534
vn 0.5413 0.7630 -0.3534
vn 0.5413 0.7629 -0.3535
vn 0.7709 0.4953 -0.4005
vn 0.7709 0.4954 -0.4004
vn 0.8911 0.2134 -0.4005
vn -0.0068 -0.1695 -0.9855
vn -0.0511 -0.1884 -0.9808
vn -0.0509 -0.1884 -0.9808
vn -0.1269 0.1124 -0.9855
vn -0.1268 0.1124 -0.9855
vn -0.1270 0.1124 -0.9855
vn -0.1712 0.0936 -0.9808
vn -0.1712 0.0935 -0.9808
vn -0.1713 0.0935 -0.9808
vn 0.1723 -0.4587 -0.8717
vn 0.1331 -0.4755 -0.8696
vn 0.1330 -0.4755 -0.8696
vn 0.0937 -0.4922 -0.8654
vn 0.0938 -0.4921 -0.8654
vn 0.0935 -0.4923 -0.8654
vn 0.0549 -0.5088 -0.8591
vn 0.0549 -0.5089 -0.8591
vn -0.0953 -0.2072 -0.9736
vn -0.2155 0.0747 -0.9737
vn -0.2155 0.0747 -0.9736
vn -0.2154 0.0747 -0.9737
vn -0.3291 0.3918 -0.8592
vn -0.2901 0.4082 -0.8656
vn -0.2510 0.4251 -0.8696
vn -0.2512 0.4251 -0.8696
vn -0.2511 0.4251 -0.8696
vn -0.2118 0.4419 -0.8717
vn -0.2117 0.4419 -0.8717
vn -0.0824 0.1314 -0.9879
vn 0.0377 -0.1505 -0.9879
vn 0.0378 -0.1505 -0.9879
vn 0.9362 0.2326 0.2636
vn 0.9233 0.2271 0.3099
vn 0.9232 0.2271 0.3099
vn 0.9233 0.2272 0.3096
vn 0.9233 0.2269 0.3099
vn 0.8160 0.5145 0.2637
vn 0.8160 0.5145 0.2636
vn 0.8032 0.5087 0.3100
vn 0.8033 0.5085 0.3101
vn 0.8031 0.5090 0.3099
vn 0.9746 -0.1166 0.1911
vn 0.9746 -0.1166 0.1912
vn 0.9650 -0.1207 0.2326
vn 0.9651 -0.1207 0.2326
vn 0.9536 -0.1255 0.2735
vn 0.9404 -0.1312 0.3138
vn 0.9082 0.2207 0.3556
vn 0.7880 0.5026 0.3556
vn 0.7881 0.5025 0.3555
vn 0.5564 0.7693 0.3139
vn 0.5564 0.7694 0.3138
vn 0.5565 0.7693 0.3138
vn 0.5699 0.7749 0.2734
vn 0.5697 0.7750 0.2735
vn 0.5700 0.7749 0.2732
vn 0.5812 0.7798 0.2326
vn 0.5811 0.7799 0.2326
vn 0.5811 0.7798 0.2326
vn 0.5906 0.7840 0.1911
vn 0.8268 0.5191 0.2167
vn 0.8268 0.5191 0.2166
vn 0.9470 0.2372 0.2166
vn 0.7768 0.1645 -0.6079
vn 0.7767 0.1646 -0.6080
vn 0.7766 0.1647 -0.6080
vn 0.7485 0.1525 -0.6454
vn 0.6565 0.4465 -0.6080
vn 0.6282 0.4344 -0.6455
vn 0.6282 0.4344 -0.6454
vn 0.8478 -0.1707 -0.5021
vn 0.8243 -0.1807 -0.5365
vn 0.7994 -0.1913 -0.5695
vn 0.7730 -0.2026 -0.6012
vn 0.7730 -0.2027 -0.6012
vn 0.7185 0.1398 -0.6814
vn 0.7184 0.1398 -0.6814
vn 0.5983 0.4217 -0.6814
vn 0.5983 0.4217 -0.6813
vn 0.3890 0.6980 -0.6012
vn 0.3890 0.6979 -0.6013
vn 0.4154 0.7093 -0.5695
vn 0.4402 0.7199 -0.5366
vn 0.4403 0.7199 -0.5365
vn 0.4637 0.7300 -0.5021
vn 0.4638 0.7299 -0.5021
vn 0.6831 0.4578 -0.5690
vn 0.8033 0.1759 -0.5690
vn 0.8033 0.1760 -0.5690
vn -0.1824 -0.2443 -0.9524
vn -0.2250 -0.2625 -0.9383
vn -0.2251 -0.2624 -0.9383
vn -0.3026 0.0377 -0.9524
vn -0.3026 0.0376 -0.9524
vn -0.3453 0.0194 -0.9383
vn -0.3452 0.0194 -0.9383
vn 0.0162 -0.5253 -0.8508
vn 0.0162 -0.5252 -0.8508
vn -0.0220 -0.5415 -0.8404
vn -0.0596 -0.5576 -0.8280
vn -0.0968 -0.5734 -0.8136
vn -0.0969 -0.5735 -0.8135
vn -0.0967 -0.5734 -0.8136
vn -0.2670 -0.2804 -0.9220
vn -0.2670 -0.2802 -0.9221
vn -0.3872 0.0015 -0.9220
vn -0.4806 0.3271 -0.8136
vn -0.4806 0.3272 -0.8136
vn -0.4807 0.3272 -0.8136
vn -0.4806 0.3274 -0.8136
vn -0.4436 0.3430 -0.8280
vn -0.4436 0.3429 -0.8280
vn -0.4060 0.3591 -0.8404
vn -0.4059 0.3591 -0.8404
vn -0.3678 0.3753 -0.8508
vn -0.2593 0.0560 -0.9642
vn -0.1391 -0.2259 -0.9642
vn 0.9667 0.2456 0.0727
vn 0.9666 0.2456 0.0727
vn 0.9623 0.2437 0.1208
vn 0.9623 0.2438 0.1209
vn 0.9623 0.2437 0.1209
vn 0.8464 0.5275 0.0727
vn 0.8464 0.5275 0.0728
vn 0.8465 0.5275 0.0727
vn 0.8421 0.5256 0.1209
vn 0.9939 -0.1084 0.0214
vn 0.9919 -0.1092 0.0642
vn 0.9881 -0.1109 0.1067
vn 0.9823 -0.1134 0.1491
vn 0.9823 -0.1133 0.1490
vn 0.9557 0.2409 0.1689
vn 0.9558 0.2409 0.1689
vn 0.8357 0.5227 0.1686
vn 0.5983 0.7873 0.1490
vn 0.6041 0.7897 0.1067
vn 0.6041 0.7897 0.1066
vn 0.6080 0.7914 0.0642
vn 0.6079 0.7914 0.0642
vn 0.6080 0.7913 0.0642
vn 0.6099 0.7922 0.0214
vn 0.8487 0.5283 0.0243
vn 0.8486 0.5284 0.0243
vn 0.9688 0.2466 0.0243
vn 0.9688 0.2465 0.0243
vn 0.9688 0.2465 0.0244
vn 0.6538 0.1122 -0.7483
vn 0.6194 0.0976 -0.7790
vn 0.6195 0.0975 -0.7789
vn 0.6195 0.0975 -0.7790
vn 0.6194 0.0975 -0.7790
vn 0.5336 0.3941 -0.7483
vn 0.4992 0.3794 -0.7790
vn 0.7450 -0.2145 -0.6316
vn 0.7159 -0.2269 -0.6603
vn 0.7160 -0.2271 -0.6601
vn 0.6855 -0.2400 -0.6874
vn 0.6855 -0.2399 -0.6874
vn 0.6854 -0.2399 -0.6875
vn 0.6539 -0.2534 -0.7129
vn 0.5836 0.0822 -0.8079
vn 0.5835 0.0822 -0.8079
vn 0.4634 0.3641 -0.8079
vn 0.4634 0.3642 -0.8078
vn 0.2699 0.6472 -0.7129
vn 0.3015 0.6607 -0.6874
vn 0.3319 0.6737 -0.6603
vn 0.3611 0.6861 -0.6316
vn 0.5667 0.4082 -0.7157
vn 0.6868 0.1263 -0.7157
vn 0.6869 0.1263 -0.7157
vn -0.3487 -0.3152 -0.8827
vn -0.3488 -0.3152 -0.8826
vn -0.3486 -0.3152 -0.8827
vn -0.3879 -0.3320 -0.8598
vn -0.4687 -0.0333 -0.8827
vn -0.4684 -0.0331 -0.8829
vn -0.4688 -0.0333 -0.8827
vn -0.5081 -0.0501 -0.8598
vn -0.5082 -0.0501 -0.8598
vn -0.1331 -0.5889 -0.7972
vn -0.1331 -0.5889 -0.7971
vn -0.1687 -0.6041 -0.7789
vn -0.2033 -0.6189 -0.7587
vn -0.2032 -0.6189 -0.7588
vn -0.2371 -0.6333 -0.7367
vn -0.4262 -0.3483 -0.8349
vn -0.5464 -0.0665 -0.8349
vn -0.5464 -0.0664 -0.8349
vn -0.5465 -0.0664 -0.8348
vn -0.6212 0.2673 -0.7367
vn -0.6211 0.2673 -0.7367
vn -0.5873 0.2818 -0.7587
vn -0.5873 0.2817 -0.7587
vn -0.5527 0.2965 -0.7789
vn -0.5171 0.3117 -0.7972
vn -0.5171 0.3117 -0.7971
vn -0.4285 -0.0161 -0.9034
vn -0.3083 -0.2981 -0.9034
vn -0.3083 -0.2980 -0.9034
vn 0.9623 0.2437 -0.1209
vn 0.9666 0.2456 -0.0727
vn 0.8421 0.5256 -0.1209
vn 0.8464 0.5275 -0.0727
vn 0.8465 0.5275 -0.0727
vn 0.9823 -0.1132 -0.1489
vn 0.9823 -0.1133 -0.1490
vn 0.9824 -0.1131 -0.1488
vn 0.9881 -0.1109 -0.1067
vn 0.9881 -0.1108 -0.1066
vn 0.9919 -0.1092 -0.0642
vn 0.9919 -0.1091 -0.0642
vn 0.9939 -0.1084 -0.0214
vn 0.9689 0.2464 -0.0244
vn 0.9688 0.2465 -0.0243
vn 0.8486 0.5284 -0.0243
vn 0.6099 0.7922 -0.0213
vn 0.6099 0.7922 -0.0214
vn 0.6080 0.7914 -0.0642
vn 0.6079 0.7914 -0.0642
vn 0.6080 0.7913 -0.0642
vn 0.6041 0.7897 -0.1066
vn 0.6041 0.7897 -0.1067
vn 0.5984 0.7872 -0.1490
vn 0.5983 0.7873 -0.1490
vn 0.5983 0.7873 -0.1489
vn 0.8356 0.5228 -0.1689
vn 0.8356 0.5227 -0.1689
vn 0.8355 0.5228 -0.1689
vn 0.9557 0.2409 -0.1689
vn 0.5082 0.0501 -0.8598
vn 0.5082 0.0502 -0.8598
vn 0.5081 0.0501 -0.8598
vn 0.4688 0.0333 -0.8827
vn 0.4687 0.0333 -0.8827
vn 0.3879 0.3320 -0.8598
vn 0.3486 0.3152 -0.8827
vn 0.6212 -0.2675 -0.7366
vn 0.6211 -0.2677 -0.7366
vn 0.6211 -0.2675 -0.7366
vn 0.6211 -0.2673 -0.7367
vn 0.5873 -0.2817 -0.7587
vn 0.5874 -0.2818 -0.7587
vn 0.5526 -0.2965 -0.7789
vn 0.5527 -0.2965 -0.7789
vn 0.5526 -0.2966 -0.7789
vn 0.5171 -0.3119 -0.7971
vn 0.5172 -0.3120 -0.7969
vn 0.5172 -0.3118 -0.7971
vn 0.5171 -0.3117 -0.7972
vn 0.4285 0.0161 -0.9034
vn 0.3083 0.2980 -0.9034
vn 0.1331 0.5889 -0.7972
vn 0.1687 0.6042 -0.7788
vn 0.1688 0.6044 -0.7786
vn 0.1688 0.6042 -0.7788
vn 0.1687 0.6041 -0.7789
vn 0.2033 0.6189 -0.7587
vn 0.2034 0.6189 -0.7587
vn 0.2371 0.6333 -0.7367
vn 0.4262 0.3483 -0.8349
vn 0.5464 0.0664 -0.8349
vn 0.5463 0.0663 -0.8349
vn 0.5464 0.0663 -0.8349
vn -0.4992 -0.3794 -0.7790
vn -0.4993 -0.3794 -0.7790
vn -0.5336 -0.3941 -0.7483
vn -0.6194 -0.0975 -0.7790
vn -0.6538 -0.1122 -0.7483
vn -0.2699 -0.6472 -0.7129
vn -0.2699 -0.6473 -0.7129
vn -0.3015 -0.6607 -0.6874
vn -0.3015 -0.6607 -0.6875
vn -0.3319 -0.6737 -0.6603
vn -0.3610 -0.6861 -0.6316
vn -0.3611 -0.6861 -0.6316
vn -0.5667 -0.4082 -0.7157
vn -0.5667 -0.4081 -0.7157
vn -0.6869 -0.1263 -0.7157
vn -0.7451 0.2146 -0.6315
vn -0.7451 0.2145 -0.6315
vn -0.7159 0.2269 -0.6603
vn -0.6854 0.2400 -0.6875
vn -0.6855 0.2399 -0.6874
vn -0.6854 0.2399 -0.6875
vn -0.6538 0.2534 -0.7129
vn -0.6539 0.2534 -0.7129
vn -0.6539 0.2533 -0.7130
vn -0.6538 0.2536 -0.7129
vn -0.5835 -0.0823 -0.8079
vn -0.5835 -0.0822 -0.8079
vn -0.4634 -0.3642 -0.8079
vn -0.4634 -0.3641 -0.8079
vn 0.9232 0.2271 -0.3100
vn 0.8030 0.5090 -0.3099
vn 0.8030 0.5091 -0.3099
vn 0.9746 -0.1166 -0.1910
vn 0.5812 0.7798 -0.2326
vn 0.5813 0.7797 -0.2327
vn 0.5563 0.7694 -0.3138
vn 0.5564 0.7694 -0.3139
vn 0.7881 0.5025 -0.3554
vn 0.3452 -0.0193 -0.9383
vn 0.3452 -0.0194 -0.9383
vn 0.3027 -0.0376 -0.9523
vn 0.3026 -0.0376 -0.9524
vn 0.2250 0.2625 -0.9383
vn 0.1823 0.2443 -0.9524
vn 0.1824 0.2443 -0.9524
vn 0.4806 -0.3272 -0.8136
vn 0.4436 -0.3429 -0.8280
vn 0.4436 -0.3430 -0.8280
vn 0.4438 -0.3430 -0.8279
vn 0.4060 -0.3591 -0.8404
vn 0.3678 -0.3753 -0.8508
vn 0.3678 -0.3754 -0.8508
vn 0.2593 -0.0560 -0.9642
vn 0.1391 0.2259 -0.9642
vn -0.0162 0.5252 -0.8508
vn 0.0220 0.5415 -0.8404
vn 0.0596 0.5577 -0.8279
vn 0.0600 0.5579 -0.8277
vn 0.0597 0.5577 -0.8279
vn 0.0967 0.5735 -0.8135
vn 0.0967 0.5734 -0.8136
vn 0.0968 0.5737 -0.8134
vn 0.2670 0.2804 -0.9220
vn 0.3872 -0.0015 -0.9220
vn 0.3872 -0.0014 -0.9220
vn -0.6283 -0.4344 -0.6454
vn -0.6280 -0.4346 -0.6456
vn -0.6282 -0.4345 -0.6455
vn -0.6565 -0.4465 -0.6080
vn -0.7484 -0.1525 -0.6454
vn -0.7484 -0.1525 -0.6455
vn -0.7767 -0.1646 -0.6080
vn -0.3890 -0.6980 -0.6012
vn -0.3891 -0.6980 -0.6012
vn -0.4154 -0.7093 -0.5695
vn -0.4155 -0.7093 -0.5695
vn -0.4406 -0.7197 -0.5366
vn -0.4404 -0.7199 -0.5365
vn -0.4403 -0.7199 -0.5365
vn -0.4638 -0.7299 -0.5021
vn -0.4639 -0.7299 -0.5021
vn -0.6831 -0.4578 -0.5690
vn -0.6832 -0.4578 -0.5690
vn -0.8033 -0.1759 -0.5690
vn -0.8478 0.1706 -0.5021
vn -0.8478 0.1707 -0.5021
vn -0.8243 0.1807 -0.5365
vn -0.7994 0.1913 -0.5695
vn -0.7730 0.2025 -0.6012
vn -0.7729 0.2028 -0.6013
vn -0.7730 0.2026 -0.6012
vn -0.7185 -0.1398 -0.6814
vn -0.7185 -0.1398 -0.6813
vn -0.5982 -0.4216 -0.6814
vn -0.5983 -0.4217 -0.6814
vn -0.5983 -0.4216 -0.6814
vn 0.8510 0.1964 -0.4871
vn 0.8509 0.1963 -0.4872
vn 0.8720 0.2053 -0.4444
vn 0.8720 0.2053 -0.4443
vn 0.8722 0.2051 -0.4441
vn 0.8720 0.2054 -0.4444
vn 0.7307 0.4782 -0.4871
vn 0.7309 0.4781 -0.4870
vn 0.8899 -0.1526 -0.4298
vn 0.8911 0.2134 -0.4004
vn 0.5413 0.7630 -0.3533
vn 0.5245 0.7558 -0.3920
vn 0.7079 0.4685 -0.5286
vn 0.1713 -0.0934 -0.9808
vn 0.1713 -0.0935 -0.9808
vn 0.1714 -0.0933 -0.9808
vn 0.1270 -0.1124 -0.9855
vn 0.1269 -0.1124 -0.9855
vn 0.0511 0.1884 -0.9808
vn 0.0512 0.1883 -0.9808
vn 0.0068 0.1695 -0.9855
vn 0.0067 0.1695 -0.9855
vn 0.3292 -0.3918 -0.8592
vn 0.3291 -0.3918 -0.8592
vn 0.3291 -0.3917 -0.8592
vn 0.2902 -0.4084 -0.8654
vn 0.2901 -0.4082 -0.8656
vn 0.2901 -0.4083 -0.8655
vn 0.2510 -0.4251 -0.8696
vn 0.2117 -0.4419 -0.8717
vn 0.0824 -0.1314 -0.9879
vn -0.0377 0.1505 -0.9879
vn -0.1723 0.4587 -0.8717
vn -0.1330 0.4755 -0.8696
vn -0.0938 0.4921 -0.8655
vn -0.0938 0.4920 -0.8655
vn -0.0549 0.5088 -0.8591
vn 0.0953 0.2072 -0.9737
vn 0.0953 0.2072 -0.9736
vn 0.2155 -0.0747 -0.9736
vn -0.7308 -0.4782 -0.4870
vn -0.7519 -0.4871 -0.4443
vn -0.7518 -0.4871 -0.4443
vn -0.8510 -0.1963 -0.4871
vn -0.8510 -0.1963 -0.4870
vn -0.8720 -0.2053 -0.4443
vn -0.8720 -0.2053 -0.4444
vn -0.4857 -0.7392 -0.4665
vn -0.4857 -0.7392 -0.4666
vn -0.5059 -0.7479 -0.4298
vn -0.5060 -0.7478 -0.4299
vn -0.5059 -0.7478 -0.4298
vn -0.5245 -0.7557 -0.3922
vn -0.5245 -0.7558 -0.3921
vn -0.5412 -0.7629 -0.3537
vn -0.5413 -0.7630 -0.3534
vn -0.5411 -0.7630 -0.3537
vn -0.5409 -0.7630 -0.3539
vn -0.7709 -0.4953 -0.4005
vn -0.8911 -0.2133 -0.4005
vn -0.8911 -0.2134 -0.4005
vn -0.9253 0.1377 -0.3534
vn -0.9253 0.1376 -0.3534
vn -0.9253 0.1378 -0.3534
vn -0.9085 0.1448 -0.3921
vn -0.8899 0.1528 -0.4299
vn -0.8899 0.1527 -0.4298
vn -0.8697 0.1613 -0.4665
vn -0.8281 -0.1865 -0.5286
vn -0.7079 -0.4684 -0.5286
vn -0.7080 -0.4684 -0.5286
vn 0.7484 0.1525 -0.6454
vn 0.8034 0.1759 -0.5689
vn 0.4404 0.7199 -0.5364
vn 0.4152 0.7094 -0.5695
vn 0.4150 0.7095 -0.5696
vn 0.5983 0.4216 -0.6814
vn 0.5983 0.4215 -0.6815
vn -0.8030 -0.5090 -0.3099
vn -0.8160 -0.5145 -0.2635
vn -0.8160 -0.5145 -0.2636
vn -0.8160 -0.5144 -0.2636
vn -0.9232 -0.2271 -0.3099
vn -0.9362 -0.2326 -0.2636
vn -0.5564 -0.7694 -0.3138
vn -0.5697 -0.7750 -0.2735
vn -0.5696 -0.7751 -0.2735
vn -0.5811 -0.7799 -0.2327
vn -0.5811 -0.7799 -0.2326
vn -0.5810 -0.7799 -0.2326
vn -0.5906 -0.7840 -0.1911
vn -0.8268 -0.5191 -0.2166
vn -0.9470 -0.2372 -0.2167
vn -0.9470 -0.2372 -0.2166
vn -0.9746 0.1166 -0.1911
vn -0.9651 0.1206 -0.2327
vn -0.9651 0.1207 -0.2326
vn -0.9650 0.1210 -0.2325
vn -0.9536 0.1256 -0.2735
vn -0.9404 0.1312 -0.3138
vn -0.9404 0.1310 -0.3138
vn -0.9404 0.1313 -0.3138
vn -0.9082 -0.2207 -0.3556
vn -0.7880 -0.5026 -0.3556
vn 0.7451 -0.2144 -0.6316
vn 0.7451 -0.2143 -0.6316
vn 0.5667 0.4083 -0.7157
vn -0.8421 -0.5256 -0.1208
vn -0.8421 -0.5256 -0.1209
vn -0.8465 -0.5274 -0.0727
vn -0.8465 -0.5275 -0.0727
vn -0.9623 -0.2437 -0.1209
vn -0.9623 -0.2437 -0.1208
vn -0.9666 -0.2456 -0.0728
vn -0.9666 -0.2456 -0.0727
vn -0.5983 -0.7873 -0.1490
vn -0.5982 -0.7874 -0.1490
vn -0.5982 -0.7873 -0.1490
vn -0.6041 -0.7897 -0.1067
vn -0.6042 -0.7897 -0.1067
vn -0.6080 -0.7914 -0.0642
vn -0.6079 -0.7914 -0.0642
vn -0.6099 -0.7922 -0.0214
vn -0.8486 -0.5284 -0.0243
vn -0.8487 -0.5284 -0.0243
vn -0.9688 -0.2465 -0.0243
vn -0.9938 0.1086 -0.0216
vn -0.9939 0.1086 -0.0216
vn -0.9939 0.1086 -0.0215
vn -0.9938 0.1086 -0.0215
vn -0.9920 0.1088 -0.0638
vn -0.9919 0.1092 -0.0642
vn -0.9920 0.1092 -0.0640
vn -0.9881 0.1109 -0.1067
vn -0.9823 0.1133 -0.1490
vn -0.9557 -0.2409 -0.1690
vn -0.9557 -0.2409 -0.1689
vn -0.9557 -0.2410 -0.1689
vn -0.8355 -0.5229 -0.1689
vn -0.8355 -0.5228 -0.1689
vn 0.5081 0.0500 -0.8598
vn 0.5171 -0.3116 -0.7972
vn 0.5527 -0.2965 -0.7788
vn 0.5526 -0.2965 -0.7790
vn 0.2373 0.6331 -0.7369
vn 0.2370 0.6332 -0.7368
vn 0.2032 0.6189 -0.7587
vn 0.2030 0.6189 -0.7588
vn 0.1687 0.6040 -0.7789
vn 0.1329 0.5889 -0.7972
vn 0.1330 0.5889 -0.7972
vn 0.3082 0.2980 -0.9034
vn 0.4285 0.0160 -0.9034
vn 0.4286 0.0160 -0.9034
vn -0.8465 -0.5275 0.0727
vn -0.8421 -0.5256 0.1209
vn -0.8421 -0.5256 0.1208
vn -0.9666 -0.2456 0.0727
vn -0.9623 -0.2437 0.1208
vn -0.9623 -0.2437 0.1209
vn -0.6099 -0.7922 0.0214
vn -0.6079 -0.7914 0.0642
vn -0.6080 -0.7914 0.0642
vn -0.6080 -0.7913 0.0642
vn -0.6041 -0.7897 0.1067
vn -0.5983 -0.7873 0.1490
vn -0.8355 -0.5229 0.1689
vn -0.8356 -0.5228 0.1689
vn -0.8355 -0.5228 0.1689
vn -0.9557 -0.2410 0.1689
vn -0.9557 -0.2409 0.1689
vn -0.9823 0.1133 0.1490
vn -0.9881 0.1109 0.1068
vn -0.9881 0.1109 0.1067
vn -0.9920 0.1092 0.0640
vn -0.9919 0.1092 0.0642
vn -0.9920 0.1088 0.0638
vn -0.9939 0.1084 0.0214
vn -0.9939 0.1086 0.0216
vn -0.9939 0.1083 0.0214
vn -0.9688 -0.2465 0.0243
vn -0.8486 -0.5284 0.0243
vn 0.3027 -0.0376 -0.9524
vn 0.3025 -0.0375 -0.9524
vn 0.3451 -0.0194 -0.9384
vn 0.3451 -0.0194 -0.9383
vn 0.1824 0.2442 -0.9524
vn 0.4060 -0.3591 -0.8403
vn 0.3873 -0.0015 -0.9220
vn 0.0967 0.5734 -0.8135
vn 0.0596 0.5576 -0.8280
vn -0.8160 -0.5145 0.2636
vn -0.8160 -0.5144 0.2636
vn -0.8031 -0.5089 0.3099
vn -0.8031 -0.5090 0.3099
vn -0.9362 -0.2326 0.2636
vn -0.9232 -0.2271 0.3099
vn -0.9233 -0.2271 0.3099
vn -0.5907 -0.7839 0.1912
vn -0.5906 -0.7840 0.1911
vn -0.5811 -0.7799 0.2326
vn -0.5810 -0.7799 0.2326
vn -0.5697 -0.7750 0.2735
vn -0.5564 -0.7694 0.3138
vn -0.7880 -0.5026 0.3556
vn -0.9082 -0.2207 0.3556
vn -0.9404 0.1312 0.3138
vn -0.9536 0.1255 0.2735
vn -0.9536 0.1255 0.2736
vn -0.9650 0.1210 0.2325
vn -0.9651 0.1207 0.2326
vn -0.9746 0.1166 0.1911
vn -0.9746 0.1166 0.1910
vn -0.9470 -0.2372 0.2166
vn -0.9470 -0.2372 0.2168
vn -0.8268 -0.5191 0.2166
vn 0.1712 -0.0934 -0.9808
vn 0.0511 0.1883 -0.9808
vn 0.0510 0.1883 -0.9808
vn 0.2511 -0.4252 -0.8696
vn 0.3292 -0.3916 -0.8592
vn 0.3294 -0.3914 -0.8592
vn 0.2156 -0.0747 -0.9736
vn -0.0549 0.5088 -0.8592
vn -0.0549 0.5089 -0.8591
vn -0.0549 0.5087 -0.8592
vn -0.0939 0.4920 -0.8655
vn -0.1331 0.4755 -0.8696
vn 0.0825 -0.1314 -0.9879
vn -0.7518 -0.4871 0.4444
vn -0.7518 -0.4871 0.4443
vn -0.7308 -0.4782 0.4871
vn -0.7308 -0.4781 0.4871
vn -0.8720 -0.2054 0.4444
vn -0.8720 -0.2053 0.4443
vn -0.8720 -0.2053 0.4444
vn -0.8510 -0.1963 0.4872
vn -0.8510 -0.1963 0.4871
vn -0.8510 -0.1962 0.4871
vn -0.5413 -0.7630 0.3534
vn -0.5412 -0.7631 0.3533
vn -0.5245 -0.7558 0.3921
vn -0.5245 -0.7557 0.3921
vn -0.5244 -0.7558 0.3921
vn -0.5059 -0.7479 0.4298
vn -0.4857 -0.7392 0.4666
vn -0.4856 -0.7393 0.4665
vn -0.4857 -0.7392 0.4665
vn -0.7079 -0.4684 0.5286
vn -0.8281 -0.1865 0.5286
vn -0.8697 0.1613 0.4665
vn -0.8698 0.1613 0.4663
vn -0.8899 0.1527 0.4298
vn -0.9085 0.1448 0.3921
vn -0.9253 0.1376 0.3534
vn -0.9253 0.1377 0.3534
vn -0.8911 -0.2134 0.4005
vn -0.7709 -0.4953 0.4005
vn 0.0938 -0.4922 -0.8654
vn -0.2904 0.4085 -0.8654
vn -0.2902 0.4084 -0.8654
vn -0.2902 0.4084 -0.8655
vn -0.3291 0.3917 -0.8592
vn -0.3291 0.3916 -0.8592
vn -0.6565 -0.4465 0.6080
vn -0.6565 -0.4466 0.6079
vn -0.6565 -0.4467 0.6078
vn -0.6283 -0.4344 0.6454
vn -0.6282 -0.4344 0.6455
vn -0.7767 -0.1646 0.6080
vn -0.7485 -0.1525 0.6454
vn -0.7484 -0.1525 0.6454
vn -0.4638 -0.7299 0.5021
vn -0.4403 -0.7199 0.5365
vn -0.4154 -0.7093 0.5695
vn -0.3889 -0.6980 0.6012
vn -0.3890 -0.6980 0.6012
vn -0.3890 -0.6980 0.6013
vn -0.5983 -0.4217 0.6814
vn -0.5983 -0.4217 0.6813
vn -0.7185 -0.1398 0.6813
vn -0.7185 -0.1398 0.6814
vn -0.7729 0.2027 0.6012
vn -0.7730 0.2026 0.6012
vn -0.7731 0.2026 0.6011
vn -0.7994 0.1914 0.5695
vn -0.7994 0.1913 0.5695
vn -0.8243 0.1807 0.5365
vn -0.8243 0.1808 0.5365
vn -0.8478 0.1707 0.5021
vn -0.8478 0.1706 0.5021
vn -0.8033 -0.1759 0.5690
vn -0.8034 -0.1759 0.5689
vn -0.6831 -0.4578 0.5690
vn -0.1825 -0.2443 -0.9524
vn -0.1824 -0.2444 -0.9524
vn -0.3028 0.0376 -0.9523
vn -0.3026 0.0375 -0.9524
vn -0.0973 -0.5737 -0.8133
vn -0.0966 -0.5733 -0.8137
vn -0.1391 -0.2260 -0.9642
vn -0.2595 0.0562 -0.9641
vn -0.2595 0.0561 -0.9641
vn -0.3678 0.3752 -0.8509
vn -0.3873 0.0017 -0.9220
vn -0.5336 -0.3941 0.7483
vn -0.5337 -0.3941 0.7482
vn -0.4992 -0.3794 0.7790
vn -0.6538 -0.1122 0.7483
vn -0.6538 -0.1124 0.7483
vn -0.6539 -0.1122 0.7482
vn -0.6194 -0.0975 0.7790
vn -0.6194 -0.0973 0.7790
vn -0.3610 -0.6861 0.6316
vn -0.3611 -0.6861 0.6316
vn -0.3319 -0.6737 0.6603
vn -0.3015 -0.6607 0.6875
vn -0.3015 -0.6607 0.6874
vn -0.2699 -0.6472 0.7129
vn -0.4634 -0.3641 0.8079
vn -0.5835 -0.0822 0.8079
vn -0.5839 -0.0818 0.8077
vn -0.5836 -0.0822 0.8079
vn -0.5835 -0.0823 0.8079
vn -0.6539 0.2534 0.7129
vn -0.6855 0.2399 0.6874
vn -0.7159 0.2269 0.6604
vn -0.7159 0.2269 0.6603
vn -0.7452 0.2145 0.6313
vn -0.7453 0.2145 0.6312
vn -0.7451 0.2145 0.6315
vn -0.6869 -0.1263 0.7157
vn -0.5667 -0.4082 0.7157
vn -0.2371 -0.6332 -0.7368
vn -0.2371 -0.6332 -0.7367
vn -0.2034 -0.6189 -0.7586
vn -0.2034 -0.6189 -0.7587
vn -0.1687 -0.6042 -0.7788
vn -0.1687 -0.6041 -0.7788
vn -0.1333 -0.5889 -0.7971
vn -0.5170 0.3115 -0.7973
vn -0.5170 0.3117 -0.7972
vn -0.6211 0.2673 -0.7368
vn -0.5463 -0.0662 -0.8350
vn -0.4262 -0.3481 -0.8350
vn -0.4262 -0.3484 -0.8349
vn -0.3879 -0.3320 0.8598
vn -0.3486 -0.3151 0.8827
vn -0.3486 -0.3152 0.8827
vn -0.3485 -0.3151 0.8827
vn -0.5081 -0.0501 0.8598
vn -0.5081 -0.0502 0.8598
vn -0.4687 -0.0333 0.8827
vn -0.4683 -0.0331 0.8829
vn -0.4688 -0.0333 0.8827
vn -0.2370 -0.6332 0.7368
vn -0.2371 -0.6333 0.7367
vn -0.2034 -0.6189 0.7587
vn -0.2035 -0.6191 0.7585
vn -0.2033 -0.6189 0.7587
vn -0.1687 -0.6041 0.7789
vn -0.1687 -0.6041 0.7788
vn -0.1331 -0.5889 0.7972
vn -0.1331 -0.5888 0.7972
vn -0.1330 -0.5889 0.7972
vn -0.3083 -0.2980 0.9034
vn -0.4285 -0.0161 0.9034
vn -0.5171 0.3117 0.7971
vn -0.5171 0.3117 0.7972
vn -0.5527 0.2965 0.7789
vn -0.5873 0.2817 0.7588
vn -0.5873 0.2817 0.7587
vn -0.5874 0.2817 0.7587
vn -0.6211 0.2673 0.7367
vn -0.6212 0.2673 0.7367
vn -0.5465 -0.0664 0.8348
vn -0.5464 -0.0664 0.8349
vn -0.5464 -0.0665 0.8349
vn -0.4261 -0.3483 0.8349
vn -0.4262 -0.3483 0.8349
vn -0.4994 -0.3793 -0.7789
vn -0.3611 -0.6862 -0.6315
vn -0.3611 -0.6860 -0.6316
vn -0.3611 -0.6861 -0.6315
vn -0.3612 -0.6861 -0.6315
vn -0.2700 -0.6472 -0.7129
vn -0.4636 -0.3640 -0.8078
vn -0.4633 -0.3642 -0.8079
vn -0.6853 0.2401 -0.6876
vn -0.6855 0.2401 -0.6873
vn -0.7451 0.2145 -0.6316
vn -0.7451 0.2144 -0.6316
vn -0.7452 0.2145 -0.6315
vn -0.2250 -0.2624 0.9384
vn -0.2250 -0.2625 0.9383
vn -0.2252 -0.2628 0.9382
vn -0.1823 -0.2442 0.9524
vn -0.1824 -0.2443 0.9524
vn -0.3451 0.0194 0.9384
vn -0.3452 0.0192 0.9383
vn -0.3449 0.0197 0.9384
vn -0.3026 0.0376 0.9524
vn -0.3026 0.0374 0.9524
vn -0.0966 -0.5734 0.8136
vn -0.0965 -0.5732 0.8137
vn -0.0967 -0.5734 0.8136
vn -0.0596 -0.5576 0.8280
vn -0.0220 -0.5415 0.8404
vn 0.0162 -0.5252 0.8508
vn -0.1391 -0.2259 0.9642
vn -0.2593 0.0560 0.9642
vn -0.3678 0.3753 0.8508
vn -0.3679 0.3753 0.8508
vn -0.3678 0.3754 0.8508
vn -0.4060 0.3591 0.8404
vn -0.4436 0.3430 0.8280
vn -0.4806 0.3272 0.8136
vn -0.4805 0.3271 0.8137
vn -0.3871 0.0015 0.9220
vn -0.3872 0.0015 0.9220
vn -0.2670 -0.2804 0.9220
vn -0.6564 -0.4466 -0.6080
vn -0.6282 -0.4344 -0.6455
vn -0.6282 -0.4344 -0.6454
vn -0.7766 -0.1647 -0.6081
vn -0.4638 -0.7298 -0.5022
vn -0.4637 -0.7299 -0.5021
vn -0.4403 -0.7200 -0.5365
vn -0.4153 -0.7093 -0.5695
vn -0.3890 -0.6979 -0.6013
vn -0.3890 -0.6980 -0.6013
vn -0.5982 -0.4217 -0.6814
vn -0.7730 0.2024 -0.6013
vn -0.7729 0.2026 -0.6013
vn -0.7730 0.2024 -0.6012
vn -0.7733 0.2022 -0.6010
vn -0.7994 0.1913 -0.5696
vn -0.8478 0.1706 -0.5022
vn -0.8033 -0.1757 -0.5690
vn -0.8033 -0.1759 -0.5691
vn -0.6831 -0.4579 -0.5690
vn -0.0511 -0.1884 0.9808
vn -0.0512 -0.1884 0.9808
vn -0.1713 0.0933 0.9808
vn -0.1268 0.1124 0.9855
vn 0.1331 -0.4755 0.8696
vn -0.2901 0.4082 0.8656
vn -0.2900 0.4082 0.8656
vn -0.3290 0.3917 0.8593
vn -0.3290 0.3917 0.8592
vn -0.3290 0.3916 0.8593
vn -0.2155 0.0747 0.9736
vn -0.7518 -0.4872 -0.4443
vn -0.7309 -0.4781 -0.4871
vn -0.7308 -0.4782 -0.4871
vn -0.5412 -0.7630 -0.3534
vn -0.5413 -0.7629 -0.3534
vn -0.5412 -0.7630 -0.3535
vn -0.5244 -0.7558 -0.3921
vn -0.4858 -0.7392 -0.4665
vn -0.4857 -0.7393 -0.4665
vn -0.7079 -0.4684 -0.5287
vn 0.1270 -0.1123 0.9855
vn 0.1270 -0.1122 0.9855
vn 0.1270 -0.1124 0.9855
vn 0.1713 -0.0935 0.9808
vn 0.0068 0.1695 0.9855
vn 0.0511 0.1884 0.9808
vn 0.0509 0.1884 0.9808
vn 0.2117 -0.4420 0.8717
vn 0.2117 -0.4419 0.8717
vn 0.2510 -0.4251 0.8696
vn 0.2511 -0.4251 0.8696
vn 0.2903 -0.4085 0.8654
vn 0.2902 -0.4084 0.8654
vn 0.2902 -0.4085 0.8654
vn 0.3291 -0.3918 0.8592
vn 0.2155 -0.0747 0.9736
vn 0.0953 0.2072 0.9736
vn 0.0954 0.2072 0.9736
vn -0.0549 0.5088 0.8591
vn -0.0549 0.5087 0.8592
vn -0.0549 0.5088 0.8592
vn -0.0938 0.4921 0.8655
vn -0.1330 0.4755 0.8696
vn -0.1723 0.4587 0.8717
vn -0.0377 0.1506 0.9879
vn -0.0377 0.1505 0.9879
vn 0.0824 -0.1314 0.9879
vn -0.8031 -0.5090 -0.3099
vn -0.5906 -0.7840 -0.1910
vn -0.5906 -0.7840 -0.1909
vn -0.9403 0.1314 -0.3138
vn -0.9536 0.1255 -0.2735
vn -0.9537 0.1255 -0.2735
vn -0.9470 -0.2373 -0.2167
vn -0.9469 -0.2373 -0.2167
vn -0.8268 -0.5191 -0.2167
vn -0.8268 -0.5191 -0.2168
vn 0.3026 -0.0376 0.9524
vn 0.3452 -0.0194 0.9383
vn 0.1824 0.2443 0.9524
vn 0.1823 0.2442 0.9524
vn 0.2250 0.2625 0.9383
vn 0.3678 -0.3753 0.8508
vn 0.4060 -0.3591 0.8404
vn 0.4059 -0.3591 0.8404
vn 0.4436 -0.3429 0.8280
vn 0.4438 -0.3430 0.8279
vn 0.4436 -0.3430 0.8280
vn 0.4806 -0.3272 0.8136
vn 0.4807 -0.3272 0.8136
vn 0.3872 -0.0015 0.9220
vn 0.3871 -0.0015 0.9220
vn 0.2670 0.2804 0.9220
vn 0.2671 0.2804 0.9220
vn 0.0967 0.5734 0.8136
vn 0.0967 0.5733 0.8136
vn 0.0597 0.5577 0.8279
vn 0.0600 0.5579 0.8277
vn 0.0596 0.5576 0.8280
vn 0.0220 0.5415 0.8404
vn -0.0162 0.5252 0.8508
vn 0.1391 0.2259 0.9642
vn 0.2593 -0.0560 0.9642
vn -0.9666 -0.2458 -0.0728
vn -0.9623 -0.2436 -0.1209
vn -0.6041 -0.7897 -0.1066
vn -0.6041 -0.7898 -0.1065
vn -0.5983 -0.7873 -0.1488
vn -0.5983 -0.7873 -0.1489
vn -0.5984 -0.7873 -0.1487
vn -0.5985 -0.7873 -0.1484
vn -0.9919 0.1092 -0.0643
vn -0.9939 0.1084 -0.0214
vn -0.9688 -0.2466 -0.0243
vn 0.4689 0.0333 0.8826
vn 0.4691 0.0334 0.8825
vn 0.4688 0.0333 0.8827
vn 0.5082 0.0501 0.8598
vn 0.5081 0.0501 0.8598
vn 0.5082 0.0502 0.8598
vn 0.5085 0.0504 0.8596
vn 0.3486 0.3152 0.8827
vn 0.3879 0.3321 0.8598
vn 0.3879 0.3322 0.8598
vn 0.3880 0.3320 0.8598
vn 0.5171 -0.3117 0.7972
vn 0.5171 -0.3116 0.7972
vn 0.5527 -0.2965 0.7789
vn 0.5873 -0.2817 0.7587
vn 0.6210 -0.2673 0.7368
vn 0.6211 -0.2673 0.7367
vn 0.6210 -0.2674 0.7368
vn 0.6209 -0.2674 0.7368
vn 0.5464 0.0664 0.8349
vn 0.5464 0.0665 0.8349
vn 0.5464 0.0666 0.8349
vn 0.4262 0.3483 0.8349
vn 0.2371 0.6333 0.7367
vn 0.2371 0.6334 0.7366
vn 0.2033 0.6189 0.7587
vn 0.2034 0.6188 0.7587
vn 0.2033 0.6188 0.7587
vn 0.1687 0.6040 0.7789
vn 0.1687 0.6041 0.7789
vn 0.1331 0.5889 0.7972
vn 0.3083 0.2980 0.9034
vn 0.4285 0.0161 0.9034
vn -0.9666 -0.2456 0.0728
vn -0.5982 -0.7874 0.1489
vn -0.5982 -0.7874 0.1488
vn -0.6041 -0.7897 0.1066
vn -0.6042 -0.7897 0.1067
vn -0.6041 -0.7898 0.1065
vn -0.9919 0.1093 0.0642
vn -0.9823 0.1132 0.1490
vn -0.9823 0.1133 0.1491
vn -0.9823 0.1131 0.1492
vn 0.6195 0.0975 0.7790
vn 0.6194 0.0975 0.7790
vn 0.6195 0.0975 0.7789
vn 0.6196 0.0976 0.7788
vn 0.6538 0.1122 0.7483
vn 0.4992 0.3794 0.7790
vn 0.5336 0.3941 0.7483
vn 0.6539 -0.2534 0.7129
vn 0.6855 -0.2399 0.6874
vn 0.7159 -0.2269 0.6603
vn 0.7161 -0.2273 0.6599
vn 0.7450 -0.2145 0.6316
vn 0.6869 0.1263 0.7157
vn 0.5667 0.4082 0.7157
vn 0.3611 0.6861 0.6316
vn 0.3319 0.6737 0.6603
vn 0.3015 0.6607 0.6874
vn 0.3015 0.6608 0.6873
vn 0.2699 0.6472 0.7129
vn 0.2700 0.6471 0.7130
vn 0.4634 0.3638 0.8081
vn 0.4634 0.3641 0.8079
vn 0.5835 0.0822 0.8079
vn -0.8030 -0.5090 0.3099
vn -0.9232 -0.2271 0.3100
vn -0.9231 -0.2271 0.3102
vn -0.9362 -0.2326 0.2635
vn -0.9362 -0.2326 0.2634
vn -0.5811 -0.7799 0.2325
vn -0.9746 0.1167 0.1911
vn -0.9536 0.1256 0.2735
vn -0.9537 0.1256 0.2734
vn 0.7484 0.1527 0.6455
vn 0.7484 0.1525 0.6454
vn 0.7767 0.1646 0.6080
vn 0.6283 0.4344 0.6454
vn 0.6283 0.4343 0.6454
vn 0.6282 0.4344 0.6454
vn 0.6565 0.4465 0.6080
vn 0.7730 -0.2026 0.6012
vn 0.7730 -0.2027 0.6012
vn 0.7995 -0.1911 0.5695
vn 0.7995 -0.1910 0.5695
vn 0.7994 -0.1913 0.5695
vn 0.8243 -0.1807 0.5365
vn 0.8478 -0.1707 0.5021
vn 0.8477 -0.1707 0.5022
vn 0.8478 -0.1706 0.5021
vn 0.8033 0.1759 0.5690
vn 0.8034 0.1758 0.5689
vn 0.6831 0.4578 0.5690
vn 0.4638 0.7299 0.5022
vn 0.4638 0.7299 0.5021
vn 0.4640 0.7298 0.5022
vn 0.4403 0.7199 0.5365
vn 0.4154 0.7093 0.5694
vn 0.4154 0.7095 0.5693
vn 0.4155 0.7093 0.5694
vn 0.4155 0.7093 0.5695
vn 0.3890 0.6980 0.6012
vn 0.5982 0.4217 0.6814
vn 0.5983 0.4217 0.6814
vn 0.7185 0.1398 0.6814
vn -0.7308 -0.4782 0.4870
vn -0.7518 -0.4872 0.4443
vn -0.7518 -0.4872 0.4444
vn -0.8510 -0.1963 0.4870
vn -0.8721 -0.2052 0.4443
vn -0.5412 -0.7630 0.3534
vn -0.5411 -0.7631 0.3534
vn -0.8911 -0.2134 0.4006
vn -0.8281 -0.1866 0.5286
vn -0.7079 -0.4683 0.5287
vn -0.7079 -0.4684 0.5287
vn -0.7079 -0.4682 0.5288
vn 0.1269 -0.1124 0.9855
vn 0.0511 0.1883 0.9808
vn 0.0512 0.1884 0.9808
vn 0.3290 -0.3922 0.8591
vn 0.3292 -0.3919 0.8591
vn 0.2902 -0.4084 0.8655
vn 0.2116 -0.4421 0.8717
vn -0.1720 0.4590 0.8716
vn -0.1328 0.4756 0.8696
vn 0.8720 0.2053 0.4443
vn 0.7518 0.4871 0.4443
vn 0.9253 -0.1377 0.3534
vn 0.5412 0.7630 0.3534
vn 0.5412 0.7631 0.3534
vn 0.4855 0.7395 0.4663
vn 0.4857 0.7393 0.4664
vn 0.4856 0.7393 0.4665
vn 0.7079 0.4685 0.5286
vn -0.6282 -0.4345 0.6454
vn -0.6281 -0.4345 0.6456
vn -0.7484 -0.1526 0.6455
vn -0.3891 -0.6980 0.6012
vn -0.3890 -0.6979 0.6014
vn -0.7995 0.1914 0.5694
vn -0.7995 0.1913 0.5695
vn -0.7730 0.2025 0.6012
vn -0.7731 0.2025 0.6011
vn -0.7731 0.2024 0.6011
vn -0.5982 -0.4217 0.6814
vn 0.3451 -0.0194 0.9383
vn 0.3026 -0.0375 0.9524
vn 0.2251 0.2625 0.9383
vn 0.1824 0.2442 0.9524
vn 0.3677 -0.3754 0.8508
vn 0.1391 0.2260 0.9642
vn 0.1390 0.2265 0.9640
vn -0.0162 0.5253 0.8508
vn 0.2671 0.2805 0.9220
vn 0.2671 0.2805 0.9219
vn 0.3873 -0.0015 0.9220
vn 0.9232 0.2271 0.3100
vn 0.8031 0.5090 0.3098
vn 0.8161 0.5144 0.2636
vn 0.8160 0.5144 0.2636
vn 0.9404 -0.1311 0.3138
vn 0.9470 0.2372 0.2165
vn 0.5812 0.7800 0.2322
vn 0.9082 0.2208 0.3556
vn -0.4992 -0.3794 0.7791
vn -0.6194 -0.0976 0.7790
vn -0.3611 -0.6861 0.6315
vn -0.3612 -0.6861 0.6315
vn -0.7450 0.2145 0.6316
vn -0.7451 0.2145 0.6316
vn -0.6852 0.2396 0.6878
vn -0.6855 0.2397 0.6875
vn -0.6855 0.2399 0.6875
vn -0.6854 0.2401 0.6875
vn 0.5078 0.0502 0.8600
vn 0.3879 0.3320 0.8598
vn 0.5873 -0.2817 0.7588
vn 0.5171 -0.3117 0.7971
vn 0.3083 0.2979 0.9034
vn 0.9623 0.2436 0.1210
vn 0.9666 0.2456 0.0728
vn 0.8421 0.5256 0.1210
vn 0.9823 -0.1134 0.1490
vn 0.9939 -0.1084 0.0213
vn 0.9688 0.2467 0.0243
vn 0.8486 0.5284 0.0244
vn 0.6042 0.7897 0.1067
vn 0.8355 0.5228 0.1689
vn 0.8356 0.5228 0.1689
vn -0.3486 -0.3153 0.8827
vn -0.3879 -0.3321 0.8598
vn -0.4688 -0.0332 0.8827
vn -0.1331 -0.5888 0.7973
vn -0.5526 0.2965 0.7789
vn -0.5526 0.2966 0.7789
vn -0.5172 0.3117 0.7971
vn -0.4285 -0.0160 0.9034
vn -0.3084 -0.2980 0.9034
vn 0.7451 -0.2144 0.6316
vn 0.7451 -0.2145 0.6316
vn 0.5835 0.0823 0.8079
vn 0.9666 0.2457 -0.0727
vn 0.8421 0.5257 -0.1209
vn 0.9919 -0.1093 -0.0642
vn 0.5982 0.7874 -0.1489
vn 0.6041 0.7897 -0.1069
vn 0.6042 0.7897 -0.1068
vn 0.6042 0.7896 -0.1067
vn 0.8487 0.5283 -0.0243
vn 0.8487 0.5284 -0.0243
vn -0.1824 -0.2442 0.9524
vn -0.3026 0.0377 0.9524
vn -0.3452 0.0194 0.9383
vn -0.3452 0.0193 0.9383
vn 0.0163 -0.5252 0.8508
vn 0.0162 -0.5253 0.8507
vn 0.0162 -0.5253 0.8508
vn -0.0595 -0.5576 0.8280
vn -0.4063 0.3595 0.8400
vn -0.4061 0.3593 0.8403
vn -0.4062 0.3593 0.8402
vn -0.4064 0.3594 0.8401
vn -0.3678 0.3751 0.8509
vn -0.2595 0.0562 0.9641
vn -0.2596 0.0563 0.9641
vn 0.6280 0.4344 0.6457
vn 0.6282 0.4345 0.6455
vn 0.8478 -0.1707 0.5022
vn 0.8477 -0.1707 0.5023
vn 0.7730 -0.2026 0.6011
vn 0.7730 -0.2025 0.6012
vn 0.7185 0.1398 0.6813
vn 0.7185 0.1399 0.6813
vn 0.5983 0.4216 0.6814
vn 0.5984 0.4216 0.6813
vn 0.4154 0.7093 0.5696
vn 0.4154 0.7093 0.5695
vn 0.4404 0.7199 0.5364
vt 0.000000 0.000000
s 1
g off
usemtl Goddard_None
f 1/1/1 2/1/2 3/1/3
f 3/1/3 4/1/4 1/1/1
f 4/1/4 3/1/3 5/1/5
f 5/1/5 6/1/6 4/1/4
f 4/1/7 7/1/8 8/1/9
f 8/1/9 1/1/10 4/1/7
f 9/1/11 7/1/8 4/1/7
f 4/1/7 6/1/12 9/1/11
f 10/1/13 11/1/13 12/1/13
f 12/1/13 2/1/13 10/1/13
f 13/1/14 3/1/14 2/1/14
f 2/1/14 12/1/14 13/1/14
f 13/1/15 14/1/15 5/1/15
f 5/1/15 3/1/15 13/1/15
f 5/1/16 14/1/16 15/1/16
f 15/1/16 16/1/16 5/1/16
f 17/1/17 6/1/6 5/1/5
f 5/1/5 16/1/18 17/1/17
f 17/1/19 18/1/20 9/1/11
f 9/1/11 6/1/12 17/1/19
f 19/1/21 9/1/21 18/1/22
f 18/1/22 20/1/23 19/1/21
f 9/1/24 19/1/24 21/1/24
f 21/1/24 7/1/24 9/1/24
f 7/1/25 21/1/25 22/1/26
f 22/1/26 8/1/25 7/1/25
f 22/1/27 23/1/28 24/1/29
f 24/1/29 8/1/30 22/1/27
f 1/1/10 8/1/9 24/1/31
f 24/1/31 25/1/32 1/1/10
f 10/1/33 2/1/2 1/1/1
f 1/1/1 25/1/34 10/1/33
f 26/1/35 27/1/36 28/1/37
f 28/1/37 29/1/38 26/1/35
f 30/1/39 31/1/40 27/1/41
f 27/1/41 26/1/42 30/1/39
f 27/1/36 32/1/43 33/1/44
f 33/1/44 28/1/37 27/1/36
f 27/1/41 31/1/40 34/1/45
f 34/1/45 32/1/46 27/1/41
f 35/1/47 29/1/47 36/1/47
f 36/1/47 37/1/47 35/1/47
f 26/1/35 29/1/38 35/1/48
f 35/1/48 38/1/49 26/1/35
f 39/1/50 30/1/39 26/1/42
f 26/1/42 38/1/51 39/1/50
f 30/1/52 39/1/52 40/1/52
f 40/1/52 41/1/53 30/1/52
f 42/1/54 31/1/54 30/1/54
f 30/1/54 41/1/54 42/1/54
f 43/1/55 34/1/55 31/1/55
f 31/1/55 42/1/55 43/1/55
f 44/1/56 34/1/56 43/1/56
f 43/1/56 45/1/56 44/1/56
f 44/1/57 46/1/58 32/1/46
f 32/1/46 34/1/45 44/1/57
f 32/1/43 46/1/59 47/1/60
f 47/1/60 33/1/44 32/1/43
f 48/1/61 33/1/61 47/1/62
f 47/1/62 49/1/61 48/1/61
f 28/1/63 33/1/63 48/1/63
f 48/1/63 50/1/63 28/1/63
f 29/1/64 28/1/65 50/1/64
f 50/1/64 36/1/66 29/1/64
f 51/1/67 52/1/68 53/1/69
f 53/1/69 54/1/70 51/1/67
f 55/1/71 56/1/72 52/1/73
f 52/1/73 51/1/74 55/1/71
f 52/1/68 57/1/75 58/1/76
f 58/1/76 53/1/69 52/1/68
f 52/1/73 56/1/72 59/1/77
f 59/1/77 57/1/78 52/1/73
f 54/1/79 60/1/79 61/1/79
f 61/1/79 62/1/79 54/1/79
f 62/1/80 63/1/81 51/1/67
f 51/1/67 54/1/70 62/1/80
f 55/1/71 51/1/74 63/1/82
f 63/1/82 64/1/83 55/1/71
f 64/1/84 65/1/85 66/1/85
f 66/1/85 55/1/85 64/1/84
f 67/1/86 56/1/87 55/1/86
f 55/1/86 66/1/86 67/1/86
f 68/1/88 59/1/88 56/1/88
f 56/1/88 67/1/88 68/1/88
f 39/1/89 59/1/89 68/1/89
f 68/1/89 40/1/89 39/1/89
f 38/1/51 57/1/78 59/1/77
f 59/1/77 39/1/50 38/1/51
f 38/1/49 35/1/48 58/1/76
f 58/1/76 57/1/75 38/1/49
f 35/1/90 37/1/90 69/1/90
f 69/1/90 58/1/91 35/1/90
f 53/1/92 58/1/92 69/1/92
f 69/1/92 70/1/93 53/1/92
f 54/1/94 53/1/94 70/1/94
f 70/1/94 60/1/94 54/1/94
f 71/1/95 72/1/96 73/1/97
f 73/1/97 74/1/98 71/1/95
f 75/1/99 76/1/100 72/1/101
f 72/1/101 71/1/102 75/1/99
f 72/1/96 77/1/103 78/1/104
f 78/1/104 73/1/97 72/1/96
f 72/1/101 76/1/100 79/1/105
f 79/1/105 77/1/106 72/1/101
f 80/1/107 81/1/107 82/1/107
f 82/1/107 74/1/107 80/1/107
f 71/1/95 74/1/98 82/1/108
f 82/1/108 83/1/109 71/1/95
f 75/1/99 71/1/102 83/1/110
f 83/1/110 84/1/111 75/1/99
f 84/1/112 85/1/112 86/1/112
f 86/1/112 75/1/113 84/1/112
f 87/1/114 76/1/114 75/1/115
f 75/1/115 86/1/114 87/1/114
f 88/1/116 79/1/117 76/1/116
f 76/1/116 87/1/116 88/1/116
f 65/1/118 64/1/119 79/1/120
f 79/1/120 88/1/121 65/1/118
f 63/1/82 77/1/106 79/1/105
f 79/1/105 64/1/83 63/1/82
f 63/1/81 62/1/80 78/1/104
f 78/1/104 77/1/103 63/1/81
f 62/1/122 61/1/122 89/1/122
f 89/1/122 78/1/122 62/1/122
f 78/1/123 89/1/123 90/1/123
f 90/1/123 73/1/124 78/1/123
f 74/1/125 73/1/126 90/1/127
f 90/1/127 80/1/125 74/1/125
f 91/1/128 92/1/129 93/1/130
f 93/1/130 94/1/131 91/1/128
f 95/1/132 96/1/133 92/1/134
f 92/1/134 91/1/135 95/1/132
f 92/1/129 97/1/136 98/1/137
f 98/1/137 93/1/130 92/1/129
f 92/1/134 96/1/133 99/1/138
f 99/1/138 97/1/139 92/1/134
f 94/1/140 100/1/140 101/1/140
f 101/1/140 102/1/140 94/1/140
f 94/1/131 102/1/141 103/1/142
f 103/1/142 91/1/128 94/1/131
f 103/1/143 104/1/144 95/1/132
f 95/1/132 91/1/135 103/1/143
f 105/1/145 95/1/145 104/1/146
f 104/1/146 106/1/145 105/1/145
f 96/1/147 95/1/147 105/1/147
f 105/1/147 107/1/147 96/1/147
f 108/1/148 99/1/149 96/1/149
f 96/1/149 107/1/150 108/1/148
f 85/1/151 84/1/151 99/1/151
f 99/1/151 108/1/151 85/1/151
f 83/1/110 97/1/139 99/1/138
f 99/1/138 84/1/111 83/1/110
f 83/1/109 82/1/108 98/1/137
f 98/1/137 97/1/136 83/1/109
f 82/1/152 81/1/152 109/1/152
f 109/1/152 98/1/152 82/1/152
f 98/1/153 109/1/153 110/1/153
f 110/1/153 93/1/153 98/1/153
f 100/1/154 94/1/154 93/1/154
f 93/1/154 110/1/154 100/1/154
f 111/1/155 112/1/156 113/1/157
f 113/1/157 114/1/158 111/1/155
f 115/1/159 116/1/160 112/1/161
f 112/1/161 111/1/162 115/1/159
f 112/1/156 117/1/163 118/1/164
f 118/1/164 113/1/157 112/1/156
f 112/1/161 116/1/160 119/1/165
f 119/1/165 117/1/166 112/1/161
f 114/1/167 120/1/167 121/1/167
f 121/1/167 122/1/167 114/1/167
f 114/1/158 122/1/168 123/1/169
f 123/1/169 111/1/155 114/1/158
f 115/1/159 111/1/162 123/1/170
f 123/1/170 124/1/171 115/1/159
f 124/1/172 125/1/172 126/1/173
f 126/1/173 115/1/173 124/1/172
f 116/1/174 115/1/175 126/1/175
f 126/1/175 127/1/175 116/1/174
f 128/1/176 119/1/176 116/1/176
f 116/1/176 127/1/176 128/1/176
f 104/1/177 119/1/177 128/1/177
f 128/1/177 106/1/177 104/1/177
f 117/1/166 119/1/165 104/1/144
f 104/1/144 103/1/143 117/1/166
f 103/1/142 102/1/141 118/1/164
f 118/1/164 117/1/163 103/1/142
f 102/1/178 101/1/178 129/1/178
f 129/1/178 118/1/178 102/1/178
f 118/1/179 129/1/179 130/1/179
f 130/1/179 113/1/179 118/1/179
f 120/1/180 114/1/180 113/1/180
f 113/1/180 130/1/180 120/1/180
f 131/1/181 132/1/182 133/1/183
f 133/1/183 134/1/184 131/1/181
f 135/1/185 136/1/186 132/1/187
f 132/1/187 131/1/188 135/1/185
f 132/1/182 137/1/189 138/1/190
f 138/1/190 133/1/183 132/1/182
f 132/1/187 136/1/186 139/1/191
f 139/1/191 137/1/192 132/1/187
f 134/1/193 140/1/193 141/1/193
f 141/1/193 142/1/194 134/1/193
f 134/1/184 142/1/195 143/1/196
f 143/1/196 131/1/181 134/1/184
f 135/1/185 131/1/188 143/1/197
f 143/1/197 144/1/198 135/1/185
f 144/1/199 145/1/199 146/1/199
f 146/1/199 135/1/199 144/1/199
f 136/1/200 135/1/201 146/1/201
f 146/1/201 147/1/201 136/1/200
f 148/1/202 139/1/202 136/1/202
f 136/1/202 147/1/202 148/1/202
f 124/1/203 139/1/204 148/1/204
f 148/1/204 125/1/205 124/1/203
f 123/1/170 137/1/192 139/1/191
f 139/1/191 124/1/171 123/1/170
f 123/1/169 122/1/168 138/1/190
f 138/1/190 137/1/189 123/1/169
f 122/1/206 121/1/206 149/1/206
f 149/1/206 138/1/206 122/1/206
f 138/1/207 149/1/207 150/1/208
f 150/1/208 133/1/207 138/1/207
f 140/1/209 134/1/209 133/1/209
f 133/1/209 150/1/209 140/1/209
f 151/1/210 152/1/211 153/1/212
f 153/1/212 154/1/213 151/1/210
f 155/1/214 156/1/215 152/1/216
f 152/1/216 151/1/217 155/1/214
f 152/1/211 157/1/218 158/1/219
f 158/1/219 153/1/212 152/1/211
f 152/1/216 156/1/215 159/1/220
f 159/1/220 157/1/221 152/1/216
f 154/1/222 160/1/223 161/1/223
f 161/1/223 162/1/223 154/1/222
f 154/1/213 162/1/224 163/1/225
f 163/1/225 151/1/210 154/1/213
f 155/1/214 151/1/217 163/1/226
f 163/1/226 164/1/227 155/1/214
f 164/1/228 165/1/228 166/1/228
f 166/1/228 155/1/228 164/1/228
f 156/1/229 155/1/229 166/1/229
f 166/1/229 167/1/229 156/1/229
f 168/1/230 159/1/230 156/1/230
f 156/1/230 167/1/231 168/1/230
f 144/1/232 159/1/233 168/1/232
f 168/1/232 145/1/234 144/1/232
f 143/1/197 157/1/221 159/1/220
f 159/1/220 144/1/198 143/1/197
f 143/1/196 142/1/195 158/1/219
f 158/1/219 157/1/218 143/1/196
f 142/1/235 141/1/235 169/1/235
f 169/1/235 158/1/235 142/1/235
f 158/1/236 169/1/237 170/1/237
f 170/1/237 153/1/236 158/1/236
f 160/1/238 154/1/239 153/1/240
f 153/1/240 170/1/241 160/1/238
f 171/1/242 172/1/243 173/1/244
f 173/1/244 174/1/245 171/1/242
f 175/1/246 176/1/247 172/1/248
f 172/1/248 171/1/249 175/1/246
f 172/1/243 177/1/250 178/1/251
f 178/1/251 173/1/244 172/1/243
f 172/1/248 176/1/247 179/1/252
f 179/1/252 177/1/253 172/1/248
f 174/1/254 180/1/254 181/1/254
f 181/1/254 182/1/254 174/1/254
f 174/1/245 182/1/255 183/1/255
f 183/1/255 171/1/242 174/1/245
f 175/1/246 171/1/249 183/1/256
f 183/1/256 184/1/257 175/1/246
f 185/1/258 175/1/258 184/1/258
f 184/1/258 186/1/258 185/1/258
f 176/1/259 175/1/259 185/1/259
f 185/1/259 187/1/259 176/1/259
f 188/1/260 179/1/260 176/1/260
f 176/1/260 187/1/260 188/1/260
f 164/1/261 179/1/262 188/1/263
f 188/1/263 165/1/261 164/1/261
f 163/1/226 177/1/253 179/1/252
f 179/1/252 164/1/227 163/1/226
f 163/1/225 162/1/224 178/1/251
f 178/1/251 177/1/250 163/1/225
f 162/1/264 161/1/265 189/1/266
f 189/1/266 178/1/264 162/1/264
f 178/1/267 189/1/267 190/1/268
f 190/1/268 173/1/268 178/1/267
f 180/1/269 174/1/269 173/1/269
f 173/1/269 190/1/269 180/1/269
f 191/1/270 192/1/271 193/1/272
f 193/1/272 194/1/273 191/1/270
f 195/1/274 196/1/275 192/1/276
f 192/1/276 191/1/277 195/1/274
f 192/1/271 197/1/278 198/1/279
f 198/1/279 193/1/272 192/1/271
f 192/1/276 196/1/275 199/1/280
f 199/1/280 197/1/281 192/1/276
f 194/1/282 200/1/282 201/1/282
f 201/1/282 202/1/282 194/1/282
f 194/1/273 202/1/283 203/1/284
f 203/1/284 191/1/270 194/1/273
f 195/1/274 191/1/277 203/1/285
f 203/1/285 204/1/286 195/1/274
f 205/1/287 195/1/287 204/1/287
f 204/1/287 206/1/287 205/1/287
f 196/1/288 195/1/288 205/1/288
f 205/1/288 207/1/288 196/1/288
f 208/1/289 199/1/289 196/1/290
f 196/1/290 207/1/289 208/1/289
f 186/1/291 184/1/291 199/1/291
f 199/1/291 208/1/291 186/1/291
f 183/1/256 197/1/281 199/1/280
f 199/1/280 184/1/257 183/1/256
f 183/1/255 182/1/255 198/1/279
f 198/1/279 197/1/278 183/1/255
f 182/1/292 181/1/292 209/1/292
f 209/1/292 198/1/292 182/1/292
f 198/1/293 209/1/293 210/1/293
f 210/1/293 193/1/293 198/1/293
f 200/1/294 194/1/295 193/1/295
f 193/1/295 210/1/294 200/1/294
f 211/1/296 212/1/297 213/1/298
f 213/1/298 214/1/299 211/1/296
f 215/1/300 216/1/301 212/1/302
f 212/1/302 211/1/303 215/1/300
f 212/1/297 217/1/304 218/1/305
f 218/1/305 213/1/298 212/1/297
f 212/1/302 216/1/301 219/1/306
f 219/1/306 217/1/307 212/1/302
f 214/1/308 220/1/308 221/1/308
f 221/1/308 222/1/309 214/1/308
f 214/1/299 222/1/310 223/1/311
f 223/1/311 211/1/296 214/1/299
f 215/1/300 211/1/303 223/1/312
f 223/1/312 224/1/313 215/1/300
f 225/1/314 215/1/315 224/1/314
f 224/1/314 226/1/316 225/1/314
f 216/1/317 215/1/317 225/1/317
f 225/1/317 227/1/318 216/1/317
f 228/1/319 219/1/319 216/1/319
f 216/1/319 227/1/319 228/1/319
f 206/1/320 204/1/320 219/1/320
f 219/1/320 228/1/320 206/1/320
f 203/1/285 217/1/307 219/1/306
f 219/1/306 204/1/286 203/1/285
f 203/1/284 202/1/283 218/1/305
f 218/1/305 217/1/304 203/1/284
f 202/1/321 201/1/321 229/1/321
f 229/1/321 218/1/321 202/1/321
f 218/1/322 229/1/323 230/1/322
f 230/1/322 213/1/324 218/1/322
f 220/1/325 214/1/326 213/1/326
f 213/1/326 230/1/325 220/1/325
f 231/1/327 232/1/328 233/1/329
f 233/1/329 234/1/330 231/1/327
f 235/1/331 236/1/332 232/1/333
f 232/1/333 231/1/334 235/1/331
f 232/1/328 237/1/335 238/1/336
f 238/1/336 233/1/329 232/1/328
f 232/1/333 236/1/332 239/1/337
f 239/1/337 237/1/338 232/1/333
f 234/1/339 240/1/340 241/1/340
f 241/1/340 242/1/339 234/1/339
f 234/1/330 242/1/341 243/1/342
f 243/1/342 231/1/327 234/1/330
f 235/1/331 231/1/334 243/1/343
f 243/1/343 244/1/344 235/1/331
f 245/1/345 235/1/345 244/1/345
f 244/1/345 246/1/345 245/1/345
f 236/1/346 235/1/346 245/1/346
f 245/1/346 247/1/346 236/1/346
f 248/1/347 239/1/348 236/1/349
f 236/1/349 247/1/347 248/1/347
f 226/1/350 224/1/350 239/1/350
f 239/1/350 248/1/350 226/1/350
f 223/1/312 237/1/338 239/1/337
f 239/1/337 224/1/313 223/1/312
f 223/1/311 222/1/310 238/1/336
f 238/1/336 237/1/335 223/1/311
f 222/1/351 221/1/351 249/1/351
f 249/1/351 238/1/351 222/1/351
f 238/1/352 249/1/352 250/1/352
f 250/1/352 233/1/352 238/1/352
f 240/1/353 234/1/353 233/1/353
f 233/1/353 250/1/354 240/1/353
f 251/1/355 252/1/356 253/1/357
f 253/1/357 254/1/358 251/1/355
f 255/1/359 256/1/360 252/1/361
f 252/1/361 251/1/362 255/1/359
f 252/1/356 257/1/363 258/1/364
f 258/1/364 253/1/357 252/1/356
f 252/1/361 256/1/360 259/1/365
f 259/1/365 257/1/366 252/1/361
f 254/1/367 260/1/367 261/1/367
f 261/1/367 262/1/367 254/1/367
f 254/1/358 262/1/368 263/1/369
f 263/1/369 251/1/355 254/1/358
f 255/1/359 251/1/362 263/1/370
f 263/1/370 264/1/371 255/1/359
f 265/1/372 255/1/373 264/1/372
f 264/1/372 266/1/373 265/1/372
f 256/1/374 255/1/374 265/1/374
f 265/1/374 267/1/374 256/1/374
f 268/1/375 259/1/375 256/1/376
f 256/1/376 267/1/375 268/1/375
f 246/1/377 244/1/377 259/1/377
f 259/1/377 268/1/377 246/1/377
f 243/1/343 257/1/366 259/1/365
f 259/1/365 244/1/344 243/1/343
f 243/1/342 242/1/341 258/1/364
f 258/1/364 257/1/363 243/1/342
f 242/1/378 241/1/379 269/1/380
f 269/1/380 258/1/379 242/1/378
f 258/1/381 269/1/381 270/1/381
f 270/1/381 253/1/381 258/1/381
f 260/1/382 254/1/382 253/1/382
f 253/1/382 270/1/382 260/1/382
f 271/1/383 272/1/384 273/1/385
f 273/1/385 274/1/386 271/1/383
f 275/1/387 276/1/388 272/1/389
f 272/1/389 271/1/390 275/1/387
f 272/1/384 277/1/391 278/1/391
f 278/1/391 273/1/385 272/1/384
f 272/1/389 276/1/388 279/1/392
f 279/1/392 277/1/393 272/1/389
f 274/1/394 280/1/394 281/1/394
f 281/1/394 282/1/394 274/1/394
f 274/1/386 282/1/395 283/1/396
f 283/1/396 271/1/383 274/1/386
f 275/1/387 271/1/390 283/1/397
f 283/1/397 284/1/398 275/1/387
f 285/1/399 275/1/399 284/1/399
f 284/1/399 286/1/399 285/1/399
f 276/1/400 275/1/400 285/1/400
f 285/1/400 287/1/400 276/1/400
f 288/1/401 279/1/402 276/1/403
f 276/1/403 287/1/404 288/1/401
f 266/1/405 264/1/406 279/1/406
f 279/1/406 288/1/406 266/1/405
f 263/1/370 277/1/393 279/1/392
f 279/1/392 264/1/371 263/1/370
f 263/1/369 262/1/368 278/1/391
f 278/1/391 277/1/391 263/1/369
f 262/1/407 261/1/407 289/1/407
f 289/1/407 278/1/407 262/1/407
f 278/1/408 289/1/408 290/1/409
f 290/1/409 273/1/408 278/1/408
f 280/1/410 274/1/410 273/1/410
f 273/1/410 290/1/410 280/1/410
f 291/1/411 292/1/412 293/1/413
f 293/1/413 294/1/414 291/1/411
f 295/1/415 296/1/416 292/1/417
f 292/1/417 291/1/418 295/1/415
f 292/1/412 297/1/419 298/1/420
f 298/1/420 293/1/413 292/1/412
f 292/1/417 296/1/416 299/1/421
f 299/1/421 297/1/422 292/1/417
f 294/1/423 300/1/423 301/1/423
f 301/1/423 302/1/423 294/1/423
f 294/1/414 302/1/424 303/1/425
f 303/1/425 291/1/411 294/1/414
f 295/1/415 291/1/418 303/1/426
f 303/1/426 304/1/427 295/1/415
f 305/1/428 295/1/428 304/1/428
f 304/1/428 306/1/428 305/1/428
f 296/1/429 295/1/430 305/1/431
f 305/1/431 307/1/432 296/1/429
f 308/1/433 299/1/434 296/1/435
f 296/1/435 307/1/434 308/1/433
f 286/1/436 284/1/436 299/1/436
f 299/1/436 308/1/436 286/1/436
f 283/1/397 297/1/422 299/1/421
f 299/1/421 284/1/398 283/1/397
f 283/1/396 282/1/395 298/1/420
f 298/1/420 297/1/419 283/1/396
f 282/1/437 281/1/437 309/1/437
f 309/1/437 298/1/438 282/1/437
f 298/1/439 309/1/440 310/1/439
f 310/1/439 293/1/439 298/1/439
f 300/1/441 294/1/442 293/1/442
f 293/1/442 310/1/442 300/1/441
f 311/1/443 312/1/444 313/1/445
f 313/1/445 314/1/446 311/1/443
f 315/1/447 316/1/448 312/1/449
f 312/1/449 311/1/450 315/1/447
f 312/1/444 317/1/451 318/1/452
f 318/1/452 313/1/445 312/1/444
f 312/1/449 316/1/448 319/1/453
f 319/1/453 317/1/454 312/1/449
f 314/1/455 320/1/456 321/1/456
f 321/1/456 322/1/456 314/1/455
f 314/1/446 322/1/457 323/1/458
f 323/1/458 311/1/443 314/1/446
f 315/1/447 311/1/450 323/1/459
f 323/1/459 324/1/460 315/1/447
f 325/1/461 315/1/461 324/1/461
f 324/1/461 326/1/461 325/1/461
f 316/1/462 315/1/463 325/1/462
f 325/1/462 327/1/462 316/1/462
f 328/1/464 319/1/464 316/1/464
f 316/1/464 327/1/464 328/1/464
f 306/1/465 304/1/465 319/1/465
f 319/1/465 328/1/465 306/1/465
f 303/1/426 317/1/454 319/1/453
f 319/1/453 304/1/427 303/1/426
f 303/1/425 302/1/424 318/1/452
f 318/1/452 317/1/451 303/1/425
f 302/1/466 301/1/466 329/1/466
f 329/1/466 318/1/466 302/1/466
f 318/1/467 329/1/468 330/1/468
f 330/1/468 313/1/467 318/1/467
f 320/1/469 314/1/469 313/1/469
f 313/1/469 330/1/469 320/1/469
f 331/1/470 332/1/471 333/1/472
f 333/1/472 334/1/473 331/1/470
f 335/1/474 336/1/475 332/1/476
f 332/1/476 331/1/477 335/1/474
f 332/1/471 337/1/478 338/1/479
f 338/1/479 333/1/472 332/1/471
f 332/1/476 336/1/475 339/1/480
f 339/1/480 337/1/481 332/1/476
f 334/1/482 340/1/482 341/1/482
f 341/1/482 342/1/483 334/1/482
f 334/1/473 342/1/484 343/1/485
f 343/1/485 331/1/470 334/1/473
f 335/1/474 331/1/477 343/1/486
f 343/1/486 344/1/487 335/1/474
f 345/1/488 335/1/488 344/1/488
f 344/1/488 346/1/488 345/1/488
f 336/1/489 335/1/489 345/1/489
f 345/1/489 347/1/489 336/1/489
f 348/1/490 339/1/490 336/1/490
f 336/1/490 347/1/490 348/1/490
f 326/1/491 324/1/491 339/1/491
f 339/1/491 348/1/492 326/1/491
f 323/1/459 337/1/481 339/1/480
f 339/1/480 324/1/460 323/1/459
f 323/1/458 322/1/457 338/1/479
f 338/1/479 337/1/478 323/1/458
f 322/1/493 321/1/493 349/1/493
f 349/1/493 338/1/493 322/1/493
f 338/1/494 349/1/494 350/1/494
f 350/1/494 333/1/494 338/1/494
f 340/1/495 334/1/495 333/1/495
f 333/1/495 350/1/495 340/1/495
f 351/1/496 352/1/497 353/1/498
f 353/1/498 354/1/499 351/1/496
f 355/1/500 356/1/501 352/1/502
f 352/1/502 351/1/503 355/1/500
f 352/1/497 357/1/504 358/1/505
f 358/1/505 353/1/498 352/1/497
f 352/1/502 356/1/501 359/1/506
f 359/1/506 357/1/507 352/1/502
f 354/1/52 360/1/52 361/1/52
f 361/1/52 362/1/52 354/1/52
f 354/1/499 362/1/508 363/1/509
f 363/1/509 351/1/496 354/1/499
f 355/1/500 351/1/503 363/1/510
f 363/1/510 364/1/511 355/1/500
f 365/1/512 355/1/513 364/1/514
f 364/1/514 366/1/515 365/1/512
f 356/1/64 355/1/64 365/1/64
f 365/1/64 367/1/64 356/1/64
f 368/1/63 359/1/516 356/1/63
f 356/1/63 367/1/63 368/1/63
f 346/1/61 344/1/61 359/1/61
f 359/1/61 368/1/61 346/1/61
f 343/1/486 357/1/507 359/1/506
f 359/1/506 344/1/487 343/1/486
f 343/1/485 342/1/484 358/1/505
f 358/1/505 357/1/504 343/1/485
f 342/1/56 341/1/56 369/1/56
f 369/1/56 358/1/56 342/1/56
f 358/1/55 369/1/55 370/1/55
f 370/1/55 353/1/55 358/1/55
f 360/1/517 354/1/518 353/1/517
f 353/1/517 370/1/519 360/1/517
f 371/1/520 372/1/521 373/1/522
f 373/1/522 374/1/523 371/1/520
f 375/1/524 376/1/525 372/1/526
f 372/1/526 371/1/527 375/1/524
f 372/1/521 377/1/528 378/1/529
f 378/1/529 373/1/522 372/1/521
f 372/1/526 376/1/525 379/1/530
f 379/1/530 377/1/531 372/1/526
f 374/1/85 380/1/85 381/1/85
f 381/1/85 382/1/85 374/1/85
f 374/1/523 382/1/532 383/1/533
f 383/1/533 371/1/520 374/1/523
f 375/1/524 371/1/527 383/1/534
f 383/1/534 384/1/535 375/1/524
f 385/1/79 375/1/79 384/1/79
f 384/1/79 386/1/79 385/1/79
f 376/1/536 375/1/536 385/1/536
f 385/1/536 387/1/536 376/1/536
f 388/1/537 379/1/92 376/1/538
f 376/1/538 387/1/92 388/1/537
f 366/1/91 364/1/91 379/1/91
f 379/1/91 388/1/91 366/1/91
f 363/1/510 377/1/531 379/1/530
f 379/1/530 364/1/511 363/1/510
f 363/1/509 362/1/508 378/1/529
f 378/1/529 377/1/528 363/1/509
f 362/1/89 361/1/89 389/1/89
f 389/1/89 378/1/89 362/1/89
f 378/1/88 389/1/88 390/1/88
f 390/1/88 373/1/88 378/1/88
f 380/1/86 374/1/86 373/1/86
f 373/1/86 390/1/539 380/1/86
f 391/1/540 392/1/541 393/1/542
f 393/1/542 394/1/543 391/1/540
f 395/1/544 396/1/545 392/1/546
f 392/1/546 391/1/547 395/1/544
f 392/1/541 397/1/548 398/1/549
f 398/1/549 393/1/542 392/1/541
f 392/1/546 396/1/545 399/1/550
f 399/1/550 397/1/551 392/1/546
f 394/1/552 400/1/553 401/1/554
f 401/1/554 402/1/113 394/1/552
f 394/1/543 402/1/555 403/1/556
f 403/1/556 391/1/540 394/1/543
f 395/1/544 391/1/547 403/1/557
f 403/1/557 404/1/558 395/1/544
f 405/1/107 395/1/107 404/1/107
f 404/1/107 406/1/107 405/1/107
f 396/1/559 395/1/125 405/1/559
f 405/1/559 407/1/560 396/1/559
f 408/1/123 399/1/123 396/1/123
f 396/1/123 407/1/123 408/1/123
f 386/1/122 384/1/122 399/1/122
f 399/1/122 408/1/122 386/1/122
f 383/1/534 397/1/551 399/1/550
f 399/1/550 384/1/535 383/1/534
f 383/1/533 382/1/532 398/1/549
f 398/1/549 397/1/548 383/1/533
f 382/1/121 381/1/121 409/1/121
f 409/1/121 398/1/121 382/1/121
f 398/1/116 409/1/116 410/1/116
f 410/1/116 393/1/116 398/1/116
f 400/1/561 394/1/562 393/1/114
f 393/1/114 410/1/114 400/1/561
f 411/1/563 412/1/564 413/1/565
f 413/1/565 414/1/566 411/1/563
f 415/1/567 416/1/568 412/1/569
f 412/1/569 411/1/570 415/1/567
f 412/1/564 417/1/571 418/1/572
f 418/1/572 413/1/565 412/1/564
f 412/1/569 416/1/568 419/1/573
f 419/1/573 417/1/574 412/1/569
f 414/1/575 420/1/575 421/1/145
f 421/1/145 422/1/145 414/1/575
f 414/1/566 422/1/576 423/1/577
f 423/1/577 411/1/563 414/1/566
f 415/1/567 411/1/570 423/1/578
f 423/1/578 424/1/579 415/1/567
f 425/1/140 415/1/140 424/1/140
f 424/1/140 426/1/140 425/1/140
f 416/1/154 415/1/154 425/1/154
f 425/1/154 427/1/154 416/1/154
f 428/1/580 419/1/153 416/1/153
f 416/1/153 427/1/153 428/1/580
f 406/1/152 404/1/152 419/1/152
f 419/1/152 428/1/152 406/1/152
f 403/1/557 417/1/574 419/1/573
f 419/1/573 404/1/558 403/1/557
f 403/1/556 402/1/555 418/1/572
f 418/1/572 417/1/571 403/1/556
f 402/1/581 401/1/582 429/1/583
f 429/1/583 418/1/584 402/1/581
f 418/1/585 429/1/586 430/1/150
f 430/1/150 413/1/150 418/1/585
f 420/1/147 414/1/147 413/1/147
f 413/1/147 430/1/147 420/1/147
f 431/1/587 432/1/588 433/1/589
f 433/1/589 434/1/590 431/1/587
f 435/1/591 436/1/592 432/1/593
f 432/1/593 431/1/594 435/1/591
f 432/1/588 437/1/595 438/1/596
f 438/1/596 433/1/589 432/1/588
f 432/1/593 436/1/592 439/1/597
f 439/1/597 437/1/598 432/1/593
f 434/1/173 440/1/173 441/1/173
f 441/1/173 442/1/173 434/1/173
f 434/1/590 442/1/599 443/1/600
f 443/1/600 431/1/587 434/1/590
f 435/1/591 431/1/594 443/1/601
f 443/1/601 444/1/602 435/1/591
f 445/1/167 435/1/167 444/1/167
f 444/1/167 446/1/167 445/1/167
f 436/1/180 435/1/180 445/1/180
f 445/1/180 447/1/180 436/1/180
f 448/1/179 439/1/179 436/1/179
f 436/1/179 447/1/179 448/1/179
f 426/1/178 424/1/178 439/1/178
f 439/1/178 448/1/178 426/1/178
f 423/1/578 437/1/598 439/1/597
f 439/1/597 424/1/579 423/1/578
f 423/1/577 422/1/576 438/1/596
f 438/1/596 437/1/595 423/1/577
f 422/1/603 421/1/603 449/1/603
f 449/1/603 438/1/603 422/1/603
f 438/1/176 449/1/176 450/1/176
f 450/1/176 433/1/176 438/1/176
f 440/1/604 434/1/605 433/1/604
f 433/1/604 450/1/175 440/1/604
f 451/1/606 452/1/607 453/1/608
f 453/1/608 454/1/609 451/1/606
f 455/1/610 456/1/611 452/1/612
f 452/1/612 451/1/613 455/1/610
f 452/1/607 457/1/614 458/1/615
f 458/1/615 453/1/608 452/1/607
f 452/1/612 456/1/611 459/1/616
f 459/1/616 457/1/617 452/1/612
f 454/1/618 460/1/618 461/1/618
f 461/1/618 462/1/618 454/1/618
f 454/1/609 462/1/619 463/1/620
f 463/1/620 451/1/606 454/1/609
f 455/1/610 451/1/613 463/1/621
f 463/1/621 464/1/622 455/1/610
f 465/1/193 455/1/193 464/1/623
f 464/1/623 466/1/624 465/1/193
f 456/1/625 455/1/209 465/1/209
f 465/1/209 467/1/209 456/1/625
f 468/1/207 459/1/626 456/1/627
f 456/1/627 467/1/628 468/1/207
f 446/1/206 444/1/206 459/1/206
f 459/1/206 468/1/206 446/1/206
f 443/1/601 457/1/617 459/1/616
f 459/1/616 444/1/602 443/1/601
f 443/1/600 442/1/599 458/1/615
f 458/1/615 457/1/614 443/1/600
f 442/1/204 441/1/204 469/1/204
f 469/1/204 458/1/204 442/1/204
f 458/1/629 469/1/630 470/1/630
f 470/1/630 453/1/630 458/1/629
f 460/1/201 454/1/201 453/1/201
f 453/1/201 470/1/201 460/1/201
f 471/1/631 472/1/632 473/1/633
f 473/1/633 474/1/634 471/1/631
f 475/1/635 476/1/636 472/1/637
f 472/1/637 471/1/638 475/1/635
f 472/1/632 477/1/639 478/1/640
f 478/1/640 473/1/633 472/1/632
f 472/1/637 476/1/636 479/1/641
f 479/1/641 477/1/642 472/1/637
f 474/1/228 480/1/228 481/1/228
f 481/1/228 482/1/228 474/1/228
f 474/1/634 482/1/643 483/1/644
f 483/1/644 471/1/631 474/1/634
f 475/1/635 471/1/638 483/1/645
f 483/1/645 484/1/646 475/1/635
f 485/1/647 475/1/223 484/1/647
f 484/1/647 486/1/648 485/1/647
f 476/1/649 475/1/649 485/1/649
f 485/1/649 487/1/238 476/1/649
f 488/1/236 479/1/236 476/1/236
f 476/1/236 487/1/237 488/1/236
f 466/1/650 464/1/651 479/1/235
f 479/1/235 488/1/235 466/1/650
f 463/1/621 477/1/642 479/1/641
f 479/1/641 464/1/622 463/1/621
f 463/1/620 462/1/619 478/1/640
f 478/1/640 477/1/639 463/1/620
f 462/1/652 461/1/234 489/1/652
f 489/1/652 478/1/653 462/1/652
f 478/1/654 489/1/655 490/1/654
f 490/1/654 473/1/654 478/1/654
f 480/1/229 474/1/229 473/1/229
f 473/1/229 490/1/229 480/1/229
f 491/1/656 492/1/657 493/1/658
f 493/1/658 494/1/659 491/1/656
f 495/1/660 496/1/661 492/1/662
f 492/1/662 491/1/663 495/1/660
f 492/1/657 497/1/253 498/1/664
f 498/1/664 493/1/658 492/1/657
f 492/1/662 496/1/661 499/1/665
f 499/1/665 497/1/666 492/1/662
f 494/1/258 500/1/258 501/1/258
f 501/1/258 502/1/258 494/1/258
f 494/1/659 502/1/667 503/1/668
f 503/1/668 491/1/656 494/1/659
f 495/1/660 491/1/663 503/1/669
f 503/1/669 504/1/669 495/1/660
f 505/1/254 495/1/254 504/1/254
f 504/1/254 506/1/670 505/1/254
f 496/1/269 495/1/269 505/1/269
f 505/1/269 507/1/269 496/1/269
f 508/1/268 499/1/268 496/1/268
f 496/1/268 507/1/268 508/1/268
f 486/1/671 484/1/265 499/1/671
f 499/1/671 508/1/672 486/1/671
f 483/1/645 497/1/666 499/1/665
f 499/1/665 484/1/646 483/1/645
f 483/1/644 482/1/643 498/1/664
f 498/1/664 497/1/253 483/1/644
f 482/1/261 481/1/261 509/1/673
f 509/1/673 498/1/261 482/1/261
f 498/1/260 509/1/260 510/1/674
f 510/1/674 493/1/674 498/1/260
f 500/1/259 494/1/259 493/1/259
f 493/1/259 510/1/259 500/1/259
f 511/1/675 512/1/676 513/1/677
f 513/1/677 514/1/678 511/1/675
f 515/1/679 516/1/680 512/1/681
f 512/1/681 511/1/682 515/1/679
f 512/1/676 517/1/683 518/1/684
f 518/1/684 513/1/677 512/1/676
f 512/1/681 516/1/680 519/1/685
f 519/1/685 517/1/686 512/1/681
f 514/1/687 520/1/688 521/1/687
f 521/1/687 522/1/287 514/1/687
f 514/1/678 522/1/689 523/1/690
f 523/1/690 511/1/675 514/1/678
f 515/1/679 511/1/682 523/1/691
f 523/1/691 524/1/692 515/1/679
f 525/1/693 515/1/282 524/1/282
f 524/1/282 526/1/282 525/1/693
f 516/1/294 515/1/294 525/1/294
f 525/1/294 527/1/294 516/1/294
f 528/1/293 519/1/293 516/1/694
f 516/1/694 527/1/293 528/1/293
f 506/1/292 504/1/695 519/1/292
f 519/1/292 528/1/292 506/1/292
f 503/1/669 517/1/686 519/1/685
f 519/1/685 504/1/669 503/1/669
f 503/1/668 502/1/667 518/1/684
f 518/1/684 517/1/683 503/1/668
f 502/1/291 501/1/291 529/1/291
f 529/1/291 518/1/291 502/1/291
f 518/1/696 529/1/697 530/1/697
f 530/1/697 513/1/698 518/1/696
f 520/1/699 514/1/699 513/1/699
f 513/1/699 530/1/699 520/1/699
f 531/1/700 532/1/701 533/1/702
f 533/1/702 534/1/703 531/1/700
f 535/1/704 536/1/705 532/1/706
f 532/1/706 531/1/707 535/1/704
f 532/1/701 537/1/708 538/1/709
f 538/1/709 533/1/702 532/1/701
f 532/1/706 536/1/705 539/1/710
f 539/1/710 537/1/711 532/1/706
f 534/1/712 540/1/713 541/1/712
f 541/1/712 542/1/712 534/1/712
f 534/1/703 542/1/714 543/1/715
f 543/1/715 531/1/700 534/1/703
f 535/1/704 531/1/707 543/1/716
f 543/1/716 544/1/717 535/1/704
f 545/1/308 535/1/308 544/1/718
f 544/1/718 546/1/308 545/1/308
f 536/1/326 535/1/325 545/1/326
f 545/1/326 547/1/719 536/1/326
f 548/1/324 539/1/324 536/1/324
f 536/1/324 547/1/324 548/1/324
f 526/1/321 524/1/321 539/1/321
f 539/1/321 548/1/321 526/1/321
f 523/1/691 537/1/711 539/1/710
f 539/1/710 524/1/692 523/1/691
f 523/1/690 522/1/689 538/1/709
f 538/1/709 537/1/708 523/1/690
f 522/1/720 521/1/320 549/1/721
f 549/1/721 538/1/320 522/1/720
f 538/1/319 549/1/319 550/1/319
f 550/1/319 533/1/319 538/1/319
f 540/1/318 534/1/318 533/1/318
f 533/1/318 550/1/318 540/1/318
f 551/1/722 552/1/723 553/1/724
f 553/1/724 554/1/725 551/1/722
f 555/1/726 556/1/727 552/1/728
f 552/1/728 551/1/729 555/1/726
f 552/1/723 557/1/730 558/1/731
f 558/1/731 553/1/724 552/1/723
f 552/1/728 556/1/727 559/1/732
f 559/1/732 557/1/733 552/1/728
f 554/1/345 560/1/345 561/1/345
f 561/1/345 562/1/734 554/1/345
f 554/1/725 562/1/735 563/1/736
f 563/1/736 551/1/722 554/1/725
f 555/1/726 551/1/729 563/1/737
f 563/1/737 564/1/738 555/1/726
f 565/1/339 555/1/339 564/1/340
f 564/1/340 566/1/340 565/1/339
f 556/1/739 555/1/740 565/1/741
f 565/1/741 567/1/742 556/1/739
f 568/1/743 559/1/352 556/1/743
f 556/1/743 567/1/744 568/1/743
f 546/1/745 544/1/746 559/1/747
f 559/1/747 568/1/351 546/1/745
f 543/1/716 557/1/733 559/1/732
f 559/1/732 544/1/717 543/1/716
f 543/1/715 542/1/714 558/1/731
f 558/1/731 557/1/730 543/1/715
f 542/1/350 541/1/350 569/1/350
f 569/1/350 558/1/350 542/1/350
f 558/1/748 569/1/348 570/1/348
f 570/1/348 553/1/348 558/1/748
f 560/1/749 554/1/749 553/1/749
f 553/1/749 570/1/749 560/1/749
f 571/1/750 572/1/751 573/1/752
f 573/1/752 574/1/753 571/1/750
f 575/1/754 576/1/755 572/1/756
f 572/1/756 571/1/757 575/1/754
f 572/1/751 577/1/758 578/1/759
f 578/1/759 573/1/752 572/1/751
f 572/1/756 576/1/755 579/1/760
f 579/1/760 577/1/761 572/1/756
f 574/1/762 580/1/763 581/1/373
f 581/1/373 582/1/373 574/1/762
f 574/1/753 582/1/764 583/1/765
f 583/1/765 571/1/750 574/1/753
f 575/1/754 571/1/757 583/1/766
f 583/1/766 584/1/767 575/1/754
f 585/1/768 575/1/768 584/1/768
f 584/1/768 586/1/768 585/1/768
f 576/1/382 575/1/382 585/1/382
f 585/1/382 587/1/382 576/1/382
f 588/1/769 579/1/381 576/1/381
f 576/1/381 587/1/769 588/1/769
f 566/1/379 564/1/379 579/1/379
f 579/1/379 588/1/379 566/1/379
f 563/1/737 577/1/761 579/1/760
f 579/1/760 564/1/738 563/1/737
f 563/1/736 562/1/735 578/1/759
f 578/1/759 577/1/758 563/1/736
f 562/1/377 561/1/377 589/1/377
f 589/1/377 578/1/377 562/1/377
f 578/1/375 589/1/375 590/1/375
f 590/1/375 573/1/375 578/1/375
f 580/1/374 574/1/374 573/1/374
f 573/1/374 590/1/374 580/1/374
f 591/1/770 592/1/771 593/1/772
f 593/1/772 594/1/773 591/1/770
f 595/1/774 596/1/775 592/1/776
f 592/1/776 591/1/777 595/1/774
f 592/1/771 597/1/778 598/1/779
f 598/1/779 593/1/772 592/1/771
f 592/1/776 596/1/775 599/1/780
f 599/1/780 597/1/781 592/1/776
f 594/1/399 600/1/782 601/1/783
f 601/1/783 602/1/783 594/1/399
f 594/1/773 602/1/784 603/1/785
f 603/1/785 591/1/770 594/1/773
f 595/1/774 591/1/777 603/1/786
f 603/1/786 604/1/787 595/1/774
f 605/1/394 595/1/394 604/1/394
f 604/1/394 606/1/394 605/1/394
f 596/1/410 595/1/788 605/1/789
f 605/1/789 607/1/410 596/1/410
f 608/1/790 599/1/790 596/1/790
f 596/1/790 607/1/790 608/1/790
f 586/1/407 584/1/407 599/1/791
f 599/1/791 608/1/407 586/1/407
f 583/1/766 597/1/781 599/1/780
f 599/1/780 584/1/767 583/1/766
f 583/1/765 582/1/764 598/1/779
f 598/1/779 597/1/778 583/1/765
f 582/1/406 581/1/406 609/1/406
f 609/1/406 598/1/406 582/1/406
f 598/1/404 609/1/404 610/1/404
f 610/1/404 593/1/404 598/1/404
f 600/1/400 594/1/400 593/1/400
f 593/1/400 610/1/400 600/1/400
f 611/1/792 612/1/793 613/1/794
f 613/1/794 614/1/795 611/1/792
f 615/1/796 616/1/797 612/1/798
f 612/1/798 611/1/799 615/1/796
f 612/1/793 617/1/800 618/1/801
f 618/1/801 613/1/794 612/1/793
f 612/1/798 616/1/797 619/1/802
f 619/1/802 617/1/803 612/1/798
f 614/1/804 620/1/805 621/1/428
f 621/1/428 622/1/428 614/1/804
f 614/1/795 622/1/806 623/1/807
f 623/1/807 611/1/792 614/1/795
f 615/1/796 611/1/799 623/1/808
f 623/1/808 624/1/809 615/1/796
f 625/1/423 615/1/423 624/1/423
f 624/1/423 626/1/423 625/1/423
f 616/1/442 615/1/442 625/1/442
f 625/1/442 627/1/442 616/1/442
f 628/1/810 619/1/811 616/1/439
f 616/1/439 627/1/439 628/1/810
f 606/1/437 604/1/812 619/1/812
f 619/1/812 628/1/437 606/1/437
f 603/1/786 617/1/803 619/1/802
f 619/1/802 604/1/787 603/1/786
f 603/1/785 602/1/784 618/1/801
f 618/1/801 617/1/800 603/1/785
f 602/1/813 601/1/436 629/1/813
f 629/1/813 618/1/814 602/1/813
f 618/1/815 629/1/434 630/1/816
f 630/1/816 613/1/817 618/1/815
f 620/1/818 614/1/431 613/1/818
f 613/1/818 630/1/819 620/1/818
f 631/1/820 632/1/821 633/1/822
f 633/1/822 634/1/823 631/1/820
f 635/1/824 636/1/825 632/1/826
f 632/1/826 631/1/827 635/1/824
f 632/1/821 637/1/828 638/1/829
f 638/1/829 633/1/822 632/1/821
f 632/1/826 636/1/825 639/1/830
f 639/1/830 637/1/831 632/1/826
f 634/1/461 640/1/461 641/1/461
f 641/1/461 642/1/461 634/1/461
f 634/1/823 642/1/832 643/1/833
f 643/1/833 631/1/820 634/1/823
f 635/1/824 631/1/827 643/1/834
f 643/1/834 644/1/835 635/1/824
f 645/1/456 635/1/456 644/1/456
f 644/1/456 646/1/455 645/1/456
f 636/1/836 635/1/469 645/1/469
f 645/1/469 647/1/469 636/1/836
f 648/1/837 639/1/837 636/1/838
f 636/1/838 647/1/839 648/1/837
f 626/1/466 624/1/466 639/1/840
f 639/1/840 648/1/841 626/1/466
f 623/1/808 637/1/831 639/1/830
f 639/1/830 624/1/809 623/1/808
f 623/1/807 622/1/806 638/1/829
f 638/1/829 637/1/828 623/1/807
f 622/1/465 621/1/465 649/1/465
f 649/1/465 638/1/465 622/1/465
f 638/1/464 649/1/464 650/1/464
f 650/1/464 633/1/464 638/1/464
f 640/1/842 634/1/842 633/1/842
f 633/1/842 650/1/842 640/1/842
f 651/1/843 652/1/844 653/1/845
f 653/1/845 654/1/846 651/1/843
f 655/1/847 656/1/848 652/1/849
f 652/1/849 651/1/850 655/1/847
f 652/1/844 657/1/851 658/1/852
f 658/1/852 653/1/845 652/1/844
f 652/1/849 656/1/848 659/1/853
f 659/1/853 657/1/854 652/1/849
f 654/1/488 660/1/488 49/1/488
f 49/1/488 47/1/488 654/1/488
f 651/1/843 654/1/846 47/1/60
f 47/1/60 46/1/59 651/1/843
f 651/1/850 46/1/58 44/1/57
f 44/1/57 655/1/847 651/1/850
f 44/1/855 45/1/856 661/1/857
f 661/1/857 655/1/858 44/1/855
f 656/1/495 655/1/495 661/1/495
f 661/1/495 662/1/495 656/1/495
f 663/1/494 659/1/494 656/1/859
f 656/1/859 662/1/494 663/1/494
f 646/1/860 644/1/861 659/1/862
f 659/1/862 663/1/863 646/1/860
f 643/1/834 657/1/854 659/1/853
f 659/1/853 644/1/835 643/1/834
f 643/1/833 642/1/832 658/1/852
f 658/1/852 657/1/851 643/1/833
f 642/1/492 641/1/492 664/1/492
f 664/1/492 658/1/492 642/1/492
f 658/1/490 664/1/864 665/1/864
f 665/1/864 653/1/490 658/1/490
f 660/1/865 654/1/866 653/1/865
f 653/1/865 665/1/489 660/1/865
f 666/1/867 667/1/868 668/1/869
f 668/1/869 669/1/870 666/1/867
f 670/1/871 671/1/872 667/1/868
f 667/1/868 666/1/867 670/1/871
f 667/1/873 672/1/874 673/1/875
f 673/1/875 668/1/876 667/1/873
f 667/1/873 671/1/877 674/1/878
f 674/1/878 672/1/874 667/1/873
f 675/1/879 669/1/880 676/1/879
f 676/1/879 677/1/879 675/1/879
f 678/1/881 666/1/882 669/1/883
f 669/1/883 675/1/884 678/1/881
f 666/1/885 678/1/885 679/1/885
f 679/1/885 670/1/885 666/1/885
f 10/1/886 670/1/887 679/1/887
f 679/1/887 11/1/887 10/1/886
f 10/1/33 25/1/34 671/1/872
f 671/1/872 670/1/871 10/1/33
f 24/1/31 674/1/878 671/1/877
f 671/1/877 25/1/32 24/1/31
f 674/1/888 24/1/889 23/1/888
f 23/1/888 680/1/890 674/1/888
f 680/1/891 681/1/891 672/1/891
f 672/1/891 674/1/891 680/1/891
f 672/1/892 681/1/893 682/1/893
f 682/1/893 673/1/892 672/1/892
f 682/1/894 683/1/894 684/1/894
f 684/1/894 673/1/895 682/1/894
f 673/1/875 684/1/896 685/1/897
f 685/1/897 668/1/876 673/1/875
f 669/1/870 668/1/869 685/1/898
f 685/1/898 676/1/899 669/1/870
f 686/1/900 687/1/901 688/1/902
f 688/1/902 689/1/903 686/1/900
f 690/1/904 691/1/905 687/1/901
f 687/1/901 686/1/900 690/1/904
f 687/1/906 692/1/907 693/1/908
f 693/1/908 688/1/909 687/1/906
f 687/1/906 691/1/910 694/1/911
f 694/1/911 692/1/907 687/1/906
f 695/1/912 696/1/912 697/1/912
f 697/1/912 689/1/912 695/1/912
f 697/1/913 698/1/913 686/1/913
f 686/1/913 689/1/914 697/1/913
f 686/1/915 698/1/916 699/1/917
f 699/1/917 690/1/915 686/1/915
f 676/1/918 690/1/918 699/1/918
f 699/1/918 677/1/918 676/1/918
f 690/1/904 676/1/899 685/1/898
f 685/1/898 691/1/905 690/1/904
f 684/1/896 694/1/911 691/1/910
f 691/1/910 685/1/897 684/1/896
f 694/1/919 684/1/919 683/1/919
f 683/1/919 700/1/919 694/1/919
f 700/1/920 701/1/920 692/1/920
f 692/1/920 694/1/920 700/1/920
f 702/1/921 693/1/921 692/1/922
f 692/1/922 701/1/921 702/1/921
f 702/1/923 703/1/923 704/1/923
f 704/1/923 693/1/923 702/1/923
f 688/1/909 693/1/908 704/1/924
f 704/1/924 705/1/925 688/1/909
f 705/1/926 695/1/927 689/1/903
f 689/1/903 688/1/902 705/1/926
f 706/1/928 707/1/929 708/1/930
f 708/1/930 709/1/931 706/1/928
f 710/1/932 711/1/933 707/1/929
f 707/1/929 706/1/928 710/1/932
f 707/1/934 712/1/935 713/1/936
f 713/1/936 708/1/937 707/1/934
f 707/1/934 711/1/938 714/1/939
f 714/1/939 712/1/935 707/1/934
f 715/1/940 716/1/940 717/1/940
f 717/1/940 709/1/940 715/1/940
f 706/1/941 709/1/941 717/1/941
f 717/1/941 718/1/941 706/1/941
f 706/1/942 718/1/942 719/1/942
f 719/1/942 710/1/942 706/1/942
f 695/1/943 710/1/943 719/1/944
f 719/1/944 696/1/943 695/1/943
f 710/1/932 695/1/927 705/1/926
f 705/1/926 711/1/933 710/1/932
f 704/1/924 714/1/939 711/1/938
f 711/1/938 705/1/925 704/1/924
f 714/1/945 704/1/945 703/1/945
f 703/1/945 720/1/945 714/1/945
f 720/1/946 721/1/947 712/1/947
f 712/1/947 714/1/948 720/1/946
f 721/1/949 722/1/949 713/1/949
f 713/1/949 712/1/950 721/1/949
f 722/1/951 723/1/952 724/1/951
f 724/1/951 713/1/953 722/1/951
f 713/1/936 724/1/954 725/1/955
f 725/1/955 708/1/937 713/1/936
f 708/1/930 725/1/956 715/1/957
f 715/1/957 709/1/931 708/1/930
f 726/1/958 727/1/959 728/1/960
f 728/1/960 729/1/961 726/1/958
f 730/1/962 731/1/963 727/1/959
f 727/1/959 726/1/958 730/1/962
f 727/1/964 732/1/965 733/1/966
f 733/1/966 728/1/967 727/1/964
f 727/1/964 731/1/968 734/1/969
f 734/1/969 732/1/965 727/1/964
f 735/1/970 736/1/970 737/1/970
f 737/1/970 729/1/970 735/1/970
f 726/1/971 729/1/972 737/1/971
f 737/1/971 738/1/972 726/1/971
f 726/1/973 738/1/973 739/1/973
f 739/1/973 730/1/974 726/1/973
f 715/1/975 730/1/976 739/1/976
f 739/1/976 716/1/975 715/1/975
f 730/1/962 715/1/957 725/1/956
f 725/1/956 731/1/963 730/1/962
f 731/1/968 725/1/955 724/1/954
f 724/1/954 734/1/969 731/1/968
f 734/1/977 724/1/978 723/1/979
f 723/1/979 740/1/977 734/1/977
f 740/1/980 741/1/981 732/1/980
f 732/1/980 734/1/980 740/1/980
f 741/1/982 742/1/982 733/1/982
f 733/1/982 732/1/983 741/1/982
f 742/1/984 743/1/985 744/1/984
f 744/1/984 733/1/986 742/1/984
f 728/1/967 733/1/966 744/1/987
f 744/1/987 745/1/988 728/1/967
f 728/1/960 745/1/989 735/1/990
f 735/1/990 729/1/961 728/1/960
f 746/1/991 747/1/992 748/1/993
f 748/1/993 749/1/994 746/1/991
f 750/1/995 751/1/996 747/1/992
f 747/1/992 746/1/991 750/1/995
f 747/1/997 752/1/998 753/1/999
f 753/1/999 748/1/1000 747/1/997
f 747/1/997 751/1/1001 754/1/1002
f 754/1/1002 752/1/998 747/1/997
f 755/1/1003 756/1/1004 757/1/1005
f 757/1/1005 749/1/1004 755/1/1003
f 746/1/1006 749/1/1007 757/1/1006
f 757/1/1006 758/1/1008 746/1/1006
f 746/1/1009 758/1/1010 759/1/1011
f 759/1/1011 750/1/1009 746/1/1009
f 735/1/1012 750/1/1012 759/1/1013
f 759/1/1013 736/1/1012 735/1/1012
f 750/1/995 735/1/990 745/1/989
f 745/1/989 751/1/996 750/1/995
f 744/1/987 754/1/1002 751/1/1001
f 751/1/1001 745/1/988 744/1/987
f 754/1/1014 744/1/1014 743/1/1014
f 743/1/1014 760/1/1015 754/1/1014
f 760/1/1016 761/1/1017 752/1/1016
f 752/1/1016 754/1/1016 760/1/1016
f 761/1/1018 762/1/1018 753/1/1018
f 753/1/1018 752/1/1018 761/1/1018
f 762/1/1019 763/1/1020 764/1/1020
f 764/1/1020 753/1/1020 762/1/1019
f 748/1/1000 753/1/999 764/1/1021
f 764/1/1021 765/1/1022 748/1/1000
f 748/1/993 765/1/1023 755/1/1024
f 755/1/1024 749/1/994 748/1/993
f 766/1/1025 767/1/1026 768/1/1027
f 768/1/1027 769/1/1028 766/1/1025
f 770/1/1029 771/1/1030 767/1/1026
f 767/1/1026 766/1/1025 770/1/1029
f 767/1/1031 772/1/1032 773/1/1033
f 773/1/1033 768/1/1034 767/1/1031
f 767/1/1031 771/1/1035 774/1/1036
f 774/1/1036 772/1/1032 767/1/1031
f 775/1/1037 776/1/1038 777/1/1039
f 777/1/1039 769/1/1040 775/1/1037
f 766/1/1041 769/1/1041 777/1/1041
f 777/1/1041 778/1/1041 766/1/1041
f 766/1/1042 778/1/1042 779/1/1043
f 779/1/1043 770/1/1042 766/1/1042
f 755/1/1044 770/1/1045 779/1/1044
f 779/1/1044 756/1/1046 755/1/1044
f 770/1/1029 755/1/1024 765/1/1023
f 765/1/1023 771/1/1030 770/1/1029
f 764/1/1021 774/1/1036 771/1/1035
f 771/1/1035 765/1/1022 764/1/1021
f 774/1/1047 764/1/1047 763/1/1047
f 763/1/1047 780/1/1047 774/1/1047
f 780/1/1048 781/1/1048 772/1/1048
f 772/1/1048 774/1/1048 780/1/1048
f 781/1/1049 782/1/1049 773/1/1050
f 773/1/1050 772/1/1050 781/1/1049
f 782/1/1051 783/1/1052 784/1/1053
f 784/1/1053 773/1/1054 782/1/1051
f 768/1/1034 773/1/1033 784/1/1055
f 784/1/1055 785/1/1056 768/1/1034
f 768/1/1027 785/1/1057 775/1/1058
f 775/1/1058 769/1/1028 768/1/1027
f 786/1/1059 787/1/1060 788/1/1061
f 788/1/1061 789/1/1062 786/1/1059
f 790/1/1063 791/1/1064 787/1/1060
f 787/1/1060 786/1/1059 790/1/1063
f 787/1/1065 792/1/1066 793/1/1067
f 793/1/1067 788/1/1068 787/1/1065
f 787/1/1065 791/1/1069 794/1/1070
f 794/1/1070 792/1/1066 787/1/1065
f 795/1/1071 796/1/1071 797/1/1071
f 797/1/1071 789/1/1071 795/1/1071
f 786/1/1072 789/1/1072 797/1/1072
f 797/1/1072 798/1/1072 786/1/1072
f 786/1/1073 798/1/1073 799/1/1073
f 799/1/1073 790/1/1073 786/1/1073
f 775/1/1074 790/1/1074 799/1/1074
f 799/1/1074 776/1/1074 775/1/1074
f 790/1/1063 775/1/1058 785/1/1057
f 785/1/1057 791/1/1064 790/1/1063
f 784/1/1055 794/1/1070 791/1/1069
f 791/1/1069 785/1/1056 784/1/1055
f 794/1/1075 784/1/1076 783/1/1077
f 783/1/1077 800/1/1078 794/1/1075
f 800/1/1079 801/1/1079 792/1/1079
f 792/1/1079 794/1/1079 800/1/1079
f 801/1/1080 802/1/1080 793/1/1080
f 793/1/1080 792/1/1080 801/1/1080
f 802/1/1081 803/1/1081 804/1/1081
f 804/1/1081 793/1/1081 802/1/1081
f 788/1/1068 793/1/1067 804/1/1082
f 804/1/1082 805/1/1083 788/1/1068
f 788/1/1061 805/1/1084 795/1/1085
f 795/1/1085 789/1/1062 788/1/1061
f 806/1/1086 807/1/1087 808/1/1088
f 808/1/1088 809/1/1089 806/1/1086
f 810/1/1090 811/1/1091 807/1/1087
f 807/1/1087 806/1/1086 810/1/1090
f 807/1/1092 812/1/1093 813/1/1094
f 813/1/1094 808/1/1095 807/1/1092
f 807/1/1092 811/1/1096 814/1/1097
f 814/1/1097 812/1/1093 807/1/1092
f 815/1/1098 816/1/1099 817/1/1098
f 817/1/1098 809/1/1100 815/1/1098
f 806/1/1101 809/1/1101 817/1/1101
f 817/1/1101 818/1/1101 806/1/1101
f 806/1/1102 818/1/1102 819/1/1102
f 819/1/1102 810/1/1102 806/1/1102
f 795/1/1103 810/1/1103 819/1/1103
f 819/1/1103 796/1/1103 795/1/1103
f 810/1/1090 795/1/1085 805/1/1084
f 805/1/1084 811/1/1091 810/1/1090
f 804/1/1082 814/1/1097 811/1/1096
f 811/1/1096 805/1/1083 804/1/1082
f 820/1/1104 814/1/1105 804/1/1106
f 804/1/1106 803/1/1107 820/1/1104
f 820/1/1108 821/1/1108 812/1/1108
f 812/1/1108 814/1/1108 820/1/1108
f 821/1/1109 822/1/1109 813/1/1109
f 813/1/1109 812/1/1109 821/1/1109
f 822/1/1110 823/1/1111 824/1/1112
f 824/1/1112 813/1/1113 822/1/1110
f 808/1/1095 813/1/1094 824/1/1114
f 824/1/1114 825/1/1115 808/1/1095
f 808/1/1088 825/1/1116 815/1/1117
f 815/1/1117 809/1/1089 808/1/1088
f 826/1/1118 827/1/1119 828/1/1120
f 828/1/1120 829/1/1121 826/1/1118
f 830/1/1122 831/1/1123 827/1/1119
f 827/1/1119 826/1/1118 830/1/1122
f 827/1/1124 832/1/1125 833/1/1126
f 833/1/1126 828/1/1127 827/1/1124
f 827/1/1124 831/1/1128 834/1/1129
f 834/1/1129 832/1/1125 827/1/1124
f 835/1/1130 836/1/1131 837/1/1130
f 837/1/1130 829/1/1132 835/1/1130
f 826/1/1133 829/1/1133 837/1/1134
f 837/1/1134 838/1/1133 826/1/1133
f 826/1/1135 838/1/1135 839/1/1135
f 839/1/1135 830/1/1135 826/1/1135
f 815/1/1136 830/1/1137 839/1/1138
f 839/1/1138 816/1/1138 815/1/1136
f 830/1/1122 815/1/1117 825/1/1116
f 825/1/1116 831/1/1123 830/1/1122
f 824/1/1114 834/1/1129 831/1/1128
f 831/1/1128 825/1/1115 824/1/1114
f 834/1/1139 824/1/1140 823/1/1141
f 823/1/1141 840/1/1140 834/1/1139
f 840/1/1142 841/1/1143 832/1/1142
f 832/1/1142 834/1/1144 840/1/1142
f 841/1/1145 842/1/1145 833/1/1145
f 833/1/1145 832/1/1145 841/1/1145
f 842/1/1146 843/1/1146 844/1/1146
f 844/1/1146 833/1/1146 842/1/1146
f 828/1/1127 833/1/1126 844/1/1147
f 844/1/1147 845/1/1148 828/1/1127
f 828/1/1120 845/1/1149 835/1/1150
f 835/1/1150 829/1/1121 828/1/1120
f 846/1/1151 847/1/1152 848/1/1153
f 848/1/1153 849/1/1154 846/1/1151
f 850/1/1155 851/1/1156 847/1/1152
f 847/1/1152 846/1/1151 850/1/1155
f 847/1/1157 852/1/1158 853/1/1159
f 853/1/1159 848/1/1160 847/1/1157
f 847/1/1157 851/1/1161 854/1/1162
f 854/1/1162 852/1/1158 847/1/1157
f 855/1/1163 856/1/1164 857/1/1165
f 857/1/1165 849/1/1163 855/1/1163
f 846/1/1166 849/1/1167 857/1/1167
f 857/1/1167 858/1/1167 846/1/1166
f 846/1/1168 858/1/1168 859/1/1169
f 859/1/1169 850/1/1170 846/1/1168
f 835/1/1171 850/1/1171 859/1/1171
f 859/1/1171 836/1/1171 835/1/1171
f 850/1/1155 835/1/1150 845/1/1149
f 845/1/1149 851/1/1156 850/1/1155
f 844/1/1147 854/1/1162 851/1/1161
f 851/1/1161 845/1/1148 844/1/1147
f 854/1/1172 844/1/1172 843/1/1172
f 843/1/1172 860/1/1172 854/1/1172
f 860/1/1173 861/1/1174 852/1/1173
f 852/1/1173 854/1/1173 860/1/1173
f 861/1/1175 862/1/1176 853/1/1177
f 853/1/1177 852/1/1175 861/1/1175
f 862/1/1178 863/1/1178 864/1/1178
f 864/1/1178 853/1/1178 862/1/1178
f 848/1/1160 853/1/1159 864/1/1179
f 864/1/1179 865/1/1180 848/1/1160
f 848/1/1153 865/1/1181 855/1/1182
f 855/1/1182 849/1/1154 848/1/1153
f 866/1/1183 867/1/1184 868/1/1185
f 868/1/1185 869/1/1186 866/1/1183
f 870/1/1187 871/1/1188 867/1/1184
f 867/1/1184 866/1/1183 870/1/1187
f 867/1/1189 872/1/1190 873/1/1191
f 873/1/1191 868/1/1192 867/1/1189
f 867/1/1189 871/1/1193 874/1/1194
f 874/1/1194 872/1/1190 867/1/1189
f 875/1/1195 876/1/1195 877/1/1195
f 877/1/1195 869/1/1195 875/1/1195
f 866/1/1196 869/1/1197 877/1/1197
f 877/1/1197 878/1/1197 866/1/1196
f 866/1/1198 878/1/1199 879/1/1199
f 879/1/1199 870/1/1199 866/1/1198
f 855/1/1200 870/1/1200 879/1/1200
f 879/1/1200 856/1/1200 855/1/1200
f 870/1/1187 855/1/1182 865/1/1181
f 865/1/1181 871/1/1188 870/1/1187
f 864/1/1179 874/1/1194 871/1/1193
f 871/1/1193 865/1/1180 864/1/1179
f 874/1/1201 864/1/1201 863/1/1201
f 863/1/1201 880/1/1201 874/1/1201
f 880/1/1202 881/1/1202 872/1/1202
f 872/1/1202 874/1/1202 880/1/1202
f 881/1/1203 882/1/1203 873/1/1203
f 873/1/1203 872/1/1203 881/1/1203
f 882/1/1204 883/1/1204 884/1/1204
f 884/1/1204 873/1/1204 882/1/1204
f 868/1/1192 873/1/1191 884/1/1205
f 884/1/1205 885/1/1206 868/1/1192
f 868/1/1185 885/1/1207 875/1/1208
f 875/1/1208 869/1/1186 868/1/1185
f 886/1/1209 887/1/1210 888/1/1211
f 888/1/1211 889/1/1212 886/1/1209
f 890/1/1213 891/1/1214 887/1/1210
f 887/1/1210 886/1/1209 890/1/1213
f 887/1/1215 892/1/1216 893/1/1217
f 893/1/1217 888/1/1218 887/1/1215
f 887/1/1215 891/1/1219 894/1/1220
f 894/1/1220 892/1/1216 887/1/1215
f 895/1/1221 896/1/1221 897/1/1221
f 897/1/1221 889/1/1222 895/1/1221
f 886/1/1223 889/1/1223 897/1/1223
f 897/1/1223 898/1/1223 886/1/1223
f 886/1/1224 898/1/1224 899/1/1224
f 899/1/1224 890/1/1224 886/1/1224
f 875/1/1225 890/1/1225 899/1/1225
f 899/1/1225 876/1/1225 875/1/1225
f 890/1/1213 875/1/1208 885/1/1207
f 885/1/1207 891/1/1214 890/1/1213
f 884/1/1205 894/1/1220 891/1/1219
f 891/1/1219 885/1/1206 884/1/1205
f 894/1/1226 884/1/1227 883/1/1227
f 883/1/1227 900/1/1227 894/1/1226
f 900/1/1228 901/1/1229 892/1/1230
f 892/1/1230 894/1/1231 900/1/1228
f 901/1/1232 902/1/1233 893/1/1233
f 893/1/1233 892/1/1233 901/1/1232
f 902/1/1234 903/1/1234 904/1/1234
f 904/1/1234 893/1/1234 902/1/1234
f 888/1/1218 893/1/1217 904/1/1235
f 904/1/1235 905/1/1236 888/1/1218
f 888/1/1211 905/1/1237 895/1/1238
f 895/1/1238 889/1/1212 888/1/1211
f 906/1/1239 907/1/1240 908/1/1241
f 908/1/1241 909/1/1242 906/1/1239
f 910/1/1243 911/1/1244 907/1/1240
f 907/1/1240 906/1/1239 910/1/1243
f 907/1/1245 912/1/1246 913/1/1247
f 913/1/1247 908/1/1248 907/1/1245
f 907/1/1245 911/1/1249 914/1/1250
f 914/1/1250 912/1/1246 907/1/1245
f 915/1/1251 916/1/1251 917/1/1251
f 917/1/1251 909/1/1251 915/1/1251
f 906/1/1252 909/1/1253 917/1/1252
f 917/1/1252 918/1/1252 906/1/1252
f 906/1/1254 918/1/1254 919/1/1254
f 919/1/1254 910/1/1255 906/1/1254
f 895/1/1256 910/1/1257 919/1/1256
f 919/1/1256 896/1/1256 895/1/1256
f 910/1/1243 895/1/1238 905/1/1237
f 905/1/1237 911/1/1244 910/1/1243
f 904/1/1235 914/1/1250 911/1/1249
f 911/1/1249 905/1/1236 904/1/1235
f 914/1/1258 904/1/1258 903/1/1258
f 903/1/1258 920/1/1258 914/1/1258
f 920/1/1259 921/1/1259 912/1/1259
f 912/1/1259 914/1/1259 920/1/1259
f 921/1/1260 922/1/1260 913/1/1260
f 913/1/1260 912/1/1260 921/1/1260
f 922/1/1261 923/1/1262 924/1/1262
f 924/1/1262 913/1/1262 922/1/1261
f 908/1/1248 913/1/1247 924/1/1263
f 924/1/1263 925/1/1264 908/1/1248
f 908/1/1241 925/1/1265 915/1/1266
f 915/1/1266 909/1/1242 908/1/1241
f 926/1/1267 927/1/1268 928/1/1269
f 928/1/1269 929/1/1270 926/1/1267
f 930/1/1271 931/1/1272 927/1/1268
f 927/1/1268 926/1/1267 930/1/1271
f 927/1/1273 932/1/1274 933/1/1275
f 933/1/1275 928/1/1276 927/1/1273
f 927/1/1273 931/1/1277 934/1/1278
f 934/1/1278 932/1/1274 927/1/1273
f 935/1/1279 936/1/1279 937/1/1279
f 937/1/1279 929/1/1279 935/1/1279
f 926/1/1280 929/1/1281 937/1/1282
f 937/1/1282 938/1/1280 926/1/1280
f 926/1/1283 938/1/1283 939/1/1284
f 939/1/1284 930/1/1283 926/1/1283
f 915/1/1285 930/1/1286 939/1/1285
f 939/1/1285 916/1/1285 915/1/1285
f 930/1/1271 915/1/1266 925/1/1265
f 925/1/1265 931/1/1272 930/1/1271
f 924/1/1263 934/1/1278 931/1/1277
f 931/1/1277 925/1/1264 924/1/1263
f 934/1/1287 924/1/1288 923/1/1289
f 923/1/1289 940/1/1288 934/1/1287
f 940/1/1290 941/1/1290 932/1/1291
f 932/1/1291 934/1/1291 940/1/1290
f 941/1/1292 942/1/1292 933/1/1292
f 933/1/1292 932/1/1292 941/1/1292
f 942/1/1293 943/1/1293 944/1/1293
f 944/1/1293 933/1/1293 942/1/1293
f 928/1/1276 933/1/1275 944/1/1294
f 944/1/1294 945/1/1295 928/1/1276
f 928/1/1269 945/1/1296 935/1/1297
f 935/1/1297 929/1/1270 928/1/1269
f 946/1/1298 947/1/1299 948/1/1300
f 948/1/1300 949/1/1301 946/1/1298
f 950/1/1302 951/1/1303 947/1/1299
f 947/1/1299 946/1/1298 950/1/1302
f 947/1/1304 952/1/1305 953/1/1306
f 953/1/1306 948/1/1307 947/1/1304
f 947/1/1304 951/1/1308 954/1/1309
f 954/1/1309 952/1/1305 947/1/1304
f 955/1/1310 956/1/1310 957/1/1310
f 957/1/1310 949/1/1310 955/1/1310
f 946/1/1311 949/1/1311 957/1/1311
f 957/1/1311 958/1/1311 946/1/1311
f 946/1/1312 958/1/1313 959/1/1313
f 959/1/1313 950/1/1314 946/1/1312
f 935/1/1315 950/1/1316 959/1/1316
f 959/1/1316 936/1/1315 935/1/1315
f 950/1/1302 935/1/1297 945/1/1296
f 945/1/1296 951/1/1303 950/1/1302
f 944/1/1294 954/1/1309 951/1/1308
f 951/1/1308 945/1/1295 944/1/1294
f 954/1/1317 944/1/1318 943/1/1319
f 943/1/1319 960/1/1320 954/1/1317
f 960/1/1321 961/1/1322 952/1/1321
f 952/1/1321 954/1/1321 960/1/1321
f 961/1/1323 962/1/1323 953/1/1323
f 953/1/1323 952/1/1323 961/1/1323
f 962/1/1324 963/1/1325 964/1/1324
f 964/1/1324 953/1/1324 962/1/1324
f 948/1/1307 953/1/1306 964/1/1326
f 964/1/1326 965/1/1327 948/1/1307
f 948/1/1300 965/1/1328 955/1/1329
f 955/1/1329 949/1/1301 948/1/1300
f 966/1/1330 967/1/1331 968/1/1332
f 968/1/1332 969/1/1333 966/1/1330
f 970/1/1334 971/1/1335 967/1/1331
f 967/1/1331 966/1/1330 970/1/1334
f 967/1/1336 972/1/1337 973/1/1338
f 973/1/1338 968/1/1339 967/1/1336
f 967/1/1336 971/1/1340 974/1/1341
f 974/1/1341 972/1/1337 967/1/1336
f 975/1/1342 976/1/1342 977/1/1342
f 977/1/1342 969/1/1342 975/1/1342
f 966/1/25 969/1/1343 977/1/1344
f 977/1/1344 978/1/1343 966/1/25
f 966/1/24 978/1/24 979/1/1345
f 979/1/1345 970/1/24 966/1/24
f 955/1/21 970/1/21 979/1/21
f 979/1/21 956/1/21 955/1/21
f 970/1/1334 955/1/1329 965/1/1328
f 965/1/1328 971/1/1335 970/1/1334
f 964/1/1326 974/1/1341 971/1/1340
f 971/1/1340 965/1/1327 964/1/1326
f 974/1/1346 964/1/1347 963/1/1346
f 963/1/1346 980/1/16 974/1/1346
f 980/1/15 981/1/15 972/1/15
f 972/1/15 974/1/15 980/1/15
f 981/1/1348 982/1/14 973/1/14
f 973/1/14 972/1/14 981/1/1348
f 982/1/13 983/1/13 984/1/13
f 984/1/13 973/1/13 982/1/13
f 968/1/1339 973/1/1338 984/1/1349
f 984/1/1349 985/1/1350 968/1/1339
f 968/1/1332 985/1/1351 975/1/1352
f 975/1/1352 969/1/1333 968/1/1332
f 986/1/1353 987/1/1354 988/1/1355
f 988/1/1355 989/1/1356 986/1/1353
f 990/1/1357 991/1/1358 987/1/1354
f 987/1/1354 986/1/1353 990/1/1357
f 987/1/1359 992/1/1360 993/1/1361
f 993/1/1361 988/1/1362 987/1/1359
f 987/1/1359 991/1/1363 994/1/1364
f 994/1/1364 992/1/1360 987/1/1359
f 995/1/895 996/1/895 997/1/1365
f 997/1/1365 989/1/895 995/1/895
f 986/1/892 989/1/892 997/1/892
f 997/1/892 998/1/893 986/1/892
f 986/1/891 998/1/891 999/1/891
f 999/1/891 990/1/891 986/1/891
f 975/1/1366 990/1/1366 999/1/1366
f 999/1/1366 976/1/1366 975/1/1366
f 990/1/1357 975/1/1352 985/1/1351
f 985/1/1351 991/1/1358 990/1/1357
f 984/1/1349 994/1/1364 991/1/1363
f 991/1/1363 985/1/1350 984/1/1349
f 994/1/887 984/1/887 983/1/887
f 983/1/887 1000/1/887 994/1/887
f 1000/1/1367 1001/1/1367 992/1/1367
f 992/1/1367 994/1/1367 1000/1/1367
f 1001/1/882 1002/1/882 993/1/882
f 993/1/882 992/1/882 1001/1/882
f 1002/1/879 1003/1/879 1004/1/879
f 1004/1/879 993/1/879 1002/1/879
f 988/1/1362 993/1/1361 1004/1/1368
f 1004/1/1368 1005/1/1369 988/1/1362
f 988/1/1355 1005/1/1370 995/1/1371
f 995/1/1371 989/1/1356 988/1/1355
f 1006/1/1372 1007/1/1373 1008/1/1374
f 1008/1/1374 1009/1/1375 1006/1/1372
f 1010/1/1376 1011/1/1377 1007/1/1373
f 1007/1/1373 1006/1/1372 1010/1/1376
f 1007/1/1378 1012/1/1379 1013/1/1380
f 1013/1/1380 1008/1/1381 1007/1/1378
f 1007/1/1378 1011/1/1382 1014/1/1383
f 1014/1/1383 1012/1/1379 1007/1/1378
f 1015/1/1384 1016/1/1385 1017/1/1386
f 1017/1/1386 1009/1/923 1015/1/1384
f 1006/1/1387 1009/1/921 1017/1/921
f 1017/1/921 1018/1/921 1006/1/1387
f 1006/1/920 1018/1/920 1019/1/920
f 1019/1/920 1010/1/920 1006/1/920
f 995/1/919 1010/1/919 1019/1/919
f 1019/1/919 996/1/919 995/1/919
f 1010/1/1376 995/1/1371 1005/1/1370
f 1005/1/1370 1011/1/1377 1010/1/1376
f 1004/1/1368 1014/1/1383 1011/1/1382
f 1011/1/1382 1005/1/1369 1004/1/1368
f 1014/1/918 1004/1/918 1003/1/918
f 1003/1/918 1020/1/918 1014/1/918
f 1020/1/915 1021/1/915 1012/1/915
f 1012/1/915 1014/1/915 1020/1/915
f 1021/1/914 1022/1/914 1013/1/914
f 1013/1/914 1012/1/913 1021/1/914
f 1022/1/912 1023/1/912 1024/1/912
f 1024/1/912 1013/1/912 1022/1/912
f 1008/1/1381 1013/1/1380 1024/1/1388
f 1024/1/1388 1025/1/1389 1008/1/1381
f 1008/1/1374 1025/1/1390 1015/1/1391
f 1015/1/1391 1009/1/1375 1008/1/1374
f 1026/1/1392 1027/1/1393 1028/1/1394
f 1028/1/1394 1029/1/1395 1026/1/1392
f 1030/1/1396 1031/1/1397 1027/1/1393
f 1027/1/1393 1026/1/1392 1030/1/1396
f 1027/1/1398 1032/1/1399 1033/1/1400
f 1033/1/1400 1028/1/1401 1027/1/1398
f 1027/1/1398 1031/1/1402 1034/1/1403
f 1034/1/1403 1032/1/1399 1027/1/1398
f 1035/1/952 1036/1/952 1037/1/952
f 1037/1/952 1029/1/952 1035/1/952
f 1026/1/1404 1029/1/1405 1037/1/1405
f 1037/1/1405 1038/1/1404 1026/1/1404
f 1026/1/947 1038/1/947 1039/1/947
f 1039/1/947 1030/1/947 1026/1/947
f 1015/1/945 1030/1/945 1039/1/1406
f 1039/1/1406 1016/1/1407 1015/1/945
f 1030/1/1396 1015/1/1391 1025/1/1390
f 1025/1/1390 1031/1/1397 1030/1/1396
f 1024/1/1388 1034/1/1403 1031/1/1402
f 1031/1/1402 1025/1/1389 1024/1/1388
f 1034/1/1408 1024/1/1408 1023/1/1408
f 1023/1/1408 1040/1/1408 1034/1/1408
f 1040/1/942 1041/1/942 1032/1/942
f 1032/1/942 1034/1/942 1040/1/942
f 1041/1/941 1042/1/941 1033/1/941
f 1033/1/941 1032/1/941 1041/1/941
f 1042/1/940 1043/1/940 1044/1/940
f 1044/1/940 1033/1/940 1042/1/940
f 1028/1/1401 1033/1/1400 1044/1/1409
f 1044/1/1409 1045/1/1410 1028/1/1401
f 1028/1/1394 1045/1/1411 1035/1/1412
f 1035/1/1412 1029/1/1395 1028/1/1394
f 1046/1/1413 1047/1/1414 1048/1/1415
f 1048/1/1415 1049/1/1416 1046/1/1413
f 1050/1/1417 1051/1/1418 1047/1/1414
f 1047/1/1414 1046/1/1413 1050/1/1417
f 1047/1/1419 1052/1/1420 1053/1/1421
f 1053/1/1421 1048/1/1422 1047/1/1419
f 1047/1/1419 1051/1/1423 1054/1/1424
f 1054/1/1424 1052/1/1420 1047/1/1419
f 1055/1/986 1056/1/986 1057/1/986
f 1057/1/986 1049/1/986 1055/1/986
f 1046/1/1425 1049/1/982 1057/1/982
f 1057/1/982 1058/1/982 1046/1/1425
f 1046/1/981 1058/1/981 1059/1/981
f 1059/1/981 1050/1/981 1046/1/981
f 1035/1/1426 1050/1/1427 1059/1/1427
f 1059/1/1427 1036/1/1427 1035/1/1426
f 1050/1/1417 1035/1/1412 1045/1/1411
f 1045/1/1411 1051/1/1418 1050/1/1417
f 1044/1/1409 1054/1/1424 1051/1/1423
f 1051/1/1423 1045/1/1410 1044/1/1409
f 1054/1/975 1044/1/975 1043/1/975
f 1043/1/975 1060/1/975 1054/1/975
f 1060/1/973 1061/1/973 1052/1/973
f 1052/1/973 1054/1/973 1060/1/973
f 1061/1/972 1062/1/972 1053/1/972
f 1053/1/972 1052/1/972 1061/1/972
f 1062/1/970 1063/1/970 1064/1/970
f 1064/1/970 1053/1/970 1062/1/970
f 1048/1/1422 1053/1/1421 1064/1/1428
f 1064/1/1428 1065/1/1429 1048/1/1422
f 1048/1/1415 1065/1/1430 1055/1/1431
f 1055/1/1431 1049/1/1416 1048/1/1415
f 1066/1/1432 1067/1/1433 1068/1/1434
f 1068/1/1434 1069/1/1435 1066/1/1432
f 1070/1/1436 1071/1/1437 1067/1/1433
f 1067/1/1433 1066/1/1432 1070/1/1436
f 1067/1/1438 1072/1/1439 1073/1/1440
f 1073/1/1440 1068/1/1441 1067/1/1438
f 1067/1/1438 1071/1/1442 1074/1/1443
f 1074/1/1443 1072/1/1439 1067/1/1438
f 1075/1/1020 1076/1/1020 1077/1/1020
f 1077/1/1020 1069/1/1020 1075/1/1020
f 1066/1/1018 1069/1/1018 1077/1/1018
f 1077/1/1018 1078/1/1018 1066/1/1018
f 1066/1/1016 1078/1/1444 1079/1/1444
f 1079/1/1444 1070/1/1444 1066/1/1016
f 1055/1/1445 1070/1/1446 1079/1/1447
f 1079/1/1447 1056/1/1445 1055/1/1445
f 1070/1/1436 1055/1/1431 1065/1/1430
f 1065/1/1430 1071/1/1437 1070/1/1436
f 1064/1/1428 1074/1/1443 1071/1/1442
f 1071/1/1442 1065/1/1429 1064/1/1428
f 1074/1/1013 1064/1/1012 1063/1/1448
f 1063/1/1448 1080/1/1012 1074/1/1013
f 1080/1/1009 1081/1/1009 1072/1/1009
f 1072/1/1009 1074/1/1009 1080/1/1009
f 1081/1/1006 1082/1/1006 1073/1/1006
f 1073/1/1006 1072/1/1006 1081/1/1006
f 1082/1/1449 1083/1/1450 1084/1/1449
f 1084/1/1449 1073/1/1449 1082/1/1449
f 1068/1/1441 1073/1/1440 1084/1/1451
f 1084/1/1451 1085/1/1452 1068/1/1441
f 1068/1/1434 1085/1/1453 1075/1/1454
f 1075/1/1454 1069/1/1435 1068/1/1434
f 1086/1/1455 1087/1/1456 1088/1/1457
f 1088/1/1457 1089/1/1458 1086/1/1455
f 1090/1/1459 1091/1/1460 1087/1/1456
f 1087/1/1456 1086/1/1455 1090/1/1459
f 1087/1/1461 1092/1/1462 1093/1/1463
f 1093/1/1463 1088/1/1464 1087/1/1461
f 1087/1/1461 1091/1/1465 1094/1/1466
f 1094/1/1466 1092/1/1462 1087/1/1461
f 1095/1/1467 1096/1/1467 1097/1/1052
f 1097/1/1052 1089/1/1052 1095/1/1467
f 1086/1/1049 1089/1/1050 1097/1/1049
f 1097/1/1049 1098/1/1049 1086/1/1049
f 1086/1/1468 1098/1/1048 1099/1/1468
f 1099/1/1468 1090/1/1048 1086/1/1468
f 1075/1/1047 1090/1/1047 1099/1/1047
f 1099/1/1047 1076/1/1047 1075/1/1047
f 1090/1/1459 1075/1/1454 1085/1/1453
f 1085/1/1453 1091/1/1460 1090/1/1459
f 1084/1/1451 1094/1/1466 1091/1/1465
f 1091/1/1465 1085/1/1452 1084/1/1451
f 1094/1/1046 1084/1/1046 1083/1/1046
f 1083/1/1046 1100/1/1046 1094/1/1046
f 1100/1/1043 1101/1/1042 1092/1/1042
f 1092/1/1042 1094/1/1042 1100/1/1043
f 1101/1/1041 1102/1/1041 1093/1/1469
f 1093/1/1469 1092/1/1041 1101/1/1041
f 1102/1/1038 1103/1/1038 1104/1/1038
f 1104/1/1038 1093/1/1038 1102/1/1038
f 1088/1/1464 1093/1/1463 1104/1/1470
f 1104/1/1470 1105/1/1471 1088/1/1464
f 1088/1/1457 1105/1/1472 1095/1/1473
f 1095/1/1473 1089/1/1458 1088/1/1457
f 1106/1/1474 1107/1/1475 1108/1/1476
f 1108/1/1476 1109/1/1477 1106/1/1474
f 1110/1/1478 1111/1/1479 1107/1/1475
f 1107/1/1475 1106/1/1474 1110/1/1478
f 1107/1/1480 1112/1/1481 1113/1/1482
f 1113/1/1482 1108/1/1483 1107/1/1480
f 1107/1/1480 1111/1/1484 1114/1/1485
f 1114/1/1485 1112/1/1481 1107/1/1480
f 1115/1/1486 1116/1/1081 1117/1/1081
f 1117/1/1081 1109/1/1081 1115/1/1486
f 1106/1/1080 1109/1/1080 1117/1/1080
f 1117/1/1080 1118/1/1487 1106/1/1080
f 1106/1/1079 1118/1/1079 1119/1/1079
f 1119/1/1079 1110/1/1079 1106/1/1079
f 1095/1/1076 1110/1/1076 1119/1/1076
f 1119/1/1076 1096/1/1076 1095/1/1076
f 1110/1/1478 1095/1/1473 1105/1/1472
f 1105/1/1472 1111/1/1479 1110/1/1478
f 1104/1/1470 1114/1/1485 1111/1/1484
f 1111/1/1484 1105/1/1471 1104/1/1470
f 1114/1/1074 1104/1/1074 1103/1/1074
f 1103/1/1074 1120/1/1074 1114/1/1074
f 1120/1/1488 1121/1/1073 1112/1/1073
f 1112/1/1073 1114/1/1073 1120/1/1488
f 1121/1/1072 1122/1/1072 1113/1/1072
f 1113/1/1072 1112/1/1072 1121/1/1072
f 1122/1/1071 1123/1/1071 1124/1/1071
f 1124/1/1071 1113/1/1489 1122/1/1071
f 1108/1/1483 1113/1/1482 1124/1/1490
f 1124/1/1490 1125/1/1491 1108/1/1483
f 1108/1/1476 1125/1/1492 1115/1/1493
f 1115/1/1493 1109/1/1477 1108/1/1476
f 1126/1/1494 1127/1/1495 1128/1/1496
f 1128/1/1496 1129/1/1497 1126/1/1494
f 1130/1/1498 1131/1/1499 1127/1/1495
f 1127/1/1495 1126/1/1494 1130/1/1498
f 1127/1/1500 1132/1/1501 1133/1/1502
f 1133/1/1502 1128/1/1503 1127/1/1500
f 1127/1/1500 1131/1/1504 1134/1/1505
f 1134/1/1505 1132/1/1501 1127/1/1500
f 1135/1/1506 1136/1/1506 1137/1/1507
f 1137/1/1507 1129/1/1507 1135/1/1506
f 1126/1/1109 1129/1/1508 1137/1/1509
f 1137/1/1509 1138/1/1509 1126/1/1109
f 1126/1/1108 1138/1/1108 1139/1/1108
f 1139/1/1108 1130/1/1108 1126/1/1108
f 1115/1/1106 1130/1/1106 1139/1/1106
f 1139/1/1106 1116/1/1106 1115/1/1106
f 1130/1/1498 1115/1/1493 1125/1/1492
f 1125/1/1492 1131/1/1499 1130/1/1498
f 1124/1/1490 1134/1/1505 1131/1/1504
f 1131/1/1504 1125/1/1491 1124/1/1490
f 1134/1/1103 1124/1/1103 1123/1/1103
f 1123/1/1103 1140/1/1103 1134/1/1103
f 1140/1/1102 1141/1/1102 1132/1/1102
f 1132/1/1102 1134/1/1102 1140/1/1102
f 1141/1/1101 1142/1/1101 1133/1/1101
f 1133/1/1101 1132/1/1101 1141/1/1101
f 1142/1/1510 1143/1/1510 1144/1/1510
f 1144/1/1510 1133/1/1510 1142/1/1510
f 1128/1/1503 1133/1/1502 1144/1/1511
f 1144/1/1511 1145/1/1512 1128/1/1503
f 1128/1/1496 1145/1/1513 1135/1/1514
f 1135/1/1514 1129/1/1497 1128/1/1496
f 1146/1/1515 1147/1/1516 1148/1/1517
f 1148/1/1517 1149/1/1518 1146/1/1515
f 1150/1/1519 1151/1/1520 1147/1/1516
f 1147/1/1516 1146/1/1515 1150/1/1519
f 1147/1/1521 1152/1/1522 1153/1/1523
f 1153/1/1523 1148/1/1524 1147/1/1521
f 1147/1/1521 1151/1/1525 1154/1/1526
f 1154/1/1526 1152/1/1522 1147/1/1521
f 1155/1/1146 1156/1/1146 1157/1/1146
f 1157/1/1146 1149/1/1146 1155/1/1146
f 1146/1/1145 1149/1/1527 1157/1/1527
f 1157/1/1527 1158/1/1145 1146/1/1145
f 1146/1/1142 1158/1/1142 1159/1/1142
f 1159/1/1142 1150/1/1142 1146/1/1142
f 1135/1/1140 1150/1/1140 1159/1/1140
f 1159/1/1140 1136/1/1140 1135/1/1140
f 1150/1/1519 1135/1/1514 1145/1/1513
f 1145/1/1513 1151/1/1520 1150/1/1519
f 1144/1/1511 1154/1/1526 1151/1/1525
f 1151/1/1525 1145/1/1512 1144/1/1511
f 1154/1/1138 1144/1/1138 1143/1/1138
f 1143/1/1138 1160/1/1138 1154/1/1138
f 1160/1/1528 1161/1/1135 1152/1/1135
f 1152/1/1135 1154/1/1135 1160/1/1528
f 1161/1/1133 1162/1/1133 1153/1/1133
f 1153/1/1133 1152/1/1133 1161/1/1133
f 1162/1/1131 1163/1/1131 1164/1/1131
f 1164/1/1131 1153/1/1131 1162/1/1131
f 1148/1/1524 1153/1/1523 1164/1/1529
f 1164/1/1529 1165/1/1530 1148/1/1524
f 1148/1/1517 1165/1/1531 1155/1/1532
f 1155/1/1532 1149/1/1518 1148/1/1517
f 1166/1/1533 1167/1/1534 1168/1/1535
f 1168/1/1535 1169/1/1536 1166/1/1533
f 1170/1/1537 1171/1/1538 1167/1/1534
f 1167/1/1534 1166/1/1533 1170/1/1537
f 1167/1/1539 1172/1/1540 1173/1/1541
f 1173/1/1541 1168/1/1542 1167/1/1539
f 1167/1/1539 1171/1/1543 1174/1/1544
f 1174/1/1544 1172/1/1540 1167/1/1539
f 1175/1/1545 1176/1/1546 1177/1/1547
f 1177/1/1547 1169/1/1178 1175/1/1545
f 1166/1/1548 1169/1/1175 1177/1/1549
f 1177/1/1549 1178/1/1548 1166/1/1548
f 1166/1/1173 1178/1/1550 1179/1/1173
f 1179/1/1173 1170/1/1173 1166/1/1173
f 1155/1/1172 1170/1/1172 1179/1/1172
f 1179/1/1172 1156/1/1172 1155/1/1172
f 1170/1/1537 1155/1/1532 1165/1/1531
f 1165/1/1531 1171/1/1538 1170/1/1537
f 1164/1/1529 1174/1/1544 1171/1/1543
f 1171/1/1543 1165/1/1530 1164/1/1529
f 1174/1/1551 1164/1/1552 1163/1/1551
f 1163/1/1551 1180/1/1552 1174/1/1551
f 1180/1/1168 1181/1/1168 1172/1/1168
f 1172/1/1168 1174/1/1168 1180/1/1168
f 1181/1/1166 1182/1/1166 1173/1/1167
f 1173/1/1167 1172/1/1166 1181/1/1166
f 1182/1/1165 1183/1/1163 1184/1/1163
f 1184/1/1163 1173/1/1165 1182/1/1165
f 1168/1/1542 1173/1/1541 1184/1/1553
f 1184/1/1553 1185/1/1554 1168/1/1542
f 1168/1/1535 1185/1/1555 1175/1/1556
f 1175/1/1556 1169/1/1536 1168/1/1535
f 1186/1/1557 1187/1/1558 1188/1/1559
f 1188/1/1559 1189/1/1560 1186/1/1557
f 1190/1/1561 1191/1/1562 1187/1/1558
f 1187/1/1558 1186/1/1557 1190/1/1561
f 1187/1/1563 1192/1/1564 1193/1/1565
f 1193/1/1565 1188/1/1566 1187/1/1563
f 1187/1/1563 1191/1/1567 1194/1/1568
f 1194/1/1568 1192/1/1564 1187/1/1563
f 1195/1/1204 1196/1/1204 1197/1/1569
f 1197/1/1569 1189/1/1204 1195/1/1204
f 1186/1/1570 1189/1/1203 1197/1/1203
f 1197/1/1203 1198/1/1203 1186/1/1570
f 1186/1/1571 1198/1/1202 1199/1/1202
f 1199/1/1202 1190/1/1202 1186/1/1571
f 1175/1/1201 1190/1/1201 1199/1/1201
f 1199/1/1201 1176/1/1201 1175/1/1201
f 1190/1/1561 1175/1/1556 1185/1/1555
f 1185/1/1555 1191/1/1562 1190/1/1561
f 1184/1/1553 1194/1/1568 1191/1/1567
f 1191/1/1567 1185/1/1554 1184/1/1553
f 1194/1/1200 1184/1/1200 1183/1/1200
f 1183/1/1200 1200/1/1200 1194/1/1200
f 1200/1/1572 1201/1/1199 1192/1/1199
f 1192/1/1199 1194/1/1199 1200/1/1572
f 1201/1/1197 1202/1/1197 1193/1/1197
f 1193/1/1197 1192/1/1197 1201/1/1197
f 1202/1/1573 1203/1/1573 1204/1/1573
f 1204/1/1573 1193/1/1573 1202/1/1573
f 1188/1/1566 1193/1/1565 1204/1/1574
f 1204/1/1574 1205/1/1575 1188/1/1566
f 1188/1/1559 1205/1/1576 1195/1/1577
f 1195/1/1577 1189/1/1560 1188/1/1559
f 1206/1/1578 1207/1/1579 1208/1/1580
f 1208/1/1580 1209/1/1581 1206/1/1578
f 1210/1/1582 1211/1/1583 1207/1/1579
f 1207/1/1579 1206/1/1578 1210/1/1582
f 1207/1/1584 1212/1/1585 1213/1/1586
f 1213/1/1586 1208/1/1587 1207/1/1584
f 1207/1/1584 1211/1/1588 1214/1/1589
f 1214/1/1589 1212/1/1585 1207/1/1584
f 1215/1/1590 1216/1/1234 1217/1/1234
f 1217/1/1234 1209/1/1234 1215/1/1590
f 1206/1/1233 1209/1/1233 1217/1/1233
f 1217/1/1233 1218/1/1233 1206/1/1233
f 1206/1/1591 1218/1/1591 1219/1/1591
f 1219/1/1591 1210/1/1591 1206/1/1591
f 1195/1/1227 1210/1/1227 1219/1/1227
f 1219/1/1227 1196/1/1227 1195/1/1227
f 1210/1/1582 1195/1/1577 1205/1/1576
f 1205/1/1576 1211/1/1583 1210/1/1582
f 1204/1/1574 1214/1/1589 1211/1/1588
f 1211/1/1588 1205/1/1575 1204/1/1574
f 1214/1/1225 1204/1/1225 1203/1/1225
f 1203/1/1225 1220/1/1225 1214/1/1225
f 1220/1/1224 1221/1/1224 1212/1/1224
f 1212/1/1224 1214/1/1224 1220/1/1224
f 1221/1/1223 1222/1/1223 1213/1/1223
f 1213/1/1223 1212/1/1223 1221/1/1223
f 1222/1/1592 1223/1/1592 1224/1/1592
f 1224/1/1592 1213/1/1592 1222/1/1592
f 1208/1/1587 1213/1/1586 1224/1/1593
f 1224/1/1593 1225/1/1594 1208/1/1587
f 1208/1/1580 1225/1/1595 1215/1/1596
f 1215/1/1596 1209/1/1581 1208/1/1580
f 1226/1/1597 1227/1/1598 1228/1/1599
f 1228/1/1599 1229/1/1600 1226/1/1597
f 1230/1/1601 1231/1/1602 1227/1/1598
f 1227/1/1598 1226/1/1597 1230/1/1601
f 1227/1/1603 1232/1/1604 1233/1/1605
f 1233/1/1605 1228/1/1606 1227/1/1603
f 1227/1/1603 1231/1/1607 1234/1/1608
f 1234/1/1608 1232/1/1604 1227/1/1603
f 1235/1/1262 1236/1/1262 1237/1/1262
f 1237/1/1262 1229/1/1262 1235/1/1262
f 1226/1/1260 1229/1/1260 1237/1/1260
f 1237/1/1260 1238/1/1260 1226/1/1260
f 1226/1/1259 1238/1/1259 1239/1/1259
f 1239/1/1259 1230/1/1259 1226/1/1259
f 1215/1/1258 1230/1/1258 1239/1/1258
f 1239/1/1258 1216/1/1609 1215/1/1258
f 1230/1/1601 1215/1/1596 1225/1/1595
f 1225/1/1595 1231/1/1602 1230/1/1601
f 1224/1/1593 1234/1/1608 1231/1/1607
f 1231/1/1607 1225/1/1594 1224/1/1593
f 1234/1/1610 1224/1/1610 1223/1/1610
f 1223/1/1610 1240/1/1256 1234/1/1610
f 1240/1/1255 1241/1/1254 1232/1/1255
f 1232/1/1255 1234/1/1254 1240/1/1255
f 1241/1/1611 1242/1/1612 1233/1/1611
f 1233/1/1611 1232/1/1252 1241/1/1611
f 1242/1/1251 1243/1/1251 1244/1/1251
f 1244/1/1251 1233/1/1251 1242/1/1251
f 1228/1/1606 1233/1/1605 1244/1/1613
f 1244/1/1613 1245/1/1614 1228/1/1606
f 1228/1/1599 1245/1/1615 1235/1/1616
f 1235/1/1616 1229/1/1600 1228/1/1599
f 1246/1/1617 1247/1/1618 1248/1/1619
f 1248/1/1619 1249/1/1620 1246/1/1617
f 1250/1/1621 1251/1/1622 1247/1/1618
f 1247/1/1618 1246/1/1617 1250/1/1621
f 1247/1/1623 1252/1/1624 1253/1/1625
f 1253/1/1625 1248/1/1626 1247/1/1623
f 1247/1/1623 1251/1/1627 1254/1/1628
f 1254/1/1628 1252/1/1624 1247/1/1623
f 1255/1/1293 1256/1/1629 1257/1/1293
f 1257/1/1293 1249/1/1630 1255/1/1293
f 1246/1/1292 1249/1/1292 1257/1/1292
f 1257/1/1292 1258/1/1292 1246/1/1292
f 1246/1/1290 1258/1/1291 1259/1/1631
f 1259/1/1631 1250/1/1291 1246/1/1290
f 1235/1/1288 1250/1/1288 1259/1/1632
f 1259/1/1632 1236/1/1288 1235/1/1288
f 1250/1/1621 1235/1/1616 1245/1/1615
f 1245/1/1615 1251/1/1622 1250/1/1621
f 1244/1/1613 1254/1/1628 1251/1/1627
f 1251/1/1627 1245/1/1614 1244/1/1613
f 1254/1/1285 1244/1/1633 1243/1/1285
f 1243/1/1285 1260/1/1285 1254/1/1285
f 1260/1/1634 1261/1/1283 1252/1/1634
f 1252/1/1634 1254/1/1634 1260/1/1634
f 1261/1/1280 1262/1/1635 1253/1/1280
f 1253/1/1280 1252/1/1280 1261/1/1280
f 1262/1/1279 1263/1/1279 1264/1/1279
f 1264/1/1279 1253/1/1279 1262/1/1279
f 1248/1/1626 1253/1/1625 1264/1/1636
f 1264/1/1636 1265/1/1637 1248/1/1626
f 1248/1/1619 1265/1/1638 1255/1/1639
f 1255/1/1639 1249/1/1620 1248/1/1619
f 1266/1/1640 1267/1/1641 1268/1/1642
f 1268/1/1642 1269/1/1643 1266/1/1640
f 1270/1/1644 1271/1/1645 1267/1/1641
f 1267/1/1641 1266/1/1640 1270/1/1644
f 1267/1/1646 1272/1/1647 1273/1/1648
f 1273/1/1648 1268/1/1649 1267/1/1646
f 1267/1/1646 1271/1/1650 1274/1/1651
f 1274/1/1651 1272/1/1647 1267/1/1646
f 16/1/1324 15/1/1324 1275/1/1324
f 1275/1/1324 1269/1/1324 16/1/1324
f 1266/1/1323 1269/1/1323 1275/1/1323
f 1275/1/1323 1276/1/1323 1266/1/1323
f 1266/1/1321 1276/1/1652 1277/1/1652
f 1277/1/1652 1270/1/1321 1266/1/1321
f 1255/1/1653 1270/1/1654 1277/1/1654
f 1277/1/1654 1256/1/1653 1255/1/1653
f 1270/1/1644 1255/1/1639 1265/1/1638
f 1265/1/1638 1271/1/1645 1270/1/1644
f 1264/1/1636 1274/1/1651 1271/1/1650
f 1271/1/1650 1265/1/1637 1264/1/1636
f 1274/1/1315 1264/1/1315 1263/1/1315
f 1263/1/1315 1278/1/1655 1274/1/1315
f 1278/1/1314 1279/1/1313 1272/1/1313
f 1272/1/1313 1274/1/1313 1278/1/1314
f 1279/1/1311 1280/1/1311 1273/1/1656
f 1273/1/1656 1272/1/1657 1279/1/1311
f 18/1/1310 1273/1/1310 1280/1/1310
f 1280/1/1310 20/1/1310 18/1/1310
f 1273/1/1648 18/1/20 17/1/19
f 17/1/19 1268/1/1649 1273/1/1648
f 1268/1/1642 17/1/17 16/1/18
f 16/1/18 1269/1/1643 1268/1/1642
f 1281/1/1658 1282/1/1658 1283/1/1658
f 1283/1/1658 1284/1/1658 1281/1/1658
f 1285/1/1659 1286/1/1659 1282/1/1659
f 1282/1/1659 1281/1/1659 1285/1/1659
f 1282/1/1660 1287/1/1661 1288/1/1660
f 1288/1/1660 1283/1/1661 1282/1/1660
f 1289/1/1662 1287/1/1663 1282/1/1664
f 1282/1/1664 1286/1/1662 1289/1/1662
f 1290/1/1665 526/1/1666 548/1/1665
f 548/1/1665 1284/1/1665 1290/1/1665
f 1284/1/1667 548/1/1667 547/1/1667
f 547/1/1667 1281/1/1667 1284/1/1667
f 1285/1/1668 1281/1/1668 547/1/1668
f 547/1/1668 545/1/1668 1285/1/1668
f 1285/1/1669 545/1/1669 546/1/1669
f 546/1/1669 1291/1/1669 1285/1/1669
f 1285/1/1670 1291/1/1670 1292/1/1670
f 1292/1/1670 1286/1/1670 1285/1/1670
f 1293/1/1671 1289/1/1672 1286/1/1672
f 1286/1/1672 1292/1/1672 1293/1/1671
f 1289/1/1673 1293/1/1673 1163/1/1674
f 1163/1/1674 1162/1/1673 1289/1/1673
f 1289/1/1675 1162/1/1675 1161/1/1675
f 1161/1/1675 1287/1/1675 1289/1/1675
f 1161/1/1676 1160/1/1677 1288/1/1677
f 1288/1/1677 1287/1/1677 1161/1/1676
f 1160/1/1678 1143/1/1678 1294/1/1678
f 1294/1/1678 1288/1/1678 1160/1/1678
f 1283/1/1679 1288/1/1680 1294/1/1680
f 1294/1/1680 1295/1/1680 1283/1/1679
f 1283/1/1681 1295/1/1681 1290/1/1681
f 1290/1/1681 1284/1/1681 1283/1/1681
f 1296/1/1682 1297/1/1682 1298/1/1682
f 1298/1/1682 1299/1/1682 1296/1/1682
f 1300/1/1683 1301/1/1683 1297/1/1683
f 1297/1/1683 1296/1/1684 1300/1/1683
f 1297/1/1685 1302/1/1686 1303/1/1685
f 1303/1/1685 1298/1/1685 1297/1/1685
f 1301/1/1687 1304/1/1688 1302/1/1687
f 1302/1/1687 1297/1/1689 1301/1/1687
f 49/1/1690 660/1/1691 1299/1/1692
f 1299/1/1692 1305/1/1693 49/1/1690
f 665/1/1694 1296/1/1694 1299/1/1694
f 1299/1/1694 660/1/1694 665/1/1694
f 665/1/1695 664/1/1695 1300/1/1695
f 1300/1/1695 1296/1/1695 665/1/1695
f 664/1/1696 641/1/1697 1306/1/1696
f 1306/1/1696 1300/1/1696 664/1/1696
f 1300/1/1698 1306/1/1698 1307/1/1698
f 1307/1/1698 1301/1/1698 1300/1/1698
f 1308/1/1699 1304/1/1700 1301/1/1700
f 1301/1/1700 1307/1/1701 1308/1/1699
f 1304/1/1702 1308/1/1702 1256/1/1702
f 1256/1/1702 1277/1/1702 1304/1/1702
f 1304/1/1703 1277/1/1703 1276/1/1703
f 1276/1/1703 1302/1/1704 1304/1/1703
f 1302/1/1705 1276/1/1705 1275/1/1706
f 1275/1/1706 1303/1/1707 1302/1/1705
f 1275/1/1708 15/1/1709 1309/1/1710
f 1309/1/1710 1303/1/1711 1275/1/1708
f 1303/1/1712 1309/1/1712 1310/1/1712
f 1310/1/1712 1298/1/1712 1303/1/1712
f 1298/1/1713 1310/1/1713 1305/1/1713
f 1305/1/1713 1299/1/1714 1298/1/1713
f 1311/1/1715 1312/1/1716 1313/1/1715
f 1313/1/1715 1314/1/1715 1311/1/1715
f 1315/1/1717 1316/1/1718 1312/1/1719
f 1312/1/1719 1311/1/1717 1315/1/1717
f 1312/1/1720 1317/1/1720 1318/1/1720
f 1318/1/1720 1313/1/1720 1312/1/1720
f 1312/1/1721 1316/1/1722 1319/1/1722
f 1319/1/1722 1317/1/1722 1312/1/1721
f 1314/1/1723 1320/1/1724 141/1/1724
f 141/1/1724 140/1/1724 1314/1/1723
f 1314/1/1725 140/1/1725 150/1/1725
f 150/1/1725 1311/1/1725 1314/1/1725
f 1315/1/1726 1311/1/1726 150/1/1726
f 150/1/1726 149/1/1726 1315/1/1726
f 149/1/1727 121/1/1727 1321/1/1727
f 1321/1/1727 1315/1/1727 149/1/1727
f 1315/1/1728 1321/1/1729 1322/1/1728
f 1322/1/1728 1316/1/1729 1315/1/1728
f 1323/1/1730 1319/1/1731 1316/1/1730
f 1316/1/1730 1322/1/1732 1323/1/1730
f 736/1/1733 759/1/1734 1319/1/1734
f 1319/1/1734 1323/1/1734 736/1/1733
f 1319/1/1735 759/1/1735 758/1/1735
f 758/1/1735 1317/1/1735 1319/1/1735
f 758/1/1736 757/1/1737 1318/1/1737
f 1318/1/1737 1317/1/1737 758/1/1736
f 757/1/1738 756/1/1739 1324/1/1739
f 1324/1/1739 1318/1/1739 757/1/1738
f 1325/1/1740 1313/1/1740 1318/1/1740
f 1318/1/1740 1324/1/1740 1325/1/1740
f 1313/1/1741 1325/1/1741 1320/1/1741
f 1320/1/1741 1314/1/1741 1313/1/1741
f 1326/1/1742 1327/1/1742 1328/1/1742
f 1328/1/1742 1329/1/1742 1326/1/1742
f 1330/1/1743 1331/1/1744 1327/1/1743
f 1327/1/1743 1326/1/1743 1330/1/1743
f 1327/1/1745 1332/1/1746 1333/1/1745
f 1333/1/1745 1328/1/1745 1327/1/1745
f 1334/1/1747 1332/1/1747 1327/1/1747
f 1327/1/1747 1331/1/1747 1334/1/1747
f 1329/1/1748 1291/1/1748 546/1/1748
f 546/1/1748 568/1/1748 1329/1/1748
f 1329/1/1749 568/1/1749 567/1/1749
f 567/1/1749 1326/1/1749 1329/1/1749
f 1330/1/1750 1326/1/1750 567/1/1750
f 567/1/1750 565/1/1750 1330/1/1750
f 1335/1/1751 1330/1/1752 565/1/1753
f 565/1/1753 566/1/1752 1335/1/1751
f 1335/1/1754 1336/1/1754 1331/1/1755
f 1331/1/1755 1330/1/1754 1335/1/1754
f 1337/1/1756 1334/1/1757 1331/1/1757
f 1331/1/1757 1336/1/1758 1337/1/1756
f 1334/1/1759 1337/1/1760 1183/1/1759
f 1183/1/1759 1182/1/1761 1334/1/1759
f 1334/1/1762 1182/1/1763 1181/1/1764
f 1181/1/1764 1332/1/1765 1334/1/1762
f 1181/1/1766 1180/1/1766 1333/1/1766
f 1333/1/1766 1332/1/1767 1181/1/1766
f 1163/1/1768 1293/1/1768 1333/1/1769
f 1333/1/1769 1180/1/1770 1163/1/1768
f 1328/1/1771 1333/1/1771 1293/1/1772
f 1293/1/1772 1292/1/1771 1328/1/1771
f 1329/1/1773 1328/1/1773 1292/1/1773
f 1292/1/1773 1291/1/1773 1329/1/1773
f 1338/1/1774 1339/1/1774 1340/1/1774
f 1340/1/1774 1341/1/1774 1338/1/1774
f 1342/1/1775 1343/1/1776 1339/1/1775
f 1339/1/1775 1338/1/1775 1342/1/1775
f 1339/1/1777 1344/1/1778 1345/1/1777
f 1345/1/1777 1340/1/1779 1339/1/1777
f 1343/1/1780 1346/1/1780 1344/1/1781
f 1344/1/1781 1339/1/1782 1343/1/1780
f 1347/1/1783 45/1/1783 43/1/1783
f 43/1/1783 1341/1/1783 1347/1/1783
f 42/1/1784 1338/1/1785 1341/1/1785
f 1341/1/1785 43/1/1785 42/1/1784
f 41/1/1786 1342/1/1787 1338/1/1786
f 1338/1/1786 42/1/1788 41/1/1786
f 1348/1/1789 1342/1/1790 41/1/1789
f 41/1/1789 40/1/1789 1348/1/1789
f 1348/1/1791 1349/1/1791 1343/1/1791
f 1343/1/1791 1342/1/1791 1348/1/1791
f 1350/1/1792 1346/1/1793 1343/1/1792
f 1343/1/1792 1349/1/1794 1350/1/1792
f 1350/1/1795 23/1/1795 22/1/1795
f 22/1/1795 1346/1/1795 1350/1/1795
f 1344/1/1796 1346/1/1796 22/1/1796
f 22/1/1796 21/1/1796 1344/1/1796
f 1345/1/1797 1344/1/1798 21/1/1799
f 21/1/1799 19/1/1797 1345/1/1797
f 19/1/1800 20/1/1801 1351/1/1801
f 1351/1/1801 1345/1/1801 19/1/1800
f 1340/1/1802 1345/1/1802 1351/1/1802
f 1351/1/1802 1352/1/1802 1340/1/1802
f 1352/1/1803 1347/1/1804 1341/1/1804
f 1341/1/1804 1340/1/1804 1352/1/1803
f 1353/1/1805 1354/1/1805 1355/1/1805
f 1355/1/1805 1356/1/1805 1353/1/1805
f 1357/1/1806 1358/1/1807 1354/1/1808
f 1354/1/1808 1353/1/1809 1357/1/1806
f 1354/1/1810 1359/1/1811 1360/1/1811
f 1360/1/1811 1355/1/1811 1354/1/1810
f 1358/1/1812 1361/1/1813 1359/1/1812
f 1359/1/1812 1354/1/1814 1358/1/1812
f 1362/1/1815 161/1/1816 160/1/1815
f 160/1/1815 1356/1/1815 1362/1/1815
f 170/1/1817 1353/1/1818 1356/1/1818
f 1356/1/1818 160/1/1818 170/1/1817
f 170/1/1819 169/1/1819 1357/1/1819
f 1357/1/1819 1353/1/1819 170/1/1819
f 1320/1/1820 1357/1/1820 169/1/1820
f 169/1/1820 141/1/1820 1320/1/1820
f 1358/1/1821 1357/1/1821 1320/1/1821
f 1320/1/1821 1325/1/1821 1358/1/1821
f 1358/1/1822 1325/1/1822 1324/1/1822
f 1324/1/1822 1361/1/1823 1358/1/1822
f 756/1/1824 779/1/1825 1361/1/1825
f 1361/1/1825 1324/1/1826 756/1/1824
f 1361/1/1827 779/1/1828 778/1/1827
f 778/1/1827 1359/1/1829 1361/1/1827
f 1359/1/1830 778/1/1831 777/1/1830
f 777/1/1830 1360/1/1832 1359/1/1830
f 776/1/1833 1363/1/1833 1360/1/1833
f 1360/1/1833 777/1/1833 776/1/1833
f 1364/1/1834 1355/1/1835 1360/1/1835
f 1360/1/1835 1363/1/1834 1364/1/1834
f 1364/1/1836 1362/1/1836 1356/1/1836
f 1356/1/1836 1355/1/1836 1364/1/1836
f 1365/1/1837 1366/1/1838 1367/1/1839
f 1367/1/1839 1368/1/1838 1365/1/1837
f 1369/1/1840 1370/1/1840 1366/1/1840
f 1366/1/1840 1365/1/1840 1369/1/1840
f 1366/1/1841 1371/1/1841 1372/1/1841
f 1372/1/1841 1367/1/1841 1366/1/1841
f 1373/1/1842 1371/1/1842 1366/1/1842
f 1366/1/1842 1370/1/1843 1373/1/1842
f 1335/1/1844 566/1/1844 588/1/1844
f 588/1/1844 1368/1/1844 1335/1/1844
f 1368/1/1845 588/1/1845 587/1/1845
f 587/1/1845 1365/1/1845 1368/1/1845
f 1369/1/1846 1365/1/1846 587/1/1846
f 587/1/1846 585/1/1846 1369/1/1846
f 1374/1/1847 1369/1/1847 585/1/1847
f 585/1/1847 586/1/1848 1374/1/1847
f 1374/1/1849 1375/1/1849 1370/1/1850
f 1370/1/1850 1369/1/1850 1374/1/1849
f 1375/1/1851 1376/1/1851 1373/1/1852
f 1373/1/1852 1370/1/1851 1375/1/1851
f 1373/1/1853 1376/1/1854 1203/1/1853
f 1203/1/1853 1202/1/1853 1373/1/1853
f 1373/1/1855 1202/1/1855 1201/1/1855
f 1201/1/1855 1371/1/1855 1373/1/1855
f 1201/1/1856 1200/1/1857 1372/1/1857
f 1372/1/1857 1371/1/1857 1201/1/1856
f 1200/1/1858 1183/1/1859 1337/1/1859
f 1337/1/1859 1372/1/1859 1200/1/1858
f 1337/1/1860 1336/1/1860 1367/1/1860
f 1367/1/1860 1372/1/1860 1337/1/1860
f 1335/1/1861 1368/1/1862 1367/1/1862
f 1367/1/1862 1336/1/1861 1335/1/1861
f 1377/1/1863 1378/1/1863 1379/1/1863
f 1379/1/1863 1380/1/1863 1377/1/1863
f 1381/1/1864 1382/1/1864 1378/1/1865
f 1378/1/1865 1377/1/1864 1381/1/1864
f 1378/1/1866 1383/1/1867 1384/1/1867
f 1384/1/1867 1379/1/1867 1378/1/1866
f 1382/1/1868 1385/1/1868 1383/1/1869
f 1383/1/1869 1378/1/1869 1382/1/1868
f 1348/1/1870 40/1/1871 68/1/1871
f 68/1/1871 1380/1/1871 1348/1/1870
f 67/1/1872 1377/1/1872 1380/1/1872
f 1380/1/1872 68/1/1872 67/1/1872
f 66/1/1873 1381/1/1873 1377/1/1873
f 1377/1/1873 67/1/1873 66/1/1873
f 66/1/1874 65/1/1875 1386/1/1874
f 1386/1/1874 1381/1/1876 66/1/1874
f 1386/1/1877 1387/1/1877 1382/1/1878
f 1382/1/1878 1381/1/1877 1386/1/1877
f 1388/1/1879 1385/1/1879 1382/1/1879
f 1382/1/1879 1387/1/1879 1388/1/1879
f 1385/1/1880 1388/1/1881 683/1/1882
f 683/1/1882 682/1/1883 1385/1/1880
f 1383/1/1884 1385/1/1885 682/1/1884
f 682/1/1884 681/1/1884 1383/1/1884
f 1384/1/1886 1383/1/1886 681/1/1887
f 681/1/1887 680/1/1886 1384/1/1886
f 680/1/1888 23/1/1888 1350/1/1888
f 1350/1/1888 1384/1/1888 680/1/1888
f 1349/1/1889 1379/1/1889 1384/1/1889
f 1384/1/1889 1350/1/1889 1349/1/1889
f 1380/1/1890 1379/1/1890 1349/1/1890
f 1349/1/1890 1348/1/1890 1380/1/1890
f 1389/1/1891 1390/1/1892 1391/1/1892
f 1391/1/1892 1392/1/1892 1389/1/1891
f 1393/1/1893 1394/1/1894 1390/1/1895
f 1390/1/1895 1389/1/1895 1393/1/1893
f 1390/1/1896 1395/1/1896 1396/1/1897
f 1396/1/1897 1391/1/1898 1390/1/1896
f 1394/1/1899 1397/1/1899 1395/1/1899
f 1395/1/1899 1390/1/1899 1394/1/1899
f 1392/1/1900 1398/1/1900 181/1/1900
f 181/1/1900 180/1/1900 1392/1/1900
f 190/1/1901 1389/1/1901 1392/1/1901
f 1392/1/1901 180/1/1901 190/1/1901
f 190/1/1902 189/1/1902 1393/1/1902
f 1393/1/1902 1389/1/1902 190/1/1902
f 161/1/1903 1362/1/1904 1393/1/1904
f 1393/1/1904 189/1/1904 161/1/1903
f 1362/1/1905 1364/1/1905 1394/1/1905
f 1394/1/1905 1393/1/1906 1362/1/1905
f 1397/1/1907 1394/1/1907 1364/1/1907
f 1364/1/1907 1363/1/1907 1397/1/1907
f 1397/1/1908 1363/1/1908 776/1/1908
f 776/1/1908 799/1/1908 1397/1/1908
f 1397/1/1909 799/1/1910 798/1/1910
f 798/1/1910 1395/1/1909 1397/1/1909
f 1395/1/1911 798/1/1912 797/1/1911
f 797/1/1911 1396/1/1913 1395/1/1911
f 797/1/1914 796/1/1914 1399/1/1914
f 1399/1/1914 1396/1/1914 797/1/1914
f 1391/1/1915 1396/1/1916 1399/1/1916
f 1399/1/1916 1400/1/1916 1391/1/1915
f 1400/1/1917 1398/1/1918 1392/1/1919
f 1392/1/1919 1391/1/1918 1400/1/1917
f 1401/1/1920 1402/1/1920 1403/1/1920
f 1403/1/1920 1404/1/1920 1401/1/1920
f 1405/1/1921 1406/1/1922 1402/1/1923
f 1402/1/1923 1401/1/1924 1405/1/1921
f 1402/1/1925 1407/1/1925 1408/1/1925
f 1408/1/1925 1403/1/1925 1402/1/1925
f 1409/1/1926 1407/1/1926 1402/1/1926
f 1402/1/1926 1406/1/1926 1409/1/1926
f 1374/1/1927 586/1/1927 608/1/1927
f 608/1/1927 1404/1/1927 1374/1/1927
f 1404/1/1928 608/1/1928 607/1/1929
f 607/1/1929 1401/1/1928 1404/1/1928
f 1405/1/1930 1401/1/1931 607/1/1932
f 607/1/1932 605/1/1930 1405/1/1930
f 1410/1/1933 1405/1/1933 605/1/1933
f 605/1/1933 606/1/1933 1410/1/1933
f 1410/1/1934 1411/1/1935 1406/1/1935
f 1406/1/1935 1405/1/1935 1410/1/1934
f 1409/1/1936 1406/1/1936 1411/1/1937
f 1411/1/1937 1412/1/1936 1409/1/1936
f 1409/1/1938 1412/1/1938 1223/1/1938
f 1223/1/1938 1222/1/1938 1409/1/1938
f 1409/1/1939 1222/1/1939 1221/1/1939
f 1221/1/1939 1407/1/1939 1409/1/1939
f 1221/1/1940 1220/1/1940 1408/1/1940
f 1408/1/1940 1407/1/1940 1221/1/1940
f 1203/1/1941 1376/1/1941 1408/1/1941
f 1408/1/1941 1220/1/1941 1203/1/1941
f 1375/1/1942 1403/1/1942 1408/1/1942
f 1408/1/1942 1376/1/1942 1375/1/1942
f 1404/1/1943 1403/1/1944 1375/1/1944
f 1375/1/1944 1374/1/1944 1404/1/1943
f 1413/1/1945 1414/1/1946 1415/1/1947
f 1415/1/1947 1416/1/1947 1413/1/1945
f 1417/1/1948 1418/1/1948 1414/1/1948
f 1414/1/1948 1413/1/1948 1417/1/1948
f 1414/1/1949 1419/1/1950 1420/1/1949
f 1420/1/1949 1415/1/1951 1414/1/1949
f 1418/1/1952 1421/1/1952 1419/1/1952
f 1419/1/1952 1414/1/1953 1418/1/1952
f 1386/1/1954 65/1/1954 88/1/1955
f 88/1/1955 1416/1/1955 1386/1/1954
f 1416/1/1956 88/1/1956 87/1/1956
f 87/1/1956 1413/1/1956 1416/1/1956
f 86/1/1957 1417/1/1958 1413/1/1957
f 1413/1/1957 87/1/1957 86/1/1957
f 86/1/1959 85/1/1959 1422/1/1959
f 1422/1/1959 1417/1/1959 86/1/1959
f 1422/1/1960 1423/1/1960 1418/1/1960
f 1418/1/1960 1417/1/1960 1422/1/1960
f 1421/1/1961 1418/1/1962 1423/1/1963
f 1423/1/1963 1424/1/1962 1421/1/1961
f 1421/1/1964 1424/1/1964 703/1/1964
f 703/1/1964 702/1/1965 1421/1/1964
f 1419/1/1966 1421/1/1967 702/1/1966
f 702/1/1966 701/1/1966 1419/1/1966
f 701/1/1968 700/1/1968 1420/1/1968
f 1420/1/1968 1419/1/1968 701/1/1968
f 700/1/1969 683/1/1969 1388/1/1970
f 1388/1/1970 1420/1/1970 700/1/1969
f 1387/1/1971 1415/1/1971 1420/1/1971
f 1420/1/1971 1388/1/1971 1387/1/1971
f 1415/1/1972 1387/1/1973 1386/1/1973
f 1386/1/1973 1416/1/1973 1415/1/1972
f 1425/1/1974 1426/1/1974 1427/1/1974
f 1427/1/1974 1428/1/1974 1425/1/1974
f 1429/1/1975 1430/1/1975 1426/1/1975
f 1426/1/1975 1425/1/1975 1429/1/1975
f 1426/1/1976 1431/1/1976 1432/1/1976
f 1432/1/1976 1427/1/1976 1426/1/1976
f 1430/1/1977 1433/1/1977 1431/1/1977
f 1431/1/1977 1426/1/1978 1430/1/1977
f 201/1/1979 200/1/1980 1428/1/1979
f 1428/1/1979 1434/1/1981 201/1/1979
f 210/1/1982 1425/1/1982 1428/1/1983
f 1428/1/1983 200/1/1982 210/1/1982
f 210/1/1984 209/1/1984 1429/1/1985
f 1429/1/1985 1425/1/1984 210/1/1984
f 1429/1/1986 209/1/1986 181/1/1986
f 181/1/1986 1398/1/1986 1429/1/1986
f 1430/1/1987 1429/1/1988 1398/1/1988
f 1398/1/1988 1400/1/1988 1430/1/1987
f 1399/1/1989 1433/1/1989 1430/1/1989
f 1430/1/1989 1400/1/1989 1399/1/1989
f 819/1/1990 1433/1/1991 1399/1/1991
f 1399/1/1991 796/1/1990 819/1/1990
f 1433/1/1992 819/1/1993 818/1/1992
f 818/1/1992 1431/1/1994 1433/1/1992
f 1431/1/1995 818/1/1996 817/1/1995
f 817/1/1995 1432/1/1995 1431/1/1995
f 817/1/1997 816/1/1998 1435/1/1998
f 1435/1/1998 1432/1/1999 817/1/1997
f 1427/1/2000 1432/1/2000 1435/1/2001
f 1435/1/2001 1436/1/2002 1427/1/2000
f 1436/1/2003 1434/1/2003 1428/1/2003
f 1428/1/2003 1427/1/2003 1436/1/2003
f 1437/1/2004 1438/1/2004 1439/1/2005
f 1439/1/2005 1440/1/2006 1437/1/2004
f 1441/1/2007 1442/1/2007 1438/1/2007
f 1438/1/2007 1437/1/2008 1441/1/2007
f 1438/1/2009 1443/1/2009 1444/1/2009
f 1444/1/2009 1439/1/2009 1438/1/2009
f 1445/1/2010 1443/1/2010 1438/1/2010
f 1438/1/2010 1442/1/2010 1445/1/2010
f 1410/1/2011 606/1/2012 628/1/2013
f 628/1/2013 1440/1/2014 1410/1/2011
f 1440/1/2015 628/1/2015 627/1/2016
f 627/1/2016 1437/1/2016 1440/1/2015
f 1441/1/2017 1437/1/2018 627/1/2018
f 627/1/2018 625/1/2019 1441/1/2017
f 1446/1/2020 1441/1/2021 625/1/2022
f 625/1/2022 626/1/2023 1446/1/2020
f 1446/1/2024 1447/1/2024 1442/1/2024
f 1442/1/2024 1441/1/2024 1446/1/2024
f 1445/1/2025 1442/1/2025 1447/1/2025
f 1447/1/2025 1448/1/2025 1445/1/2025
f 1445/1/2026 1448/1/2026 1243/1/2026
f 1243/1/2026 1242/1/2026 1445/1/2026
f 1445/1/2027 1242/1/2028 1241/1/2029
f 1241/1/2029 1443/1/2030 1445/1/2027
f 1241/1/2031 1240/1/2032 1444/1/2032
f 1444/1/2032 1443/1/2032 1241/1/2031
f 1240/1/2033 1223/1/2033 1412/1/2033
f 1412/1/2033 1444/1/2033 1240/1/2033
f 1439/1/2034 1444/1/2034 1412/1/2034
f 1412/1/2034 1411/1/2034 1439/1/2034
f 1440/1/2035 1439/1/2035 1411/1/2036
f 1411/1/2036 1410/1/2037 1440/1/2035
f 1449/1/2038 1450/1/2038 1451/1/2039
f 1451/1/2039 1452/1/2038 1449/1/2038
f 1453/1/2040 1454/1/2040 1450/1/2040
f 1450/1/2040 1449/1/2040 1453/1/2040
f 1450/1/2041 1455/1/2041 1456/1/2041
f 1456/1/2041 1451/1/2041 1450/1/2041
f 1454/1/2042 1457/1/2042 1455/1/2042
f 1455/1/2042 1450/1/2042 1454/1/2042
f 1452/1/2043 1422/1/2043 85/1/2044
f 85/1/2044 108/1/2043 1452/1/2043
f 107/1/2045 1449/1/2046 1452/1/2046
f 1452/1/2046 108/1/2045 107/1/2045
f 105/1/2047 1453/1/2047 1449/1/2047
f 1449/1/2047 107/1/2047 105/1/2047
f 1458/1/2048 1453/1/2049 105/1/2049
f 105/1/2049 106/1/2049 1458/1/2048
f 1458/1/2050 1459/1/2051 1454/1/2050
f 1454/1/2050 1453/1/2050 1458/1/2050
f 1457/1/2052 1454/1/2052 1459/1/2052
f 1459/1/2052 1460/1/2052 1457/1/2052
f 1457/1/2053 1460/1/2054 723/1/2053
f 723/1/2053 722/1/2053 1457/1/2053
f 1455/1/2055 1457/1/2055 722/1/2055
f 722/1/2055 721/1/2055 1455/1/2055
f 1456/1/2056 1455/1/2057 721/1/2058
f 721/1/2058 720/1/2057 1456/1/2056
f 720/1/2059 703/1/2060 1424/1/2061
f 1424/1/2061 1456/1/2062 720/1/2059
f 1423/1/2063 1451/1/2063 1456/1/2064
f 1456/1/2064 1424/1/2064 1423/1/2063
f 1452/1/2065 1451/1/2066 1423/1/2066
f 1423/1/2066 1422/1/2066 1452/1/2065
f 1461/1/2067 1462/1/1659 1463/1/1659
f 1463/1/1659 1464/1/1659 1461/1/2067
f 1465/1/1658 1466/1/1658 1462/1/1658
f 1462/1/1658 1461/1/1658 1465/1/1658
f 1462/1/2068 1467/1/2069 1468/1/2068
f 1468/1/2068 1463/1/1663 1462/1/2068
f 1466/1/1660 1469/1/1660 1467/1/1660
f 1467/1/1660 1462/1/1660 1466/1/1660
f 1464/1/1669 1470/1/1669 221/1/1669
f 221/1/1669 220/1/1669 1464/1/1669
f 230/1/1668 1461/1/1668 1464/1/1668
f 1464/1/1668 220/1/1668 230/1/1668
f 230/1/1667 229/1/1667 1465/1/1667
f 1465/1/1667 1461/1/1667 230/1/1667
f 1434/1/1665 1465/1/1665 229/1/1665
f 229/1/1665 201/1/2070 1434/1/1665
f 1466/1/1681 1465/1/1681 1434/1/1681
f 1434/1/1681 1436/1/1681 1466/1/1681
f 1435/1/1680 1469/1/1680 1466/1/1680
f 1466/1/1680 1436/1/1680 1435/1/1680
f 839/1/1678 1469/1/1678 1435/1/1678
f 1435/1/1678 816/1/1678 839/1/1678
f 1469/1/2071 839/1/2071 838/1/2072
f 838/1/2072 1467/1/1677 1469/1/2071
f 1467/1/1675 838/1/1675 837/1/1675
f 837/1/1675 1468/1/1675 1467/1/1675
f 837/1/2073 836/1/1673 1471/1/2074
f 1471/1/2074 1468/1/1673 837/1/2073
f 1463/1/1672 1468/1/2075 1471/1/1672
f 1471/1/1672 1472/1/1672 1463/1/1672
f 1472/1/1670 1470/1/1670 1464/1/1670
f 1464/1/1670 1463/1/1670 1472/1/1670
f 1473/1/2076 1474/1/2077 1475/1/2076
f 1475/1/2076 1476/1/2076 1473/1/2076
f 1477/1/2078 1478/1/2079 1474/1/2079
f 1474/1/2079 1473/1/2079 1477/1/2078
f 1474/1/2080 1479/1/2080 1480/1/2080
f 1480/1/2080 1475/1/2080 1474/1/2080
f 1481/1/2081 1479/1/2082 1474/1/2082
f 1474/1/2082 1478/1/2082 1481/1/2081
f 1446/1/2083 626/1/2083 648/1/2083
f 648/1/2083 1476/1/2083 1446/1/2083
f 1476/1/2084 648/1/2085 647/1/2086
f 647/1/2086 1473/1/2085 1476/1/2084
f 1477/1/2087 1473/1/2087 647/1/2087
f 647/1/2087 645/1/2087 1477/1/2087
f 1482/1/2088 1477/1/2089 645/1/2088
f 645/1/2088 646/1/2089 1482/1/2088
f 1482/1/2090 1483/1/2090 1478/1/2090
f 1478/1/2090 1477/1/2090 1482/1/2090
f 1481/1/2091 1478/1/2091 1483/1/2091
f 1483/1/2091 1484/1/2091 1481/1/2091
f 1481/1/2092 1484/1/2092 1263/1/2092
f 1263/1/2092 1262/1/2092 1481/1/2092
f 1481/1/2093 1262/1/2093 1261/1/2093
f 1261/1/2093 1479/1/2093 1481/1/2093
f 1261/1/2094 1260/1/2095 1480/1/2096
f 1480/1/2096 1479/1/2094 1261/1/2094
f 1260/1/2097 1243/1/2098 1448/1/2097
f 1448/1/2097 1480/1/2099 1260/1/2097
f 1475/1/2100 1480/1/2100 1448/1/2100
f 1448/1/2100 1447/1/2100 1475/1/2100
f 1476/1/2101 1475/1/2102 1447/1/2101
f 1447/1/2101 1446/1/2101 1476/1/2101
f 1485/1/2103 1486/1/2103 1487/1/2104
f 1487/1/2104 1488/1/2105 1485/1/2103
f 1489/1/2106 1490/1/2106 1486/1/2106
f 1486/1/2106 1485/1/2106 1489/1/2106
f 1486/1/2107 1491/1/2108 1492/1/2107
f 1492/1/2107 1487/1/2107 1486/1/2107
f 1490/1/2109 1493/1/2109 1491/1/2109
f 1491/1/2109 1486/1/2109 1490/1/2109
f 1458/1/2110 106/1/2110 128/1/2111
f 128/1/2111 1488/1/2110 1458/1/2110
f 127/1/2112 1485/1/2112 1488/1/2113
f 1488/1/2113 128/1/2113 127/1/2112
f 126/1/2114 1489/1/2115 1485/1/2116
f 1485/1/2116 127/1/2116 126/1/2114
f 1494/1/2117 1489/1/2117 126/1/2118
f 126/1/2118 125/1/2117 1494/1/2117
f 1494/1/2119 1495/1/2119 1490/1/2120
f 1490/1/2120 1489/1/2119 1494/1/2119
f 1493/1/2121 1490/1/2121 1495/1/2121
f 1495/1/2121 1496/1/2121 1493/1/2121
f 1493/1/2122 1496/1/2123 743/1/2123
f 743/1/2123 742/1/2122 1493/1/2122
f 1491/1/2124 1493/1/2124 742/1/2124
f 742/1/2124 741/1/2124 1491/1/2124
f 1492/1/2125 1491/1/2125 741/1/2125
f 741/1/2125 740/1/2125 1492/1/2125
f 740/1/2126 723/1/2127 1460/1/2126
f 1460/1/2126 1492/1/2128 740/1/2126
f 1459/1/2129 1487/1/2129 1492/1/2130
f 1492/1/2130 1460/1/2130 1459/1/2129
f 1488/1/2131 1487/1/2132 1459/1/2133
f 1459/1/2133 1458/1/2133 1488/1/2131
f 1497/1/2134 1498/1/1743 1499/1/2135
f 1499/1/2135 1500/1/2134 1497/1/2134
f 1501/1/2136 1502/1/2137 1498/1/2138
f 1498/1/2138 1497/1/2139 1501/1/2136
f 1498/1/2140 1503/1/2141 1504/1/1747
f 1504/1/1747 1499/1/1747 1498/1/2140
f 1502/1/1745 1505/1/1746 1503/1/1745
f 1503/1/1745 1498/1/1745 1502/1/1745
f 1500/1/1752 1506/1/1752 241/1/1752
f 241/1/1752 240/1/1752 1500/1/1752
f 250/1/1750 1497/1/2142 1500/1/1750
f 1500/1/1750 240/1/1750 250/1/1750
f 250/1/1749 249/1/1749 1501/1/1749
f 1501/1/1749 1497/1/1749 250/1/1749
f 1470/1/1748 1501/1/1748 249/1/1748
f 249/1/1748 221/1/1748 1470/1/1748
f 1502/1/1773 1501/1/1773 1470/1/2143
f 1470/1/2143 1472/1/1773 1502/1/1773
f 1471/1/1771 1505/1/1771 1502/1/1771
f 1502/1/1771 1472/1/1771 1471/1/1771
f 859/1/2144 1505/1/2144 1471/1/2144
f 1471/1/2144 836/1/1769 859/1/2144
f 1505/1/2145 859/1/2145 858/1/2145
f 858/1/2145 1503/1/1766 1505/1/2145
f 1503/1/1765 858/1/1765 857/1/1765
f 857/1/1765 1504/1/1765 1503/1/1765
f 857/1/1761 856/1/1761 1507/1/1761
f 1507/1/1761 1504/1/1761 857/1/1761
f 1499/1/2146 1504/1/1757 1507/1/2146
f 1507/1/2146 1508/1/2146 1499/1/2146
f 1508/1/1754 1506/1/1754 1500/1/1754
f 1500/1/1754 1499/1/1754 1508/1/1754
f 1509/1/2147 1510/1/2148 1511/1/2147
f 1511/1/2147 1512/1/2149 1509/1/2147
f 1513/1/2150 1514/1/2150 1510/1/2150
f 1510/1/2150 1509/1/2151 1513/1/2150
f 1510/1/2152 1515/1/2152 1516/1/2153
f 1516/1/2153 1511/1/2153 1510/1/2152
f 1517/1/2154 1515/1/2154 1510/1/2155
f 1510/1/2155 1514/1/2154 1517/1/2154
f 1482/1/2156 646/1/2157 663/1/2158
f 663/1/2158 1512/1/2157 1482/1/2156
f 1512/1/2159 663/1/2160 662/1/2161
f 662/1/2161 1509/1/2159 1512/1/2159
f 1513/1/2162 1509/1/2162 662/1/2162
f 662/1/2162 661/1/2162 1513/1/2162
f 1347/1/2163 1513/1/2163 661/1/2163
f 661/1/2163 45/1/2163 1347/1/2163
f 1352/1/2164 1514/1/2164 1513/1/2164
f 1513/1/2164 1347/1/2164 1352/1/2164
f 1351/1/2165 1517/1/2165 1514/1/2165
f 1514/1/2165 1352/1/2165 1351/1/2165
f 1517/1/2166 1351/1/2166 20/1/2166
f 20/1/2166 1280/1/2166 1517/1/2166
f 1517/1/2167 1280/1/2167 1279/1/2167
f 1279/1/2167 1515/1/2167 1517/1/2167
f 1279/1/2168 1278/1/2169 1516/1/2168
f 1516/1/2168 1515/1/2168 1279/1/2168
f 1278/1/2170 1263/1/2170 1484/1/2170
f 1484/1/2170 1516/1/2170 1278/1/2170
f 1511/1/2171 1516/1/2172 1484/1/2172
f 1484/1/2172 1483/1/2172 1511/1/2171
f 1512/1/2173 1511/1/2173 1483/1/2173
f 1483/1/2173 1482/1/2173 1512/1/2173
f 1518/1/2174 1519/1/2174 1520/1/2174
f 1520/1/2174 1521/1/2174 1518/1/2174
f 1522/1/2175 1523/1/2176 1519/1/2175
f 1519/1/2175 1518/1/2175 1522/1/2175
f 1519/1/2177 1524/1/2177 1525/1/2177
f 1525/1/2177 1520/1/2178 1519/1/2177
f 1523/1/2179 1526/1/2179 1524/1/2180
f 1524/1/2180 1519/1/2179 1523/1/2179
f 1494/1/2181 125/1/2181 148/1/2181
f 148/1/2181 1521/1/2182 1494/1/2181
f 147/1/2183 1518/1/2184 1521/1/2185
f 1521/1/2185 148/1/2183 147/1/2183
f 146/1/2186 1522/1/2186 1518/1/2186
f 1518/1/2186 147/1/2187 146/1/2186
f 146/1/2188 145/1/2189 1527/1/2190
f 1527/1/2190 1522/1/2191 146/1/2188
f 1527/1/2192 1528/1/2192 1523/1/2192
f 1523/1/2192 1522/1/2192 1527/1/2192
f 1523/1/2193 1528/1/2194 1529/1/2194
f 1529/1/2194 1526/1/2194 1523/1/2193
f 763/1/2195 762/1/2196 1526/1/2195
f 1526/1/2195 1529/1/2197 763/1/2195
f 1524/1/2198 1526/1/2198 762/1/2198
f 762/1/2198 761/1/2198 1524/1/2198
f 1525/1/2199 1524/1/2200 761/1/2200
f 761/1/2200 760/1/2200 1525/1/2199
f 760/1/2201 743/1/2201 1496/1/2201
f 1496/1/2201 1525/1/2201 760/1/2201
f 1495/1/2202 1520/1/2202 1525/1/2202
f 1525/1/2202 1496/1/2202 1495/1/2202
f 1521/1/2203 1520/1/2204 1495/1/2203
f 1495/1/2203 1494/1/2203 1521/1/2203
f 1530/1/2205 1531/1/2205 1532/1/2205
f 1532/1/2205 1533/1/2205 1530/1/2205
f 1534/1/1838 1535/1/1838 1531/1/1838
f 1531/1/1838 1530/1/1838 1534/1/1838
f 1531/1/1843 1536/1/1843 1537/1/1842
f 1537/1/1842 1532/1/1843 1531/1/1843
f 1535/1/1841 1538/1/1841 1536/1/1841
f 1536/1/1841 1531/1/1841 1535/1/1841
f 1533/1/1847 1539/1/1847 261/1/1847
f 261/1/1847 260/1/1847 1533/1/1847
f 270/1/1846 1530/1/1846 1533/1/1846
f 1533/1/1846 260/1/1846 270/1/1846
f 270/1/1845 269/1/1845 1534/1/1845
f 1534/1/1845 1530/1/1845 270/1/1845
f 1506/1/1844 1534/1/1844 269/1/1844
f 269/1/1844 241/1/1844 1506/1/1844
f 1535/1/1862 1534/1/1861 1506/1/2206
f 1506/1/2206 1508/1/1861 1535/1/1862
f 1507/1/1860 1538/1/1860 1535/1/1860
f 1535/1/1860 1508/1/1860 1507/1/1860
f 879/1/1859 1538/1/1859 1507/1/1859
f 1507/1/1859 856/1/1859 879/1/1859
f 1538/1/2207 879/1/1857 878/1/1857
f 878/1/1857 1536/1/1857 1538/1/2207
f 1536/1/2208 878/1/1855 877/1/2208
f 877/1/2208 1537/1/2209 1536/1/2208
f 1537/1/1853 877/1/1853 876/1/1853
f 876/1/1853 1540/1/1853 1537/1/1853
f 1537/1/2210 1540/1/1851 1541/1/2211
f 1541/1/2211 1532/1/1851 1537/1/2210
f 1532/1/1850 1541/1/1850 1539/1/1850
f 1539/1/1850 1533/1/1849 1532/1/1850
f 1542/1/2212 1543/1/2212 1544/1/2212
f 1544/1/2212 1545/1/2212 1542/1/2212
f 1546/1/2213 1547/1/2214 1543/1/2215
f 1543/1/2215 1542/1/2213 1546/1/2213
f 1543/1/2216 1548/1/2216 1549/1/2216
f 1549/1/2216 1544/1/2216 1543/1/2216
f 1550/1/2217 1548/1/2217 1543/1/2217
f 1543/1/2217 1547/1/2217 1550/1/2217
f 1527/1/2218 145/1/2218 168/1/2218
f 168/1/2218 1545/1/2218 1527/1/2218
f 1545/1/2219 168/1/2219 167/1/2219
f 167/1/2219 1542/1/2220 1545/1/2219
f 1546/1/2221 1542/1/2222 167/1/2223
f 167/1/2223 166/1/2222 1546/1/2221
f 1551/1/2224 1546/1/2224 166/1/2224
f 166/1/2224 165/1/2224 1551/1/2224
f 1551/1/2225 1552/1/2225 1547/1/2225
f 1547/1/2225 1546/1/2225 1551/1/2225
f 1550/1/2226 1547/1/2226 1552/1/2227
f 1552/1/2227 1553/1/2227 1550/1/2226
f 783/1/2228 782/1/2228 1550/1/2228
f 1550/1/2228 1553/1/2228 783/1/2228
f 1550/1/2229 782/1/2230 781/1/2231
f 781/1/2231 1548/1/2230 1550/1/2229
f 781/1/2232 780/1/2232 1549/1/2232
f 1549/1/2232 1548/1/2232 781/1/2232
f 780/1/2233 763/1/2234 1529/1/2233
f 1529/1/2233 1549/1/2235 780/1/2233
f 1544/1/2236 1549/1/2236 1529/1/2236
f 1529/1/2236 1528/1/2236 1544/1/2236
f 1545/1/2237 1544/1/2237 1528/1/2237
f 1528/1/2237 1527/1/2237 1545/1/2237
f 1554/1/1924 1555/1/1924 1556/1/1924
f 1556/1/1924 1557/1/1924 1554/1/1924
f 1558/1/1920 1559/1/1920 1555/1/1920
f 1555/1/1920 1554/1/1920 1558/1/1920
f 1555/1/1926 1560/1/1926 1561/1/1926
f 1561/1/1926 1556/1/1926 1555/1/1926
f 1559/1/1925 1562/1/1925 1560/1/1925
f 1560/1/1925 1555/1/1925 1559/1/1925
f 1557/1/1933 1563/1/1933 281/1/1933
f 281/1/1933 280/1/1933 1557/1/1933
f 290/1/1931 1554/1/1931 1557/1/1931
f 1557/1/1931 280/1/1931 290/1/1931
f 290/1/1928 289/1/1928 1558/1/1928
f 1558/1/1928 1554/1/1928 290/1/1928
f 289/1/2238 261/1/2239 1539/1/2238
f 1539/1/2238 1558/1/1927 289/1/2238
f 1559/1/1944 1558/1/1944 1539/1/1944
f 1539/1/1944 1541/1/1944 1559/1/1944
f 1540/1/1942 1562/1/2240 1559/1/1942
f 1559/1/1942 1541/1/2240 1540/1/1942
f 1540/1/1941 876/1/1941 899/1/1941
f 899/1/1941 1562/1/1941 1540/1/1941
f 1562/1/1940 899/1/1940 898/1/1940
f 898/1/1940 1560/1/1940 1562/1/1940
f 1560/1/1939 898/1/1939 897/1/1939
f 897/1/1939 1561/1/1939 1560/1/1939
f 1561/1/1938 897/1/1938 896/1/1938
f 896/1/1938 1564/1/1938 1561/1/1938
f 1565/1/1936 1556/1/1936 1561/1/1936
f 1561/1/1936 1564/1/1936 1565/1/1936
f 1556/1/1935 1565/1/1935 1563/1/1935
f 1563/1/1935 1557/1/1935 1556/1/1935
f 1566/1/2241 1567/1/2242 1568/1/2242
f 1568/1/2242 1569/1/2242 1566/1/2241
f 1570/1/2243 1571/1/2244 1567/1/2243
f 1567/1/2243 1566/1/2243 1570/1/2243
f 1567/1/2245 1572/1/2245 1573/1/2246
f 1573/1/2246 1568/1/2245 1567/1/2245
f 1574/1/2247 1572/1/2248 1567/1/2248
f 1567/1/2248 1571/1/2248 1574/1/2247
f 1551/1/2249 165/1/2250 188/1/2251
f 188/1/2251 1569/1/2249 1551/1/2249
f 1569/1/2252 188/1/2252 187/1/2253
f 187/1/2253 1566/1/2252 1569/1/2252
f 1570/1/2254 1566/1/2254 187/1/2254
f 187/1/2254 185/1/2255 1570/1/2254
f 1570/1/2256 185/1/2256 186/1/2256
f 186/1/2256 1575/1/2256 1570/1/2256
f 1575/1/2257 1576/1/2257 1571/1/2258
f 1571/1/2258 1570/1/2257 1575/1/2257
f 1574/1/2259 1571/1/2259 1576/1/2259
f 1576/1/2259 1577/1/2259 1574/1/2259
f 803/1/2260 802/1/2261 1574/1/2262
f 1574/1/2262 1577/1/2263 803/1/2260
f 1574/1/2264 802/1/2265 801/1/2265
f 801/1/2265 1572/1/2266 1574/1/2264
f 801/1/2267 800/1/2267 1573/1/2267
f 1573/1/2267 1572/1/2267 801/1/2267
f 800/1/2268 783/1/2268 1553/1/2268
f 1553/1/2268 1573/1/2268 800/1/2268
f 1552/1/2269 1568/1/2270 1573/1/2270
f 1573/1/2270 1553/1/2271 1552/1/2269
f 1568/1/2272 1552/1/2273 1551/1/2273
f 1551/1/2273 1569/1/2273 1568/1/2272
f 1578/1/2007 1579/1/2007 1580/1/2007
f 1580/1/2007 1581/1/2007 1578/1/2007
f 1582/1/2006 1583/1/2006 1579/1/2274
f 1579/1/2274 1578/1/2006 1582/1/2006
f 1579/1/2010 1584/1/2010 1585/1/2010
f 1585/1/2010 1580/1/2010 1579/1/2010
f 1583/1/2009 1586/1/2009 1584/1/2009
f 1584/1/2009 1579/1/2009 1583/1/2009
f 1581/1/2275 1587/1/2023 301/1/2023
f 301/1/2023 300/1/2023 1581/1/2275
f 310/1/2276 1578/1/2276 1581/1/2277
f 1581/1/2277 300/1/2018 310/1/2276
f 310/1/2015 309/1/2015 1582/1/2015
f 1582/1/2015 1578/1/2015 310/1/2015
f 309/1/2014 281/1/2014 1563/1/2014
f 1563/1/2014 1582/1/2014 309/1/2014
f 1583/1/2035 1582/1/2035 1563/1/2035
f 1563/1/2035 1565/1/2035 1583/1/2035
f 1564/1/2034 1586/1/2034 1583/1/2034
f 1583/1/2034 1565/1/2034 1564/1/2034
f 1564/1/2278 896/1/2033 919/1/2279
f 919/1/2279 1586/1/2033 1564/1/2278
f 1586/1/2280 919/1/2281 918/1/2280
f 918/1/2280 1584/1/2031 1586/1/2280
f 1584/1/2030 918/1/2030 917/1/2282
f 917/1/2282 1585/1/2030 1584/1/2030
f 1585/1/2026 917/1/2283 916/1/2284
f 916/1/2284 1588/1/2026 1585/1/2026
f 1589/1/2025 1580/1/2025 1585/1/2285
f 1585/1/2285 1588/1/2025 1589/1/2025
f 1580/1/2024 1589/1/2024 1587/1/2286
f 1587/1/2286 1581/1/2287 1580/1/2024
f 1590/1/2288 1591/1/2288 1592/1/2288
f 1592/1/2288 1593/1/2288 1590/1/2288
f 1594/1/2289 1595/1/2289 1591/1/2290
f 1591/1/2290 1590/1/2289 1594/1/2289
f 1591/1/2291 1596/1/2291 1597/1/2291
f 1597/1/2291 1592/1/2291 1591/1/2291
f 1598/1/2292 1596/1/2293 1591/1/2293
f 1591/1/2293 1595/1/2293 1598/1/2292
f 1575/1/2294 186/1/2294 208/1/2294
f 208/1/2294 1593/1/2294 1575/1/2294
f 1593/1/2295 208/1/2295 207/1/2296
f 207/1/2296 1590/1/2297 1593/1/2295
f 1594/1/2298 1590/1/2298 207/1/2298
f 207/1/2298 205/1/2298 1594/1/2298
f 1594/1/2299 205/1/2299 206/1/2299
f 206/1/2299 1599/1/2299 1594/1/2299
f 1599/1/2300 1600/1/2301 1595/1/2302
f 1595/1/2302 1594/1/2302 1599/1/2300
f 1598/1/2303 1595/1/2304 1600/1/2304
f 1600/1/2304 1601/1/2304 1598/1/2303
f 823/1/2305 822/1/2305 1598/1/2305
f 1598/1/2305 1601/1/2305 823/1/2305
f 1598/1/2306 822/1/2307 821/1/2306
f 821/1/2306 1596/1/2306 1598/1/2306
f 821/1/2308 820/1/2309 1597/1/2310
f 1597/1/2310 1596/1/2309 821/1/2308
f 820/1/2311 803/1/2312 1577/1/2313
f 1577/1/2313 1597/1/2313 820/1/2311
f 1576/1/2314 1592/1/2314 1597/1/2314
f 1597/1/2314 1577/1/2314 1576/1/2314
f 1575/1/2315 1593/1/2315 1592/1/2315
f 1592/1/2315 1576/1/2315 1575/1/2315
f 1602/1/2316 1603/1/2079 1604/1/2317
f 1604/1/2317 1605/1/2079 1602/1/2316
f 1606/1/2077 1607/1/2318 1603/1/2319
f 1603/1/2319 1602/1/2077 1606/1/2077
f 1603/1/2082 1608/1/2082 1609/1/2320
f 1609/1/2320 1604/1/2082 1603/1/2082
f 1607/1/2080 1610/1/2080 1608/1/2080
f 1608/1/2080 1603/1/2080 1607/1/2080
f 1605/1/2088 1611/1/2088 321/1/2088
f 321/1/2088 320/1/2088 1605/1/2088
f 330/1/2321 1602/1/2087 1605/1/2087
f 1605/1/2087 320/1/2087 330/1/2321
f 330/1/2084 329/1/2084 1606/1/2085
f 1606/1/2085 1602/1/2085 330/1/2084
f 329/1/2083 301/1/2083 1587/1/2083
f 1587/1/2083 1606/1/2083 329/1/2083
f 1607/1/2101 1606/1/2322 1587/1/2101
f 1587/1/2101 1589/1/2101 1607/1/2101
f 1588/1/2100 1610/1/2100 1607/1/2100
f 1607/1/2100 1589/1/2100 1588/1/2100
f 1588/1/2323 916/1/2098 939/1/2323
f 939/1/2323 1610/1/2098 1588/1/2323
f 1610/1/2324 939/1/2324 938/1/2324
f 938/1/2324 1608/1/2324 1610/1/2324
f 1608/1/2093 938/1/2093 937/1/2093
f 937/1/2093 1609/1/2093 1608/1/2093
f 1609/1/2092 937/1/2092 936/1/2092
f 936/1/2092 1612/1/2092 1609/1/2092
f 1609/1/2091 1612/1/2091 1613/1/2091
f 1613/1/2091 1604/1/2091 1609/1/2091
f 1604/1/2090 1613/1/2090 1611/1/2090
f 1611/1/2090 1605/1/2090 1604/1/2090
f 1614/1/2325 1615/1/2325 1616/1/2326
f 1616/1/2326 1617/1/2325 1614/1/2325
f 1618/1/2327 1619/1/2327 1615/1/2327
f 1615/1/2327 1614/1/2328 1618/1/2327
f 1615/1/2329 1620/1/2329 1621/1/2329
f 1621/1/2329 1616/1/2329 1615/1/2329
f 1622/1/2330 1620/1/2331 1615/1/2330
f 1615/1/2330 1619/1/2330 1622/1/2330
f 1599/1/2332 206/1/2333 228/1/2333
f 228/1/2333 1617/1/2333 1599/1/2332
f 1617/1/2334 228/1/2334 227/1/2335
f 227/1/2335 1614/1/2334 1617/1/2334
f 1618/1/2336 1614/1/2336 227/1/2336
f 227/1/2336 225/1/2336 1618/1/2336
f 1618/1/2337 225/1/2337 226/1/2337
f 226/1/2337 1623/1/2337 1618/1/2337
f 1623/1/2338 1624/1/2338 1619/1/2338
f 1619/1/2338 1618/1/2338 1623/1/2338
f 1622/1/2339 1619/1/2339 1624/1/2339
f 1624/1/2339 1625/1/2339 1622/1/2339
f 843/1/2340 842/1/2340 1622/1/2340
f 1622/1/2340 1625/1/2340 843/1/2340
f 1622/1/2341 842/1/2341 841/1/2342
f 841/1/2342 1620/1/2342 1622/1/2341
f 841/1/2343 840/1/2344 1621/1/2344
f 1621/1/2344 1620/1/2344 841/1/2343
f 840/1/2345 823/1/2346 1601/1/2346
f 1601/1/2346 1621/1/2345 840/1/2345
f 1600/1/2347 1616/1/2348 1621/1/2347
f 1621/1/2347 1601/1/2347 1600/1/2347
f 1616/1/2349 1600/1/2349 1599/1/2349
f 1599/1/2349 1617/1/2349 1616/1/2349
f 1626/1/2150 1627/1/2150 1628/1/2150
f 1628/1/2150 1629/1/2150 1626/1/2150
f 1630/1/2148 1631/1/2350 1627/1/2148
f 1627/1/2148 1626/1/2148 1630/1/2148
f 1627/1/2154 1632/1/2154 1633/1/2154
f 1633/1/2154 1628/1/2154 1627/1/2154
f 1631/1/2351 1634/1/2352 1632/1/2152
f 1632/1/2152 1627/1/2152 1631/1/2351
f 1629/1/2163 1635/1/2163 341/1/2163
f 341/1/2163 340/1/2163 1629/1/2163
f 350/1/2353 1626/1/2162 1629/1/2162
f 1629/1/2162 340/1/2162 350/1/2353
f 350/1/2159 349/1/2159 1630/1/2159
f 1630/1/2159 1626/1/2159 350/1/2159
f 349/1/2354 321/1/2157 1611/1/2354
f 1611/1/2354 1630/1/2355 349/1/2354
f 1631/1/2173 1630/1/2173 1611/1/2356
f 1611/1/2356 1613/1/2173 1631/1/2173
f 1612/1/2171 1634/1/2172 1631/1/2172
f 1631/1/2172 1613/1/2172 1612/1/2171
f 1612/1/2357 936/1/2358 959/1/2357
f 959/1/2357 1634/1/2359 1612/1/2357
f 1634/1/2360 959/1/2168 958/1/2168
f 958/1/2168 1632/1/2168 1634/1/2360
f 1632/1/2361 958/1/2167 957/1/2167
f 957/1/2167 1633/1/2167 1632/1/2361
f 1633/1/2166 957/1/2166 956/1/2166
f 956/1/2166 1636/1/2166 1633/1/2166
f 1637/1/2165 1628/1/2165 1633/1/2165
f 1633/1/2165 1636/1/2165 1637/1/2165
f 1628/1/2164 1637/1/2164 1635/1/2362
f 1635/1/2362 1629/1/2164 1628/1/2164
f 1638/1/2363 1639/1/2363 1640/1/2363
f 1640/1/2363 1641/1/2364 1638/1/2363
f 1642/1/2365 1643/1/2365 1639/1/2366
f 1639/1/2366 1638/1/2365 1642/1/2365
f 1639/1/2367 1644/1/2368 1645/1/2369
f 1645/1/2369 1640/1/2368 1639/1/2367
f 1646/1/2370 1644/1/2371 1639/1/2370
f 1639/1/2370 1643/1/2372 1646/1/2370
f 1623/1/2373 226/1/2374 248/1/2373
f 248/1/2373 1641/1/2373 1623/1/2373
f 1641/1/2375 248/1/2376 247/1/2377
f 247/1/2377 1638/1/2375 1641/1/2375
f 1642/1/2378 1638/1/2378 247/1/2378
f 247/1/2378 245/1/2378 1642/1/2378
f 1642/1/2379 245/1/2380 246/1/2379
f 246/1/2379 1647/1/2381 1642/1/2379
f 1647/1/2382 1648/1/2382 1643/1/2382
f 1643/1/2382 1642/1/2382 1647/1/2382
f 1646/1/2383 1643/1/2383 1648/1/2383
f 1648/1/2383 1649/1/2383 1646/1/2383
f 863/1/2384 862/1/2385 1646/1/2384
f 1646/1/2384 1649/1/2384 863/1/2384
f 1646/1/2386 862/1/2386 861/1/2386
f 861/1/2386 1644/1/2386 1646/1/2386
f 861/1/2387 860/1/2387 1645/1/2387
f 1645/1/2387 1644/1/2387 861/1/2387
f 860/1/2388 843/1/2388 1625/1/2389
f 1625/1/2389 1645/1/2388 860/1/2388
f 1624/1/2390 1640/1/2390 1645/1/2390
f 1645/1/2390 1625/1/2390 1624/1/2390
f 1640/1/2391 1624/1/2391 1623/1/2391
f 1623/1/2391 1641/1/2391 1640/1/2391
f 1650/1/1775 1651/1/1775 1652/1/1775
f 1652/1/1775 1653/1/1775 1650/1/1775
f 1654/1/1774 1655/1/1774 1651/1/1774
f 1651/1/1774 1650/1/1774 1654/1/1774
f 1651/1/1781 1656/1/1782 1657/1/1781
f 1657/1/1781 1652/1/1780 1651/1/1781
f 1655/1/1779 1658/1/1779 1656/1/1779
f 1656/1/1779 1651/1/1779 1655/1/1779
f 1653/1/1789 1659/1/1789 361/1/1789
f 361/1/1789 360/1/1789 1653/1/1789
f 370/1/2392 1650/1/2392 1653/1/2392
f 1653/1/2392 360/1/2392 370/1/2392
f 370/1/1785 369/1/1785 1654/1/1785
f 1654/1/1785 1650/1/1785 370/1/1785
f 369/1/1783 341/1/1783 1635/1/1783
f 1635/1/1783 1654/1/1783 369/1/1783
f 1655/1/1803 1654/1/1803 1635/1/1803
f 1635/1/1803 1637/1/1803 1655/1/1803
f 1636/1/1802 1658/1/1802 1655/1/1802
f 1655/1/1802 1637/1/1802 1636/1/1802
f 1636/1/1801 956/1/1801 979/1/1801
f 979/1/1801 1658/1/1801 1636/1/1801
f 1658/1/1797 979/1/1797 978/1/1797
f 978/1/1797 1656/1/1797 1658/1/1797
f 1656/1/2393 978/1/2394 977/1/2395
f 977/1/2395 1657/1/2394 1656/1/2393
f 1657/1/2396 977/1/1795 976/1/2396
f 976/1/2396 1660/1/2397 1657/1/2396
f 1661/1/1793 1652/1/1793 1657/1/1792
f 1657/1/1792 1660/1/1794 1661/1/1793
f 1652/1/1791 1661/1/1791 1659/1/1791
f 1659/1/1791 1653/1/1791 1652/1/1791
f 1662/1/2398 1663/1/2398 1664/1/2399
f 1664/1/2399 1665/1/2400 1662/1/2398
f 1666/1/2401 1667/1/2401 1663/1/2401
f 1663/1/2401 1662/1/2402 1666/1/2401
f 1663/1/2403 1668/1/2403 1669/1/2403
f 1669/1/2403 1664/1/2403 1663/1/2403
f 1670/1/2404 1668/1/2405 1663/1/2405
f 1663/1/2405 1667/1/2404 1670/1/2404
f 1647/1/2406 246/1/2406 268/1/2406
f 268/1/2406 1665/1/2406 1647/1/2406
f 1665/1/2407 268/1/2407 267/1/2407
f 267/1/2407 1662/1/2407 1665/1/2407
f 1666/1/2408 1662/1/2408 267/1/2408
f 267/1/2408 265/1/2408 1666/1/2408
f 1666/1/2409 265/1/2410 266/1/2411
f 266/1/2411 1671/1/2411 1666/1/2409
f 1671/1/2412 1672/1/2412 1667/1/2413
f 1667/1/2413 1666/1/2412 1671/1/2412
f 1670/1/2414 1667/1/2415 1672/1/2415
f 1672/1/2415 1673/1/2414 1670/1/2414
f 883/1/2416 882/1/2417 1670/1/2417
f 1670/1/2417 1673/1/2418 883/1/2416
f 1670/1/2419 882/1/2419 881/1/2419
f 881/1/2419 1668/1/2420 1670/1/2419
f 881/1/2421 880/1/2422 1669/1/2421
f 1669/1/2421 1668/1/2421 881/1/2421
f 880/1/2423 863/1/2424 1649/1/2424
f 1649/1/2424 1669/1/2423 880/1/2423
f 1648/1/2425 1664/1/2425 1669/1/2426
f 1669/1/2426 1649/1/2425 1648/1/2425
f 1647/1/2427 1665/1/2427 1664/1/2427
f 1664/1/2427 1648/1/2427 1647/1/2427
f 1674/1/1864 1675/1/1864 1676/1/1864
f 1676/1/1864 1677/1/1864 1674/1/1864
f 1678/1/2428 1679/1/1863 1675/1/2429
f 1675/1/2429 1674/1/1863 1678/1/2428
f 1675/1/1869 1680/1/1869 1681/1/1869
f 1681/1/1869 1676/1/1869 1675/1/1869
f 1679/1/1867 1682/1/2430 1680/1/2431
f 1680/1/2431 1675/1/1867 1679/1/1867
f 1677/1/1876 1683/1/2432 381/1/1876
f 381/1/1876 380/1/2433 1677/1/1876
f 390/1/1873 1674/1/1873 1677/1/1873
f 1677/1/1873 380/1/1873 390/1/1873
f 390/1/1872 389/1/1872 1678/1/1872
f 1678/1/1872 1674/1/1872 390/1/1872
f 389/1/1871 361/1/1871 1659/1/1871
f 1659/1/1871 1678/1/1871 389/1/1871
f 1679/1/1890 1678/1/1890 1659/1/1890
f 1659/1/1890 1661/1/2434 1679/1/1890
f 1660/1/2435 1682/1/2436 1679/1/2435
f 1679/1/2435 1661/1/1889 1660/1/2435
f 1660/1/1888 976/1/2437 999/1/1888
f 999/1/1888 1682/1/1888 1660/1/1888
f 1682/1/1886 999/1/1886 998/1/1886
f 998/1/1886 1680/1/1886 1682/1/1886
f 1680/1/1884 998/1/1884 997/1/1884
f 997/1/1884 1681/1/1884 1680/1/1884
f 1681/1/1881 997/1/1881 996/1/1881
f 996/1/1881 1684/1/1881 1681/1/1881
f 1685/1/2438 1676/1/1879 1681/1/1879
f 1681/1/1879 1684/1/1879 1685/1/2438
f 1676/1/1877 1685/1/1877 1683/1/1877
f 1683/1/1877 1677/1/1877 1676/1/1877
f 1686/1/2439 1687/1/2439 1688/1/2440
f 1688/1/2440 1689/1/2440 1686/1/2439
f 1690/1/2441 1691/1/2441 1687/1/2441
f 1687/1/2441 1686/1/2441 1690/1/2441
f 1687/1/2442 1692/1/2443 1693/1/2442
f 1693/1/2442 1688/1/2444 1687/1/2442
f 1694/1/2445 1692/1/2446 1687/1/2445
f 1687/1/2445 1691/1/2445 1694/1/2445
f 1671/1/2447 266/1/2448 288/1/2448
f 288/1/2448 1689/1/2448 1671/1/2447
f 1689/1/2449 288/1/2449 287/1/2449
f 287/1/2449 1686/1/2449 1689/1/2449
f 1690/1/2450 1686/1/2451 287/1/2451
f 287/1/2451 285/1/2451 1690/1/2450
f 1690/1/2452 285/1/2452 286/1/2452
f 286/1/2452 1695/1/2452 1690/1/2452
f 1695/1/2453 1696/1/2453 1691/1/2453
f 1691/1/2453 1690/1/2453 1695/1/2453
f 1694/1/2454 1691/1/2455 1696/1/2456
f 1696/1/2456 1697/1/2457 1694/1/2454
f 903/1/2458 902/1/2458 1694/1/2458
f 1694/1/2458 1697/1/2458 903/1/2458
f 1694/1/2459 902/1/2459 901/1/2459
f 901/1/2459 1692/1/2459 1694/1/2459
f 901/1/2460 900/1/2461 1693/1/2461
f 1693/1/2461 1692/1/2461 901/1/2460
f 900/1/2462 883/1/2463 1673/1/2462
f 1673/1/2462 1693/1/2464 900/1/2462
f 1672/1/2465 1688/1/2465 1693/1/2465
f 1693/1/2465 1673/1/2465 1672/1/2465
f 1671/1/2466 1689/1/2466 1688/1/2466
f 1688/1/2466 1672/1/2466 1671/1/2466
f 1698/1/1948 1699/1/1948 1700/1/1948
f 1700/1/1948 1701/1/1948 1698/1/1948
f 1702/1/1947 1703/1/1947 1699/1/1947
f 1699/1/1947 1698/1/1947 1702/1/1947
f 1699/1/1952 1704/1/1952 1705/1/1952
f 1705/1/1952 1700/1/1952 1699/1/1952
f 1703/1/1951 1706/1/1951 1704/1/1951
f 1704/1/1951 1699/1/1951 1703/1/1951
f 1701/1/2467 1707/1/1959 401/1/2468
f 401/1/2468 400/1/2467 1701/1/2467
f 410/1/2469 1698/1/2470 1701/1/2470
f 1701/1/2470 400/1/2470 410/1/2469
f 410/1/1956 409/1/2471 1702/1/2472
f 1702/1/2472 1698/1/1956 410/1/1956
f 409/1/1954 381/1/2473 1683/1/1954
f 1683/1/1954 1702/1/1954 409/1/1954
f 1703/1/1973 1702/1/1972 1683/1/1972
f 1683/1/1972 1685/1/1973 1703/1/1973
f 1684/1/1971 1706/1/1971 1703/1/1971
f 1703/1/1971 1685/1/1971 1684/1/1971
f 1684/1/2474 996/1/2475 1019/1/1970
f 1019/1/1970 1706/1/1970 1684/1/2474
f 1706/1/1968 1019/1/1968 1018/1/1968
f 1018/1/1968 1704/1/1968 1706/1/1968
f 1704/1/1967 1018/1/1967 1017/1/1966
f 1017/1/1966 1705/1/1967 1704/1/1967
f 1705/1/1965 1017/1/1965 1016/1/2476
f 1016/1/2476 1708/1/1965 1705/1/1965
f 1709/1/2477 1700/1/1962 1705/1/1962
f 1705/1/1962 1708/1/1962 1709/1/2477
f 1700/1/2478 1709/1/2479 1707/1/1960
f 1707/1/1960 1701/1/1960 1700/1/2478
f 1710/1/2480 1711/1/2480 1712/1/2480
f 1712/1/2480 1713/1/2480 1710/1/2480
f 1714/1/2481 1715/1/2482 1711/1/2481
f 1711/1/2481 1710/1/2483 1714/1/2481
f 1711/1/2484 1716/1/2484 1717/1/2484
f 1717/1/2484 1712/1/2485 1711/1/2484
f 1718/1/2486 1716/1/2487 1711/1/2486
f 1711/1/2486 1715/1/2488 1718/1/2486
f 1695/1/2489 286/1/2490 308/1/2489
f 308/1/2489 1713/1/2489 1695/1/2489
f 1713/1/2491 308/1/2492 307/1/2491
f 307/1/2491 1710/1/2493 1713/1/2491
f 1714/1/2494 1710/1/2495 307/1/2494
f 307/1/2494 305/1/2494 1714/1/2494
f 1714/1/2496 305/1/2497 306/1/2496
f 306/1/2496 1719/1/2498 1714/1/2496
f 1719/1/2499 1720/1/2499 1715/1/2499
f 1715/1/2499 1714/1/2499 1719/1/2499
f 1718/1/2500 1715/1/2500 1720/1/2500
f 1720/1/2500 1721/1/2500 1718/1/2500
f 923/1/2501 922/1/2502 1718/1/2502
f 1718/1/2502 1721/1/2502 923/1/2501
f 1718/1/2503 922/1/2503 921/1/2503
f 921/1/2503 1716/1/2503 1718/1/2503
f 921/1/2504 920/1/2505 1717/1/2506
f 1717/1/2506 1716/1/2505 921/1/2504
f 920/1/2507 903/1/2507 1697/1/2508
f 1697/1/2508 1717/1/2507 920/1/2507
f 1696/1/2509 1712/1/2510 1717/1/2511
f 1717/1/2511 1697/1/2510 1696/1/2509
f 1712/1/2512 1696/1/2513 1695/1/2513
f 1695/1/2513 1713/1/2513 1712/1/2512
f 1722/1/2040 1723/1/2040 1724/1/2040
f 1724/1/2040 1725/1/2040 1722/1/2040
f 1726/1/2514 1727/1/2038 1723/1/2038
f 1723/1/2038 1722/1/2038 1726/1/2514
f 1723/1/2042 1728/1/2042 1729/1/2042
f 1729/1/2042 1724/1/2042 1723/1/2042
f 1727/1/2041 1730/1/2041 1728/1/2041
f 1728/1/2041 1723/1/2041 1727/1/2041
f 1725/1/2515 1731/1/2516 421/1/2517
f 421/1/2517 420/1/2518 1725/1/2515
f 430/1/2047 1722/1/2047 1725/1/2047
f 1725/1/2047 420/1/2047 430/1/2047
f 430/1/2045 429/1/2045 1726/1/2045
f 1726/1/2045 1722/1/2045 430/1/2045
f 429/1/2519 401/1/2044 1707/1/2043
f 1707/1/2043 1726/1/2043 429/1/2519
f 1727/1/2520 1726/1/2066 1707/1/2521
f 1707/1/2521 1709/1/2066 1727/1/2520
f 1708/1/2064 1730/1/2064 1727/1/2064
f 1727/1/2064 1709/1/2064 1708/1/2064
f 1708/1/2060 1016/1/2060 1039/1/2060
f 1039/1/2060 1730/1/2060 1708/1/2060
f 1730/1/2522 1039/1/2523 1038/1/2058
f 1038/1/2058 1728/1/2057 1730/1/2522
f 1728/1/2055 1038/1/2055 1037/1/2055
f 1037/1/2055 1729/1/2055 1728/1/2055
f 1729/1/2524 1037/1/2524 1036/1/2525
f 1036/1/2525 1732/1/2526 1729/1/2524
f 1733/1/2052 1724/1/2052 1729/1/2052
f 1729/1/2052 1732/1/2052 1733/1/2052
f 1724/1/2050 1733/1/2050 1731/1/2050
f 1731/1/2050 1725/1/2050 1724/1/2050
f 1734/1/2527 1735/1/2528 1736/1/2529
f 1736/1/2529 1737/1/2528 1734/1/2527
f 1738/1/2530 1739/1/2531 1735/1/2531
f 1735/1/2531 1734/1/2531 1738/1/2530
f 1735/1/2532 1740/1/2533 1741/1/2532
f 1741/1/2532 1736/1/2534 1735/1/2532
f 1742/1/2535 1740/1/2535 1735/1/2536
f 1735/1/2536 1739/1/2535 1742/1/2535
f 1719/1/2537 306/1/2538 328/1/2537
f 328/1/2537 1737/1/2539 1719/1/2537
f 1737/1/2540 328/1/2540 327/1/2540
f 327/1/2540 1734/1/2540 1737/1/2540
f 1738/1/2541 1734/1/2541 327/1/2541
f 327/1/2541 325/1/2541 1738/1/2541
f 1738/1/2542 325/1/2542 326/1/2542
f 326/1/2542 1743/1/2542 1738/1/2542
f 1743/1/2543 1744/1/2543 1739/1/2543
f 1739/1/2543 1738/1/2543 1743/1/2543
f 1742/1/2544 1739/1/2544 1744/1/2544
f 1744/1/2544 1745/1/2544 1742/1/2544
f 943/1/2545 942/1/2546 1742/1/2545
f 1742/1/2545 1745/1/2547 943/1/2545
f 1742/1/2548 942/1/2548 941/1/2548
f 941/1/2548 1740/1/2548 1742/1/2548
f 941/1/2549 940/1/2549 1741/1/2549
f 1741/1/2549 1740/1/2549 941/1/2549
f 940/1/2550 923/1/2550 1721/1/2551
f 1721/1/2551 1741/1/2550 940/1/2550
f 1720/1/2552 1736/1/2552 1741/1/2552
f 1741/1/2552 1721/1/2553 1720/1/2552
f 1736/1/2554 1720/1/2554 1719/1/2554
f 1719/1/2554 1737/1/2554 1736/1/2554
f 1746/1/2106 1747/1/2106 1748/1/2555
f 1748/1/2555 1749/1/2106 1746/1/2106
f 1750/1/2556 1751/1/2556 1747/1/2556
f 1747/1/2556 1746/1/2557 1750/1/2556
f 1747/1/2109 1752/1/2109 1753/1/2558
f 1753/1/2558 1748/1/2109 1747/1/2109
f 1751/1/2108 1754/1/2108 1752/1/2108
f 1752/1/2108 1747/1/2107 1751/1/2108
f 1749/1/2117 1755/1/2559 441/1/2560
f 441/1/2560 440/1/2117 1749/1/2117
f 450/1/2116 1746/1/2561 1749/1/2116
f 1749/1/2116 440/1/2116 450/1/2116
f 450/1/2112 449/1/2112 1750/1/2562
f 1750/1/2562 1746/1/2112 450/1/2112
f 449/1/2563 421/1/2563 1731/1/2563
f 1731/1/2563 1750/1/2564 449/1/2563
f 1751/1/2565 1750/1/2132 1731/1/2132
f 1731/1/2132 1733/1/2132 1751/1/2565
f 1732/1/2130 1754/1/2129 1751/1/2130
f 1751/1/2130 1733/1/2129 1732/1/2130
f 1732/1/2566 1036/1/2567 1059/1/2568
f 1059/1/2568 1754/1/2569 1732/1/2566
f 1754/1/2125 1059/1/2570 1058/1/2125
f 1058/1/2125 1752/1/2125 1754/1/2125
f 1752/1/2124 1058/1/2124 1057/1/2124
f 1057/1/2124 1753/1/2124 1752/1/2124
f 1753/1/2123 1057/1/2571 1056/1/2123
f 1056/1/2123 1756/1/2123 1753/1/2123
f 1757/1/2572 1748/1/2573 1753/1/2573
f 1753/1/2573 1756/1/2573 1757/1/2572
f 1748/1/2574 1757/1/2119 1755/1/2574
f 1755/1/2574 1749/1/2119 1748/1/2574
f 1758/1/2575 1759/1/2575 1760/1/2575
f 1760/1/2575 1761/1/2576 1758/1/2575
f 1762/1/1682 1763/1/1682 1759/1/1682
f 1759/1/1682 1758/1/1682 1762/1/1682
f 1759/1/1689 1764/1/2577 1765/1/1689
f 1765/1/1689 1760/1/1687 1759/1/1689
f 1766/1/1686 1764/1/2578 1759/1/1685
f 1759/1/1685 1763/1/1685 1766/1/1686
f 1743/1/1697 326/1/1697 348/1/1697
f 348/1/1697 1761/1/1697 1743/1/1697
f 1761/1/1695 348/1/1695 347/1/1695
f 347/1/1695 1758/1/1695 1761/1/1695
f 1762/1/1694 1758/1/2579 347/1/1694
f 347/1/1694 345/1/1694 1762/1/1694
f 1762/1/1693 345/1/1693 346/1/1693
f 346/1/1693 1767/1/1693 1762/1/1693
f 1767/1/1713 1768/1/1713 1763/1/1713
f 1763/1/1713 1762/1/1713 1767/1/1713
f 1766/1/1712 1763/1/1712 1768/1/1712
f 1768/1/1712 1769/1/1712 1766/1/1712
f 963/1/1709 962/1/1709 1766/1/1709
f 1766/1/1709 1769/1/1709 963/1/1709
f 1766/1/1705 962/1/1705 961/1/1705
f 961/1/1705 1764/1/1705 1766/1/1705
f 961/1/2580 960/1/2580 1765/1/2580
f 1765/1/2580 1764/1/2581 961/1/2580
f 960/1/2582 943/1/1702 1745/1/2583
f 1745/1/2583 1765/1/2584 960/1/2582
f 1744/1/2585 1760/1/2585 1765/1/2585
f 1765/1/2585 1745/1/2585 1744/1/2585
f 1743/1/1698 1761/1/1698 1760/1/1698
f 1760/1/1698 1744/1/1698 1743/1/1698
f 1770/1/2175 1771/1/2175 1772/1/2586
f 1772/1/2586 1773/1/2176 1770/1/2175
f 1774/1/2587 1775/1/2587 1771/1/2588
f 1771/1/2588 1770/1/2588 1774/1/2587
f 1771/1/2179 1776/1/2179 1777/1/2179
f 1777/1/2179 1772/1/2179 1771/1/2179
f 1775/1/2177 1778/1/2177 1776/1/2177
f 1776/1/2177 1771/1/2178 1775/1/2177
f 1773/1/2589 1779/1/2590 461/1/2189
f 461/1/2189 460/1/2591 1773/1/2589
f 470/1/2187 1770/1/2187 1773/1/2592
f 1773/1/2592 460/1/2187 470/1/2187
f 470/1/2183 469/1/2183 1774/1/2183
f 1774/1/2183 1770/1/2183 470/1/2183
f 469/1/2181 441/1/2593 1755/1/2181
f 1755/1/2181 1774/1/2594 469/1/2181
f 1775/1/2203 1774/1/2595 1755/1/2595
f 1755/1/2595 1757/1/2203 1775/1/2203
f 1756/1/2202 1778/1/2202 1775/1/2202
f 1775/1/2202 1757/1/2202 1756/1/2202
f 1756/1/2201 1056/1/2201 1079/1/2201
f 1079/1/2201 1778/1/2201 1756/1/2201
f 1778/1/2200 1079/1/2200 1078/1/2200
f 1078/1/2200 1776/1/2200 1778/1/2200
f 1776/1/2198 1078/1/2198 1077/1/2198
f 1077/1/2198 1777/1/2198 1776/1/2198
f 1777/1/2196 1077/1/2196 1076/1/2196
f 1076/1/2196 1780/1/2196 1777/1/2196
f 1781/1/2194 1772/1/2194 1777/1/2194
f 1777/1/2194 1780/1/2194 1781/1/2194
f 1772/1/2192 1781/1/2192 1779/1/2192
f 1779/1/2192 1773/1/2192 1772/1/2192
f 1782/1/2596 1783/1/2597 1784/1/2596
f 1784/1/2596 1785/1/2598 1782/1/2596
f 1786/1/2599 1787/1/2599 1783/1/2599
f 1783/1/2599 1782/1/2599 1786/1/2599
f 1783/1/2600 1788/1/2600 1789/1/2600
f 1789/1/2600 1784/1/2600 1783/1/2600
f 1790/1/2601 1788/1/2601 1783/1/2601
f 1783/1/2601 1787/1/2602 1790/1/2601
f 1767/1/2603 346/1/2604 368/1/2604
f 368/1/2604 1785/1/2604 1767/1/2603
f 1785/1/2605 368/1/2605 367/1/2606
f 367/1/2606 1782/1/2605 1785/1/2605
f 1786/1/2607 1782/1/2608 367/1/2609
f 367/1/2609 365/1/2609 1786/1/2607
f 1786/1/2610 365/1/2610 366/1/2610
f 366/1/2610 1791/1/2610 1786/1/2610
f 1791/1/2611 1792/1/2611 1787/1/2611
f 1787/1/2611 1786/1/2611 1791/1/2611
f 1790/1/2612 1787/1/2612 1792/1/2612
f 1792/1/2612 1793/1/2613 1790/1/2612
f 983/1/2614 982/1/2614 1790/1/2615
f 1790/1/2615 1793/1/2616 983/1/2614
f 1790/1/2617 982/1/2617 981/1/2617
f 981/1/2617 1788/1/2617 1790/1/2617
f 981/1/2618 980/1/2618 1789/1/2618
f 1789/1/2618 1788/1/2618 981/1/2618
f 980/1/2619 963/1/2619 1769/1/2619
f 1769/1/2619 1789/1/2619 980/1/2619
f 1768/1/2620 1784/1/2621 1789/1/2621
f 1789/1/2621 1769/1/2621 1768/1/2620
f 1767/1/2622 1785/1/2622 1784/1/2622
f 1784/1/2622 1768/1/2622 1767/1/2622
f 1794/1/2214 1795/1/2214 1796/1/2214
f 1796/1/2214 1797/1/2214 1794/1/2214
f 1798/1/2212 1799/1/2212 1795/1/2212
f 1795/1/2212 1794/1/2623 1798/1/2212
f 1795/1/2217 1800/1/2217 1801/1/2217
f 1801/1/2217 1796/1/2217 1795/1/2217
f 1799/1/2216 1802/1/2216 1800/1/2216
f 1800/1/2216 1795/1/2216 1799/1/2216
f 1797/1/2624 1803/1/2625 481/1/2624
f 481/1/2624 480/1/2224 1797/1/2624
f 490/1/2222 1794/1/2222 1797/1/2222
f 1797/1/2222 480/1/2222 490/1/2222
f 490/1/2219 489/1/2219 1798/1/2219
f 1798/1/2219 1794/1/2219 490/1/2219
f 489/1/2218 461/1/2218 1779/1/2218
f 1779/1/2218 1798/1/2218 489/1/2218
f 1799/1/2237 1798/1/2237 1779/1/2237
f 1779/1/2237 1781/1/2237 1799/1/2237
f 1780/1/2236 1802/1/2236 1799/1/2236
f 1799/1/2236 1781/1/2236 1780/1/2236
f 1780/1/2233 1076/1/2233 1099/1/2626
f 1099/1/2626 1802/1/2233 1780/1/2233
f 1802/1/2627 1099/1/2627 1098/1/2628
f 1098/1/2628 1800/1/2627 1802/1/2627
f 1800/1/2230 1098/1/2230 1097/1/2230
f 1097/1/2230 1801/1/2230 1800/1/2230
f 1801/1/2228 1097/1/2228 1096/1/2228
f 1096/1/2228 1804/1/2228 1801/1/2228
f 1801/1/2629 1804/1/2630 1805/1/2629
f 1805/1/2629 1796/1/2227 1801/1/2629
f 1796/1/2631 1805/1/2632 1803/1/2631
f 1803/1/2631 1797/1/2225 1796/1/2631
f 1806/1/2633 1807/1/2633 1808/1/2633
f 1808/1/2633 1809/1/2633 1806/1/2633
f 1810/1/2634 1811/1/2634 1807/1/2634
f 1807/1/2634 1806/1/2634 1810/1/2634
f 1807/1/2635 1812/1/2635 1813/1/2636
f 1813/1/2636 1808/1/2635 1807/1/2635
f 1814/1/2637 1812/1/2637 1807/1/2637
f 1807/1/2637 1811/1/2637 1814/1/2637
f 1791/1/2638 366/1/2638 388/1/2638
f 388/1/2638 1809/1/2638 1791/1/2638
f 1809/1/2639 388/1/2639 387/1/2639
f 387/1/2639 1806/1/2640 1809/1/2639
f 1810/1/2641 1806/1/2641 387/1/2642
f 387/1/2642 385/1/2643 1810/1/2641
f 1810/1/2644 385/1/2645 386/1/2644
f 386/1/2644 1815/1/2644 1810/1/2644
f 1815/1/2646 1816/1/2646 1811/1/2647
f 1811/1/2647 1810/1/2646 1815/1/2646
f 1814/1/2648 1811/1/2648 1816/1/2649
f 1816/1/2649 1817/1/2648 1814/1/2648
f 1003/1/2650 1002/1/2650 1814/1/2651
f 1814/1/2651 1817/1/2650 1003/1/2650
f 1814/1/2652 1002/1/2653 1001/1/2652
f 1001/1/2652 1812/1/2654 1814/1/2652
f 1001/1/2655 1000/1/2655 1813/1/2655
f 1813/1/2655 1812/1/2655 1001/1/2655
f 1000/1/2656 983/1/2656 1793/1/2656
f 1793/1/2656 1813/1/2656 1000/1/2656
f 1792/1/2657 1808/1/2657 1813/1/2657
f 1813/1/2657 1793/1/2657 1792/1/2657
f 1808/1/2658 1792/1/2658 1791/1/2658
f 1791/1/2658 1809/1/2658 1808/1/2658
f 1818/1/2244 1819/1/2244 1820/1/2243
f 1820/1/2243 1821/1/2244 1818/1/2244
f 1822/1/2242 1823/1/2242 1819/1/2242
f 1819/1/2242 1818/1/2242 1822/1/2242
f 1819/1/2659 1824/1/2248 1825/1/2248
f 1825/1/2248 1820/1/2248 1819/1/2659
f 1823/1/2660 1826/1/2660 1824/1/2660
f 1824/1/2660 1819/1/2660 1823/1/2660
f 1821/1/2256 1827/1/2256 501/1/2256
f 501/1/2256 500/1/2256 1821/1/2256
f 510/1/2255 1818/1/2254 1821/1/2254
f 1821/1/2254 500/1/2254 510/1/2255
f 510/1/2661 509/1/2662 1822/1/2661
f 1822/1/2661 1818/1/2252 510/1/2661
f 509/1/2663 481/1/2664 1803/1/2665
f 1803/1/2665 1822/1/2666 509/1/2663
f 1823/1/2273 1822/1/2273 1803/1/2273
f 1803/1/2273 1805/1/2273 1823/1/2273
f 1804/1/2270 1826/1/2271 1823/1/2270
f 1823/1/2270 1805/1/2270 1804/1/2270
f 1804/1/2268 1096/1/2268 1119/1/2268
f 1119/1/2268 1826/1/2268 1804/1/2268
f 1826/1/2267 1119/1/2267 1118/1/2267
f 1118/1/2267 1824/1/2267 1826/1/2267
f 1824/1/2265 1118/1/2265 1117/1/2667
f 1117/1/2667 1825/1/2265 1824/1/2265
f 1825/1/2668 1117/1/2668 1116/1/2668
f 1116/1/2668 1828/1/2668 1825/1/2668
f 1825/1/2669 1828/1/2259 1829/1/2259
f 1829/1/2259 1820/1/2259 1825/1/2669
f 1820/1/2257 1829/1/2257 1827/1/2257
f 1827/1/2257 1821/1/2257 1820/1/2257
f 1830/1/2670 1831/1/2671 1832/1/2670
f 1832/1/2670 1833/1/2672 1830/1/2670
f 1834/1/2673 1835/1/2674 1831/1/2675
f 1831/1/2675 1830/1/2676 1834/1/2673
f 1831/1/2677 1836/1/2677 1837/1/2677
f 1837/1/2677 1832/1/2677 1831/1/2677
f 1838/1/2678 1836/1/2679 1831/1/2678
f 1831/1/2678 1835/1/2680 1838/1/2678
f 1815/1/2681 386/1/2682 408/1/2681
f 408/1/2681 1833/1/2681 1815/1/2681
f 1833/1/2683 408/1/2683 407/1/2683
f 407/1/2683 1830/1/2683 1833/1/2683
f 1834/1/2684 1830/1/2684 407/1/2684
f 407/1/2684 405/1/2684 1834/1/2684
f 1834/1/2685 405/1/2686 406/1/2687
f 406/1/2687 1839/1/2688 1834/1/2685
f 1839/1/2689 1840/1/2689 1835/1/2690
f 1835/1/2690 1834/1/2691 1839/1/2689
f 1838/1/2692 1835/1/2692 1840/1/2692
f 1840/1/2692 1841/1/2692 1838/1/2692
f 1023/1/2693 1022/1/2694 1838/1/2693
f 1838/1/2693 1841/1/2693 1023/1/2693
f 1838/1/2695 1022/1/2696 1021/1/2695
f 1021/1/2695 1836/1/2697 1838/1/2695
f 1021/1/2698 1020/1/2699 1837/1/2699
f 1837/1/2699 1836/1/2698 1021/1/2698
f 1020/1/2700 1003/1/2700 1817/1/2700
f 1817/1/2700 1837/1/2700 1020/1/2700
f 1816/1/2701 1832/1/2701 1837/1/2701
f 1837/1/2701 1817/1/2701 1816/1/2701
f 1815/1/2702 1833/1/2702 1832/1/2702
f 1832/1/2702 1816/1/2702 1815/1/2702
f 1842/1/2289 1843/1/2289 1844/1/2289
f 1844/1/2289 1845/1/2289 1842/1/2289
f 1846/1/2288 1847/1/2288 1843/1/2288
f 1843/1/2288 1842/1/2288 1846/1/2288
f 1843/1/2293 1848/1/2293 1849/1/2293
f 1849/1/2293 1844/1/2293 1843/1/2293
f 1847/1/2291 1850/1/2291 1848/1/2703
f 1848/1/2703 1843/1/2291 1847/1/2291
f 1845/1/2704 1851/1/2299 521/1/2704
f 521/1/2704 520/1/2705 1845/1/2704
f 530/1/2706 1842/1/2298 1845/1/2707
f 1845/1/2707 520/1/2708 530/1/2706
f 530/1/2296 529/1/2296 1846/1/2296
f 1846/1/2296 1842/1/2296 530/1/2296
f 529/1/2294 501/1/2294 1827/1/2294
f 1827/1/2294 1846/1/2294 529/1/2294
f 1847/1/2315 1846/1/2315 1827/1/2315
f 1827/1/2315 1829/1/2315 1847/1/2315
f 1828/1/2314 1850/1/2314 1847/1/2314
f 1847/1/2314 1829/1/2314 1828/1/2314
f 1828/1/2311 1116/1/2311 1139/1/2311
f 1139/1/2311 1850/1/2311 1828/1/2311
f 1850/1/2309 1139/1/2309 1138/1/2709
f 1138/1/2709 1848/1/2309 1850/1/2309
f 1848/1/2307 1138/1/2307 1137/1/2307
f 1137/1/2307 1849/1/2307 1848/1/2307
f 1849/1/2710 1137/1/2305 1136/1/2711
f 1136/1/2711 1852/1/2712 1849/1/2710
f 1853/1/2304 1844/1/2304 1849/1/2304
f 1849/1/2304 1852/1/2304 1853/1/2304
f 1844/1/2300 1853/1/2302 1851/1/2300
f 1851/1/2300 1845/1/2302 1844/1/2300
f 1854/1/2713 1855/1/2714 1856/1/2715
f 1856/1/2715 1857/1/2716 1854/1/2713
f 1858/1/2717 1859/1/2717 1855/1/2717
f 1855/1/2717 1854/1/2717 1858/1/2717
f 1855/1/2718 1860/1/2718 1861/1/2718
f 1861/1/2718 1856/1/2718 1855/1/2718
f 1862/1/2719 1860/1/2719 1855/1/2719
f 1855/1/2719 1859/1/2719 1862/1/2719
f 1839/1/2720 406/1/2720 428/1/2720
f 428/1/2720 1857/1/2720 1839/1/2720
f 1857/1/2721 428/1/2721 427/1/2721
f 427/1/2721 1854/1/2721 1857/1/2721
f 1858/1/2722 1854/1/2722 427/1/2723
f 427/1/2723 425/1/2722 1858/1/2722
f 1858/1/2724 425/1/2724 426/1/2724
f 426/1/2724 1863/1/2724 1858/1/2724
f 1863/1/2725 1864/1/2725 1859/1/2725
f 1859/1/2725 1858/1/2725 1863/1/2725
f 1862/1/2726 1859/1/2726 1864/1/2726
f 1864/1/2726 1865/1/2726 1862/1/2726
f 1043/1/2727 1042/1/2727 1862/1/2727
f 1862/1/2727 1865/1/2727 1043/1/2727
f 1862/1/2728 1042/1/2728 1041/1/2728
f 1041/1/2728 1860/1/2728 1862/1/2728
f 1041/1/2729 1040/1/2729 1861/1/2730
f 1861/1/2730 1860/1/2729 1041/1/2729
f 1040/1/2731 1023/1/2731 1841/1/2732
f 1841/1/2732 1861/1/2731 1040/1/2731
f 1840/1/2733 1856/1/2734 1861/1/2734
f 1861/1/2734 1841/1/2734 1840/1/2733
f 1839/1/2735 1857/1/2735 1856/1/2735
f 1856/1/2735 1840/1/2735 1839/1/2735
f 1866/1/2736 1867/1/2328 1868/1/2328
f 1868/1/2328 1869/1/2328 1866/1/2736
f 1870/1/2325 1871/1/2325 1867/1/2325
f 1867/1/2325 1866/1/2325 1870/1/2325
f 1867/1/2737 1872/1/2738 1873/1/2737
f 1873/1/2737 1868/1/2330 1867/1/2737
f 1871/1/2739 1874/1/2740 1872/1/2739
f 1872/1/2739 1867/1/2329 1871/1/2739
f 1869/1/2337 1875/1/2337 541/1/2337
f 541/1/2337 540/1/2337 1869/1/2337
f 550/1/2336 1866/1/2336 1869/1/2336
f 1869/1/2336 540/1/2336 550/1/2336
f 550/1/2741 549/1/2334 1870/1/2741
f 1870/1/2741 1866/1/2741 550/1/2741
f 549/1/2333 521/1/2333 1851/1/2333
f 1851/1/2333 1870/1/2333 549/1/2333
f 1871/1/2349 1870/1/2349 1851/1/2349
f 1851/1/2349 1853/1/2349 1871/1/2349
f 1852/1/2347 1874/1/2347 1871/1/2347
f 1871/1/2347 1853/1/2347 1852/1/2347
f 1852/1/2742 1136/1/2345 1159/1/2345
f 1159/1/2345 1874/1/2345 1852/1/2742
f 1874/1/2344 1159/1/2344 1158/1/2344
f 1158/1/2344 1872/1/2344 1874/1/2344
f 1872/1/2743 1158/1/2743 1157/1/2744
f 1157/1/2744 1873/1/2743 1872/1/2743
f 1873/1/2340 1157/1/2340 1156/1/2340
f 1156/1/2340 1876/1/2340 1873/1/2340
f 1877/1/2339 1868/1/2339 1873/1/2339
f 1873/1/2339 1876/1/2339 1877/1/2339
f 1868/1/2338 1877/1/2338 1875/1/2338
f 1875/1/2338 1869/1/2338 1868/1/2338
f 1878/1/2745 1879/1/2746 1880/1/2746
f 1880/1/2746 1881/1/2746 1878/1/2745
f 1882/1/2747 1883/1/2747 1879/1/2747
f 1879/1/2747 1878/1/2747 1882/1/2747
f 1879/1/2748 1884/1/2749 1885/1/2748
f 1885/1/2748 1880/1/2750 1879/1/2748
f 1886/1/2751 1884/1/2751 1879/1/2751
f 1879/1/2751 1883/1/2751 1886/1/2751
f 1863/1/2752 426/1/2753 448/1/2752
f 448/1/2752 1881/1/2752 1863/1/2752
f 1881/1/2754 448/1/2755 447/1/2754
f 447/1/2754 1878/1/2756 1881/1/2754
f 1882/1/2757 1878/1/2757 447/1/2757
f 447/1/2757 445/1/2757 1882/1/2757
f 1882/1/2758 445/1/2758 446/1/2759
f 446/1/2759 1887/1/2760 1882/1/2758
f 1887/1/2761 1888/1/2761 1883/1/2762
f 1883/1/2762 1882/1/2761 1887/1/2761
f 1886/1/2763 1883/1/2763 1888/1/2763
f 1888/1/2763 1889/1/2763 1886/1/2763
f 1063/1/2764 1062/1/2765 1886/1/2765
f 1886/1/2765 1889/1/2766 1063/1/2764
f 1886/1/2767 1062/1/2767 1061/1/2767
f 1061/1/2767 1884/1/2767 1886/1/2767
f 1061/1/2768 1060/1/2769 1885/1/2770
f 1885/1/2770 1884/1/2771 1061/1/2768
f 1060/1/2772 1043/1/2772 1865/1/2772
f 1865/1/2772 1885/1/2772 1060/1/2772
f 1864/1/2773 1880/1/2774 1885/1/2773
f 1885/1/2773 1865/1/2773 1864/1/2773
f 1880/1/2775 1864/1/2775 1863/1/2775
f 1863/1/2775 1881/1/2775 1880/1/2775
f 1890/1/2365 1891/1/2776 1892/1/2365
f 1892/1/2365 1893/1/2365 1890/1/2365
f 1894/1/2777 1895/1/2778 1891/1/2363
f 1891/1/2363 1890/1/2364 1894/1/2777
f 1891/1/2779 1896/1/2779 1897/1/2779
f 1897/1/2779 1892/1/2779 1891/1/2779
f 1895/1/2780 1898/1/2780 1896/1/2780
f 1896/1/2780 1891/1/2780 1895/1/2780
f 1893/1/2381 1899/1/2381 561/1/2381
f 561/1/2381 560/1/2381 1893/1/2381
f 570/1/2378 1890/1/2378 1893/1/2378
f 1893/1/2378 560/1/2378 570/1/2378
f 570/1/2375 569/1/2375 1894/1/2375
f 1894/1/2375 1890/1/2375 570/1/2375
f 569/1/2373 541/1/2373 1875/1/2781
f 1875/1/2781 1894/1/2782 569/1/2373
f 1895/1/2391 1894/1/2391 1875/1/2391
f 1875/1/2391 1877/1/2391 1895/1/2391
f 1876/1/2390 1898/1/2783 1895/1/2390
f 1895/1/2390 1877/1/2390 1876/1/2390
f 1876/1/2388 1156/1/2388 1179/1/2389
f 1179/1/2389 1898/1/2388 1876/1/2388
f 1898/1/2387 1179/1/2387 1178/1/2387
f 1178/1/2387 1896/1/2387 1898/1/2387
f 1896/1/2386 1178/1/2386 1177/1/2386
f 1177/1/2386 1897/1/2386 1896/1/2386
f 1897/1/2384 1177/1/2384 1176/1/2384
f 1176/1/2384 1900/1/2384 1897/1/2384
f 1897/1/2784 1900/1/2383 1901/1/2784
f 1901/1/2784 1892/1/2383 1897/1/2784
f 1892/1/2785 1901/1/2382 1899/1/2786
f 1899/1/2786 1893/1/2787 1892/1/2785
f 1902/1/2599 1903/1/2599 1904/1/2599
f 1904/1/2599 1905/1/2599 1902/1/2599
f 1906/1/2598 1907/1/2598 1903/1/2598
f 1903/1/2598 1902/1/2788 1906/1/2598
f 1903/1/2601 1908/1/2789 1909/1/2789
f 1909/1/2789 1904/1/2790 1903/1/2601
f 1903/1/2600 1907/1/2600 1910/1/2600
f 1910/1/2600 1908/1/2600 1903/1/2600
f 1905/1/2791 1911/1/2792 37/1/2610
f 37/1/2610 36/1/2610 1905/1/2791
f 1905/1/2793 36/1/2608 50/1/2793
f 50/1/2793 1902/1/2793 1905/1/2793
f 48/1/2605 1906/1/2605 1902/1/2605
f 1902/1/2605 50/1/2605 48/1/2605
f 1305/1/2603 1906/1/2794 48/1/2603
f 48/1/2603 49/1/2604 1305/1/2603
f 1906/1/2622 1305/1/2622 1310/1/2622
f 1310/1/2622 1907/1/2622 1906/1/2622
f 1907/1/2621 1310/1/2621 1309/1/2621
f 1309/1/2621 1910/1/2621 1907/1/2621
f 15/1/2795 14/1/2619 1910/1/2619
f 1910/1/2619 1309/1/2619 15/1/2795
f 1910/1/2796 14/1/2618 13/1/2618
f 13/1/2618 1908/1/2618 1910/1/2796
f 1909/1/2617 1908/1/2617 13/1/2617
f 13/1/2617 12/1/2617 1909/1/2617
f 12/1/2615 11/1/2615 1912/1/2615
f 1912/1/2615 1909/1/2615 12/1/2615
f 1904/1/2612 1909/1/2612 1912/1/2612
f 1912/1/2612 1913/1/2612 1904/1/2612
f 1904/1/2611 1913/1/2611 1911/1/2611
f 1911/1/2611 1905/1/2611 1904/1/2611
f 1914/1/1717 1915/1/1717 1916/1/1717
f 1916/1/1717 1917/1/1717 1914/1/1717
f 1918/1/2797 1919/1/2797 1915/1/2797
f 1915/1/2797 1914/1/2797 1918/1/2797
f 1915/1/1721 1920/1/1721 1921/1/1721
f 1921/1/1721 1916/1/1721 1915/1/1721
f 1922/1/1720 1920/1/2798 1915/1/1720
f 1915/1/1720 1919/1/1720 1922/1/1720
f 1887/1/1727 446/1/1727 468/1/1727
f 468/1/1727 1917/1/1727 1887/1/1727
f 1917/1/1726 468/1/1726 467/1/1726
f 467/1/1726 1914/1/1726 1917/1/1726
f 1918/1/1725 1914/1/1725 467/1/1725
f 467/1/1725 465/1/1725 1918/1/1725
f 1923/1/2799 1918/1/1724 465/1/2799
f 465/1/2799 466/1/2799 1923/1/2799
f 1923/1/1741 1924/1/1741 1919/1/1741
f 1919/1/1741 1918/1/1741 1923/1/1741
f 1922/1/1740 1919/1/1740 1924/1/1740
f 1924/1/1740 1925/1/1740 1922/1/1740
f 1922/1/2800 1925/1/1739 1083/1/2800
f 1083/1/2800 1082/1/2801 1922/1/2800
f 1922/1/1737 1082/1/1737 1081/1/1737
f 1081/1/1737 1920/1/1737 1922/1/1737
f 1081/1/1735 1080/1/1735 1921/1/1735
f 1921/1/1735 1920/1/1735 1081/1/1735
f 1080/1/2802 1063/1/1734 1889/1/2803
f 1889/1/2803 1921/1/2804 1080/1/2802
f 1889/1/2805 1888/1/1731 1916/1/2805
f 1916/1/2805 1921/1/2805 1889/1/2805
f 1887/1/1729 1917/1/1729 1916/1/1729
f 1916/1/1729 1888/1/1729 1887/1/1729
f 1926/1/2402 1927/1/2806 1928/1/2807
f 1928/1/2807 1929/1/2402 1926/1/2402
f 1930/1/2398 1931/1/2398 1927/1/2398
f 1927/1/2398 1926/1/2398 1930/1/2398
f 1927/1/2405 1932/1/2808 1933/1/2404
f 1933/1/2404 1928/1/2404 1927/1/2405
f 1931/1/2403 1934/1/2403 1932/1/2403
f 1932/1/2403 1927/1/2403 1931/1/2403
f 1929/1/2809 1935/1/2410 581/1/2410
f 581/1/2410 580/1/2810 1929/1/2809
f 590/1/2408 1926/1/2408 1929/1/2408
f 1929/1/2408 580/1/2408 590/1/2408
f 590/1/2407 589/1/2407 1930/1/2407
f 1930/1/2407 1926/1/2407 590/1/2407
f 589/1/2406 561/1/2406 1899/1/2406
f 1899/1/2406 1930/1/2406 589/1/2406
f 1931/1/2427 1930/1/2427 1899/1/2427
f 1899/1/2427 1901/1/2427 1931/1/2427
f 1900/1/2425 1934/1/2425 1931/1/2425
f 1931/1/2425 1901/1/2425 1900/1/2425
f 1900/1/2423 1176/1/2423 1199/1/2423
f 1199/1/2423 1934/1/2423 1900/1/2423
f 1934/1/2421 1199/1/2421 1198/1/2421
f 1198/1/2421 1932/1/2421 1934/1/2421
f 1932/1/2419 1198/1/2420 1197/1/2811
f 1197/1/2811 1933/1/2812 1932/1/2419
f 1197/1/2813 1196/1/2417 1936/1/2814
f 1936/1/2814 1933/1/2815 1197/1/2813
f 1928/1/2415 1933/1/2415 1936/1/2415
f 1936/1/2415 1937/1/2415 1928/1/2415
f 1929/1/2412 1928/1/2816 1937/1/2412
f 1937/1/2412 1935/1/2412 1929/1/2412
f 1938/1/2634 1939/1/2634 1940/1/2634
f 1940/1/2634 1941/1/2817 1938/1/2634
f 1942/1/2633 1943/1/2633 1939/1/2818
f 1939/1/2818 1938/1/2633 1942/1/2633
f 1939/1/2819 1944/1/2637 1945/1/2637
f 1945/1/2637 1940/1/2637 1939/1/2819
f 1939/1/2635 1943/1/2635 1946/1/2820
f 1946/1/2820 1944/1/2635 1939/1/2635
f 61/1/2644 60/1/2644 1941/1/2644
f 1941/1/2644 1947/1/2644 61/1/2644
f 1941/1/2643 60/1/2643 70/1/2643
f 70/1/2643 1938/1/2643 1941/1/2643
f 70/1/2639 69/1/2639 1942/1/2639
f 1942/1/2639 1938/1/2639 70/1/2639
f 1942/1/2638 69/1/2821 37/1/2638
f 37/1/2638 1911/1/2638 1942/1/2638
f 1913/1/2658 1943/1/2658 1942/1/2658
f 1942/1/2658 1911/1/2658 1913/1/2658
f 1912/1/2822 1946/1/2657 1943/1/2822
f 1943/1/2822 1913/1/2823 1912/1/2822
f 11/1/2824 679/1/2824 1946/1/2824
f 1946/1/2824 1912/1/2656 11/1/2824
f 1946/1/2655 679/1/2655 678/1/2655
f 678/1/2655 1944/1/2655 1946/1/2655
f 1945/1/2654 1944/1/2654 678/1/2654
f 678/1/2654 675/1/2654 1945/1/2654
f 675/1/2650 677/1/2650 1948/1/2650
f 1948/1/2650 1945/1/2650 675/1/2650
f 1940/1/2825 1945/1/2826 1948/1/2825
f 1948/1/2825 1949/1/2648 1940/1/2825
f 1940/1/2646 1949/1/2646 1947/1/2646
f 1947/1/2646 1941/1/2827 1940/1/2646
f 1950/1/2828 1951/1/2828 1952/1/2828
f 1952/1/2828 1953/1/2828 1950/1/2828
f 1954/1/1805 1955/1/1805 1951/1/1805
f 1951/1/1805 1950/1/1805 1954/1/1805
f 1951/1/2829 1956/1/2829 1957/1/2829
f 1957/1/2829 1952/1/2829 1951/1/2829
f 1958/1/1811 1956/1/2830 1951/1/2831
f 1951/1/2831 1955/1/1811 1958/1/1811
f 1923/1/2832 466/1/1820 488/1/1820
f 488/1/1820 1953/1/1820 1923/1/2832
f 1953/1/1819 488/1/1819 487/1/1819
f 487/1/1819 1950/1/1819 1953/1/1819
f 1954/1/1818 1950/1/1818 487/1/1818
f 487/1/1818 485/1/1818 1954/1/1818
f 1959/1/1815 1954/1/1815 485/1/1815
f 485/1/1815 486/1/1815 1959/1/1815
f 1959/1/1836 1960/1/1836 1955/1/2833
f 1955/1/2833 1954/1/1836 1959/1/1836
f 1958/1/1834 1955/1/1835 1960/1/1834
f 1960/1/1834 1961/1/1834 1958/1/1834
f 1958/1/1833 1961/1/1833 1103/1/1833
f 1103/1/1833 1102/1/1833 1958/1/1833
f 1958/1/1831 1102/1/1831 1101/1/2834
f 1101/1/2834 1956/1/1831 1958/1/1831
f 1101/1/1828 1100/1/1828 1957/1/1828
f 1957/1/1828 1956/1/1828 1101/1/1828
f 1100/1/1825 1083/1/1825 1925/1/1825
f 1925/1/1825 1957/1/1825 1100/1/1825
f 1952/1/1822 1957/1/1822 1925/1/1822
f 1925/1/1822 1924/1/1822 1952/1/1822
f 1953/1/2835 1952/1/1821 1924/1/1821
f 1924/1/1821 1923/1/1821 1953/1/2835
f 1962/1/2441 1963/1/2441 1964/1/2836
f 1964/1/2836 1965/1/2441 1962/1/2441
f 1966/1/2439 1967/1/2439 1963/1/2439
f 1963/1/2439 1962/1/2439 1966/1/2439
f 1963/1/2837 1968/1/2445 1969/1/2445
f 1969/1/2445 1964/1/2445 1963/1/2837
f 1967/1/2442 1970/1/2442 1968/1/2442
f 1968/1/2442 1963/1/2442 1967/1/2442
f 1965/1/2452 1971/1/2452 601/1/2452
f 601/1/2452 600/1/2452 1965/1/2452
f 610/1/2450 1962/1/2451 1965/1/2450
f 1965/1/2450 600/1/2450 610/1/2450
f 610/1/2449 609/1/2449 1966/1/2449
f 1966/1/2449 1962/1/2449 610/1/2449
f 609/1/2838 581/1/2448 1935/1/2838
f 1935/1/2838 1966/1/2839 609/1/2838
f 1966/1/2466 1935/1/2466 1937/1/2466
f 1937/1/2466 1967/1/2466 1966/1/2466
f 1936/1/2465 1970/1/2465 1967/1/2465
f 1967/1/2465 1937/1/2465 1936/1/2465
f 1219/1/2840 1970/1/2841 1936/1/2840
f 1936/1/2840 1196/1/2840 1219/1/2840
f 1970/1/2461 1219/1/2461 1218/1/2461
f 1218/1/2461 1968/1/2461 1970/1/2461
f 1968/1/2842 1218/1/2843 1217/1/2844
f 1217/1/2844 1969/1/2845 1968/1/2842
f 1217/1/2458 1216/1/2458 1972/1/2458
f 1972/1/2458 1969/1/2458 1217/1/2458
f 1964/1/2454 1969/1/2454 1972/1/2454
f 1972/1/2454 1973/1/2454 1964/1/2454
f 1965/1/2453 1964/1/2453 1973/1/2453
f 1973/1/2453 1971/1/2453 1965/1/2453
f 1974/1/2674 1975/1/2674 1976/1/2846
f 1976/1/2846 1977/1/2674 1974/1/2674
f 1978/1/2672 1979/1/2672 1975/1/2672
f 1975/1/2672 1974/1/2672 1978/1/2672
f 1975/1/2847 1980/1/2847 1981/1/2847
f 1981/1/2847 1976/1/2847 1975/1/2847
f 1975/1/2677 1979/1/2677 1982/1/2677
f 1982/1/2677 1980/1/2677 1975/1/2677
f 1977/1/2686 1983/1/2686 81/1/2686
f 81/1/2686 80/1/2686 1977/1/2686
f 1977/1/2684 80/1/2684 90/1/2848
f 90/1/2848 1974/1/2684 1977/1/2684
f 1974/1/2683 90/1/2683 89/1/2683
f 89/1/2683 1978/1/2683 1974/1/2683
f 89/1/2681 61/1/2681 1947/1/2849
f 1947/1/2849 1978/1/2681 89/1/2681
f 1949/1/2702 1979/1/2702 1978/1/2702
f 1978/1/2702 1947/1/2702 1949/1/2702
f 1948/1/2850 1982/1/2701 1979/1/2701
f 1979/1/2701 1949/1/2701 1948/1/2850
f 699/1/2700 1982/1/2700 1948/1/2700
f 1948/1/2700 677/1/2700 699/1/2700
f 1982/1/2699 699/1/2699 698/1/2699
f 698/1/2699 1980/1/2699 1982/1/2699
f 1981/1/2695 1980/1/2695 698/1/2695
f 698/1/2695 697/1/2695 1981/1/2695
f 697/1/2693 696/1/2693 1984/1/2693
f 1984/1/2693 1981/1/2693 697/1/2693
f 1976/1/2692 1981/1/2692 1984/1/2692
f 1984/1/2692 1985/1/2692 1976/1/2692
f 1976/1/2689 1985/1/2689 1983/1/2689
f 1983/1/2689 1977/1/2689 1976/1/2689
f 1986/1/2851 1987/1/1895 1988/1/1895
f 1988/1/1895 1989/1/1895 1986/1/2851
f 1990/1/1892 1991/1/1892 1987/1/2852
f 1987/1/2852 1986/1/1892 1990/1/1892
f 1987/1/1899 1992/1/1899 1993/1/1899
f 1993/1/1899 1988/1/2853 1987/1/1899
f 1994/1/1896 1992/1/1898 1987/1/1898
f 1987/1/1898 1991/1/1898 1994/1/1896
f 1959/1/2854 486/1/2854 508/1/1904
f 508/1/1904 1989/1/1904 1959/1/2854
f 1989/1/1902 508/1/1902 507/1/1902
f 507/1/1902 1986/1/1902 1989/1/1902
f 1990/1/1901 1986/1/1901 507/1/1901
f 507/1/1901 505/1/1901 1990/1/1901
f 1995/1/1900 1990/1/1900 505/1/1900
f 505/1/1900 506/1/2855 1995/1/1900
f 1995/1/1917 1996/1/1918 1991/1/1917
f 1991/1/1917 1990/1/2856 1995/1/1917
f 1994/1/1916 1991/1/1916 1996/1/2857
f 1996/1/2857 1997/1/1916 1994/1/1916
f 1994/1/1914 1997/1/1914 1123/1/1914
f 1123/1/1914 1122/1/1914 1994/1/1914
f 1994/1/1912 1122/1/1911 1121/1/1912
f 1121/1/1912 1992/1/1911 1994/1/1912
f 1121/1/2858 1120/1/1909 1993/1/1909
f 1993/1/1909 1992/1/1909 1121/1/2858
f 1120/1/1908 1103/1/1908 1961/1/1908
f 1961/1/1908 1993/1/1908 1120/1/1908
f 1988/1/2859 1993/1/2860 1961/1/2859
f 1961/1/2859 1960/1/2859 1988/1/2859
f 1989/1/1905 1988/1/1905 1960/1/1905
f 1960/1/1905 1959/1/1905 1989/1/1905
f 1998/1/2482 1999/1/2482 2000/1/2861
f 2000/1/2861 2001/1/2861 1998/1/2482
f 2002/1/2480 2003/1/2480 1999/1/2480
f 1999/1/2480 1998/1/2862 2002/1/2480
f 1999/1/2863 2004/1/2486 2005/1/2863
f 2005/1/2863 2000/1/2863 1999/1/2863
f 2003/1/2484 2006/1/2484 2004/1/2484
f 2004/1/2484 1999/1/2484 2003/1/2484
f 2001/1/2864 2007/1/2496 621/1/2498
f 621/1/2498 620/1/2496 2001/1/2864
f 630/1/2494 1998/1/2494 2001/1/2494
f 2001/1/2494 620/1/2494 630/1/2494
f 630/1/2493 629/1/2493 2002/1/2493
f 2002/1/2493 1998/1/2493 630/1/2493
f 629/1/2490 601/1/2490 1971/1/2490
f 1971/1/2490 2002/1/2490 629/1/2490
f 2002/1/2513 1971/1/2513 1973/1/2513
f 1973/1/2513 2003/1/2513 2002/1/2513
f 1972/1/2510 2006/1/2510 2003/1/2510
f 2003/1/2510 1973/1/2510 1972/1/2510
f 1239/1/2507 2006/1/2507 1972/1/2507
f 1972/1/2507 1216/1/2507 1239/1/2507
f 2006/1/2505 1239/1/2505 1238/1/2505
f 1238/1/2505 2004/1/2505 2006/1/2505
f 2004/1/2865 1238/1/2866 1237/1/2866
f 1237/1/2866 2005/1/2503 2004/1/2865
f 1237/1/2867 1236/1/2502 2008/1/2501
f 2008/1/2501 2005/1/2502 1237/1/2867
f 2000/1/2868 2005/1/2500 2008/1/2868
f 2008/1/2868 2009/1/2500 2000/1/2868
f 2001/1/2869 2000/1/2499 2009/1/2499
f 2009/1/2499 2007/1/2499 2001/1/2869
f 2010/1/2717 2011/1/2717 2012/1/2717
f 2012/1/2717 2013/1/2717 2010/1/2717
f 2014/1/2714 2015/1/2714 2011/1/2714
f 2011/1/2714 2010/1/2714 2014/1/2714
f 2011/1/2719 2016/1/2719 2017/1/2719
f 2017/1/2719 2012/1/2719 2011/1/2719
f 2011/1/2718 2015/1/2718 2018/1/2718
f 2018/1/2718 2016/1/2718 2011/1/2718
f 2013/1/2870 2019/1/2871 101/1/2870
f 101/1/2870 100/1/2870 2013/1/2870
f 2013/1/2722 100/1/2722 110/1/2722
f 110/1/2722 2010/1/2722 2013/1/2722
f 2014/1/2721 2010/1/2721 110/1/2721
f 110/1/2721 109/1/2721 2014/1/2721
f 109/1/2720 81/1/2720 1983/1/2720
f 1983/1/2720 2014/1/2720 109/1/2720
f 1985/1/2872 2015/1/2872 2014/1/2872
f 2014/1/2872 1983/1/2872 1985/1/2872
f 1984/1/2734 2018/1/2734 2015/1/2734
f 2015/1/2734 1985/1/2734 1984/1/2734
f 719/1/2731 2018/1/2731 1984/1/2731
f 1984/1/2731 696/1/2731 719/1/2731
f 2018/1/2729 719/1/2729 718/1/2729
f 718/1/2729 2016/1/2729 2018/1/2729
f 718/1/2728 717/1/2728 2017/1/2728
f 2017/1/2728 2016/1/2728 718/1/2728
f 717/1/2727 716/1/2727 2020/1/2727
f 2020/1/2727 2017/1/2727 717/1/2727
f 2012/1/2726 2017/1/2726 2020/1/2726
f 2020/1/2726 2021/1/2726 2012/1/2726
f 2012/1/2725 2021/1/2725 2019/1/2725
f 2019/1/2725 2013/1/2725 2012/1/2725
f 2022/1/2873 2023/1/1975 2024/1/1975
f 2024/1/1975 2025/1/1975 2022/1/2873
f 2026/1/1974 2027/1/1974 2023/1/1974
f 2023/1/1974 2022/1/1974 2026/1/1974
f 2023/1/1978 2028/1/1978 2029/1/1978
f 2029/1/1978 2024/1/1978 2023/1/1978
f 2030/1/1976 2028/1/1976 2023/1/2874
f 2023/1/2874 2027/1/1976 2030/1/1976
f 1995/1/1986 506/1/1986 528/1/1986
f 528/1/1986 2025/1/1986 1995/1/1986
f 2025/1/2875 528/1/2875 527/1/2875
f 527/1/2875 2022/1/1984 2025/1/2875
f 2026/1/1982 2022/1/1982 527/1/1982
f 527/1/1982 525/1/1982 2026/1/1982
f 525/1/1980 526/1/1980 1290/1/1980
f 1290/1/1980 2026/1/1980 525/1/1980
f 1295/1/2003 2027/1/2003 2026/1/2003
f 2026/1/2003 1290/1/2003 1295/1/2003
f 2030/1/2002 2027/1/2000 1295/1/2002
f 1295/1/2002 1294/1/2002 2030/1/2002
f 2030/1/2876 1294/1/1998 1143/1/1998
f 1143/1/1998 1142/1/1998 2030/1/2876
f 2030/1/1996 1142/1/2877 1141/1/2878
f 1141/1/2878 2028/1/2879 2030/1/1996
f 1141/1/1992 1140/1/1992 2029/1/1993
f 2029/1/1993 2028/1/1992 1141/1/1992
f 1140/1/1991 1123/1/1991 1997/1/1991
f 1997/1/1991 2029/1/1991 1140/1/1991
f 2024/1/1989 2029/1/2880 1997/1/2881
f 1997/1/2881 1996/1/1989 2024/1/1989
f 2025/1/1988 2024/1/1988 1996/1/1988
f 1996/1/1988 1995/1/1988 2025/1/1988
f 2031/1/2531 2032/1/2531 2033/1/2882
f 2033/1/2882 2034/1/2531 2031/1/2531
f 2035/1/2528 2036/1/2528 2032/1/2528
f 2032/1/2528 2031/1/2528 2035/1/2528
f 2032/1/2883 2037/1/2535 2038/1/2535
f 2038/1/2535 2033/1/2883 2032/1/2883
f 2036/1/2884 2039/1/2884 2037/1/2885
f 2037/1/2885 2032/1/2885 2036/1/2884
f 2034/1/2886 1306/1/2887 641/1/2888
f 641/1/2888 640/1/2542 2034/1/2886
f 650/1/2541 2031/1/2541 2034/1/2541
f 2034/1/2541 640/1/2541 650/1/2541
f 650/1/2889 649/1/2540 2035/1/2540
f 2035/1/2540 2031/1/2540 650/1/2889
f 649/1/2539 621/1/2539 2007/1/2539
f 2007/1/2539 2035/1/2539 649/1/2539
f 2035/1/2554 2007/1/2554 2009/1/2554
f 2009/1/2554 2036/1/2554 2035/1/2554
f 2008/1/2553 2039/1/2553 2036/1/2553
f 2036/1/2553 2009/1/2553 2008/1/2553
f 1259/1/2550 2039/1/2550 2008/1/2550
f 2008/1/2550 1236/1/2550 1259/1/2550
f 2039/1/2549 1259/1/2549 1258/1/2549
f 1258/1/2549 2037/1/2549 2039/1/2549
f 2037/1/2890 1258/1/2891 1257/1/2892
f 1257/1/2892 2038/1/2893 2037/1/2890
f 1257/1/2545 1256/1/2894 1308/1/2545
f 1308/1/2545 2038/1/2545 1257/1/2545
f 2038/1/2895 1308/1/2544 1307/1/2544
f 1307/1/2544 2033/1/2896 2038/1/2895
f 2034/1/2543 2033/1/2543 1307/1/2543
f 1307/1/2543 1306/1/2543 2034/1/2543
f 2040/1/2747 2041/1/2747 2042/1/2747
f 2042/1/2747 2043/1/2747 2040/1/2747
f 2044/1/2746 2045/1/2746 2041/1/2746
f 2041/1/2746 2040/1/2746 2044/1/2746
f 2041/1/2751 2046/1/2751 2047/1/2751
f 2047/1/2751 2042/1/2751 2041/1/2751
f 2041/1/2897 2045/1/2748 2048/1/2748
f 2048/1/2748 2046/1/2898 2041/1/2897
f 2043/1/2899 1321/1/2900 121/1/2899
f 121/1/2899 120/1/2760 2043/1/2899
f 2043/1/2757 120/1/2757 130/1/2757
f 130/1/2757 2040/1/2757 2043/1/2757
f 2044/1/2756 2040/1/2756 130/1/2756
f 130/1/2756 129/1/2756 2044/1/2756
f 129/1/2901 101/1/2752 2019/1/2902
f 2019/1/2902 2044/1/2752 129/1/2901
f 2021/1/2903 2045/1/2775 2044/1/2903
f 2044/1/2903 2019/1/2904 2021/1/2903
f 2020/1/2905 2048/1/2906 2045/1/2774
f 2045/1/2774 2021/1/2774 2020/1/2905
f 739/1/2772 2048/1/2772 2020/1/2772
f 2020/1/2772 716/1/2772 739/1/2772
f 2048/1/2907 739/1/2908 738/1/2907
f 738/1/2907 2046/1/2907 2048/1/2907
f 738/1/2767 737/1/2767 2047/1/2909
f 2047/1/2909 2046/1/2767 738/1/2767
f 737/1/2765 736/1/2765 1323/1/2765
f 1323/1/2765 2047/1/2765 737/1/2765
f 1323/1/2763 1322/1/2763 2042/1/2763
f 2042/1/2763 2047/1/2763 1323/1/2763
f 2043/1/2761 2042/1/2761 1322/1/2761
f 1322/1/2761 1321/1/2761 2043/1/2761
o C_rculo_005_C_rculo_006
v -4.281850 1.396346 -2.420972
v -4.214750 1.425146 -2.413272
v -4.150150 1.452746 -2.390372
v -4.090750 1.478147 -2.353372
v -4.038650 1.500447 -2.303572
v -3.995850 1.518746 -2.242772
v -3.964050 1.532347 -2.173472
v -3.944550 1.540747 -2.098272
v -3.937850 1.543547 -2.020072
v -3.944550 1.540747 -1.941872
v -3.964050 1.532347 -1.866672
v -3.995850 1.518746 -1.797372
v -4.038650 1.500447 -1.736572
v -4.090750 1.478147 -1.686772
v -4.150150 1.452747 -1.649772
v -4.214750 1.425146 -1.626872
v -4.281850 1.396346 -1.619172
v -4.348850 1.367647 -1.626872
v -4.413450 1.340047 -1.649772
v -4.472850 1.314647 -1.686772
v -4.524950 1.292347 -1.736572
v -4.567750 1.274047 -1.797372
v -4.599550 1.260447 -1.866672
v -4.619150 1.252046 -1.941872
v -4.625750 1.249246 -2.020072
v -4.619150 1.252046 -2.098272
v -4.599550 1.260447 -2.173472
v -4.567750 1.274047 -2.242772
v -4.524950 1.292346 -2.303572
v -4.348850 1.367646 -2.413272
v -4.472850 1.314646 -2.353372
v -4.413450 1.340046 -2.390372
v -4.591050 1.186546 -1.941872
v -4.553150 1.181546 -1.948872
v -4.559150 1.179047 -2.020072
v -4.597650 1.183746 -2.020072
v -4.385350 1.274547 -1.649772
v -4.444850 1.249147 -1.686772
v -4.253750 1.330847 -2.420972
v -4.320850 1.302146 -2.413272
v -4.010550 1.434947 -2.303572
v -3.967850 1.453246 -2.242772
v -4.320850 1.302147 -1.626872
v -4.385350 1.274546 -2.390372
v -4.062750 1.412647 -2.353372
v -4.253750 1.330847 -1.619172
v -4.444850 1.249146 -2.353372
v -4.122150 1.387146 -2.390372
v -4.186650 1.359547 -1.626872
v -4.496950 1.226847 -2.303572
v -4.186650 1.359546 -2.413272
v -4.122150 1.387147 -1.649772
v -4.539750 1.208547 -2.242772
v -4.062750 1.412647 -1.686772
v -4.571450 1.194947 -2.173472
v -4.010550 1.434947 -1.736572
v -4.591050 1.186546 -2.098272
v -3.967850 1.453246 -1.797372
v -3.936050 1.466847 -1.866672
v -3.916450 1.475147 -1.941872
v -4.571450 1.194947 -1.866672
v -3.909850 1.477947 -2.020072
v -4.539750 1.208547 -1.797372
v -3.916450 1.475147 -2.098272
v -4.496950 1.226847 -1.736572
v -3.936050 1.466847 -2.173472
v -4.467450 1.218247 -1.762072
v -4.481250 1.200946 -1.741172
v -4.523350 1.182847 -1.800972
v -4.506350 1.201547 -1.817372
v -3.939050 1.444347 -1.948872
v -3.956850 1.436647 -1.880472
v -4.535350 1.189147 -1.880472
v -3.933050 1.446847 -2.020072
v -3.939050 1.444347 -2.091272
v -3.956850 1.436647 -2.159672
v -4.420050 1.238546 -1.716672
v -3.985750 1.424346 -2.222772
v -4.365950 1.261647 -1.682972
v -4.307150 1.286846 -2.377972
v -4.246050 1.312947 -2.384972
v -4.024750 1.407646 -2.278072
v -4.307150 1.286847 -1.662172
v -4.365950 1.261647 -2.357172
v -4.072150 1.387347 -2.323472
v -4.246050 1.312947 -1.655172
v -4.420050 1.238546 -2.323472
v -4.126250 1.364146 -2.357172
v -4.185050 1.339047 -1.662172
v -4.467450 1.218247 -2.278072
v -4.185050 1.339046 -2.377972
v -4.126250 1.364147 -1.682972
v -4.506350 1.201547 -2.222772
v -4.072150 1.387347 -1.716672
v -4.535350 1.189147 -2.159672
v -4.024750 1.407647 -1.762072
v -4.553150 1.181546 -2.091272
v -3.985750 1.424347 -1.817372
v -4.371450 1.247846 -1.655672
v -4.307950 1.275046 -1.633172
v -4.275650 1.199447 -1.633172
v -4.339150 1.172346 -1.655672
v -3.929350 1.437047 -2.171072
v -3.910050 1.445247 -2.097072
v -4.429950 1.222847 -1.692072
v -3.960550 1.423646 -2.239172
v -4.307950 1.275046 -2.406972
v -4.241950 1.303246 -2.414572
v -4.002650 1.405646 -2.298972
v -4.371450 1.247846 -2.384472
v -4.053950 1.383746 -2.348072
v -4.241950 1.303247 -1.625572
v -4.429950 1.222847 -2.348072
v -4.112450 1.358646 -2.384472
v -4.175950 1.331547 -1.633172
v -4.481250 1.200946 -2.298972
v -4.175950 1.331547 -2.406972
v -4.112450 1.358647 -1.655672
v -4.523350 1.182847 -2.239172
v -4.053950 1.383747 -1.692072
v -4.554650 1.169546 -2.171072
v -4.002650 1.405646 -1.741172
v -4.573850 1.161247 -2.097072
v -3.960550 1.423647 -1.800972
v -4.580350 1.158447 -2.020072
v -3.929350 1.437047 -1.869072
v -4.573850 1.161247 -1.943072
v -3.910050 1.445247 -1.943072
v -4.554650 1.169546 -1.869072
v -3.903550 1.448047 -2.020072
v -4.080150 1.283147 -1.655672
v -4.085050 1.256446 -1.694672
v -4.141750 1.232147 -1.674572
v -4.143650 1.255947 -1.633172
v -4.339150 1.172346 -2.384472
v -4.275650 1.199446 -2.406971
v -4.021650 1.308146 -2.348072
v -3.970350 1.330046 -2.298972
v -4.209650 1.227747 -1.625572
v -4.397650 1.147246 -2.348072
v -4.080150 1.283146 -2.384472
v -4.448950 1.125347 -2.298972
v -4.143650 1.255946 -2.406971
v -4.491050 1.107347 -2.239172
v -4.209650 1.227746 -2.414572
v -4.021650 1.308147 -1.692072
v -4.522250 1.093946 -2.171072
v -3.970350 1.330047 -1.741172
v -4.541550 1.085747 -2.097072
v -3.928250 1.348147 -1.800972
v -4.548050 1.082947 -2.020072
v -3.896950 1.361446 -1.869072
v -4.541550 1.085747 -1.943072
v -3.877750 1.369747 -1.943072
v -4.522250 1.093946 -1.869072
v -3.871250 1.372547 -2.020072
v -4.491050 1.107347 -1.800972
v -3.877750 1.369746 -2.097072
v -4.448950 1.125347 -1.741172
v -3.896950 1.361446 -2.171072
v -4.397650 1.147246 -1.692072
v -3.928250 1.348146 -2.239172
v -3.949450 1.314447 -1.824372
v -3.909650 1.302547 -1.801472
v -3.951550 1.284546 -1.741872
v -3.987050 1.298347 -1.770972
v -4.452050 1.099447 -2.215771
v -4.414450 1.115546 -2.269171
v -4.141750 1.232147 -2.365571
v -4.200750 1.206946 -2.372372
v -4.032850 1.278746 -1.727172
v -4.479950 1.087446 -2.154871
v -4.497150 1.080147 -2.088772
v -4.502950 1.077646 -2.020072
v -3.921550 1.326347 -1.885272
v -4.497150 1.080147 -1.951372
v -3.904350 1.333747 -1.951372
v -4.479950 1.087446 -1.885272
v -3.898550 1.336247 -2.020072
v -4.452050 1.099447 -1.824372
v -3.904350 1.333746 -2.088772
v -4.414450 1.115546 -1.770972
v -3.921550 1.326346 -2.154872
v -4.368650 1.135146 -1.727172
v -3.949450 1.314446 -2.215772
v -4.316350 1.157447 -1.694672
v -4.259750 1.181746 -2.365571
v -3.987050 1.298347 -2.269172
v -4.259750 1.181746 -1.674572
v -4.316350 1.157446 -2.345472
v -4.032850 1.278746 -2.312972
v -4.200750 1.206946 -1.667772
v -4.368650 1.135146 -2.312972
v -4.085050 1.256446 -2.345472
v -3.820750 1.252147 -2.020072
v -3.827250 1.249447 -1.943272
v -3.859250 1.324046 -1.943272
v -3.852750 1.326846 -2.020072
v -4.521350 1.040846 -2.096872
v -4.527850 1.038046 -2.020072
v -3.878450 1.315847 -1.869472
v -4.521350 1.040846 -1.943272
v -4.502150 1.049047 -1.869472
v -4.470950 1.062346 -1.801472
v -3.859250 1.324046 -2.096872
v -4.428950 1.080346 -1.741872
v -3.878450 1.315846 -2.170672
v -4.377750 1.102247 -1.692972
v -3.909650 1.302547 -2.238672
v -4.319450 1.127146 -1.656572
v -4.256150 1.154246 -2.405972
v -4.190250 1.182446 -2.413472
v -3.951550 1.284546 -2.298272
v -4.256150 1.154246 -1.634172
v -4.319450 1.127146 -2.383572
v -4.002750 1.262646 -2.347172
v -4.190250 1.182446 -1.626672
v -4.377750 1.102247 -2.347172
v -4.061150 1.237746 -2.383572
v -4.124450 1.210647 -1.634172
v -4.428950 1.080346 -2.298272
v -4.124450 1.210646 -2.405972
v -4.061150 1.237747 -1.656572
v -4.470950 1.062346 -2.238672
v -4.002750 1.262647 -1.692972
v -4.502150 1.049047 -2.170671
v -3.877650 1.227847 -2.238672
v -3.902950 1.177446 -2.208072
v -3.875850 1.188046 -2.149571
v -3.846450 1.241247 -2.170672
v -4.438950 0.987746 -1.801472
v -4.470150 0.974347 -1.869472
v -3.827250 1.249447 -2.096872
v -4.397050 1.005646 -1.741872
v -4.345850 1.027547 -1.692972
v -4.287450 1.052547 -1.656572
v -4.224150 1.079646 -2.405972
v -4.158350 1.107746 -2.413472
v -3.919650 1.209947 -2.298272
v -4.224150 1.079646 -1.634172
v -4.287450 1.052546 -2.383572
v -3.970850 1.188046 -2.347172
v -4.158350 1.107746 -1.626672
v -4.345850 1.027546 -2.347172
v -4.029150 1.163046 -2.383572
v -4.092450 1.135947 -1.634172
v -4.397050 1.005646 -2.298272
v -4.092450 1.135946 -2.405972
v -4.029150 1.163046 -1.656572
v -4.438950 0.987746 -2.238672
v -3.970850 1.188046 -1.692972
v -4.470150 0.974346 -2.170671
v -3.919650 1.209947 -1.741872
v -4.489350 0.966146 -2.096872
v -3.877650 1.227847 -1.801472
v -4.495850 0.963346 -2.020072
v -3.846450 1.241247 -1.869472
v -4.489350 0.966146 -1.943272
v -3.808650 1.190346 -1.944072
v -3.827950 1.182747 -1.871072
v -3.875850 1.188046 -1.890572
v -3.859150 1.194547 -1.954072
v -4.259550 1.037647 -1.707472
v -4.310350 1.017746 -1.738772
v -4.204450 1.059247 -2.351871
v -4.147150 1.081746 -2.358472
v -3.939550 1.163046 -2.259372
v -4.204450 1.059247 -1.688172
v -4.259550 1.037646 -2.332672
v -3.984050 1.145646 -2.301372
v -4.147150 1.081746 -1.681672
v -4.310350 1.017746 -2.301372
v -4.034750 1.125746 -2.332672
v -4.089850 1.104146 -1.688172
v -4.354850 1.000346 -2.259372
v -4.089850 1.104146 -2.351871
v -4.034750 1.125746 -1.707472
v -4.391350 0.985946 -2.208071
v -3.984050 1.145646 -1.738772
v -4.418550 0.975346 -2.149571
v -3.939550 1.163046 -1.780772
v -4.435250 0.968846 -2.086071
v -3.902950 1.177446 -1.832072
v -4.440850 0.966646 -2.020072
v -4.435250 0.968846 -1.954072
v -4.418550 0.975346 -1.890572
v -3.853450 1.196847 -2.020072
v -4.391350 0.985947 -1.832072
v -3.859150 1.194547 -2.086071
v -4.354850 1.000347 -1.780772
v -3.827950 1.182747 -2.169072
v -3.804350 1.110147 -2.169071
v -3.785150 1.117646 -2.096071
v -3.808650 1.190346 -2.096072
v -4.452550 0.937946 -1.871072
v -4.471850 0.930446 -1.944072
v -3.802150 1.192847 -2.020072
v -4.421350 0.950246 -1.803672
v -4.379350 0.966647 -1.744672
v -4.328050 0.986747 -1.696272
v -3.859150 1.170547 -2.236472
v -4.269650 1.009647 -1.660272
v -4.206250 1.034546 -2.402071
v -4.140250 1.060346 -2.409572
v -3.901250 1.154047 -2.295472
v -4.206250 1.034546 -1.638072
v -4.269650 1.009646 -2.379872
v -3.952450 1.133946 -2.343872
v -4.140250 1.060346 -1.630572
v -4.328050 0.986746 -2.343872
v -4.010850 1.111046 -2.379872
v -4.074350 1.086246 -1.638072
v -4.379350 0.966646 -2.295472
v -4.074350 1.086246 -2.402071
v -4.010850 1.111047 -1.660272
v -4.421350 0.950246 -2.236471
v -3.952450 1.133947 -1.696272
v -4.452550 0.937946 -2.169071
v -3.901250 1.154047 -1.744672
v -4.471850 0.930446 -2.096071
v -3.859150 1.170547 -1.803672
v -4.478350 0.927846 -2.020072
v -3.900150 1.029946 -2.255872
v -3.877650 1.081447 -2.295472
v -3.928850 1.061347 -2.343872
v -3.944450 1.014346 -2.297372
v -4.304550 0.914146 -1.696272
v -4.355750 0.894046 -1.744672
v -3.835650 1.097847 -2.236471
v -4.246050 0.937047 -1.660272
v -4.182650 0.961846 -2.402071
v -4.116750 0.987746 -2.409572
v -4.182650 0.961846 -1.638072
v -4.246050 0.937046 -2.379872
v -4.116750 0.987746 -1.630572
v -4.304550 0.914146 -2.343872
v -3.987350 1.038446 -2.379872
v -4.050750 1.013546 -1.638072
v -4.355750 0.894046 -2.295472
v -4.050750 1.013546 -2.402071
v -3.987350 1.038447 -1.660272
v -4.397750 0.877546 -2.236471
v -3.928850 1.061347 -1.696272
v -4.429050 0.865346 -2.169071
v -3.877650 1.081447 -1.744672
v -4.448250 0.857746 -2.096071
v -3.835650 1.097847 -1.803672
v -4.454750 0.855246 -2.020072
v -3.804350 1.110147 -1.871072
v -4.448250 0.857746 -1.944072
v -3.785150 1.117646 -1.944072
v -4.429050 0.865346 -1.871072
v -3.778650 1.120247 -2.020072
v -4.397750 0.877546 -1.803672
v -4.102150 0.935846 -2.397171
v -4.037650 0.958546 -2.389971
v -4.049750 0.977146 -2.347172
v -4.106750 0.957046 -2.353572
v -4.106750 0.957047 -1.686572
v -4.163750 0.936846 -1.692972
v -4.269150 0.899746 -2.297372
v -4.218550 0.917546 -2.328171
v -3.994950 0.996446 -2.328171
v -4.049750 0.977147 -1.692972
v -4.313350 0.884046 -2.255872
v -3.994950 0.996446 -1.711972
v -4.349750 0.871246 -2.205372
v -3.944450 1.014346 -1.742772
v -4.376750 0.861746 -2.147671
v -3.900150 1.029946 -1.784272
v -4.393350 0.855847 -2.085171
v -3.863750 1.042747 -1.834772
v -4.398950 0.853846 -2.020072
v -3.836750 1.052346 -1.892472
v -4.393350 0.855847 -1.954972
v -3.820150 1.058146 -1.954972
v -4.376750 0.861746 -1.892472
v -3.814550 1.060146 -2.020072
v -4.349750 0.871246 -1.834772
v -3.820150 1.058146 -2.085171
v -4.313350 0.884046 -1.784272
v -3.836750 1.052346 -2.147671
v -4.269150 0.899746 -1.742772
v -3.863750 1.042747 -2.205372
v -4.218550 0.917547 -1.711972
v -4.163750 0.936846 -2.347172
v -3.796850 1.043646 -1.875772
v -3.781750 0.974347 -1.875772
v -3.812350 0.963547 -1.810572
v -3.827350 1.032846 -1.810572
v -3.918550 1.000646 -1.706472
v -3.975650 0.980446 -1.671672
v -4.376950 0.838846 -2.229572
v -4.407450 0.828046 -2.164371
v -3.868450 1.018347 -1.753372
v -4.426350 0.821446 -2.093672
v -4.432650 0.819147 -2.020072
v -4.426350 0.821446 -1.946472
v -3.778050 1.050246 -1.946472
v -4.407450 0.828046 -1.875772
v -3.771650 1.052446 -2.020072
v -4.376950 0.838846 -1.810572
v -3.778050 1.050246 -2.093672
v -4.335850 0.853346 -1.753372
v -3.796850 1.043646 -2.164371
v -4.285750 0.871046 -1.706472
v -3.827350 1.032846 -2.229572
v -4.228650 0.891246 -1.671672
v -4.166650 0.913046 -2.389971
v -3.868450 1.018346 -2.286772
v -4.166650 0.913046 -1.650172
v -4.228650 0.891246 -2.368472
v -3.918550 1.000646 -2.333672
v -4.102150 0.935846 -1.642972
v -4.285750 0.871046 -2.333672
v -3.975650 0.980446 -2.368472
v -4.037650 0.958547 -1.650172
v -4.335850 0.853346 -2.286772
v -3.802950 0.924846 -2.020072
v -3.756650 0.983246 -2.020072
v -3.762950 0.980946 -2.093672
v -3.808350 0.923246 -2.081671
v -4.411250 0.752146 -1.946472
v -4.417650 0.749946 -2.020072
v -3.762950 0.980946 -1.946472
v -4.392450 0.758847 -1.875772
v -4.361950 0.769547 -1.810572
v -4.320850 0.784146 -1.753372
v -3.781750 0.974346 -2.164371
v -4.270750 0.801746 -1.706472
v -3.812350 0.963546 -2.229572
v -4.213550 0.821947 -1.671672
v -4.087150 0.866546 -2.397171
v -4.151550 0.843846 -2.389971
v -3.853450 0.949046 -2.286772
v -4.151550 0.843846 -1.650172
v -4.213550 0.821947 -2.368472
v -3.903550 0.931346 -2.333672
v -4.087150 0.866547 -1.642972
v -4.270750 0.801746 -2.333672
v -3.960650 0.911246 -2.368472
v -4.022650 0.889346 -1.650172
v -4.320850 0.784146 -2.286772
v -4.022650 0.889346 -2.389971
v -3.960650 0.911246 -1.671672
v -4.361950 0.769547 -2.229572
v -3.903550 0.931346 -1.706472
v -4.392450 0.758847 -2.164371
v -3.853450 0.949046 -1.753372
v -4.411250 0.752146 -2.093672
v -4.081650 0.841146 -2.335672
v -4.135950 0.824847 -2.329571
v -4.141750 0.789346 -2.377772
v -4.078950 0.808246 -2.384772
v -4.278650 0.781946 -1.796872
v -4.313250 0.771546 -1.844772
v -3.824150 0.918546 -2.140872
v -4.236450 0.794647 -1.757672
v -3.849950 0.910746 -2.195372
v -4.188250 0.809147 -1.728472
v -3.884550 0.900347 -2.243272
v -4.135950 0.824847 -1.710572
v -4.188250 0.809147 -2.311671
v -3.926850 0.887646 -2.282472
v -4.081650 0.841146 -1.704472
v -4.236450 0.794647 -2.282472
v -3.974950 0.873246 -2.311671
v -4.027250 0.857546 -1.710572
v -4.278650 0.781946 -2.243272
v -4.027250 0.857546 -2.329571
v -3.974950 0.873246 -1.728472
v -4.313250 0.771546 -2.195372
v -3.926850 0.887646 -1.757672
v -4.339050 0.763847 -2.140872
v -3.884550 0.900347 -1.796872
v -4.354850 0.759046 -2.081671
v -3.849950 0.910746 -1.844772
v -4.360250 0.757447 -2.020072
v -3.824150 0.918546 -1.899272
v -4.354850 0.759046 -1.958472
v -3.808350 0.923246 -1.958472
v -4.339050 0.763847 -1.899272
v -4.306550 0.739846 -2.277972
v -4.300650 0.667746 -2.277972
v -4.251850 0.682446 -2.323272
v -4.257750 0.754447 -2.323272
v -3.851250 0.876647 -2.277972
v -3.811250 0.888646 -2.222672
v -4.141750 0.789347 -1.662372
v -4.202150 0.771246 -1.683172
v -4.202150 0.771246 -2.356972
v -3.900050 0.861946 -2.323272
v -4.078950 0.808246 -1.655372
v -3.955750 0.845246 -2.356972
v -4.016150 0.827146 -1.662372
v -4.016150 0.827146 -2.377772
v -3.955750 0.845246 -1.683172
v -4.346650 0.727847 -2.222672
v -3.900050 0.861946 -1.716872
v -4.376350 0.718846 -2.159672
v -3.851250 0.876647 -1.762172
v -4.394650 0.713346 -2.091172
v -3.811250 0.888646 -1.817472
v -4.400850 0.711546 -2.020072
v -3.781450 0.897646 -1.880472
v -4.394650 0.713346 -1.948972
v -3.763150 0.903147 -1.948972
v -4.376350 0.718846 -1.880472
v -3.756950 0.904946 -2.020072
v -4.346650 0.727847 -1.817472
v -3.763150 0.903147 -2.091172
v -4.306550 0.739847 -1.762172
v -3.781450 0.897646 -2.159672
v -4.257750 0.754447 -1.716872
v -4.336850 0.648746 -2.079672
v -4.321450 0.652946 -2.137072
v -4.370450 0.646846 -2.159672
v -4.388850 0.641346 -2.091172
v -4.010250 0.755046 -2.377772
v -3.949850 0.773147 -2.356972
v -3.949850 0.773147 -1.683172
v -4.010250 0.755046 -1.662371
v -4.340750 0.655746 -2.222672
v -4.073050 0.736146 -2.384772
v -3.894150 0.789946 -1.716872
v -3.845350 0.804546 -1.762172
v -3.805350 0.816647 -1.817472
v -4.394950 0.639446 -2.020072
v -3.775550 0.825547 -1.880472
v -4.388850 0.641346 -1.948972
v -3.757250 0.831046 -1.948972
v -4.370450 0.646846 -1.880472
v -3.751050 0.832946 -2.020072
v -4.340750 0.655746 -1.817472
v -3.757250 0.831046 -2.091172
v -4.300650 0.667747 -1.762172
v -3.775550 0.825547 -2.159672
v -4.251850 0.682446 -1.716872
v -3.805350 0.816646 -2.222672
v -4.196250 0.699147 -1.683172
v -4.135850 0.717346 -2.377772
v -3.845350 0.804546 -2.277972
v -4.135850 0.717346 -1.662371
v -4.196250 0.699147 -2.356972
v -3.894150 0.789946 -2.323272
v -4.073050 0.736147 -1.655371
v -4.321450 0.652946 -1.903072
v -4.362050 0.622646 -1.883872
v -4.379950 0.617746 -1.950672
v -4.336850 0.648746 -1.960472
v -3.847150 0.783046 -1.850272
v -3.880750 0.773746 -1.803872
v -4.342050 0.647346 -2.020072
v -3.822150 0.789846 -1.903072
v -3.806750 0.794047 -1.960472
v -3.801650 0.795447 -2.020072
v -4.296450 0.659846 -1.850272
v -3.806750 0.794047 -2.079672
v -4.262850 0.669046 -1.803872
v -3.822150 0.789846 -2.137072
v -4.221950 0.680246 -1.765872
v -3.847150 0.783046 -2.189872
v -4.175250 0.693047 -1.737672
v -4.124550 0.706946 -2.319872
v -4.071850 0.721447 -2.325772
v -3.880750 0.773746 -2.236272
v -4.124550 0.706946 -1.720272
v -4.175250 0.693046 -2.302472
v -3.921650 0.762546 -2.274271
v -4.071850 0.721447 -1.714372
v -4.221950 0.680246 -2.274271
v -3.968450 0.749746 -2.302472
v -4.019150 0.735847 -1.720272
v -4.262850 0.669046 -2.236272
v -4.019150 0.735847 -2.319872
v -3.968450 0.749747 -1.737672
v -4.296450 0.659846 -2.189872
v -3.921650 0.762546 -1.765872
v -4.246250 0.654446 -1.724272
v -4.244950 0.582246 -1.724272
v -4.292650 0.569146 -1.768471
v -4.293850 0.641347 -1.768472
v -3.756950 0.788546 -2.020072
v -3.763050 0.786847 -1.950672
v -4.333050 0.630646 -1.822372
v -3.763050 0.786847 -2.089472
v -3.780950 0.781946 -2.156271
v -3.809950 0.774046 -2.217772
v -4.191850 0.669347 -1.691372
v -4.132850 0.685547 -2.369071
v -4.071450 0.702346 -2.375872
v -3.849050 0.763246 -2.271672
v -4.132850 0.685547 -1.671072
v -4.191850 0.669347 -2.348772
v -3.896750 0.750247 -2.315871
v -4.071450 0.702347 -1.664272
v -4.246250 0.654446 -2.315871
v -3.951150 0.735346 -2.348772
v -4.010150 0.719146 -1.671072
v -4.293850 0.641346 -2.271672
v -4.010150 0.719146 -2.369071
v -3.951150 0.735346 -1.691372
v -4.333050 0.630646 -2.217772
v -3.896750 0.750247 -1.724272
v -4.362050 0.622646 -2.156271
v -3.849050 0.763246 -1.768472
v -4.379950 0.617746 -2.089472
v -3.809950 0.774046 -1.822372
v -4.386050 0.616146 -2.020072
v -3.780950 0.781946 -1.883872
v -4.070250 0.630146 -1.664272
v -4.069750 0.601946 -1.709972
v -4.122950 0.591346 -1.715972
v -4.131650 0.613247 -1.671072
v -3.808750 0.701746 -2.217772
v -3.779650 0.709746 -2.156271
v -4.190650 0.597146 -1.691372
v -4.131650 0.613246 -2.369071
v -4.070250 0.630146 -2.375872
v -3.847850 0.691046 -2.271672
v -4.190650 0.597146 -2.348772
v -3.895550 0.678047 -2.315871
v -4.244950 0.582246 -2.315871
v -3.949850 0.663146 -2.348772
v -4.008850 0.646946 -1.671072
v -4.292650 0.569146 -2.271672
v -4.008850 0.646946 -2.369071
v -3.949850 0.663146 -1.691372
v -4.331750 0.558446 -2.217772
v -3.895550 0.678047 -1.724272
v -4.360850 0.550446 -2.156271
v -3.847850 0.691046 -1.768472
v -4.378750 0.545546 -2.089472
v -3.808750 0.701747 -1.822372
v -4.384750 0.543946 -2.020072
v -3.779650 0.709746 -1.883872
v -4.378750 0.545546 -1.950672
v -3.761750 0.714647 -1.950672
v -4.360850 0.550446 -1.883872
v -3.755750 0.716347 -2.020072
v -4.331750 0.558446 -1.822371
v -3.761750 0.714646 -2.089472
v -3.918350 0.632146 -1.762272
v -3.900450 0.622046 -1.728172
v -3.953850 0.611446 -1.695772
v -3.965450 0.622747 -1.733572
v -4.221250 0.571746 -2.277872
v -4.174150 0.581146 -2.306571
v -3.965450 0.622746 -2.306571
v -3.918350 0.632146 -2.277872
v -4.016550 0.612547 -1.715972
v -4.262550 0.563446 -2.239272
v -4.016550 0.612546 -2.324172
v -4.296450 0.556646 -2.192372
v -4.069750 0.601946 -2.330172
v -4.321650 0.551646 -2.138772
v -3.876950 0.640346 -1.800872
v -4.337150 0.548546 -2.080571
v -3.843050 0.647146 -1.847772
v -4.342350 0.547546 -2.020072
v -3.817850 0.652146 -1.901372
v -4.337150 0.548546 -1.959572
v -3.802350 0.655246 -1.959572
v -4.321650 0.551646 -1.901371
v -3.797150 0.656346 -2.020072
v -4.296450 0.556646 -1.847771
v -3.802350 0.655246 -2.080571
v -4.262550 0.563446 -1.800872
v -3.817850 0.652146 -2.138772
v -4.221250 0.571747 -1.762271
v -3.843050 0.647146 -2.192372
v -4.174150 0.581146 -1.733572
v -4.122950 0.591346 -2.324172
v -3.876950 0.640346 -2.239272
v -3.786750 0.644746 -1.885772
v -3.798050 0.571646 -1.885772
v -3.826550 0.565946 -1.825072
v -3.815350 0.639046 -1.825072
v -4.328550 0.536646 -2.215071
v -4.357050 0.530946 -2.154372
v -3.853650 0.631446 -1.771872
v -4.374650 0.527446 -2.088572
v -4.380550 0.526246 -2.020072
v -4.374650 0.527446 -1.951572
v -3.769250 0.648246 -1.951572
v -4.357050 0.530946 -1.885772
v -3.763250 0.649446 -2.020072
v -4.328550 0.536646 -1.825072
v -3.769250 0.648246 -2.088572
v -4.290150 0.544347 -1.771872
v -3.786750 0.644746 -2.154372
v -4.243450 0.553647 -1.728172
v -3.815350 0.639046 -2.215071
v -4.190050 0.564346 -1.695771
v -4.132150 0.575846 -2.364372
v -4.071950 0.587846 -2.371072
v -3.853650 0.631446 -2.268271
v -4.132150 0.575846 -1.675771
v -4.190050 0.564346 -2.344372
v -3.900450 0.622046 -2.311972
v -4.071950 0.587846 -1.669071
v -4.243450 0.553646 -2.311972
v -3.953850 0.611446 -2.344372
v -4.011750 0.599846 -1.675771
v -4.290150 0.544346 -2.268271
v -4.011750 0.599846 -2.364372
v -3.780550 0.575146 -2.088572
v -3.819250 0.536946 -2.080971
v -3.814050 0.537846 -2.020072
v -3.774550 0.576346 -2.020072
v -4.385950 0.454346 -1.951571
v -4.391850 0.453146 -2.020072
v -3.780550 0.575146 -1.951572
v -4.368350 0.457846 -1.885772
v -4.339850 0.463546 -1.825072
v -4.301450 0.471147 -1.771872
v -3.798050 0.571646 -2.154372
v -4.254650 0.480546 -1.728172
v -3.826550 0.565946 -2.215071
v -4.201350 0.491147 -1.695771
v -4.083250 0.514746 -2.371072
v -4.143450 0.502746 -2.364372
v -3.864950 0.558246 -2.268271
v -4.143450 0.502747 -1.675771
v -4.201350 0.491146 -2.344372
v -3.911750 0.548946 -2.311972
v -4.083250 0.514746 -1.669071
v -4.254650 0.480546 -2.311972
v -3.965150 0.538346 -2.344372
v -4.023050 0.526746 -1.675771
v -4.301450 0.471146 -2.268271
v -4.023050 0.526746 -2.364372
v -3.965150 0.538346 -1.695771
v -4.339850 0.463546 -2.215071
v -3.911750 0.548946 -1.728172
v -4.368350 0.457846 -2.154372
v -3.864950 0.558246 -1.771872
v -4.385950 0.454346 -2.088572
v -4.023050 0.480646 -1.675672
v -4.033350 0.501947 -1.713871
v -3.982250 0.510246 -1.731672
v -3.965550 0.490046 -1.695672
v -4.279250 0.461646 -1.799371
v -4.313150 0.456146 -1.846672
v -3.834750 0.534446 -2.139571
v -4.237950 0.468446 -1.760571
v -3.859950 0.530346 -2.193471
v -4.190850 0.476147 -1.731672
v -4.139750 0.484446 -2.326272
v -4.086550 0.493246 -2.332272
v -3.893850 0.524746 -2.240772
v -4.139750 0.484446 -1.713871
v -4.190850 0.476146 -2.308471
v -3.935150 0.517946 -2.279572
v -4.086550 0.493246 -1.707872
v -4.237950 0.468446 -2.279572
v -3.982250 0.510246 -2.308471
v -4.279250 0.461646 -2.240772
v -4.033350 0.501946 -2.326272
v -4.313150 0.456146 -2.193471
v -3.935150 0.517946 -1.760571
v -4.338350 0.451946 -2.139571
v -3.893850 0.524746 -1.799371
v -4.353850 0.449446 -2.080971
v -3.859950 0.530346 -1.846672
v -4.359050 0.448546 -2.020072
v -3.834750 0.534446 -1.900572
v -4.353850 0.449446 -1.959172
v -3.819250 0.536946 -1.959172
v -4.338350 0.451946 -1.900572
v -3.857650 0.454547 -1.771771
v -3.866150 0.506347 -1.771771
v -3.827950 0.512646 -1.824971
v -3.819550 0.460746 -1.824971
v -4.337750 0.429146 -2.215172
v -4.299650 0.435346 -2.268372
v -4.082850 0.470846 -2.371171
v -4.023050 0.480646 -2.364472
v -3.912550 0.498746 -1.728071
v -4.366050 0.424446 -2.154472
v -4.383550 0.421646 -2.088572
v -4.389450 0.420646 -2.020072
v -3.799650 0.517246 -1.885671
v -4.383550 0.421646 -1.951571
v -3.782250 0.520146 -1.951572
v -4.366050 0.424446 -1.885671
v -3.776350 0.521046 -2.020072
v -4.337750 0.429146 -1.824971
v -3.782250 0.520146 -2.088572
v -4.299650 0.435346 -1.771771
v -3.799650 0.517246 -2.154472
v -4.253150 0.442946 -1.728071
v -3.827950 0.512646 -2.215172
v -4.200150 0.451647 -1.695672
v -4.142650 0.461046 -2.364471
v -3.866150 0.506346 -2.268372
v -4.142650 0.461047 -1.675672
v -4.200150 0.451646 -2.344471
v -3.912550 0.498746 -2.312072
v -4.082850 0.470846 -1.668972
v -4.253150 0.442946 -2.312072
v -3.965550 0.490046 -2.344471
v -3.795750 0.396146 -1.958472
v -3.773750 0.468246 -1.951571
v -3.767850 0.469246 -2.020072
v -3.790450 0.396346 -2.020072
v -4.375050 0.369746 -2.088572
v -4.380950 0.368846 -2.020072
v -3.791150 0.465446 -1.885671
v -4.375050 0.369746 -1.951571
v -4.357650 0.372646 -1.885671
v -4.329250 0.377246 -1.824971
v -3.773750 0.468246 -2.088572
v -4.291150 0.383546 -1.771771
v -3.791150 0.465446 -2.154472
v -4.244750 0.391146 -1.728071
v -3.819550 0.460746 -2.215172
v -4.191750 0.399846 -1.695672
v -4.134150 0.409246 -2.364471
v -4.074350 0.419046 -2.371171
v -3.857650 0.454546 -2.268372
v -4.134150 0.409246 -1.675672
v -4.191750 0.399846 -2.344471
v -3.904050 0.446946 -2.312072
v -4.074350 0.419046 -1.668972
v -4.244750 0.391146 -2.312072
v -3.957050 0.438246 -2.344471
v -4.014550 0.428846 -1.675672
v -4.291150 0.383546 -2.268372
v -4.014550 0.428846 -2.364471
v -3.957050 0.438246 -1.695672
v -4.329250 0.377246 -2.215172
v -3.904050 0.446946 -1.728071
v -4.357650 0.372646 -2.154471
v -4.123950 0.387946 -2.329671
v -4.176350 0.386546 -2.311671
v -4.224550 0.385346 -2.282472
v -4.266850 0.384346 -2.243272
v -4.301650 0.383446 -2.195472
v -4.327350 0.382746 -2.140872
v -4.343250 0.382346 -2.081671
v -4.348650 0.382246 -2.020072
v -4.343250 0.382346 -1.958472
v -4.327350 0.382746 -1.899271
v -4.301650 0.383446 -1.844671
v -4.266850 0.384346 -1.796871
v -4.224550 0.385346 -1.757672
v -4.176350 0.386546 -1.728472
v -4.123950 0.387946 -1.710472
v -4.069550 0.389246 -1.704472
v -4.015050 0.390646 -1.710472
v -3.962750 0.391946 -1.728472
v -3.914450 0.393146 -1.757672
v -3.872150 0.394246 -1.796871
v -3.837450 0.395146 -1.844671
v -3.811650 0.395746 -1.899271
v -3.795750 0.396146 -2.081671
v -3.811650 0.395746 -2.140872
v -3.837450 0.395146 -2.195372
v -3.872150 0.394246 -2.243272
v -3.914450 0.393146 -2.282472
v -3.962750 0.391946 -2.311671
v -4.015050 0.390646 -2.329671
v -4.069550 0.389246 -2.335671
vn 0.3933 -0.9194 0.0001
vn 0.3933 -0.9194 -0.0000
vn 0.3934 -0.9194 -0.0002
vn 0.3933 -0.9194 -0.0001
vn 0.3935 -0.9193 -0.0002
vn 0.3934 -0.9194 -0.0001
vn 0.3934 -0.9194 -0.0000
vn 0.3934 -0.9194 0.0001
vn 0.3935 -0.9193 -0.0000
vn 0.3935 -0.9193 0.0001
vn 0.3930 -0.9195 0.0001
vn 0.3931 -0.9195 -0.0000
vn 0.1217 0.9915 -0.0461
vn 0.1218 0.9915 -0.0461
vn 0.1217 0.9915 -0.0460
vn 0.1216 0.9915 -0.0461
vn 0.4570 0.1954 -0.8677
vn 0.4570 0.1955 -0.8677
vn 0.4570 0.1954 -0.8678
vn 0.0965 0.0413 0.9945
vn 0.0964 0.0411 0.9945
vn 0.0965 0.0412 0.9945
vn -0.7300 -0.3124 0.6079
vn -0.7299 -0.3123 0.6080
vn 0.2843 0.1217 -0.9510
vn 0.2842 0.1216 -0.9510
vn 0.2843 0.1216 -0.9510
vn 0.2843 0.1216 0.9510
vn 0.2842 0.1216 0.9510
vn -0.6072 -0.2599 0.7509
vn -0.6072 -0.2598 0.7509
vn -0.6070 -0.2598 0.7510
vn -0.6066 -0.2602 0.7512
vn 0.0965 0.0413 -0.9945
vn 0.0964 0.0414 -0.9945
vn 0.0966 0.0413 -0.9945
vn 0.4566 0.1956 0.8679
vn 0.4570 0.1955 0.8677
vn 0.4566 0.1955 0.8679
vn -0.4570 -0.1955 0.8677
vn -0.4569 -0.1952 0.8678
vn -0.4570 -0.1954 0.8678
vn -0.0964 -0.0413 -0.9945
vn -0.0965 -0.0413 -0.9945
vn 0.6070 0.2595 0.7512
vn -0.2843 -0.1216 0.9510
vn -0.2842 -0.1216 0.9510
vn -0.2843 -0.1216 -0.9510
vn -0.2844 -0.1217 -0.9510
vn -0.2845 -0.1218 -0.9509
vn 0.7301 0.3121 0.6079
vn -0.0964 -0.0413 0.9945
vn -0.4569 -0.1952 -0.8678
vn -0.4570 -0.1955 -0.8677
vn -0.4571 -0.1951 -0.8678
vn 0.8227 0.3524 0.4461
vn 0.8229 0.3520 0.4460
vn 0.8228 0.3520 0.4462
vn 0.8228 0.3520 0.4463
vn -0.6072 -0.2598 -0.7509
vn 0.8846 0.3785 0.2724
vn -0.7299 -0.3123 -0.6080
vn -0.7299 -0.3123 -0.6081
vn 0.9156 0.3916 0.0915
vn 0.9156 0.3915 0.0915
vn 0.9156 0.3917 0.0915
vn -0.8227 -0.3520 -0.4464
vn -0.8227 -0.3522 -0.4462
vn -0.8227 -0.3521 -0.4463
vn 0.9155 0.3917 -0.0915
vn 0.9156 0.3916 -0.0915
vn -0.8846 -0.3784 -0.2724
vn -0.8847 -0.3783 -0.2724
vn -0.8847 -0.3785 -0.2723
vn -0.8847 -0.3785 -0.2722
vn 0.8846 0.3785 -0.2724
vn -0.9155 -0.3917 -0.0916
vn -0.9155 -0.3917 -0.0915
vn -0.9156 -0.3915 -0.0919
vn 0.8228 0.3523 -0.4461
vn 0.8228 0.3520 -0.4462
vn 0.8228 0.3519 -0.4463
vn 0.8228 0.3520 -0.4463
vn -0.9156 -0.3915 0.0918
vn -0.9155 -0.3918 0.0914
vn -0.9155 -0.3916 0.0916
vn -0.9155 -0.3917 0.0915
vn 0.7301 0.3121 -0.6079
vn -0.8846 -0.3785 0.2724
vn -0.8846 -0.3785 0.2723
vn 0.6070 0.2595 -0.7512
vn 0.6072 0.2598 -0.7509
vn -0.8227 -0.3520 0.4464
vn -0.8227 -0.3517 0.4466
vn 0.6235 -0.7524 -0.2124
vn 0.6235 -0.7524 -0.2125
vn 0.6235 -0.7524 -0.2123
vn -0.7842 0.6053 -0.1365
vn -0.7844 0.6050 -0.1368
vn -0.7845 0.6048 -0.1369
vn 0.1042 0.9851 -0.1368
vn -0.8011 0.5967 -0.0461
vn -0.8012 0.5966 -0.0461
vn -0.8011 0.5968 -0.0461
vn 0.0695 0.9724 -0.2226
vn -0.8012 0.5966 0.0461
vn 0.0186 0.9535 -0.3007
vn 0.0186 0.9536 -0.3005
vn 0.0188 0.9536 -0.3005
vn 0.0189 0.9536 -0.3005
vn -0.7846 0.6048 0.1368
vn -0.7844 0.6049 0.1368
vn -0.7843 0.6051 0.1369
vn -0.7845 0.6049 0.1368
vn -0.0462 0.9289 -0.3673
vn -0.0459 0.9289 -0.3674
vn -0.0464 0.9290 -0.3673
vn -0.0463 0.9289 -0.3673
vn -0.7513 0.6213 0.2226
vn -0.1221 0.8991 -0.4205
vn -0.1228 0.8990 -0.4204
vn -0.1223 0.8991 -0.4204
vn -0.1224 0.8991 -0.4203
vn -0.2991 0.8270 0.4761
vn -0.2991 0.8269 0.4761
vn -0.2991 0.8270 0.4760
vn -0.7027 0.6450 0.3003
vn -0.7027 0.6449 0.3005
vn -0.7028 0.6448 0.3005
vn -0.2079 0.8647 -0.4573
vn -0.2082 0.8646 -0.4573
vn -0.2077 0.8647 -0.4573
vn -0.2082 0.8646 0.4573
vn -0.2083 0.8646 0.4573
vn -0.2082 0.8646 0.4572
vn -0.2082 0.8647 0.4572
vn -0.6402 0.6746 0.3675
vn -0.6401 0.6747 0.3674
vn -0.6397 0.6749 0.3677
vn -0.6402 0.6747 0.3674
vn -0.2991 0.8270 -0.4761
vn -0.2991 0.8271 -0.4759
vn -0.2991 0.8269 -0.4762
vn -0.1227 0.8990 0.4204
vn -0.1222 0.8992 0.4202
vn -0.1226 0.8990 0.4204
vn -0.1226 0.8990 0.4205
vn -0.5655 0.7095 0.4204
vn -0.5655 0.7096 0.4204
vn -0.3915 0.7875 -0.4760
vn -0.3915 0.7875 -0.4761
vn -0.3915 0.7875 -0.4759
vn -0.0463 0.9290 0.3672
vn -0.0464 0.9291 0.3670
vn -0.0462 0.9289 0.3674
vn -0.0460 0.9289 0.3674
vn -0.4816 0.7477 0.4571
vn -0.4816 0.7478 0.4571
vn -0.4816 0.7477 0.4572
vn -0.4816 0.7476 -0.4573
vn -0.4816 0.7477 -0.4572
vn -0.4818 0.7478 -0.4569
vn -0.4817 0.7477 -0.4570
vn 0.0189 0.9536 0.3006
vn 0.0188 0.9536 0.3005
vn 0.0189 0.9536 0.3005
vn -0.3915 0.7875 0.4759
vn -0.3915 0.7875 0.4760
vn -0.5655 0.7096 -0.4204
vn -0.5655 0.7095 -0.4204
vn -0.5656 0.7095 -0.4204
vn 0.0696 0.9724 0.2226
vn 0.0695 0.9724 0.2226
vn 0.0696 0.9724 0.2227
vn 0.0697 0.9724 0.2226
vn -0.6401 0.6748 -0.3673
vn -0.6401 0.6748 -0.3674
vn 0.1042 0.9851 0.1368
vn 0.1041 0.9851 0.1368
vn -0.7028 0.6448 -0.3005
vn -0.7027 0.6449 -0.3005
vn -0.7027 0.6449 -0.3004
vn 0.1218 0.9915 0.0461
vn 0.1218 0.9915 0.0460
vn -0.7513 0.6212 -0.2227
vn -0.7513 0.6213 -0.2226
vn -0.7514 0.6212 -0.2227
vn 0.0526 -0.9939 0.0970
vn 0.0528 -0.9939 0.0969
vn 0.0529 -0.9939 0.0969
vn 0.5787 -0.7732 -0.2593
vn 0.5787 -0.7732 -0.2592
vn 0.5787 -0.7734 -0.2588
vn 0.5787 -0.7733 -0.2590
vn 0.0775 -0.9844 0.1577
vn 0.0776 -0.9844 0.1576
vn 0.0776 -0.9845 0.1576
vn 0.5257 -0.7974 -0.2964
vn 0.5257 -0.7975 -0.2962
vn 0.5257 -0.7974 -0.2963
vn 0.5257 -0.7973 -0.2965
vn 0.4027 -0.8518 0.3351
vn 0.4028 -0.8518 0.3349
vn 0.4029 -0.8518 0.3348
vn 0.1134 -0.9706 0.2125
vn 0.1131 -0.9706 0.2125
vn 0.1135 -0.9706 0.2124
vn 0.1136 -0.9706 0.2124
vn 0.4664 -0.8239 -0.3218
vn 0.4665 -0.8239 -0.3219
vn 0.4663 -0.8240 -0.3217
vn 0.4663 -0.8240 0.3217
vn 0.4662 -0.8241 0.3216
vn 0.1596 -0.9525 0.2592
vn 0.1596 -0.9525 0.2594
vn 0.1597 -0.9525 0.2594
vn 0.4028 -0.8518 -0.3349
vn 0.4032 -0.8517 -0.3347
vn 0.4029 -0.8518 -0.3349
vn 0.5257 -0.7974 0.2964
vn 0.5257 -0.7974 0.2963
vn 0.2139 -0.9309 0.2961
vn 0.2138 -0.9309 0.2962
vn 0.2140 -0.9309 0.2961
vn 0.3379 -0.8796 -0.3350
vn 0.3379 -0.8796 -0.3348
vn 0.3381 -0.8796 -0.3347
vn 0.3379 -0.8795 -0.3350
vn 0.5787 -0.7733 0.2592
vn 0.5788 -0.7731 0.2593
vn 0.5787 -0.7732 0.2592
vn 0.2740 -0.9063 0.3217
vn 0.2740 -0.9063 0.3218
vn 0.2741 -0.9063 -0.3218
vn 0.2740 -0.9063 -0.3217
vn 0.6235 -0.7524 0.2123
vn 0.6235 -0.7524 0.2124
vn 0.6235 -0.7524 0.2122
vn 0.3380 -0.8796 0.3347
vn 0.3379 -0.8797 0.3346
vn 0.3381 -0.8796 0.3347
vn 0.3379 -0.8796 0.3348
vn 0.2138 -0.9309 -0.2962
vn 0.6585 -0.7359 0.1576
vn 0.6586 -0.7358 0.1576
vn 0.1596 -0.9525 -0.2592
vn 0.1596 -0.9525 -0.2593
vn 0.6825 -0.7245 0.0966
vn 0.6825 -0.7245 0.0968
vn 0.6825 -0.7245 0.0969
vn 0.6824 -0.7245 0.0969
vn 0.1135 -0.9706 -0.2124
vn 0.1136 -0.9706 -0.2124
vn 0.1136 -0.9706 -0.2125
vn 0.6946 -0.7187 0.0327
vn 0.6946 -0.7186 0.0327
vn 0.6945 -0.7187 0.0327
vn 0.0776 -0.9844 -0.1576
vn 0.0777 -0.9844 -0.1576
vn 0.0775 -0.9845 -0.1576
vn 0.6946 -0.7186 -0.0327
vn 0.6946 -0.7187 -0.0327
vn 0.6945 -0.7187 -0.0327
vn 0.0528 -0.9939 -0.0969
vn 0.6824 -0.7245 -0.0969
vn 0.6824 -0.7246 -0.0967
vn 0.6828 -0.7241 -0.0972
vn 0.0402 -0.9987 -0.0327
vn 0.0406 -0.9986 -0.0329
vn 0.6585 -0.7359 -0.1576
vn 0.0402 -0.9987 0.0327
vn 0.0402 -0.9987 0.0328
vn -0.4813 0.7504 -0.4530
vn -0.4813 0.7505 -0.4530
vn -0.4814 0.7503 -0.4530
vn -0.4815 0.7502 -0.4531
vn -0.6073 -0.2597 0.7508
vn -0.6071 -0.2598 0.7510
vn -0.6072 -0.2597 0.7509
vn -0.6076 -0.2596 0.7506
vn 0.0963 0.0412 -0.9945
vn 0.0962 0.0412 -0.9945
vn 0.0968 0.0413 -0.9944
vn 0.4568 0.1953 0.8679
vn 0.4569 0.1954 0.8678
vn 0.4566 0.1953 0.8680
vn -0.4565 -0.1952 0.8680
vn -0.4568 -0.1954 0.8679
vn -0.4567 -0.1951 0.8680
vn -0.0963 -0.0413 -0.9945
vn -0.0962 -0.0413 -0.9945
vn -0.0962 -0.0412 -0.9945
vn 0.6076 0.2596 0.7506
vn 0.6072 0.2598 0.7509
vn -0.2844 -0.1217 0.9510
vn -0.2842 -0.1216 -0.9510
vn -0.2844 -0.1216 -0.9510
vn 0.7300 0.3121 0.6081
vn 0.7300 0.3123 0.6079
vn 0.7299 0.3119 0.6083
vn -0.0965 -0.0413 0.9945
vn -0.0962 -0.0413 0.9945
vn -0.0963 -0.0413 0.9945
vn -0.0962 -0.0412 0.9945
vn -0.4568 -0.1953 -0.8679
vn -0.4567 -0.1952 -0.8679
vn -0.4569 -0.1954 -0.8678
vn 0.8225 0.3522 0.4465
vn 0.8227 0.3521 0.4463
vn 0.8227 0.3520 0.4465
vn 0.8845 0.3788 0.2723
vn 0.8846 0.3785 0.2723
vn 0.8845 0.3787 0.2723
vn 0.8846 0.3788 0.2722
vn -0.7300 -0.3121 -0.6081
vn -0.7300 -0.3123 -0.6079
vn -0.7299 -0.3121 -0.6081
vn -0.7299 -0.3125 -0.6080
vn 0.9155 0.3917 0.0915
vn -0.8225 -0.3522 -0.4465
vn -0.8228 -0.3521 -0.4461
vn -0.8846 -0.3785 -0.2724
vn -0.8845 -0.3787 -0.2723
vn -0.8846 -0.3785 -0.2723
vn 0.8847 0.3785 -0.2722
vn 0.8847 0.3785 -0.2720
vn 0.8845 0.3787 -0.2723
vn 0.8843 0.3790 -0.2726
vn 0.8225 0.3522 -0.4465
vn 0.8227 0.3520 -0.4465
vn 0.8227 0.3521 -0.4463
vn 0.7300 0.3121 -0.6081
vn 0.7298 0.3122 -0.6083
vn 0.7299 0.3121 -0.6081
vn 0.7301 0.3120 -0.6079
vn -0.8846 -0.3784 0.2724
vn -0.8847 -0.3785 0.2720
vn -0.8845 -0.3788 0.2723
vn 0.6076 0.2596 -0.7506
vn -0.8228 -0.3520 0.4463
vn -0.8228 -0.3520 0.4462
vn -0.8229 -0.3519 0.4462
vn 0.4565 0.1952 -0.8680
vn 0.4568 0.1953 -0.8679
vn 0.4569 0.1954 -0.8678
vn 0.4566 0.1953 -0.8680
vn 0.0968 0.0414 0.9944
vn -0.7301 -0.3123 0.6077
vn -0.7301 -0.3120 0.6079
vn -0.7301 -0.3122 0.6078
vn -0.0842 -0.9362 -0.3413
vn -0.0844 -0.9362 -0.3413
vn -0.0843 -0.9362 -0.3413
vn 0.0144 0.9545 0.2978
vn 0.0145 0.9545 0.2980
vn 0.0144 0.9546 0.2976
vn 0.0146 0.9545 0.2978
vn -0.3918 0.7898 0.4720
vn -0.3921 0.7898 0.4717
vn -0.5644 0.7127 -0.4165
vn -0.5643 0.7127 -0.4166
vn -0.5645 0.7127 -0.4164
vn 0.0648 0.9732 0.2205
vn 0.0646 0.9732 0.2208
vn 0.0647 0.9732 0.2208
vn 0.0648 0.9733 0.2203
vn -0.6383 0.6783 -0.3641
vn -0.6383 0.6783 -0.3639
vn -0.6384 0.6783 -0.3639
vn -0.6384 0.6782 -0.3641
vn 0.0990 0.9858 0.1357
vn 0.0991 0.9858 0.1356
vn 0.0991 0.9858 0.1355
vn 0.0990 0.9858 0.1356
vn -0.7005 0.6486 -0.2978
vn -0.7004 0.6486 -0.2978
vn 0.1166 0.9921 0.0459
vn 0.1165 0.9921 0.0459
vn -0.7486 0.6252 -0.2206
vn 0.1166 0.9921 -0.0456
vn 0.1165 0.9921 -0.0459
vn 0.1165 0.9921 -0.0456
vn 0.1166 0.9921 -0.0453
vn -0.7815 0.6091 -0.1355
vn -0.7815 0.6090 -0.1356
vn -0.7814 0.6091 -0.1355
vn 0.0990 0.9858 -0.1355
vn 0.0991 0.9858 -0.1353
vn 0.0991 0.9858 -0.1354
vn 0.0990 0.9858 -0.1356
vn -0.7982 0.6007 -0.0457
vn -0.7981 0.6008 -0.0457
vn 0.0647 0.9732 -0.2208
vn 0.0649 0.9732 -0.2205
vn 0.0648 0.9732 -0.2207
vn 0.0648 0.9732 -0.2206
vn -0.7982 0.6007 0.0456
vn -0.7981 0.6008 0.0457
vn 0.0146 0.9545 -0.2979
vn 0.0146 0.9545 -0.2978
vn 0.0145 0.9546 -0.2977
vn 0.0144 0.9545 -0.2980
vn -0.7814 0.6091 0.1355
vn -0.7814 0.6091 0.1356
vn -0.7815 0.6090 0.1356
vn -0.0497 0.9301 -0.3640
vn -0.0501 0.9301 -0.3639
vn -0.7486 0.6253 0.2205
vn -0.7486 0.6252 0.2205
vn -0.7486 0.6253 0.2206
vn -0.7486 0.6252 0.2206
vn -0.1259 0.9004 -0.4165
vn -0.1257 0.9004 -0.4165
vn -0.1258 0.9004 -0.4165
vn -0.3006 0.8289 0.4717
vn -0.3005 0.8290 0.4717
vn -0.3006 0.8290 0.4717
vn -0.3010 0.8287 0.4719
vn -0.7004 0.6487 0.2977
vn -0.7004 0.6486 0.2978
vn -0.7005 0.6486 0.2977
vn -0.7004 0.6487 0.2976
vn -0.2105 0.8663 -0.4531
vn -0.2105 0.8663 -0.4530
vn -0.2106 0.8663 -0.4530
vn -0.2107 0.8662 0.4532
vn -0.2105 0.8664 0.4529
vn -0.2105 0.8662 0.4531
vn -0.2105 0.8663 0.4530
vn -0.6383 0.6782 0.3642
vn -0.6385 0.6780 0.3642
vn -0.6382 0.6783 0.3641
vn -0.6384 0.6782 0.3640
vn -0.3005 0.8290 -0.4717
vn -0.1258 0.9004 0.4165
vn -0.1259 0.9004 0.4165
vn -0.1257 0.9004 0.4165
vn -0.5644 0.7127 0.4165
vn -0.5643 0.7127 0.4167
vn -0.5643 0.7127 0.4166
vn -0.3918 0.7898 -0.4720
vn -0.3917 0.7898 -0.4720
vn -0.3918 0.7898 -0.4719
vn -0.0497 0.9301 0.3640
vn -0.0501 0.9301 0.3639
vn -0.4812 0.7505 0.4530
vn -0.4813 0.7504 0.4530
vn -0.4810 0.7506 0.4530
vn -0.9156 -0.3916 -0.0915
vn -0.9156 -0.3915 -0.0914
vn 0.8459 -0.5307 0.0523
vn 0.8458 -0.5310 0.0522
vn 0.8458 -0.5309 0.0523
vn 0.8460 -0.5307 0.0523
vn -0.1415 -0.9572 -0.2526
vn -0.1414 -0.9572 -0.2525
vn -0.1415 -0.9572 -0.2527
vn 0.8459 -0.5308 -0.0523
vn 0.8458 -0.5309 -0.0523
vn 0.8460 -0.5307 -0.0523
vn -0.1807 -0.9712 -0.1550
vn -0.1803 -0.9713 -0.1551
vn -0.1806 -0.9712 -0.1552
vn -0.1807 -0.9712 -0.1551
vn 0.8272 -0.5401 -0.1551
vn 0.8271 -0.5402 -0.1551
vn -0.2008 -0.9782 -0.0526
vn -0.2008 -0.9782 -0.0527
vn -0.2009 -0.9782 -0.0526
vn 0.7900 -0.5586 -0.2527
vn 0.7901 -0.5585 -0.2527
vn 0.7901 -0.5585 -0.2525
vn -0.2009 -0.9782 0.0526
vn -0.2006 -0.9783 0.0525
vn -0.2008 -0.9782 0.0526
vn -0.2008 -0.9782 0.0525
vn 0.7354 -0.5853 -0.3414
vn 0.7353 -0.5855 -0.3413
vn 0.7353 -0.5857 -0.3411
vn 0.7354 -0.5853 -0.3413
vn -0.1805 -0.9712 0.1554
vn -0.1805 -0.9713 0.1551
vn -0.1803 -0.9713 0.1551
vn 0.6646 -0.6194 -0.4179
vn 0.6646 -0.6194 -0.4178
vn 0.6646 -0.6195 -0.4177
vn -0.1415 -0.9571 0.2527
vn -0.1415 -0.9572 0.2525
vn -0.1415 -0.9572 0.2526
vn -0.1415 -0.9571 0.2528
vn 0.5801 -0.6593 -0.4783
vn 0.5798 -0.6593 -0.4788
vn 0.5801 -0.6593 -0.4784
vn 0.3823 -0.7481 0.5424
vn 0.3823 -0.7481 0.5423
vn 0.3822 -0.7481 0.5425
vn -0.0842 -0.9362 0.3413
vn -0.0841 -0.9361 0.3415
vn -0.0843 -0.9362 0.3413
vn 0.4848 -0.7028 -0.5207
vn 0.4847 -0.7028 0.5207
vn 0.4848 -0.7029 0.5205
vn 0.4848 -0.7028 0.5206
vn 0.4848 -0.7027 0.5207
vn -0.0108 -0.9084 0.4179
vn -0.0106 -0.9084 0.4179
vn -0.0107 -0.9084 0.4179
vn -0.0108 -0.9085 0.4177
vn 0.3823 -0.7481 -0.5424
vn 0.3823 -0.7481 -0.5423
vn 0.5800 -0.6593 0.4785
vn 0.5801 -0.6592 0.4784
vn 0.5800 -0.6593 0.4784
vn 0.0763 -0.8748 0.4784
vn 0.0762 -0.8748 0.4784
vn 0.2770 -0.7931 -0.5424
vn 0.2771 -0.7932 -0.5423
vn 0.2772 -0.7932 -0.5422
vn 0.6646 -0.6196 0.4176
vn 0.6646 -0.6196 0.4177
vn 0.6646 -0.6195 0.4177
vn 0.1735 -0.8359 0.5207
vn 0.1737 -0.8360 -0.5206
vn 0.1737 -0.8360 -0.5205
vn 0.1738 -0.8360 -0.5205
vn 0.7354 -0.5853 0.3414
vn 0.7352 -0.5856 0.3413
vn 0.7354 -0.5854 0.3414
vn 0.2770 -0.7931 0.5424
vn 0.2771 -0.7932 0.5423
vn 0.2772 -0.7932 0.5422
vn 0.2769 -0.7932 0.5424
vn 0.0762 -0.8748 -0.4785
vn 0.0762 -0.8748 -0.4784
vn 0.7899 -0.5588 0.2526
vn 0.7899 -0.5587 0.2527
vn 0.7899 -0.5590 0.2523
vn -0.0108 -0.9084 -0.4179
vn -0.0110 -0.9084 -0.4180
vn -0.0107 -0.9084 -0.4179
vn -0.0106 -0.9084 -0.4179
vn 0.8272 -0.5401 0.1551
vn -0.7937 0.5491 0.2618
vn -0.7937 0.5493 0.2614
vn 0.8226 0.3521 -0.4464
vn 0.8227 0.3520 -0.4463
vn -0.9155 -0.3918 0.0915
vn -0.9156 -0.3916 0.0915
vn -0.9155 -0.3919 0.0916
vn 0.7300 0.3125 -0.6079
vn 0.7299 0.3122 -0.6081
vn 0.7300 0.3124 -0.6079
vn 0.7299 0.3124 -0.6080
vn -0.8227 -0.3520 0.4463
vn -0.8227 -0.3521 0.4464
vn -0.8227 -0.3521 0.4463
vn 0.4571 0.1956 -0.8677
vn 0.4570 0.1957 -0.8677
vn 0.4571 0.1956 -0.8676
vn 0.4571 0.1955 -0.8677
vn -0.7299 -0.3121 0.6081
vn -0.7299 -0.3124 0.6080
vn 0.2843 0.1220 -0.9509
vn 0.2842 0.1215 -0.9510
vn 0.2843 0.1220 0.9509
vn -0.6070 -0.2597 0.7510
vn -0.6071 -0.2597 0.7510
vn -0.6070 -0.2596 0.7511
vn 0.0964 0.0412 -0.9945
vn 0.4570 0.1956 0.8677
vn 0.4571 0.1956 0.8677
vn 0.4569 0.1957 0.8678
vn -0.4571 -0.1955 0.8677
vn -0.4571 -0.1956 0.8677
vn -0.0966 -0.0414 -0.9945
vn -0.2844 -0.1218 0.9509
vn -0.2842 -0.1215 0.9510
vn -0.2844 -0.1218 -0.9509
vn 0.7300 0.3124 0.6079
vn 0.7299 0.3124 0.6080
vn 0.7298 0.3122 0.6082
vn 0.7299 0.3122 0.6081
vn -0.0966 -0.0413 0.9945
vn -0.0964 -0.0412 0.9945
vn -0.4571 -0.1955 -0.8677
vn -0.4572 -0.1955 -0.8676
vn 0.8227 0.3520 0.4463
vn 0.8229 0.3519 0.4462
vn -0.6072 -0.2599 -0.7508
vn -0.6067 -0.2594 -0.7514
vn -0.6071 -0.2598 -0.7510
vn -0.6074 -0.2599 -0.7507
vn 0.8845 0.3789 0.2722
vn -0.7300 -0.3124 -0.6079
vn 0.9156 0.3915 0.0914
vn -0.8227 -0.3520 -0.4463
vn -0.8228 -0.3519 -0.4463
vn 0.9156 0.3915 -0.0914
vn 0.8845 0.3789 -0.2722
vn 0.8846 0.3784 -0.2725
vn -0.0605 -0.9911 -0.1182
vn -0.0606 -0.9911 -0.1184
vn -0.0604 -0.9911 -0.1185
vn -0.1661 0.9238 -0.3449
vn -0.2969 0.8454 0.4441
vn -0.2969 0.8454 0.4440
vn -0.2968 0.8454 0.4440
vn -0.7313 0.5873 0.3468
vn -0.7313 0.5873 0.3469
vn -0.2244 0.8884 -0.4004
vn -0.2245 0.8884 -0.4004
vn -0.2244 0.8884 0.4004
vn -0.6536 0.6344 0.4128
vn -0.2972 0.8451 -0.4444
vn -0.2969 0.8454 -0.4440
vn -0.1661 0.9238 0.3449
vn -0.5653 0.6872 0.4563
vn -0.3810 0.7960 -0.4704
vn -0.1223 0.9514 0.2825
vn -0.4725 0.7423 0.4752
vn -0.4723 0.7422 0.4754
vn -0.4723 0.7423 0.4754
vn -0.4723 0.7422 -0.4755
vn -0.4723 0.7422 -0.4754
vn -0.4724 0.7422 -0.4753
vn -0.0919 0.9717 0.2176
vn -0.0919 0.9717 0.2177
vn -0.0919 0.9717 0.2178
vn -0.3810 0.7960 0.4703
vn -0.3810 0.7960 0.4704
vn -0.5653 0.6872 -0.4563
vn -0.0725 0.9855 0.1533
vn -0.0725 0.9855 0.1534
vn -0.6536 0.6344 -0.4128
vn -0.0615 0.9940 0.0908
vn -0.7313 0.5873 -0.3467
vn -0.7313 0.5873 -0.3468
vn -0.0566 0.9979 0.0300
vn -0.7937 0.5493 -0.2614
vn -0.7937 0.5491 -0.2618
vn -0.7936 0.5492 -0.2618
vn -0.0566 0.9979 -0.0300
vn -0.0565 0.9979 -0.0300
vn -0.8371 0.5223 -0.1627
vn -0.8371 0.5223 -0.1628
vn -0.0615 0.9940 -0.0908
vn -0.0614 0.9940 -0.0907
vn -0.8592 0.5087 -0.0554
vn -0.8593 0.5085 -0.0554
vn -0.8591 0.5088 -0.0554
vn -0.8593 0.5085 -0.0552
vn -0.0725 0.9855 -0.1534
vn -0.0726 0.9855 -0.1534
vn -0.8594 0.5083 0.0551
vn -0.8595 0.5082 0.0549
vn -0.8594 0.5083 0.0550
vn -0.8593 0.5085 0.0552
vn -0.0918 0.9717 -0.2177
vn -0.0919 0.9717 -0.2177
vn -0.8371 0.5223 0.1628
vn -0.8371 0.5222 0.1628
vn -0.1223 0.9514 -0.2826
vn -0.1223 0.9514 -0.2825
vn -0.9155 -0.2968 0.2716
vn -0.9155 -0.2969 0.2716
vn -0.9155 -0.2967 0.2717
vn 0.7042 -0.7009 -0.1133
vn 0.7042 -0.7010 -0.1131
vn 0.7043 -0.7008 -0.1135
vn -0.0766 -0.9963 -0.0401
vn -0.0763 -0.9963 -0.0399
vn -0.0763 -0.9963 -0.0400
vn -0.0764 -0.9963 -0.0399
vn 0.6763 -0.7132 -0.1842
vn 0.6765 -0.7130 -0.1842
vn 0.6767 -0.7128 -0.1841
vn 0.6764 -0.7131 -0.1842
vn -0.0761 -0.9963 0.0400
vn -0.0764 -0.9963 0.0399
vn 0.6360 -0.7305 -0.2488
vn 0.6359 -0.7305 -0.2491
vn 0.6359 -0.7305 -0.2490
vn 0.6359 -0.7305 -0.2489
vn -0.0600 -0.9912 0.1180
vn -0.0605 -0.9911 0.1182
vn -0.0604 -0.9911 0.1185
vn 0.5835 -0.7526 -0.3052
vn 0.5835 -0.7525 -0.3054
vn 0.5835 -0.7526 -0.3051
vn -0.0293 -0.9810 0.1920
vn 0.5210 -0.7783 -0.3505
vn 0.5208 -0.7786 -0.3501
vn 0.5210 -0.7783 -0.3504
vn 0.5211 -0.7783 -0.3502
vn 0.3735 -0.8370 0.3998
vn 0.3735 -0.8371 0.3997
vn 0.3734 -0.8371 0.3997
vn 0.0161 -0.9659 0.2583
vn 0.0160 -0.9659 0.2583
vn 0.0161 -0.9659 0.2584
vn 0.4502 -0.8070 -0.3822
vn 0.4501 -0.8071 -0.3821
vn 0.4504 -0.8070 -0.3820
vn 0.4502 -0.8069 -0.3823
vn 0.4499 -0.8071 0.3822
vn 0.4501 -0.8070 0.3823
vn 0.4500 -0.8072 0.3822
vn 0.4499 -0.8072 0.3822
vn 0.0739 -0.9464 0.3145
vn 0.0741 -0.9463 0.3146
vn 0.0737 -0.9463 0.3147
vn 0.0734 -0.9464 0.3146
vn 0.3734 -0.8371 -0.3997
vn 0.3732 -0.8371 -0.3999
vn 0.3734 -0.8370 -0.4000
vn 0.3740 -0.8371 -0.3993
vn 0.5207 -0.7786 0.3503
vn 0.5212 -0.7781 0.3505
vn 0.5208 -0.7785 0.3503
vn 0.5208 -0.7785 0.3504
vn 0.1413 -0.9230 0.3580
vn 0.1413 -0.9230 0.3579
vn 0.1412 -0.9229 0.3581
vn 0.2942 -0.8672 -0.4017
vn 0.2943 -0.8672 -0.4016
vn 0.2943 -0.8672 -0.4017
vn 0.2943 -0.8673 -0.4016
vn 0.5834 -0.7526 0.3054
vn 0.5835 -0.7526 0.3052
vn 0.5833 -0.7526 0.3055
vn 0.2158 -0.8962 0.3876
vn 0.2158 -0.8963 0.3875
vn 0.2158 -0.8962 -0.3876
vn 0.2157 -0.8962 -0.3876
vn 0.6360 -0.7304 0.2489
vn 0.6359 -0.7305 0.2491
vn 0.6359 -0.7307 0.2486
vn 0.2942 -0.8673 0.4016
vn 0.2943 -0.8672 0.4016
vn 0.2942 -0.8674 0.4014
vn 0.1411 -0.9229 -0.3583
vn 0.1409 -0.9229 -0.3584
vn 0.1411 -0.9229 -0.3582
vn 0.1412 -0.9229 -0.3583
vn 0.6767 -0.7128 0.1841
vn 0.6765 -0.7130 0.1842
vn 0.6763 -0.7132 0.1842
vn 0.0735 -0.9463 -0.3147
vn 0.0734 -0.9464 -0.3146
vn 0.0737 -0.9463 -0.3147
vn 0.0737 -0.9464 -0.3144
vn 0.7042 -0.7010 0.1131
vn 0.7042 -0.7009 0.1132
vn 0.0161 -0.9659 -0.2585
vn 0.0160 -0.9659 -0.2585
vn 0.0160 -0.9659 -0.2583
vn 0.7181 -0.6949 0.0381
vn 0.7182 -0.6948 0.0380
vn 0.7180 -0.6950 0.0382
vn -0.0293 -0.9810 -0.1920
vn 0.7181 -0.6949 -0.0381
vn 0.7182 -0.6948 -0.0380
vn -0.6442 0.6293 0.4347
vn -0.6444 0.6291 0.4347
vn -0.6443 0.6292 0.4347
vn 0.6292 0.2038 -0.7500
vn 0.6292 0.2037 -0.7501
vn 0.6293 0.2039 -0.7500
vn -0.8518 -0.2761 0.4451
vn -0.8517 -0.2760 0.4454
vn -0.8516 -0.2762 0.4454
vn 0.4738 0.1537 -0.8671
vn 0.4738 0.1536 -0.8671
vn 0.1003 0.0325 0.9944
vn 0.1003 0.0326 0.9944
vn 0.1004 0.0325 0.9944
vn -0.7559 -0.2451 0.6071
vn -0.7560 -0.2451 0.6069
vn -0.7559 -0.2450 0.6071
vn -0.7560 -0.2450 0.6070
vn 0.2949 0.0957 -0.9507
vn 0.2948 0.0956 -0.9508
vn 0.2950 0.0958 0.9507
vn 0.2946 0.0956 0.9508
vn 0.2949 0.0957 0.9507
vn 0.2953 0.0960 0.9506
vn -0.6292 -0.2039 0.7500
vn -0.6292 -0.2041 0.7500
vn 0.1003 0.0325 -0.9944
vn 0.1003 0.0326 -0.9944
vn 0.1004 0.0325 -0.9944
vn 0.4738 0.1537 0.8671
vn 0.4739 0.1537 0.8671
vn -0.4738 -0.1537 0.8671
vn -0.4738 -0.1536 0.8671
vn -0.1003 -0.0325 -0.9944
vn -0.1003 -0.0326 -0.9944
vn -0.1004 -0.0325 -0.9944
vn 0.6292 0.2039 0.7500
vn -0.2951 -0.0957 0.9506
vn -0.2948 -0.0956 0.9508
vn -0.2951 -0.0957 0.9507
vn -0.2952 -0.0958 0.9506
vn -0.2951 -0.0957 -0.9507
vn -0.2948 -0.0956 -0.9508
vn 0.7560 0.2453 0.6068
vn 0.7560 0.2454 0.6068
vn 0.7561 0.2456 0.6067
vn 0.7560 0.2452 0.6069
vn -0.1003 -0.0325 0.9944
vn -0.1004 -0.0325 0.9944
vn -0.1003 -0.0326 0.9944
vn -0.4738 -0.1532 -0.8672
vn -0.4738 -0.1536 -0.8671
vn -0.4738 -0.1537 -0.8671
vn 0.8517 0.2758 0.4455
vn 0.8518 0.2762 0.4452
vn 0.8518 0.2759 0.4454
vn 0.8518 0.2757 0.4455
vn -0.6292 -0.2039 -0.7500
vn -0.6293 -0.2037 -0.7500
vn 0.9154 0.2967 0.2721
vn 0.9155 0.2967 0.2717
vn 0.9155 0.2967 0.2718
vn -0.7559 -0.2450 -0.6071
vn -0.7560 -0.2450 -0.6070
vn -0.7562 -0.2451 -0.6067
vn -0.7560 -0.2452 -0.6069
vn 0.9473 0.3072 0.0913
vn 0.9473 0.3070 0.0913
vn 0.9473 0.3071 0.0913
vn -0.8517 -0.2761 -0.4454
vn -0.8518 -0.2760 -0.4452
vn -0.8518 -0.2761 -0.4451
vn 0.9471 0.3077 -0.0913
vn 0.9471 0.3075 -0.0915
vn 0.9472 0.3073 -0.0914
vn 0.9473 0.3070 -0.0913
vn -0.9154 -0.2967 -0.2721
vn -0.9156 -0.2965 -0.2717
vn -0.9155 -0.2967 -0.2718
vn -0.9155 -0.2967 -0.2717
vn 0.9154 0.2967 -0.2721
vn 0.9154 0.2967 -0.2719
vn 0.9156 0.2964 -0.2717
vn -0.9473 -0.3069 -0.0913
vn -0.9473 -0.3070 -0.0913
vn -0.9474 -0.3068 -0.0913
vn 0.8518 0.2759 -0.4454
vn 0.8518 0.2757 -0.4455
vn 0.8517 0.2758 -0.4455
vn 0.8518 0.2762 -0.4452
vn -0.9474 -0.3068 0.0913
vn -0.9473 -0.3070 0.0913
vn -0.9473 -0.3069 0.0913
vn 0.7560 0.2452 -0.6069
vn 0.7561 0.2451 -0.6068
vn 0.7559 0.2457 -0.6068
vn 0.2536 -0.8596 0.4436
vn 0.2537 -0.8597 0.4435
vn 0.2535 -0.8596 0.4437
vn -0.2574 0.8352 -0.4859
vn -0.2574 0.8353 -0.4859
vn -0.1073 0.9170 0.3842
vn -0.5511 0.6792 0.4846
vn -0.5511 0.6792 0.4847
vn -0.5509 0.6792 0.4849
vn -0.3512 0.7854 -0.5097
vn -0.0554 0.9468 0.3171
vn -0.4512 0.7323 0.5101
vn -0.4512 0.7324 0.5099
vn -0.4511 0.7323 0.5101
vn -0.4512 0.7324 -0.5099
vn -0.4512 0.7324 -0.5100
vn -0.0186 0.9691 0.2460
vn -0.0186 0.9691 0.2459
vn -0.3512 0.7854 0.5097
vn -0.5511 0.6791 -0.4848
vn -0.5511 0.6792 -0.4847
vn -0.5511 0.6792 -0.4848
vn 0.0055 0.9847 0.1741
vn -0.6442 0.6290 -0.4350
vn -0.6444 0.6291 -0.4347
vn -0.6444 0.6291 -0.4346
vn 0.0195 0.9944 0.1035
vn -0.7254 0.5852 -0.3624
vn -0.7254 0.5853 -0.3624
vn 0.0257 0.9991 0.0343
vn 0.0258 0.9991 0.0343
vn 0.0259 0.9991 0.0343
vn -0.7896 0.5500 -0.2721
vn -0.7895 0.5501 -0.2721
vn 0.0258 0.9991 -0.0343
vn 0.0260 0.9991 -0.0343
vn 0.0262 0.9991 -0.0342
vn -0.8339 0.5255 -0.1688
vn -0.8338 0.5257 -0.1685
vn -0.8338 0.5257 -0.1684
vn 0.0195 0.9944 -0.1035
vn -0.8564 0.5131 -0.0570
vn -0.8564 0.5132 -0.0571
vn -0.8566 0.5129 -0.0568
vn 0.0055 0.9847 -0.1741
vn -0.8564 0.5131 0.0570
vn -0.8564 0.5132 0.0571
vn -0.0186 0.9691 -0.2460
vn -0.0186 0.9691 -0.2459
vn -0.8338 0.5257 0.1688
vn -0.8338 0.5257 0.1685
vn -0.0554 0.9468 -0.3171
vn -0.7897 0.5499 0.2720
vn -0.7895 0.5501 0.2721
vn -0.7898 0.5498 0.2719
vn -0.1073 0.9170 -0.3841
vn -0.1073 0.9170 -0.3842
vn -0.2576 0.8353 0.4857
vn -0.2574 0.8353 0.4859
vn -0.7253 0.5853 0.3626
vn -0.7254 0.5852 0.3624
vn -0.1749 0.8796 -0.4423
vn -0.1749 0.8796 0.4423
vn -0.1749 0.8797 0.4423
vn -0.8766 -0.1903 -0.4419
vn -0.8766 -0.1903 -0.4420
vn -0.8765 -0.1903 -0.4422
vn -0.8767 -0.1902 -0.4419
vn 0.0785 -0.9133 -0.3997
vn 0.6729 -0.7129 0.1973
vn 0.6729 -0.7130 0.1973
vn 0.6729 -0.7129 0.1974
vn 0.6730 -0.7129 0.1973
vn 0.0003 -0.9359 -0.3524
vn 0.0002 -0.9358 -0.3526
vn 0.0002 -0.9358 -0.3525
vn -0.0000 -0.9358 -0.3525
vn 0.7021 -0.7018 0.1210
vn 0.7020 -0.7018 0.1209
vn 0.7022 -0.7016 0.1209
vn 0.7021 -0.7017 0.1208
vn -0.0671 -0.9545 -0.2905
vn -0.0670 -0.9546 -0.2904
vn -0.0672 -0.9545 -0.2905
vn 0.7168 -0.6961 0.0406
vn 0.7169 -0.6960 0.0408
vn 0.7169 -0.6960 0.0407
vn 0.7168 -0.6961 0.0407
vn -0.1203 -0.9688 -0.2165
vn 0.7169 -0.6960 -0.0407
vn 0.7169 -0.6959 -0.0409
vn 0.7169 -0.6960 -0.0408
vn -0.1572 -0.9785 -0.1337
vn -0.1571 -0.9785 -0.1336
vn -0.1571 -0.9785 -0.1337
vn 0.7021 -0.7017 -0.1207
vn 0.7021 -0.7017 -0.1208
vn 0.7023 -0.7016 -0.1207
vn 0.7022 -0.7017 -0.1208
vn -0.1758 -0.9834 -0.0451
vn -0.1757 -0.9834 -0.0452
vn -0.1761 -0.9833 -0.0449
vn -0.1759 -0.9834 -0.0451
vn 0.6730 -0.7128 -0.1973
vn 0.6730 -0.7129 -0.1972
vn 0.6729 -0.7129 -0.1973
vn -0.1758 -0.9834 0.0449
vn -0.1757 -0.9834 0.0449
vn -0.1761 -0.9833 0.0451
vn -0.1759 -0.9834 0.0451
vn 0.6293 -0.7295 -0.2681
vn 0.6296 -0.7293 -0.2678
vn 0.6293 -0.7296 -0.2677
vn 0.6294 -0.7296 -0.2675
vn -0.1571 -0.9785 0.1335
vn -0.1570 -0.9785 0.1336
vn -0.1570 -0.9785 0.1337
vn -0.1571 -0.9785 0.1338
vn 0.5735 -0.7501 -0.3293
vn 0.5733 -0.7502 -0.3294
vn 0.5734 -0.7502 -0.3293
vn -0.1203 -0.9688 0.2165
vn -0.1203 -0.9688 0.2168
vn -0.1201 -0.9688 0.2166
vn -0.1201 -0.9689 0.2165
vn 0.5054 -0.7747 -0.3801
vn 0.5053 -0.7747 -0.3802
vn 0.5052 -0.7747 -0.3802
vn 0.5053 -0.7748 -0.3800
vn 0.3424 -0.8308 0.4388
vn 0.3425 -0.8307 0.4389
vn 0.3426 -0.8307 0.4389
vn -0.0670 -0.9546 0.2904
vn -0.0667 -0.9547 0.2900
vn -0.0670 -0.9545 0.2904
vn -0.0671 -0.9545 0.2905
vn 0.4274 -0.8021 -0.4172
vn 0.4275 -0.8020 -0.4172
vn 0.4274 -0.8020 -0.4172
vn 0.4273 -0.8021 -0.4172
vn 0.4273 -0.8021 0.4172
vn 0.4274 -0.8021 0.4172
vn 0.4275 -0.8019 0.4172
vn 0.0001 -0.9358 0.3526
vn 0.0001 -0.9357 0.3528
vn 0.0002 -0.9357 0.3527
vn 0.0002 -0.9358 0.3525
vn 0.3425 -0.8307 -0.4389
vn 0.3426 -0.8307 -0.4389
vn 0.5052 -0.7748 0.3800
vn 0.5052 -0.7748 0.3801
vn 0.5052 -0.7747 0.3804
vn 0.0785 -0.9133 0.3997
vn 0.2536 -0.8596 -0.4437
vn 0.2536 -0.8596 -0.4436
vn 0.2535 -0.8596 -0.4437
vn 0.5734 -0.7502 0.3293
vn 0.5733 -0.7502 0.3294
vn 0.1643 -0.8875 0.4304
vn 0.1643 -0.8875 0.4305
vn 0.1642 -0.8876 0.4304
vn 0.1643 -0.8875 -0.4305
vn 0.1642 -0.8875 -0.4306
vn 0.6294 -0.7294 0.2679
vn 0.6300 -0.7290 0.2679
vn 0.6296 -0.7293 0.2678
vn 0.6294 -0.7295 0.2677
vn -0.7811 0.6224 0.0499
vn -0.7812 0.6223 0.0498
vn 0.9732 0.2115 -0.0904
vn 0.9732 0.2112 -0.0905
vn 0.9732 0.2113 -0.0904
vn -0.9411 -0.2046 -0.2693
vn -0.9411 -0.2045 -0.2693
vn 0.9411 0.2044 -0.2695
vn 0.9411 0.2044 -0.2693
vn -0.9732 -0.2115 -0.0904
vn -0.9732 -0.2115 -0.0902
vn -0.9732 -0.2113 -0.0906
vn 0.8765 0.1904 -0.4422
vn 0.8766 0.1902 -0.4420
vn -0.9732 -0.2115 0.0904
vn -0.9732 -0.2113 0.0904
vn -0.9732 -0.2113 0.0905
vn 0.7793 0.1691 -0.6034
vn 0.7794 0.1690 -0.6033
vn 0.7794 0.1691 -0.6033
vn 0.7793 0.1692 -0.6034
vn -0.9411 -0.2046 0.2694
vn -0.9411 -0.2044 0.2694
vn 0.6497 0.1407 -0.7470
vn 0.6498 0.1407 -0.7470
vn 0.6496 0.1408 -0.7471
vn -0.8766 -0.1902 0.4419
vn -0.8766 -0.1902 0.4420
vn -0.8765 -0.1904 0.4422
vn -0.8767 -0.1902 0.4419
vn 0.4900 0.1064 -0.8652
vn 0.4901 0.1064 -0.8651
vn 0.4899 0.1060 -0.8653
vn 0.1037 0.0225 0.9943
vn 0.1040 0.0225 0.9943
vn 0.1038 0.0225 0.9943
vn -0.7794 -0.1691 0.6033
vn -0.7793 -0.1692 0.6034
vn 0.3055 0.0664 -0.9499
vn 0.3054 0.0663 -0.9499
vn 0.3055 0.0664 0.9499
vn 0.3054 0.0663 0.9499
vn 0.3058 0.0666 0.9498
vn -0.6497 -0.1410 0.7470
vn -0.6497 -0.1406 0.7471
vn -0.6497 -0.1411 0.7470
vn 0.1036 0.0224 -0.9944
vn 0.1033 0.0224 -0.9944
vn 0.1037 0.0224 -0.9944
vn 0.1040 0.0225 -0.9943
vn 0.4900 0.1064 0.8652
vn 0.4901 0.1064 0.8651
vn 0.4902 0.1064 0.8651
vn -0.4901 -0.1064 0.8652
vn -0.4902 -0.1065 0.8651
vn -0.4901 -0.1065 0.8651
vn -0.1038 -0.0225 -0.9943
vn 0.6497 0.1407 0.7470
vn 0.6497 0.1412 0.7470
vn 0.6498 0.1408 0.7470
vn -0.3059 -0.0663 0.9497
vn -0.3056 -0.0663 0.9498
vn -0.3059 -0.0663 -0.9497
vn -0.3056 -0.0663 -0.9498
vn 0.7793 0.1692 0.6034
vn -0.1038 -0.0225 0.9943
vn -0.1039 -0.0225 0.9943
vn -0.4899 -0.1061 -0.8653
vn -0.4902 -0.1065 -0.8651
vn -0.4898 -0.1062 -0.8653
vn 0.8765 0.1904 0.4422
vn 0.8766 0.1903 0.4420
vn 0.8765 0.1903 0.4421
vn -0.6497 -0.1406 -0.7471
vn 0.9410 0.2045 0.2695
vn 0.9411 0.2044 0.2695
vn 0.9410 0.2045 0.2694
vn 0.9409 0.2050 0.2696
vn -0.7793 -0.1692 -0.6034
vn -0.7794 -0.1691 -0.6033
vn 0.9733 0.2110 0.0903
vn 0.9732 0.2112 0.0905
vn 0.9732 0.2115 0.0904
vn 0.9732 0.2115 0.0902
vn 0.2966 -0.7854 0.5434
vn 0.2966 -0.7854 0.5433
vn 0.2965 -0.7853 0.5434
vn -0.1223 0.9819 -0.1448
vn -0.7599 0.6331 0.1471
vn -0.7599 0.6332 0.1471
vn -0.1313 0.9707 -0.2011
vn -0.1316 0.9707 -0.2011
vn -0.1316 0.9707 -0.2010
vn -0.7182 0.6544 0.2365
vn -0.7182 0.6545 0.2363
vn -0.7181 0.6545 0.2363
vn -0.1546 0.9528 -0.2612
vn -0.1546 0.9528 -0.2613
vn -0.2527 0.8942 0.3696
vn -0.6582 0.6850 0.3123
vn -0.6582 0.6850 0.3122
vn -0.1947 0.9273 -0.3197
vn -0.1947 0.9273 0.3196
vn -0.1947 0.9273 0.3197
vn -0.5832 0.7231 0.3701
vn -0.5833 0.7230 0.3702
vn -0.2527 0.8942 -0.3696
vn -0.2528 0.8941 -0.3696
vn -0.1546 0.9528 0.2611
vn -0.1546 0.9528 0.2612
vn -0.4987 0.7657 0.4061
vn -0.4986 0.7660 0.4058
vn -0.3263 0.8546 -0.4039
vn -0.3263 0.8546 -0.4040
vn -0.1317 0.9707 0.2011
vn -0.1316 0.9707 0.2011
vn -0.1315 0.9707 0.2011
vn -0.4106 0.8109 0.4170
vn -0.4106 0.8109 -0.4169
vn -0.4106 0.8109 -0.4170
vn -0.1223 0.9819 0.1448
vn -0.1223 0.9819 0.1447
vn -0.3263 0.8546 0.4039
vn -0.3264 0.8546 0.4039
vn -0.4986 0.7660 -0.4058
vn -0.4986 0.7660 -0.4057
vn -0.1217 0.9880 0.0955
vn -0.1215 0.9880 0.0955
vn -0.5833 0.7230 -0.3702
vn -0.1248 0.9907 0.0536
vn -0.6582 0.6850 -0.3123
vn -0.1275 0.9917 0.0172
vn -0.1274 0.9917 0.0171
vn -0.7182 0.6545 -0.2364
vn -0.7182 0.6545 -0.2363
vn -0.7180 0.6547 -0.2363
vn -0.1275 0.9917 -0.0172
vn -0.7599 0.6332 -0.1471
vn -0.7598 0.6333 -0.1474
vn -0.7598 0.6332 -0.1471
vn -0.1248 0.9907 -0.0537
vn -0.1248 0.9907 -0.0536
vn -0.7812 0.6223 -0.0496
vn -0.7812 0.6223 -0.0499
vn -0.7811 0.6224 -0.0499
vn -0.1217 0.9880 -0.0955
vn 0.6708 0.0548 0.7396
vn 0.6707 0.0548 0.7397
vn -0.2473 -0.8939 0.3739
vn -0.2473 -0.8939 0.3738
vn 0.4032 -0.7592 -0.5110
vn 0.4036 -0.7589 -0.5110
vn 0.4035 -0.7589 -0.5111
vn 0.4034 -0.7590 0.5111
vn 0.4034 -0.7589 0.5111
vn 0.4035 -0.7589 0.5111
vn 0.4035 -0.7590 0.5110
vn -0.1555 -0.8787 0.4514
vn -0.1554 -0.8787 0.4514
vn -0.1556 -0.8787 0.4514
vn 0.2966 -0.7854 -0.5434
vn 0.2966 -0.7854 -0.5433
vn 0.2965 -0.7853 -0.5434
vn 0.4995 -0.7338 0.4606
vn 0.4993 -0.7338 0.4607
vn 0.4996 -0.7337 0.4606
vn 0.4997 -0.7337 0.4605
vn -0.0499 -0.8595 0.5087
vn 0.1821 -0.8118 -0.5547
vn 0.1821 -0.8118 -0.5548
vn 0.1822 -0.8119 -0.5547
vn 0.1822 -0.8119 -0.5546
vn 0.5812 -0.7112 0.3954
vn 0.5811 -0.7112 0.3955
vn 0.5813 -0.7112 0.3955
vn 0.0643 -0.8369 0.5436
vn 0.0646 -0.8370 0.5434
vn 0.0644 -0.8369 0.5436
vn 0.0647 -0.8369 0.5435
vn 0.0643 -0.8369 -0.5436
vn 0.0648 -0.8369 -0.5435
vn 0.0647 -0.8369 -0.5435
vn 0.6477 -0.6920 0.3187
vn 0.6477 -0.6921 0.3187
vn 0.1820 -0.8118 0.5548
vn -0.0500 -0.8595 -0.5087
vn -0.0500 -0.8596 -0.5086
vn -0.0498 -0.8595 -0.5086
vn -0.0499 -0.8595 -0.5087
vn 0.6977 -0.6773 0.2333
vn 0.6979 -0.6771 0.2334
vn 0.6976 -0.6774 0.2333
vn 0.6978 -0.6772 0.2334
vn -0.1555 -0.8787 -0.4514
vn -0.1556 -0.8787 -0.4514
vn -0.1554 -0.8787 -0.4514
vn 0.7316 -0.6668 0.1421
vn 0.7315 -0.6669 0.1422
vn 0.7315 -0.6668 0.1422
vn -0.2473 -0.8939 -0.3737
vn -0.2473 -0.8939 -0.3738
vn -0.2474 -0.8940 -0.3736
vn -0.2474 -0.8940 -0.3735
vn 0.7482 -0.6617 0.0479
vn 0.7482 -0.6617 0.0478
vn 0.7482 -0.6617 0.0477
vn 0.7482 -0.6617 0.0481
vn -0.3201 -0.9052 -0.2795
vn -0.3202 -0.9052 -0.2794
vn -0.3200 -0.9052 -0.2796
vn 0.7482 -0.6617 -0.0481
vn 0.7482 -0.6617 -0.0482
vn 0.7481 -0.6618 -0.0484
vn -0.3707 -0.9126 -0.1726
vn -0.3706 -0.9126 -0.1726
vn -0.3705 -0.9126 -0.1726
vn 0.7315 -0.6669 -0.1421
vn 0.7315 -0.6669 -0.1422
vn 0.7314 -0.6669 -0.1422
vn 0.7315 -0.6669 -0.1420
vn -0.3964 -0.9162 -0.0583
vn -0.3965 -0.9162 -0.0582
vn -0.3963 -0.9163 -0.0583
vn -0.3963 -0.9163 -0.0584
vn 0.6979 -0.6771 -0.2334
vn 0.6980 -0.6770 -0.2334
vn 0.6977 -0.6773 -0.2333
vn 0.6978 -0.6772 -0.2334
vn -0.3964 -0.9162 0.0585
vn -0.3964 -0.9162 0.0584
vn 0.6477 -0.6920 -0.3186
vn 0.6478 -0.6920 -0.3185
vn 0.6477 -0.6921 -0.3186
vn 0.6477 -0.6920 -0.3187
vn -0.3707 -0.9126 0.1726
vn -0.3705 -0.9126 0.1726
vn -0.3708 -0.9125 0.1726
vn 0.5813 -0.7112 -0.3954
vn 0.5813 -0.7111 -0.3954
vn -0.3201 -0.9052 0.2795
vn -0.3202 -0.9052 0.2795
vn 0.4994 -0.7337 -0.4607
vn 0.4994 -0.7338 -0.4607
vn -0.1463 0.9885 0.0372
vn -0.3182 -0.0260 0.9477
vn -0.3185 -0.0261 0.9476
vn -0.3185 -0.0261 -0.9476
vn 0.8010 0.0655 0.5951
vn -0.1081 -0.0088 0.9941
vn -0.5080 -0.0416 -0.8603
vn -0.5080 -0.0416 -0.8604
vn -0.5081 -0.0416 -0.8603
vn 0.8979 0.0733 0.4340
vn 0.8979 0.0733 0.4341
vn 0.8978 0.0732 0.4342
vn -0.6708 -0.0548 -0.7396
vn -0.6709 -0.0548 -0.7395
vn 0.9614 0.0786 0.2637
vn 0.9614 0.0785 0.2638
vn 0.9614 0.0785 0.2637
vn -0.8013 -0.0654 -0.5947
vn -0.8014 -0.0654 -0.5946
vn 0.9928 0.0811 0.0884
vn 0.9928 0.0810 0.0884
vn -0.8979 -0.0733 -0.4341
vn -0.8979 -0.0733 -0.4340
vn 0.9928 0.0810 -0.0884
vn 0.9928 0.0811 -0.0885
vn 0.9928 0.0810 -0.0883
vn 0.9928 0.0813 -0.0884
vn -0.9614 -0.0785 -0.2636
vn -0.9615 -0.0786 -0.2635
vn 0.9614 0.0784 -0.2639
vn 0.9613 0.0786 -0.2641
vn 0.9614 0.0781 -0.2638
vn 0.9614 0.0784 -0.2638
vn -0.9928 -0.0810 -0.0883
vn -0.9928 -0.0810 -0.0881
vn -0.9928 -0.0811 -0.0884
vn 0.8980 0.0735 -0.4338
vn 0.8979 0.0732 -0.4341
vn 0.8979 0.0733 -0.4341
vn -0.9927 -0.0813 0.0887
vn -0.9928 -0.0810 0.0881
vn -0.9927 -0.0813 0.0886
vn 0.8010 0.0655 -0.5951
vn -0.9614 -0.0785 0.2637
vn -0.9613 -0.0784 0.2640
vn -0.9614 -0.0785 0.2636
vn 0.6709 0.0548 -0.7395
vn 0.6709 0.0548 -0.7396
vn 0.6708 0.0548 -0.7396
vn -0.8979 -0.0733 0.4341
vn 0.5087 0.0417 -0.8599
vn 0.5084 0.0415 -0.8601
vn 0.5086 0.0417 -0.8600
vn 0.1081 0.0089 0.9941
vn 0.1082 0.0089 0.9941
vn -0.8012 -0.0654 0.5948
vn -0.8013 -0.0654 0.5947
vn 0.3179 0.0260 -0.9478
vn 0.3180 0.0260 -0.9477
vn 0.3185 0.0261 0.9476
vn 0.3179 0.0260 0.9478
vn 0.3182 0.0260 0.9477
vn 0.3181 0.0260 0.9477
vn -0.6708 -0.0548 0.7396
vn -0.6709 -0.0548 0.7395
vn 0.1081 0.0089 -0.9941
vn 0.1082 0.0089 -0.9941
vn 0.5087 0.0417 0.8599
vn 0.5087 0.0416 0.8599
vn 0.5086 0.0417 0.8600
vn -0.5080 -0.0416 0.8603
vn -0.5080 -0.0416 0.8604
vn -0.5081 -0.0416 0.8603
vn -0.1081 -0.0088 -0.9941
vn 0.5674 -0.8183 -0.0921
vn 0.5677 -0.8181 -0.0920
vn 0.5675 -0.8182 -0.0919
vn 0.5674 -0.8183 -0.0919
vn -0.5104 0.8376 -0.1949
vn -0.1464 0.9891 0.0121
vn -0.1464 0.9892 0.0122
vn -0.1464 0.9892 0.0121
vn -0.5509 0.8213 -0.1482
vn -0.5509 0.8213 -0.1483
vn -0.5509 0.8213 -0.1484
vn -0.1464 0.9891 -0.0121
vn -0.1464 0.9892 -0.0121
vn -0.1465 0.9891 -0.0120
vn -0.5794 0.8097 -0.0928
vn -0.5793 0.8098 -0.0927
vn -0.5796 0.8096 -0.0928
vn -0.1463 0.9885 -0.0372
vn -0.5940 0.8038 -0.0315
vn -0.5941 0.8038 -0.0314
vn -0.5940 0.8039 -0.0314
vn -0.1472 0.9870 -0.0649
vn -0.1473 0.9870 -0.0649
vn -0.1473 0.9870 -0.0650
vn -0.5941 0.8038 0.0313
vn -0.5940 0.8038 0.0315
vn -0.5941 0.8038 0.0314
vn -0.5940 0.8039 0.0313
vn -0.1514 0.9838 -0.0959
vn -0.5794 0.8097 0.0929
vn -0.5793 0.8098 0.0927
vn -0.5795 0.8096 0.0928
vn -0.1613 0.9783 -0.1300
vn -0.5509 0.8213 0.1483
vn -0.5509 0.8213 0.1484
vn -0.1795 0.9697 -0.1655
vn -0.1795 0.9697 -0.1656
vn -0.2461 0.9419 0.2286
vn -0.2462 0.9419 0.2285
vn -0.5104 0.8376 0.1949
vn -0.5103 0.8376 0.1949
vn -0.2077 0.9576 -0.1996
vn -0.2077 0.9576 -0.1997
vn -0.2074 0.9577 0.1995
vn -0.2077 0.9576 0.1996
vn -0.2076 0.9575 0.2000
vn -0.4607 0.8573 0.2298
vn -0.4607 0.8573 0.2297
vn -0.4606 0.8573 0.2298
vn -0.2460 0.9419 -0.2287
vn -0.2462 0.9419 -0.2285
vn -0.2461 0.9419 -0.2286
vn -0.1795 0.9697 0.1655
vn -0.1794 0.9697 0.1657
vn -0.4052 0.8792 0.2506
vn -0.4048 0.8793 0.2508
vn -0.2941 0.9229 -0.2486
vn -0.2939 0.9229 -0.2486
vn -0.1613 0.9783 0.1300
vn -0.3481 0.9016 0.2567
vn -0.3482 0.9016 0.2567
vn -0.3483 0.9016 0.2566
vn -0.3481 0.9016 -0.2567
vn -0.3482 0.9016 -0.2567
vn -0.1514 0.9838 0.0959
vn -0.1512 0.9838 0.0960
vn -0.2939 0.9229 0.2486
vn -0.2936 0.9230 0.2486
vn -0.4052 0.8792 -0.2508
vn -0.4052 0.8792 -0.2506
vn -0.4052 0.8792 -0.2507
vn -0.1472 0.9870 0.0647
vn -0.1473 0.9870 0.0649
vn -0.4607 0.8573 -0.2297
vn -0.4607 0.8573 -0.2298
vn 0.6786 0.0115 -0.7344
vn 0.6785 0.0117 -0.7346
vn 0.6787 0.0114 -0.7343
vn 0.6787 0.0113 -0.7343
vn -0.1536 -0.9874 -0.0369
vn -0.1537 -0.9874 -0.0369
vn 0.5446 -0.8251 -0.1503
vn 0.5447 -0.8250 -0.1505
vn 0.5447 -0.8251 -0.1504
vn 0.5445 -0.8252 -0.1503
vn -0.1536 -0.9874 0.0372
vn -0.1537 -0.9874 0.0367
vn -0.1537 -0.9874 0.0369
vn 0.5109 -0.8349 -0.2048
vn 0.5111 -0.8348 -0.2047
vn 0.5107 -0.8349 -0.2050
vn 0.5109 -0.8350 -0.2046
vn -0.1371 -0.9845 0.1091
vn -0.1370 -0.9845 0.1091
vn 0.4670 -0.8473 -0.2530
vn 0.4671 -0.8472 -0.2530
vn -0.1049 -0.9787 0.1762
vn -0.1048 -0.9787 0.1764
vn -0.1049 -0.9787 0.1763
vn -0.1051 -0.9787 0.1762
vn 0.4136 -0.8619 -0.2934
vn 0.4133 -0.8621 -0.2932
vn 0.4134 -0.8621 -0.2931
vn 0.4138 -0.8618 -0.2935
vn 0.2838 -0.8956 0.3427
vn 0.2837 -0.8955 0.3430
vn 0.2837 -0.8955 0.3429
vn -0.0585 -0.9702 0.2353
vn -0.0584 -0.9702 0.2354
vn 0.3519 -0.8783 -0.3238
vn 0.3519 -0.8782 -0.3239
vn 0.3519 -0.8783 -0.3237
vn 0.3518 -0.8784 -0.3235
vn 0.3519 -0.8783 0.3238
vn 0.3519 -0.8782 0.3239
vn 0.3519 -0.8783 0.3236
vn -0.0008 -0.9590 0.2833
vn -0.0004 -0.9589 0.2838
vn -0.0007 -0.9590 0.2835
vn -0.0005 -0.9590 0.2832
vn 0.2838 -0.8956 -0.3427
vn 0.2837 -0.8955 -0.3430
vn 0.2839 -0.8956 -0.3426
vn 0.4134 -0.8621 0.2931
vn 0.4134 -0.8621 0.2932
vn 0.4133 -0.8621 0.2931
vn 0.0659 -0.9453 0.3195
vn 0.0659 -0.9453 0.3194
vn 0.2113 -0.9129 -0.3491
vn 0.2113 -0.9129 -0.3492
vn 0.2114 -0.9129 -0.3492
vn 0.4672 -0.8472 0.2530
vn 0.4673 -0.8471 0.2530
vn 0.4670 -0.8473 0.2531
vn 0.4671 -0.8472 0.2530
vn 0.1378 -0.9298 0.3413
vn 0.1379 -0.9298 0.3412
vn 0.1377 -0.9298 0.3414
vn 0.1377 -0.9298 -0.3414
vn 0.1377 -0.9298 -0.3413
vn 0.5114 -0.8346 0.2049
vn 0.5115 -0.8344 0.2050
vn 0.5113 -0.8346 0.2049
vn 0.5110 -0.8348 0.2048
vn 0.2113 -0.9130 0.3491
vn 0.2114 -0.9130 0.3490
vn 0.2113 -0.9129 0.3491
vn 0.2112 -0.9129 0.3492
vn 0.0660 -0.9454 -0.3193
vn 0.0659 -0.9453 -0.3195
vn 0.0659 -0.9453 -0.3194
vn 0.5447 -0.8250 0.1505
vn 0.5447 -0.8250 0.1506
vn 0.5447 -0.8251 0.1503
vn -0.0004 -0.9589 -0.2838
vn -0.0006 -0.9589 -0.2836
vn -0.0005 -0.9589 -0.2837
vn -0.0006 -0.9589 -0.2837
vn 0.5673 -0.8184 0.0917
vn 0.5673 -0.8184 0.0920
vn 0.5673 -0.8183 0.0918
vn 0.5675 -0.8182 0.0917
vn -0.0584 -0.9702 -0.2354
vn -0.0585 -0.9702 -0.2353
vn -0.0584 -0.9701 -0.2354
vn 0.5788 -0.8149 0.0309
vn -0.1049 -0.9788 -0.1760
vn -0.1048 -0.9787 -0.1763
vn -0.1049 -0.9788 -0.1761
vn -0.1050 -0.9788 -0.1758
vn 0.5788 -0.8149 -0.0309
vn 0.5788 -0.8149 -0.0310
vn -0.1370 -0.9845 -0.1091
vn -0.1370 -0.9846 -0.1091
vn -0.1371 -0.9845 -0.1091
vn -0.1508 0.8584 -0.4904
vn -0.9033 -0.0156 0.4287
vn -0.9032 -0.0155 0.4289
vn -0.9032 -0.0154 0.4289
vn -0.9033 -0.0155 0.4288
vn 0.5156 0.0088 -0.8568
vn 0.5155 0.0088 -0.8568
vn 0.5157 0.0088 -0.8568
vn 0.5156 0.0093 -0.8568
vn 0.1101 0.0019 0.9939
vn 0.1102 0.0019 0.9939
vn -0.8080 -0.0140 0.5890
vn -0.8080 -0.0143 0.5890
vn -0.8080 -0.0139 0.5890
vn 0.3232 0.0055 -0.9463
vn 0.3232 0.0055 0.9463
vn 0.3234 0.0055 0.9462
vn -0.6785 -0.0116 0.7345
vn -0.6784 -0.0115 0.7346
vn -0.6786 -0.0116 0.7344
vn 0.1101 0.0019 -0.9939
vn 0.1102 0.0019 -0.9939
vn 0.1099 0.0019 -0.9939
vn 0.5157 0.0088 0.8567
vn 0.5155 0.0088 0.8568
vn 0.5156 0.0087 0.8568
vn 0.5156 0.0084 0.8568
vn -0.5157 -0.0088 0.8567
vn -0.5156 -0.0087 0.8568
vn -0.5155 -0.0088 0.8569
vn -0.1100 -0.0019 -0.9939
vn -0.1102 -0.0019 -0.9939
vn 0.6783 0.0118 0.7347
vn 0.6783 0.0114 0.7347
vn 0.6783 0.0117 0.7347
vn 0.6786 0.0122 0.7344
vn -0.3233 -0.0056 0.9463
vn -0.3232 -0.0055 0.9463
vn -0.3235 -0.0057 0.9462
vn -0.3232 -0.0055 -0.9463
vn 0.8080 0.0139 0.5890
vn 0.8081 0.0139 0.5889
vn -0.1100 -0.0019 0.9939
vn -0.1102 -0.0019 0.9939
vn -0.1101 -0.0019 0.9939
vn -0.1095 -0.0020 0.9940
vn -0.5157 -0.0088 -0.8567
vn -0.5156 -0.0093 -0.8568
vn -0.5160 -0.0090 -0.8565
vn -0.5156 -0.0088 -0.8568
vn 0.9033 0.0157 0.4287
vn 0.9033 0.0155 0.4288
vn 0.9033 0.0156 0.4287
vn 0.9033 0.0155 0.4287
vn -0.6786 -0.0116 -0.7344
vn 0.9655 0.0160 0.2599
vn 0.9654 0.0166 0.2601
vn 0.9654 0.0165 0.2601
vn 0.9655 0.0163 0.2600
vn -0.8080 -0.0139 -0.5890
vn -0.8080 -0.0141 -0.5890
vn 0.9960 0.0172 0.0872
vn 0.9961 0.0171 0.0871
vn 0.9960 0.0173 0.0872
vn 0.9960 0.0169 0.0874
vn -0.9033 -0.0156 -0.4287
vn -0.9033 -0.0155 -0.4287
vn -0.9033 -0.0154 -0.4287
vn 0.9960 0.0172 -0.0872
vn 0.9960 0.0169 -0.0874
vn 0.9960 0.0173 -0.0872
vn 0.9961 0.0173 -0.0869
vn -0.9654 -0.0165 -0.2601
vn 0.9654 0.0165 -0.2601
vn 0.9655 0.0163 -0.2600
vn 0.9655 0.0164 -0.2600
vn -0.9960 -0.0172 -0.0873
vn -0.9960 -0.0169 -0.0873
vn -0.9960 -0.0173 -0.0872
vn -0.9961 -0.0172 -0.0871
vn 0.9033 0.0153 -0.4288
vn 0.9032 0.0153 -0.4289
vn 0.9033 0.0154 -0.4288
vn -0.9960 -0.0173 0.0872
vn -0.9960 -0.0171 0.0871
vn -0.9960 -0.0172 0.0873
vn -0.9961 -0.0171 0.0871
vn 0.8080 0.0140 -0.5890
vn 0.8081 0.0139 -0.5889
vn 0.8080 0.0140 -0.5891
vn 0.8080 0.0141 -0.5891
vn -0.9654 -0.0165 0.2601
vn -0.9654 -0.0166 0.2601
vn 0.0147 -0.9569 -0.2901
vn 0.0145 -0.9569 -0.2902
vn -0.0284 0.9448 0.3263
vn -0.4845 0.7019 0.5220
vn -0.4846 0.7019 0.5221
vn -0.4846 0.7018 0.5221
vn -0.2529 0.8055 -0.5360
vn -0.2528 0.8054 -0.5361
vn -0.2528 0.8054 -0.5362
vn -0.0143 0.9720 0.2347
vn -0.3681 0.7520 0.5468
vn -0.3682 0.7520 0.5468
vn -0.3680 0.7521 0.5467
vn -0.3682 0.7520 -0.5468
vn -0.3683 0.7518 -0.5470
vn -0.0238 0.9878 0.1540
vn -0.2529 0.8055 0.5360
vn -0.2528 0.8054 0.5361
vn -0.2528 0.8054 0.5362
vn -0.4846 0.7019 -0.5221
vn -0.0453 0.9948 0.0909
vn -0.5914 0.6581 -0.4661
vn -0.5913 0.6581 -0.4661
vn -0.0671 0.9967 0.0459
vn -0.6814 0.6222 -0.3854
vn -0.6814 0.6222 -0.3853
vn -0.0803 0.9967 0.0138
vn -0.7508 0.5951 -0.2866
vn -0.7507 0.5952 -0.2866
vn -0.0803 0.9967 -0.0138
vn -0.0801 0.9967 -0.0138
vn -0.7973 0.5772 -0.1763
vn -0.7973 0.5773 -0.1763
vn -0.0671 0.9967 -0.0459
vn -0.8207 0.5683 -0.0595
vn -0.8206 0.5683 -0.0595
vn -0.0453 0.9948 -0.0909
vn -0.8206 0.5683 0.0594
vn -0.8206 0.5684 0.0595
vn -0.8207 0.5683 0.0593
vn -0.8206 0.5683 0.0595
vn -0.0238 0.9878 -0.1540
vn -0.7972 0.5773 0.1766
vn -0.7973 0.5773 0.1763
vn -0.0143 0.9720 -0.2347
vn -0.7507 0.5952 0.2866
vn -0.7507 0.5952 0.2867
vn -0.0284 0.9448 -0.3263
vn -0.1508 0.8584 0.4904
vn -0.6815 0.6222 0.3853
vn -0.6814 0.6222 0.3853
vn -0.6814 0.6223 0.3854
vn -0.0738 0.9062 -0.4164
vn -0.0738 0.9062 0.4164
vn -0.5913 0.6581 0.4661
vn -0.5914 0.6581 0.4661
vn -0.9013 0.1392 -0.4102
vn -0.9013 0.1393 -0.4101
vn -0.9013 0.1392 -0.4103
vn -0.9012 0.1390 -0.4105
vn 0.4558 -0.8803 0.1318
vn 0.4556 -0.8804 0.1316
vn 0.4557 -0.8804 0.1316
vn -0.0492 -0.9646 -0.2589
vn -0.0492 -0.9647 -0.2589
vn -0.0491 -0.9646 -0.2591
vn 0.4757 -0.8759 0.0804
vn 0.4757 -0.8759 0.0806
vn 0.4762 -0.8757 0.0804
vn 0.4760 -0.8757 0.0803
vn -0.1053 -0.9708 -0.2157
vn -0.1052 -0.9708 -0.2157
vn 0.4858 -0.8737 0.0270
vn 0.4859 -0.8736 0.0270
vn -0.1505 -0.9752 -0.1622
vn -0.1504 -0.9752 -0.1622
vn 0.4860 -0.8736 -0.0268
vn 0.4859 -0.8736 -0.0270
vn 0.4859 -0.8736 -0.0268
vn 0.4859 -0.8736 -0.0265
vn -0.1824 -0.9781 -0.1006
vn -0.1825 -0.9780 -0.1006
vn -0.1823 -0.9781 -0.1006
vn 0.4758 -0.8759 -0.0802
vn 0.4757 -0.8759 -0.0803
vn 0.4758 -0.8759 -0.0801
vn -0.1985 -0.9795 -0.0341
vn 0.4559 -0.8802 -0.1317
vn 0.4557 -0.8804 -0.1313
vn 0.4557 -0.8803 -0.1316
vn 0.4556 -0.8804 -0.1316
vn -0.1984 -0.9795 0.0340
vn -0.1984 -0.9795 0.0339
vn -0.1985 -0.9795 0.0341
vn 0.4257 -0.8869 -0.1796
vn 0.4255 -0.8869 -0.1798
vn 0.4256 -0.8869 -0.1796
vn 0.4257 -0.8869 -0.1795
vn -0.1824 -0.9781 0.1006
vn -0.1823 -0.9781 0.1005
vn -0.1825 -0.9780 0.1007
vn 0.3866 -0.8950 -0.2225
vn 0.3864 -0.8950 -0.2226
vn 0.3864 -0.8951 -0.2225
vn 0.3863 -0.8951 -0.2225
vn -0.1505 -0.9752 0.1623
vn -0.1504 -0.9752 0.1622
vn -0.1506 -0.9752 0.1623
vn 0.3380 -0.9048 -0.2591
vn 0.3381 -0.9047 -0.2592
vn 0.2191 -0.9264 0.3061
vn -0.1053 -0.9708 0.2156
vn -0.1053 -0.9708 0.2157
vn 0.2818 -0.9154 -0.2876
vn 0.2818 -0.9154 -0.2875
vn 0.2817 -0.9153 -0.2877
vn 0.2818 -0.9154 0.2875
vn -0.0493 -0.9646 0.2589
vn -0.0492 -0.9646 0.2591
vn -0.0492 -0.9646 0.2590
vn -0.0492 -0.9647 0.2589
vn 0.2191 -0.9264 -0.3061
vn 0.3381 -0.9047 0.2592
vn 0.3380 -0.9048 0.2591
vn 0.0147 -0.9569 0.2901
vn 0.0146 -0.9569 0.2901
vn 0.1519 -0.9374 -0.3133
vn 0.1519 -0.9374 -0.3134
vn 0.3864 -0.8951 0.2223
vn 0.3862 -0.8953 0.2221
vn 0.3863 -0.8952 0.2223
vn 0.3865 -0.8951 0.2225
vn 0.0827 -0.9477 0.3081
vn 0.0827 -0.9477 0.3082
vn 0.0827 -0.9478 0.3081
vn 0.0827 -0.9477 -0.3082
vn 0.0826 -0.9478 -0.3081
vn 0.4257 -0.8869 0.1796
vn 0.4257 -0.8869 0.1795
vn 0.4257 -0.8869 0.1794
vn 0.1519 -0.9374 0.3134
vn 0.1519 -0.9374 0.3135
vn -0.6966 0.7158 0.0487
vn -0.6968 0.7156 0.0489
vn -0.6968 0.7157 0.0487
vn -0.6966 0.7158 0.0488
vn 0.9849 -0.1520 -0.0825
vn 0.9849 -0.1520 -0.0824
vn -0.9576 0.1479 -0.2471
vn -0.9576 0.1478 -0.2473
vn 0.9575 -0.1478 -0.2478
vn 0.9574 -0.1479 -0.2479
vn 0.9575 -0.1477 -0.2476
vn -0.9849 0.1519 -0.0827
vn -0.9849 0.1519 -0.0826
vn 0.9012 -0.1391 -0.4104
vn 0.9012 -0.1390 -0.4105
vn -0.9849 0.1519 0.0828
vn -0.9849 0.1519 0.0827
vn 0.8129 -0.1256 -0.5687
vn 0.8129 -0.1255 -0.5688
vn 0.8130 -0.1257 -0.5686
vn -0.9576 0.1478 0.2472
vn -0.9576 0.1478 0.2473
vn -0.9576 0.1477 0.2474
vn 0.6898 -0.1064 -0.7162
vn 0.6897 -0.1064 -0.7162
vn 0.6898 -0.1064 -0.7161
vn -0.9012 0.1391 0.4104
vn -0.9012 0.1390 0.4105
vn -0.9011 0.1386 0.4109
vn 0.5296 -0.0817 -0.8443
vn 0.5295 -0.0817 -0.8443
vn 0.1148 -0.0177 0.9932
vn 0.1149 -0.0177 0.9932
vn 0.1146 -0.0177 0.9933
vn -0.8130 0.1254 0.5686
vn -0.8130 0.1252 0.5686
vn -0.8131 0.1254 0.5685
vn 0.3353 -0.0518 -0.9407
vn 0.3352 -0.0517 -0.9407
vn 0.3353 -0.0518 0.9407
vn 0.3352 -0.0518 0.9407
vn -0.6899 0.1066 0.7160
vn -0.6897 0.1064 0.7162
vn -0.6898 0.1066 0.7161
vn 0.1146 -0.0177 -0.9933
vn 0.1147 -0.0177 -0.9932
vn 0.1149 -0.0177 -0.9932
vn 0.5295 -0.0817 0.8444
vn 0.5296 -0.0818 0.8443
vn 0.5296 -0.0817 0.8443
vn -0.5295 0.0817 0.8444
vn -0.5296 0.0817 0.8443
vn -0.5294 0.0817 0.8444
vn -0.1148 0.0177 -0.9932
vn -0.1147 0.0177 -0.9932
vn 0.6897 -0.1064 0.7162
vn 0.6898 -0.1064 0.7161
vn -0.3350 0.0517 0.9408
vn -0.3353 0.0518 0.9407
vn -0.3353 0.0518 -0.9407
vn -0.3350 0.0517 -0.9408
vn 0.8129 -0.1256 0.5687
vn 0.8128 -0.1257 0.5688
vn 0.8130 -0.1255 0.5686
vn -0.1148 0.0177 0.9932
vn -0.5295 0.0817 -0.8443
vn -0.5295 0.0817 -0.8444
vn -0.5296 0.0817 -0.8443
vn 0.9012 -0.1391 0.4104
vn 0.9012 -0.1390 0.4105
vn 0.9013 -0.1393 0.4101
vn -0.6896 0.1063 -0.7164
vn -0.6894 0.1062 -0.7165
vn -0.6896 0.1063 -0.7163
vn 0.9574 -0.1479 0.2479
vn 0.9573 -0.1480 0.2482
vn -0.8133 0.1251 -0.5682
vn -0.8130 0.1251 -0.5686
vn -0.8133 0.1250 -0.5683
vn -0.8130 0.1254 -0.5685
vn 0.9849 -0.1520 0.0824
vn 0.9849 -0.1520 0.0825
vn -0.0237 -0.8766 -0.4807
vn -0.0235 -0.8766 -0.4807
vn -0.0239 -0.8765 -0.4807
vn 0.1211 0.9692 -0.2145
vn -0.6774 0.7212 0.1449
vn -0.6772 0.7213 0.1450
vn -0.6773 0.7213 0.1450
vn 0.0927 0.9540 -0.2851
vn -0.6383 0.7326 0.2362
vn -0.6384 0.7325 0.2363
vn -0.6384 0.7325 0.2365
vn 0.0451 0.9342 -0.3539
vn -0.1100 0.8829 0.4565
vn -0.5806 0.7491 0.3191
vn -0.5806 0.7490 0.3191
vn -0.5807 0.7490 0.3190
vn -0.0232 0.9102 -0.4135
vn -0.0232 0.9102 0.4135
vn -0.5052 0.7703 0.3891
vn -0.1100 0.8829 -0.4565
vn 0.0451 0.9342 0.3539
vn -0.4147 0.7957 0.4414
vn -0.2096 0.8536 -0.4769
vn 0.0927 0.9540 0.2851
vn -0.3139 0.8240 0.4717
vn -0.3139 0.8240 -0.4716
vn -0.3139 0.8240 -0.4717
vn 0.1211 0.9692 0.2145
vn -0.2096 0.8536 0.4769
vn -0.4147 0.7957 -0.4414
vn 0.1351 0.9799 0.1471
vn 0.1351 0.9798 0.1471
vn -0.5052 0.7703 -0.3890
vn -0.5052 0.7703 -0.3891
vn 0.1401 0.9865 0.0852
vn -0.5806 0.7491 -0.3190
vn -0.5806 0.7490 -0.3191
vn -0.5805 0.7490 -0.3195
vn 0.1413 0.9896 0.0278
vn -0.6387 0.7323 -0.2362
vn -0.6384 0.7325 -0.2363
vn -0.6384 0.7326 -0.2363
vn 0.1413 0.9896 -0.0278
vn 0.1412 0.9896 -0.0278
vn -0.6773 0.7213 -0.1450
vn -0.6772 0.7213 -0.1450
vn -0.6773 0.7213 -0.1449
vn -0.6772 0.7214 -0.1450
vn 0.1401 0.9865 -0.0852
vn -0.6970 0.7155 -0.0487
vn -0.6968 0.7156 -0.0485
vn -0.6970 0.7154 -0.0487
vn -0.6969 0.7155 -0.0489
vn 0.1351 0.9798 -0.1471
vn 0.1351 0.9799 -0.1471
vn -0.7986 -0.1308 -0.5876
vn -0.7986 -0.1308 -0.5875
vn 0.5623 -0.7654 0.3132
vn 0.5623 -0.7653 0.3132
vn 0.5622 -0.7654 0.3133
vn 0.0845 -0.8612 0.5011
vn 0.0845 -0.8612 0.5012
vn 0.0845 -0.8613 0.5011
vn -0.1244 -0.8889 -0.4409
vn -0.1243 -0.8890 -0.4408
vn 0.6185 -0.7510 0.2312
vn 0.6184 -0.7510 0.2312
vn -0.2139 -0.8982 -0.3841
vn -0.2138 -0.8982 -0.3841
vn -0.2138 -0.8982 -0.3840
vn -0.2139 -0.8982 -0.3840
vn 0.6565 -0.7409 0.1417
vn -0.2888 -0.9048 -0.3131
vn -0.2887 -0.9048 -0.3131
vn -0.2887 -0.9047 -0.3132
vn 0.6757 -0.7357 0.0472
vn 0.6754 -0.7359 0.0474
vn 0.6757 -0.7356 0.0473
vn 0.6758 -0.7356 0.0476
vn -0.3467 -0.9091 -0.2310
vn -0.3467 -0.9090 -0.2312
vn -0.3470 -0.9090 -0.2309
vn -0.3468 -0.9090 -0.2312
vn 0.6759 -0.7355 -0.0473
vn 0.6759 -0.7355 -0.0476
vn 0.6757 -0.7356 -0.0476
vn 0.6757 -0.7356 -0.0477
vn -0.3858 -0.9116 -0.1417
vn -0.3859 -0.9116 -0.1417
vn -0.3860 -0.9116 -0.1414
vn 0.6565 -0.7409 -0.1418
vn 0.6565 -0.7409 -0.1417
vn -0.4059 -0.9127 -0.0477
vn -0.4057 -0.9128 -0.0477
vn -0.4058 -0.9127 -0.0477
vn 0.6185 -0.7510 -0.2312
vn -0.4055 -0.9129 0.0477
vn -0.4058 -0.9127 0.0477
vn -0.4060 -0.9127 0.0474
vn 0.5623 -0.7653 -0.3132
vn 0.5623 -0.7653 -0.3131
vn 0.5623 -0.7654 -0.3131
vn -0.3860 -0.9115 0.1418
vn -0.3859 -0.9116 0.1417
vn 0.4892 -0.7831 -0.3841
vn 0.4892 -0.7830 -0.3841
vn 0.4892 -0.7831 -0.3840
vn -0.3468 -0.9091 0.2308
vn -0.3467 -0.9091 0.2310
vn -0.3469 -0.9090 0.2311
vn -0.3468 -0.9090 0.2313
vn 0.4014 -0.8028 -0.4409
vn 0.1945 -0.8432 0.5012
vn 0.1946 -0.8432 0.5012
vn -0.2887 -0.9048 0.3131
vn -0.2888 -0.9048 0.3130
vn -0.2888 -0.9048 0.3131
vn 0.3018 -0.8232 -0.4809
vn 0.3018 -0.8233 -0.4807
vn 0.3018 -0.8233 -0.4808
vn 0.3019 -0.8230 -0.4812
vn 0.3017 -0.8232 0.4809
vn 0.3016 -0.8232 0.4809
vn 0.3018 -0.8232 0.4808
vn -0.2138 -0.8983 0.3839
vn -0.2139 -0.8982 0.3840
vn 0.1946 -0.8431 -0.5013
vn 0.1946 -0.8432 -0.5012
vn 0.4014 -0.8028 0.4409
vn -0.1244 -0.8889 0.4409
vn -0.1246 -0.8889 0.4409
vn 0.0845 -0.8612 -0.5012
vn 0.0845 -0.8612 -0.5011
vn 0.4893 -0.7830 0.3841
vn 0.4892 -0.7830 0.3841
vn 0.4892 -0.7831 0.3840
vn 0.4891 -0.7832 0.3840
vn -0.0237 -0.8766 0.4807
vn -0.0239 -0.8765 0.4807
vn -0.0238 -0.8765 0.4807
vn -0.0235 -0.8766 0.4807
vn -0.9517 0.2964 -0.0799
vn -0.9517 0.2964 -0.0798
vn 0.9831 0.1611 0.0869
vn 0.9831 0.1610 0.0870
vn 0.9831 0.1612 0.0869
vn 0.9831 0.1613 0.0868
vn -0.8921 -0.1461 -0.4275
vn -0.8923 -0.1464 -0.4271
vn 0.9831 0.1611 -0.0869
vn 0.9831 0.1610 -0.0868
vn 0.9831 0.1609 -0.0869
vn 0.9831 0.1610 -0.0870
vn -0.9532 -0.1561 -0.2590
vn -0.9531 -0.1561 -0.2591
vn 0.9532 0.1559 -0.2591
vn 0.9531 0.1560 -0.2592
vn 0.9532 0.1560 -0.2592
vn 0.9531 0.1561 -0.2591
vn -0.9831 -0.1609 -0.0867
vn -0.9831 -0.1610 -0.0868
vn -0.9831 -0.1611 -0.0869
vn 0.8922 0.1461 -0.4274
vn 0.8921 0.1461 -0.4275
vn 0.8922 0.1460 -0.4275
vn 0.8922 0.1461 -0.4273
vn -0.9831 -0.1611 0.0869
vn -0.9831 -0.1610 0.0870
vn -0.9831 -0.1612 0.0869
vn -0.9831 -0.1610 0.0868
vn 0.7987 0.1309 -0.5874
vn 0.7986 0.1310 -0.5874
vn 0.7987 0.1309 -0.5873
vn 0.7987 0.1308 -0.5873
vn -0.9532 -0.1561 0.2589
vn -0.9532 -0.1561 0.2590
vn -0.9532 -0.1562 0.2589
vn -0.9531 -0.1561 0.2591
vn 0.6712 0.1099 -0.7331
vn 0.6710 0.1101 -0.7332
vn -0.8922 -0.1463 0.4273
vn -0.8923 -0.1464 0.4271
vn -0.8921 -0.1461 0.4275
vn 0.5104 0.0837 -0.8558
vn 0.5104 0.0835 -0.8559
vn 0.5104 0.0836 -0.8559
vn 0.5104 0.0837 -0.8559
vn 0.1092 0.0179 0.9939
vn 0.1093 0.0179 0.9938
vn -0.7986 -0.1308 0.5875
vn -0.7986 -0.1307 0.5875
vn -0.7986 -0.1306 0.5875
vn 0.3200 0.0521 -0.9460
vn 0.3200 0.0519 -0.9460
vn 0.3202 0.0522 -0.9459
vn 0.3200 0.0523 -0.9460
vn 0.3201 0.0527 0.9459
vn 0.3202 0.0524 0.9459
vn 0.3202 0.0523 0.9459
vn 0.3201 0.0524 0.9459
vn -0.6712 -0.1099 0.7330
vn 0.1092 0.0179 -0.9939
vn 0.1089 0.0179 -0.9939
vn 0.1093 0.0179 -0.9938
vn 0.5103 0.0835 0.8560
vn 0.5102 0.0834 0.8560
vn 0.5103 0.0836 0.8559
vn -0.5105 -0.0836 0.8558
vn -0.5102 -0.0836 0.8560
vn -0.5103 -0.0836 0.8559
vn -0.5106 -0.0836 0.8557
vn -0.1093 -0.0179 -0.9938
vn -0.1089 -0.0179 -0.9939
vn -0.1092 -0.0179 -0.9939
vn 0.6713 0.1098 0.7330
vn 0.6712 0.1099 0.7331
vn 0.6712 0.1099 0.7330
vn 0.6713 0.1099 0.7330
vn -0.3204 -0.0526 0.9458
vn -0.3201 -0.0524 0.9459
vn -0.3204 -0.0526 -0.9458
vn -0.3200 -0.0523 -0.9460
vn -0.3201 -0.0524 -0.9459
vn 0.7987 0.1309 0.5873
vn 0.7986 0.1310 0.5874
vn 0.7987 0.1309 0.5874
vn 0.7987 0.1308 0.5873
vn -0.1092 -0.0179 0.9939
vn -0.1093 -0.0179 0.9938
vn -0.5103 -0.0836 -0.8559
vn -0.5102 -0.0836 -0.8560
vn 0.8922 0.1460 0.4275
vn 0.8921 0.1461 0.4275
vn 0.8922 0.1461 0.4274
vn 0.8922 0.1461 0.4273
vn -0.6712 -0.1099 -0.7331
vn -0.6712 -0.1099 -0.7330
vn 0.9531 0.1560 0.2592
vn 0.9532 0.1561 0.2590
vn 0.9532 0.1560 0.2592
vn -0.0252 0.9997 0.0001
vn -0.0252 0.9997 -0.0000
vn -0.0251 0.9997 0.0003
vn -0.0253 0.9997 0.0001
vn -0.0250 0.9997 -0.0000
vn -0.0251 0.9997 -0.0002
vn -0.0250 0.9997 -0.0001
vn -0.0251 0.9997 -0.0003
vn -0.0249 0.9997 -0.0001
vn -0.0253 0.9997 -0.0001
vn -0.0254 0.9997 -0.0000
vn -0.0253 0.9997 -0.0000
vn -0.0254 0.9997 0.0001
vn -0.0251 0.9997 -0.0001
vn -0.0253 0.9997 0.0002
vn -0.2350 0.9698 0.0659
vn -0.9518 0.2964 0.0794
vn -0.9517 0.2964 0.0798
vn -0.1189 0.9928 0.0158
vn -0.9205 0.3104 0.2373
vn -0.9205 0.3104 0.2372
vn -0.0071 0.9953 -0.0964
vn -0.8575 0.3388 0.3872
vn -0.8575 0.3388 0.3871
vn -0.8575 0.3390 0.3870
vn 0.0627 0.9641 -0.2579
vn 0.0627 0.9641 -0.2580
vn -0.0129 0.8079 0.5892
vn -0.7621 0.3825 0.5224
vn 0.0625 0.8982 -0.4351
vn 0.0625 0.8982 0.4351
vn -0.6349 0.4423 0.6334
vn -0.6350 0.4423 0.6334
vn -0.0129 0.8079 -0.5892
vn 0.0627 0.9641 0.2579
vn -0.4810 0.5180 0.7073
vn -0.1467 0.7071 -0.6917
vn -0.0071 0.9953 0.0964
vn -0.3116 0.6078 0.7304
vn -0.3116 0.6078 -0.7304
vn -0.1189 0.9928 -0.0158
vn -0.1467 0.7071 0.6917
vn -0.4810 0.5180 -0.7073
vn -0.2350 0.9698 -0.0659
vn -0.6350 0.4423 -0.6334
vn -0.3255 0.9435 -0.0622
vn -0.7621 0.3825 -0.5224
vn -0.3739 0.9271 -0.0245
vn -0.8575 0.3389 -0.3870
vn -0.8575 0.3388 -0.3871
vn -0.3739 0.9272 0.0245
vn -0.3739 0.9271 0.0245
vn -0.9205 0.3104 -0.2373
vn -0.9205 0.3104 -0.2372
vn -0.3255 0.9435 0.0622
vt 0.000000 0.000000
s 1
g off
usemtl Goddard_None
f 2049/2/2910 2050/2/2911 2051/2/2912
f 2051/2/2912 2052/2/2913 2053/2/2914
f 2049/2/2910 2051/2/2912 2053/2/2914
f 2053/2/2914 2054/2/2911 2055/2/2915
f 2055/2/2915 2056/2/2911 2057/2/2916
f 2053/2/2914 2055/2/2915 2057/2/2916
f 2049/2/2910 2053/2/2914 2057/2/2916
f 2057/2/2916 2058/2/2911 2059/2/2917
f 2059/2/2917 2060/2/2918 2061/2/2911
f 2057/2/2916 2059/2/2917 2061/2/2911
f 2061/2/2911 2062/2/2917 2063/2/2911
f 2063/2/2911 2064/2/2911 2065/2/2919
f 2061/2/2911 2063/2/2911 2065/2/2919
f 2057/2/2916 2061/2/2911 2065/2/2919
f 2065/2/2919 2066/2/2911 2067/2/2913
f 2067/2/2913 2068/2/2911 2069/2/2911
f 2065/2/2919 2067/2/2913 2069/2/2911
f 2069/2/2911 2070/2/2920 2071/2/2920
f 2071/2/2920 2072/2/2911 2073/2/2918
f 2069/2/2911 2071/2/2920 2073/2/2918
f 2065/2/2919 2069/2/2911 2073/2/2918
f 2057/2/2916 2065/2/2919 2073/2/2918
f 2049/2/2910 2057/2/2916 2073/2/2918
f 2074/2/2911 2075/2/2911 2076/2/2921
f 2073/2/2918 2074/2/2911 2076/2/2921
f 2073/2/2918 2076/2/2921 2077/2/2911
f 2049/2/2910 2073/2/2918 2077/2/2911
f 2078/2/2910 2049/2/2910 2077/2/2911
f 2078/2/2910 2077/2/2911 2079/2/2911
f 2078/2/2910 2079/2/2911 2080/2/2911
f 2081/2/2922 2082/2/2923 2083/2/2924
f 2083/2/2924 2084/2/2925 2081/2/2922
f 2067/2/2926 2085/2/2927 2086/2/2926
f 2086/2/2926 2068/2/2928 2067/2/2926
f 2087/2/2929 2049/2/2930 2078/2/2929
f 2078/2/2929 2088/2/2931 2087/2/2929
f 2053/2/2932 2089/2/2933 2090/2/2933
f 2090/2/2933 2054/2/2933 2053/2/2932
f 2066/2/2934 2091/2/2935 2085/2/2936
f 2085/2/2936 2067/2/2935 2066/2/2934
f 2088/2/2937 2078/2/2938 2080/2/2937
f 2080/2/2937 2092/2/2938 2088/2/2937
f 2052/2/2939 2093/2/2940 2089/2/2941
f 2089/2/2941 2053/2/2942 2052/2/2939
f 2065/2/2943 2094/2/2944 2091/2/2943
f 2091/2/2943 2066/2/2945 2065/2/2943
f 2092/2/2946 2080/2/2947 2079/2/2948
f 2079/2/2948 2095/2/2947 2092/2/2946
f 2051/2/2949 2096/2/2949 2093/2/2950
f 2093/2/2950 2052/2/2951 2051/2/2949
f 2064/2/2952 2097/2/2953 2094/2/2952
f 2094/2/2952 2065/2/2952 2064/2/2952
f 2079/2/2954 2077/2/2954 2098/2/2954
f 2098/2/2954 2095/2/2954 2079/2/2954
f 2050/2/2955 2099/2/2955 2096/2/2955
f 2096/2/2955 2051/2/2956 2050/2/2955
f 2063/2/2957 2100/2/2957 2097/2/2958
f 2097/2/2958 2064/2/2959 2063/2/2957
f 2076/2/2960 2101/2/2960 2098/2/2960
f 2098/2/2960 2077/2/2960 2076/2/2960
f 2050/2/2961 2049/2/2961 2087/2/2961
f 2087/2/2961 2099/2/2961 2050/2/2961
f 2062/2/2962 2102/2/2963 2100/2/2962
f 2100/2/2962 2063/2/2964 2062/2/2962
f 2103/2/2965 2101/2/2966 2076/2/2967
f 2076/2/2967 2075/2/2968 2103/2/2965
f 2061/2/2969 2104/2/2969 2102/2/2969
f 2102/2/2969 2062/2/2969 2061/2/2969
f 2074/2/2970 2105/2/2970 2103/2/2970
f 2103/2/2970 2075/2/2970 2074/2/2970
f 2060/2/2971 2106/2/2972 2104/2/2971
f 2104/2/2971 2061/2/2971 2060/2/2971
f 2084/2/2973 2105/2/2974 2074/2/2975
f 2074/2/2975 2073/2/2973 2084/2/2973
f 2059/2/2976 2107/2/2977 2106/2/2978
f 2106/2/2978 2060/2/2978 2059/2/2976
f 2084/2/2979 2073/2/2980 2072/2/2979
f 2072/2/2979 2081/2/2979 2084/2/2979
f 2058/2/2981 2108/2/2982 2107/2/2983
f 2107/2/2983 2059/2/2984 2058/2/2981
f 2072/2/2985 2071/2/2985 2109/2/2985
f 2109/2/2985 2081/2/2985 2072/2/2985
f 2057/2/2986 2110/2/2987 2108/2/2988
f 2108/2/2988 2058/2/2986 2057/2/2986
f 2070/2/2989 2111/2/2990 2109/2/2991
f 2109/2/2991 2071/2/2992 2070/2/2989
f 2056/2/2993 2112/2/2994 2110/2/2995
f 2110/2/2995 2057/2/2996 2056/2/2993
f 2069/2/2997 2113/2/2997 2111/2/2997
f 2111/2/2997 2070/2/2997 2069/2/2997
f 2055/2/2998 2114/2/2998 2112/2/2999
f 2112/2/2999 2056/2/2998 2055/2/2998
f 2068/2/3000 2086/2/3001 2113/2/3000
f 2113/2/3000 2069/2/3000 2068/2/3000
f 2054/2/3002 2090/2/3002 2114/2/3002
f 2114/2/3002 2055/2/3003 2054/2/3002
f 2115/2/3004 2116/2/3005 2117/2/3006
f 2117/2/3006 2118/2/3004 2115/2/3004
f 2108/2/3007 2119/2/3008 2120/2/3009
f 2120/2/3009 2107/2/3009 2108/2/3007
f 2109/2/3010 2121/2/3010 2082/2/3010
f 2082/2/3010 2081/2/3010 2109/2/3010
f 2110/2/3011 2122/2/3012 2119/2/3012
f 2119/2/3012 2108/2/3013 2110/2/3011
f 2111/2/3014 2118/2/3014 2121/2/3014
f 2121/2/3014 2109/2/3014 2111/2/3014
f 2112/2/3015 2123/2/3015 2122/2/3015
f 2122/2/3015 2110/2/3015 2112/2/3015
f 2113/2/3016 2115/2/3017 2118/2/3018
f 2118/2/3018 2111/2/3019 2113/2/3016
f 2114/2/3020 2124/2/3021 2123/2/3022
f 2123/2/3022 2112/2/3023 2114/2/3020
f 2086/2/3024 2125/2/3025 2115/2/3026
f 2115/2/3026 2113/2/3027 2086/2/3024
f 2090/2/3028 2126/2/3028 2124/2/3028
f 2124/2/3028 2114/2/3028 2090/2/3028
f 2085/2/3029 2127/2/3030 2125/2/3031
f 2125/2/3031 2086/2/3032 2085/2/3029
f 2088/2/3033 2128/2/3034 2129/2/3035
f 2129/2/3035 2087/2/3035 2088/2/3033
f 2089/2/3036 2130/2/3037 2126/2/3038
f 2126/2/3038 2090/2/3037 2089/2/3036
f 2091/2/3039 2131/2/3040 2127/2/3039
f 2127/2/3039 2085/2/3041 2091/2/3039
f 2092/2/3042 2132/2/3043 2128/2/3044
f 2128/2/3044 2088/2/3045 2092/2/3042
f 2093/2/3046 2133/2/3047 2130/2/3048
f 2130/2/3048 2089/2/3049 2093/2/3046
f 2094/2/3050 2134/2/3051 2131/2/3050
f 2131/2/3050 2091/2/3052 2094/2/3050
f 2095/2/3053 2135/2/3054 2132/2/3055
f 2132/2/3055 2092/2/3056 2095/2/3053
f 2096/2/3057 2136/2/3057 2133/2/3058
f 2133/2/3058 2093/2/3057 2096/2/3057
f 2097/2/3059 2137/2/3060 2134/2/3061
f 2134/2/3061 2094/2/3059 2097/2/3059
f 2098/2/3062 2138/2/3063 2135/2/3064
f 2135/2/3064 2095/2/3065 2098/2/3062
f 2099/2/3066 2139/2/3067 2136/2/3066
f 2136/2/3066 2096/2/3068 2099/2/3066
f 2100/2/3069 2140/2/3070 2137/2/3071
f 2137/2/3071 2097/2/3072 2100/2/3069
f 2101/2/3073 2141/2/3073 2138/2/3074
f 2138/2/3074 2098/2/3075 2101/2/3073
f 2099/2/3076 2087/2/3077 2129/2/3077
f 2129/2/3077 2139/2/3077 2099/2/3076
f 2102/2/3078 2142/2/3078 2140/2/3079
f 2140/2/3079 2100/2/3080 2102/2/3078
f 2103/2/3081 2143/2/3082 2141/2/3083
f 2141/2/3083 2101/2/3084 2103/2/3081
f 2104/2/3085 2144/2/3086 2142/2/3086
f 2142/2/3086 2102/2/3086 2104/2/3085
f 2105/2/3087 2145/2/3088 2143/2/3087
f 2143/2/3087 2103/2/3087 2105/2/3087
f 2106/2/3089 2146/2/3090 2144/2/3091
f 2144/2/3091 2104/2/3090 2106/2/3089
f 2084/2/3092 2083/2/3092 2145/2/3093
f 2145/2/3093 2105/2/3092 2084/2/3092
f 2107/2/3094 2120/2/3095 2146/2/3094
f 2146/2/3094 2106/2/3096 2107/2/3094
f 2147/2/2935 2148/2/2935 2149/2/2935
f 2149/2/2935 2150/2/2936 2147/2/2935
f 2124/2/3097 2151/2/3098 2152/2/3099
f 2152/2/3099 2123/2/3098 2124/2/3097
f 2125/2/3100 2153/2/3101 2116/2/3102
f 2116/2/3102 2115/2/3103 2125/2/3100
f 2126/2/3104 2154/2/3105 2151/2/3106
f 2151/2/3106 2124/2/3106 2126/2/3104
f 2127/2/3107 2147/2/3108 2153/2/3109
f 2153/2/3109 2125/2/3110 2127/2/3107
f 2128/2/3111 2155/2/3112 2156/2/3112
f 2156/2/3112 2129/2/3113 2128/2/3111
f 2130/2/3114 2157/2/3115 2154/2/3116
f 2154/2/3116 2126/2/3117 2130/2/3114
f 2131/2/3118 2148/2/3119 2147/2/3118
f 2147/2/3118 2127/2/3120 2131/2/3118
f 2132/2/3121 2158/2/3121 2155/2/3121
f 2155/2/3121 2128/2/3122 2132/2/3121
f 2133/2/3123 2159/2/3124 2157/2/3125
f 2157/2/3125 2130/2/3123 2133/2/3123
f 2134/2/3126 2160/2/3127 2148/2/3128
f 2148/2/3128 2131/2/3126 2134/2/3126
f 2135/2/3129 2161/2/3129 2158/2/3130
f 2158/2/3130 2132/2/3129 2135/2/3129
f 2136/2/3131 2162/2/3132 2159/2/3131
f 2159/2/3131 2133/2/3133 2136/2/3131
f 2137/2/3134 2163/2/3135 2160/2/3136
f 2160/2/3136 2134/2/3137 2137/2/3134
f 2138/2/3138 2164/2/3138 2161/2/3139
f 2161/2/3139 2135/2/3140 2138/2/3138
f 2139/2/3141 2165/2/3141 2162/2/3142
f 2162/2/3142 2136/2/3141 2139/2/3141
f 2140/2/3143 2166/2/3143 2163/2/3144
f 2163/2/3144 2137/2/3144 2140/2/3143
f 2141/2/3145 2167/2/3146 2164/2/3146
f 2164/2/3146 2138/2/3147 2141/2/3145
f 2139/2/3148 2129/2/3149 2156/2/3150
f 2156/2/3150 2165/2/3151 2139/2/3148
f 2142/2/3152 2168/2/3152 2166/2/3152
f 2166/2/3152 2140/2/3152 2142/2/3152
f 2143/2/3153 2169/2/3153 2167/2/3153
f 2167/2/3153 2141/2/3154 2143/2/3153
f 2144/2/3155 2170/2/3155 2168/2/3156
f 2168/2/3156 2142/2/3155 2144/2/3155
f 2145/2/3157 2171/2/3158 2169/2/3159
f 2169/2/3159 2143/2/3160 2145/2/3157
f 2146/2/3161 2172/2/3162 2170/2/3163
f 2170/2/3163 2144/2/3162 2146/2/3161
f 2083/2/3164 2173/2/3165 2171/2/3164
f 2171/2/3164 2145/2/3166 2083/2/3164
f 2120/2/3167 2174/2/3168 2172/2/3169
f 2172/2/3169 2146/2/3169 2120/2/3167
f 2082/2/3170 2175/2/3171 2173/2/3171
f 2173/2/3171 2083/2/3172 2082/2/3170
f 2119/2/3173 2176/2/3173 2174/2/3173
f 2174/2/3173 2120/2/3173 2119/2/3173
f 2121/2/3174 2177/2/3174 2175/2/3175
f 2175/2/3175 2082/2/3176 2121/2/3174
f 2122/2/3177 2178/2/3178 2176/2/3177
f 2176/2/3177 2119/2/3177 2122/2/3177
f 2118/2/3179 2117/2/3179 2177/2/3179
f 2177/2/3179 2121/2/3179 2118/2/3179
f 2123/2/3180 2152/2/3180 2178/2/3181
f 2178/2/3181 2122/2/3180 2123/2/3180
f 2179/2/3182 2180/2/3183 2181/2/3184
f 2181/2/3184 2182/2/3185 2179/2/3182
f 2158/2/2938 2183/2/2937 2184/2/2938
f 2184/2/2938 2155/2/2938 2158/2/2938
f 2185/2/3186 2186/2/3187 2157/2/3188
f 2157/2/3188 2159/2/3189 2185/2/3186
f 2148/2/3190 2160/2/3191 2187/2/2943
f 2187/2/2943 2149/2/3192 2148/2/3190
f 2161/2/3193 2188/2/2947 2183/2/3194
f 2183/2/3194 2158/2/3195 2161/2/3193
f 2159/2/3196 2162/2/3197 2189/2/3196
f 2189/2/3196 2185/2/3198 2159/2/3196
f 2160/2/3199 2163/2/3200 2182/2/3199
f 2182/2/3199 2187/2/3201 2160/2/3199
f 2164/2/3202 2190/2/3203 2188/2/3203
f 2188/2/3203 2161/2/3202 2164/2/3202
f 2162/2/2956 2165/2/2956 2191/2/3204
f 2191/2/3204 2189/2/2956 2162/2/2956
f 2163/2/3205 2166/2/2957 2179/2/3206
f 2179/2/3206 2182/2/2957 2163/2/3205
f 2167/2/3207 2192/2/3208 2190/2/3207
f 2190/2/3207 2164/2/3209 2167/2/3207
f 2191/2/3210 2165/2/3211 2156/2/3212
f 2156/2/3212 2193/2/3213 2191/2/3210
f 2166/2/3214 2168/2/3215 2194/2/3216
f 2194/2/3216 2179/2/2963 2166/2/3214
f 2169/2/3217 2195/2/3218 2192/2/3217
f 2192/2/3217 2167/2/3219 2169/2/3217
f 2196/2/2969 2194/2/2969 2168/2/2969
f 2168/2/2969 2170/2/2969 2196/2/2969
f 2171/2/3220 2197/2/3221 2195/2/3222
f 2195/2/3222 2169/2/3223 2171/2/3220
f 2170/2/3224 2172/2/3225 2198/2/3226
f 2198/2/3226 2196/2/3227 2170/2/3224
f 2171/2/3228 2173/2/3228 2199/2/3228
f 2199/2/3228 2197/2/3228 2171/2/3228
f 2172/2/3229 2174/2/2978 2200/2/3229
f 2200/2/3229 2198/2/3230 2172/2/3229
f 2173/2/2979 2175/2/2979 2201/2/2979
f 2201/2/2979 2199/2/2979 2173/2/2979
f 2202/2/3231 2200/2/3231 2174/2/3232
f 2174/2/3232 2176/2/3233 2202/2/3231
f 2201/2/3234 2175/2/3235 2177/2/3236
f 2177/2/3236 2203/2/3237 2201/2/3234
f 2176/2/2987 2178/2/2987 2204/2/2987
f 2204/2/2987 2202/2/2987 2176/2/2987
f 2177/2/3238 2117/2/3239 2205/2/3238
f 2205/2/3238 2203/2/3240 2177/2/3238
f 2178/2/2996 2152/2/2996 2206/2/2996
f 2206/2/2996 2204/2/2996 2178/2/2996
f 2205/2/3241 2117/2/3242 2116/2/3243
f 2116/2/3243 2207/2/3244 2205/2/3241
f 2208/2/3245 2206/2/3246 2152/2/3247
f 2152/2/3247 2151/2/2998 2208/2/3245
f 2207/2/3248 2116/2/3001 2153/2/3001
f 2153/2/3001 2209/2/3001 2207/2/3248
f 2151/2/3249 2154/2/3250 2210/2/3250
f 2210/2/3250 2208/2/3251 2151/2/3249
f 2150/2/3252 2209/2/3253 2153/2/3254
f 2153/2/3254 2147/2/3255 2150/2/3252
f 2155/2/3256 2184/2/3256 2193/2/3256
f 2193/2/3256 2156/2/2929 2155/2/3256
f 2154/2/3257 2157/2/3258 2186/2/3259
f 2186/2/3259 2210/2/2933 2154/2/3257
f 2211/2/3260 2212/2/3261 2213/2/3262
f 2213/2/3262 2214/2/3262 2211/2/3260
f 2192/2/3263 2215/2/3264 2216/2/3265
f 2216/2/3265 2190/2/3266 2192/2/3263
f 2217/2/3267 2191/2/3267 2193/2/3267
f 2193/2/3267 2218/2/3268 2217/2/3267
f 2180/2/3269 2179/2/3270 2194/2/3269
f 2194/2/3269 2219/2/3271 2180/2/3269
f 2220/2/3272 2215/2/3273 2192/2/3274
f 2192/2/3274 2195/2/3275 2220/2/3272
f 2196/2/3276 2214/2/3277 2219/2/3278
f 2219/2/3278 2194/2/3279 2196/2/3276
f 2197/2/3280 2221/2/3281 2220/2/3282
f 2220/2/3282 2195/2/3283 2197/2/3280
f 2198/2/3284 2211/2/3285 2214/2/3285
f 2214/2/3285 2196/2/3284 2198/2/3284
f 2199/2/3286 2222/2/3286 2221/2/3286
f 2221/2/3286 2197/2/3287 2199/2/3286
f 2223/2/3288 2211/2/3288 2198/2/3288
f 2198/2/3288 2200/2/3288 2223/2/3288
f 2201/2/3289 2224/2/3290 2222/2/3291
f 2222/2/3291 2199/2/3292 2201/2/3289
f 2202/2/3293 2225/2/3294 2223/2/3293
f 2223/2/3293 2200/2/3295 2202/2/3293
f 2226/2/3296 2224/2/3297 2201/2/3298
f 2201/2/3298 2203/2/3299 2226/2/3296
f 2204/2/3300 2227/2/3301 2225/2/3300
f 2225/2/3300 2202/2/3300 2204/2/3300
f 2205/2/3302 2228/2/3303 2226/2/3304
f 2226/2/3304 2203/2/3305 2205/2/3302
f 2229/2/3306 2227/2/3307 2204/2/3307
f 2204/2/3307 2206/2/3307 2229/2/3306
f 2207/2/3308 2230/2/3309 2228/2/3310
f 2228/2/3310 2205/2/3311 2207/2/3308
f 2208/2/3312 2231/2/3313 2229/2/3313
f 2229/2/3313 2206/2/3314 2208/2/3312
f 2232/2/3315 2230/2/3316 2207/2/3315
f 2207/2/3315 2209/2/3315 2232/2/3315
f 2210/2/3317 2233/2/3318 2231/2/3319
f 2231/2/3319 2208/2/3320 2210/2/3317
f 2150/2/3321 2234/2/3322 2232/2/3323
f 2232/2/3323 2209/2/3322 2150/2/3321
f 2184/2/3324 2235/2/3325 2218/2/3326
f 2218/2/3326 2193/2/3327 2184/2/3324
f 2233/2/3328 2210/2/3329 2186/2/3330
f 2186/2/3330 2236/2/3331 2233/2/3328
f 2149/2/3332 2237/2/3333 2234/2/3333
f 2234/2/3333 2150/2/3334 2149/2/3332
f 2183/2/3335 2238/2/3336 2235/2/3337
f 2235/2/3337 2184/2/3338 2183/2/3335
f 2185/2/3339 2239/2/3340 2236/2/3341
f 2236/2/3341 2186/2/3342 2185/2/3339
f 2240/2/3343 2237/2/3343 2149/2/3343
f 2149/2/3343 2187/2/3343 2240/2/3343
f 2241/2/3344 2238/2/3344 2183/2/3345
f 2183/2/3345 2188/2/3346 2241/2/3344
f 2189/2/3347 2242/2/3348 2239/2/3349
f 2239/2/3349 2185/2/3347 2189/2/3347
f 2182/2/3350 2181/2/3351 2240/2/3350
f 2240/2/3350 2187/2/3352 2182/2/3350
f 2190/2/3353 2216/2/3354 2241/2/3353
f 2241/2/3353 2188/2/3353 2190/2/3353
f 2217/2/3355 2242/2/3355 2189/2/3356
f 2189/2/3356 2191/2/3357 2217/2/3355
f 2243/2/3358 2244/2/3358 2245/2/3358
f 2245/2/3358 2246/2/3359 2243/2/3358
f 2247/2/3360 2221/2/3361 2222/2/3362
f 2222/2/3362 2248/2/3363 2247/2/3360
f 2223/2/3364 2249/2/3365 2212/2/3364
f 2212/2/3364 2211/2/3366 2223/2/3364
f 2224/2/3367 2250/2/3368 2248/2/3367
f 2248/2/3367 2222/2/3369 2224/2/3367
f 2249/2/3370 2223/2/3371 2225/2/3372
f 2225/2/3372 2245/2/3373 2249/2/3370
f 2226/2/3374 2251/2/3375 2250/2/3374
f 2250/2/3374 2224/2/3374 2226/2/3374
f 2227/2/3376 2246/2/3377 2245/2/3378
f 2245/2/3378 2225/2/3378 2227/2/3376
f 2252/2/3379 2251/2/3379 2226/2/3380
f 2226/2/3380 2228/2/3381 2252/2/3379
f 2229/2/3382 2253/2/3383 2246/2/3384
f 2246/2/3384 2227/2/3385 2229/2/3382
f 2230/2/3386 2254/2/3387 2252/2/3388
f 2252/2/3388 2228/2/3389 2230/2/3386
f 2253/2/3390 2229/2/3391 2231/2/3392
f 2231/2/3392 2255/2/3391 2253/2/3390
f 2232/2/3393 2256/2/3393 2254/2/3394
f 2254/2/3394 2230/2/3395 2232/2/3393
f 2233/2/3396 2257/2/3397 2255/2/3398
f 2255/2/3398 2231/2/3399 2233/2/3396
f 2258/2/3400 2256/2/3400 2232/2/3401
f 2232/2/3401 2234/2/3402 2258/2/3400
f 2218/2/3403 2235/2/3404 2259/2/3403
f 2259/2/3403 2260/2/3405 2218/2/3403
f 2236/2/3406 2261/2/3407 2257/2/3408
f 2257/2/3408 2233/2/3408 2236/2/3406
f 2237/2/3409 2262/2/3409 2258/2/3409
f 2258/2/3409 2234/2/3409 2237/2/3409
f 2238/2/3410 2263/2/3411 2259/2/3412
f 2259/2/3412 2235/2/3413 2238/2/3410
f 2264/2/3414 2261/2/3415 2236/2/3416
f 2236/2/3416 2239/2/3417 2264/2/3414
f 2240/2/3418 2265/2/3419 2262/2/3418
f 2262/2/3418 2237/2/3419 2240/2/3418
f 2241/2/3420 2266/2/3421 2263/2/3422
f 2263/2/3422 2238/2/3421 2241/2/3420
f 2242/2/3423 2267/2/3424 2264/2/3423
f 2264/2/3423 2239/2/3423 2242/2/3423
f 2265/2/3425 2240/2/3426 2181/2/3427
f 2181/2/3427 2268/2/3426 2265/2/3425
f 2216/2/3428 2269/2/3429 2266/2/3430
f 2266/2/3430 2241/2/3429 2216/2/3428
f 2217/2/3431 2270/2/3431 2267/2/3431
f 2267/2/3431 2242/2/3431 2217/2/3431
f 2180/2/3432 2271/2/3433 2268/2/3432
f 2268/2/3432 2181/2/3434 2180/2/3432
f 2269/2/3435 2216/2/3436 2215/2/3435
f 2215/2/3435 2272/2/3437 2269/2/3435
f 2260/2/3438 2270/2/3439 2217/2/3440
f 2217/2/3440 2218/2/3441 2260/2/3438
f 2219/2/3442 2273/2/3443 2271/2/3443
f 2271/2/3443 2180/2/3442 2219/2/3442
f 2220/2/3444 2274/2/3445 2272/2/3446
f 2272/2/3446 2215/2/3445 2220/2/3444
f 2273/2/3447 2219/2/3448 2214/2/3449
f 2214/2/3449 2213/2/3450 2273/2/3447
f 2221/2/3451 2247/2/3451 2274/2/3451
f 2274/2/3451 2220/2/3451 2221/2/3451
f 2275/2/3452 2276/2/3452 2277/2/3453
f 2277/2/3453 2278/2/3452 2275/2/3452
f 2252/2/3454 2279/2/3454 2280/2/3455
f 2280/2/3455 2251/2/2991 2252/2/3454
f 2253/2/3456 2281/2/3456 2243/2/3457
f 2243/2/3457 2246/2/3458 2253/2/3456
f 2282/2/3459 2279/2/3460 2252/2/3461
f 2252/2/3461 2254/2/3462 2282/2/3459
f 2255/2/3245 2278/2/3245 2281/2/2998
f 2281/2/2998 2253/2/2998 2255/2/3245
f 2256/2/3001 2283/2/3001 2282/2/3001
f 2282/2/3001 2254/2/3001 2256/2/3001
f 2275/2/3463 2278/2/3463 2255/2/3464
f 2255/2/3464 2257/2/3465 2275/2/3463
f 2258/2/3466 2284/2/3467 2283/2/3468
f 2283/2/3468 2256/2/3469 2258/2/3466
f 2260/2/2929 2259/2/2929 2285/2/2929
f 2285/2/2929 2286/2/2929 2260/2/2929
f 2261/2/2932 2287/2/3470 2275/2/2932
f 2275/2/2932 2257/2/3471 2261/2/2932
f 2288/2/3472 2284/2/3473 2258/2/3472
f 2258/2/3472 2262/2/3472 2288/2/3472
f 2285/2/3474 2259/2/2938 2263/2/3474
f 2263/2/3474 2289/2/2938 2285/2/3474
f 2264/2/3475 2290/2/2940 2287/2/3476
f 2287/2/3476 2261/2/3477 2264/2/3475
f 2265/2/2943 2291/2/3478 2288/2/2943
f 2288/2/2943 2262/2/2943 2265/2/2943
f 2289/2/3479 2263/2/2947 2266/2/3480
f 2266/2/3480 2292/2/3481 2289/2/3479
f 2293/2/3482 2290/2/3482 2264/2/2949
f 2264/2/2949 2267/2/3483 2293/2/3482
f 2268/2/3484 2294/2/2952 2291/2/2953
f 2291/2/2953 2265/2/3484 2268/2/3484
f 2269/2/3203 2295/2/3203 2292/2/3203
f 2292/2/3203 2266/2/3203 2269/2/3203
f 2270/2/3485 2296/2/2956 2293/2/3486
f 2293/2/3486 2267/2/3485 2270/2/3485
f 2297/2/3487 2294/2/3205 2268/2/3487
f 2268/2/3487 2271/2/3487 2297/2/3487
f 2272/2/3488 2298/2/3489 2295/2/3490
f 2295/2/3490 2269/2/3491 2272/2/3488
f 2286/2/3492 2296/2/3493 2270/2/3492
f 2270/2/3492 2260/2/3492 2286/2/3492
f 2273/2/3494 2299/2/3495 2297/2/3494
f 2297/2/3494 2271/2/2963 2273/2/3494
f 2298/2/3496 2272/2/3218 2274/2/3496
f 2274/2/3496 2300/2/3497 2298/2/3496
f 2213/2/3498 2301/2/3499 2299/2/3500
f 2299/2/3500 2273/2/3501 2213/2/3498
f 2247/2/3502 2302/2/3502 2300/2/3502
f 2300/2/3502 2274/2/3502 2247/2/3502
f 2303/2/3503 2301/2/3226 2213/2/3503
f 2213/2/3503 2212/2/2971 2303/2/3503
f 2248/2/3504 2304/2/3504 2302/2/3228
f 2302/2/3228 2247/2/3504 2248/2/3504
f 2249/2/3505 2305/2/3506 2303/2/3505
f 2303/2/3505 2212/2/2978 2249/2/3505
f 2306/2/2979 2304/2/3507 2248/2/2979
f 2248/2/2979 2250/2/2979 2306/2/2979
f 2245/2/3231 2244/2/3231 2305/2/2981
f 2305/2/2981 2249/2/3231 2245/2/3231
f 2251/2/2985 2280/2/3508 2306/2/3509
f 2306/2/3509 2250/2/2985 2251/2/2985
f 2307/2/3510 2308/2/3511 2309/2/3512
f 2309/2/3512 2310/2/3510 2307/2/3510
f 2284/2/3513 2311/2/3513 2312/2/3513
f 2312/2/3513 2283/2/3513 2284/2/3513
f 2313/2/3514 2314/2/3515 2286/2/3516
f 2286/2/3516 2285/2/3515 2313/2/3514
f 2315/2/3517 2276/2/3517 2275/2/3518
f 2275/2/3518 2287/2/3517 2315/2/3517
f 2288/2/3519 2316/2/3519 2311/2/3520
f 2311/2/3520 2284/2/3519 2288/2/3519
f 2289/2/3521 2317/2/3521 2313/2/3521
f 2313/2/3521 2285/2/3521 2289/2/3521
f 2290/2/3522 2318/2/3522 2315/2/3522
f 2315/2/3522 2287/2/3522 2290/2/3522
f 2319/2/3523 2316/2/3524 2288/2/3524
f 2288/2/3524 2291/2/3524 2319/2/3523
f 2292/2/3525 2320/2/3525 2317/2/3525
f 2317/2/3525 2289/2/3525 2292/2/3525
f 2293/2/3526 2321/2/3526 2318/2/3526
f 2318/2/3526 2290/2/3526 2293/2/3526
f 2294/2/3527 2322/2/3527 2319/2/3527
f 2319/2/3527 2291/2/3527 2294/2/3527
f 2323/2/3528 2320/2/3528 2292/2/3528
f 2292/2/3528 2295/2/3528 2323/2/3528
f 2321/2/3529 2293/2/3530 2296/2/3531
f 2296/2/3531 2324/2/3530 2321/2/3529
f 2297/2/3532 2325/2/3533 2322/2/3534
f 2322/2/3534 2294/2/3533 2297/2/3532
f 2298/2/3535 2326/2/3536 2323/2/3537
f 2323/2/3537 2295/2/3536 2298/2/3535
f 2314/2/3538 2324/2/3539 2296/2/3539
f 2296/2/3539 2286/2/3539 2314/2/3538
f 2325/2/3540 2297/2/3540 2299/2/3540
f 2299/2/3540 2327/2/3540 2325/2/3540
f 2300/2/3541 2328/2/3542 2326/2/3542
f 2326/2/3542 2298/2/3542 2300/2/3541
f 2301/2/3543 2329/2/3543 2327/2/3543
f 2327/2/3543 2299/2/3543 2301/2/3543
f 2330/2/3544 2328/2/3544 2300/2/3544
f 2300/2/3544 2302/2/3544 2330/2/3544
f 2303/2/3545 2331/2/3546 2329/2/3546
f 2329/2/3546 2301/2/3546 2303/2/3545
f 2304/2/3547 2332/2/3547 2330/2/3547
f 2330/2/3547 2302/2/3547 2304/2/3547
f 2309/2/3548 2331/2/3549 2303/2/3550
f 2303/2/3550 2305/2/3549 2309/2/3548
f 2306/2/3551 2333/2/3551 2332/2/3552
f 2332/2/3552 2304/2/3551 2306/2/3551
f 2244/2/3553 2310/2/3554 2309/2/3554
f 2309/2/3554 2305/2/3554 2244/2/3553
f 2333/2/3555 2306/2/3555 2280/2/3556
f 2280/2/3556 2334/2/3555 2333/2/3555
f 2243/2/3557 2335/2/3558 2310/2/3559
f 2310/2/3559 2244/2/3560 2243/2/3557
f 2279/2/3561 2336/2/3561 2334/2/3562
f 2334/2/3562 2280/2/3561 2279/2/3561
f 2335/2/3563 2243/2/3564 2281/2/3565
f 2281/2/3565 2337/2/3566 2335/2/3563
f 2282/2/3567 2338/2/3568 2336/2/3568
f 2336/2/3568 2279/2/3568 2282/2/3567
f 2278/2/3569 2277/2/3569 2337/2/3570
f 2337/2/3570 2281/2/3569 2278/2/3569
f 2312/2/3571 2338/2/3572 2282/2/3572
f 2282/2/3572 2283/2/3572 2312/2/3571
f 2339/2/3573 2340/2/3574 2341/2/3573
f 2341/2/3573 2342/2/3575 2339/2/3573
f 2334/2/3576 2343/2/3577 2344/2/3576
f 2344/2/3576 2333/2/3578 2334/2/3576
f 2335/2/3579 2345/2/3580 2307/2/3581
f 2307/2/3581 2310/2/3582 2335/2/3579
f 2346/2/3583 2343/2/3584 2334/2/3585
f 2334/2/3585 2336/2/3586 2346/2/3583
f 2337/2/3587 2342/2/3588 2345/2/3588
f 2345/2/3588 2335/2/3588 2337/2/3587
f 2338/2/3589 2347/2/3590 2346/2/3591
f 2346/2/3591 2336/2/3592 2338/2/3589
f 2342/2/3593 2337/2/3594 2277/2/3595
f 2277/2/3595 2339/2/3594 2342/2/3593
f 2312/2/3596 2348/2/3597 2347/2/3596
f 2347/2/3596 2338/2/3598 2312/2/3596
f 2276/2/3599 2349/2/3599 2339/2/3599
f 2339/2/3599 2277/2/3599 2276/2/3599
f 2348/2/3600 2312/2/3601 2311/2/3602
f 2311/2/3602 2350/2/3603 2348/2/3600
f 2314/2/3604 2313/2/3605 2351/2/3606
f 2351/2/3606 2352/2/3606 2314/2/3604
f 2315/2/3607 2353/2/3608 2349/2/3609
f 2349/2/3609 2276/2/3608 2315/2/3607
f 2316/2/3610 2354/2/3611 2350/2/3612
f 2350/2/3612 2311/2/3613 2316/2/3610
f 2317/2/3614 2355/2/3615 2351/2/3616
f 2351/2/3616 2313/2/3617 2317/2/3614
f 2356/2/3618 2353/2/3619 2315/2/3620
f 2315/2/3620 2318/2/3621 2356/2/3618
f 2319/2/3622 2357/2/3623 2354/2/3624
f 2354/2/3624 2316/2/3625 2319/2/3622
f 2320/2/3626 2358/2/3627 2355/2/3628
f 2355/2/3628 2317/2/3629 2320/2/3626
f 2321/2/3630 2359/2/3631 2356/2/3630
f 2356/2/3630 2318/2/3632 2321/2/3630
f 2360/2/3633 2357/2/3634 2319/2/3635
f 2319/2/3635 2322/2/3636 2360/2/3633
f 2323/2/3637 2361/2/3638 2358/2/3637
f 2358/2/3637 2320/2/3639 2323/2/3637
f 2324/2/3640 2362/2/3640 2359/2/3640
f 2359/2/3640 2321/2/3641 2324/2/3640
f 2325/2/3642 2363/2/3643 2360/2/3643
f 2360/2/3643 2322/2/3642 2325/2/3642
f 2361/2/3644 2323/2/3645 2326/2/3646
f 2326/2/3646 2364/2/3645 2361/2/3644
f 2352/2/3647 2362/2/3648 2324/2/3649
f 2324/2/3649 2314/2/3648 2352/2/3647
f 2327/2/3650 2365/2/3651 2363/2/3652
f 2363/2/3652 2325/2/3653 2327/2/3650
f 2328/2/3654 2366/2/3655 2364/2/3656
f 2364/2/3656 2326/2/3655 2328/2/3654
f 2365/2/3657 2327/2/3658 2329/2/3659
f 2329/2/3659 2367/2/3660 2365/2/3657
f 2330/2/3661 2368/2/3661 2366/2/3662
f 2366/2/3662 2328/2/3662 2330/2/3661
f 2331/2/3663 2369/2/3664 2367/2/3663
f 2367/2/3663 2329/2/3665 2331/2/3663
f 2370/2/3666 2368/2/3667 2330/2/3666
f 2330/2/3666 2332/2/3668 2370/2/3666
f 2309/2/3669 2308/2/3669 2369/2/3669
f 2369/2/3669 2331/2/3669 2309/2/3669
f 2333/2/3670 2344/2/3670 2370/2/3670
f 2370/2/3670 2332/2/3671 2333/2/3670
f 2371/2/3672 2372/2/3673 2373/2/3674
f 2373/2/3674 2374/2/3673 2371/2/3672
f 2348/2/3675 2375/2/3676 2376/2/3675
f 2376/2/3675 2347/2/3677 2348/2/3675
f 2339/2/3678 2349/2/3679 2377/2/3678
f 2377/2/3678 2340/2/3680 2339/2/3678
f 2350/2/3681 2378/2/3682 2375/2/3681
f 2375/2/3681 2348/2/3682 2350/2/3681
f 2352/2/3683 2351/2/3684 2379/2/3683
f 2379/2/3683 2380/2/3685 2352/2/3683
f 2377/2/3686 2349/2/3687 2353/2/3688
f 2353/2/3688 2372/2/3689 2377/2/3686
f 2350/2/3690 2354/2/3691 2381/2/3691
f 2381/2/3691 2378/2/3691 2350/2/3690
f 2379/2/3692 2351/2/3693 2355/2/3694
f 2355/2/3694 2382/2/3695 2379/2/3692
f 2356/2/3696 2373/2/3696 2372/2/3696
f 2372/2/3696 2353/2/3697 2356/2/3696
f 2381/2/3698 2354/2/3699 2357/2/3698
f 2357/2/3698 2383/2/3700 2381/2/3698
f 2382/2/3701 2355/2/3701 2358/2/3701
f 2358/2/3701 2384/2/3702 2382/2/3701
f 2356/2/3703 2359/2/3704 2385/2/3703
f 2385/2/3703 2373/2/3704 2356/2/3703
f 2360/2/3705 2386/2/3706 2383/2/3705
f 2383/2/3705 2357/2/3707 2360/2/3705
f 2361/2/3708 2387/2/3708 2384/2/3708
f 2384/2/3708 2358/2/3708 2361/2/3708
f 2385/2/3709 2359/2/3710 2362/2/3711
f 2362/2/3711 2388/2/3712 2385/2/3709
f 2360/2/3713 2363/2/3714 2389/2/3714
f 2389/2/3714 2386/2/3714 2360/2/3713
f 2364/2/3715 2390/2/3716 2387/2/3717
f 2387/2/3717 2361/2/3718 2364/2/3715
f 2362/2/3719 2352/2/3720 2380/2/3719
f 2380/2/3719 2388/2/3721 2362/2/3719
f 2389/2/3722 2363/2/3723 2365/2/3724
f 2365/2/3724 2391/2/3723 2389/2/3722
f 2390/2/3725 2364/2/3726 2366/2/3727
f 2366/2/3727 2392/2/3728 2390/2/3725
f 2367/2/3729 2393/2/3729 2391/2/3729
f 2391/2/3729 2365/2/3730 2367/2/3729
f 2368/2/3731 2394/2/3732 2392/2/3733
f 2392/2/3733 2366/2/3732 2368/2/3731
f 2367/2/3734 2369/2/3735 2395/2/3736
f 2395/2/3736 2393/2/3737 2367/2/3734
f 2370/2/3738 2396/2/3739 2394/2/3738
f 2394/2/3738 2368/2/3740 2370/2/3738
f 2395/2/3741 2369/2/3742 2308/2/3743
f 2308/2/3743 2397/2/3741 2395/2/3741
f 2370/2/3744 2344/2/3745 2398/2/3746
f 2398/2/3746 2396/2/3747 2370/2/3744
f 2307/2/3748 2399/2/3749 2397/2/3750
f 2397/2/3750 2308/2/3751 2307/2/3748
f 2398/2/3752 2344/2/3753 2343/2/3752
f 2343/2/3752 2400/2/3754 2398/2/3752
f 2307/2/3755 2345/2/3756 2401/2/3757
f 2401/2/3757 2399/2/3757 2307/2/3755
f 2402/2/3758 2400/2/3759 2343/2/3760
f 2343/2/3760 2346/2/3761 2402/2/3758
f 2401/2/3762 2345/2/3763 2342/2/3764
f 2342/2/3764 2341/2/3762 2401/2/3762
f 2402/2/3765 2346/2/3766 2347/2/3765
f 2347/2/3765 2376/2/3767 2402/2/3765
f 2403/2/3768 2404/2/3769 2405/2/3768
f 2405/2/3768 2406/2/3770 2403/2/3768
f 2383/2/3771 2407/2/3772 2408/2/3771
f 2408/2/3771 2381/2/3772 2383/2/3771
f 2384/2/3773 2409/2/3773 2410/2/3773
f 2410/2/3773 2382/2/3773 2384/2/3773
f 2385/2/3774 2411/2/3775 2374/2/3776
f 2374/2/3776 2373/2/3775 2385/2/3774
f 2407/2/3777 2383/2/3777 2386/2/3777
f 2386/2/3777 2412/2/3777 2407/2/3777
f 2384/2/3778 2387/2/3778 2413/2/3778
f 2413/2/3778 2409/2/3778 2384/2/3778
f 2388/2/3779 2405/2/3780 2411/2/3781
f 2411/2/3781 2385/2/3780 2388/2/3779
f 2389/2/3782 2414/2/3782 2412/2/3783
f 2412/2/3783 2386/2/3782 2389/2/3782
f 2413/2/3784 2387/2/3785 2390/2/3785
f 2390/2/3785 2415/2/3785 2413/2/3784
f 2406/2/3786 2405/2/3786 2388/2/3786
f 2388/2/3786 2380/2/3786 2406/2/3786
f 2391/2/3787 2416/2/3788 2414/2/3789
f 2414/2/3789 2389/2/3788 2391/2/3787
f 2392/2/3790 2417/2/3790 2415/2/3790
f 2415/2/3790 2390/2/3790 2392/2/3790
f 2416/2/3791 2391/2/3792 2393/2/3793
f 2393/2/3793 2418/2/3792 2416/2/3791
f 2392/2/3794 2394/2/3794 2419/2/3794
f 2419/2/3794 2417/2/3794 2392/2/3794
f 2395/2/3795 2420/2/3795 2418/2/3795
f 2418/2/3795 2393/2/3796 2395/2/3795
f 2419/2/3797 2394/2/3798 2396/2/3799
f 2396/2/3799 2421/2/3798 2419/2/3797
f 2397/2/3800 2422/2/3801 2420/2/3800
f 2420/2/3800 2395/2/3801 2397/2/3800
f 2398/2/3802 2423/2/3803 2421/2/3804
f 2421/2/3804 2396/2/3802 2398/2/3802
f 2422/2/3805 2397/2/3806 2399/2/3807
f 2399/2/3807 2424/2/3806 2422/2/3805
f 2400/2/3808 2425/2/3808 2423/2/3808
f 2423/2/3808 2398/2/3808 2400/2/3808
f 2401/2/3809 2426/2/3810 2424/2/3811
f 2424/2/3811 2399/2/3810 2401/2/3809
f 2400/2/3812 2402/2/3812 2427/2/3812
f 2427/2/3812 2425/2/3812 2400/2/3812
f 2341/2/3813 2428/2/3814 2426/2/3813
f 2426/2/3813 2401/2/3814 2341/2/3813
f 2429/2/3815 2427/2/3816 2402/2/3816
f 2402/2/3816 2376/2/3816 2429/2/3815
f 2428/2/3817 2341/2/3818 2340/2/3817
f 2340/2/3817 2430/2/3818 2428/2/3817
f 2429/2/3819 2376/2/3819 2375/2/3819
f 2375/2/3819 2431/2/3819 2429/2/3819
f 2377/2/3820 2432/2/3821 2430/2/3822
f 2430/2/3822 2340/2/3821 2377/2/3820
f 2431/2/3823 2375/2/3824 2378/2/3824
f 2378/2/3824 2433/2/3824 2431/2/3823
f 2379/2/3825 2434/2/3826 2406/2/3826
f 2406/2/3826 2380/2/3826 2379/2/3825
f 2372/2/3827 2371/2/3828 2432/2/3828
f 2432/2/3828 2377/2/3828 2372/2/3827
f 2381/2/3829 2408/2/3829 2433/2/3829
f 2433/2/3829 2378/2/3829 2381/2/3829
f 2434/2/3830 2379/2/3830 2382/2/3831
f 2382/2/3831 2410/2/3831 2434/2/3830
f 2435/2/3832 2436/2/3833 2437/2/3834
f 2437/2/3834 2438/2/3835 2435/2/3832
f 2416/2/3836 2439/2/3836 2440/2/3836
f 2440/2/3836 2414/2/3836 2416/2/3836
f 2441/2/3837 2415/2/3838 2417/2/3839
f 2417/2/3839 2442/2/3840 2441/2/3837
f 2418/2/3841 2443/2/3842 2439/2/3843
f 2439/2/3843 2416/2/3844 2418/2/3841
f 2419/2/3845 2444/2/3846 2442/2/3847
f 2442/2/3847 2417/2/3848 2419/2/3845
f 2443/2/3849 2418/2/3849 2420/2/3850
f 2420/2/3850 2438/2/3851 2443/2/3849
f 2421/2/3852 2445/2/3853 2444/2/3854
f 2444/2/3854 2419/2/3855 2421/2/3852
f 2422/2/3856 2435/2/3856 2438/2/3856
f 2438/2/3856 2420/2/3856 2422/2/3856
f 2445/2/3857 2421/2/3858 2423/2/3859
f 2423/2/3859 2446/2/3857 2445/2/3857
f 2424/2/3860 2447/2/3861 2435/2/3862
f 2435/2/3862 2422/2/3861 2424/2/3860
f 2425/2/3863 2448/2/3864 2446/2/3865
f 2446/2/3865 2423/2/3866 2425/2/3863
f 2447/2/3867 2424/2/3868 2426/2/3869
f 2426/2/3869 2449/2/3870 2447/2/3867
f 2427/2/3871 2450/2/3872 2448/2/3871
f 2448/2/3871 2425/2/3873 2427/2/3871
f 2428/2/3874 2451/2/3875 2449/2/3876
f 2449/2/3876 2426/2/3877 2428/2/3874
f 2450/2/3878 2427/2/3879 2429/2/3880
f 2429/2/3880 2452/2/3881 2450/2/3878
f 2430/2/3882 2453/2/3883 2451/2/3884
f 2451/2/3884 2428/2/3885 2430/2/3882
f 2431/2/3886 2454/2/3887 2452/2/3888
f 2452/2/3888 2429/2/3887 2431/2/3886
f 2453/2/3889 2430/2/3890 2432/2/3891
f 2432/2/3891 2455/2/3892 2453/2/3889
f 2433/2/3893 2456/2/3894 2454/2/3895
f 2454/2/3895 2431/2/3896 2433/2/3893
f 2406/2/3897 2434/2/3898 2457/2/3899
f 2457/2/3899 2403/2/3898 2406/2/3897
f 2371/2/3900 2458/2/3901 2455/2/3902
f 2455/2/3902 2432/2/3903 2371/2/3900
f 2456/2/3904 2433/2/3905 2408/2/3906
f 2408/2/3906 2459/2/3907 2456/2/3904
f 2410/2/3908 2460/2/3909 2457/2/3908
f 2457/2/3908 2434/2/3910 2410/2/3908
f 2374/2/3911 2461/2/3912 2458/2/3913
f 2458/2/3913 2371/2/3914 2374/2/3911
f 2407/2/3915 2462/2/3915 2459/2/3916
f 2459/2/3916 2408/2/3915 2407/2/3915
f 2460/2/3917 2410/2/3918 2409/2/3919
f 2409/2/3919 2463/2/3917 2460/2/3917
f 2461/2/3920 2374/2/3920 2411/2/3920
f 2411/2/3920 2464/2/3920 2461/2/3920
f 2412/2/3921 2465/2/3922 2462/2/3923
f 2462/2/3923 2407/2/3923 2412/2/3921
f 2413/2/3924 2466/2/3925 2463/2/3925
f 2463/2/3925 2409/2/3925 2413/2/3924
f 2405/2/3926 2404/2/3927 2464/2/3926
f 2464/2/3926 2411/2/3928 2405/2/3926
f 2465/2/3929 2412/2/3929 2414/2/3930
f 2414/2/3930 2440/2/3930 2465/2/3929
f 2415/2/3931 2441/2/3932 2466/2/3933
f 2466/2/3933 2413/2/3934 2415/2/3931
f 2467/2/3935 2468/2/3935 2469/2/3936
f 2469/2/3936 2470/2/3935 2467/2/3935
f 2471/2/3937 2472/2/3938 2445/2/3937
f 2445/2/3937 2446/2/3939 2471/2/3937
f 2447/2/3940 2473/2/3941 2436/2/3940
f 2436/2/3940 2435/2/3941 2447/2/3940
f 2448/2/3942 2474/2/3943 2471/2/3942
f 2471/2/3942 2446/2/3942 2448/2/3942
f 2468/2/3944 2473/2/3945 2447/2/3944
f 2447/2/3944 2449/2/3946 2468/2/3944
f 2450/2/3947 2475/2/3948 2474/2/3947
f 2474/2/3947 2448/2/3947 2450/2/3947
f 2451/2/3949 2469/2/3950 2468/2/3949
f 2468/2/3949 2449/2/3951 2451/2/3949
f 2476/2/3952 2475/2/3953 2450/2/3954
f 2450/2/3954 2452/2/3955 2476/2/3952
f 2453/2/3956 2477/2/3956 2469/2/3956
f 2469/2/3956 2451/2/3957 2453/2/3956
f 2454/2/3958 2478/2/3959 2476/2/3958
f 2476/2/3958 2452/2/3960 2454/2/3958
f 2479/2/3961 2477/2/3962 2453/2/3963
f 2453/2/3963 2455/2/3964 2479/2/3961
f 2456/2/3965 2480/2/3966 2478/2/3965
f 2478/2/3965 2454/2/3967 2456/2/3965
f 2481/2/3968 2403/2/3969 2457/2/3970
f 2457/2/3970 2482/2/3970 2481/2/3968
f 2458/2/3971 2483/2/3972 2479/2/3972
f 2479/2/3972 2455/2/3972 2458/2/3971
f 2484/2/3973 2480/2/3974 2456/2/3974
f 2456/2/3974 2459/2/3974 2484/2/3973
f 2482/2/3975 2457/2/3976 2460/2/3976
f 2460/2/3976 2485/2/3977 2482/2/3975
f 2461/2/3978 2486/2/3979 2483/2/3979
f 2483/2/3979 2458/2/3980 2461/2/3978
f 2462/2/3981 2487/2/3982 2484/2/3983
f 2484/2/3983 2459/2/3984 2462/2/3981
f 2463/2/3985 2488/2/3986 2485/2/3985
f 2485/2/3985 2460/2/3987 2463/2/3985
f 2489/2/3988 2486/2/3989 2461/2/3988
f 2461/2/3988 2464/2/3990 2489/2/3988
f 2465/2/3991 2490/2/3991 2487/2/3991
f 2487/2/3991 2462/2/3991 2465/2/3991
f 2488/2/3992 2463/2/3993 2466/2/3992
f 2466/2/3992 2491/2/3994 2488/2/3992
f 2404/2/3995 2492/2/3995 2489/2/3995
f 2489/2/3995 2464/2/3996 2404/2/3995
f 2493/2/3997 2490/2/3997 2465/2/3998
f 2465/2/3998 2440/2/3998 2493/2/3997
f 2441/2/3999 2494/2/3999 2491/2/3999
f 2491/2/3999 2466/2/3999 2441/2/3999
f 2481/2/4000 2492/2/4000 2404/2/4001
f 2404/2/4001 2403/2/4000 2481/2/4000
f 2439/2/4002 2495/2/4003 2493/2/4002
f 2493/2/4002 2440/2/4004 2439/2/4002
f 2442/2/4005 2496/2/4006 2494/2/4007
f 2494/2/4007 2441/2/4005 2442/2/4005
f 2443/2/4008 2497/2/4008 2495/2/4008
f 2495/2/4008 2439/2/4008 2443/2/4008
f 2496/2/4009 2442/2/4010 2444/2/4011
f 2444/2/4011 2498/2/4012 2496/2/4009
f 2437/2/4013 2497/2/4013 2443/2/4014
f 2443/2/4014 2438/2/4013 2437/2/4013
f 2445/2/4015 2472/2/4016 2498/2/4017
f 2498/2/4017 2444/2/4018 2445/2/4015
f 2499/2/4019 2500/2/4020 2501/2/4020
f 2501/2/4020 2502/2/4021 2499/2/4019
f 2476/2/4022 2503/2/4022 2504/2/4022
f 2504/2/4022 2475/2/4022 2476/2/4022
f 2477/2/4023 2505/2/4024 2470/2/4024
f 2470/2/4024 2469/2/4024 2477/2/4023
f 2506/2/4025 2503/2/4026 2476/2/4027
f 2476/2/4027 2478/2/4026 2506/2/4025
f 2479/2/4028 2507/2/4029 2505/2/4030
f 2505/2/4030 2477/2/4029 2479/2/4028
f 2480/2/4031 2508/2/4031 2506/2/4032
f 2506/2/4032 2478/2/4031 2480/2/4031
f 2500/2/4033 2499/2/4033 2481/2/4033
f 2481/2/4033 2482/2/4033 2500/2/4033
f 2509/2/4034 2507/2/4034 2479/2/4035
f 2479/2/4035 2483/2/4034 2509/2/4034
f 2484/2/4036 2510/2/4036 2508/2/4036
f 2508/2/4036 2480/2/4036 2484/2/4036
f 2485/2/4037 2511/2/4038 2500/2/4038
f 2500/2/4038 2482/2/4038 2485/2/4037
f 2486/2/4039 2512/2/4040 2509/2/4040
f 2509/2/4040 2483/2/4040 2486/2/4039
f 2513/2/4041 2510/2/4041 2484/2/4042
f 2484/2/4042 2487/2/4041 2513/2/4041
f 2488/2/4043 2514/2/4044 2511/2/4043
f 2511/2/4043 2485/2/4044 2488/2/4043
f 2489/2/4045 2515/2/4046 2512/2/4046
f 2512/2/4046 2486/2/4046 2489/2/4045
f 2490/2/4047 2516/2/4047 2513/2/4048
f 2513/2/4048 2487/2/4047 2490/2/4047
f 2517/2/4049 2514/2/4050 2488/2/4051
f 2488/2/4051 2491/2/4050 2517/2/4049
f 2518/2/4052 2515/2/4052 2489/2/4052
f 2489/2/4052 2492/2/4052 2518/2/4052
f 2493/2/4053 2519/2/4054 2516/2/4054
f 2516/2/4054 2490/2/4054 2493/2/4053
f 2494/2/4055 2520/2/4055 2517/2/4056
f 2517/2/4056 2491/2/4055 2494/2/4055
f 2518/2/4057 2492/2/4057 2481/2/4058
f 2481/2/4058 2499/2/4057 2518/2/4057
f 2519/2/4059 2493/2/4059 2495/2/4060
f 2495/2/4060 2521/2/4059 2519/2/4059
f 2496/2/4061 2522/2/4061 2520/2/4062
f 2520/2/4062 2494/2/4061 2496/2/4061
f 2497/2/4063 2523/2/4063 2521/2/4063
f 2521/2/4063 2495/2/4063 2497/2/4063
f 2524/2/4064 2522/2/4064 2496/2/4064
f 2496/2/4064 2498/2/4064 2524/2/4064
f 2437/2/4065 2525/2/4065 2523/2/4065
f 2523/2/4065 2497/2/4065 2437/2/4065
f 2472/2/4066 2526/2/4066 2524/2/4067
f 2524/2/4067 2498/2/4066 2472/2/4066
f 2525/2/4068 2437/2/4069 2436/2/4070
f 2436/2/4070 2527/2/4069 2525/2/4068
f 2471/2/4071 2528/2/4071 2526/2/4071
f 2526/2/4071 2472/2/4071 2471/2/4071
f 2473/2/4072 2529/2/4072 2527/2/4073
f 2527/2/4073 2436/2/4074 2473/2/4072
f 2530/2/4075 2528/2/4076 2471/2/4076
f 2471/2/4076 2474/2/4076 2530/2/4075
f 2468/2/4077 2467/2/4078 2529/2/4078
f 2529/2/4078 2473/2/4079 2468/2/4077
f 2475/2/4080 2504/2/4080 2530/2/4080
f 2530/2/4080 2474/2/4080 2475/2/4080
f 2531/2/4081 2532/2/4082 2533/2/4081
f 2533/2/4081 2534/2/4081 2531/2/4081
f 2509/2/4083 2535/2/4083 2536/2/4083
f 2536/2/4083 2507/2/4084 2509/2/4083
f 2510/2/4085 2537/2/4086 2538/2/4086
f 2538/2/4086 2508/2/4087 2510/2/4085
f 2511/2/4088 2539/2/4089 2501/2/4090
f 2501/2/4090 2500/2/4091 2511/2/4088
f 2540/2/4092 2535/2/4093 2509/2/4092
f 2509/2/4092 2512/2/4094 2540/2/4092
f 2513/2/4095 2541/2/4096 2537/2/4095
f 2537/2/4095 2510/2/4097 2513/2/4095
f 2514/2/4098 2534/2/4099 2539/2/4100
f 2539/2/4100 2511/2/4101 2514/2/4098
f 2515/2/4102 2542/2/4102 2540/2/4102
f 2540/2/4102 2512/2/4102 2515/2/4102
f 2541/2/4103 2513/2/4104 2516/2/4105
f 2516/2/4105 2543/2/4106 2541/2/4103
f 2517/2/4107 2531/2/4108 2534/2/4107
f 2534/2/4107 2514/2/4109 2517/2/4107
f 2518/2/4110 2544/2/4111 2542/2/4112
f 2542/2/4112 2515/2/4113 2518/2/4110
f 2519/2/4114 2545/2/4115 2543/2/4116
f 2543/2/4116 2516/2/4116 2519/2/4114
f 2531/2/4117 2517/2/4117 2520/2/4118
f 2520/2/4118 2546/2/4117 2531/2/4117
f 2544/2/4119 2518/2/4119 2499/2/4119
f 2499/2/4119 2502/2/4119 2544/2/4119
f 2521/2/4120 2547/2/4121 2545/2/4122
f 2545/2/4122 2519/2/4123 2521/2/4120
f 2522/2/4124 2548/2/4125 2546/2/4126
f 2546/2/4126 2520/2/4127 2522/2/4124
f 2549/2/4128 2547/2/4129 2521/2/4130
f 2521/2/4130 2523/2/4130 2549/2/4128
f 2524/2/4131 2550/2/4132 2548/2/4133
f 2548/2/4133 2522/2/4133 2524/2/4131
f 2525/2/4134 2551/2/4135 2549/2/4136
f 2549/2/4136 2523/2/4137 2525/2/4134
f 2552/2/4138 2550/2/4139 2524/2/4140
f 2524/2/4140 2526/2/4141 2552/2/4138
f 2527/2/4142 2553/2/4143 2551/2/4142
f 2551/2/4142 2525/2/4144 2527/2/4142
f 2528/2/4145 2554/2/4146 2552/2/4145
f 2552/2/4145 2526/2/4147 2528/2/4145
f 2553/2/4148 2527/2/4148 2529/2/4149
f 2529/2/4149 2555/2/4150 2553/2/4148
f 2530/2/4151 2556/2/4152 2554/2/4153
f 2554/2/4153 2528/2/4154 2530/2/4151
f 2467/2/4155 2557/2/4156 2555/2/4157
f 2555/2/4157 2529/2/4158 2467/2/4155
f 2558/2/4159 2556/2/4160 2530/2/4161
f 2530/2/4161 2504/2/4162 2558/2/4159
f 2470/2/4163 2559/2/4164 2557/2/4163
f 2557/2/4163 2467/2/4163 2470/2/4163
f 2503/2/4165 2560/2/4166 2558/2/4167
f 2558/2/4167 2504/2/4168 2503/2/4165
f 2561/2/4169 2559/2/4170 2470/2/4169
f 2470/2/4169 2505/2/4171 2561/2/4169
f 2506/2/4172 2562/2/4172 2560/2/4173
f 2560/2/4173 2503/2/4173 2506/2/4172
f 2507/2/4174 2536/2/4174 2561/2/4175
f 2561/2/4175 2505/2/4175 2507/2/4174
f 2562/2/4176 2506/2/4177 2508/2/4176
f 2508/2/4176 2538/2/4177 2562/2/4176
f 2563/2/4178 2564/2/4178 2565/2/4178
f 2565/2/4178 2566/2/4178 2563/2/4178
f 2544/2/4179 2567/2/4179 2568/2/4180
f 2568/2/4180 2542/2/4179 2544/2/4179
f 2569/2/4181 2570/2/4181 2543/2/4181
f 2543/2/4181 2545/2/4181 2569/2/4181
f 2546/2/4182 2571/2/4182 2532/2/4182
f 2532/2/4182 2531/2/4182 2546/2/4182
f 2572/2/4183 2567/2/4183 2544/2/4183
f 2544/2/4183 2502/2/4183 2572/2/4183
f 2547/2/4184 2573/2/4185 2569/2/4184
f 2569/2/4184 2545/2/4186 2547/2/4184
f 2571/2/4187 2546/2/4188 2548/2/4189
f 2548/2/4189 2565/2/4188 2571/2/4187
f 2549/2/4190 2574/2/4191 2573/2/4191
f 2573/2/4191 2547/2/4191 2549/2/4190
f 2550/2/4192 2566/2/4193 2565/2/4192
f 2565/2/4192 2548/2/4194 2550/2/4192
f 2575/2/4195 2574/2/4195 2549/2/4196
f 2549/2/4196 2551/2/4195 2575/2/4195
f 2552/2/4197 2576/2/4197 2566/2/4198
f 2566/2/4198 2550/2/4197 2552/2/4197
f 2553/2/4199 2577/2/4199 2575/2/4200
f 2575/2/4200 2551/2/4199 2553/2/4199
f 2578/2/4201 2576/2/4202 2552/2/4203
f 2552/2/4203 2554/2/4204 2578/2/4201
f 2555/2/4205 2579/2/4206 2577/2/4205
f 2577/2/4205 2553/2/4206 2555/2/4205
f 2556/2/4207 2580/2/4208 2578/2/4209
f 2578/2/4209 2554/2/4210 2556/2/4207
f 2581/2/4211 2579/2/4212 2555/2/4211
f 2555/2/4211 2557/2/4213 2581/2/4211
f 2558/2/4214 2582/2/4215 2580/2/4215
f 2580/2/4215 2556/2/4216 2558/2/4214
f 2559/2/4217 2583/2/4218 2581/2/4217
f 2581/2/4217 2557/2/4219 2559/2/4217
f 2584/2/4220 2582/2/4220 2558/2/4220
f 2558/2/4220 2560/2/4220 2584/2/4220
f 2561/2/4221 2585/2/4222 2583/2/4221
f 2583/2/4221 2559/2/4223 2561/2/4221
f 2562/2/4224 2586/2/4225 2584/2/4226
f 2584/2/4226 2560/2/4224 2562/2/4224
f 2587/2/4227 2585/2/4227 2561/2/4227
f 2561/2/4227 2536/2/4227 2587/2/4227
f 2538/2/4228 2588/2/4229 2586/2/4228
f 2586/2/4228 2562/2/4230 2538/2/4228
f 2502/2/4231 2501/2/4231 2589/2/4231
f 2589/2/4231 2572/2/4232 2502/2/4231
f 2535/2/4233 2590/2/4234 2587/2/4233
f 2587/2/4233 2536/2/4233 2535/2/4233
f 2591/2/4235 2588/2/4235 2538/2/4236
f 2538/2/4236 2537/2/4236 2591/2/4235
f 2592/2/4237 2589/2/4238 2501/2/4239
f 2501/2/4239 2539/2/4240 2592/2/4237
f 2540/2/4241 2593/2/4242 2590/2/4241
f 2590/2/4241 2535/2/4242 2540/2/4241
f 2541/2/4243 2594/2/4244 2591/2/4243
f 2591/2/4243 2537/2/4243 2541/2/4243
f 2533/2/4245 2592/2/4246 2539/2/4245
f 2539/2/4245 2534/2/4247 2533/2/4245
f 2568/2/4248 2593/2/4249 2540/2/4248
f 2540/2/4248 2542/2/4250 2568/2/4248
f 2543/2/4251 2570/2/4251 2594/2/4251
f 2594/2/4251 2541/2/4251 2543/2/4251
f 2595/2/4252 2596/2/4253 2597/2/4254
f 2597/2/4254 2598/2/4255 2595/2/4252
f 2575/2/4256 2599/2/4256 2600/2/4256
f 2600/2/4256 2574/2/4256 2575/2/4256
f 2576/2/4257 2601/2/4258 2563/2/4259
f 2563/2/4259 2566/2/4259 2576/2/4257
f 2599/2/4260 2575/2/4261 2577/2/4262
f 2577/2/4262 2602/2/4261 2599/2/4260
f 2578/2/4263 2598/2/4264 2601/2/4265
f 2601/2/4265 2576/2/4264 2578/2/4263
f 2579/2/4266 2603/2/4267 2602/2/4268
f 2602/2/4268 2577/2/4267 2579/2/4266
f 2595/2/4269 2598/2/4269 2578/2/4269
f 2578/2/4269 2580/2/4269 2595/2/4269
f 2581/2/4270 2604/2/4270 2603/2/4271
f 2603/2/4271 2579/2/4272 2581/2/4270
f 2582/2/4273 2605/2/4274 2595/2/4275
f 2595/2/4275 2580/2/4274 2582/2/4273
f 2606/2/4276 2604/2/4277 2581/2/4278
f 2581/2/4278 2583/2/4279 2606/2/4276
f 2584/2/4280 2607/2/4280 2605/2/4280
f 2605/2/4280 2582/2/4280 2584/2/4280
f 2585/2/4281 2608/2/4282 2606/2/4283
f 2606/2/4283 2583/2/4282 2585/2/4281
f 2609/2/4284 2607/2/4284 2584/2/4284
f 2584/2/4284 2586/2/4284 2609/2/4284
f 2587/2/4285 2610/2/4285 2608/2/4286
f 2608/2/4286 2585/2/4285 2587/2/4285
f 2588/2/4287 2611/2/4287 2609/2/4288
f 2609/2/4288 2586/2/4287 2588/2/4287
f 2612/2/4289 2613/2/4290 2572/2/4289
f 2572/2/4289 2589/2/4290 2612/2/4289
f 2614/2/4291 2610/2/4291 2587/2/4292
f 2587/2/4292 2590/2/4291 2614/2/4291
f 2591/2/4293 2615/2/4293 2611/2/4294
f 2611/2/4294 2588/2/4293 2591/2/4293
f 2592/2/4295 2616/2/4296 2612/2/4297
f 2612/2/4297 2589/2/4296 2592/2/4295
f 2593/2/4298 2617/2/4299 2614/2/4300
f 2614/2/4300 2590/2/4299 2593/2/4298
f 2615/2/4301 2591/2/4302 2594/2/4303
f 2594/2/4303 2618/2/4302 2615/2/4301
f 2533/2/4304 2619/2/4304 2616/2/4305
f 2616/2/4305 2592/2/4304 2533/2/4304
f 2568/2/4306 2620/2/4306 2617/2/4307
f 2617/2/4307 2593/2/4306 2568/2/4306
f 2570/2/4308 2621/2/4309 2618/2/4309
f 2618/2/4309 2594/2/4309 2570/2/4308
f 2622/2/4310 2619/2/4310 2533/2/4310
f 2533/2/4310 2532/2/4310 2622/2/4310
f 2623/2/4311 2620/2/4312 2568/2/4313
f 2568/2/4313 2567/2/4312 2623/2/4311
f 2569/2/4314 2624/2/4315 2621/2/4314
f 2621/2/4314 2570/2/4315 2569/2/4314
f 2571/2/4316 2625/2/4316 2622/2/4317
f 2622/2/4317 2532/2/4316 2571/2/4316
f 2613/2/4318 2623/2/4318 2567/2/4319
f 2567/2/4319 2572/2/4318 2613/2/4318
f 2624/2/4320 2569/2/4321 2573/2/4322
f 2573/2/4322 2626/2/4321 2624/2/4320
f 2565/2/4323 2564/2/4324 2625/2/4324
f 2625/2/4324 2571/2/4324 2565/2/4323
f 2574/2/4325 2600/2/4325 2626/2/4326
f 2626/2/4326 2573/2/4325 2574/2/4325
f 2627/2/4327 2628/2/4328 2629/2/4329
f 2629/2/4329 2630/2/4330 2627/2/4327
f 2604/2/4331 2631/2/4332 2632/2/4331
f 2632/2/4331 2603/2/4332 2604/2/4331
f 2633/2/4333 2596/2/4334 2595/2/4335
f 2595/2/4335 2605/2/4336 2633/2/4333
f 2606/2/4337 2634/2/4338 2631/2/4339
f 2631/2/4339 2604/2/4339 2606/2/4337
f 2607/2/4340 2630/2/4341 2633/2/4342
f 2633/2/4342 2605/2/4343 2607/2/4340
f 2634/2/4344 2606/2/4344 2608/2/4345
f 2608/2/4345 2635/2/4345 2634/2/4344
f 2609/2/4346 2627/2/4347 2630/2/4346
f 2630/2/4346 2607/2/4347 2609/2/4346
f 2610/2/4348 2636/2/4349 2635/2/4350
f 2635/2/4350 2608/2/4351 2610/2/4348
f 2627/2/4352 2609/2/4353 2611/2/4354
f 2611/2/4354 2637/2/4355 2627/2/4352
f 2613/2/4356 2612/2/4357 2638/2/4358
f 2638/2/4358 2639/2/4357 2613/2/4356
f 2614/2/4359 2640/2/4359 2636/2/4360
f 2636/2/4360 2610/2/4359 2614/2/4359
f 2615/2/4361 2641/2/4362 2637/2/4363
f 2637/2/4363 2611/2/4364 2615/2/4361
f 2616/2/4365 2642/2/4366 2638/2/4365
f 2638/2/4365 2612/2/4367 2616/2/4365
f 2643/2/4368 2640/2/4369 2614/2/4370
f 2614/2/4370 2617/2/4371 2643/2/4368
f 2618/2/4372 2644/2/4373 2641/2/4374
f 2641/2/4374 2615/2/4373 2618/2/4372
f 2619/2/4375 2645/2/4376 2642/2/4375
f 2642/2/4375 2616/2/4377 2619/2/4375
f 2620/2/4378 2646/2/4379 2643/2/4379
f 2643/2/4379 2617/2/4378 2620/2/4378
f 2647/2/4380 2644/2/4381 2618/2/4381
f 2618/2/4381 2621/2/4382 2647/2/4380
f 2622/2/4383 2648/2/4384 2645/2/4385
f 2645/2/4385 2619/2/4386 2622/2/4383
f 2623/2/4387 2649/2/4388 2646/2/4387
f 2646/2/4387 2620/2/4389 2623/2/4387
f 2624/2/4390 2650/2/4390 2647/2/4391
f 2647/2/4391 2621/2/4390 2624/2/4390
f 2648/2/4392 2622/2/4393 2625/2/4394
f 2625/2/4394 2651/2/4395 2648/2/4392
f 2639/2/4396 2649/2/4397 2623/2/4398
f 2623/2/4398 2613/2/4399 2639/2/4396
f 2626/2/4400 2652/2/4401 2650/2/4402
f 2650/2/4402 2624/2/4402 2626/2/4400
f 2564/2/4403 2653/2/4404 2651/2/4405
f 2651/2/4405 2625/2/4404 2564/2/4403
f 2654/2/4406 2652/2/4407 2626/2/4408
f 2626/2/4408 2600/2/4409 2654/2/4406
f 2563/2/4410 2655/2/4411 2653/2/4412
f 2653/2/4412 2564/2/4413 2563/2/4410
f 2599/2/4414 2656/2/4415 2654/2/4414
f 2654/2/4414 2600/2/4416 2599/2/4414
f 2657/2/4417 2655/2/4417 2563/2/4417
f 2563/2/4417 2601/2/4417 2657/2/4417
f 2602/2/4418 2658/2/4419 2656/2/4420
f 2656/2/4420 2599/2/4421 2602/2/4418
f 2598/2/4422 2597/2/4422 2657/2/4423
f 2657/2/4423 2601/2/4422 2598/2/4422
f 2658/2/4424 2602/2/4424 2603/2/4425
f 2603/2/4425 2632/2/4426 2658/2/4424
f 2659/2/4427 2660/2/4427 2661/2/4427
f 2661/2/4427 2662/2/4427 2659/2/4427
f 2635/2/4428 2636/2/4429 2663/2/4430
f 2663/2/4430 2664/2/4431 2635/2/4428
f 2637/2/4432 2665/2/4433 2628/2/4434
f 2628/2/4434 2627/2/4435 2637/2/4432
f 2639/2/4436 2638/2/4436 2666/2/4436
f 2666/2/4436 2667/2/4437 2639/2/4436
f 2663/2/4438 2636/2/4439 2640/2/4440
f 2640/2/4440 2668/2/4440 2663/2/4438
f 2637/2/4441 2641/2/4441 2662/2/4441
f 2662/2/4441 2665/2/4441 2637/2/4441
f 2666/2/4442 2638/2/4442 2642/2/4443
f 2642/2/4443 2669/2/4443 2666/2/4442
f 2643/2/4444 2670/2/4445 2668/2/4445
f 2668/2/4445 2640/2/4446 2643/2/4444
f 2662/2/4447 2641/2/4448 2644/2/4447
f 2644/2/4447 2659/2/4449 2662/2/4447
f 2671/2/4450 2669/2/4451 2642/2/4452
f 2642/2/4452 2645/2/4453 2671/2/4450
f 2643/2/4454 2646/2/4455 2672/2/4454
f 2672/2/4454 2670/2/4456 2643/2/4454
f 2647/2/4457 2673/2/4458 2659/2/4458
f 2659/2/4458 2644/2/4458 2647/2/4457
f 2648/2/4459 2674/2/4460 2671/2/4461
f 2671/2/4461 2645/2/4462 2648/2/4459
f 2672/2/4463 2646/2/4464 2649/2/4463
f 2649/2/4463 2675/2/4465 2672/2/4463
f 2647/2/4466 2650/2/4466 2676/2/4466
f 2676/2/4466 2673/2/4466 2647/2/4466
f 2651/2/4467 2677/2/4467 2674/2/4468
f 2674/2/4468 2648/2/4467 2651/2/4467
f 2649/2/4469 2639/2/4470 2667/2/4471
f 2667/2/4471 2675/2/4472 2649/2/4469
f 2676/2/4473 2650/2/4474 2652/2/4475
f 2652/2/4475 2678/2/4476 2676/2/4473
f 2679/2/4477 2677/2/4478 2651/2/4479
f 2651/2/4479 2653/2/4480 2679/2/4477
f 2654/2/4481 2680/2/4481 2678/2/4481
f 2678/2/4481 2652/2/4481 2654/2/4481
f 2655/2/4482 2681/2/4483 2679/2/4484
f 2679/2/4484 2653/2/4485 2655/2/4482
f 2654/2/4486 2656/2/4487 2682/2/4486
f 2682/2/4486 2680/2/4486 2654/2/4486
f 2657/2/4488 2683/2/4489 2681/2/4490
f 2681/2/4490 2655/2/4491 2657/2/4488
f 2682/2/4492 2656/2/4493 2658/2/4492
f 2658/2/4492 2684/2/4494 2682/2/4492
f 2657/2/4495 2597/2/4496 2685/2/4497
f 2685/2/4497 2683/2/4498 2657/2/4495
f 2632/2/4499 2686/2/4499 2684/2/4499
f 2684/2/4499 2658/2/4499 2632/2/4499
f 2685/2/4500 2597/2/4501 2596/2/4500
f 2596/2/4500 2687/2/4502 2685/2/4500
f 2632/2/4503 2631/2/4504 2688/2/4505
f 2688/2/4505 2686/2/4506 2632/2/4503
f 2689/2/4507 2687/2/4508 2596/2/4509
f 2596/2/4509 2633/2/4509 2689/2/4507
f 2688/2/4510 2631/2/4511 2634/2/4512
f 2634/2/4512 2690/2/4513 2688/2/4510
f 2689/2/4514 2633/2/4515 2630/2/4516
f 2630/2/4516 2629/2/4517 2689/2/4514
f 2635/2/4518 2664/2/4519 2690/2/4518
f 2690/2/4518 2634/2/4518 2635/2/4518
f 2691/2/4520 2692/2/4520 2693/2/4520
f 2693/2/4520 2694/2/4521 2691/2/4520
f 2671/2/4522 2695/2/4522 2696/2/4522
f 2696/2/4522 2669/2/4522 2671/2/4522
f 2672/2/4523 2697/2/4524 2698/2/4525
f 2698/2/4525 2670/2/4524 2672/2/4523
f 2660/2/4526 2659/2/4527 2673/2/4528
f 2673/2/4528 2699/2/4527 2660/2/4526
f 2671/2/4529 2674/2/4529 2700/2/4529
f 2700/2/4529 2695/2/4529 2671/2/4529
f 2675/2/4530 2701/2/4531 2697/2/4532
f 2697/2/4532 2672/2/4531 2675/2/4530
f 2676/2/4533 2694/2/4533 2699/2/4534
f 2699/2/4534 2673/2/4533 2676/2/4533
f 2700/2/4535 2674/2/4535 2677/2/4535
f 2677/2/4535 2702/2/4535 2700/2/4535
f 2703/2/4536 2701/2/4537 2675/2/4538
f 2675/2/4538 2667/2/4537 2703/2/4536
f 2678/2/4539 2691/2/4539 2694/2/4539
f 2694/2/4539 2676/2/4539 2678/2/4539
f 2679/2/4540 2704/2/4540 2702/2/4540
f 2702/2/4540 2677/2/4540 2679/2/4540
f 2691/2/4541 2678/2/4541 2680/2/4542
f 2680/2/4542 2705/2/4541 2691/2/4541
f 2679/2/4543 2681/2/4543 2706/2/4543
f 2706/2/4543 2704/2/4543 2679/2/4543
f 2682/2/4544 2707/2/4545 2705/2/4544
f 2705/2/4544 2680/2/4545 2682/2/4544
f 2706/2/4546 2681/2/4546 2683/2/4546
f 2683/2/4546 2708/2/4546 2706/2/4546
f 2684/2/4547 2709/2/4548 2707/2/4548
f 2707/2/4548 2682/2/4548 2684/2/4547
f 2685/2/4549 2710/2/4549 2708/2/4550
f 2708/2/4550 2683/2/4549 2685/2/4549
f 2709/2/4551 2684/2/4552 2686/2/4552
f 2686/2/4552 2711/2/4552 2709/2/4551
f 2687/2/4553 2712/2/4553 2710/2/4553
f 2710/2/4553 2685/2/4553 2687/2/4553
f 2688/2/4554 2713/2/4554 2711/2/4554
f 2711/2/4554 2686/2/4555 2688/2/4554
f 2687/2/4556 2689/2/4556 2714/2/4556
f 2714/2/4556 2712/2/4556 2687/2/4556
f 2690/2/4557 2715/2/4558 2713/2/4559
f 2713/2/4559 2688/2/4560 2690/2/4557
f 2716/2/4561 2714/2/4561 2689/2/4561
f 2689/2/4561 2629/2/4561 2716/2/4561
f 2715/2/4562 2690/2/4563 2664/2/4563
f 2664/2/4563 2717/2/4563 2715/2/4562
f 2716/2/4564 2629/2/4564 2628/2/4564
f 2628/2/4564 2718/2/4564 2716/2/4564
f 2663/2/4565 2719/2/4565 2717/2/4566
f 2717/2/4566 2664/2/4565 2663/2/4565
f 2718/2/4567 2628/2/4567 2665/2/4567
f 2665/2/4567 2720/2/4567 2718/2/4567
f 2666/2/4568 2721/2/4568 2703/2/4568
f 2703/2/4568 2667/2/4568 2666/2/4568
f 2668/2/4569 2722/2/4570 2719/2/4571
f 2719/2/4571 2663/2/4569 2668/2/4569
f 2662/2/4572 2661/2/4572 2720/2/4572
f 2720/2/4572 2665/2/4572 2662/2/4572
f 2721/2/4573 2666/2/4573 2669/2/4573
f 2669/2/4573 2696/2/4573 2721/2/4573
f 2722/2/4574 2668/2/4575 2670/2/4575
f 2670/2/4575 2698/2/4574 2722/2/4574
f 2723/2/4576 2724/2/4577 2725/2/4578
f 2725/2/4578 2726/2/4579 2723/2/4576
f 2727/2/4580 2702/2/4581 2704/2/4582
f 2704/2/4582 2728/2/4581 2727/2/4580
f 2705/2/4583 2729/2/4584 2692/2/4585
f 2692/2/4585 2691/2/4583 2705/2/4583
f 2706/2/4586 2730/2/4587 2728/2/4588
f 2728/2/4588 2704/2/4589 2706/2/4586
f 2729/2/4590 2705/2/4590 2707/2/4590
f 2707/2/4590 2726/2/4591 2729/2/4590
f 2708/2/4592 2731/2/4592 2730/2/4593
f 2730/2/4593 2706/2/4592 2708/2/4592
f 2709/2/4594 2723/2/4595 2726/2/4595
f 2726/2/4595 2707/2/4595 2709/2/4594
f 2731/2/4596 2708/2/4597 2710/2/4598
f 2710/2/4598 2732/2/4599 2731/2/4596
f 2711/2/4600 2733/2/4601 2723/2/4602
f 2723/2/4602 2709/2/4602 2711/2/4600
f 2712/2/4603 2734/2/4604 2732/2/4603
f 2732/2/4603 2710/2/4605 2712/2/4603
f 2733/2/4606 2711/2/4606 2713/2/4606
f 2713/2/4606 2735/2/4606 2733/2/4606
f 2714/2/4607 2736/2/4608 2734/2/4609
f 2734/2/4609 2712/2/4610 2714/2/4607
f 2715/2/4611 2737/2/4612 2735/2/4611
f 2735/2/4611 2713/2/4613 2715/2/4611
f 2736/2/4614 2714/2/4615 2716/2/4616
f 2716/2/4616 2738/2/4617 2736/2/4614
f 2717/2/4618 2739/2/4619 2737/2/4618
f 2737/2/4618 2715/2/4620 2717/2/4618
f 2718/2/4621 2740/2/4622 2738/2/4623
f 2738/2/4623 2716/2/4624 2718/2/4621
f 2739/2/4625 2717/2/4626 2719/2/4626
f 2719/2/4626 2741/2/4627 2739/2/4625
f 2720/2/4628 2742/2/4628 2740/2/4629
f 2740/2/4629 2718/2/4628 2720/2/4628
f 2703/2/4630 2721/2/4630 2743/2/4630
f 2743/2/4630 2744/2/4630 2703/2/4630
f 2722/2/4631 2745/2/4632 2741/2/4631
f 2741/2/4631 2719/2/4631 2722/2/4631
f 2742/2/4633 2720/2/4634 2661/2/4633
f 2661/2/4633 2746/2/4635 2742/2/4633
f 2696/2/4636 2747/2/4636 2743/2/4636
f 2743/2/4636 2721/2/4636 2696/2/4636
f 2698/2/4637 2748/2/4638 2745/2/4639
f 2745/2/4639 2722/2/4640 2698/2/4637
f 2660/2/4641 2749/2/4641 2746/2/4641
f 2746/2/4641 2661/2/4641 2660/2/4641
f 2747/2/4642 2696/2/4643 2695/2/4643
f 2695/2/4643 2750/2/4643 2747/2/4642
f 2748/2/4644 2698/2/4645 2697/2/4645
f 2697/2/4645 2751/2/4644 2748/2/4644
f 2699/2/4646 2752/2/4646 2749/2/4647
f 2749/2/4647 2660/2/4647 2699/2/4646
f 2700/2/4648 2753/2/4649 2750/2/4650
f 2750/2/4650 2695/2/4651 2700/2/4648
f 2701/2/4652 2754/2/4653 2751/2/4654
f 2751/2/4654 2697/2/4653 2701/2/4652
f 2752/2/4655 2699/2/4655 2694/2/4655
f 2694/2/4655 2693/2/4656 2752/2/4655
f 2702/2/4657 2727/2/4658 2753/2/4659
f 2753/2/4659 2700/2/4658 2702/2/4657
f 2744/2/4660 2754/2/4661 2701/2/4660
f 2701/2/4660 2703/2/4660 2744/2/4660
f 2755/2/4662 2756/2/4663 2757/2/4664
f 2757/2/4664 2758/2/4665 2755/2/4662
f 2732/2/4666 2759/2/4667 2760/2/4667
f 2760/2/4667 2731/2/4666 2732/2/4666
f 2733/2/4668 2761/2/4669 2724/2/4668
f 2724/2/4668 2723/2/4668 2733/2/4668
f 2734/2/4670 2762/2/4671 2759/2/4670
f 2759/2/4670 2732/2/4672 2734/2/4670
f 2735/2/4673 2758/2/4674 2761/2/4673
f 2761/2/4673 2733/2/4673 2735/2/4673
f 2763/2/4675 2762/2/4676 2734/2/4676
f 2734/2/4676 2736/2/4676 2763/2/4675
f 2737/2/4677 2755/2/4678 2758/2/4678
f 2758/2/4678 2735/2/4678 2737/2/4677
f 2738/2/4679 2764/2/4680 2763/2/4679
f 2763/2/4679 2736/2/4681 2738/2/4679
f 2765/2/4682 2755/2/4683 2737/2/4682
f 2737/2/4682 2739/2/4684 2765/2/4682
f 2764/2/4685 2738/2/4686 2740/2/4687
f 2740/2/4687 2766/2/4686 2764/2/4685
f 2767/2/4688 2765/2/4689 2739/2/4690
f 2739/2/4690 2741/2/4689 2767/2/4688
f 2742/2/4691 2768/2/4692 2766/2/4692
f 2766/2/4692 2740/2/4691 2742/2/4691
f 2769/2/4693 2744/2/4693 2743/2/4694
f 2743/2/4694 2770/2/4695 2769/2/4693
f 2771/2/4696 2767/2/4697 2741/2/4696
f 2741/2/4696 2745/2/4698 2771/2/4696
f 2746/2/4699 2772/2/4699 2768/2/4699
f 2768/2/4699 2742/2/4700 2746/2/4699
f 2770/2/4701 2743/2/4702 2747/2/4701
f 2747/2/4701 2773/2/4701 2770/2/4701
f 2771/2/4703 2745/2/4704 2748/2/4703
f 2748/2/4703 2774/2/4705 2771/2/4703
f 2749/2/4706 2775/2/4706 2772/2/4707
f 2772/2/4707 2746/2/4708 2749/2/4706
f 2750/2/4709 2776/2/4710 2773/2/4709
f 2773/2/4709 2747/2/4711 2750/2/4709
f 2751/2/4712 2777/2/4713 2774/2/4713
f 2774/2/4713 2748/2/4714 2751/2/4712
f 2752/2/4715 2778/2/4715 2775/2/4716
f 2775/2/4716 2749/2/4715 2752/2/4715
f 2776/2/4717 2750/2/4717 2753/2/4718
f 2753/2/4718 2779/2/4717 2776/2/4717
f 2754/2/4719 2780/2/4719 2777/2/4720
f 2777/2/4720 2751/2/4720 2754/2/4719
f 2693/2/4721 2781/2/4722 2778/2/4721
f 2778/2/4721 2752/2/4721 2693/2/4721
f 2727/2/4723 2782/2/4724 2779/2/4723
f 2779/2/4723 2753/2/4725 2727/2/4723
f 2769/2/4726 2780/2/4726 2754/2/4726
f 2754/2/4726 2744/2/4726 2769/2/4726
f 2692/2/4727 2783/2/4728 2781/2/4727
f 2781/2/4727 2693/2/4729 2692/2/4727
f 2728/2/4730 2784/2/4731 2782/2/4730
f 2782/2/4730 2727/2/4732 2728/2/4730
f 2729/2/4733 2785/2/4734 2783/2/4735
f 2783/2/4735 2692/2/4733 2729/2/4733
f 2784/2/4736 2728/2/4737 2730/2/4737
f 2730/2/4737 2786/2/4737 2784/2/4736
f 2726/2/4738 2725/2/4739 2785/2/4740
f 2785/2/4740 2729/2/4741 2726/2/4738
f 2760/2/4742 2786/2/4742 2730/2/4742
f 2730/2/4742 2731/2/4743 2760/2/4742
f 2787/2/4744 2788/2/4745 2789/2/4744
f 2789/2/4744 2790/2/4746 2787/2/4744
f 2791/2/4747 2792/2/4747 2763/2/4747
f 2763/2/4747 2764/2/4747 2791/2/4747
f 2793/2/4748 2756/2/4749 2755/2/4750
f 2755/2/4750 2765/2/4749 2793/2/4748
f 2766/2/4751 2794/2/4751 2791/2/4751
f 2791/2/4751 2764/2/4751 2766/2/4751
f 2795/2/4752 2793/2/4753 2765/2/4754
f 2765/2/4754 2767/2/4753 2795/2/4752
f 2768/2/4755 2796/2/4755 2794/2/4755
f 2794/2/4755 2766/2/4755 2768/2/4755
f 2769/2/4756 2770/2/4756 2797/2/4756
f 2797/2/4756 2798/2/4756 2769/2/4756
f 2771/2/4757 2799/2/4758 2795/2/4759
f 2795/2/4759 2767/2/4758 2771/2/4757
f 2796/2/4760 2768/2/4760 2772/2/4760
f 2772/2/4760 2800/2/4760 2796/2/4760
f 2773/2/4761 2801/2/4761 2797/2/4761
f 2797/2/4761 2770/2/4761 2773/2/4761
f 2799/2/4762 2771/2/4762 2774/2/4762
f 2774/2/4762 2802/2/4762 2799/2/4762
f 2775/2/4763 2803/2/4763 2800/2/4763
f 2800/2/4763 2772/2/4763 2775/2/4763
f 2776/2/4764 2804/2/4764 2801/2/4764
f 2801/2/4764 2773/2/4764 2776/2/4764
f 2805/2/4765 2802/2/4765 2774/2/4765
f 2774/2/4765 2777/2/4765 2805/2/4765
f 2788/2/4766 2803/2/4766 2775/2/4766
f 2775/2/4766 2778/2/4766 2788/2/4766
f 2779/2/4767 2806/2/4767 2804/2/4767
f 2804/2/4767 2776/2/4767 2779/2/4767
f 2780/2/4768 2807/2/4768 2805/2/4768
f 2805/2/4768 2777/2/4768 2780/2/4768
f 2788/2/4769 2778/2/4770 2781/2/4770
f 2781/2/4770 2789/2/4770 2788/2/4769
f 2782/2/4771 2808/2/4771 2806/2/4771
f 2806/2/4771 2779/2/4771 2782/2/4771
f 2798/2/4772 2807/2/4772 2780/2/4772
f 2780/2/4772 2769/2/4772 2798/2/4772
f 2783/2/4773 2809/2/4773 2789/2/4773
f 2789/2/4773 2781/2/4773 2783/2/4773
f 2808/2/4774 2782/2/4775 2784/2/4775
f 2784/2/4775 2810/2/4775 2808/2/4774
f 2809/2/4776 2783/2/4777 2785/2/4777
f 2785/2/4777 2811/2/4777 2809/2/4776
f 2786/2/4778 2812/2/4778 2810/2/4778
f 2810/2/4778 2784/2/4778 2786/2/4778
f 2811/2/4779 2785/2/4780 2725/2/4781
f 2725/2/4781 2813/2/4780 2811/2/4779
f 2814/2/4782 2812/2/4782 2786/2/4782
f 2786/2/4782 2760/2/4782 2814/2/4782
f 2815/2/4783 2813/2/4784 2725/2/4785
f 2725/2/4785 2724/2/4784 2815/2/4783
f 2816/2/4786 2814/2/4786 2760/2/4787
f 2760/2/4787 2759/2/4786 2816/2/4786
f 2761/2/4788 2817/2/4789 2815/2/4790
f 2815/2/4790 2724/2/4791 2761/2/4788
f 2762/2/4792 2818/2/4792 2816/2/4792
f 2816/2/4792 2759/2/4792 2762/2/4792
f 2817/2/4793 2761/2/4794 2758/2/4795
f 2758/2/4795 2757/2/4796 2817/2/4793
f 2762/2/4797 2763/2/4797 2792/2/4798
f 2792/2/4798 2818/2/4797 2762/2/4797
f 2819/2/4799 2820/2/4800 2821/2/4800
f 2821/2/4800 2822/2/4800 2819/2/4799
f 2808/2/4801 2823/2/4802 2824/2/4801
f 2824/2/4801 2806/2/4803 2808/2/4801
f 2807/2/4804 2798/2/4805 2825/2/4805
f 2825/2/4805 2826/2/4806 2807/2/4804
f 2827/2/4807 2790/2/4807 2789/2/4808
f 2789/2/4808 2809/2/4807 2827/2/4807
f 2808/2/4809 2810/2/4809 2828/2/4810
f 2828/2/4810 2823/2/4809 2808/2/4809
f 2811/2/4811 2820/2/4812 2827/2/4813
f 2827/2/4813 2809/2/4814 2811/2/4811
f 2829/2/4815 2828/2/4815 2810/2/4815
f 2810/2/4815 2812/2/4815 2829/2/4815
f 2813/2/4816 2821/2/4816 2820/2/4817
f 2820/2/4817 2811/2/4818 2813/2/4816
f 2814/2/4819 2830/2/4820 2829/2/4821
f 2829/2/4821 2812/2/4822 2814/2/4819
f 2821/2/4823 2813/2/4824 2815/2/4825
f 2815/2/4825 2831/2/4826 2821/2/4823
f 2816/2/4827 2832/2/4828 2830/2/4829
f 2830/2/4829 2814/2/4830 2816/2/4827
f 2817/2/4831 2833/2/4832 2831/2/4833
f 2831/2/4833 2815/2/4832 2817/2/4831
f 2816/2/4834 2818/2/4835 2834/2/4835
f 2834/2/4835 2832/2/4835 2816/2/4834
f 2817/2/4836 2757/2/4836 2835/2/4837
f 2835/2/4837 2833/2/4838 2817/2/4836
f 2792/2/4839 2836/2/4839 2834/2/4839
f 2834/2/4839 2818/2/4839 2792/2/4839
f 2837/2/4840 2835/2/4841 2757/2/4842
f 2757/2/4842 2756/2/4841 2837/2/4840
f 2838/2/4843 2836/2/4844 2792/2/4844
f 2792/2/4844 2791/2/4845 2838/2/4843
f 2837/2/4846 2756/2/4847 2793/2/4847
f 2793/2/4847 2839/2/4847 2837/2/4846
f 2840/2/4848 2838/2/4849 2791/2/4848
f 2791/2/4848 2794/2/4850 2840/2/4848
f 2795/2/4851 2841/2/4852 2839/2/4853
f 2839/2/4853 2793/2/4854 2795/2/4851
f 2794/2/4855 2796/2/4855 2842/2/4855
f 2842/2/4855 2840/2/4855 2794/2/4855
f 2843/2/4856 2825/2/4857 2798/2/4856
f 2798/2/4856 2797/2/4856 2843/2/4856
f 2795/2/4858 2799/2/4859 2844/2/4860
f 2844/2/4860 2841/2/4858 2795/2/4858
f 2842/2/4861 2796/2/4862 2800/2/4863
f 2800/2/4863 2845/2/4864 2842/2/4861
f 2843/2/4865 2797/2/4866 2801/2/4865
f 2801/2/4865 2846/2/4867 2843/2/4865
f 2802/2/4868 2847/2/4869 2844/2/4869
f 2844/2/4869 2799/2/4869 2802/2/4868
f 2800/2/4870 2803/2/4871 2848/2/4871
f 2848/2/4871 2845/2/4871 2800/2/4870
f 2801/2/4872 2804/2/4872 2849/2/4872
f 2849/2/4872 2846/2/4872 2801/2/4872
f 2850/2/4873 2847/2/4873 2802/2/4873
f 2802/2/4873 2805/2/4874 2850/2/4873
f 2788/2/4875 2787/2/4876 2848/2/4875
f 2848/2/4875 2803/2/4875 2788/2/4875
f 2824/2/4877 2849/2/4878 2804/2/4879
f 2804/2/4879 2806/2/4880 2824/2/4877
f 2826/2/4881 2850/2/4882 2805/2/4883
f 2805/2/4883 2807/2/4884 2826/2/4881
f 2851/2/4885 2852/2/4886 2853/2/4886
f 2853/2/4886 2854/2/4886 2851/2/4885
f 2855/2/4887 2829/2/4888 2830/2/4889
f 2830/2/4889 2856/2/4890 2855/2/4887
f 2821/2/4891 2831/2/4892 2857/2/4891
f 2857/2/4891 2822/2/4891 2821/2/4891
f 2858/2/4893 2856/2/4894 2830/2/4895
f 2830/2/4895 2832/2/4896 2858/2/4893
f 2852/2/4897 2857/2/4898 2831/2/4897
f 2831/2/4897 2833/2/4897 2852/2/4897
f 2832/2/4899 2834/2/4900 2859/2/4901
f 2859/2/4901 2858/2/4902 2832/2/4899
f 2835/2/4903 2853/2/4904 2852/2/4905
f 2852/2/4905 2833/2/4904 2835/2/4903
f 2860/2/4906 2859/2/4907 2834/2/4908
f 2834/2/4908 2836/2/4909 2860/2/4906
f 2837/2/4910 2861/2/4911 2853/2/4912
f 2853/2/4912 2835/2/4913 2837/2/4910
f 2838/2/4914 2862/2/4915 2860/2/4916
f 2860/2/4916 2836/2/4917 2838/2/4914
f 2861/2/4918 2837/2/4919 2839/2/4920
f 2839/2/4920 2863/2/4921 2861/2/4918
f 2840/2/4922 2864/2/4922 2862/2/4922
f 2862/2/4922 2838/2/4923 2840/2/4922
f 2863/2/4924 2839/2/4925 2841/2/4924
f 2841/2/4924 2865/2/4926 2863/2/4924
f 2864/2/4927 2840/2/4928 2842/2/4929
f 2842/2/4929 2866/2/4930 2864/2/4927
f 2867/2/4931 2868/2/4932 2825/2/4932
f 2825/2/4932 2843/2/4932 2867/2/4931
f 2841/2/4933 2844/2/4933 2869/2/4934
f 2869/2/4934 2865/2/4935 2841/2/4933
f 2870/2/4936 2866/2/4937 2842/2/4938
f 2842/2/4938 2845/2/4939 2870/2/4936
f 2871/2/4940 2867/2/4941 2843/2/4942
f 2843/2/4942 2846/2/4943 2871/2/4940
f 2872/2/4944 2869/2/4944 2844/2/4944
f 2844/2/4944 2847/2/4944 2872/2/4944
f 2845/2/4945 2848/2/4946 2873/2/4947
f 2873/2/4947 2870/2/4945 2845/2/4945
f 2849/2/4948 2874/2/4949 2871/2/4950
f 2871/2/4950 2846/2/4950 2849/2/4948
f 2850/2/4951 2875/2/4952 2872/2/4953
f 2872/2/4953 2847/2/4954 2850/2/4951
f 2876/2/4955 2873/2/4956 2848/2/4955
f 2848/2/4955 2787/2/4957 2876/2/4955
f 2874/2/4958 2849/2/4959 2824/2/4960
f 2824/2/4960 2877/2/4961 2874/2/4958
f 2826/2/4962 2878/2/4963 2875/2/4962
f 2875/2/4962 2850/2/4962 2826/2/4962
f 2790/2/4964 2879/2/4965 2876/2/4966
f 2876/2/4966 2787/2/4966 2790/2/4964
f 2880/2/4967 2877/2/4968 2824/2/4969
f 2824/2/4969 2823/2/4970 2880/2/4967
f 2878/2/4971 2826/2/4971 2825/2/4972
f 2825/2/4972 2868/2/4971 2878/2/4971
f 2827/2/4973 2881/2/4974 2879/2/4973
f 2879/2/4973 2790/2/4973 2827/2/4973
f 2828/2/4975 2882/2/4976 2880/2/4977
f 2880/2/4977 2823/2/4978 2828/2/4975
f 2881/2/4979 2827/2/4980 2820/2/4979
f 2820/2/4979 2819/2/4980 2881/2/4979
f 2829/2/4981 2855/2/4982 2882/2/4983
f 2882/2/4983 2828/2/4981 2829/2/4981
f 2883/2/4984 2884/2/4985 2885/2/4985
f 2883/2/4984 2885/2/4985 2886/2/4986
f 2886/2/4986 2887/2/4985 2888/2/4985
f 2886/2/4986 2888/2/4985 2889/2/4987
f 2883/2/4984 2886/2/4986 2889/2/4987
f 2889/2/4987 2890/2/4985 2891/2/4988
f 2889/2/4987 2891/2/4988 2892/2/4989
f 2893/2/4985 2894/2/4985 2895/2/4990
f 2892/2/4989 2893/2/4985 2895/2/4990
f 2889/2/4987 2892/2/4989 2895/2/4990
f 2883/2/4984 2889/2/4987 2895/2/4990
f 2895/2/4990 2896/2/4985 2897/2/4985
f 2895/2/4990 2897/2/4985 2898/2/4991
f 2899/2/4988 2900/2/4992 2901/2/4993
f 2898/2/4991 2899/2/4988 2901/2/4993
f 2895/2/4990 2898/2/4991 2901/2/4993
f 2883/2/4984 2895/2/4990 2901/2/4993
f 2901/2/4993 2902/2/4994 2903/2/4995
f 2901/2/4993 2903/2/4995 2904/2/4993
f 2901/2/4993 2904/2/4993 2851/2/4996
f 2883/2/4984 2901/2/4993 2851/2/4996
f 2905/2/4985 2906/2/4985 2907/2/4985
f 2854/2/4985 2905/2/4985 2907/2/4985
f 2851/2/4996 2854/2/4985 2907/2/4985
f 2851/2/4996 2907/2/4985 2908/2/4997
f 2883/2/4984 2851/2/4996 2908/2/4997
f 2908/2/4997 2909/2/4985 2910/2/4985
f 2908/2/4997 2910/2/4985 2911/2/4998
f 2908/2/4997 2911/2/4998 2912/2/4985
f 2883/2/4984 2908/2/4997 2912/2/4985
f 2860/2/4999 2893/2/4999 2892/2/4999
f 2892/2/4999 2859/2/4999 2860/2/4999
f 2905/2/5000 2854/2/5001 2853/2/5001
f 2853/2/5001 2861/2/5001 2905/2/5000
f 2893/2/5002 2860/2/5002 2862/2/5002
f 2862/2/5002 2894/2/5002 2893/2/5002
f 2861/2/5003 2863/2/5004 2906/2/5004
f 2906/2/5004 2905/2/5004 2861/2/5003
f 2895/2/5005 2894/2/5005 2862/2/5005
f 2862/2/5005 2864/2/5005 2895/2/5005
f 2907/2/5006 2906/2/5007 2863/2/5008
f 2863/2/5008 2865/2/5007 2907/2/5006
f 2864/2/5009 2866/2/5010 2896/2/5009
f 2896/2/5009 2895/2/5009 2864/2/5009
f 2883/2/5011 2912/2/5011 2868/2/5011
f 2868/2/5011 2867/2/5011 2883/2/5011
f 2869/2/5012 2908/2/5012 2907/2/5012
f 2907/2/5012 2865/2/5012 2869/2/5012
f 2897/2/5013 2896/2/5013 2866/2/5013
f 2866/2/5013 2870/2/5013 2897/2/5013
f 2867/2/5014 2871/2/5014 2884/2/5014
f 2884/2/5014 2883/2/5014 2867/2/5014
f 2872/2/5015 2909/2/5016 2908/2/5016
f 2908/2/5016 2869/2/5016 2872/2/5015
f 2873/2/5017 2898/2/5017 2897/2/5017
f 2897/2/5017 2870/2/5017 2873/2/5017
f 2885/2/5018 2884/2/5018 2871/2/5018
f 2871/2/5018 2874/2/5018 2885/2/5018
f 2909/2/5019 2872/2/5019 2875/2/5019
f 2875/2/5019 2910/2/5019 2909/2/5019
f 2876/2/5020 2899/2/5020 2898/2/5020
f 2898/2/5020 2873/2/5020 2876/2/5020
f 2877/2/5021 2886/2/5021 2885/2/5021
f 2885/2/5021 2874/2/5021 2877/2/5021
f 2911/2/5022 2910/2/5022 2875/2/5022
f 2875/2/5022 2878/2/5022 2911/2/5022
f 2899/2/5023 2876/2/5023 2879/2/5023
f 2879/2/5023 2900/2/5023 2899/2/5023
f 2880/2/5024 2887/2/5024 2886/2/5024
f 2886/2/5024 2877/2/5024 2880/2/5024
f 2868/2/5025 2912/2/5025 2911/2/5025
f 2911/2/5025 2878/2/5025 2868/2/5025
f 2901/2/5026 2900/2/5026 2879/2/5026
f 2879/2/5026 2881/2/5026 2901/2/5026
f 2887/2/5027 2880/2/5027 2882/2/5027
f 2882/2/5027 2888/2/5027 2887/2/5027
f 2881/2/5028 2819/2/5028 2902/2/5028
f 2902/2/5028 2901/2/5028 2881/2/5028
f 2889/2/5029 2888/2/5029 2882/2/5029
f 2882/2/5029 2855/2/5029 2889/2/5029
f 2903/2/5030 2902/2/5030 2819/2/5030
f 2819/2/5030 2822/2/5030 2903/2/5030
f 2855/2/5031 2856/2/5031 2890/2/5031
f 2890/2/5031 2889/2/5031 2855/2/5031
f 2857/2/5032 2904/2/5033 2903/2/5033
f 2903/2/5033 2822/2/5033 2857/2/5032
f 2891/2/5034 2890/2/5035 2856/2/5035
f 2856/2/5035 2858/2/5035 2891/2/5034
f 2852/2/5036 2851/2/5037 2904/2/5037
f 2904/2/5037 2857/2/5037 2852/2/5036
f 2859/2/5038 2892/2/5038 2891/2/5038
f 2891/2/5038 2858/2/5038 2859/2/5038
o C_rculo_017_C_rculo_018
v -4.092150 0.395946 -2.376572
v -4.022250 0.395946 -2.369672
v -3.955050 0.395946 -2.349272
v -3.893150 0.395946 -2.316172
v -3.838850 0.395946 -2.271672
v -3.794350 0.395946 -2.217371
v -3.761250 0.395946 -2.155472
v -3.740850 0.395946 -2.088272
v -3.733950 0.395946 -2.018372
v -3.740850 0.395946 -1.948472
v -3.761250 0.395946 -1.881371
v -3.794350 0.395946 -1.819371
v -3.838850 0.395946 -1.765172
v -3.893150 0.395946 -1.720572
v -3.955050 0.395946 -1.687471
v -4.022250 0.395946 -1.667072
v -4.092150 0.395946 -1.660271
v -4.162050 0.395946 -1.667072
v -4.229150 0.395946 -1.687471
v -4.291150 0.395946 -1.720572
v -4.345350 0.395946 -1.765172
v -4.389950 0.395946 -1.819371
v -4.423050 0.395946 -1.881371
v -4.443450 0.395946 -1.948472
v -4.450250 0.395946 -2.018372
v -4.443450 0.395946 -2.088272
v -4.423050 0.395946 -2.155472
v -4.389950 0.395946 -2.217371
v -4.345350 0.395946 -2.271672
v -4.162050 0.395946 -2.369672
v -4.291150 0.395946 -2.316172
v -4.229150 0.395946 -2.349272
v -4.359850 0.365046 -2.286171
v -4.359850 0.330246 -2.286171
v -4.302450 0.330246 -2.333272
v -4.302450 0.365046 -2.333272
v -4.470750 0.365046 -2.018372
v -4.463550 0.365046 -1.944472
v -3.720750 0.365046 -1.944472
v -3.742250 0.365046 -1.873471
v -4.441950 0.365046 -1.873471
v -3.713450 0.365046 -2.018372
v -4.406950 0.365046 -1.807971
v -3.720750 0.365046 -2.092272
v -4.359850 0.365046 -1.750672
v -3.742250 0.365046 -2.163271
v -4.302450 0.365046 -1.703572
v -3.777250 0.365046 -2.228771
v -4.237050 0.365046 -1.668571
v -4.092150 0.365046 -2.397072
v -4.166050 0.365046 -2.389771
v -3.824350 0.365046 -2.286171
v -4.166050 0.365046 -1.646971
v -4.237050 0.365046 -2.368171
v -3.881750 0.365046 -2.333272
v -4.092150 0.365046 -1.639771
v -3.947250 0.365046 -2.368171
v -4.018250 0.365046 -1.646971
v -4.018250 0.365046 -2.389771
v -3.947250 0.365046 -1.668571
v -4.406950 0.365046 -2.228771
v -3.881750 0.365046 -1.703572
v -4.441950 0.365046 -2.163271
v -3.824350 0.365046 -1.750672
v -4.463550 0.365046 -2.092272
v -3.777250 0.365046 -1.807971
v -4.166050 0.330246 -2.389771
v -4.237050 0.330246 -2.368171
v -4.406950 0.330246 -2.228771
v -4.441950 0.330246 -2.163271
v -4.463550 0.330246 -2.092272
v -4.470750 0.330246 -2.018372
v -4.463550 0.330246 -1.944472
v -4.441950 0.330246 -1.873471
v -4.406950 0.330246 -1.807971
v -4.359850 0.330246 -1.750672
v -4.302450 0.330246 -1.703572
v -4.237050 0.330246 -1.668571
v -4.166050 0.330246 -1.646971
v -4.092150 0.330246 -1.639771
v -4.018250 0.330246 -1.646971
v -3.947250 0.330246 -1.668571
v -3.881750 0.330246 -1.703572
v -3.824350 0.330246 -1.750672
v -3.777250 0.330246 -1.807971
v -3.742250 0.330246 -1.873471
v -3.720750 0.330246 -1.944472
v -3.713450 0.330246 -2.018372
v -3.720750 0.330246 -2.092272
v -3.742250 0.330246 -2.163271
v -3.777250 0.330246 -2.228771
v -3.824350 0.330246 -2.286171
v -3.881750 0.330246 -2.333272
v -3.947250 0.330246 -2.368171
v -4.018250 0.330246 -2.389771
v -4.092150 0.330246 -2.397072
vn -0.0000 -1.0000 -0.0000
vn 0.6343 -0.0000 0.7731
vn 0.8308 -0.5505 -0.0818
vn 0.8308 -0.5505 -0.0817
vn 0.8308 -0.5505 -0.0816
vn -0.7989 -0.5505 -0.2424
vn -0.7989 -0.5504 -0.2424
vn -0.7989 -0.5505 -0.2423
vn 0.7989 -0.5505 -0.2423
vn 0.7989 -0.5505 -0.2422
vn -0.8305 -0.5509 -0.0820
vn -0.8307 -0.5507 -0.0819
vn -0.8306 -0.5509 -0.0820
vn 0.7361 -0.5507 -0.3935
vn 0.7361 -0.5508 -0.3935
vn 0.7363 -0.5507 -0.3932
vn 0.7362 -0.5507 -0.3934
vn -0.8307 -0.5507 0.0819
vn -0.8308 -0.5505 0.0818
vn -0.8308 -0.5506 0.0818
vn 0.6453 -0.5505 -0.5296
vn 0.6452 -0.5506 -0.5296
vn 0.6453 -0.5505 -0.5297
vn 0.6454 -0.5505 -0.5296
vn -0.7988 -0.5506 0.2423
vn -0.7986 -0.5509 0.2424
vn 0.5296 -0.5505 -0.6453
vn -0.7362 -0.5506 0.3935
vn -0.7362 -0.5507 0.3935
vn -0.7362 -0.5505 0.3935
vn 0.3935 -0.5506 -0.7362
vn 0.3936 -0.5506 -0.7361
vn 0.3935 -0.5505 -0.7363
vn 0.0818 -0.5506 0.8308
vn 0.0818 -0.5505 0.8308
vn -0.6453 -0.5506 0.5296
vn -0.6453 -0.5505 0.5296
vn 0.2424 -0.5505 -0.7989
vn 0.2423 -0.5505 -0.7989
vn 0.2424 -0.5505 -0.7988
vn 0.2425 -0.5505 -0.7988
vn 0.2425 -0.5506 0.7988
vn 0.2423 -0.5505 0.7989
vn 0.2425 -0.5505 0.7988
vn 0.2430 -0.5506 0.7986
vn -0.5296 -0.5505 0.6453
vn -0.5297 -0.5505 0.6453
vn 0.0817 -0.5505 -0.8308
vn 0.0818 -0.5505 -0.8308
vn 0.3934 -0.5507 0.7362
vn 0.3935 -0.5506 0.7362
vn 0.3933 -0.5508 0.7362
vn -0.3934 -0.5505 0.7363
vn -0.3935 -0.5505 0.7363
vn -0.3935 -0.5506 0.7362
vn -0.3935 -0.5507 0.7362
vn -0.0818 -0.5505 -0.8308
vn -0.0815 -0.5506 -0.8308
vn 0.5296 -0.5505 0.6453
vn 0.5296 -0.5507 0.6452
vn 0.5295 -0.5507 0.6452
vn 0.5295 -0.5507 0.6453
vn -0.2422 -0.5505 0.7989
vn -0.2423 -0.5505 0.7989
vn -0.2423 -0.5506 0.7988
vn -0.2423 -0.5505 -0.7989
vn -0.2426 -0.5506 -0.7987
vn 0.6452 -0.5506 0.5296
vn 0.6454 -0.5505 0.5296
vn 0.6453 -0.5505 0.5296
vn -0.0820 -0.5509 0.8305
vn -0.0820 -0.5510 0.8305
vn -0.0818 -0.5505 0.8308
vn -0.3936 -0.5502 -0.7364
vn -0.3935 -0.5503 -0.7364
vn -0.3935 -0.5504 -0.7363
vn -0.3936 -0.5504 -0.7363
vn 0.7364 -0.5503 0.3936
vn 0.7364 -0.5503 0.3935
vn 0.7364 -0.5502 0.3936
vn 0.7363 -0.5504 0.3936
vn -0.5298 -0.5504 -0.6453
vn -0.5296 -0.5505 -0.6453
vn -0.5299 -0.5504 -0.6452
vn 0.7989 -0.5505 0.2423
vn 0.7989 -0.5505 0.2422
vn 0.7989 -0.5504 0.2424
vn -0.6453 -0.5505 -0.5296
vn -0.6453 -0.5506 -0.5296
vn -0.6454 -0.5505 -0.5296
vn -0.6454 -0.5504 -0.5296
vn 0.8308 -0.5506 0.0816
vn 0.8308 -0.5505 0.0817
vn 0.8308 -0.5505 0.0818
vn -0.7362 -0.5506 -0.3935
vn -0.7363 -0.5505 -0.3935
vn -0.0000 1.0000 -0.0000
vn -0.2905 -0.0000 0.9569
vn -0.2906 -0.0000 0.9568
vn -0.2903 -0.0000 0.9569
vn -0.2904 -0.0000 -0.9569
vn -0.2903 -0.0000 -0.9569
vn -0.2905 -0.0000 -0.9569
vn 0.7731 -0.0000 0.6343
vn -0.0983 -0.0000 0.9952
vn -0.4713 -0.0000 -0.8820
vn 0.8820 -0.0000 0.4713
vn -0.6343 -0.0000 -0.7731
vn 0.9569 -0.0000 0.2904
vn 0.9569 -0.0000 0.2903
vn -0.7731 -0.0000 -0.6343
vn -0.7729 -0.0000 -0.6346
vn 0.9952 -0.0000 0.0979
vn 0.9952 -0.0000 0.0980
vn -0.8820 -0.0000 -0.4713
vn 0.9952 -0.0000 -0.0979
vn 0.9952 -0.0000 -0.0978
vn 0.9952 -0.0000 -0.0980
vn -0.9571 -0.0000 -0.2898
vn -0.9569 -0.0000 -0.2903
vn 0.9569 -0.0000 -0.2905
vn 0.9568 -0.0000 -0.2906
vn -0.9952 -0.0000 -0.0980
vn -0.9952 -0.0000 -0.0983
vn 0.8820 -0.0000 -0.4713
vn -0.9952 -0.0000 0.0980
vn -0.9952 -0.0000 0.0983
vn 0.7731 -0.0000 -0.6343
vn 0.7729 -0.0000 -0.6346
vn -0.9571 -0.0000 0.2898
vn -0.9569 -0.0000 0.2903
vn 0.6343 -0.0000 -0.7731
vn -0.8820 -0.0000 0.4713
vn 0.4718 -0.0000 -0.8817
vn 0.0983 -0.0000 0.9952
vn -0.7731 -0.0000 0.6343
vn 0.2905 -0.0000 -0.9569
vn 0.2906 -0.0000 -0.9568
vn 0.2902 -0.0000 0.9570
vn 0.2903 -0.0000 0.9569
vn -0.6343 -0.0000 0.7731
vn 0.0979 -0.0000 -0.9952
vn 0.4713 -0.0000 0.8820
vn 0.4712 -0.0000 0.8820
vn 0.4711 -0.0000 0.8821
vn -0.4714 -0.0000 0.8819
vn -0.4715 -0.0000 0.8819
vn -0.0979 -0.0000 -0.9952
vt 0.000000 0.000000
s 1
g off
usemtl Goddard_None
f 2913/3/5039 2914/3/5039 2915/3/5039
f 2915/3/5039 2916/3/5039 2917/3/5039
f 2913/3/5039 2915/3/5039 2917/3/5039
f 2917/3/5039 2918/3/5039 2919/3/5039
f 2919/3/5039 2920/3/5039 2921/3/5039
f 2917/3/5039 2919/3/5039 2921/3/5039
f 2913/3/5039 2917/3/5039 2921/3/5039
f 2921/3/5039 2922/3/5039 2923/3/5039
f 2923/3/5039 2924/3/5039 2925/3/5039
f 2921/3/5039 2923/3/5039 2925/3/5039
f 2925/3/5039 2926/3/5039 2927/3/5039
f 2927/3/5039 2928/3/5039 2929/3/5039
f 2925/3/5039 2927/3/5039 2929/3/5039
f 2921/3/5039 2925/3/5039 2929/3/5039
f 2929/3/5039 2930/3/5039 2931/3/5039
f 2931/3/5039 2932/3/5039 2933/3/5039
f 2929/3/5039 2931/3/5039 2933/3/5039
f 2933/3/5039 2934/3/5039 2935/3/5039
f 2935/3/5039 2936/3/5039 2937/3/5039
f 2933/3/5039 2935/3/5039 2937/3/5039
f 2929/3/5039 2933/3/5039 2937/3/5039
f 2921/3/5039 2929/3/5039 2937/3/5039
f 2913/3/5039 2921/3/5039 2937/3/5039
f 2938/3/5039 2939/3/5039 2940/3/5039
f 2937/3/5039 2938/3/5039 2940/3/5039
f 2937/3/5039 2940/3/5039 2941/3/5039
f 2913/3/5039 2937/3/5039 2941/3/5039
f 2942/3/5039 2913/3/5039 2941/3/5039
f 2942/3/5039 2941/3/5039 2943/3/5039
f 2942/3/5039 2943/3/5039 2944/3/5039
f 2945/3/5040 2946/3/5040 2947/3/5040
f 2947/3/5040 2948/3/5040 2945/3/5040
f 2949/3/5041 2937/3/5041 2936/3/5042
f 2936/3/5042 2950/3/5043 2949/3/5041
f 2922/3/5044 2951/3/5045 2952/3/5044
f 2952/3/5044 2923/3/5046 2922/3/5044
f 2936/3/5047 2935/3/5047 2953/3/5047
f 2953/3/5047 2950/3/5048 2936/3/5047
f 2921/3/5049 2954/3/5050 2951/3/5049
f 2951/3/5049 2922/3/5051 2921/3/5049
f 2934/3/5052 2955/3/5053 2953/3/5054
f 2953/3/5054 2935/3/5055 2934/3/5052
f 2920/3/5056 2956/3/5057 2954/3/5058
f 2954/3/5058 2921/3/5056 2920/3/5056
f 2933/3/5059 2957/3/5060 2955/3/5061
f 2955/3/5061 2934/3/5062 2933/3/5059
f 2919/3/5063 2958/3/5063 2956/3/5063
f 2956/3/5063 2920/3/5064 2919/3/5063
f 2932/3/5065 2959/3/5065 2957/3/5065
f 2957/3/5065 2933/3/5065 2932/3/5065
f 2918/3/5066 2960/3/5067 2958/3/5066
f 2958/3/5066 2919/3/5068 2918/3/5066
f 2931/3/5069 2961/3/5070 2959/3/5069
f 2959/3/5069 2932/3/5071 2931/3/5069
f 2962/3/5072 2913/3/5073 2942/3/5072
f 2942/3/5072 2963/3/5073 2962/3/5072
f 2917/3/5074 2964/3/5074 2960/3/5075
f 2960/3/5075 2918/3/5075 2917/3/5074
f 2930/3/5076 2965/3/5077 2961/3/5078
f 2961/3/5078 2931/3/5079 2930/3/5076
f 2963/3/5080 2942/3/5081 2944/3/5082
f 2944/3/5082 2966/3/5083 2963/3/5080
f 2916/3/5084 2967/3/5084 2964/3/5084
f 2964/3/5084 2917/3/5085 2916/3/5084
f 2929/3/5086 2968/3/5087 2965/3/5086
f 2965/3/5086 2930/3/5087 2929/3/5086
f 2966/3/5088 2944/3/5089 2943/3/5089
f 2943/3/5089 2948/3/5090 2966/3/5088
f 2915/3/5091 2969/3/5092 2967/3/5093
f 2967/3/5093 2916/3/5094 2915/3/5091
f 2928/3/5095 2970/3/5096 2968/3/5095
f 2968/3/5095 2929/3/5095 2928/3/5095
f 2943/3/5097 2941/3/5098 2945/3/5099
f 2945/3/5099 2948/3/5100 2943/3/5097
f 2914/3/5101 2971/3/5102 2969/3/5102
f 2969/3/5102 2915/3/5103 2914/3/5101
f 2927/3/5104 2972/3/5104 2970/3/5105
f 2970/3/5105 2928/3/5104 2927/3/5104
f 2940/3/5106 2973/3/5107 2945/3/5108
f 2945/3/5108 2941/3/5106 2940/3/5106
f 2914/3/5109 2913/3/5110 2962/3/5109
f 2962/3/5109 2971/3/5111 2914/3/5109
f 2926/3/5112 2974/3/5113 2972/3/5114
f 2972/3/5114 2927/3/5115 2926/3/5112
f 2975/3/5116 2973/3/5117 2940/3/5118
f 2940/3/5118 2939/3/5119 2975/3/5116
f 2925/3/5120 2976/3/5121 2974/3/5120
f 2974/3/5120 2926/3/5122 2925/3/5120
f 2938/3/5123 2977/3/5124 2975/3/5125
f 2975/3/5125 2939/3/5123 2938/3/5123
f 2924/3/5126 2978/3/5127 2976/3/5128
f 2976/3/5128 2925/3/5129 2924/3/5126
f 2949/3/5130 2977/3/5131 2938/3/5131
f 2938/3/5131 2937/3/5132 2949/3/5130
f 2923/3/5133 2952/3/5134 2978/3/5133
f 2978/3/5133 2924/3/5133 2923/3/5133
f 2979/3/5135 2980/3/5135 2947/3/5135
f 2947/3/5135 2946/3/5135 2981/3/5135
f 2979/3/5135 2947/3/5135 2981/3/5135
f 2981/3/5135 2982/3/5135 2983/3/5135
f 2981/3/5135 2983/3/5135 2984/3/5135
f 2979/3/5135 2981/3/5135 2984/3/5135
f 2979/3/5135 2984/3/5135 2985/3/5135
f 2985/3/5135 2986/3/5135 2987/3/5135
f 2987/3/5135 2988/3/5135 2989/3/5135
f 2985/3/5135 2987/3/5135 2989/3/5135
f 2989/3/5135 2990/3/5135 2991/3/5135
f 2991/3/5135 2992/3/5135 2993/3/5135
f 2989/3/5135 2991/3/5135 2993/3/5135
f 2985/3/5135 2989/3/5135 2993/3/5135
f 2993/3/5135 2994/3/5135 2995/3/5135
f 2995/3/5135 2996/3/5135 2997/3/5135
f 2993/3/5135 2995/3/5135 2997/3/5135
f 2997/3/5135 2998/3/5135 2999/3/5135
f 2999/3/5135 3000/3/5135 3001/3/5135
f 2997/3/5135 2999/3/5135 3001/3/5135
f 2993/3/5135 2997/3/5135 3001/3/5135
f 2985/3/5135 2993/3/5135 3001/3/5135
f 3001/3/5135 3002/3/5135 3003/3/5135
f 3003/3/5135 3004/3/5135 3005/3/5135
f 3001/3/5135 3003/3/5135 3005/3/5135
f 3005/3/5135 3006/3/5135 3007/3/5135
f 3005/3/5135 3007/3/5135 3008/3/5135
f 3001/3/5135 3005/3/5135 3008/3/5135
f 2985/3/5135 3001/3/5135 3008/3/5135
f 2979/3/5135 2985/3/5135 3008/3/5135
f 2971/3/5136 3007/3/5136 3006/3/5137
f 3006/3/5137 2969/3/5138 2971/3/5136
f 2972/3/5139 2994/3/5140 2993/3/5141
f 2993/3/5141 2970/3/5141 2972/3/5139
f 2973/3/5142 2981/3/5142 2946/3/5142
f 2946/3/5142 2945/3/5142 2973/3/5142
f 2971/3/5143 2962/3/5143 3008/3/5143
f 3008/3/5143 3007/3/5143 2971/3/5143
f 2974/3/5144 2995/3/5144 2994/3/5144
f 2994/3/5144 2972/3/5144 2974/3/5144
f 2975/3/5145 2982/3/5145 2981/3/5145
f 2981/3/5145 2973/3/5145 2975/3/5145
f 2976/3/5146 2996/3/5146 2995/3/5146
f 2995/3/5146 2974/3/5146 2976/3/5146
f 2977/3/5147 2983/3/5148 2982/3/5147
f 2982/3/5147 2975/3/5148 2977/3/5147
f 2978/3/5149 2997/3/5150 2996/3/5149
f 2996/3/5149 2976/3/5149 2978/3/5149
f 2949/3/5151 2984/3/5151 2983/3/5151
f 2983/3/5151 2977/3/5152 2949/3/5151
f 2952/3/5153 2998/3/5153 2997/3/5153
f 2997/3/5153 2978/3/5153 2952/3/5153
f 2950/3/5154 2985/3/5155 2984/3/5154
f 2984/3/5154 2949/3/5156 2950/3/5154
f 2951/3/5157 2999/3/5157 2998/3/5157
f 2998/3/5157 2952/3/5158 2951/3/5157
f 2953/3/5159 2986/3/5160 2985/3/5159
f 2985/3/5159 2950/3/5160 2953/3/5159
f 2954/3/5161 3000/3/5161 2999/3/5161
f 2999/3/5161 2951/3/5162 2954/3/5161
f 2955/3/5163 2987/3/5163 2986/3/5163
f 2986/3/5163 2953/3/5163 2955/3/5163
f 2956/3/5164 3001/3/5164 3000/3/5164
f 3000/3/5164 2954/3/5165 2956/3/5164
f 2957/3/5166 2988/3/5166 2987/3/5166
f 2987/3/5166 2955/3/5167 2957/3/5166
f 2958/3/5168 3002/3/5168 3001/3/5168
f 3001/3/5168 2956/3/5169 2958/3/5168
f 2959/3/5170 2989/3/5170 2988/3/5170
f 2988/3/5170 2957/3/5170 2959/3/5170
f 2960/3/5171 3003/3/5171 3002/3/5171
f 3002/3/5171 2958/3/5171 2960/3/5171
f 2961/3/5172 2990/3/5172 2989/3/5172
f 2989/3/5172 2959/3/5172 2961/3/5172
f 2963/3/5173 2979/3/5173 3008/3/5173
f 3008/3/5173 2962/3/5173 2963/3/5173
f 2964/3/5174 3004/3/5174 3003/3/5174
f 3003/3/5174 2960/3/5174 2964/3/5174
f 2965/3/5175 2991/3/5176 2990/3/5176
f 2990/3/5176 2961/3/5176 2965/3/5175
f 2966/3/5177 2980/3/5178 2979/3/5178
f 2979/3/5178 2963/3/5177 2966/3/5177
f 2967/3/5179 3005/3/5179 3004/3/5179
f 3004/3/5179 2964/3/5179 2967/3/5179
f 2968/3/5180 2992/3/5180 2991/3/5180
f 2991/3/5180 2965/3/5180 2968/3/5180
f 2948/3/5181 2947/3/5182 2980/3/5181
f 2980/3/5181 2966/3/5183 2948/3/5181
f 2969/3/5184 3006/3/5185 3005/3/5184
f 3005/3/5184 2967/3/5185 2969/3/5184
f 2970/3/5186 2993/3/5186 2992/3/5186
f 2992/3/5186 2968/3/5186 2970/3/5186
o C_rculo_018_C_rculo_019
v -4.092750 0.331346 -2.394072
v -4.019150 0.331346 -2.386872
v -3.948350 0.331346 -2.365371
v -3.883050 0.331346 -2.330472
v -3.825850 0.331346 -2.283571
v -3.778950 0.331346 -2.226372
v -3.744050 0.331346 -2.161171
v -3.722650 0.331346 -2.090371
v -3.715350 0.331346 -2.016671
v -3.722650 0.331346 -1.943072
v -3.744050 0.331346 -1.872272
v -3.778950 0.331346 -1.807071
v -3.825850 0.331346 -1.749871
v -3.883050 0.331346 -1.702971
v -3.948350 0.331346 -1.668072
v -4.019150 0.331346 -1.646571
v -4.092750 0.331346 -1.639371
v -4.166350 0.331346 -1.646571
v -4.237150 0.331346 -1.668072
v -4.302350 0.331346 -1.702971
v -4.359550 0.331346 -1.749871
v -4.406550 0.331346 -1.807071
v -4.441350 0.331346 -1.872272
v -4.462850 0.331346 -1.943072
v -4.470150 0.331346 -2.016671
v -4.462850 0.331346 -2.090371
v -4.441350 0.331346 -2.161171
v -4.406550 0.331346 -2.226372
v -4.359550 0.331346 -2.283571
v -4.166350 0.331346 -2.386872
v -4.302350 0.331346 -2.330472
v -4.237150 0.331346 -2.365371
v -4.185750 0.152147 -2.484371
v -4.275250 0.152147 -2.457272
v -4.357650 0.152147 -2.413172
v -4.429950 0.152147 -2.353872
v -4.489250 0.152147 -2.281672
v -4.533250 0.152147 -2.199172
v -4.560450 0.152147 -2.109771
v -4.569550 0.152147 -2.016671
v -4.560450 0.152147 -1.923671
v -4.533250 0.152147 -1.834271
v -4.489250 0.152147 -1.751771
v -4.429950 0.152147 -1.679471
v -4.357650 0.152147 -1.620172
v -4.275250 0.152147 -1.576171
v -4.185750 0.152147 -1.548971
v -4.092750 0.152147 -1.539871
v -3.999750 0.152147 -1.548971
v -3.910250 0.152147 -1.576171
v -3.827850 0.152147 -1.620172
v -3.755550 0.152147 -1.679471
v -3.696250 0.152147 -1.751771
v -3.652150 0.152147 -1.834271
v -3.625050 0.152147 -1.923671
v -3.615850 0.152147 -2.016671
v -3.625050 0.152147 -2.109771
v -3.652150 0.152147 -2.199172
v -3.696250 0.152147 -2.281672
v -3.755550 0.152147 -2.353872
v -3.827850 0.152147 -2.413172
v -3.910250 0.152147 -2.457272
v -3.999750 0.152147 -2.484371
v -4.092750 0.152147 -2.493572
vn -0.0000 -1.0000 -0.0000
vn -0.0000 1.0000 -0.0000
vn 0.8375 -0.4835 0.2545
vn 0.8376 -0.4836 0.2540
vn 0.8375 -0.4836 0.2544
vn 0.8376 -0.4835 0.2544
vn -0.6768 -0.4836 -0.5550
vn -0.6768 -0.4836 -0.5551
vn -0.6769 -0.4836 -0.5550
vn 0.8711 -0.4836 0.0857
vn 0.8711 -0.4836 0.0858
vn 0.8712 -0.4833 0.0863
vn -0.7719 -0.4837 -0.4125
vn -0.7720 -0.4834 -0.4127
vn -0.7719 -0.4835 -0.4128
vn -0.7719 -0.4836 -0.4126
vn 0.8711 -0.4836 -0.0855
vn 0.8711 -0.4836 -0.0858
vn 0.8711 -0.4835 -0.0858
vn 0.8711 -0.4836 -0.0856
vn -0.8376 -0.4835 -0.2541
vn -0.8376 -0.4837 -0.2539
vn -0.8376 -0.4836 -0.2541
vn 0.8376 -0.4836 -0.2540
vn 0.8376 -0.4835 -0.2544
vn 0.8376 -0.4835 -0.2542
vn 0.8376 -0.4836 -0.2541
vn -0.8711 -0.4836 -0.0857
vn -0.8711 -0.4836 -0.0855
vn 0.7719 -0.4836 -0.4127
vn 0.7719 -0.4836 -0.4126
vn 0.7721 -0.4836 -0.4124
vn -0.8711 -0.4836 0.0857
vn -0.8711 -0.4836 0.0858
vn 0.6766 -0.4836 -0.5553
vn 0.6766 -0.4834 -0.5554
vn -0.8375 -0.4836 0.2543
vn -0.8376 -0.4836 0.2542
vn -0.8376 -0.4836 0.2541
vn 0.5553 -0.4836 -0.6766
vn 0.5552 -0.4837 -0.6766
vn 0.5550 -0.4839 -0.6767
vn 0.5549 -0.4839 -0.6767
vn -0.7719 -0.4837 0.4125
vn -0.7719 -0.4836 0.4126
vn -0.7719 -0.4838 0.4124
vn 0.4128 -0.4838 -0.7717
vn 0.4126 -0.4836 -0.7719
vn 0.4124 -0.4837 -0.7720
vn 0.4130 -0.4839 -0.7715
vn 0.0860 -0.4834 0.8712
vn 0.0858 -0.4836 0.8711
vn 0.0855 -0.4836 0.8711
vn -0.6765 -0.4835 0.5555
vn -0.6765 -0.4834 0.5556
vn -0.6766 -0.4834 0.5555
vn -0.6766 -0.4836 0.5553
vn 0.2539 -0.4836 -0.8377
vn 0.2545 -0.4837 -0.8374
vn 0.2542 -0.4836 -0.8376
vn 0.2538 -0.4835 0.8377
vn 0.2541 -0.4836 0.8376
vn 0.2542 -0.4834 0.8377
vn -0.5553 -0.4836 0.6766
vn -0.5553 -0.4837 0.6765
vn -0.5551 -0.4833 0.6770
vn 0.0857 -0.4836 -0.8711
vn 0.0858 -0.4836 -0.8711
vn 0.0859 -0.4836 -0.8711
vn 0.4126 -0.4836 0.7719
vn -0.4127 -0.4835 0.7720
vn -0.4130 -0.4836 0.7717
vn -0.4129 -0.4835 0.7718
vn -0.4126 -0.4837 0.7719
vn -0.0857 -0.4836 -0.8711
vn -0.0858 -0.4836 -0.8711
vn 0.5550 -0.4836 0.6768
vn 0.5550 -0.4836 0.6769
vn 0.5551 -0.4836 0.6768
vn -0.2542 -0.4835 0.8376
vn -0.2542 -0.4837 0.8375
vn -0.2538 -0.4834 0.8378
vn -0.2543 -0.4836 0.8375
vn -0.2544 -0.4836 -0.8375
vn -0.2540 -0.4836 -0.8376
vn -0.2545 -0.4836 -0.8375
vn -0.2543 -0.4837 -0.8375
vn 0.6767 -0.4836 0.5552
vn 0.6768 -0.4836 0.5551
vn 0.6766 -0.4836 0.5553
vn -0.0858 -0.4836 0.8711
vn -0.0857 -0.4836 0.8711
vn -0.0860 -0.4834 0.8712
vn -0.4125 -0.4836 -0.7720
vn -0.4126 -0.4836 -0.7719
vn -0.4126 -0.4836 -0.7720
vn 0.7719 -0.4836 0.4127
vn 0.7719 -0.4836 0.4126
vn 0.7720 -0.4836 0.4126
vn -0.5554 -0.4836 -0.6765
vn -0.5555 -0.4836 -0.6765
vn -0.5553 -0.4836 -0.6766
vn -0.5555 -0.4836 -0.6764
vt 0.000000 0.000000
s 1
g off
usemtl Goddard_None
f 3009/4/5187 3010/4/5187 3011/4/5187
f 3011/4/5187 3012/4/5187 3013/4/5187
f 3009/4/5187 3011/4/5187 3013/4/5187
f 3013/4/5187 3014/4/5187 3015/4/5187
f 3015/4/5187 3016/4/5187 3017/4/5187
f 3013/4/5187 3015/4/5187 3017/4/5187
f 3009/4/5187 3013/4/5187 3017/4/5187
f 3017/4/5187 3018/4/5187 3019/4/5187
f 3019/4/5187 3020/4/5187 3021/4/5187
f 3017/4/5187 3019/4/5187 3021/4/5187
f 3021/4/5187 3022/4/5187 3023/4/5187
f 3023/4/5187 3024/4/5187 3025/4/5187
f 3021/4/5187 3023/4/5187 3025/4/5187
f 3017/4/5187 3021/4/5187 3025/4/5187
f 3025/4/5187 3026/4/5187 3027/4/5187
f 3027/4/5187 3028/4/5187 3029/4/5187
f 3025/4/5187 3027/4/5187 3029/4/5187
f 3029/4/5187 3030/4/5187 3031/4/5187
f 3031/4/5187 3032/4/5187 3033/4/5187
f 3029/4/5187 3031/4/5187 3033/4/5187
f 3025/4/5187 3029/4/5187 3033/4/5187
f 3017/4/5187 3025/4/5187 3033/4/5187
f 3009/4/5187 3017/4/5187 3033/4/5187
f 3034/4/5187 3035/4/5187 3036/4/5187
f 3033/4/5187 3034/4/5187 3036/4/5187
f 3033/4/5187 3036/4/5187 3037/4/5187
f 3009/4/5187 3033/4/5187 3037/4/5187
f 3038/4/5187 3009/4/5187 3037/4/5187
f 3038/4/5187 3037/4/5187 3039/4/5187
f 3038/4/5187 3039/4/5187 3040/4/5187
f 3041/4/5188 3042/4/5188 3043/4/5188
f 3043/4/5188 3044/4/5188 3045/4/5188
f 3041/4/5188 3043/4/5188 3045/4/5188
f 3045/4/5188 3046/4/5188 3047/4/5188
f 3047/4/5188 3048/4/5188 3049/4/5188
f 3045/4/5188 3047/4/5188 3049/4/5188
f 3041/4/5188 3045/4/5188 3049/4/5188
f 3049/4/5188 3050/4/5188 3051/4/5188
f 3051/4/5188 3052/4/5188 3053/4/5188
f 3049/4/5188 3051/4/5188 3053/4/5188
f 3053/4/5188 3054/4/5188 3055/4/5188
f 3055/4/5188 3056/4/5188 3057/4/5188
f 3053/4/5188 3055/4/5188 3057/4/5188
f 3049/4/5188 3053/4/5188 3057/4/5188
f 3041/4/5188 3049/4/5188 3057/4/5188
f 3057/4/5188 3058/4/5188 3059/4/5188
f 3059/4/5188 3060/4/5188 3061/4/5188
f 3057/4/5188 3059/4/5188 3061/4/5188
f 3061/4/5188 3062/4/5188 3063/4/5188
f 3063/4/5188 3064/4/5188 3065/4/5188
f 3061/4/5188 3063/4/5188 3065/4/5188
f 3057/4/5188 3061/4/5188 3065/4/5188
f 3065/4/5188 3066/4/5188 3067/4/5188
f 3067/4/5188 3068/4/5188 3069/4/5188
f 3065/4/5188 3067/4/5188 3069/4/5188
f 3069/4/5188 3070/4/5188 3071/4/5188
f 3069/4/5188 3071/4/5188 3072/4/5188
f 3065/4/5188 3069/4/5188 3072/4/5188
f 3057/4/5188 3065/4/5188 3072/4/5188
f 3041/4/5188 3057/4/5188 3072/4/5188
f 3034/4/5189 3047/4/5190 3046/4/5191
f 3046/4/5191 3035/4/5192 3034/4/5189
f 3020/4/5193 3061/4/5194 3060/4/5194
f 3060/4/5194 3021/4/5195 3020/4/5193
f 3048/4/5196 3047/4/5197 3034/4/5197
f 3034/4/5197 3033/4/5198 3048/4/5196
f 3019/4/5199 3062/4/5200 3061/4/5201
f 3061/4/5201 3020/4/5202 3019/4/5199
f 3048/4/5203 3033/4/5204 3032/4/5205
f 3032/4/5205 3049/4/5206 3048/4/5203
f 3018/4/5207 3063/4/5208 3062/4/5209
f 3062/4/5209 3019/4/5209 3018/4/5207
f 3032/4/5210 3031/4/5211 3050/4/5212
f 3050/4/5212 3049/4/5213 3032/4/5210
f 3017/4/5214 3064/4/5215 3063/4/5214
f 3063/4/5214 3018/4/5214 3017/4/5214
f 3030/4/5216 3051/4/5216 3050/4/5217
f 3050/4/5217 3031/4/5218 3030/4/5216
f 3016/4/5219 3065/4/5220 3064/4/5220
f 3064/4/5220 3017/4/5220 3016/4/5219
f 3029/4/5221 3052/4/5221 3051/4/5222
f 3051/4/5222 3030/4/5221 3029/4/5221
f 3015/4/5223 3066/4/5224 3065/4/5225
f 3065/4/5225 3016/4/5225 3015/4/5223
f 3028/4/5226 3053/4/5227 3052/4/5228
f 3052/4/5228 3029/4/5229 3028/4/5226
f 3014/4/5230 3067/4/5231 3066/4/5230
f 3066/4/5230 3015/4/5232 3014/4/5230
f 3027/4/5233 3054/4/5234 3053/4/5235
f 3053/4/5235 3028/4/5236 3027/4/5233
f 3072/4/5237 3009/4/5238 3038/4/5239
f 3038/4/5239 3041/4/5238 3072/4/5237
f 3013/4/5240 3068/4/5241 3067/4/5242
f 3067/4/5242 3014/4/5243 3013/4/5240
f 3026/4/5244 3055/4/5245 3054/4/5246
f 3054/4/5246 3027/4/5244 3026/4/5244
f 3041/4/5247 3038/4/5248 3040/4/5249
f 3040/4/5249 3042/4/5248 3041/4/5247
f 3012/4/5250 3069/4/5250 3068/4/5251
f 3068/4/5251 3013/4/5252 3012/4/5250
f 3025/4/5253 3056/4/5254 3055/4/5255
f 3055/4/5255 3026/4/5254 3025/4/5253
f 3042/4/5256 3040/4/5256 3039/4/5256
f 3039/4/5256 3043/4/5256 3042/4/5256
f 3011/4/5257 3070/4/5258 3069/4/5259
f 3069/4/5259 3012/4/5260 3011/4/5257
f 3024/4/5261 3057/4/5262 3056/4/5261
f 3056/4/5261 3025/4/5262 3024/4/5261
f 3039/4/5263 3037/4/5264 3044/4/5265
f 3044/4/5265 3043/4/5265 3039/4/5263
f 3010/4/5266 3071/4/5267 3070/4/5268
f 3070/4/5268 3011/4/5269 3010/4/5266
f 3023/4/5270 3058/4/5271 3057/4/5272
f 3057/4/5272 3024/4/5273 3023/4/5270
f 3036/4/5274 3045/4/5274 3044/4/5275
f 3044/4/5275 3037/4/5276 3036/4/5274
f 3010/4/5277 3009/4/5278 3072/4/5279
f 3072/4/5279 3071/4/5277 3010/4/5277
f 3022/4/5280 3059/4/5281 3058/4/5281
f 3058/4/5281 3023/4/5282 3022/4/5280
f 3046/4/5283 3045/4/5284 3036/4/5285
f 3036/4/5285 3035/4/5284 3046/4/5283
f 3021/4/5286 3060/4/5287 3059/4/5288
f 3059/4/5288 3022/4/5289 3021/4/5286
o C_rculo_019_C_rculo_020
v -4.091450 0.153447 -2.495672
v -3.997950 0.153447 -2.486471
v -3.908050 0.153447 -2.459172
v -3.825150 0.153447 -2.414871
v -3.752550 0.153447 -2.355272
v -3.692950 0.153447 -2.282671
v -3.648650 0.153447 -2.199771
v -3.621350 0.153447 -2.109871
v -3.612150 0.153447 -2.016371
v -3.621350 0.153447 -1.922871
v -3.648650 0.153447 -1.832871
v -3.692950 0.153447 -1.750071
v -3.752550 0.153447 -1.677372
v -3.825150 0.153447 -1.617771
v -3.908050 0.153447 -1.573472
v -3.997950 0.153447 -1.546171
v -4.091450 0.153447 -1.536972
v -4.185050 0.153447 -1.546171
v -4.274950 0.153447 -1.573472
v -4.357750 0.153447 -1.617771
v -4.430450 0.153447 -1.677372
v -4.490050 0.153447 -1.750071
v -4.534350 0.153447 -1.832871
v -4.561650 0.153447 -1.922871
v -4.570850 0.153447 -2.016371
v -4.561650 0.153447 -2.109871
v -4.534350 0.153447 -2.199771
v -4.490050 0.153447 -2.282671
v -4.430450 0.153447 -2.355272
v -4.185050 0.153447 -2.486471
v -4.357750 0.153447 -2.414871
v -4.274950 0.153447 -2.459172
v -3.586550 0.132047 -2.116771
v -3.586550 0.031247 -2.116771
v -3.576650 0.031247 -2.016371
v -3.576650 0.132047 -2.016371
v -3.894450 0.132047 -2.491971
v -3.805450 0.132047 -2.444472
v -3.991050 0.132047 -1.511371
v -4.091450 0.132047 -1.501472
v -4.455550 0.132047 -2.380372
v -4.377550 0.132047 -2.444472
v -3.991050 0.132047 -2.521271
v -3.894450 0.132047 -1.540672
v -4.519550 0.132047 -2.302372
v -4.091450 0.132047 -2.531172
v -3.805450 0.132047 -1.588271
v -4.567150 0.132047 -2.213372
v -3.727450 0.132047 -1.652272
v -4.596450 0.132047 -2.116771
v -3.663450 0.132047 -1.730271
v -4.606350 0.132047 -2.016371
v -3.615850 0.132047 -1.819371
v -4.596450 0.132047 -1.915872
v -3.586550 0.132047 -1.915872
v -4.567150 0.132047 -1.819371
v -4.519550 0.132047 -1.730271
v -4.455550 0.132047 -1.652272
v -3.615850 0.132047 -2.213372
v -4.377550 0.132047 -1.588271
v -3.663450 0.132047 -2.302372
v -4.288550 0.132047 -1.540672
v -4.191950 0.132047 -2.521271
v -3.727450 0.132047 -2.380372
v -4.191950 0.132047 -1.511371
v -4.288550 0.132047 -2.491971
v -4.191950 0.031247 -2.521271
v -4.288550 0.031247 -2.491971
v -4.377550 0.031247 -2.444472
v -4.455550 0.031247 -2.380372
v -4.519550 0.031247 -2.302372
v -4.567150 0.031247 -2.213372
v -4.596450 0.031247 -2.116771
v -4.606350 0.031247 -2.016371
v -4.596450 0.031247 -1.915872
v -4.567150 0.031247 -1.819371
v -4.519550 0.031247 -1.730271
v -4.455550 0.031247 -1.652272
v -4.377550 0.031247 -1.588271
v -4.288550 0.031247 -1.540672
v -4.191950 0.031247 -1.511371
v -4.091450 0.031247 -1.501472
v -3.991050 0.031247 -1.511371
v -3.894450 0.031247 -1.540672
v -3.805450 0.031247 -1.588271
v -3.727450 0.031247 -1.652272
v -3.663450 0.031247 -1.730271
v -3.615850 0.031247 -1.819371
v -3.586550 0.031247 -1.915872
v -3.615850 0.031247 -2.213372
v -3.663450 0.031247 -2.302372
v -3.727450 0.031247 -2.380372
v -3.805450 0.031247 -2.444472
v -3.894450 0.031247 -2.491971
v -3.991050 0.031247 -2.521271
v -4.091450 0.031247 -2.531172
vn -0.0000 -1.0000 -0.0000
vn -0.9952 -0.0000 0.0981
vn -0.9952 -0.0000 0.0977
vn -0.2440 -0.8557 0.4564
vn -0.2440 -0.8555 0.4567
vn -0.2439 -0.8556 0.4565
vn -0.2439 -0.8557 0.4564
vn -0.0507 -0.8556 -0.5152
vn -0.0508 -0.8554 -0.5154
vn -0.0507 -0.8557 -0.5150
vn 0.3283 -0.8556 0.4001
vn 0.3284 -0.8555 0.4003
vn 0.3283 -0.8557 0.3999
vn -0.1502 -0.8557 0.4953
vn -0.1502 -0.8556 0.4953
vn -0.1502 -0.8557 -0.4952
vn -0.1502 -0.8557 -0.4953
vn -0.1502 -0.8557 -0.4951
vn 0.4001 -0.8557 0.3283
vn 0.4000 -0.8557 0.3283
vn 0.4000 -0.8557 0.3282
vn 0.4001 -0.8556 0.3283
vn -0.0507 -0.8556 0.5151
vn -0.0507 -0.8556 0.5152
vn -0.0507 -0.8555 0.5153
vn -0.2440 -0.8556 -0.4565
vn -0.2440 -0.8557 -0.4563
vn -0.2441 -0.8554 -0.4569
vn 0.4566 -0.8556 0.2441
vn 0.4564 -0.8557 0.2440
vn 0.4565 -0.8556 0.2440
vn -0.3283 -0.8557 -0.4001
vn -0.3283 -0.8556 -0.4001
vn 0.4954 -0.8556 0.1503
vn 0.4953 -0.8556 0.1502
vn 0.4957 -0.8554 0.1505
vn -0.4003 -0.8555 -0.3284
vn -0.3999 -0.8558 -0.3281
vn -0.4001 -0.8557 -0.3282
vn -0.4004 -0.8555 -0.3284
vn 0.5151 -0.8556 0.0507
vn 0.5152 -0.8556 0.0507
vn 0.5150 -0.8557 0.0507
vn -0.4565 -0.8556 -0.2440
vn -0.4567 -0.8555 -0.2441
vn -0.4566 -0.8555 -0.2441
vn -0.4566 -0.8555 -0.2443
vn 0.5151 -0.8557 -0.0507
vn 0.5151 -0.8556 -0.0507
vn -0.4953 -0.8556 -0.1502
vn -0.4951 -0.8557 -0.1502
vn -0.4955 -0.8555 -0.1502
vn 0.4953 -0.8556 -0.1502
vn 0.4953 -0.8557 -0.1502
vn 0.4954 -0.8556 -0.1503
vn 0.4955 -0.8555 -0.1504
vn -0.5151 -0.8557 -0.0507
vn -0.5149 -0.8558 -0.0507
vn -0.5151 -0.8556 -0.0507
vn -0.5153 -0.8555 -0.0507
vn 0.4563 -0.8557 -0.2440
vn 0.4564 -0.8557 -0.2440
vn -0.5153 -0.8555 0.0507
vn -0.5154 -0.8555 0.0507
vn -0.5152 -0.8556 0.0507
vn 0.4002 -0.8556 -0.3283
vn 0.4001 -0.8557 -0.3282
vn 0.4000 -0.8557 -0.3283
vn -0.4953 -0.8556 0.1502
vn -0.4952 -0.8557 0.1502
vn -0.4953 -0.8557 0.1502
vn 0.3284 -0.8555 -0.4003
vn 0.3284 -0.8556 -0.4002
vn -0.4566 -0.8556 0.2441
vn -0.4564 -0.8557 0.2440
vn -0.4566 -0.8556 0.2440
vn 0.2443 -0.8554 -0.4567
vn 0.2443 -0.8554 -0.4568
vn 0.2441 -0.8556 -0.4564
vn 0.0507 -0.8556 0.5152
vn 0.0507 -0.8556 0.5151
vn 0.0507 -0.8557 0.5150
vn 0.0507 -0.8554 0.5154
vn -0.4001 -0.8557 0.3283
vn -0.4000 -0.8557 0.3283
vn -0.4000 -0.8557 0.3282
vn 0.1502 -0.8557 -0.4953
vn 0.1502 -0.8556 -0.4953
vn 0.1501 -0.8557 -0.4952
vn 0.1502 -0.8557 0.4953
vn 0.1501 -0.8557 0.4952
vn -0.3287 -0.8555 0.4000
vn -0.3286 -0.8556 0.3999
vn -0.3285 -0.8556 0.4001
vn -0.3283 -0.8556 0.4001
vn 0.0507 -0.8556 -0.5151
vn 0.0507 -0.8555 -0.5153
vn 0.0507 -0.8556 -0.5152
vn 0.2441 -0.8555 0.4566
vn 0.2440 -0.8557 0.4564
vn 0.2436 -0.8559 0.4562
vn 0.2434 -0.8560 0.4561
vn -0.0000 1.0000 -0.0000
vn 0.7731 -0.0000 -0.6343
vn -0.9569 -0.0000 0.2903
vn 0.6343 -0.0000 -0.7731
vn -0.8818 -0.0000 0.4716
vn 0.4716 -0.0000 -0.8818
vn 0.0980 -0.0000 0.9952
vn -0.7731 -0.0000 0.6343
vn 0.2903 -0.0000 -0.9569
vn 0.2903 -0.0000 0.9569
vn -0.6344 -0.0000 0.7730
vn 0.0980 -0.0000 -0.9952
vn 0.4708 -0.0000 0.8822
vn 0.4711 -0.0000 0.8821
vn -0.4714 -0.0000 0.8819
vn -0.4711 -0.0000 0.8821
vn -0.4713 -0.0000 0.8820
vn -0.0981 -0.0000 -0.9952
vn 0.6342 -0.0000 0.7731
vn 0.6342 -0.0000 0.7732
vn -0.2903 -0.0000 0.9569
vn -0.2903 -0.0000 -0.9569
vn 0.7731 -0.0000 0.6343
vn -0.0981 -0.0000 0.9952
vn -0.0977 -0.0000 0.9952
vn -0.4716 -0.0000 -0.8818
vn 0.8818 -0.0000 0.4716
vn -0.6343 -0.0000 -0.7731
vn 0.9569 -0.0000 0.2903
vn -0.7731 -0.0000 -0.6343
vn 0.9952 -0.0000 0.0981
vn -0.8820 -0.0000 -0.4712
vn 0.9952 -0.0000 -0.0980
vn -0.9569 -0.0000 -0.2905
vn 0.9569 -0.0000 -0.2905
vn -0.9952 -0.0000 -0.0980
vn 0.8820 -0.0000 -0.4712
vt 0.000000 0.000000
s 1
g off
usemtl Goddard_None
f 3073/5/5290 3074/5/5290 3075/5/5290
f 3075/5/5290 3076/5/5290 3077/5/5290
f 3073/5/5290 3075/5/5290 3077/5/5290
f 3077/5/5290 3078/5/5290 3079/5/5290
f 3079/5/5290 3080/5/5290 3081/5/5290
f 3077/5/5290 3079/5/5290 3081/5/5290
f 3073/5/5290 3077/5/5290 3081/5/5290
f 3081/5/5290 3082/5/5290 3083/5/5290
f 3083/5/5290 3084/5/5290 3085/5/5290
f 3081/5/5290 3083/5/5290 3085/5/5290
f 3085/5/5290 3086/5/5290 3087/5/5290
f 3087/5/5290 3088/5/5290 3089/5/5290
f 3085/5/5290 3087/5/5290 3089/5/5290
f 3081/5/5290 3085/5/5290 3089/5/5290
f 3089/5/5290 3090/5/5290 3091/5/5290
f 3091/5/5290 3092/5/5290 3093/5/5290
f 3089/5/5290 3091/5/5290 3093/5/5290
f 3093/5/5290 3094/5/5290 3095/5/5290
f 3095/5/5290 3096/5/5290 3097/5/5290
f 3093/5/5290 3095/5/5290 3097/5/5290
f 3089/5/5290 3093/5/5290 3097/5/5290
f 3081/5/5290 3089/5/5290 3097/5/5290
f 3073/5/5290 3081/5/5290 3097/5/5290
f 3098/5/5290 3099/5/5290 3100/5/5290
f 3097/5/5290 3098/5/5290 3100/5/5290
f 3097/5/5290 3100/5/5290 3101/5/5290
f 3073/5/5290 3097/5/5290 3101/5/5290
f 3102/5/5290 3073/5/5290 3101/5/5290
f 3102/5/5290 3101/5/5290 3103/5/5290
f 3102/5/5290 3103/5/5290 3104/5/5290
f 3105/5/5291 3106/5/5291 3107/5/5291
f 3107/5/5291 3108/5/5292 3105/5/5291
f 3075/5/5293 3109/5/5294 3110/5/5295
f 3110/5/5295 3076/5/5296 3075/5/5293
f 3088/5/5297 3111/5/5298 3112/5/5297
f 3112/5/5297 3089/5/5299 3088/5/5297
f 3103/5/5300 3101/5/5301 3113/5/5301
f 3113/5/5301 3114/5/5302 3103/5/5300
f 3074/5/5303 3115/5/5303 3109/5/5303
f 3109/5/5303 3075/5/5304 3074/5/5303
f 3087/5/5305 3116/5/5306 3111/5/5306
f 3111/5/5306 3088/5/5307 3087/5/5305
f 3100/5/5308 3117/5/5309 3113/5/5310
f 3113/5/5310 3101/5/5311 3100/5/5308
f 3074/5/5312 3073/5/5313 3118/5/5312
f 3118/5/5312 3115/5/5314 3074/5/5312
f 3086/5/5315 3119/5/5316 3116/5/5315
f 3116/5/5315 3087/5/5317 3086/5/5315
f 3120/5/5318 3117/5/5319 3100/5/5319
f 3100/5/5319 3099/5/5320 3120/5/5318
f 3085/5/5321 3121/5/5322 3119/5/5322
f 3119/5/5322 3086/5/5322 3085/5/5321
f 3098/5/5323 3122/5/5324 3120/5/5323
f 3120/5/5323 3099/5/5325 3098/5/5323
f 3084/5/5326 3123/5/5327 3121/5/5328
f 3121/5/5328 3085/5/5329 3084/5/5326
f 3124/5/5330 3122/5/5331 3098/5/5332
f 3098/5/5332 3097/5/5330 3124/5/5330
f 3083/5/5333 3125/5/5334 3123/5/5335
f 3123/5/5335 3084/5/5336 3083/5/5333
f 3124/5/5337 3097/5/5338 3096/5/5338
f 3096/5/5338 3126/5/5338 3124/5/5337
f 3082/5/5339 3127/5/5340 3125/5/5339
f 3125/5/5339 3083/5/5341 3082/5/5339
f 3096/5/5342 3095/5/5343 3128/5/5344
f 3128/5/5344 3126/5/5345 3096/5/5342
f 3081/5/5346 3108/5/5347 3127/5/5348
f 3127/5/5348 3082/5/5349 3081/5/5346
f 3094/5/5350 3129/5/5351 3128/5/5351
f 3128/5/5351 3095/5/5351 3094/5/5350
f 3080/5/5352 3105/5/5352 3108/5/5353
f 3108/5/5353 3081/5/5354 3080/5/5352
f 3093/5/5355 3130/5/5356 3129/5/5357
f 3129/5/5357 3094/5/5357 3093/5/5355
f 3079/5/5358 3131/5/5359 3105/5/5360
f 3105/5/5360 3080/5/5358 3079/5/5358
f 3092/5/5361 3132/5/5362 3130/5/5362
f 3130/5/5362 3093/5/5361 3092/5/5361
f 3078/5/5363 3133/5/5364 3131/5/5365
f 3131/5/5365 3079/5/5365 3078/5/5363
f 3091/5/5366 3134/5/5367 3132/5/5366
f 3132/5/5366 3092/5/5368 3091/5/5366
f 3118/5/5369 3073/5/5370 3102/5/5371
f 3102/5/5371 3135/5/5372 3118/5/5369
f 3077/5/5373 3136/5/5374 3133/5/5374
f 3133/5/5374 3078/5/5375 3077/5/5373
f 3090/5/5376 3137/5/5376 3134/5/5377
f 3134/5/5377 3091/5/5378 3090/5/5376
f 3135/5/5379 3102/5/5380 3104/5/5379
f 3104/5/5379 3138/5/5379 3135/5/5379
f 3076/5/5381 3110/5/5382 3136/5/5383
f 3136/5/5383 3077/5/5384 3076/5/5381
f 3089/5/5385 3112/5/5386 3137/5/5387
f 3137/5/5387 3090/5/5385 3089/5/5385
f 3138/5/5388 3104/5/5389 3103/5/5390
f 3103/5/5390 3114/5/5391 3138/5/5388
f 3139/5/5392 3140/5/5392 3141/5/5392
f 3141/5/5392 3142/5/5392 3143/5/5392
f 3139/5/5392 3141/5/5392 3143/5/5392
f 3143/5/5392 3144/5/5392 3145/5/5392
f 3143/5/5392 3145/5/5392 3146/5/5392
f 3139/5/5392 3143/5/5392 3146/5/5392
f 3139/5/5392 3146/5/5392 3147/5/5392
f 3147/5/5392 3148/5/5392 3149/5/5392
f 3149/5/5392 3150/5/5392 3151/5/5392
f 3147/5/5392 3149/5/5392 3151/5/5392
f 3151/5/5392 3152/5/5392 3153/5/5392
f 3153/5/5392 3154/5/5392 3155/5/5392
f 3151/5/5392 3153/5/5392 3155/5/5392
f 3147/5/5392 3151/5/5392 3155/5/5392
f 3155/5/5392 3156/5/5392 3157/5/5392
f 3157/5/5392 3158/5/5392 3159/5/5392
f 3155/5/5392 3157/5/5392 3159/5/5392
f 3159/5/5392 3160/5/5392 3161/5/5392
f 3161/5/5392 3107/5/5392 3106/5/5392
f 3159/5/5392 3161/5/5392 3106/5/5392
f 3155/5/5392 3159/5/5392 3106/5/5392
f 3147/5/5392 3155/5/5392 3106/5/5392
f 3106/5/5392 3162/5/5392 3163/5/5392
f 3163/5/5392 3164/5/5392 3165/5/5392
f 3106/5/5392 3163/5/5392 3165/5/5392
f 3165/5/5392 3166/5/5392 3167/5/5392
f 3165/5/5392 3167/5/5392 3168/5/5392
f 3106/5/5392 3165/5/5392 3168/5/5392
f 3147/5/5392 3106/5/5392 3168/5/5392
f 3139/5/5392 3147/5/5392 3168/5/5392
f 3130/5/5393 3150/5/5393 3149/5/5393
f 3149/5/5393 3129/5/5393 3130/5/5393
f 3131/5/5394 3162/5/5394 3106/5/5394
f 3106/5/5394 3105/5/5394 3131/5/5394
f 3132/5/5395 3151/5/5395 3150/5/5395
f 3150/5/5395 3130/5/5395 3132/5/5395
f 3133/5/5396 3163/5/5396 3162/5/5396
f 3162/5/5396 3131/5/5396 3133/5/5396
f 3134/5/5397 3152/5/5397 3151/5/5397
f 3151/5/5397 3132/5/5397 3134/5/5397
f 3135/5/5398 3139/5/5398 3168/5/5398
f 3168/5/5398 3118/5/5398 3135/5/5398
f 3136/5/5399 3164/5/5399 3163/5/5399
f 3163/5/5399 3133/5/5399 3136/5/5399
f 3137/5/5400 3153/5/5400 3152/5/5400
f 3152/5/5400 3134/5/5400 3137/5/5400
f 3138/5/5401 3140/5/5401 3139/5/5401
f 3139/5/5401 3135/5/5401 3138/5/5401
f 3110/5/5402 3165/5/5402 3164/5/5402
f 3164/5/5402 3136/5/5402 3110/5/5402
f 3112/5/5403 3154/5/5403 3153/5/5403
f 3153/5/5403 3137/5/5403 3112/5/5403
f 3114/5/5404 3141/5/5404 3140/5/5405
f 3140/5/5405 3138/5/5404 3114/5/5404
f 3109/5/5406 3166/5/5407 3165/5/5406
f 3165/5/5406 3110/5/5408 3109/5/5406
f 3111/5/5409 3155/5/5409 3154/5/5409
f 3154/5/5409 3112/5/5409 3111/5/5409
f 3113/5/5410 3142/5/5411 3141/5/5410
f 3141/5/5410 3114/5/5411 3113/5/5410
f 3115/5/5412 3167/5/5412 3166/5/5412
f 3166/5/5412 3109/5/5412 3115/5/5412
f 3116/5/5413 3156/5/5413 3155/5/5413
f 3155/5/5413 3111/5/5413 3116/5/5413
f 3117/5/5414 3143/5/5414 3142/5/5414
f 3142/5/5414 3113/5/5414 3117/5/5414
f 3115/5/5415 3118/5/5415 3168/5/5415
f 3168/5/5415 3167/5/5416 3115/5/5415
f 3119/5/5417 3157/5/5417 3156/5/5417
f 3156/5/5417 3116/5/5417 3119/5/5417
f 3120/5/5418 3144/5/5418 3143/5/5418
f 3143/5/5418 3117/5/5418 3120/5/5418
f 3121/5/5419 3158/5/5419 3157/5/5419
f 3157/5/5419 3119/5/5419 3121/5/5419
f 3122/5/5420 3145/5/5420 3144/5/5420
f 3144/5/5420 3120/5/5420 3122/5/5420
f 3123/5/5421 3159/5/5421 3158/5/5421
f 3158/5/5421 3121/5/5421 3123/5/5421
f 3124/5/5422 3146/5/5422 3145/5/5422
f 3145/5/5422 3122/5/5422 3124/5/5422
f 3125/5/5423 3160/5/5423 3159/5/5423
f 3159/5/5423 3123/5/5423 3125/5/5423
f 3126/5/5424 3147/5/5424 3146/5/5424
f 3146/5/5424 3124/5/5424 3126/5/5424
f 3127/5/5425 3161/5/5425 3160/5/5425
f 3160/5/5425 3125/5/5425 3127/5/5425
f 3128/5/5426 3148/5/5426 3147/5/5426
f 3147/5/5426 3126/5/5426 3128/5/5426
f 3108/5/5427 3107/5/5427 3161/5/5427
f 3161/5/5427 3127/5/5427 3108/5/5427
f 3129/5/5428 3149/5/5428 3148/5/5428
f 3148/5/5428 3128/5/5428 3129/5/5428
