# Blender 5.1.0
# www.blender.org
mtllib goddard_mandibula.mtl
o mandibula
v 4.961617 6.830650 0.934205
v 4.867218 6.867150 0.869405
v 4.895118 6.823750 0.888105
v 4.838818 6.815150 0.836905
v 4.807518 6.860850 0.811505
v 4.972418 6.429050 0.665505
v 5.015018 6.404250 0.704305
v 4.974817 6.435650 0.721605
v 4.923118 6.468250 0.679905
v 4.940818 6.467150 0.742405
v 4.882917 6.506350 0.698005
v 4.913017 6.498450 0.765505
v 4.851217 6.543150 0.718805
v 4.891917 6.528950 0.790105
v 4.827718 6.578350 0.741805
v 4.878318 6.557550 0.816105
v 4.812717 6.610950 0.767205
v 4.872618 6.583350 0.843705
v 4.806518 6.639850 0.795205
v 4.875418 6.605450 0.873005
v 4.809517 6.663950 0.826005
v 4.935417 6.452250 0.619805
v 4.879917 6.498050 0.631905
v 4.835017 6.542450 0.647405
v 4.799917 6.585150 0.665805
v 4.774218 6.625950 0.686905
v 4.757917 6.663550 0.711205
v 4.751218 6.696450 0.739405
v 4.754618 6.723150 0.772105
v 4.844518 6.524750 0.578505
v 4.904017 6.473550 0.568505
v 4.796217 6.574950 0.591505
v 4.758517 6.623950 0.607105
v 4.730718 6.671350 0.625705
v 4.713118 6.715150 0.648405
v 4.706017 6.753250 0.676505
v 4.709718 6.783350 0.711405
v 4.878617 6.492050 0.512905
v 4.816617 6.547750 0.520805
v 4.766017 6.603250 0.531105
v 4.859918 6.506550 0.454105
v 4.796318 6.565750 0.459905
v 4.783917 6.577450 0.396605
v 4.848317 6.516050 0.393105
v 5.102918 6.647250 1.068805
v 5.066418 6.689050 1.056605
v 5.007017 6.700250 1.029505
v 5.053318 6.652750 1.047705
v 5.037018 6.733150 1.043605
v 4.970517 6.748550 1.010605
v 4.943117 6.797250 0.991905
v 5.014318 6.778750 1.030305
v 4.955117 6.705950 0.999205
v 5.008417 6.653950 1.023305
v 4.913017 6.758050 0.974105
v 4.881317 6.810150 0.949005
v 4.924417 6.845850 0.974405
v 4.859518 6.861750 0.925205
v 4.910418 6.706950 0.966205
v 4.968318 6.651550 0.995905
v 4.864017 6.762350 0.934505
v 4.828517 6.817650 0.902105
v 4.803517 6.872650 0.870505
v 4.872917 6.703550 0.931105
v 4.934217 6.645850 0.966105
v 4.823217 6.761550 0.892805
v 4.784417 6.819850 0.852205
v 4.756118 6.878250 0.811205
v 4.843217 6.695550 0.895205
v 4.906918 6.636450 0.935105
v 4.791018 6.755250 0.850505
v 4.749517 6.815750 0.801805
v 4.718118 6.877050 0.750705
v 4.821918 6.682450 0.859705
v 4.887017 6.623150 0.903705
v 4.768018 6.742650 0.809605
v 4.724318 6.803950 0.754005
v 5.059418 6.669650 -0.379995
v 5.095918 6.628050 -0.392895
v 5.046818 6.634850 -0.372195
v 5.000517 6.682250 -0.353095
v 5.002418 6.637450 -0.348195
v 4.949118 6.689550 -0.323195
v 4.962917 6.636550 -0.321295
v 4.905017 6.692150 -0.290495
v 4.929418 6.632350 -0.292295
v 4.868217 6.690450 -0.255995
v 4.902517 6.624550 -0.261995
v 4.839118 6.684050 -0.220795
v 4.883218 6.612650 -0.231595
v 4.818317 6.672550 -0.186295
v 4.872118 6.596250 -0.201995
v 4.806417 6.655450 -0.153695
v 4.963918 6.730350 -0.333195
v 5.029918 6.713350 -0.366095
v 4.907018 6.741650 -0.296895
v 4.858717 6.747750 -0.257595
v 4.818618 6.748750 -0.216295
v 4.787117 6.744250 -0.174695
v 4.764617 6.733350 -0.134695
v 4.751718 6.715350 -0.098295
v 5.007017 6.758650 -0.351795
v 4.936418 6.778850 -0.313395
v 4.875318 6.793750 -0.270495
v 4.823318 6.803250 -0.223795
v 4.779918 6.807450 -0.174195
v 4.745718 6.805350 -0.124395
v 4.721217 6.795450 -0.077295
v 4.707118 6.776350 -0.035895
v 4.991518 6.804150 -0.338095
v 4.917717 6.827150 -0.294695
v 4.853518 6.845150 -0.245495
v 4.798317 6.858250 -0.190795
v 4.751818 6.866250 -0.131595
v 4.714518 6.867250 -0.071395
v 4.687517 6.859150 -0.014695
v 4.973217 6.431250 -0.059695
v 5.013618 6.400250 -0.043695
v 4.971117 6.425550 -0.004595
v 4.921718 6.464450 -0.017395
v 4.934318 6.449250 0.041405
v 4.878717 6.494750 0.031105
v 4.903117 6.471050 0.092905
v 4.843517 6.522050 0.084905
v 4.877917 6.490150 0.148805
v 4.815917 6.545650 0.143005
v 4.859417 6.505350 0.207805
v 4.795817 6.564350 0.204305
v 4.848118 6.515450 0.268905
v 4.783617 6.576750 0.267805
v 4.844217 6.519250 0.331105
v 4.779617 6.581450 0.332205
v 4.939117 6.462250 -0.078995
v 4.881417 6.502050 -0.033795
v 4.833717 6.538750 0.017505
v 4.795117 6.571950 0.074005
v 4.765118 6.600950 0.135105
v 4.849418 6.538350 -0.052895
v 4.911017 6.493050 -0.100495
v 4.798418 6.580950 0.001005
v 4.757217 6.620550 0.060505
v 4.725118 6.655950 0.124905
v 4.825717 6.572850 -0.074195
v 4.889718 6.522750 -0.123495
v 4.772517 6.621150 -0.018195
v 4.729218 6.667350 0.044205
v 4.810417 6.604650 -0.097895
v 4.875817 6.550550 -0.147995
v 4.755918 6.657950 -0.040595
v 4.711417 6.710350 0.023605
v 4.869718 6.575350 -0.174195
v 4.803818 6.632550 -0.124295
v 4.748918 6.689850 -0.067095
v 4.703918 6.747450 -0.002595
v 5.061418 6.373250 0.691405
v 5.087317 6.360850 0.718505
v 5.063217 6.378150 0.735605
v 5.036818 6.399650 0.756105
v 5.009717 6.425050 0.780005
v 4.986117 6.451650 0.805205
v 4.967817 6.478050 0.831205
v 4.955718 6.503350 0.857705
v 4.950717 6.526750 0.884905
v 4.953418 6.547250 0.912805
v 5.032718 6.388150 0.656005
v 5.002518 6.405050 0.611505
v 4.975218 6.421550 0.561405
v 4.952718 6.436150 0.507105
v 4.935718 6.447850 0.449805
v 4.924917 6.455550 0.390405
v 4.921118 6.458250 0.330005
v 5.177318 6.609550 1.090005
v 5.156717 6.636950 1.086205
v 5.146418 6.608350 1.079605
v 5.134917 6.670850 1.080305
v 5.113317 6.711450 1.072305
v 5.115417 7.000850 1.060905
v 5.111517 6.606050 1.064905
v 5.073817 6.602250 1.045305
v 5.038517 6.596550 1.022305
v 5.007817 6.588550 0.996805
v 4.982718 6.577950 0.969505
v 4.964217 6.564250 0.941205
v 5.139518 6.589250 -0.404395
v 5.149417 6.616650 -0.410095
v 5.170117 6.589550 -0.414495
v 5.105018 6.588050 -0.390095
v 5.067718 6.585550 -0.370995
v 5.033017 6.581250 -0.348695
v 5.002817 6.574750 -0.323995
v 4.978218 6.565550 -0.297495
v 4.960318 6.553350 -0.270295
v 4.949918 6.537550 -0.243095
v 5.127418 6.650150 -0.403595
v 5.105618 6.690150 -0.394795
v 5.087718 6.732650 -0.385095
v 5.116117 7.002550 -0.375295
v 5.060018 6.369550 -0.031995
v 5.061617 6.373850 -0.075295
v 5.085917 6.356750 -0.058995
v 5.031518 6.384850 0.003405
v 5.001517 6.402250 0.048105
v 4.974418 6.419250 0.098205
v 4.952018 6.434450 0.152605
v 4.935217 6.446750 0.210005
v 4.924717 6.455050 0.269505
v 5.035117 6.394850 -0.094795
v 5.007817 6.419750 -0.117395
v 4.984017 6.445650 -0.141195
v 4.965417 6.471350 -0.165595
v 4.953017 6.495850 -0.190695
v 4.947618 6.518250 -0.216495
v 6.691718 6.107650 0.982905
v 6.777218 6.083550 0.956305
v 6.806818 6.098750 0.952405
v 6.715618 6.127150 0.982105
v 6.841217 6.115750 0.946405
v 6.744418 6.147750 0.979105
v 6.875717 6.135550 0.939705
v 6.814418 6.309750 0.974905
v 6.613518 6.157950 1.011105
v 6.593418 6.134950 1.009905
v 6.638018 6.181750 1.010205
v 6.664118 6.207050 1.008105
v 6.502218 6.191550 1.038705
v 6.484518 6.165750 1.036205
v 6.523417 6.218150 1.039405
v 6.591218 6.368750 1.038805
v 6.367718 6.200050 1.060705
v 6.383518 6.227950 1.064205
v 6.402018 6.257050 1.066005
v 6.421917 6.287250 1.066605
v 6.259518 6.267150 1.086905
v 6.245217 6.237450 1.082805
v 6.275718 6.298050 1.089505
v 6.350418 6.525950 1.090905
v 6.132117 6.308450 1.106305
v 6.119118 6.277450 1.101905
v 6.146217 6.341050 1.109405
v 6.161318 6.374950 1.111305
v 5.991617 6.319650 1.117205
v 6.003218 6.351750 1.121805
v 6.015418 6.385650 1.125005
v 6.042118 6.539350 1.127105
v 5.874817 6.396550 1.132805
v 5.864717 6.363650 1.128205
v 5.885017 6.431450 1.136005
v 5.895517 6.467850 1.138105
v 5.748918 6.441950 1.139205
v 5.740317 6.408450 1.134905
v 5.756718 6.477550 1.142105
v 5.764518 6.514950 1.143905
v 5.620518 6.453350 1.137005
v 5.627017 6.487050 1.140905
v 5.632117 6.523350 1.143305
v 5.653518 6.635950 1.144505
v 5.511117 6.531050 1.137805
v 5.507217 6.497250 1.134505
v 5.512817 6.567750 1.139305
v 5.514117 6.606450 1.139605
v 5.402718 6.572850 1.129805
v 5.402318 6.539150 1.127605
v 5.400317 6.609850 1.130105
v 5.415117 6.733950 1.129105
v 5.308018 6.577650 1.116705
v 5.303318 6.611150 1.117305
v 5.295618 6.648650 1.115805
v 5.288117 6.688750 1.112905
v 5.213918 6.644450 1.100705
v 5.225818 6.610750 1.102705
v 5.199617 6.682950 1.096505
v 5.230718 6.985750 1.085705
v 6.755418 6.069350 0.957105
v 6.815318 6.056150 0.937805
v 6.847717 6.062350 0.931005
v 6.885517 6.071950 0.922605
v 6.926818 6.085550 0.912805
v 6.979218 6.169750 0.899305
v 5.232517 6.583050 1.101705
v 5.304917 6.549950 1.113005
v 5.396418 6.510050 1.122905
v 5.499618 6.467150 1.129205
v 5.611717 6.422750 1.131205
v 5.730618 6.377750 1.128805
v 5.854318 6.333050 1.122005
v 5.980718 6.289550 1.110905
v 6.107818 6.248050 1.095705
v 6.233618 6.209150 1.076805
v 6.355718 6.173150 1.055105
v 6.472117 6.140550 1.031105
v 6.580418 6.111850 1.005605
v 6.677618 6.087650 0.979905
v 5.300117 6.555750 -0.440795
v 5.218217 6.589550 -0.426695
v 5.206017 6.622650 -0.423995
v 5.295117 6.588350 -0.440695
v 5.191518 6.660450 -0.418995
v 5.287018 6.625050 -0.438295
v 5.178718 6.700950 -0.412695
v 5.279317 6.664350 -0.434695
v 5.231318 6.986950 -0.406095
v 5.274318 6.704850 -0.430395
v 5.394217 6.549250 -0.453195
v 5.394217 6.516650 -0.451795
v 5.391418 6.585350 -0.452695
v 5.388217 6.623750 -0.450895
v 5.420918 6.795950 -0.448395
v 5.502317 6.506850 -0.461295
v 5.498918 6.474150 -0.458895
v 5.503617 6.542450 -0.461995
v 5.504618 6.580150 -0.461595
v 5.506718 6.619050 -0.460295
v 5.618117 6.462350 -0.464495
v 5.612018 6.429850 -0.461395
v 5.622818 6.497450 -0.466095
v 5.627217 6.534450 -0.466495
v 5.682218 6.785350 -0.466195
v 5.739818 6.416850 -0.462895
v 5.731718 6.384650 -0.459295
v 5.747217 6.451350 -0.464995
v 5.754618 6.487550 -0.466095
v 5.762618 6.524950 -0.466295
v 5.865717 6.371250 -0.456495
v 5.856018 6.339650 -0.452695
v 5.875517 6.404950 -0.458895
v 5.885518 6.440150 -0.460295
v 5.937218 6.609650 -0.460795
v 5.994018 6.326450 -0.445495
v 5.982918 6.295650 -0.441695
v 6.005817 6.359050 -0.447895
v 6.018218 6.393250 -0.449295
v 6.031017 6.428550 -0.449795
v 6.122917 6.283250 -0.429995
v 6.110417 6.253450 -0.426395
v 6.136718 6.314550 -0.432295
v 6.151318 6.347350 -0.433395
v 6.206717 6.491050 -0.433695
v 6.250418 6.242050 -0.410595
v 6.236618 6.213650 -0.407295
v 6.266217 6.271850 -0.412395
v 6.283217 6.302950 -0.412995
v 6.300518 6.335350 -0.412895
v 6.374618 6.203350 -0.387795
v 6.359218 6.176550 -0.385095
v 6.392718 6.231150 -0.388795
v 6.412218 6.260350 -0.388695
v 6.469218 6.479750 -0.387795
v 6.493418 6.167350 -0.362295
v 6.476118 6.142750 -0.360495
v 6.514217 6.192950 -0.362095
v 6.536618 6.219750 -0.360795
v 6.558918 6.248350 -0.358895
v 6.605018 6.134450 -0.334595
v 6.585217 6.112350 -0.334095
v 6.629117 6.157250 -0.332895
v 6.654918 6.181550 -0.329995
v 6.706818 6.303950 -0.321395
v 6.707417 6.104350 -0.305495
v 6.683818 6.085750 -0.306995
v 6.735818 6.124150 -0.301595
v 6.765618 6.145750 -0.296695
v 6.793918 6.169850 -0.291595
v 6.798918 6.076850 -0.275695
v 6.769518 6.062350 -0.280295
v 6.833017 6.093250 -0.268895
v 6.867317 6.112250 -0.261395
v 6.855818 6.209450 -0.256895
v 5.225118 6.562650 -0.426395
v 6.991017 6.160150 -0.223895
v 6.919217 6.064250 -0.235295
v 6.878118 6.051050 -0.245895
v 6.840717 6.041950 -0.254995
v 6.808118 6.036050 -0.262195
v 6.748018 6.048850 -0.281695
v 6.670018 6.066750 -0.304695
v 6.572718 6.090450 -0.330495
v 6.464218 6.118750 -0.356195
v 6.347718 6.150850 -0.380295
v 6.225417 6.186650 -0.402195
v 6.099717 6.225450 -0.421095
v 5.972517 6.266850 -0.436295
v 5.846117 6.310450 -0.447395
v 5.722517 6.355250 -0.454095
v 5.603718 6.400550 -0.456395
v 5.491717 6.445350 -0.454295
v 5.388718 6.488650 -0.447895
v 5.297418 6.529050 -0.437795
v 5.208817 6.303150 0.770505
v 5.196918 6.316850 0.802805
v 5.110918 6.359750 0.782805
v 5.129018 6.342850 0.755105
v 5.301517 6.260150 0.782005
v 5.293918 6.271850 0.817505
v 5.405317 6.215450 0.790105
v 5.400718 6.225750 0.827505
v 5.518218 6.170350 0.794805
v 5.515918 6.179750 0.833205
v 5.638118 6.125850 0.796005
v 5.637717 6.134450 0.834705
v 5.763018 6.082650 0.793805
v 5.764217 6.090550 0.832205
v 5.891017 6.041450 0.788005
v 5.893718 6.048950 0.825705
v 6.019917 6.003150 0.778805
v 6.024218 6.010150 0.815405
v 6.147818 5.968050 0.766605
v 6.153718 5.974450 0.801705
v 6.272418 5.936550 0.751705
v 6.280318 5.942450 0.785005
v 6.391618 5.909050 0.734705
v 6.401917 5.914250 0.765605
v 6.503318 5.885650 0.716005
v 6.516717 5.890150 0.743905
v 6.604618 5.866750 0.696005
v 6.622717 5.870150 0.720205
v 6.693418 5.851850 0.674905
v 6.718418 5.854050 0.694105
v 5.181818 6.334150 0.833505
v 5.090318 6.380450 0.810205
v 5.283418 6.286650 0.850505
v 5.393817 6.238750 0.862005
v 5.512117 6.191350 0.868505
v 5.636417 6.144850 0.870205
v 5.765218 6.100150 0.867405
v 5.896817 6.057650 0.860205
v 6.029517 6.018150 0.848905
v 6.161417 5.981850 0.833805
v 6.290718 5.949050 0.815305
v 6.415617 5.920050 0.793705
v 6.534317 5.895150 0.769405
v 6.645518 5.874250 0.742405
v 6.747618 5.857450 0.712605
v 5.166918 6.353550 0.862805
v 5.071017 6.403050 0.837605
v 5.272418 6.303550 0.881505
v 5.386618 6.253750 0.894105
v 5.507917 6.204650 0.901105
v 5.635118 6.156850 0.902905
v 5.766418 6.111050 0.899705
v 5.900517 6.067650 0.891805
v 6.035618 6.027350 0.879505
v 6.170117 5.990250 0.863105
v 6.302418 5.956750 0.843005
v 6.430818 5.926950 0.819505
v 6.553617 5.901350 0.792905
v 6.669518 5.879850 0.763405
v 6.776318 5.862850 0.731005
v 5.154617 6.373850 0.891105
v 5.055717 6.426150 0.864805
v 5.263318 6.321550 0.910705
v 5.380418 6.269850 0.923905
v 5.504618 6.219150 0.931205
v 5.634317 6.170150 0.932905
v 5.768117 6.123250 0.929305
v 5.904517 6.078950 0.920705
v 6.042118 6.037650 0.907505
v 6.179217 5.999850 0.890105
v 6.314218 5.965650 0.868605
v 6.445718 5.935350 0.843605
v 6.572018 5.909150 0.815305
v 6.691617 5.887350 0.783905
v 6.801518 5.870750 0.749505
v 5.146418 6.394150 0.918605
v 5.045517 6.448750 0.891805
v 5.257318 6.339850 0.938505
v 5.376517 6.286550 0.951805
v 5.502817 6.234550 0.959105
v 5.634618 6.184350 0.960505
v 5.770517 6.136450 0.956405
v 5.909018 6.091350 0.947205
v 6.048717 6.049350 0.933305
v 6.187918 6.010850 0.914905
v 6.325317 5.976050 0.892405
v 6.459318 5.945250 0.866305
v 6.588218 5.918750 0.836705
v 6.710318 5.896950 0.804005
v 6.821718 5.881150 0.768405
v 5.143317 6.413750 0.945205
v 5.041218 6.470150 0.918705
v 5.255318 6.358050 0.964805
v 5.375817 6.303450 0.977905
v 5.503417 6.250450 0.984805
v 5.636618 6.199350 0.985905
v 5.774017 6.150750 0.981305
v 5.913918 6.104950 0.971605
v 6.055017 6.062350 0.957005
v 6.195817 6.023250 0.937905
v 6.334817 5.988050 0.914705
v 6.470318 5.956950 0.887805
v 6.600918 5.930350 0.857505
v 6.724418 5.908850 0.824105
v 6.836118 5.893850 0.788105
v 5.146117 6.431850 0.971005
v 5.044018 6.489350 0.945405
v 5.258417 6.375350 0.989905
v 5.379317 6.320050 1.002305
v 5.507318 6.266350 1.008705
v 5.641017 6.214850 1.009205
v 5.778817 6.165750 1.004305
v 5.919218 6.119550 0.994105
v 6.060917 6.076650 0.979005
v 6.202218 6.037350 0.959405
v 6.341718 6.001850 0.935805
v 6.477818 5.970650 0.908505
v 6.609017 5.944050 0.878005
v 6.732818 5.922850 0.844505
v 6.844117 5.908650 0.808605
v 5.155717 6.448050 0.996005
v 5.054217 6.505850 0.971905
v 5.267318 6.391250 1.013705
v 5.387618 6.335850 1.025205
v 5.514917 6.282150 1.030805
v 5.647918 6.230650 1.030805
v 5.785117 6.181550 1.025405
v 5.924917 6.135450 1.014805
v 6.065917 6.092450 0.999505
v 6.206617 6.053050 0.979705
v 6.345518 6.017650 0.955905
v 6.481018 5.986450 0.928605
v 6.611618 5.959950 0.898305
v 6.734918 5.938950 0.865205
v 6.845818 5.925150 0.829905
v 5.171217 6.462550 1.019805
v 5.071218 6.519850 0.997705
v 5.281318 6.406250 1.036005
v 5.400018 6.351350 1.046405
v 5.525817 6.298150 1.051105
v 5.657218 6.247050 1.050505
v 5.792917 6.198350 1.044705
v 5.931118 6.152450 1.033905
v 6.070518 6.109750 1.018405
v 6.209517 6.070550 0.998605
v 6.346718 6.035250 0.975005
v 6.480618 6.004250 0.948005
v 6.609618 5.977850 0.918205
v 6.731618 5.956850 0.886005
v 6.841517 5.943150 0.851805
v 5.093917 6.531750 1.022105
v 5.191518 6.475750 1.042005
v 5.299217 6.420650 1.056505
v 5.415518 6.366850 1.065705
v 5.539118 6.314650 1.069605
v 5.668318 6.264350 1.068405
v 5.801718 6.216250 1.062205
v 5.937818 6.170850 1.051305
v 6.074918 6.128550 1.035705
v 6.211617 6.089650 1.016005
v 6.346417 6.054650 0.992705
v 6.477717 6.023850 0.966305
v 6.604018 5.997550 0.937405
v 6.723618 5.976550 0.906305
v 6.831918 5.962550 0.873605
v 5.121317 6.542050 1.044505
v 5.215518 6.488150 1.062105
v 5.320018 6.435050 1.074905
v 5.433317 6.383050 1.083005
v 5.554018 6.332150 1.086105
v 5.680617 6.282850 1.084405
v 5.811518 6.235650 1.077905
v 5.945018 6.190850 1.066905
v 6.079618 6.149050 1.051405
v 6.213617 6.110450 1.031905
v 6.345417 6.075650 1.009005
v 6.473418 6.044950 0.983305
v 6.596117 6.018850 0.955305
v 6.712018 5.997750 0.925705
v 6.817818 5.983350 0.894805
v 5.151917 6.551050 1.064205
v 5.241918 6.500350 1.079605
v 5.342517 6.450050 1.091005
v 5.452218 6.400250 1.098105
v 5.569818 6.351150 1.100605
v 5.693618 6.303150 1.098405
v 5.821918 6.256750 1.091805
v 5.952918 6.212550 1.080705
v 6.084817 6.171150 1.065205
v 6.216018 6.132850 1.046005
v 6.344618 6.098150 1.023605
v 6.468917 6.067550 0.998605
v 6.587218 6.041350 0.971705
v 6.698318 6.020250 0.943505
v 6.799918 6.005150 0.914805
v 5.183317 6.559850 1.080605
v 5.268018 6.513450 1.094105
v 5.364317 6.466650 1.104405
v 5.470717 6.419450 1.110905
v 5.585418 6.372150 1.112905
v 5.706717 6.325350 1.110505
v 5.832717 6.279850 1.103805
v 5.961417 6.236150 1.092605
v 6.091018 6.194950 1.077305
v 6.219618 6.156750 1.058305
v 6.345218 6.122050 1.036405
v 6.465918 6.091150 1.012005
v 6.579818 6.064750 0.985905
v 6.685318 6.043250 0.959205
v 6.780818 6.027550 0.932605
v 5.211118 6.570050 1.093305
v 5.290518 6.529250 1.105405
v 5.383218 6.486250 1.115205
v 5.487018 6.441450 1.121305
v 5.599817 6.395850 1.123205
v 5.719217 6.350150 1.120705
v 5.843517 6.305150 1.113805
v 5.970617 6.261750 1.102705
v 6.098618 6.220650 1.087505
v 6.225218 6.182250 1.068705
v 6.348517 6.147050 1.046905
v 6.466318 6.115650 1.022905
v 6.576518 6.088350 0.997505
v 6.676718 6.065950 0.971705
v 6.764718 6.049250 0.946905
v 5.141518 6.331250 0.726705
v 5.212817 6.295350 0.735205
v 5.303517 6.252950 0.743305
v 5.406117 6.208550 0.749505
v 5.518018 6.163650 0.753105
v 5.637218 6.119350 0.754005
v 5.761417 6.076350 0.752005
v 5.888818 6.035350 0.746905
v 6.017218 5.997250 0.738805
v 6.144418 5.962450 0.728005
v 6.268317 5.931250 0.715105
v 6.386618 5.904050 0.700405
v 6.497017 5.881250 0.684605
v 6.596417 5.863050 0.668605
v 6.676118 5.850150 0.654405
v 6.768018 5.840950 0.652705
v 6.737918 5.841650 0.642305
v 6.802318 5.841650 0.665205
v 6.839018 5.844550 0.680005
v 6.872718 5.850350 0.695805
v 6.900818 5.859050 0.712705
v 6.922418 5.870450 0.730805
v 6.937017 5.884250 0.750305
v 6.944918 5.899850 0.771305
v 6.946218 5.916850 0.793605
v 6.941117 5.935050 0.816805
v 6.929917 5.954550 0.840505
v 6.912818 5.975150 0.863905
v 6.890617 5.996750 0.886505
v 6.864717 6.018650 0.907305
v 6.838717 6.038850 0.924605
v 6.870418 5.822250 0.069905
v 6.821118 5.828550 0.036405
v 6.872518 5.827850 0.029105
v 6.933417 5.821650 0.065405
v 6.918617 5.830150 0.018805
v 6.985217 5.825750 0.057705
v 6.958517 5.835650 0.006605
v 7.024717 5.834450 0.047405
v 6.989918 5.844650 -0.007295
v 7.055417 5.846150 0.034405
v 7.012518 5.856650 -0.023195
v 7.078218 5.860250 0.018805
v 7.093517 5.876050 0.000105
v 7.027718 5.870550 -0.041295
v 7.036118 5.885550 -0.061695
v 7.101317 5.892850 -0.021695
v 6.982318 5.818950 0.104705
v 6.913918 5.817650 0.107405
v 7.036617 5.825450 0.098905
v 7.078017 5.836450 0.090005
v 7.110217 5.850650 0.078005
v 7.134618 5.867050 0.062605
v 7.151217 5.885050 0.043205
v 7.158917 5.904050 0.019605
v 6.950117 5.815150 0.148405
v 7.021817 5.818350 0.146805
v 7.078117 5.827050 0.142305
v 7.121118 5.840550 0.134705
v 7.155417 5.857450 0.123805
v 7.182218 5.876750 0.108905
v 7.200817 5.897850 0.088905
v 7.209317 5.919650 0.062805
v 7.053417 5.818850 0.191105
v 6.978118 5.814450 0.191905
v 7.110217 5.829950 0.187805
v 7.153917 5.846250 0.181705
v 7.189517 5.866350 0.172305
v 7.218317 5.889850 0.158405
v 7.239218 5.915650 0.138105
v 7.249417 5.941850 0.109105
v 7.077518 5.819750 0.237105
v 7.000318 5.814150 0.237305
v 7.133318 5.833150 0.235205
v 7.176217 5.852450 0.231005
v 7.212317 5.876450 0.224005
v 7.242818 5.905350 0.212505
v 7.266618 5.938650 0.193505
v 7.286318 6.043950 0.149105
v 7.094418 5.820250 0.284405
v 7.015218 5.813950 0.283905
v 7.147717 5.835850 0.284005
v 7.189017 5.857650 0.282505
v 7.224917 5.885550 0.279205
v 7.257017 5.920850 0.272705
v 7.309518 6.078650 0.251005
v 6.890417 6.020050 -0.232595
v 6.944218 6.026050 -0.216495
v 6.998817 6.001950 -0.187095
v 6.933917 5.997750 -0.208995
v 6.993518 6.037050 -0.201195
v 7.048118 6.014350 -0.167595
v 7.034617 6.053750 -0.186995
v 7.094518 6.093650 -0.150695
v 7.038518 5.980750 -0.158095
v 6.971217 5.975450 -0.184295
v 7.084118 5.995850 -0.135395
v 7.119617 6.016450 -0.115595
v 7.064218 5.962650 -0.129495
v 7.001818 5.953950 -0.158795
v 7.111117 5.978350 -0.103195
v 7.149617 5.998950 -0.079295
v 7.181518 6.024150 -0.058195
v 7.167518 6.131550 -0.084295
v 7.083017 5.944950 -0.101095
v 7.022017 5.935050 -0.133195
v 7.132518 5.960450 -0.070795
v 7.174718 5.980750 -0.042195
v 7.223818 6.093550 -0.006195
v 7.095517 5.927550 -0.073095
v 7.033318 5.917950 -0.108195
v 7.148317 5.942150 -0.038695
v 7.194517 5.961450 -0.004895
v 7.232818 5.986550 0.027805
v 7.101718 5.910150 -0.046295
v 7.037818 5.901550 -0.084195
v 7.157618 5.923250 -0.008195
v 7.206717 5.941050 0.030805
v 7.263018 6.050250 0.076805
v 6.950018 6.046050 0.893205
v 6.896418 6.039750 0.908405
v 6.937417 6.016950 0.884605
v 7.002017 6.021150 0.863805
v 6.971417 5.994350 0.859605
v 7.042418 5.997950 0.834405
v 6.998418 5.972650 0.833805
v 7.071518 5.976750 0.805005
v 7.017617 5.952150 0.807605
v 7.090517 5.957150 0.775905
v 7.029417 5.932950 0.781805
v 7.101117 5.938550 0.747505
v 7.034218 5.914650 0.756805
v 7.104817 5.920150 0.720105
v 7.032517 5.897150 0.733105
v 7.102218 5.901950 0.694505
v 7.057817 6.031450 0.844705
v 6.999917 6.057150 0.878705
v 7.099117 6.009050 0.811505
v 7.127117 5.989250 0.778905
v 7.145118 5.970550 0.746605
v 7.155718 5.951950 0.714605
v 7.159617 5.932850 0.683805
v 7.156517 5.913350 0.655305
v 7.112918 6.103750 0.824405
v 7.043918 6.073150 0.865405
v 7.140417 6.027750 0.792105
v 7.167418 6.009150 0.756105
v 7.214018 6.085550 0.722705
v 7.199018 5.971650 0.683005
v 7.204317 5.951350 0.647205
v 7.201118 5.929850 0.614505
v 7.235718 5.996750 0.652305
v 7.219817 6.016450 0.695305
v 7.265818 6.087350 0.610305
v 7.239717 5.951350 0.570305
v 6.871617 5.825750 0.591005
v 6.934217 5.825750 0.597105
v 6.873918 5.832250 0.632905
v 6.822618 5.832450 0.624205
v 6.914417 5.820850 0.553705
v 6.984918 5.821850 0.558205
v 6.951318 5.817450 0.513005
v 7.028317 5.819350 0.516505
v 6.981717 5.815350 0.469805
v 7.063417 5.818250 0.472605
v 7.004317 5.814250 0.424605
v 7.087817 5.818550 0.426905
v 7.017717 5.813950 0.378205
v 7.100818 5.819450 0.380005
v 7.021217 5.813950 0.331105
v 7.102517 5.820250 0.332305
v 6.919417 5.835350 0.644605
v 6.987218 5.829950 0.606405
v 7.043717 5.827550 0.565805
v 7.087317 5.827950 0.523005
v 7.116918 5.830850 0.478305
v 7.137218 5.833950 0.431605
v 7.149517 5.836250 0.383205
v 7.153017 5.837050 0.333705
v 7.029017 5.838450 0.618405
v 6.958017 5.842050 0.658305
v 7.083517 5.839550 0.576705
v 7.123318 5.843850 0.533205
v 7.152517 5.849550 0.487305
v 7.173717 5.855050 0.438805
v 7.187218 5.859150 0.387905
v 7.192517 5.860350 0.335305
v 7.058618 5.851350 0.633205
v 6.988317 5.852150 0.673905
v 7.111117 5.855650 0.591005
v 7.150917 5.863050 0.546905
v 7.181718 5.871950 0.499805
v 7.205017 5.880750 0.449105
v 7.220617 5.887850 0.394505
v 7.227617 5.890350 0.337005
v 7.079517 5.866850 0.650805
v 7.010118 5.865350 0.691505
v 7.132017 5.873950 0.608805
v 7.173118 5.884450 0.564505
v 7.206318 5.897250 0.516705
v 7.232617 5.911150 0.463805
v 7.251517 5.923950 0.404405
v 7.260818 5.930450 0.338805
v 7.093718 5.884050 0.671305
v 7.024418 5.880650 0.711305
v 7.147017 5.893450 0.630205
v 7.190118 5.907150 0.586905
v 7.226217 5.924450 0.539605
v 7.256618 5.945350 0.485705
v 7.302217 6.073050 0.419105
v 7.295918 5.989450 0.340905
v 7.285917 6.035750 0.519105
v 6.764918 5.832250 0.040305
v 6.736418 5.837650 0.017105
v 6.766418 5.836550 0.007505
v 6.800618 5.836850 -0.003895
v 6.837817 5.839050 -0.017395
v 6.872618 5.843550 -0.031995
v 6.903017 5.850450 -0.047495
v 6.927418 5.859850 -0.063995
v 6.944818 5.871450 -0.081895
v 6.954417 5.885050 -0.101395
v 6.797118 5.826850 0.070005
v 6.831617 5.821950 0.106705
v 6.863418 5.818050 0.147305
v 6.890118 5.815550 0.190605
v 6.909517 5.814550 0.236005
v 6.921918 5.814250 0.282705
v 6.926517 5.814350 0.330005
v 6.832518 6.019350 -0.249195
v 6.859617 5.999950 -0.232695
v 6.888118 5.978350 -0.212395
v 6.913617 5.956950 -0.190495
v 6.934117 5.936650 -0.167695
v 6.948518 5.917750 -0.144895
v 6.955618 5.900550 -0.122495
v 6.766218 5.835950 0.619105
v 6.798218 5.830150 0.589405
v 6.832518 5.824750 0.552805
v 6.863917 5.820550 0.512305
v 6.890018 5.817650 0.469105
v 6.909718 5.815850 0.423805
v 6.922117 5.814850 0.377305
v 6.716518 5.849050 -0.033495
v 6.691818 5.847350 -0.015295
v 6.603018 5.862050 -0.037195
v 6.620818 5.864950 -0.060295
v 6.501617 5.880950 -0.057895
v 6.514718 5.884750 -0.084795
v 6.389917 5.904250 -0.077295
v 6.399918 5.908750 -0.107095
v 6.270718 5.931750 -0.094895
v 6.278317 5.936850 -0.127095
v 6.146117 5.963250 -0.110195
v 6.151717 5.968950 -0.144195
v 6.018218 5.998350 -0.122795
v 6.022118 6.004550 -0.158195
v 5.889217 6.036650 -0.131995
v 5.891618 6.043350 -0.168595
v 5.761317 6.077850 -0.137695
v 5.762218 6.084950 -0.174995
v 5.635617 6.128850 -0.177195
v 5.636417 6.121050 -0.139695
v 5.513917 6.174250 -0.175295
v 5.516518 6.165550 -0.137995
v 5.398717 6.220350 -0.168995
v 5.403617 6.210750 -0.132695
v 5.291918 6.266450 -0.158395
v 5.299818 6.255450 -0.123895
v 5.195018 6.311550 -0.142995
v 5.207118 6.298550 -0.111595
v 5.127418 6.338350 -0.095495
v 5.109118 6.354750 -0.122195
v 6.745718 5.851750 -0.050795
v 6.643418 5.868350 -0.081295
v 6.532118 5.889050 -0.109095
v 6.413318 5.913850 -0.134095
v 6.288418 5.942750 -0.156195
v 6.159018 5.975450 -0.175095
v 6.027118 6.011650 -0.190495
v 5.894517 6.051250 -0.201895
v 5.762918 6.093650 -0.208995
v 5.634118 6.138450 -0.211495
v 5.509818 6.184950 -0.209395
v 5.391618 6.232550 -0.202395
v 5.281218 6.280550 -0.190195
v 5.179718 6.328250 -0.172395
v 5.088218 6.374850 -0.148395
v 6.774718 5.856150 -0.067895
v 6.667118 5.873150 -0.101095
v 6.551117 5.894450 -0.131395
v 6.428217 5.919950 -0.158595
v 6.299818 5.949450 -0.182695
v 6.167418 5.982850 -0.203195
v 6.032917 6.019950 -0.219795
v 5.897818 6.060250 -0.232195
v 5.763818 6.103650 -0.239995
v 5.632418 6.149550 -0.242895
v 5.505318 6.197350 -0.240695
v 5.384017 6.246650 -0.233095
v 5.270018 6.296650 -0.219895
v 5.164517 6.346850 -0.200495
v 5.068717 6.396750 -0.174395
v 6.800817 5.862750 -0.085095
v 6.689018 5.879750 -0.120195
v 6.569218 5.901350 -0.152295
v 6.442818 5.927350 -0.181295
v 6.311317 5.957450 -0.206895
v 6.176218 5.991550 -0.228795
v 6.039018 6.029350 -0.246495
v 5.901517 6.070550 -0.259695
v 5.765118 6.114850 -0.268195
v 5.631317 6.161850 -0.271595
v 5.501617 6.210950 -0.269495
v 5.377518 6.261750 -0.261695
v 5.260518 6.313750 -0.247795
v 5.151917 6.366350 -0.227395
v 5.053118 6.419050 -0.200195
v 6.822318 5.871550 -0.102695
v 6.707718 5.888350 -0.138995
v 6.585118 5.909950 -0.172395
v 6.456017 5.936250 -0.202595
v 6.322018 5.966850 -0.229295
v 6.184618 6.001450 -0.252195
v 6.045318 6.039950 -0.270795
v 5.905618 6.081850 -0.284895
v 5.767118 6.127050 -0.293995
v 5.631217 6.175050 -0.297795
v 5.499517 6.225350 -0.295995
v 5.373318 6.277550 -0.288195
v 5.254117 6.331150 -0.274195
v 5.143417 6.385750 -0.253495
v 5.042618 6.440750 -0.225795
v 6.838218 5.882450 -0.120995
v 6.721718 5.898950 -0.157795
v 6.597418 5.920550 -0.191795
v 6.466618 5.946850 -0.222795
v 6.331017 5.977750 -0.250195
v 6.192018 6.012750 -0.273795
v 6.051218 6.051750 -0.293195
v 5.910117 6.094350 -0.307795
v 5.770118 6.140150 -0.317495
v 5.632917 6.188950 -0.321795
v 5.499718 6.240150 -0.320295
v 5.372217 6.293350 -0.312895
v 5.251818 6.348250 -0.299195
v 5.139917 6.404250 -0.278695
v 5.038017 6.461050 -0.251295
v 6.847218 5.895550 -0.140195
v 6.730018 5.911650 -0.176795
v 6.605118 5.933050 -0.210995
v 6.473718 5.959450 -0.242195
v 6.337518 5.990450 -0.269995
v 6.198018 6.025650 -0.293995
v 6.056618 6.064850 -0.313795
v 5.915018 6.107750 -0.328895
v 5.774518 6.154050 -0.338995
v 5.636718 6.203150 -0.343795
v 5.503218 6.254850 -0.342895
v 5.375217 6.308750 -0.335995
v 5.254518 6.364350 -0.322895
v 5.142318 6.421250 -0.303195
v 5.040318 6.479150 -0.276695
v 6.848417 5.910650 -0.160395
v 6.731718 5.926550 -0.196395
v 6.607218 5.947750 -0.230095
v 6.476418 5.974050 -0.260995
v 6.340817 6.004950 -0.288795
v 6.201918 6.040150 -0.312895
v 6.061217 6.079450 -0.332895
v 5.920218 6.122350 -0.348295
v 5.780417 6.168550 -0.358795
v 5.643317 6.217750 -0.363995
v 5.510318 6.269450 -0.363695
v 5.383018 6.323350 -0.357595
v 5.262918 6.379050 -0.345395
v 5.151418 6.436250 -0.326995
v 5.050017 6.494450 -0.302095
v 6.842617 5.927650 -0.181195
v 6.727518 5.943350 -0.215995
v 6.604718 5.964350 -0.248795
v 6.475617 5.990450 -0.279195
v 6.341718 6.021250 -0.306595
v 6.204417 6.056350 -0.330495
v 6.065317 6.095350 -0.350495
v 5.925918 6.138050 -0.366095
v 5.787718 6.183950 -0.376795
v 5.652118 6.232750 -0.382395
v 5.520718 6.284050 -0.382695
v 5.395018 6.337550 -0.377495
v 5.276418 6.392750 -0.366595
v 5.166418 6.449350 -0.349695
v 5.066518 6.507050 -0.326795
v 6.831017 5.946350 -0.201995
v 6.718718 5.961850 -0.235195
v 6.598618 5.982750 -0.266795
v 6.472218 6.008650 -0.296295
v 6.340918 6.039250 -0.323095
v 6.206017 6.074050 -0.346695
v 6.069218 6.112850 -0.366495
v 5.932117 6.155150 -0.382195
v 5.796018 6.200550 -0.393095
v 5.662718 6.248750 -0.399095
v 5.533518 6.299250 -0.399995
v 5.410017 6.351750 -0.395695
v 5.293818 6.405850 -0.385995
v 5.186217 6.461250 -0.370895
v 5.088818 6.517650 -0.350195
v 6.814618 5.966450 -0.222295
v 6.706418 5.981850 -0.253595
v 6.590218 6.002650 -0.283795
v 6.467418 6.028450 -0.312195
v 6.339318 6.058850 -0.338295
v 6.207417 6.093450 -0.361395
v 6.073418 6.131950 -0.380995
v 5.938818 6.173750 -0.396495
v 5.805317 6.218550 -0.407595
v 5.674518 6.265950 -0.413895
v 5.548018 6.315350 -0.415295
v 5.427318 6.366450 -0.411895
v 5.314117 6.418850 -0.403395
v 5.209817 6.472250 -0.389995
v 5.115618 6.526450 -0.371695
v 6.794818 5.987650 -0.241395
v 6.692018 6.002950 -0.270595
v 6.580818 6.023750 -0.299195
v 6.462418 6.049650 -0.326495
v 6.338017 6.079950 -0.351795
v 6.209317 6.114450 -0.374395
v 6.078117 6.152650 -0.393695
v 5.946117 6.194050 -0.409195
v 5.815217 6.238250 -0.420195
v 5.687017 6.284750 -0.426795
v 5.563317 6.332950 -0.428695
v 5.445718 6.382350 -0.425995
v 5.336118 6.432450 -0.418495
v 5.235718 6.483050 -0.406595
v 5.145818 6.534150 -0.390695
v 6.774418 6.009050 -0.258395
v 6.678618 6.024650 -0.285395
v 6.572917 6.045750 -0.312595
v 6.458918 6.071950 -0.338895
v 6.338118 6.102450 -0.363495
v 6.212518 6.137050 -0.385595
v 6.083817 6.175050 -0.404695
v 5.954217 6.216250 -0.419995
v 5.825518 6.259950 -0.431095
v 5.699617 6.305650 -0.437795
v 5.578418 6.352550 -0.440095
v 5.463717 6.400150 -0.437795
v 5.357517 6.447750 -0.431095
v 5.261317 6.494950 -0.420395
v 5.176718 6.541550 -0.406395
v 6.757718 6.029750 -0.272095
v 6.669518 6.046150 -0.297195
v 6.569218 6.068150 -0.323195
v 6.458918 6.095050 -0.348895
v 6.341018 6.126150 -0.373095
v 6.217618 6.161050 -0.394895
v 6.090918 6.199350 -0.413795
v 5.962917 6.240450 -0.429095
v 5.835817 6.283950 -0.440195
v 5.711617 6.328950 -0.446895
v 5.592217 6.374950 -0.449295
v 5.479618 6.420850 -0.447295
v 5.375917 6.466050 -0.440895
v 5.283318 6.509450 -0.430995
v 5.204118 6.550650 -0.418495
v 6.674618 5.846050 0.004305
v 6.594918 5.858950 -0.010595
v 6.495518 5.877150 -0.027495
v 6.385118 5.899950 -0.043995
v 6.266818 5.927150 -0.059195
v 6.142918 5.958350 -0.072595
v 6.015718 5.993150 -0.083695
v 5.887318 6.031250 -0.091895
v 5.759917 6.072250 -0.096895
v 5.635717 6.115250 -0.098595
v 5.516518 6.159550 -0.097295
v 5.404617 6.204450 -0.092995
v 5.302017 6.248850 -0.086095
v 5.211417 6.291250 -0.077195
v 5.140018 6.327250 -0.067995
v 5.104418 6.341650 0.005605
v 5.125117 6.332250 -0.034095
v 5.204417 6.291150 -0.038795
v 5.189517 6.296450 0.003905
v 5.285917 6.249850 0.000505
v 5.296818 6.247350 -0.044595
v 5.400517 6.202050 -0.049695
v 5.392318 6.202750 -0.002895
v 5.513217 6.156550 -0.052895
v 5.507318 6.155950 -0.005195
v 5.633018 6.111750 -0.053895
v 5.628918 6.110050 -0.005895
v 5.757917 6.068350 -0.052395
v 5.755318 6.065950 -0.004595
v 5.885818 6.027150 -0.048095
v 5.884717 6.024250 -0.000995
v 6.014817 5.988950 -0.040995
v 6.015317 5.985450 0.005105
v 6.142717 5.953950 -0.031395
v 6.144917 5.950150 0.013305
v 6.267417 5.922750 -0.019795
v 6.271718 5.918650 0.023205
v 6.393618 5.891250 0.034105
v 6.386817 5.895550 -0.006695
v 6.498618 5.872850 0.007105
v 6.508718 5.868250 0.045405
v 6.600317 5.854650 0.020505
v 6.615417 5.849850 0.056205
v 6.689517 5.841250 0.032005
v 6.711918 5.836050 0.065005
v 5.080617 6.353850 0.050805
v 5.171217 6.304650 0.050705
v 5.271917 6.255050 0.049005
v 5.381917 6.205650 0.046905
v 5.499718 6.157150 0.045405
v 5.623817 6.109950 0.045005
v 5.752518 6.064750 0.046105
v 5.884017 6.022250 0.049005
v 6.016717 5.982850 0.054105
v 6.148818 5.946950 0.061005
v 6.278418 5.914950 0.069105
v 6.403718 5.887150 0.078005
v 6.523017 5.863850 0.087105
v 6.635017 5.845150 0.095605
v 6.738218 5.831150 0.102505
v 5.057918 6.366750 0.100805
v 5.152617 6.313950 0.101305
v 5.257318 6.261550 0.100605
v 5.370718 6.209850 0.099405
v 5.491617 6.159450 0.098505
v 5.618418 6.110750 0.098305
v 5.749618 6.064450 0.099105
v 5.883617 6.020950 0.101505
v 6.018817 5.980850 0.105505
v 6.153518 5.944350 0.111005
v 6.286218 5.911850 0.117505
v 6.415118 5.883650 0.124505
v 6.538618 5.859950 0.131705
v 6.655417 5.840950 0.138305
v 6.764118 5.826950 0.143705
v 5.038517 6.378550 0.154605
v 5.136317 6.322950 0.155205
v 5.244018 6.268050 0.154905
v 5.360417 6.214350 0.154205
v 5.484017 6.162250 0.153605
v 5.613317 6.112250 0.153505
v 5.747017 6.064750 0.154105
v 5.883417 6.020350 0.155905
v 6.021018 5.979450 0.158905
v 6.158418 5.942350 0.163005
v 6.293918 5.909350 0.167905
v 6.426018 5.880750 0.173205
v 6.553118 5.856850 0.178605
v 6.673918 5.837850 0.183505
v 6.786718 5.823950 0.187705
v 5.023618 6.388350 0.211205
v 5.123518 6.330550 0.211505
v 5.233418 6.273750 0.211205
v 5.351917 6.218450 0.210805
v 5.477617 6.164950 0.210305
v 5.609118 6.113850 0.210205
v 5.744818 6.065450 0.210605
v 5.883317 6.020250 0.211705
v 6.023118 5.978650 0.213705
v 6.162718 5.941050 0.216505
v 6.300618 5.907650 0.219905
v 6.435217 5.878750 0.223505
v 6.565018 5.854650 0.227205
v 6.688618 5.835650 0.230705
v 6.804418 5.822050 0.233705
v 5.115118 6.335850 0.269405
v 5.014117 6.395050 0.269605
v 5.226317 6.277850 0.269005
v 5.346217 6.221450 0.268505
v 5.473317 6.167050 0.268105
v 5.606217 6.115150 0.267905
v 5.743318 6.066050 0.268005
v 5.883317 6.020350 0.268505
v 6.024717 5.978350 0.269605
v 6.165817 5.940350 0.271105
v 6.305317 5.906650 0.272905
v 6.441617 5.877550 0.274905
v 6.573118 5.853450 0.277005
v 6.698418 5.834550 0.279105
v 6.816018 5.821050 0.281005
v 5.112217 6.338050 0.328205
v 5.010818 6.397750 0.329005
v 5.223818 6.279550 0.327505
v 5.344217 6.222750 0.326905
v 5.471817 6.168050 0.326405
v 5.605217 6.115850 0.326105
v 5.742918 6.066550 0.325905
v 5.883417 6.020550 0.325805
v 6.025317 5.978350 0.325905
v 6.167118 5.940250 0.326105
v 6.307117 5.906450 0.326405
v 6.444017 5.877350 0.326905
v 6.576218 5.853150 0.327505
v 6.702118 5.834250 0.328205
v 6.820118 5.820950 0.329005
v 5.115317 6.336450 0.387005
v 5.014318 6.395650 0.388405
v 5.226518 6.278350 0.386005
v 5.346417 6.221950 0.385305
v 5.473517 6.167550 0.384805
v 5.606318 6.115550 0.384405
v 5.743517 6.066550 0.383905
v 5.883517 6.020750 0.383205
v 6.024817 5.978750 0.382305
v 6.166018 5.940750 0.381205
v 6.305518 5.907050 0.380005
v 6.441718 5.878050 0.378905
v 6.573318 5.853950 0.377905
v 6.698618 5.835050 0.377205
v 6.816118 5.821650 0.377005
v 5.123817 6.331550 0.444905
v 5.024017 6.389450 0.446805
v 5.233717 6.274750 0.443805
v 5.352218 6.219350 0.443105
v 5.477918 6.165850 0.442705
v 5.609417 6.114650 0.442205
v 5.745117 6.066250 0.441405
v 5.883617 6.021050 0.440205
v 6.023417 5.979550 0.438205
v 6.163017 5.941950 0.435805
v 6.300918 5.908550 0.433105
v 6.435518 5.879650 0.430405
v 6.565418 5.855650 0.427805
v 6.689018 5.836650 0.425705
v 6.804718 5.823150 0.424305
v 5.136817 6.324450 0.501305
v 5.039118 6.380250 0.503405
v 5.244517 6.269550 0.500305
v 5.360918 6.215750 0.499805
v 5.484518 6.163550 0.499605
v 5.613817 6.113550 0.499105
v 5.747417 6.066050 0.498105
v 5.883818 6.021650 0.496205
v 6.021518 5.980750 0.493305
v 6.158917 5.943750 0.489505
v 6.294417 5.910750 0.485305
v 6.426517 5.882150 0.480805
v 6.553718 5.858250 0.476605
v 6.674417 5.839350 0.472905
v 6.787318 5.825550 0.470205
v 5.153317 6.316050 0.555205
v 5.058618 6.368850 0.557205
v 5.258018 6.263450 0.554705
v 5.371418 6.211750 0.554905
v 5.492218 6.161250 0.555005
v 5.619118 6.112550 0.554605
v 5.750217 6.066250 0.553405
v 5.884217 6.022750 0.550905
v 6.019418 5.982650 0.547005
v 6.154218 5.946150 0.541905
v 6.286818 5.913650 0.536005
v 6.415718 5.885550 0.529805
v 6.539318 5.861850 0.523605
v 6.656218 5.843050 0.518205
v 6.764918 5.829150 0.514205
v 5.172117 6.307150 0.606005
v 5.081617 6.356550 0.607205
v 5.272818 6.257450 0.606605
v 5.382717 6.208050 0.607705
v 5.500517 6.159450 0.608505
v 5.624618 6.112250 0.608305
v 5.753318 6.067050 0.606905
v 5.884818 6.024450 0.603805
v 6.017518 5.985150 0.598905
v 6.149617 5.949250 0.592405
v 6.279218 5.917350 0.584805
v 6.404518 5.889550 0.576605
v 6.523918 5.866250 0.568405
v 6.635918 5.847650 0.561105
v 6.739218 5.833750 0.555505
v 5.190618 6.299450 0.653105
v 5.105517 6.344750 0.652505
v 5.287018 6.252850 0.655505
v 5.393417 6.205650 0.658005
v 5.508317 6.158850 0.659605
v 5.629917 6.112950 0.659805
v 5.756317 6.068750 0.658105
v 5.885818 6.027050 0.654405
v 6.016317 5.988350 0.648405
v 6.145917 5.953050 0.640505
v 6.272717 5.921550 0.631205
v 6.394718 5.894150 0.621005
v 6.509818 5.871250 0.610505
v 6.616518 5.852850 0.600805
v 6.713018 5.839250 0.593205
v 5.205718 6.294650 0.696205
v 5.126417 6.335850 0.692505
v 5.298118 6.250850 0.701105
v 5.401717 6.205550 0.705405
v 5.514518 6.159950 0.707905
v 5.634317 6.115150 0.708505
v 5.759118 6.071750 0.706705
v 5.887117 6.030650 0.702305
v 6.016017 5.992350 0.695205
v 6.143918 5.957450 0.685905
v 6.268718 5.926250 0.674805
v 6.388018 5.899050 0.662405
v 6.499918 5.876350 0.649405
v 6.601618 5.858250 0.636805
v 6.690818 5.844850 0.626305
v 5.052017 6.452350 0.693205
v 5.011317 6.476250 0.657605
v 4.965318 6.512450 0.668605
v 5.014318 6.481250 0.706605
v 4.928217 6.547050 0.682605
v 4.982617 6.509950 0.723305
v 4.956818 6.538150 0.741905
v 4.899218 6.580050 0.699105
v 4.877917 6.610950 0.717605
v 4.937418 6.565050 0.761905
v 4.864418 6.639150 0.738205
v 4.924818 6.589950 0.783205
v 4.919518 6.611950 0.805905
v 4.858818 6.663550 0.761105
v 4.861418 6.683450 0.786805
v 4.921818 6.630250 0.830105
v 4.976017 6.498450 0.614505
v 4.924417 6.540850 0.623805
v 4.883317 6.581050 0.635805
v 4.851717 6.619150 0.650205
v 4.828717 6.654850 0.666905
v 4.814218 6.687150 0.686605
v 4.808417 6.714850 0.709705
v 4.811317 6.736950 0.737105
v 4.890918 6.566050 0.573105
v 4.945917 6.518850 0.565205
v 4.847017 6.611450 0.583205
v 4.813217 6.654950 0.595505
v 4.788617 6.696450 0.610205
v 4.766917 6.766450 0.651605
v 4.770118 6.791350 0.681005
v 4.921718 6.536350 0.511105
v 4.864617 6.587650 0.517505
v 4.818817 6.637750 0.525605
v 4.904017 6.550150 0.453205
v 4.892918 6.559150 0.392705
v 5.089518 6.688350 0.985505
v 5.124718 6.650550 0.997505
v 5.079917 6.658550 0.978805
v 5.035717 6.701350 0.961205
v 5.000917 6.745550 0.943105
v 5.061617 6.729750 0.973105
v 4.976618 6.791650 0.926305
v 5.039517 6.774150 0.960205
v 4.989317 6.709350 0.934405
v 5.039517 6.662550 0.957505
v 4.949718 6.756650 0.910605
v 4.920117 6.804450 0.887105
v 4.960418 6.837850 0.910705
v 4.900417 6.854050 0.865305
v 4.949818 6.713050 0.905705
v 5.003818 6.663150 0.933805
v 4.906617 6.763050 0.876005
v 4.873817 6.813250 0.845905
v 4.851017 6.865950 0.816905
v 4.973517 6.660550 0.908505
v 4.916818 6.712550 0.875505
v 4.871017 6.764750 0.839905
v 4.835318 6.817450 0.802305
v 4.890818 6.707650 0.844905
v 4.949317 6.654350 0.882105
v 4.843018 6.761350 0.803605
v 4.804817 6.815950 0.758605
v 4.931917 6.644350 0.855705
v 4.872217 6.698150 0.815005
v 4.823018 6.752350 0.768805
v 4.782917 6.807650 0.717405
v 5.073518 6.639850 -0.303195
v 5.117718 6.630450 -0.321495
v 5.082317 6.667850 -0.308795
v 5.029218 6.682450 -0.284695
v 4.983618 6.692150 -0.258395
v 5.033817 6.645350 -0.282395
v 4.944818 6.697550 -0.230195
v 4.998817 6.647650 -0.259395
v 4.969217 6.646750 -0.234895
v 4.912618 6.698950 -0.200795
v 4.887318 6.695850 -0.171095
v 4.945618 6.642250 -0.209595
v 4.869217 6.687950 -0.142295
v 4.928718 6.633750 -0.184295
v 4.858917 6.674750 -0.115295
v 4.919117 6.621050 -0.159895
v 4.994318 6.726350 -0.265695
v 5.053917 6.708350 -0.295495
v 4.943917 6.739350 -0.233495
v 4.901618 6.747650 -0.199295
v 4.866817 6.751350 -0.163795
v 4.839518 6.749950 -0.128295
v 4.820117 6.742750 -0.094595
v 4.809017 6.728850 -0.064195
v 5.032818 6.751950 -0.282095
v 4.968318 6.771450 -0.246995
v 4.914118 6.786950 -0.208795
v 4.868717 6.797950 -0.167795
v 4.831118 6.804250 -0.124695
v 4.801417 6.804950 -0.081695
v 4.780217 6.798650 -0.041395
v 4.768018 6.784050 -0.006295
v 5.017918 6.796750 -0.268795
v 4.951617 6.818150 -0.229795
v 4.894517 6.836550 -0.185795
v 5.050617 6.448450 -0.033795
v 5.012817 6.477050 -0.045795
v 4.964017 6.508650 -0.007195
v 5.010118 6.472850 0.002205
v 4.923317 6.537550 0.038005
v 4.974917 6.495550 0.045605
v 4.945018 6.516350 0.095205
v 4.890018 6.563350 0.089205
v 4.863817 6.585650 0.145305
v 4.921018 6.534550 0.149605
v 4.845017 6.603150 0.205205
v 4.903518 6.548950 0.207705
v 4.892717 6.558450 0.268405
v 4.889117 6.562150 0.330605
v 4.981117 6.505250 -0.060995
v 4.926817 6.542850 -0.019595
v 4.882117 6.577450 0.027905
v 4.846018 6.608450 0.081205
v 4.955117 6.532850 -0.077995
v 4.897717 6.575250 -0.034295
v 4.850317 6.614950 0.015505
v 4.812118 6.651550 0.071105
v 4.935617 6.558950 -0.096295
v 4.876318 6.605450 -0.050995
v 4.827218 6.649950 0.000705
v 4.787417 6.692350 0.058705
v 4.922817 6.582950 -0.115995
v 4.862617 6.632750 -0.069895
v 4.812617 6.681450 -0.016995
v 4.771718 6.729350 0.042605
v 4.856718 6.656050 -0.091195
v 4.917118 6.603950 -0.137195
v 4.806417 6.708050 -0.038295
v 4.765218 6.760450 0.021405
v 5.097817 6.427250 0.721105
v 5.120317 6.411450 0.707505
v 5.095717 6.423350 0.683405
v 5.073018 6.446850 0.737605
v 5.047418 6.470050 0.757505
v 5.025218 6.493950 0.778205
v 5.008018 6.517350 0.799505
v 4.996617 6.539550 0.821405
v 4.991717 6.559650 0.843905
v 4.993817 6.576850 0.867105
v 5.068117 6.437850 0.650705
v 5.039018 6.454150 0.608105
v 5.012817 6.469950 0.559505
v 4.991218 6.484050 0.506405
v 4.974917 6.495250 0.449605
v 4.964717 6.502550 0.390305
v 4.961018 6.505050 0.329505
v 5.193917 6.614450 1.017105
v 5.166517 6.615850 1.008205
v 5.173918 6.638350 1.013205
v 5.152517 6.669250 1.007305
v 5.131618 6.708050 0.999605
v 5.131217 6.997350 0.987405
v 5.135218 6.616550 0.995705
v 5.101217 6.615750 0.978805
v 5.069517 6.613150 0.959205
v 5.042017 6.608450 0.937605
v 5.019618 6.600950 0.914505
v 5.003318 6.590550 0.890805
v 5.186617 6.593550 -0.341395
v 5.166418 6.617050 -0.336995
v 5.159617 6.595950 -0.332895
v 5.128918 6.597950 -0.320795
v 5.095517 6.598550 -0.304495
v 5.064418 6.597550 -0.285695
v 5.037518 6.594350 -0.265095
v 5.015818 6.588550 -0.243095
v 4.999918 6.579550 -0.220495
v 4.990917 6.567150 -0.198095
v 5.144817 6.647450 -0.330595
v 5.123717 6.685050 -0.322095
v 5.107317 6.726950 -0.312895
v 5.133918 6.997750 -0.302495
v 5.096317 6.423050 -0.061995
v 5.094418 6.419750 -0.025095
v 5.118917 6.407550 -0.049195
v 5.066917 6.434650 0.007605
v 5.038017 6.451450 0.050305
v 5.012017 6.467750 0.099005
v 4.990518 6.482350 0.152405
v 4.974418 6.494050 0.209305
v 4.964417 6.502050 0.268705
v 5.071517 6.442250 -0.077395
v 5.045817 6.464850 -0.095895
v 5.023417 6.488150 -0.115195
v 5.006118 6.510850 -0.134995
v 4.994417 6.532150 -0.155295
v 4.989118 6.551150 -0.176295
v 6.761518 6.097950 0.884605
v 6.678118 6.121350 0.910605
v 6.700918 6.138550 0.909405
v 6.790118 6.111250 0.880505
v 6.822818 6.125150 0.874305
v 6.728018 6.156250 0.906305
v 6.855018 6.142850 0.868105
v 6.797318 6.316250 0.902005
v 6.581518 6.148050 0.937005
v 6.600718 6.168650 0.937905
v 6.624018 6.189750 0.936805
v 6.648818 6.213250 0.934705
v 6.491218 6.201550 0.965005
v 6.474318 6.178250 0.962805
v 6.511218 6.225550 0.965505
v 6.578418 6.374450 0.964805
v 6.359318 6.211950 0.987005
v 6.374318 6.237450 0.990105
v 6.391818 6.263550 0.991605
v 6.410918 6.292050 0.992205
v 6.238518 6.248550 1.008805
v 6.252017 6.275850 1.012505
v 6.267118 6.303850 1.014805
v 6.341117 6.529750 1.016105
v 6.114118 6.287850 1.027505
v 6.126318 6.316450 1.031605
v 6.139518 6.346150 1.034305
v 6.153718 6.378150 1.036205
v 5.988418 6.329250 1.042505
v 5.999317 6.358950 1.046805
v 6.010617 6.389850 1.049805
v 6.036717 6.541650 1.051805
v 5.863418 6.372350 1.053405
v 5.872818 6.402750 1.057605
v 5.882117 6.435350 1.060605
v 5.891717 6.470450 1.062705
v 5.748817 6.447150 1.063905
v 5.741017 6.416250 1.059905
v 5.756217 6.480650 1.066605
v 5.764018 6.516650 1.068405
v 5.623218 6.460050 1.061905
v 5.628918 6.491050 1.065505
v 5.633617 6.525050 1.067705
v 5.654717 6.636450 1.068905
v 5.512218 6.502750 1.059505
v 5.515218 6.533850 1.062405
v 5.516518 6.568250 1.063805
v 5.517918 6.605950 1.064105
v 5.409417 6.574250 1.054605
v 5.409718 6.543550 1.052705
v 5.406918 6.609150 1.054805
v 5.421917 6.732350 1.053805
v 5.318017 6.580650 1.042105
v 5.312918 6.611150 1.042505
v 5.305218 6.646750 1.040905
v 5.298317 6.685850 1.038205
v 5.238917 6.612350 1.028605
v 5.226917 6.643250 1.026505
v 5.212917 6.679950 1.022405
v 5.244217 6.982250 1.011705
v 6.799518 6.074450 0.867305
v 6.741218 6.086950 0.886105
v 6.830317 6.078750 0.860405
v 6.866617 6.086550 0.851805
v 6.905317 6.096550 0.842005
v 6.956417 6.176950 0.828405
v 5.246517 6.589050 1.028305
v 5.316318 6.557050 1.039105
v 5.405217 6.518250 1.048705
v 5.505817 6.476350 1.054805
v 5.615618 6.432950 1.056805
v 5.732418 6.388850 1.054405
v 5.854117 6.345050 1.047805
v 5.978618 6.302350 1.036905
v 6.103918 6.261650 1.022005
v 6.227918 6.223450 1.003505
v 6.348318 6.188150 0.982105
v 6.463017 6.156250 0.958505
v 6.569618 6.128250 0.933405
v 6.665118 6.104650 0.908305
v 5.231018 6.590150 -0.352395
v 5.309817 6.557750 -0.366095
v 5.304317 6.587350 -0.365795
v 5.218718 6.620350 -0.349695
v 5.296318 6.622050 -0.363495
v 5.204618 6.656050 -0.344895
v 5.289118 6.660550 -0.359995
v 5.192617 6.696150 -0.338895
v 5.284718 6.701350 -0.355695
v 5.246617 6.982650 -0.332495
v 5.401318 6.520050 -0.376795
v 5.400618 6.549750 -0.377995
v 5.397617 6.583750 -0.377495
v 5.394817 6.621250 -0.375695
v 5.428018 6.793350 -0.373295
v 5.506217 6.508650 -0.385795
v 5.503517 6.478850 -0.383695
v 5.507217 6.542250 -0.386495
v 5.508218 6.578950 -0.386095
v 5.510518 6.617650 -0.384795
v 5.614517 6.435650 -0.386195
v 5.619718 6.465450 -0.388995
v 5.624018 6.498650 -0.390495
v 5.628417 6.534450 -0.390895
v 5.683517 6.784950 -0.390595
v 5.739418 6.421150 -0.387395
v 5.732118 6.391550 -0.384195
v 5.746418 6.453750 -0.389495
v 5.753517 6.488550 -0.390495
v 5.761417 6.525350 -0.390695
v 5.863418 6.376550 -0.381195
v 5.854418 6.347450 -0.377695
v 5.872618 6.408450 -0.383495
v 5.882318 6.442150 -0.384795
v 5.933817 6.610950 -0.385295
v 5.979418 6.304350 -0.366895
v 5.989818 6.332750 -0.370395
v 6.001118 6.363550 -0.372695
v 6.012918 6.396150 -0.373995
v 6.025517 6.430750 -0.374495
v 6.105118 6.262950 -0.351795
v 6.116918 6.290350 -0.355195
v 6.130017 6.319950 -0.357295
v 6.144117 6.351150 -0.358295
v 6.199317 6.494050 -0.358595
v 6.229517 6.223950 -0.333095
v 6.242618 6.249950 -0.335995
v 6.257817 6.277950 -0.337695
v 6.274017 6.307250 -0.338295
v 6.290617 6.338650 -0.338095
v 6.350418 6.187550 -0.311195
v 6.365017 6.211850 -0.313595
v 6.382418 6.237950 -0.314495
v 6.401018 6.265050 -0.314195
v 6.457618 6.483150 -0.313295
v 6.465618 6.154350 -0.286995
v 6.482118 6.176450 -0.288395
v 6.502118 6.200250 -0.288195
v 6.523618 6.224950 -0.286795
v 6.544918 6.251950 -0.284995
v 6.591718 6.144150 -0.261195
v 6.572917 6.124550 -0.260995
v 6.615118 6.165250 -0.259395
v 6.639617 6.187250 -0.256495
v 6.690917 6.307850 -0.247995
v 6.692218 6.114750 -0.232695
v 6.669718 6.098450 -0.234495
v 6.719718 6.132950 -0.228795
v 6.747718 6.151350 -0.223995
v 6.772818 6.171850 -0.219695
v 6.781718 6.088250 -0.203695
v 6.753518 6.075850 -0.208495
v 6.814618 6.103050 -0.196895
v 6.846217 6.119350 -0.189895
v 6.831818 6.210150 -0.186195
v 5.238917 6.567850 -0.352695
v 6.898018 6.075550 -0.164495
v 6.968517 6.169750 -0.153295
v 6.858817 6.064350 -0.174895
v 6.822918 6.057250 -0.184095
v 6.733418 6.065750 -0.210495
v 6.792018 6.053450 -0.191595
v 6.657118 6.082950 -0.232895
v 6.561418 6.106050 -0.258195
v 6.454718 6.133550 -0.283395
v 6.339918 6.165050 -0.307095
v 6.219418 6.200050 -0.328595
v 6.095417 6.238150 -0.347095
v 5.970118 6.278750 -0.362095
v 5.845617 6.321450 -0.372995
v 5.724017 6.365450 -0.379595
v 5.607317 6.409850 -0.381795
v 5.497717 6.453650 -0.379795
v 5.397218 6.495950 -0.373495
v 5.308517 6.535350 -0.363795
v 5.143517 6.408650 0.762305
v 5.226317 6.367350 0.781705
v 5.237617 6.355150 0.754205
v 5.160618 6.393450 0.739005
v 5.320518 6.323750 0.796205
v 5.327817 6.313350 0.765705
v 5.424717 6.278950 0.806205
v 5.429418 6.269650 0.773705
v 5.540217 6.225450 0.778405
v 5.537618 6.233850 0.811905
v 5.657317 6.189350 0.813405
v 5.658117 6.181650 0.779505
v 5.781717 6.146150 0.810705
v 5.781017 6.139050 0.777105
v 5.909118 6.105050 0.804105
v 5.907018 6.098550 0.771205
v 6.034118 6.060650 0.761705
v 6.037618 6.066750 0.793605
v 6.160117 6.026050 0.749205
v 6.165217 6.031550 0.779505
v 6.289818 5.999850 0.762405
v 6.282818 5.994850 0.734005
v 6.400218 5.967650 0.716605
v 6.409418 5.971950 0.742705
v 6.509818 5.944550 0.697605
v 6.522017 5.948050 0.720805
v 6.625718 5.928350 0.696805
v 6.609218 5.925850 0.677405
v 6.695718 5.911250 0.656305
v 6.718918 5.912550 0.671105
v 5.123918 6.427450 0.785305
v 5.211818 6.382950 0.807505
v 5.310217 6.336950 0.824205
v 5.417917 6.290450 0.835605
v 5.533617 6.244050 0.842105
v 5.655618 6.198450 0.843805
v 5.782218 6.154450 0.840905
v 5.911617 6.112550 0.833505
v 6.042118 6.073550 0.822005
v 6.171917 6.037650 0.806605
v 6.299017 6.005250 0.787705
v 6.421818 5.976550 0.765805
v 6.538218 5.951850 0.741305
v 6.646918 5.931250 0.714405
v 6.746218 5.914750 0.685105
v 5.197417 6.400250 0.832105
v 5.105618 6.447750 0.808105
v 5.299518 6.351950 0.850105
v 5.410518 6.303550 0.862505
v 5.529118 6.255550 0.869505
v 5.653718 6.208750 0.871205
v 5.782718 6.163750 0.867905
v 5.914417 6.120950 0.859905
v 6.047217 6.081150 0.847405
v 6.179518 6.044450 0.830805
v 6.309517 6.011350 0.810505
v 6.435518 5.981950 0.786705
v 6.555918 5.956550 0.760105
v 6.669018 5.935250 0.730705
v 6.772618 5.918550 0.698605
v 5.185417 6.418150 0.855605
v 5.090918 6.468250 0.830605
v 5.290318 6.367650 0.874505
v 5.404118 6.317450 0.887305
v 5.525317 6.268050 0.894505
v 5.652318 6.220050 0.896005
v 5.783518 6.173850 0.892205
v 5.917418 6.130250 0.883505
v 6.052618 6.089550 0.870205
v 6.187317 6.052150 0.852605
v 6.320018 6.018350 0.831105
v 6.449018 5.988350 0.806005
v 6.572718 5.962450 0.777705
v 6.689218 5.940850 0.746505
v 6.795418 5.924450 0.712205
v 5.081017 6.488050 0.853105
v 5.177318 6.435850 0.878405
v 5.284018 6.383550 0.897405
v 5.399717 6.331850 0.910305
v 5.522818 6.281050 0.917305
v 5.651717 6.231850 0.918505
v 5.784918 6.184750 0.914205
v 5.920817 6.140350 0.904905
v 6.058018 6.098850 0.890905
v 6.194818 6.060850 0.872505
v 6.329718 6.026450 0.850105
v 6.461118 5.996050 0.824005
v 6.587317 5.969850 0.794605
v 6.706017 5.948350 0.762205
v 6.813318 5.932550 0.726705
v 5.076617 6.506450 0.875405
v 5.173818 6.452750 0.900505
v 5.281518 6.399050 0.919205
v 5.398317 6.346050 0.931705
v 5.522617 6.294250 0.938305
v 5.652818 6.244250 0.939005
v 5.787317 6.196450 0.934305
v 5.924618 6.151250 0.924505
v 6.063118 6.109250 0.909905
v 6.201417 6.070750 0.890905
v 6.337818 6.036050 0.867805
v 6.470818 6.005350 0.841105
v 6.598517 5.979050 0.811105
v 6.718318 5.957750 0.778205
v 6.825818 5.942750 0.742405
v 5.175817 6.467950 0.921905
v 5.078717 6.522650 0.897705
v 5.283817 6.413450 0.939905
v 5.400817 6.359750 0.951805
v 5.525517 6.307450 0.957705
v 5.656017 6.256850 0.958005
v 5.790917 6.208650 0.952905
v 5.928718 6.163150 0.942605
v 6.067718 6.120850 0.927605
v 6.206517 6.082050 0.908205
v 6.343518 6.047050 0.884705
v 6.477017 6.016350 0.857705
v 6.605318 5.990050 0.827605
v 6.725218 5.969150 0.794705
v 6.832518 5.954950 0.759505
v 5.087617 6.536050 0.919805
v 5.184117 6.481150 0.942705
v 5.291418 6.426450 0.959505
v 5.407818 6.372650 0.970405
v 5.531817 6.320150 0.975705
v 5.661717 6.269650 0.975405
v 5.796018 6.221350 0.969905
v 5.933117 6.175950 0.959305
v 6.071517 6.133550 0.944005
v 6.209718 6.094750 0.924405
v 6.346018 6.059850 0.900905
v 6.479018 6.029150 0.874005
v 6.606818 6.003050 0.844205
v 6.726318 5.982350 0.811905
v 6.833218 5.968850 0.777605
v 5.102717 6.547050 0.941405
v 5.197917 6.492550 0.962505
v 5.303718 6.438250 0.977805
v 5.418617 6.384850 0.987605
v 5.541118 6.332750 0.992005
v 5.669518 6.282550 0.991105
v 5.802318 6.234650 0.985205
v 5.937918 6.189450 0.974505
v 6.074718 6.147350 0.959105
v 6.211318 6.108750 0.939505
v 6.346117 6.074050 0.916205
v 6.477518 6.043550 0.889705
v 6.603817 6.017650 0.860505
v 6.722218 5.997250 0.829205
v 6.828318 5.984050 0.796205
v 5.123017 6.555750 0.961805
v 5.216018 6.502450 0.980805
v 5.319617 6.449250 0.994605
v 5.432318 6.396750 1.003205
v 5.552618 6.345550 1.006705
v 5.678917 6.295950 1.005305
v 5.809618 6.248650 0.999005
v 5.943017 6.204050 0.988105
v 6.077718 6.162350 0.972805
v 6.212117 6.124050 0.953405
v 6.344618 6.089650 0.930505
v 6.473517 6.059450 0.904605
v 6.597318 6.033850 0.876305
v 6.713718 6.013450 0.846205
v 6.818418 6.000150 0.814705
v 5.237617 6.511350 0.997405
v 5.147617 6.562550 0.980505
v 5.338218 6.459950 1.009605
v 5.448018 6.409050 1.017105
v 5.565618 6.359050 1.019905
v 5.689418 6.310450 1.017905
v 5.817617 6.263950 1.011405
v 5.948718 6.219850 1.000505
v 6.080917 6.178650 0.985205
v 6.212718 6.140850 0.966105
v 6.342418 6.106650 0.943705
v 6.468217 6.076750 0.918505
v 6.588618 6.051250 0.891205
v 6.701618 6.030950 0.862505
v 6.804118 6.017150 0.832805
v 5.175218 6.568250 0.997105
v 5.261317 6.519850 1.011805
v 5.358217 6.471050 1.022605
v 5.464717 6.422250 1.029305
v 5.579417 6.373850 1.031505
v 5.700518 6.326550 1.029205
v 5.826318 6.280750 1.022505
v 5.955018 6.237350 1.011605
v 6.084718 6.196550 0.996405
v 6.213818 6.159050 0.977605
v 6.340417 6.125050 0.955605
v 6.462718 6.095250 0.931205
v 6.578918 6.069850 0.904905
v 6.687518 6.049450 0.877605
v 6.786218 6.035050 0.849805
v 5.284517 6.529250 1.023805
v 5.203517 6.573750 1.011005
v 5.377518 6.483550 1.033605
v 5.480917 6.437150 1.039705
v 5.592917 6.390650 1.041505
v 5.711818 6.344550 1.039105
v 5.835418 6.299650 1.032305
v 5.962018 6.256650 1.021405
v 6.089518 6.216250 1.006305
v 6.216218 6.178750 0.987705
v 6.340018 6.144850 0.966205
v 6.458817 6.114750 0.942405
v 6.570718 6.089150 0.916905
v 6.674118 6.068450 0.890905
v 6.767118 6.053450 0.865205
v 5.228218 6.580350 1.021505
v 5.304317 6.540850 1.033005
v 5.394017 6.498750 1.042305
v 5.495117 6.454850 1.048205
v 5.605318 6.410050 1.050005
v 5.722617 6.365150 1.047505
v 5.844817 6.320950 1.040805
v 5.969817 6.278250 1.029905
v 6.095818 6.237850 1.014905
v 6.220617 6.200250 0.996405
v 6.342217 6.165850 0.975105
v 6.458218 6.135150 0.951605
v 6.566718 6.108650 0.926605
v 6.665018 6.087150 0.901505
v 6.750918 6.071150 0.877605
v 5.172217 6.383150 0.715605
v 5.241417 6.348250 0.723905
v 5.329818 6.306950 0.731805
v 5.430218 6.263450 0.737805
v 5.540117 6.219450 0.741205
v 5.657317 6.175750 0.741905
v 5.779818 6.133350 0.739605
v 5.905217 6.092950 0.734405
v 6.031817 6.055350 0.726005
v 6.157218 6.020950 0.715005
v 6.279418 5.990150 0.701805
v 6.395917 5.963350 0.687005
v 6.504518 5.940850 0.671005
v 6.602017 5.922850 0.654905
v 6.680018 5.910250 0.640605
v 6.768218 5.900750 0.635405
v 6.739918 5.901950 0.628505
v 6.800418 5.900650 0.643805
v 6.834618 5.902450 0.653805
v 6.865417 5.906350 0.664405
v 6.890617 5.912750 0.676005
v 6.909517 5.921550 0.689605
v 6.922117 5.932950 0.705405
v 6.928718 5.946150 0.723405
v 6.929418 5.960850 0.742705
v 6.924117 5.976350 0.762805
v 6.912818 5.992650 0.783005
v 6.895818 6.009450 0.803105
v 6.873717 6.026850 0.822505
v 6.848118 6.044550 0.840605
v 6.822418 6.060650 0.855705
v 6.926917 5.882450 0.078405
v 6.868518 5.887950 0.045805
v 6.820018 5.889150 0.049205
v 6.868117 5.883350 0.079305
v 6.973018 5.885350 0.075205
v 6.911118 5.889250 0.040105
v 7.006417 5.891950 0.070105
v 6.946518 5.893150 0.032705
v 7.031717 5.900850 0.062205
v 6.973217 5.899950 0.023405
v 7.050318 5.911650 0.051205
v 6.991717 5.909150 0.012005
v 7.062617 5.924050 0.036805
v 7.003918 5.920150 -0.002095
v 7.068117 5.937350 0.018905
v 7.010218 5.932150 -0.018695
v 6.972817 5.879950 0.114105
v 6.910017 5.879050 0.113805
v 7.020018 5.885050 0.113205
v 7.054518 5.893450 0.109705
v 7.081017 5.904450 0.102405
v 7.101018 5.917350 0.091405
v 7.114118 5.931350 0.076705
v 7.119417 5.945850 0.057705
v 6.944517 5.876650 0.152305
v 7.009817 5.879450 0.153505
v 7.057817 5.886450 0.153505
v 7.092817 5.896950 0.150105
v 7.120518 5.910250 0.142705
v 7.141917 5.925350 0.131505
v 7.156017 5.941350 0.116205
v 7.159918 5.954350 0.097505
v 7.039218 5.879850 0.195905
v 6.971317 5.876050 0.194105
v 7.086218 5.888750 0.196005
v 7.120618 5.901450 0.192005
v 7.148518 5.917250 0.184105
v 7.170717 5.935350 0.172405
v 7.184418 5.952250 0.156605
v 7.191017 5.968250 0.135905
v 7.061217 5.880450 0.240905
v 6.992618 5.875750 0.238805
v 7.105517 5.890950 0.240805
v 7.138317 5.905850 0.236505
v 7.166018 5.924450 0.229005
v 7.187417 5.944450 0.216905
v 7.204317 5.966550 0.200405
v 7.223217 6.066150 0.165705
v 7.076118 5.880750 0.287105
v 7.007117 5.875550 0.284805
v 7.116318 5.892450 0.287105
v 7.147218 5.908950 0.283905
v 7.175017 5.930550 0.279005
v 7.197417 5.954150 0.274205
v 7.246118 6.103850 0.256705
v 6.974318 6.022450 -0.120595
v 6.922817 6.042450 -0.147095
v 6.871417 6.038750 -0.163195
v 6.913918 6.020450 -0.141595
v 7.015318 6.030950 -0.103795
v 6.968317 6.050550 -0.132495
v 7.058317 6.106450 -0.088095
v 7.004217 6.066150 -0.120695
v 7.009117 6.005750 -0.095995
v 6.949718 6.002650 -0.119995
v 7.047418 6.015850 -0.075595
v 7.078817 6.031850 -0.057195
v 7.030917 5.991850 -0.072595
v 6.977918 5.985850 -0.098595
v 7.071617 6.004250 -0.048795
v 7.103718 6.017950 -0.027095
v 7.129818 6.040050 -0.011695
v 7.123717 6.140950 -0.027295
v 7.047917 5.978450 -0.048795
v 6.995817 5.971250 -0.077795
v 7.091618 5.990150 -0.020295
v 7.125917 6.003050 0.004805
v 7.171818 6.108550 0.040105
v 7.060118 5.965050 -0.025095
v 7.006118 5.958050 -0.057395
v 7.107218 5.975650 0.007905
v 7.144117 5.987950 0.036905
v 7.175117 6.011450 0.058005
v 7.067118 5.951250 -0.001995
v 7.010717 5.945050 -0.037395
v 7.116817 5.960850 0.034505
v 7.154517 5.972150 0.065205
v 7.205317 6.073650 0.108305
v 6.877817 6.059950 0.839505
v 6.929317 6.064250 0.824205
v 6.979418 6.044050 0.797505
v 6.917917 6.041650 0.818205
v 7.017418 6.025950 0.771905
v 6.951218 6.023850 0.796305
v 7.043918 6.009750 0.747505
v 6.977318 6.006750 0.774205
v 7.060617 5.994450 0.723705
v 6.995618 5.990450 0.752205
v 7.069818 5.979150 0.700005
v 7.006618 5.974550 0.730205
v 7.073017 5.963450 0.676405
v 7.011018 5.958750 0.708605
v 7.070718 5.947450 0.653905
v 7.009718 5.943450 0.687805
v 7.028418 6.049750 0.779605
v 6.975918 6.070650 0.809505
v 7.066817 6.031350 0.749805
v 7.087817 6.020350 0.728105
v 7.100918 6.002950 0.702105
v 7.113717 5.986350 0.669705
v 7.118917 5.973750 0.645605
v 7.116318 5.956850 0.620805
v 7.014618 6.085450 0.798405
v 7.079918 6.116750 0.759705
v 7.104017 6.047650 0.732005
v 7.115917 6.040950 0.721605
v 7.166818 6.110650 0.675505
v 7.148718 6.003850 0.646705
v 7.150517 5.985850 0.621205
v 7.151117 5.966850 0.584405
v 7.184217 6.042250 0.637805
v 7.178818 6.032650 0.640605
v 7.205917 6.114050 0.588605
v 7.182418 5.981250 0.545805
v 6.869118 5.886750 0.580205
v 6.821318 5.892950 0.610005
v 6.869818 5.892050 0.614405
v 6.928018 5.886250 0.582405
v 6.910717 5.882150 0.545805
v 6.976618 5.882750 0.546805
v 7.017617 5.880450 0.507805
v 6.946617 5.878950 0.507405
v 6.976117 5.876950 0.466205
v 7.049217 5.879150 0.466005
v 6.997718 5.875950 0.422905
v 7.070217 5.879050 0.422605
v 7.081218 5.879650 0.378605
v 7.010218 5.875550 0.377705
v 7.013218 5.875550 0.331305
v 7.082917 5.880450 0.333305
v 6.976018 5.889150 0.586305
v 6.911818 5.893950 0.621005
v 7.027718 5.886750 0.548505
v 7.065018 5.886450 0.508505
v 7.088818 5.887950 0.467305
v 7.105118 5.889950 0.424205
v 7.115417 5.891750 0.379805
v 7.119218 5.892750 0.333905
v 6.946418 5.898450 0.628905
v 7.011317 5.894950 0.591705
v 7.057918 5.895050 0.553305
v 7.090117 5.897550 0.514305
v 7.114017 5.901550 0.473405
v 7.131718 5.905650 0.429505
v 7.143317 5.908850 0.382705
v 7.148618 5.910150 0.333405
v 6.972418 5.905850 0.638805
v 7.034718 5.904350 0.601405
v 7.078717 5.907250 0.564105
v 7.111418 5.912650 0.525505
v 7.136917 5.919350 0.484005
v 7.156517 5.926250 0.438405
v 7.169818 5.931650 0.388205
v 7.176217 5.933750 0.333705
v 6.990718 5.916150 0.652105
v 7.051417 5.916850 0.615505
v 7.095417 5.922250 0.579205
v 7.129618 5.930550 0.541105
v 7.157417 5.940750 0.499305
v 7.177217 5.949350 0.453505
v 7.192318 5.957150 0.395805
v 7.200917 5.963050 0.335105
v 7.002717 5.929050 0.668705
v 7.063317 5.931550 0.633305
v 7.108117 5.939250 0.598305
v 7.144117 5.950550 0.561405
v 7.172817 5.962650 0.520405
v 7.196117 5.975650 0.474705
v 7.239717 6.098850 0.406705
v 7.232718 6.015450 0.337005
v 7.225417 6.063750 0.501905
v 6.766718 5.896650 0.023405
v 6.738618 5.898150 0.029605
v 6.766418 5.893150 0.049905
v 6.798818 5.896250 0.016005
v 6.833717 5.897450 0.006705
v 6.865917 5.900550 -0.003095
v 6.893317 5.905550 -0.013795
v 6.914718 5.912650 -0.025995
v 6.929518 5.921750 -0.039895
v 6.937218 5.932550 -0.055395
v 6.798018 5.888050 0.076805
v 6.831818 5.883250 0.111305
v 6.862718 5.879550 0.149905
v 6.888317 5.877150 0.191805
v 6.907118 5.876150 0.236305
v 6.919118 5.875850 0.282605
v 6.923617 5.875950 0.329605
v 6.815917 6.039950 -0.179895
v 6.842817 6.024350 -0.165195
v 6.871118 6.006650 -0.147295
v 6.896418 5.989650 -0.128395
v 6.916718 5.973850 -0.109495
v 6.930617 5.958750 -0.090695
v 6.937517 5.944850 -0.072395
v 6.767618 5.896650 0.608105
v 6.799118 5.891250 0.581205
v 6.832618 5.886050 0.546905
v 6.863117 5.881950 0.508305
v 6.888517 5.879150 0.466605
v 6.907618 5.877450 0.422405
v 6.919618 5.876450 0.376505
v 6.623918 5.923450 -0.038295
v 6.607617 5.921450 -0.019995
v 6.694118 5.907050 0.002005
v 6.717218 5.907850 -0.011795
v 6.520118 5.943050 -0.062995
v 6.508218 5.940150 -0.040995
v 6.407517 5.966750 -0.085595
v 6.398618 5.963150 -0.060695
v 6.287918 5.994650 -0.105995
v 6.281218 5.990350 -0.078595
v 6.163318 6.026250 -0.123495
v 6.158518 6.021450 -0.094195
v 6.035717 6.061450 -0.137795
v 6.032417 6.056050 -0.106995
v 5.907317 6.099750 -0.148395
v 5.905417 6.093950 -0.116595
v 5.779918 6.140850 -0.154995
v 5.779418 6.134450 -0.122395
v 5.655417 6.184050 -0.157295
v 5.656417 6.177050 -0.124495
v 5.535817 6.228550 -0.155295
v 5.538517 6.220850 -0.122895
v 5.422917 6.273650 -0.148995
v 5.427817 6.265150 -0.117695
v 5.318717 6.318650 -0.138295
v 5.326318 6.308850 -0.108895
v 5.224617 6.362350 -0.122995
v 5.236017 6.350750 -0.096495
v 5.141917 6.403850 -0.102795
v 5.159118 6.389050 -0.080495
v 6.644818 5.925750 -0.054595
v 6.744418 5.909550 -0.024795
v 6.536017 5.946150 -0.082295
v 6.419618 5.970650 -0.107495
v 6.296917 5.999250 -0.129995
v 6.169718 6.031650 -0.149295
v 6.039917 6.067450 -0.164995
v 5.909417 6.106450 -0.176595
v 5.780118 6.148350 -0.183895
v 5.653518 6.192350 -0.186495
v 5.531518 6.237950 -0.184295
v 5.415917 6.284450 -0.177195
v 5.308317 6.331150 -0.165095
v 5.210017 6.377250 -0.147595
v 5.122118 6.422050 -0.124595
v 6.666718 5.929150 -0.069595
v 6.771418 5.912550 -0.037395
v 6.553418 5.950050 -0.099695
v 6.433018 5.975250 -0.126995
v 6.307018 6.004550 -0.151295
v 6.177017 6.037650 -0.172095
v 6.044718 6.074250 -0.188995
v 5.911918 6.114050 -0.201495
v 5.780317 6.156750 -0.209495
v 5.651318 6.201850 -0.212495
v 5.526817 6.248750 -0.210295
v 5.408217 6.296750 -0.202795
v 5.297318 6.345350 -0.189595
v 5.195317 6.393850 -0.170795
v 5.103718 6.441650 -0.145995
v 6.686818 5.933850 -0.083995
v 6.795418 5.917350 -0.049895
v 6.569918 5.955150 -0.115795
v 6.446218 5.980750 -0.144695
v 6.317118 6.010650 -0.170395
v 6.184418 6.044350 -0.192395
v 6.049717 6.081650 -0.210295
v 5.914618 6.122250 -0.223695
v 5.780717 6.165950 -0.232295
v 5.649518 6.212150 -0.235795
v 5.522617 6.260250 -0.233795
v 5.401517 6.309750 -0.226095
v 5.287917 6.360150 -0.212495
v 5.183117 6.410850 -0.192795
v 5.088818 6.461350 -0.166995
v 6.703818 5.940350 -0.098295
v 6.815118 5.923950 -0.062995
v 6.584117 5.961650 -0.131195
v 6.457818 5.987550 -0.161195
v 6.326417 6.017750 -0.187795
v 6.191518 6.051950 -0.210695
v 6.054718 6.089950 -0.229395
v 5.917618 6.131250 -0.243495
v 5.781817 6.175750 -0.252695
v 5.648717 6.222950 -0.256695
v 5.519817 6.272250 -0.255095
v 5.396917 6.323150 -0.247595
v 5.281318 6.375150 -0.233995
v 5.174717 6.427650 -0.214095
v 5.078618 6.480150 -0.187895
v 6.716218 5.948550 -0.112795
v 6.829218 5.932350 -0.076995
v 6.595017 5.969750 -0.146195
v 6.467018 5.995650 -0.176795
v 6.334117 6.026150 -0.203995
v 6.197718 6.060750 -0.227495
v 6.059418 6.099150 -0.246795
v 5.920918 6.141050 -0.261495
v 5.783717 6.186250 -0.271195
v 5.649318 6.234150 -0.275695
v 5.519318 6.284350 -0.274495
v 5.395118 6.336250 -0.267495
v 5.278418 6.389450 -0.254295
v 5.170817 6.443450 -0.234695
v 5.073917 6.497550 -0.208795
v 6.836718 5.942650 -0.091995
v 6.723118 5.958450 -0.127695
v 6.601317 5.979550 -0.161195
v 6.472817 6.005450 -0.191895
v 6.339218 6.035950 -0.219395
v 6.202317 6.070750 -0.243195
v 6.063618 6.109450 -0.262895
v 5.924618 6.151750 -0.277995
v 5.786918 6.197250 -0.288195
v 5.652118 6.245550 -0.293095
v 5.521617 6.296250 -0.292395
v 5.397218 6.348850 -0.285995
v 5.280317 6.402750 -0.273495
v 5.172617 6.457550 -0.254795
v 5.075618 6.512550 -0.229695
v 6.723718 5.970250 -0.143295
v 6.836818 5.954750 -0.108195
v 6.602318 5.991150 -0.176395
v 6.474318 6.016950 -0.206795
v 6.341318 6.047350 -0.234095
v 6.205018 6.082150 -0.257895
v 6.066917 6.120850 -0.277795
v 5.928517 6.163150 -0.293095
v 5.791517 6.208550 -0.303595
v 5.657317 6.256950 -0.308895
v 5.527517 6.307650 -0.308895
v 5.403718 6.360350 -0.303195
v 5.287518 6.414450 -0.291695
v 5.180418 6.469450 -0.274195
v 5.084117 6.524750 -0.250495
v 6.718618 5.983750 -0.159195
v 6.830217 5.968250 -0.125095
v 6.598718 6.004350 -0.191295
v 6.472318 6.029950 -0.221095
v 6.340918 6.060150 -0.247995
v 6.206118 6.094650 -0.271495
v 6.069517 6.133150 -0.291295
v 5.932717 6.175150 -0.306695
v 5.797217 6.220350 -0.317395
v 5.664517 6.268350 -0.323195
v 5.536318 6.318750 -0.323795
v 5.414018 6.371150 -0.318995
v 5.299217 6.424850 -0.308695
v 5.193618 6.479450 -0.292695
v 5.098718 6.534250 -0.270895
v 6.818018 5.983250 -0.142395
v 6.708918 5.998550 -0.174895
v 6.591718 6.019050 -0.205895
v 6.467818 6.044350 -0.234695
v 6.338818 6.074250 -0.260895
v 6.206317 6.108450 -0.283995
v 6.072018 6.146550 -0.303495
v 5.937317 6.188150 -0.318995
v 5.803917 6.232850 -0.329795
v 5.673317 6.280350 -0.335895
v 5.547217 6.330050 -0.337095
v 5.427117 6.381550 -0.333295
v 5.314617 6.434350 -0.324195
v 5.211217 6.487850 -0.309895
v 5.118418 6.541450 -0.290195
v 6.801118 5.999350 -0.159495
v 6.695918 6.014650 -0.190095
v 6.582417 6.034950 -0.219595
v 6.462018 6.060050 -0.247395
v 6.336118 6.089650 -0.272795
v 6.206418 6.123550 -0.295395
v 6.074617 6.161250 -0.314595
v 5.942417 6.202450 -0.329895
v 5.811418 6.246550 -0.340895
v 5.683218 6.293250 -0.347195
v 5.559618 6.342050 -0.348995
v 5.442218 6.392350 -0.345895
v 5.332618 6.443550 -0.338095
v 5.232218 6.495250 -0.325295
v 5.142417 6.546750 -0.307895
v 6.781118 6.016550 -0.175795
v 6.681018 6.031750 -0.204395
v 6.572217 6.051950 -0.232295
v 6.455918 6.076950 -0.258895
v 6.333618 6.106450 -0.283595
v 6.206918 6.140150 -0.305595
v 6.077817 6.177550 -0.324595
v 5.948117 6.218250 -0.339795
v 5.819517 6.261750 -0.350695
v 5.693817 6.307650 -0.357295
v 5.572818 6.355250 -0.359395
v 5.458318 6.403950 -0.356995
v 5.351917 6.453050 -0.349995
v 5.255218 6.502250 -0.338795
v 5.169417 6.550950 -0.323495
v 6.760518 6.034150 -0.190595
v 6.667017 6.049350 -0.216895
v 6.563518 6.069650 -0.243395
v 6.451518 6.094950 -0.268995
v 6.332618 6.124650 -0.293095
v 6.208817 6.158350 -0.314695
v 6.082118 6.195650 -0.333395
v 5.954517 6.236050 -0.348495
v 5.828017 6.279050 -0.359395
v 5.704417 6.324150 -0.365995
v 5.585717 6.370450 -0.368395
v 5.473917 6.417350 -0.366295
v 5.370718 6.464050 -0.359995
v 5.277917 6.510150 -0.349895
v 5.197018 6.554950 -0.336695
v 6.743618 6.050950 -0.202495
v 6.657418 6.066650 -0.226795
v 6.559018 6.087850 -0.252195
v 6.450418 6.113850 -0.277295
v 6.334318 6.144150 -0.300995
v 6.212718 6.178250 -0.322395
v 6.087817 6.215750 -0.340995
v 5.961818 6.256150 -0.355995
v 5.836818 6.298850 -0.366795
v 5.714717 6.343150 -0.373495
v 5.597617 6.388350 -0.375895
v 5.487517 6.433550 -0.373995
v 5.386618 6.477850 -0.367895
v 5.297018 6.520350 -0.358395
v 5.221217 6.560250 -0.346495
v 6.678618 5.906350 0.016805
v 6.600617 5.918950 0.001705
v 6.503118 5.936950 -0.015195
v 6.394517 5.959450 -0.031895
v 6.278018 5.986250 -0.047295
v 6.155917 6.017050 -0.060995
v 6.030417 6.051450 -0.072295
v 5.903917 6.089050 -0.080695
v 5.778418 6.129450 -0.085795
v 5.655917 6.171850 -0.087795
v 5.538717 6.215450 -0.086595
v 5.428818 6.259550 -0.082595
v 5.328418 6.302950 -0.075895
v 5.240017 6.344350 -0.067095
v 5.170817 6.379150 -0.057995
v 5.218818 6.349750 0.007005
v 5.233217 6.344550 -0.032895
v 5.156518 6.384250 -0.028395
v 5.136518 6.393450 0.008805
v 5.312818 6.304350 0.003905
v 5.323318 6.301750 -0.038295
v 5.417017 6.258250 0.000905
v 5.424917 6.257450 -0.042995
v 5.529818 6.212150 -0.000995
v 5.535618 6.212750 -0.045895
v 5.649518 6.167050 -0.001295
v 5.653518 6.168550 -0.046595
v 5.774218 6.123550 0.000305
v 5.776618 6.125850 -0.044795
v 5.901817 6.082350 0.004105
v 5.902718 6.085250 -0.040395
v 6.030518 6.044150 0.010405
v 6.029918 6.047450 -0.032995
v 6.158418 6.009350 0.018705
v 6.156017 6.012950 -0.023295
v 6.283518 5.978250 0.028505
v 6.279017 5.982150 -0.011595
v 6.403617 5.951150 0.039405
v 6.396617 5.955350 0.001505
v 6.516918 5.928550 0.050705
v 6.506618 5.932950 0.015305
v 6.621418 5.910550 0.061405
v 6.606418 5.915150 0.028705
v 6.715618 5.897050 0.070505
v 6.693518 5.901950 0.040305
v 5.201118 6.357650 0.052005
v 5.113617 6.405250 0.052205
v 5.299217 6.309350 0.050505
v 5.406817 6.261050 0.048705
v 5.522517 6.213350 0.047605
v 5.644717 6.166950 0.047605
v 5.771518 6.122350 0.049005
v 5.901217 6.080450 0.052205
v 6.032118 6.041550 0.057405
v 6.162417 6.006150 0.064305
v 6.290217 5.974650 0.072405
v 6.413718 5.947250 0.081205
v 6.531018 5.924250 0.090305
v 6.640818 5.905950 0.098805
v 6.741518 5.892250 0.106105
v 5.183117 6.366750 0.101305
v 5.091618 6.417650 0.100905
v 5.285017 6.315650 0.100805
v 5.396018 6.265150 0.099905
v 5.514718 6.215550 0.099405
v 5.639518 6.167750 0.099505
v 5.768718 6.122050 0.100605
v 5.900817 6.079250 0.103205
v 6.034218 6.039650 0.107305
v 6.167118 6.003650 0.112905
v 6.297918 5.971550 0.119305
v 6.424918 5.943750 0.126205
v 6.546418 5.920450 0.133305
v 6.660918 5.901850 0.140005
v 6.766918 5.888250 0.145705
v 5.167317 6.375450 0.154405
v 5.072917 6.429050 0.153805
v 5.272118 6.322050 0.154305
v 5.385918 6.269450 0.153905
v 5.507318 6.218350 0.153605
v 5.634618 6.169150 0.153805
v 5.766217 6.122350 0.154605
v 5.900718 6.078650 0.156505
v 6.036417 6.038250 0.159705
v 6.172018 6.001650 0.163805
v 6.305618 5.969150 0.168705
v 6.435718 5.940950 0.173905
v 6.560718 5.917450 0.179205
v 6.679018 5.898750 0.184205
v 6.789018 5.885250 0.188505
v 5.154918 6.382750 0.210405
v 5.058618 6.438550 0.210105
v 5.261817 6.327550 0.210305
v 5.377717 6.273450 0.210105
v 5.501118 6.220950 0.209905
v 5.630418 6.170650 0.209905
v 5.764117 6.122950 0.210505
v 5.900718 6.078450 0.211705
v 6.038517 6.037450 0.213805
v 6.176218 6.000350 0.216705
v 6.312218 5.967450 0.220005
v 6.444717 5.938950 0.223605
v 6.572418 5.915250 0.227205
v 6.693418 5.896650 0.230605
v 6.806218 5.883350 0.233605
v 5.146917 6.387950 0.268505
v 5.049518 6.445050 0.268705
v 5.255017 6.331550 0.268205
v 5.372217 6.276350 0.267805
v 5.496918 6.223050 0.267605
v 5.627618 6.171950 0.267405
v 5.762717 6.123650 0.267605
v 5.900718 6.078550 0.268205
v 6.040117 6.037050 0.269305
v 6.179317 5.999650 0.270805
v 6.316818 5.966450 0.272605
v 6.451017 5.937850 0.274605
v 6.580317 5.914050 0.276705
v 6.703018 5.895550 0.278705
v 6.817418 5.882450 0.280605
v 5.144117 6.390050 0.327805
v 5.046417 6.447550 0.328605
v 5.252618 6.333250 0.327105
v 5.370317 6.277650 0.326505
v 5.495518 6.223950 0.326005
v 5.626617 6.172650 0.325705
v 5.762318 6.124050 0.325505
v 5.900817 6.078750 0.325505
v 6.040718 6.037150 0.325505
v 6.180517 5.999550 0.325705
v 6.318618 5.966250 0.326005
v 6.453418 5.937550 0.326405
v 6.583218 5.913850 0.327005
v 6.706618 5.895350 0.327705
v 6.821318 5.882350 0.328505
v 5.147118 6.388450 0.387005
v 5.049717 6.445550 0.388405
v 5.255218 6.332050 0.385905
v 5.372417 6.276850 0.385205
v 5.497118 6.223450 0.384605
v 5.627817 6.172350 0.384005
v 5.762918 6.124050 0.383505
v 5.900918 6.078950 0.382805
v 6.040217 6.037550 0.381805
v 6.179518 6.000050 0.380605
v 6.317018 5.966850 0.379405
v 6.451218 5.938250 0.378305
v 6.580418 5.914550 0.377305
v 6.703218 5.896050 0.376605
v 6.817418 5.883050 0.376305
v 5.155317 6.383750 0.445105
v 5.059017 6.439550 0.447005
v 5.262218 6.328550 0.443805
v 5.378118 6.274350 0.443005
v 5.501517 6.221850 0.442305
v 5.630817 6.171550 0.441605
v 5.764418 6.123850 0.440705
v 5.901017 6.079250 0.439405
v 6.038817 6.038350 0.437405
v 6.176517 6.001250 0.434905
v 6.312518 5.968250 0.432205
v 6.445018 5.939850 0.429405
v 6.572718 5.916250 0.426905
v 6.693818 5.897650 0.424705
v 6.806418 5.884550 0.423205
v 5.167917 6.376950 0.501105
v 5.073518 6.430650 0.503205
v 5.272717 6.323450 0.499905
v 5.386518 6.270850 0.499305
v 5.507817 6.219650 0.498705
v 5.635017 6.170450 0.498005
v 5.766717 6.123650 0.496705
v 5.901117 6.079850 0.494705
v 6.036918 6.039550 0.491705
v 6.172418 6.002950 0.487905
v 6.306017 5.970450 0.483605
v 6.436118 5.942350 0.479205
v 6.561118 5.918850 0.474905
v 6.679518 5.900350 0.471205
v 6.789418 5.886850 0.468305
v 5.183817 6.368750 0.554205
v 5.092418 6.419750 0.556005
v 5.285717 6.317550 0.553605
v 5.396718 6.266950 0.553405
v 5.515317 6.217450 0.553205
v 5.640118 6.169550 0.552505
v 5.769418 6.123850 0.551005
v 5.901517 6.080950 0.548305
v 6.034818 6.041350 0.544305
v 6.167717 6.005450 0.539105
v 6.298518 5.973350 0.533205
v 6.425518 5.945650 0.527005
v 6.547018 5.922350 0.520905
v 6.661618 5.903850 0.515405
v 6.767618 5.890350 0.511005
v 5.202018 6.360150 0.603705
v 5.114617 6.407850 0.604705
v 5.300117 6.311850 0.604105
v 5.407718 6.263450 0.604905
v 5.523417 6.215650 0.605305
v 5.645517 6.169150 0.604705
v 5.772317 6.124650 0.603005
v 5.902018 6.082650 0.599705
v 6.032917 6.043850 0.594605
v 6.163117 6.008450 0.588005
v 6.291018 5.976950 0.580405
v 6.414418 5.949550 0.572305
v 6.531817 5.926750 0.564105
v 6.641618 5.908450 0.556605
v 6.742418 5.894850 0.550605
v 5.219917 6.352750 0.648905
v 5.137717 6.396550 0.648305
v 5.313917 6.307250 0.650905
v 5.418017 6.261050 0.653105
v 5.530917 6.215050 0.654305
v 5.650618 6.169850 0.654105
v 5.775218 6.126350 0.652205
v 5.902818 6.085150 0.648205
v 6.031518 6.046950 0.642005
v 6.159417 6.012150 0.634005
v 6.284418 5.981050 0.624705
v 6.404618 5.954050 0.614505
v 6.517817 5.931450 0.604005
v 6.622417 5.913450 0.594305
v 6.716618 5.900050 0.586305
v 5.234518 6.348050 0.689105
v 5.157818 6.387750 0.685605
v 5.324617 6.305250 0.693605
v 5.426117 6.260850 0.697505
v 5.536818 6.216050 0.699805
v 5.654717 6.171950 0.700005
v 5.777718 6.129150 0.697905
v 5.903817 6.088550 0.693305
v 6.031017 6.050750 0.686105
v 6.157218 6.016350 0.676605
v 6.280217 5.985450 0.665305
v 6.397818 5.958750 0.652905
v 6.507818 5.936350 0.639805
v 6.607617 5.918550 0.627305
v 6.694718 5.905450 0.616705
v 4.775817 6.609550 0.580805
v 4.777217 6.571850 0.198105
v 4.778018 6.548750 0.274605
v 4.778317 6.540850 0.354205
v 4.778018 6.548750 0.433805
v 4.777217 6.571850 0.510305
v 4.960217 6.578550 0.198105
v 4.961018 6.555450 0.274605
v 4.961318 6.547550 0.354205
v 4.961018 6.555450 0.433805
v 4.960217 6.578550 0.510305
v 7.236917 6.102350 0.804205
v 7.240217 6.084050 0.812005
v 7.247618 6.086150 0.811705
v 7.241517 6.067250 0.822705
v 7.248617 6.069150 0.822405
v 7.240217 6.052250 0.836905
v 7.247018 6.053850 0.836705
v 7.242417 6.040650 0.855305
vn -0.5778 -0.0503 0.8146
vn -0.6765 -0.0878 0.7312
vn -0.5886 -0.7998 0.1181
vn -0.5886 -0.7997 0.1182
vn -0.6278 -0.7610 0.1636
vn -0.6642 -0.7168 0.2121
vn -0.6974 -0.6658 0.2653
vn -0.7241 -0.6100 0.3220
vn -0.7422 -0.5500 0.3828
vn -0.7422 -0.5501 0.3828
vn -0.7423 -0.5500 0.3828
vn -0.7492 -0.4880 0.4479
vn -0.6150 -0.7842 0.0826
vn -0.6148 -0.7843 0.0830
vn -0.6651 -0.7367 0.1223
vn -0.7126 -0.6810 0.1686
vn -0.7553 -0.6173 0.2201
vn -0.7898 -0.5480 0.2756
vn -0.8133 -0.4746 0.3365
vn -0.8228 -0.4009 0.4027
vn -0.8228 -0.4011 0.4027
vn -0.8228 -0.4010 0.4027
vn -0.8229 -0.4009 0.4027
vn -0.6377 -0.7683 0.0553
vn -0.6964 -0.7124 0.0865
vn -0.6965 -0.7124 0.0865
vn -0.7536 -0.6451 0.1263
vn -0.7536 -0.6450 0.1263
vn -0.8053 -0.5670 0.1731
vn -0.8462 -0.4828 0.2253
vn -0.8732 -0.3954 0.2850
vn -0.8732 -0.3953 0.2850
vn -0.8834 -0.3098 0.3517
vn -0.6575 -0.7527 0.0338
vn -0.6576 -0.7526 0.0338
vn -0.7228 -0.6887 0.0564
vn -0.7228 -0.6887 0.0570
vn -0.7877 -0.6097 0.0881
vn -0.6737 -0.7388 0.0185
vn -0.6737 -0.7387 0.0185
vn -0.7440 -0.6672 0.0346
vn -0.7441 -0.6672 0.0346
vn -0.6855 -0.7280 0.0086
vn -0.6855 -0.7281 0.0086
vn -0.6875 -0.7262 0.0093
vn -0.6894 -0.7244 0.0047
vn -0.4123 -0.0726 0.9081
vn -0.4119 -0.0726 0.9083
vn -0.4289 0.0061 0.9033
vn -0.4456 0.0667 0.8928
vn -0.4456 0.0667 0.8927
vn -0.4946 -0.1301 0.8593
vn -0.5248 -0.0378 0.8504
vn -0.5486 0.0418 0.8350
vn -0.5487 0.0419 0.8350
vn -0.5486 0.0418 0.8351
vn -0.5686 0.1062 0.8157
vn -0.5685 -0.1882 0.8009
vn -0.6132 -0.0898 0.7848
vn -0.6472 0.0039 0.7623
vn -0.6472 0.0038 0.7623
vn -0.6723 0.0859 0.7353
vn -0.6723 0.0860 0.7353
vn -0.6328 -0.2477 0.7336
vn -0.6894 -0.1459 0.7095
vn -0.6894 -0.1459 0.7096
vn -0.7333 -0.0434 0.6785
vn -0.7334 -0.0434 0.6785
vn -0.7636 0.0525 0.6435
vn -0.7636 0.0524 0.6435
vn -0.6838 -0.3067 0.6621
vn -0.6838 -0.3067 0.6620
vn -0.7491 -0.2040 0.6302
vn -0.8004 -0.0975 0.5914
vn -0.8352 0.0066 0.5500
vn -0.8351 0.0066 0.5500
vn -0.7206 -0.3662 0.5887
vn -0.7916 -0.2661 0.5500
vn -0.8481 -0.1610 0.5048
vn -0.8874 -0.0558 0.4577
vn -0.4106 -0.0553 -0.9101
vn -0.4108 -0.0550 -0.9101
vn -0.4968 -0.1156 -0.8601
vn -0.4967 -0.1156 -0.8602
vn -0.5732 -0.1768 -0.8001
vn -0.6396 -0.2393 -0.7305
vn -0.6918 -0.3010 -0.6564
vn -0.7288 -0.3625 -0.5808
vn -0.7503 -0.4245 -0.5068
vn -0.4261 0.0261 -0.9043
vn -0.4260 0.0261 -0.9043
vn -0.5251 -0.0202 -0.8508
vn -0.6165 -0.0753 -0.7838
vn -0.6165 -0.0753 -0.7837
vn -0.6950 -0.1346 -0.7063
vn -0.7561 -0.1956 -0.6246
vn -0.7991 -0.2603 -0.5420
vn -0.8233 -0.3282 -0.4631
vn -0.4415 0.0881 -0.8929
vn -0.5471 0.0615 -0.8348
vn -0.6486 0.0209 -0.7609
vn -0.6485 0.0209 -0.7609
vn -0.7371 -0.0296 -0.6751
vn -0.8058 -0.0868 -0.5858
vn -0.8541 -0.1532 -0.4970
vn -0.8815 -0.2273 -0.4139
vn -0.8815 -0.2273 -0.4140
vn -0.8814 -0.2273 -0.4140
vn -0.4569 0.1361 -0.8790
vn -0.5658 0.1271 -0.8147
vn -0.6717 0.1047 -0.7334
vn -0.6716 0.1047 -0.7334
vn -0.6716 0.1047 -0.7335
vn -0.7651 0.0679 -0.6404
vn -0.7653 0.0684 -0.6401
vn -0.7652 0.0684 -0.6401
vn -0.8384 0.0193 -0.5447
vn -0.8916 -0.0464 -0.4504
vn -0.9233 -0.1262 -0.3628
vn -0.5894 -0.8009 -0.1057
vn -0.6151 -0.7853 -0.0703
vn -0.6152 -0.7852 -0.0702
vn -0.6152 -0.7853 -0.0702
vn -0.6376 -0.7692 -0.0433
vn -0.6375 -0.7692 -0.0433
vn -0.6571 -0.7535 -0.0223
vn -0.6570 -0.7535 -0.0223
vn -0.6732 -0.7394 -0.0075
vn -0.6732 -0.7394 -0.0074
vn -0.6850 -0.7285 0.0020
vn -0.6883 -0.7254 0.0053
vn -0.6886 -0.7251 0.0024
vn -0.6916 -0.7223 0.0054
vn -0.6916 -0.7222 0.0050
vn -0.6296 -0.7621 -0.1512
vn -0.6662 -0.7376 -0.1099
vn -0.6969 -0.7133 -0.0744
vn -0.6969 -0.7133 -0.0743
vn -0.6968 -0.7134 -0.0743
vn -0.7230 -0.6894 -0.0454
vn -0.7229 -0.6895 -0.0453
vn -0.7439 -0.6679 -0.0234
vn -0.6670 -0.7177 -0.1998
vn -0.7147 -0.6818 -0.1563
vn -0.7551 -0.6456 -0.1141
vn -0.7885 -0.6103 -0.0763
vn -0.7013 -0.6663 -0.2533
vn -0.7585 -0.6175 -0.2080
vn -0.8078 -0.5670 -0.1612
vn -0.8478 -0.5176 -0.1155
vn -0.7292 -0.6098 -0.3104
vn -0.7943 -0.5473 -0.2639
vn -0.8498 -0.4818 -0.2137
vn -0.7484 -0.5493 -0.3718
vn -0.8188 -0.4729 -0.3254
vn -0.8778 -0.3929 -0.2740
vn -0.7424 -0.4268 0.5164
vn -0.7424 -0.4268 0.5163
vn -0.8162 -0.3321 0.4728
vn -0.8755 -0.2326 0.4234
vn -0.8755 -0.2327 0.4234
vn -0.7563 -0.4863 -0.4376
vn -0.8293 -0.3981 -0.3922
vn -0.8888 -0.3058 -0.3414
vn -0.5281 -0.8412 0.1160
vn -0.5282 -0.8412 0.1161
vn -0.5558 -0.8156 0.1612
vn -0.5558 -0.8156 0.1611
vn -0.5558 -0.8156 0.1610
vn -0.5823 -0.7866 0.2054
vn -0.6088 -0.7519 0.2532
vn -0.6088 -0.7518 0.2532
vn -0.6087 -0.7519 0.2532
vn -0.6329 -0.7108 0.3070
vn -0.6520 -0.6654 0.3636
vn -0.6641 -0.6165 0.4230
vn -0.6673 -0.5647 0.4856
vn -0.6674 -0.5646 0.4857
vn -0.6673 -0.5646 0.4857
vn -0.5466 -0.8337 0.0788
vn -0.5465 -0.8337 0.0787
vn -0.5637 -0.8243 0.0530
vn -0.5804 -0.8136 0.0332
vn -0.5951 -0.8035 0.0173
vn -0.5951 -0.8034 0.0173
vn -0.6102 -0.7922 0.0073
vn -0.6129 -0.7902 0.0021
vn -0.6072 -0.7945 0.0070
vn -0.6173 -0.7867 0.0035
vn -0.6188 -0.7855 0.0017
vn -0.6200 -0.7846 0.0030
vn -0.6198 -0.7847 0.0072
vn -0.3203 -0.1020 0.9418
vn -0.3204 -0.1020 0.9418
vn -0.3237 -0.0231 0.9459
vn -0.3328 0.0331 0.9424
vn -0.3640 0.0464 0.9302
vn -0.3898 -0.1670 0.9056
vn -0.4526 -0.2256 0.8627
vn -0.5123 -0.2832 0.8108
vn -0.5660 -0.3433 0.7495
vn -0.5660 -0.3433 0.7496
vn -0.6089 -0.4010 0.6844
vn -0.6402 -0.4567 0.6178
vn -0.6597 -0.5113 0.5508
vn -0.6597 -0.5112 0.5508
vn -0.3178 -0.0842 -0.9444
vn -0.3179 -0.0843 -0.9444
vn -0.3179 -0.0844 -0.9444
vn -0.3903 -0.1529 -0.9079
vn -0.3903 -0.1528 -0.9079
vn -0.4558 -0.2144 -0.8639
vn -0.5177 -0.2748 -0.8102
vn -0.5732 -0.3378 -0.7465
vn -0.6172 -0.3978 -0.6789
vn -0.6486 -0.4551 -0.6100
vn -0.6679 -0.5105 -0.5416
vn -0.6679 -0.5106 -0.5416
vn -0.3193 -0.0028 -0.9477
vn -0.3193 -0.0028 -0.9476
vn -0.3275 0.0547 -0.9433
vn -0.3398 0.0990 -0.9353
vn -0.3858 0.0839 -0.9188
vn -0.3858 0.0839 -0.9187
vn -0.5289 -0.8424 -0.1034
vn -0.5288 -0.8424 -0.1034
vn -0.5466 -0.8348 -0.0660
vn -0.5466 -0.8348 -0.0662
vn -0.5633 -0.8252 -0.0407
vn -0.5798 -0.8145 -0.0215
vn -0.5797 -0.8145 -0.0216
vn -0.5944 -0.8041 -0.0061
vn -0.6065 -0.7951 0.0037
vn -0.6107 -0.7918 0.0076
vn -0.6114 -0.7913 0.0047
vn -0.6173 -0.7866 0.0094
vn -0.6183 -0.7859 0.0069
vn -0.5573 -0.8169 -0.1487
vn -0.5847 -0.7879 -0.1931
vn -0.6122 -0.7531 -0.2410
vn -0.6374 -0.7117 -0.2953
vn -0.6575 -0.6659 -0.3524
vn -0.6706 -0.6166 -0.4124
vn -0.6747 -0.5644 -0.4757
vn -0.6747 -0.5643 -0.4757
vn 0.2328 -0.2300 0.9449
vn 0.2521 -0.1941 0.9480
vn 0.2768 -0.1022 0.9555
vn 0.2707 -0.1059 0.9568
vn 0.2745 -0.1039 0.9560
vn 0.2029 -0.2193 0.9543
vn 0.2029 -0.2194 0.9543
vn 0.2209 -0.1794 0.9587
vn 0.2684 -0.1058 0.9575
vn 0.2685 -0.1058 0.9575
vn 0.1740 -0.2099 0.9621
vn 0.1740 -0.2100 0.9621
vn 0.1908 -0.1684 0.9671
vn 0.2087 -0.0967 0.9732
vn 0.1994 -0.0983 0.9750
vn 0.2056 -0.0975 0.9738
vn 0.1457 -0.2002 0.9689
vn 0.1617 -0.1584 0.9740
vn 0.1617 -0.1583 0.9741
vn 0.1966 -0.0956 0.9758
vn 0.1183 -0.1902 0.9746
vn 0.1334 -0.1485 0.9799
vn 0.1487 -0.0626 0.9869
vn 0.1500 -0.0625 0.9867
vn 0.1470 -0.0628 0.9871
vn 0.0912 -0.1790 0.9796
vn 0.0910 -0.1789 0.9797
vn 0.0911 -0.1789 0.9796
vn 0.0915 -0.1793 0.9795
vn 0.1054 -0.1372 0.9849
vn 0.1054 -0.1371 0.9849
vn 0.1457 -0.0623 0.9874
vn 0.0630 -0.1659 0.9841
vn 0.0631 -0.1661 0.9841
vn 0.0631 -0.1658 0.9841
vn 0.0628 -0.1656 0.9842
vn 0.0768 -0.1236 0.9894
vn 0.0768 -0.1235 0.9894
vn 0.0910 -0.0414 0.9950
vn 0.0851 -0.0406 0.9955
vn 0.0887 -0.0412 0.9952
vn 0.0330 -0.1508 0.9880
vn 0.0467 -0.1081 0.9930
vn 0.0467 -0.1080 0.9930
vn 0.0467 -0.1080 0.9931
vn 0.0825 -0.0381 0.9959
vn 0.0030 -0.1344 0.9909
vn 0.0164 -0.0907 0.9957
vn 0.0250 -0.0587 0.9980
vn 0.0250 -0.0586 0.9980
vn -0.0276 -0.1161 0.9929
vn -0.0276 -0.1162 0.9928
vn -0.0148 -0.0710 0.9974
vn -0.0149 -0.0710 0.9974
vn -0.0063 -0.0189 0.9998
vn -0.0607 -0.0956 0.9936
vn -0.0486 -0.0488 0.9976
vn -0.0346 -0.0050 0.9994
vn -0.0347 -0.0047 0.9994
vn -0.0347 -0.0045 0.9994
vn -0.0347 -0.0048 0.9994
vn -0.0981 -0.0733 0.9925
vn -0.0870 -0.0253 0.9959
vn -0.0871 -0.0253 0.9959
vn -0.0828 0.0126 0.9965
vn -0.0828 0.0127 0.9965
vn -0.0827 0.0126 0.9965
vn -0.1390 -0.0496 0.9890
vn -0.1390 -0.0496 0.9891
vn -0.1306 -0.0012 0.9914
vn -0.1312 0.0293 0.9909
vn -0.1854 -0.0252 0.9823
vn -0.1826 0.0215 0.9830
vn -0.1826 0.0215 0.9829
vn -0.1856 0.0517 0.9813
vn -0.1856 0.0518 0.9813
vn 0.2389 -0.2951 0.9251
vn 0.2633 -0.2512 0.9314
vn 0.2842 -0.2195 0.9333
vn 0.3639 -0.1250 0.9230
vn -0.2255 0.0492 0.9730
vn -0.2484 0.0365 0.9680
vn -0.2444 -0.0090 0.9696
vn -0.2502 -0.0735 0.9654
vn -0.2004 -0.0945 0.9751
vn -0.1597 -0.1197 0.9799
vn -0.1196 -0.1401 0.9829
vn -0.1196 -0.1402 0.9829
vn -0.1196 -0.1400 0.9829
vn -0.0817 -0.1592 0.9839
vn -0.0478 -0.1765 0.9831
vn -0.0478 -0.1766 0.9831
vn -0.0478 -0.1767 0.9831
vn -0.0166 -0.1924 0.9812
vn 0.0139 -0.2072 0.9782
vn 0.0441 -0.2213 0.9742
vn 0.0442 -0.2212 0.9742
vn 0.0439 -0.2215 0.9742
vn 0.0724 -0.2343 0.9695
vn 0.0724 -0.2341 0.9695
vn 0.0724 -0.2340 0.9695
vn 0.0993 -0.2453 0.9643
vn 0.0993 -0.2454 0.9643
vn 0.0994 -0.2455 0.9643
vn 0.1259 -0.2559 0.9585
vn 0.1261 -0.2562 0.9584
vn 0.1260 -0.2557 0.9585
vn 0.1537 -0.2667 0.9514
vn 0.1537 -0.2668 0.9514
vn 0.1536 -0.2669 0.9514
vn 0.1813 -0.2764 0.9438
vn 0.1813 -0.2765 0.9438
vn 0.1810 -0.2765 0.9438
vn 0.1812 -0.2766 0.9437
vn 0.2093 -0.2830 0.9360
vn 0.2094 -0.2829 0.9360
vn -0.1790 -0.0041 -0.9838
vn -0.1758 0.0431 -0.9835
vn -0.1787 0.0762 -0.9809
vn -0.1837 0.0597 -0.9812
vn -0.1839 0.0597 -0.9811
vn -0.1327 -0.0294 -0.9907
vn -0.1239 0.0196 -0.9921
vn -0.1227 0.0525 -0.9911
vn -0.1426 0.0503 -0.9885
vn -0.1425 0.0502 -0.9885
vn -0.0920 -0.0537 -0.9943
vn -0.0805 -0.0053 -0.9967
vn -0.0763 0.0276 -0.9967
vn -0.0772 0.0294 -0.9966
vn -0.0767 0.0289 -0.9966
vn -0.0776 0.0306 -0.9965
vn -0.0546 -0.0765 -0.9956
vn -0.0422 -0.0297 -0.9987
vn -0.0364 0.0029 -0.9993
vn -0.0393 0.0081 -0.9992
vn -0.0393 0.0090 -0.9992
vn -0.0421 0.0137 -0.9990
vn -0.0418 0.0138 -0.9990
vn -0.0214 -0.0975 -0.9950
vn -0.0086 -0.0524 -0.9986
vn -0.0013 -0.0203 -0.9998
vn 0.0019 -0.0000 -1.0000
vn 0.0018 0.0003 -1.0000
vn 0.0092 -0.1162 -0.9932
vn 0.0092 -0.1163 -0.9932
vn 0.0226 -0.0726 -0.9971
vn 0.0311 -0.0408 -0.9987
vn 0.0390 -0.0147 -0.9991
vn 0.0387 -0.0146 -0.9991
vn 0.0389 -0.0147 -0.9991
vn 0.0392 -0.1326 -0.9904
vn 0.0393 -0.1327 -0.9904
vn 0.0393 -0.1328 -0.9904
vn 0.0393 -0.1329 -0.9904
vn 0.0529 -0.0902 -0.9945
vn 0.0623 -0.0583 -0.9964
vn 0.0624 -0.0585 -0.9963
vn 0.0624 -0.0587 -0.9963
vn 0.0695 -0.0268 -0.9972
vn 0.0693 -0.0268 -0.9972
vn 0.0693 -0.1476 -0.9866
vn 0.0692 -0.1480 -0.9866
vn 0.0693 -0.1480 -0.9866
vn 0.0693 -0.1483 -0.9865
vn 0.0830 -0.1059 -0.9909
vn 0.0830 -0.1058 -0.9909
vn 0.0830 -0.1060 -0.9909
vn 0.0930 -0.0744 -0.9929
vn 0.0929 -0.0746 -0.9929
vn 0.1053 -0.0449 -0.9934
vn 0.1052 -0.0446 -0.9934
vn 0.0977 -0.1615 -0.9820
vn 0.0977 -0.1611 -0.9821
vn 0.0977 -0.1613 -0.9821
vn 0.0977 -0.1616 -0.9820
vn 0.1120 -0.1193 -0.9865
vn 0.1120 -0.1192 -0.9865
vn 0.1231 -0.0880 -0.9885
vn 0.1233 -0.0880 -0.9885
vn 0.1229 -0.0882 -0.9885
vn 0.1228 -0.0881 -0.9885
vn 0.1322 -0.0552 -0.9897
vn 0.1317 -0.0553 -0.9897
vn 0.1252 -0.1722 -0.9771
vn 0.1252 -0.1720 -0.9771
vn 0.1252 -0.1721 -0.9771
vn 0.1403 -0.1303 -0.9815
vn 0.1520 -0.0997 -0.9833
vn 0.1520 -0.0998 -0.9833
vn 0.1520 -0.0999 -0.9833
vn 0.1520 -0.0996 -0.9834
vn 0.1800 -0.0491 -0.9824
vn 0.1801 -0.0492 -0.9824
vn 0.1799 -0.0490 -0.9825
vn 0.1530 -0.1816 -0.9714
vn 0.1530 -0.1815 -0.9714
vn 0.1689 -0.1396 -0.9757
vn 0.1815 -0.1095 -0.9773
vn 0.1947 -0.0512 -0.9795
vn 0.1947 -0.0511 -0.9795
vn 0.1818 -0.1908 -0.9646
vn 0.1818 -0.1908 -0.9647
vn 0.1985 -0.1490 -0.9687
vn 0.1985 -0.1489 -0.9687
vn 0.2121 -0.1193 -0.9699
vn 0.2515 -0.0561 -0.9662
vn 0.2515 -0.0562 -0.9662
vn 0.2546 -0.0566 -0.9654
vn 0.2588 -0.0549 -0.9644
vn 0.2111 -0.1996 -0.9569
vn 0.2292 -0.1590 -0.9603
vn 0.2440 -0.1307 -0.9609
vn 0.2618 -0.0532 -0.9637
vn 0.2416 -0.2096 -0.9475
vn 0.2610 -0.1728 -0.9497
vn 0.2776 -0.1459 -0.9496
vn 0.2776 -0.1459 -0.9495
vn 0.3928 0.0183 -0.9194
vn 0.3927 0.0185 -0.9195
vn 0.3928 0.0184 -0.9195
vn -0.2456 -0.0538 -0.9679
vn -0.2385 0.0123 -0.9711
vn -0.2418 0.0585 -0.9686
vn -0.2497 0.0940 -0.9638
vn -0.2579 0.0660 -0.9639
vn 0.3293 -0.1511 -0.9321
vn 0.3293 -0.1512 -0.9320
vn 0.2939 -0.1961 -0.9355
vn 0.2724 -0.2292 -0.9345
vn 0.2476 -0.2763 -0.9286
vn 0.2182 -0.2645 -0.9394
vn 0.1894 -0.2585 -0.9473
vn 0.1615 -0.2489 -0.9550
vn 0.1617 -0.2488 -0.9550
vn 0.1616 -0.2489 -0.9549
vn 0.1615 -0.2490 -0.9550
vn 0.1333 -0.2386 -0.9619
vn 0.1333 -0.2384 -0.9620
vn 0.1334 -0.2388 -0.9619
vn 0.1335 -0.2384 -0.9619
vn 0.1062 -0.2279 -0.9679
vn 0.1062 -0.2278 -0.9679
vn 0.1065 -0.2282 -0.9678
vn 0.1064 -0.2284 -0.9677
vn 0.0794 -0.2164 -0.9731
vn 0.0794 -0.2167 -0.9730
vn 0.0791 -0.2163 -0.9731
vn 0.0504 -0.2039 -0.9777
vn 0.0505 -0.2037 -0.9777
vn 0.0505 -0.2035 -0.9778
vn 0.0505 -0.2036 -0.9777
vn 0.0201 -0.1896 -0.9817
vn -0.0101 -0.1747 -0.9846
vn -0.0103 -0.1750 -0.9845
vn -0.0104 -0.1747 -0.9846
vn -0.0105 -0.1747 -0.9846
vn -0.0419 -0.1587 -0.9864
vn -0.0419 -0.1585 -0.9865
vn -0.0761 -0.1410 -0.9871
vn -0.0761 -0.1409 -0.9871
vn -0.1143 -0.1215 -0.9860
vn -0.1546 -0.1009 -0.9828
vn -0.1546 -0.1008 -0.9828
vn -0.1955 -0.0750 -0.9778
vn -0.4713 -0.8588 0.2009
vn -0.4349 -0.8776 0.2016
vn -0.4019 -0.8933 0.2014
vn -0.4019 -0.8933 0.2013
vn -0.4019 -0.8932 0.2014
vn -0.3713 -0.9064 0.2013
vn -0.3713 -0.9064 0.2014
vn -0.3433 -0.9173 0.2016
vn -0.3433 -0.9174 0.2015
vn -0.3432 -0.9174 0.2015
vn -0.3174 -0.9265 0.2022
vn -0.3170 -0.9266 0.2024
vn -0.3170 -0.9265 0.2025
vn -0.3172 -0.9265 0.2024
vn -0.2910 -0.9347 0.2043
vn -0.2645 -0.9419 0.2069
vn -0.2646 -0.9419 0.2069
vn -0.2647 -0.9419 0.2069
vn -0.2393 -0.9480 0.2100
vn -0.2391 -0.9480 0.2101
vn -0.2391 -0.9480 0.2100
vn -0.2392 -0.9481 0.2094
vn -0.2142 -0.9531 0.2139
vn -0.2142 -0.9531 0.2138
vn -0.1886 -0.9575 0.2182
vn -0.1886 -0.9575 0.2183
vn -0.1618 -0.9614 0.2225
vn -0.1338 -0.9649 0.2262
vn -0.1338 -0.9648 0.2262
vn -0.1338 -0.9649 0.2261
vn -0.1038 -0.9680 0.2283
vn -0.4834 -0.8384 0.2520
vn -0.4414 -0.8598 0.2568
vn -0.4044 -0.8775 0.2576
vn -0.3709 -0.8923 0.2574
vn -0.3709 -0.8923 0.2573
vn -0.3406 -0.9045 0.2568
vn -0.3120 -0.9146 0.2572
vn -0.3120 -0.9146 0.2573
vn -0.3120 -0.9147 0.2570
vn -0.2839 -0.9232 0.2592
vn -0.2839 -0.9233 0.2588
vn -0.2837 -0.9234 0.2586
vn -0.2558 -0.9307 0.2615
vn -0.2558 -0.9307 0.2616
vn -0.2558 -0.9306 0.2619
vn -0.2558 -0.9307 0.2614
vn -0.2285 -0.9369 0.2647
vn -0.2016 -0.9419 0.2688
vn -0.2016 -0.9418 0.2689
vn -0.1739 -0.9460 0.2736
vn -0.1447 -0.9497 0.2778
vn -0.1139 -0.9531 0.2803
vn -0.0805 -0.9569 0.2792
vn -0.4954 -0.8135 0.3046
vn -0.4480 -0.8375 0.3128
vn -0.4067 -0.8573 0.3156
vn -0.3699 -0.8737 0.3159
vn -0.3366 -0.8871 0.3157
vn -0.3366 -0.8872 0.3156
vn -0.3054 -0.8982 0.3161
vn -0.3054 -0.8983 0.3160
vn -0.3054 -0.8983 0.3161
vn -0.3054 -0.8982 0.3162
vn -0.2751 -0.9074 0.3178
vn -0.2752 -0.9074 0.3178
vn -0.2751 -0.9073 0.3179
vn -0.2449 -0.9151 0.3204
vn -0.2449 -0.9151 0.3205
vn -0.2156 -0.9214 0.3232
vn -0.2156 -0.9214 0.3233
vn -0.2157 -0.9215 0.3231
vn -0.1864 -0.9265 0.3270
vn -0.1566 -0.9305 0.3312
vn -0.1252 -0.9340 0.3345
vn -0.1252 -0.9341 0.3345
vn -0.0918 -0.9377 0.3350
vn -0.0532 -0.9414 0.3331
vn -0.5056 -0.7836 0.3610
vn -0.4531 -0.8107 0.3708
vn -0.4076 -0.8327 0.3749
vn -0.4076 -0.8326 0.3749
vn -0.3674 -0.8505 0.3763
vn -0.3674 -0.8506 0.3763
vn -0.3310 -0.8651 0.3770
vn -0.3310 -0.8651 0.3768
vn -0.3310 -0.8651 0.3769
vn -0.3310 -0.8650 0.3771
vn -0.2970 -0.8768 0.3783
vn -0.2969 -0.8769 0.3780
vn -0.2970 -0.8769 0.3781
vn -0.2970 -0.8768 0.3782
vn -0.2643 -0.8863 0.3803
vn -0.2642 -0.8864 0.3802
vn -0.2643 -0.8861 0.3808
vn -0.2644 -0.8862 0.3804
vn -0.2319 -0.8945 0.3823
vn -0.2319 -0.8944 0.3824
vn -0.2319 -0.8943 0.3827
vn -0.2319 -0.8944 0.3823
vn -0.2006 -0.9010 0.3847
vn -0.2006 -0.9009 0.3848
vn -0.1694 -0.9062 0.3874
vn -0.1374 -0.9104 0.3902
vn -0.1038 -0.9140 0.3921
vn -0.1038 -0.9141 0.3921
vn -0.0675 -0.9175 0.3920
vn -0.0217 -0.9203 0.3907
vn -0.0217 -0.9202 0.3907
vn -0.5125 -0.7503 0.4177
vn -0.4556 -0.7800 0.4289
vn -0.4556 -0.7801 0.4289
vn -0.4062 -0.8037 0.4347
vn -0.4062 -0.8038 0.4347
vn -0.3626 -0.8228 0.4377
vn -0.3230 -0.8379 0.4399
vn -0.3230 -0.8380 0.4399
vn -0.3230 -0.8379 0.4400
vn -0.2863 -0.8501 0.4420
vn -0.2863 -0.8501 0.4421
vn -0.2512 -0.8600 0.4442
vn -0.2169 -0.8684 0.4460
vn -0.2169 -0.8683 0.4460
vn -0.1838 -0.8752 0.4475
vn -0.1838 -0.8752 0.4476
vn -0.1508 -0.8808 0.4488
vn -0.1170 -0.8855 0.4497
vn -0.1170 -0.8854 0.4498
vn -0.1170 -0.8854 0.4499
vn -0.0816 -0.8894 0.4498
vn -0.0420 -0.8925 0.4491
vn 0.0111 -0.8941 0.4478
vn -0.5149 -0.7136 0.4750
vn -0.4543 -0.7458 0.4872
vn -0.4543 -0.7459 0.4872
vn -0.4015 -0.7708 0.4946
vn -0.3548 -0.7904 0.4993
vn -0.3548 -0.7905 0.4993
vn -0.3548 -0.7904 0.4995
vn -0.3125 -0.8059 0.5029
vn -0.3125 -0.8059 0.5028
vn -0.3125 -0.8060 0.5028
vn -0.2734 -0.8183 0.5055
vn -0.2734 -0.8183 0.5056
vn -0.2734 -0.8185 0.5053
vn -0.2362 -0.8285 0.5077
vn -0.2362 -0.8284 0.5079
vn -0.2362 -0.8285 0.5078
vn -0.2003 -0.8371 0.5091
vn -0.2003 -0.8371 0.5090
vn -0.1657 -0.8442 0.5098
vn -0.1657 -0.8442 0.5097
vn -0.1312 -0.8504 0.5096
vn -0.1312 -0.8503 0.5097
vn -0.1312 -0.8504 0.5095
vn -0.0960 -0.8555 0.5088
vn -0.0960 -0.8555 0.5089
vn -0.0592 -0.8599 0.5070
vn -0.0164 -0.8630 0.5050
vn -0.0164 -0.8629 0.5050
vn 0.0426 -0.8634 0.5027
vn 0.0426 -0.8635 0.5026
vn -0.5116 -0.6736 0.5334
vn -0.4481 -0.7081 0.5458
vn -0.4481 -0.7081 0.5457
vn -0.4481 -0.7080 0.5458
vn -0.4481 -0.7080 0.5459
vn -0.3927 -0.7338 0.5543
vn -0.3927 -0.7339 0.5542
vn -0.3927 -0.7338 0.5544
vn -0.3928 -0.7338 0.5543
vn -0.3437 -0.7541 0.5597
vn -0.3436 -0.7540 0.5598
vn -0.2992 -0.7698 0.5639
vn -0.2992 -0.7698 0.5638
vn -0.2584 -0.7823 0.5667
vn -0.2584 -0.7824 0.5666
vn -0.2198 -0.7927 0.5686
vn -0.1826 -0.8015 0.5695
vn -0.1826 -0.8014 0.5695
vn -0.1830 -0.8015 0.5693
vn -0.1467 -0.8089 0.5694
vn -0.1112 -0.8153 0.5683
vn -0.1112 -0.8152 0.5684
vn -0.1116 -0.8153 0.5681
vn -0.0751 -0.8207 0.5664
vn -0.0372 -0.8255 0.5632
vn 0.0079 -0.8288 0.5594
vn 0.0079 -0.8289 0.5594
vn 0.0706 -0.8291 0.5546
vn -0.5012 -0.6307 0.5925
vn -0.4363 -0.6668 0.6041
vn -0.4363 -0.6668 0.6042
vn -0.4363 -0.6667 0.6042
vn -0.3794 -0.6935 0.6125
vn -0.3794 -0.6935 0.6124
vn -0.3288 -0.7138 0.6184
vn -0.2833 -0.7296 0.6224
vn -0.2833 -0.7296 0.6225
vn -0.2833 -0.7297 0.6224
vn -0.2413 -0.7424 0.6250
vn -0.2019 -0.7530 0.6262
vn -0.2019 -0.7530 0.6263
vn -0.1640 -0.7619 0.6267
vn -0.1640 -0.7619 0.6266
vn -0.1639 -0.7618 0.6267
vn -0.1273 -0.7693 0.6260
vn -0.1273 -0.7693 0.6261
vn -0.0911 -0.7756 0.6246
vn -0.0544 -0.7811 0.6221
vn -0.0544 -0.7811 0.6220
vn -0.0160 -0.7860 0.6180
vn -0.0162 -0.7862 0.6178
vn -0.0161 -0.7861 0.6179
vn -0.0161 -0.7860 0.6180
vn 0.0298 -0.7901 0.6122
vn 0.0298 -0.7900 0.6123
vn 0.0296 -0.7899 0.6125
vn 0.0939 -0.7910 0.6045
vn 0.0939 -0.7911 0.6045
vn 0.0940 -0.7909 0.6046
vn -0.4833 -0.5844 0.6519
vn -0.4179 -0.6211 0.6630
vn -0.3605 -0.6474 0.6715
vn -0.3605 -0.6473 0.6716
vn -0.3605 -0.6474 0.6716
vn -0.3093 -0.6669 0.6779
vn -0.3093 -0.6669 0.6780
vn -0.2631 -0.6821 0.6823
vn -0.2208 -0.6946 0.6846
vn -0.2208 -0.6947 0.6846
vn -0.2208 -0.6946 0.6847
vn -0.1807 -0.7051 0.6857
vn -0.1809 -0.7053 0.6855
vn -0.1808 -0.7052 0.6856
vn -0.1427 -0.7142 0.6853
vn -0.1427 -0.7142 0.6852
vn -0.1059 -0.7214 0.6844
vn -0.1058 -0.7218 0.6840
vn -0.1058 -0.7217 0.6841
vn -0.0697 -0.7285 0.6815
vn -0.0332 -0.7346 0.6777
vn -0.0333 -0.7346 0.6776
vn -0.0333 -0.7346 0.6777
vn 0.0049 -0.7399 0.6726
vn 0.0049 -0.7399 0.6727
vn 0.0494 -0.7456 0.6646
vn 0.1123 -0.7487 0.6533
vn -0.4575 -0.5341 0.7109
vn -0.3930 -0.5702 0.7214
vn -0.3358 -0.5948 0.7304
vn -0.2847 -0.6124 0.7375
vn -0.2385 -0.6261 0.7424
vn -0.1962 -0.6377 0.7449
vn -0.1962 -0.6376 0.7449
vn -0.1962 -0.6376 0.7450
vn -0.1565 -0.6480 0.7454
vn -0.1566 -0.6482 0.7452
vn -0.1564 -0.6480 0.7454
vn -0.1184 -0.6572 0.7444
vn -0.1184 -0.6573 0.7442
vn -0.1182 -0.6575 0.7441
vn -0.1184 -0.6573 0.7443
vn -0.0822 -0.6654 0.7419
vn -0.0821 -0.6654 0.7420
vn -0.0821 -0.6653 0.7420
vn -0.0821 -0.6653 0.7421
vn -0.0466 -0.6729 0.7382
vn -0.0468 -0.6730 0.7381
vn -0.0467 -0.6730 0.7381
vn -0.0112 -0.6803 0.7329
vn -0.0112 -0.6803 0.7328
vn 0.0255 -0.6870 0.7262
vn 0.0670 -0.6944 0.7165
vn 0.1266 -0.7001 0.7027
vn -0.4240 -0.4782 0.7691
vn -0.3616 -0.5126 0.7787
vn -0.3616 -0.5126 0.7788
vn -0.3057 -0.5350 0.7876
vn -0.2553 -0.5502 0.7950
vn -0.2097 -0.5619 0.8002
vn -0.1680 -0.5722 0.8027
vn -0.1291 -0.5822 0.8027
vn -0.1291 -0.5821 0.8028
vn -0.0915 -0.5918 0.8009
vn -0.0917 -0.5921 0.8006
vn -0.0564 -0.6007 0.7975
vn -0.0563 -0.6006 0.7976
vn -0.0564 -0.6006 0.7975
vn -0.0225 -0.6095 0.7924
vn 0.0111 -0.6187 0.7855
vn 0.0459 -0.6273 0.7774
vn 0.0842 -0.6358 0.7673
vn 0.1381 -0.6437 0.7527
vn -0.3834 -0.4155 0.8249
vn -0.3242 -0.4473 0.8336
vn -0.2705 -0.4673 0.8417
vn -0.2216 -0.4806 0.8485
vn -0.1775 -0.4904 0.8532
vn -0.1372 -0.4996 0.8553
vn -0.0997 -0.5096 0.8546
vn -0.0996 -0.5095 0.8547
vn -0.0995 -0.5093 0.8548
vn -0.0634 -0.5193 0.8522
vn -0.0636 -0.5194 0.8521
vn -0.0635 -0.5194 0.8522
vn -0.0635 -0.5194 0.8521
vn -0.0297 -0.5293 0.8479
vn 0.0023 -0.5398 0.8418
vn 0.0337 -0.5508 0.8340
vn 0.0663 -0.5611 0.8251
vn 0.1018 -0.5699 0.8154
vn 0.1480 -0.5793 0.8016
vn -0.3387 -0.3499 0.8734
vn -0.2828 -0.3758 0.8825
vn -0.2318 -0.3922 0.8902
vn -0.1852 -0.4042 0.8957
vn -0.1433 -0.4133 0.8992
vn -0.1433 -0.4133 0.8993
vn -0.1051 -0.4223 0.9003
vn -0.0693 -0.4325 0.8990
vn -0.0693 -0.4326 0.8989
vn -0.0693 -0.4324 0.8990
vn -0.0347 -0.4431 0.8958
vn -0.0026 -0.4539 0.8910
vn -0.0025 -0.4538 0.8911
vn 0.0273 -0.4655 0.8846
vn 0.0273 -0.4656 0.8846
vn 0.0566 -0.4779 0.8766
vn 0.0869 -0.4899 0.8674
vn 0.1192 -0.5003 0.8576
vn 0.1575 -0.5111 0.8450
vn 0.1575 -0.5111 0.8449
vn -0.2911 -0.2787 0.9152
vn -0.2389 -0.2967 0.9246
vn -0.1916 -0.3106 0.9310
vn -0.1480 -0.3227 0.9349
vn -0.1088 -0.3330 0.9366
vn -0.1087 -0.3330 0.9367
vn -0.0732 -0.3432 0.9364
vn -0.0393 -0.3541 0.9344
vn -0.0392 -0.3540 0.9344
vn -0.0393 -0.3542 0.9343
vn -0.0394 -0.3544 0.9343
vn -0.0065 -0.3657 0.9307
vn -0.0064 -0.3655 0.9308
vn -0.0064 -0.3656 0.9307
vn 0.0238 -0.3774 0.9258
vn 0.0238 -0.3774 0.9257
vn 0.0521 -0.3895 0.9195
vn 0.0521 -0.3894 0.9196
vn 0.0798 -0.4023 0.9120
vn 0.1083 -0.4150 0.9034
vn 0.1373 -0.4272 0.8937
vn 0.1687 -0.4401 0.8820
vn 0.1687 -0.4400 0.8820
vn -0.4964 -0.8558 0.1458
vn -0.4964 -0.8558 0.1457
vn -0.4613 -0.8748 0.1480
vn -0.4300 -0.8908 0.1470
vn -0.4303 -0.8907 0.1468
vn -0.4303 -0.8907 0.1467
vn -0.4007 -0.9042 0.1476
vn -0.4006 -0.9043 0.1477
vn -0.4007 -0.9042 0.1475
vn -0.4009 -0.9042 0.1475
vn -0.3721 -0.9161 0.1489
vn -0.3721 -0.9162 0.1488
vn -0.3722 -0.9161 0.1489
vn -0.3722 -0.9161 0.1490
vn -0.3457 -0.9262 0.1505
vn -0.3459 -0.9261 0.1505
vn -0.3207 -0.9348 0.1528
vn -0.3209 -0.9347 0.1527
vn -0.3210 -0.9347 0.1524
vn -0.3210 -0.9347 0.1526
vn -0.2965 -0.9425 0.1545
vn -0.2963 -0.9425 0.1547
vn -0.2964 -0.9425 0.1547
vn -0.2714 -0.9496 0.1571
vn -0.2714 -0.9495 0.1573
vn -0.2714 -0.9495 0.1572
vn -0.2474 -0.9556 0.1600
vn -0.2472 -0.9557 0.1599
vn -0.2470 -0.9557 0.1604
vn -0.2237 -0.9609 0.1632
vn -0.2242 -0.9608 0.1630
vn -0.2004 -0.9655 0.1662
vn -0.2004 -0.9655 0.1663
vn -0.1753 -0.9699 0.1691
vn -0.1754 -0.9699 0.1690
vn -0.1753 -0.9699 0.1692
vn -0.1753 -0.9699 0.1693
vn -0.1498 -0.9736 0.1722
vn -0.1498 -0.9736 0.1723
vn -0.1235 -0.9765 0.1765
vn -0.0953 -0.9797 0.1762
vn -0.0719 -0.9722 0.2227
vn -0.0439 -0.9617 0.2704
vn -0.0439 -0.9618 0.2704
vn -0.0096 -0.9451 0.3267
vn 0.0290 -0.9207 0.3892
vn 0.0674 -0.8907 0.4496
vn 0.1020 -0.8576 0.5041
vn 0.1300 -0.8240 0.5515
vn 0.1510 -0.7889 0.5957
vn 0.1510 -0.7890 0.5956
vn 0.1510 -0.7889 0.5956
vn 0.1666 -0.7506 0.6394
vn 0.1666 -0.7507 0.6393
vn 0.1786 -0.7057 0.6856
vn 0.1891 -0.6512 0.7350
vn 0.1978 -0.5868 0.7852
vn 0.2037 -0.5174 0.8311
vn 0.2081 -0.4479 0.8695
vn 0.2151 -0.3755 0.9015
vn 0.1843 -0.3643 0.9129
vn 0.1580 -0.3501 0.9233
vn 0.1309 -0.3385 0.9318
vn 0.1308 -0.3382 0.9319
vn 0.1034 -0.3266 0.9395
vn 0.1033 -0.3267 0.9395
vn 0.0764 -0.3147 0.9461
vn 0.0763 -0.3148 0.9461
vn 0.0492 -0.3028 0.9518
vn 0.0492 -0.3029 0.9518
vn 0.0492 -0.3027 0.9518
vn 0.0204 -0.2901 0.9568
vn 0.0201 -0.2905 0.9567
vn 0.0202 -0.2905 0.9567
vn 0.0202 -0.2904 0.9567
vn -0.0111 -0.2782 0.9605
vn -0.0111 -0.2777 0.9606
vn -0.0429 -0.2652 0.9633
vn -0.0428 -0.2650 0.9633
vn -0.0428 -0.2652 0.9632
vn -0.0429 -0.2651 0.9633
vn -0.0759 -0.2520 0.9647
vn -0.0761 -0.2523 0.9647
vn -0.0760 -0.2520 0.9647
vn -0.0758 -0.2518 0.9648
vn -0.1123 -0.2391 0.9645
vn -0.1123 -0.2390 0.9645
vn -0.1527 -0.2240 0.9626
vn -0.1527 -0.2241 0.9625
vn -0.1955 -0.2083 0.9583
vn -0.2423 -0.1957 0.9503
vn -0.2928 -0.1734 0.9403
vn -0.3460 -0.2433 0.9061
vn -0.3974 -0.3034 0.8660
vn -0.4474 -0.3633 0.8172
vn -0.4931 -0.4239 0.7597
vn -0.5301 -0.4798 0.6992
vn -0.5578 -0.5314 0.6376
vn -0.5761 -0.5804 0.5756
vn -0.5761 -0.5804 0.5755
vn -0.5849 -0.6272 0.5143
vn -0.5849 -0.6271 0.5145
vn -0.5849 -0.6271 0.5144
vn -0.5849 -0.6270 0.5145
vn -0.5852 -0.6714 0.4547
vn -0.5784 -0.7125 0.3972
vn -0.5660 -0.7506 0.3409
vn -0.5496 -0.7849 0.2861
vn -0.5313 -0.8134 0.2370
vn -0.5129 -0.8367 0.1922
vn -0.0249 -0.9902 -0.1372
vn -0.0248 -0.9902 -0.1376
vn 0.0293 -0.9818 -0.1874
vn 0.1038 -0.9649 -0.2414
vn 0.1864 -0.9372 -0.2947
vn 0.2643 -0.8952 -0.3589
vn 0.2643 -0.8952 -0.3588
vn 0.3234 -0.8497 -0.4164
vn 0.3682 -0.8043 -0.4665
vn 0.0007 -0.9954 -0.0963
vn 0.0007 -0.9953 -0.0965
vn 0.0807 -0.9871 -0.1380
vn 0.1835 -0.9604 -0.2095
vn 0.2728 -0.9225 -0.2730
vn 0.3484 -0.8769 -0.3313
vn 0.3484 -0.8768 -0.3313
vn 0.4102 -0.8249 -0.3889
vn 0.4609 -0.7673 -0.4460
vn 0.0301 -0.9974 -0.0650
vn 0.1263 -0.9861 -0.1079
vn 0.1263 -0.9861 -0.1080
vn 0.1262 -0.9861 -0.1080
vn 0.2433 -0.9547 -0.1711
vn 0.2434 -0.9547 -0.1711
vn 0.3466 -0.9098 -0.2282
vn 0.4314 -0.8574 -0.2807
vn 0.5044 -0.7941 -0.3390
vn 0.5652 -0.7183 -0.4057
vn 0.0510 -0.9980 -0.0363
vn 0.1669 -0.9826 -0.0814
vn 0.1669 -0.9826 -0.0815
vn 0.1669 -0.9826 -0.0819
vn 0.3044 -0.9441 -0.1268
vn 0.4255 -0.8905 -0.1611
vn 0.5313 -0.8244 -0.1950
vn 0.6290 -0.7382 -0.2438
vn 0.7059 -0.6346 -0.3148
vn 0.7059 -0.6345 -0.3148
vn 0.7058 -0.6346 -0.3148
vn 0.0653 -0.9975 -0.0271
vn 0.0703 -0.9972 -0.0264
vn 0.0729 -0.9971 -0.0220
vn 0.2096 -0.9758 -0.0628
vn 0.3705 -0.9251 -0.0837
vn 0.5081 -0.8566 -0.0893
vn 0.6343 -0.7669 -0.0976
vn 0.7495 -0.6499 -0.1257
vn 0.9251 -0.3225 -0.2005
vn 0.9251 -0.3225 -0.2004
vn 0.9251 -0.3225 -0.2006
vn 0.0759 -0.9969 -0.0215
vn 0.0773 -0.9969 -0.0137
vn 0.2558 -0.9654 -0.0510
vn 0.4358 -0.8988 -0.0468
vn 0.5817 -0.8129 -0.0292
vn 0.5816 -0.8129 -0.0292
vn 0.5816 -0.8130 -0.0291
vn 0.7142 -0.6997 -0.0170
vn 0.9303 -0.3654 0.0306
vn 0.9303 -0.3654 0.0307
vn 0.9304 -0.3654 0.0306
vn 0.9304 -0.3654 0.0305
vn 0.3123 -0.3473 -0.8842
vn 0.3796 -0.2925 -0.8777
vn 0.3796 -0.2926 -0.8777
vn 0.3796 -0.2924 -0.8777
vn 0.5321 -0.2208 -0.8174
vn 0.5321 -0.2208 -0.8173
vn 0.3349 -0.4385 -0.8340
vn 0.4646 -0.3629 -0.8078
vn 0.5818 -0.1858 -0.7919
vn 0.5818 -0.1858 -0.7918
vn 0.3853 -0.5056 -0.7720
vn 0.3853 -0.5055 -0.7720
vn 0.5302 -0.4451 -0.7217
vn 0.5302 -0.4450 -0.7217
vn 0.6157 -0.3642 -0.6988
vn 0.6158 -0.3641 -0.6988
vn 0.6158 -0.3640 -0.6988
vn 0.6830 -0.1197 -0.7206
vn 0.6830 -0.1198 -0.7206
vn 0.4339 -0.5690 -0.6986
vn 0.5523 -0.5080 -0.6610
vn 0.6349 -0.4246 -0.6455
vn 0.8354 -0.2999 -0.4606
vn 0.8355 -0.2998 -0.4605
vn 0.8354 -0.2998 -0.4606
vn 0.8354 -0.2998 -0.4607
vn 0.4421 -0.6473 -0.6209
vn 0.5507 -0.5761 -0.6040
vn 0.5508 -0.5760 -0.6040
vn 0.6385 -0.4893 -0.5940
vn 0.6385 -0.4895 -0.5939
vn 0.6385 -0.4894 -0.5940
vn 0.6385 -0.4895 -0.5940
vn 0.7651 -0.1760 -0.6193
vn 0.7651 -0.1761 -0.6193
vn 0.4273 -0.7087 -0.5614
vn 0.4274 -0.7086 -0.5615
vn 0.5312 -0.6439 -0.5506
vn 0.6291 -0.5626 -0.5363
vn 0.6291 -0.5626 -0.5364
vn 0.8499 -0.4980 -0.1719
vn 0.8500 -0.4980 -0.1719
vn 0.8499 -0.4980 -0.1721
vn 0.3003 -0.3860 0.8723
vn 0.3003 -0.3860 0.8722
vn 0.3075 -0.4780 0.8228
vn 0.3075 -0.4780 0.8227
vn 0.3159 -0.5665 0.7611
vn 0.3267 -0.6431 0.6926
vn 0.3375 -0.7015 0.6277
vn 0.3442 -0.7426 0.5745
vn 0.3444 -0.7425 0.5745
vn 0.3423 -0.7746 0.5319
vn 0.3461 -0.3418 0.8737
vn 0.3461 -0.3419 0.8737
vn 0.3856 -0.4307 0.8160
vn 0.4309 -0.5169 0.7397
vn 0.4685 -0.5951 0.6530
vn 0.4681 -0.5954 0.6530
vn 0.4888 -0.6555 0.5756
vn 0.4888 -0.6555 0.5757
vn 0.4926 -0.7019 0.5145
vn 0.4854 -0.7396 0.4663
vn 0.4854 -0.7395 0.4663
vn 0.5003 -0.2444 0.8306
vn 0.5002 -0.2445 0.8307
vn 0.5217 -0.1888 0.8320
vn 0.5216 -0.1888 0.8320
vn 0.5672 -0.4349 0.6994
vn 0.5671 -0.4349 0.6994
vn 0.7890 -0.5328 0.3060
vn 0.7890 -0.5328 0.3058
vn 0.7890 -0.5328 0.3059
vn 0.7178 -0.3491 0.6024
vn 0.7178 -0.3492 0.6024
vn 0.6278 -0.6295 0.4578
vn 0.6120 -0.6838 0.3973
vn 0.6121 -0.6838 0.3973
vn 0.6121 -0.6838 0.3972
vn 0.5278 -0.4445 0.7237
vn 0.5280 -0.4445 0.7237
vn 0.5279 -0.4445 0.7237
vn 0.5278 -0.4446 0.7237
vn 0.8222 -0.5546 -0.1284
vn 0.8222 -0.5546 -0.1283
vn 0.8222 -0.5546 -0.1282
vn 0.8542 -0.3401 0.3932
vn 0.8542 -0.3402 0.3933
vn 0.8542 -0.3401 0.3933
vn -0.0222 -0.9879 0.1533
vn -0.0223 -0.9879 0.1534
vn -0.0019 -0.9935 0.1137
vn -0.0020 -0.9935 0.1137
vn 0.0149 -0.9963 0.0846
vn 0.0148 -0.9963 0.0846
vn 0.0148 -0.9963 0.0847
vn 0.0283 -0.9979 0.0581
vn 0.0426 -0.9986 0.0316
vn 0.0580 -0.9983 0.0103
vn 0.0742 -0.9972 -0.0105
vn 0.0751 -0.9971 -0.0075
vn 0.0715 -0.9974 -0.0045
vn 0.0284 -0.9781 0.2063
vn 0.0626 -0.9846 0.1631
vn 0.0625 -0.9846 0.1631
vn 0.1043 -0.9859 0.1305
vn 0.1043 -0.9860 0.1304
vn 0.1042 -0.9860 0.1305
vn 0.1721 -0.9793 0.1065
vn 0.1719 -0.9794 0.1063
vn 0.2527 -0.9636 0.0875
vn 0.2526 -0.9636 0.0874
vn 0.2527 -0.9636 0.0874
vn 0.3088 -0.9498 0.0497
vn 0.3087 -0.9499 0.0497
vn 0.3217 -0.9468 0.0016
vn 0.3216 -0.9469 0.0016
vn 0.3213 -0.9470 0.0014
vn 0.0929 -0.9570 0.2747
vn 0.1713 -0.9539 0.2464
vn 0.2821 -0.9335 0.2214
vn 0.3917 -0.9043 0.1696
vn 0.4598 -0.8799 0.1202
vn 0.4599 -0.8798 0.1202
vn 0.5003 -0.8627 0.0739
vn 0.5002 -0.8628 0.0740
vn 0.5002 -0.8627 0.0740
vn 0.5112 -0.8590 0.0277
vn 0.1733 -0.9190 0.3542
vn 0.2937 -0.9019 0.3166
vn 0.2937 -0.9020 0.3166
vn 0.4197 -0.8682 0.2647
vn 0.5159 -0.8323 0.2028
vn 0.5822 -0.8001 0.1447
vn 0.6270 -0.7736 0.0915
vn 0.6464 -0.7615 0.0470
vn 0.6464 -0.7616 0.0471
vn 0.6464 -0.7616 0.0470
vn 0.2459 -0.8758 0.4153
vn 0.3827 -0.8499 0.3623
vn 0.5045 -0.8109 0.2966
vn 0.5983 -0.7681 0.2281
vn 0.6716 -0.7229 0.1627
vn 0.6716 -0.7228 0.1627
vn 0.6715 -0.7229 0.1627
vn 0.7274 -0.6786 0.1021
vn 0.7601 -0.6476 0.0542
vn 0.7600 -0.6477 0.0541
vn 0.2991 -0.8344 0.4630
vn 0.4393 -0.8046 0.3996
vn 0.5592 -0.7620 0.3266
vn 0.6552 -0.7121 0.2522
vn 0.7351 -0.6543 0.1776
vn 0.7351 -0.6543 0.1775
vn 0.9222 -0.3843 0.0433
vn 0.9222 -0.3843 0.0434
vn 0.9222 -0.3844 0.0432
vn 0.8937 -0.3868 0.2272
vn 0.8937 -0.3868 0.2273
vn 0.8938 -0.3868 0.2271
vn 0.4034 -0.7562 -0.5152
vn 0.5017 -0.7052 -0.5010
vn 0.6065 -0.6383 -0.4740
vn 0.6065 -0.6384 -0.4739
vn 0.6066 -0.6384 -0.4739
vn 0.6066 -0.6383 -0.4739
vn 0.8395 -0.2970 -0.4550
vn 0.8395 -0.2971 -0.4550
vn 0.3274 -0.8049 0.4949
vn 0.4685 -0.7725 0.4287
vn 0.5901 -0.7254 0.3544
vn 0.5901 -0.7255 0.3542
vn 0.5901 -0.7255 0.3543
vn 0.5900 -0.7255 0.3543
vn 0.6893 -0.6690 0.2783
vn 0.6890 -0.6691 0.2784
vn 0.6890 -0.6692 0.2782
vn 0.6890 -0.6691 0.2783
vn 0.8776 -0.4330 0.2059
vn 0.8775 -0.4331 0.2059
vn 0.2982 -0.9541 -0.0293
vn 0.2981 -0.9541 -0.0292
vn 0.4875 -0.8731 -0.0090
vn 0.4875 -0.8731 -0.0091
vn 0.4876 -0.8730 -0.0092
vn 0.6313 -0.7753 0.0166
vn 0.6314 -0.7753 0.0166
vn 0.7568 -0.6527 0.0352
vn 0.9137 -0.3821 -0.1381
vn 0.9137 -0.3821 -0.1380
vn -0.0761 -0.9881 -0.1337
vn -0.0761 -0.9881 -0.1338
vn -0.0762 -0.9881 -0.1337
vn -0.0445 -0.9827 -0.1796
vn -0.0118 -0.9741 -0.2256
vn -0.0118 -0.9742 -0.2256
vn 0.0288 -0.9598 -0.2793
vn 0.0805 -0.9371 -0.3398
vn 0.0805 -0.9370 -0.3398
vn 0.1385 -0.9079 -0.3956
vn 0.1936 -0.8746 -0.4445
vn 0.2388 -0.8359 -0.4943
vn -0.0675 -0.9930 -0.0965
vn -0.0675 -0.9930 -0.0966
vn -0.0573 -0.9960 -0.0683
vn -0.0426 -0.9982 -0.0421
vn -0.0234 -0.9995 -0.0216
vn -0.0059 -1.0000 -0.0052
vn -0.0090 -0.9999 -0.0108
vn -0.0074 -0.9999 -0.0088
vn -0.0044 -1.0000 -0.0036
vn -0.0054 -1.0000 -0.0003
vn -0.0050 -1.0000 0.0019
vn -0.0057 -1.0000 0.0046
vn 0.2637 -0.3258 -0.9079
vn 0.2978 -0.2748 -0.9142
vn 0.3261 -0.2370 -0.9152
vn 0.3681 -0.1619 -0.9156
vn 0.3681 -0.1618 -0.9156
vn 0.2635 -0.3994 -0.8781
vn 0.2622 -0.4694 -0.8431
vn 0.2622 -0.4694 -0.8432
vn 0.2597 -0.5440 -0.7979
vn 0.2579 -0.6322 -0.7306
vn 0.2688 -0.6948 -0.6671
vn 0.2783 -0.7431 -0.6086
vn 0.2692 -0.7904 -0.5503
vn 0.2562 -0.3481 0.9018
vn 0.2562 -0.3480 0.9018
vn 0.2551 -0.4290 0.8665
vn 0.2518 -0.5082 0.8236
vn 0.2473 -0.5842 0.7730
vn 0.2424 -0.6526 0.7179
vn 0.2381 -0.7086 0.6642
vn 0.2334 -0.7515 0.6171
vn 0.2246 -0.7862 0.5758
vn 0.2246 -0.7861 0.5758
vn 0.2881 -0.3033 0.9083
vn 0.3147 -0.2677 0.9107
vn 0.3641 -0.1023 0.9257
vn 0.3641 -0.1022 0.9257
vn 0.3641 -0.1024 0.9257
vn -0.0749 -0.9860 0.1492
vn -0.0749 -0.9860 0.1491
vn -0.0749 -0.9859 0.1493
vn -0.0658 -0.9915 0.1119
vn -0.0658 -0.9915 0.1120
vn -0.0658 -0.9915 0.1121
vn -0.0546 -0.9951 0.0827
vn -0.0415 -0.9974 0.0587
vn -0.0300 -0.9988 0.0386
vn -0.0208 -0.9995 0.0221
vn -0.0156 -0.9998 0.0128
vn -0.0169 -0.9997 0.0186
vn -0.0109 -0.9999 0.0099
vn -0.0090 -0.9999 0.0058
vn -0.0436 -0.9797 0.1956
vn -0.0435 -0.9797 0.1956
vn -0.0435 -0.9797 0.1957
vn -0.0079 -0.9688 0.2479
vn -0.0079 -0.9687 0.2479
vn 0.0361 -0.9499 0.3105
vn 0.0869 -0.9210 0.3797
vn 0.1370 -0.8858 0.4434
vn 0.1796 -0.8492 0.4966
vn 0.2074 -0.8184 0.5360
vn 0.2074 -0.8183 0.5360
vn -0.1046 -0.9713 -0.2136
vn -0.1349 -0.9681 -0.2112
vn -0.1633 -0.9646 -0.2071
vn -0.1633 -0.9646 -0.2070
vn -0.1904 -0.9606 -0.2027
vn -0.2160 -0.9561 -0.1981
vn -0.2410 -0.9509 -0.1942
vn -0.2408 -0.9509 -0.1941
vn -0.2410 -0.9509 -0.1941
vn -0.2664 -0.9447 -0.1911
vn -0.2661 -0.9449 -0.1908
vn -0.2927 -0.9374 -0.1887
vn -0.2927 -0.9374 -0.1886
vn -0.2927 -0.9374 -0.1885
vn -0.3187 -0.9293 -0.1869
vn -0.3187 -0.9292 -0.1872
vn -0.3187 -0.9292 -0.1871
vn -0.3185 -0.9294 -0.1865
vn -0.3450 -0.9198 -0.1867
vn -0.3450 -0.9198 -0.1868
vn -0.3730 -0.9088 -0.1870
vn -0.3731 -0.9088 -0.1868
vn -0.3729 -0.9088 -0.1870
vn -0.4036 -0.8955 -0.1876
vn -0.4036 -0.8955 -0.1875
vn -0.4367 -0.8797 -0.1882
vn -0.4732 -0.8606 -0.1881
vn -0.0814 -0.9610 -0.2643
vn -0.1147 -0.9572 -0.2657
vn -0.1459 -0.9538 -0.2627
vn -0.1755 -0.9500 -0.2581
vn -0.2035 -0.9458 -0.2530
vn -0.2306 -0.9407 -0.2488
vn -0.2306 -0.9407 -0.2487
vn -0.2582 -0.9344 -0.2452
vn -0.2583 -0.9344 -0.2454
vn -0.2581 -0.9344 -0.2453
vn -0.2580 -0.9345 -0.2453
vn -0.2856 -0.9269 -0.2433
vn -0.2859 -0.9269 -0.2431
vn -0.2860 -0.9268 -0.2433
vn -0.2861 -0.9268 -0.2433
vn -0.3142 -0.9181 -0.2417
vn -0.3142 -0.9182 -0.2414
vn -0.3142 -0.9181 -0.2416
vn -0.3142 -0.9180 -0.2419
vn -0.3428 -0.9078 -0.2416
vn -0.3428 -0.9078 -0.2415
vn -0.3429 -0.9077 -0.2417
vn -0.3429 -0.9077 -0.2419
vn -0.3732 -0.8954 -0.2429
vn -0.3732 -0.8954 -0.2430
vn -0.4069 -0.8803 -0.2438
vn -0.4069 -0.8803 -0.2439
vn -0.4441 -0.8622 -0.2436
vn -0.4861 -0.8405 -0.2394
vn -0.0556 -0.9468 -0.3169
vn -0.0920 -0.9425 -0.3212
vn -0.1260 -0.9390 -0.3201
vn -0.1260 -0.9389 -0.3202
vn -0.1580 -0.9354 -0.3164
vn -0.1884 -0.9313 -0.3118
vn -0.2178 -0.9261 -0.3080
vn -0.2178 -0.9261 -0.3079
vn -0.2178 -0.9262 -0.3077
vn -0.2178 -0.9262 -0.3078
vn -0.2473 -0.9197 -0.3048
vn -0.2473 -0.9198 -0.3048
vn -0.2778 -0.9118 -0.3025
vn -0.2778 -0.9118 -0.3024
vn -0.2775 -0.9119 -0.3022
vn -0.3083 -0.9024 -0.3010
vn -0.3083 -0.9024 -0.3011
vn -0.3395 -0.8912 -0.3009
vn -0.3730 -0.8773 -0.3019
vn -0.4100 -0.8605 -0.3023
vn -0.4515 -0.8403 -0.3001
vn -0.4990 -0.8158 -0.2924
vn -0.0277 -0.9273 -0.3732
vn -0.0674 -0.9230 -0.3788
vn -0.1041 -0.9195 -0.3791
vn -0.1385 -0.9159 -0.3767
vn -0.1711 -0.9118 -0.3734
vn -0.1711 -0.9117 -0.3734
vn -0.2028 -0.9065 -0.3704
vn -0.2028 -0.9065 -0.3703
vn -0.2344 -0.8997 -0.3683
vn -0.2345 -0.8997 -0.3682
vn -0.2342 -0.8996 -0.3687
vn -0.2342 -0.8997 -0.3685
vn -0.2669 -0.8915 -0.3661
vn -0.2671 -0.8915 -0.3659
vn -0.2670 -0.8915 -0.3659
vn -0.2667 -0.8914 -0.3663
vn -0.3000 -0.8816 -0.3643
vn -0.3000 -0.8818 -0.3640
vn -0.3001 -0.8817 -0.3641
vn -0.3002 -0.8816 -0.3642
vn -0.3344 -0.8696 -0.3633
vn -0.3712 -0.8546 -0.3632
vn -0.3712 -0.8546 -0.3631
vn -0.4117 -0.8362 -0.3624
vn -0.4117 -0.8361 -0.3625
vn -0.4576 -0.8135 -0.3589
vn -0.5102 -0.7859 -0.3494
vn 0.0003 -0.9030 -0.4297
vn -0.0423 -0.8988 -0.4362
vn -0.0423 -0.8989 -0.4362
vn -0.0813 -0.8951 -0.4383
vn -0.1175 -0.8913 -0.4379
vn -0.1521 -0.8868 -0.4364
vn -0.1521 -0.8868 -0.4365
vn -0.1857 -0.8811 -0.4350
vn -0.2195 -0.8741 -0.4333
vn -0.2195 -0.8741 -0.4334
vn -0.2542 -0.8655 -0.4316
vn -0.2542 -0.8655 -0.4315
vn -0.2542 -0.8656 -0.4315
vn -0.2899 -0.8552 -0.4296
vn -0.2898 -0.8553 -0.4295
vn -0.2900 -0.8553 -0.4294
vn -0.2900 -0.8551 -0.4297
vn -0.3270 -0.8427 -0.4277
vn -0.3270 -0.8427 -0.4278
vn -0.3669 -0.8270 -0.4260
vn -0.4109 -0.8075 -0.4233
vn -0.4109 -0.8075 -0.4232
vn -0.4109 -0.8074 -0.4233
vn -0.4109 -0.8074 -0.4234
vn -0.4608 -0.7829 -0.4179
vn -0.5181 -0.7523 -0.4070
vn 0.0274 -0.8737 -0.4858
vn 0.0274 -0.8737 -0.4857
vn -0.0175 -0.8697 -0.4933
vn -0.0582 -0.8657 -0.4971
vn -0.0582 -0.8658 -0.4970
vn -0.0959 -0.8613 -0.4989
vn -0.0959 -0.8614 -0.4989
vn -0.1319 -0.8562 -0.4995
vn -0.1319 -0.8563 -0.4994
vn -0.1319 -0.8563 -0.4993
vn -0.1672 -0.8500 -0.4995
vn -0.1672 -0.8501 -0.4994
vn -0.2027 -0.8427 -0.4988
vn -0.2027 -0.8426 -0.4989
vn -0.2027 -0.8426 -0.4990
vn -0.2393 -0.8340 -0.4971
vn -0.2392 -0.8339 -0.4974
vn -0.2392 -0.8340 -0.4973
vn -0.2771 -0.8237 -0.4948
vn -0.2770 -0.8236 -0.4950
vn -0.2770 -0.8234 -0.4953
vn -0.2770 -0.8234 -0.4952
vn -0.3165 -0.8107 -0.4925
vn -0.3166 -0.8108 -0.4923
vn -0.3167 -0.8107 -0.4924
vn -0.3595 -0.7947 -0.4890
vn -0.3595 -0.7947 -0.4891
vn -0.3595 -0.7948 -0.4890
vn -0.4068 -0.7744 -0.4846
vn -0.4068 -0.7744 -0.4845
vn -0.4601 -0.7487 -0.4772
vn -0.5212 -0.7155 -0.4651
vn 0.0530 -0.8389 -0.5417
vn 0.0063 -0.8353 -0.5497
vn -0.0357 -0.8313 -0.5547
vn -0.0356 -0.8312 -0.5548
vn -0.0356 -0.8312 -0.5549
vn -0.0744 -0.8264 -0.5582
vn -0.0744 -0.8264 -0.5581
vn -0.1115 -0.8209 -0.5601
vn -0.1115 -0.8208 -0.5602
vn -0.1115 -0.8208 -0.5603
vn -0.1479 -0.8143 -0.5613
vn -0.1479 -0.8142 -0.5614
vn -0.1848 -0.8068 -0.5612
vn -0.1846 -0.8068 -0.5613
vn -0.2225 -0.7978 -0.5603
vn -0.2225 -0.7977 -0.5605
vn -0.2619 -0.7871 -0.5585
vn -0.2619 -0.7871 -0.5584
vn -0.2619 -0.7872 -0.5584
vn -0.3036 -0.7742 -0.5554
vn -0.3487 -0.7580 -0.5512
vn -0.3487 -0.7581 -0.5512
vn -0.3484 -0.7584 -0.5509
vn -0.3985 -0.7375 -0.5453
vn -0.3985 -0.7376 -0.5451
vn -0.3985 -0.7374 -0.5453
vn -0.3986 -0.7373 -0.5455
vn -0.4545 -0.7108 -0.5369
vn -0.4545 -0.7108 -0.5368
vn -0.4546 -0.7105 -0.5371
vn -0.4545 -0.7107 -0.5370
vn -0.5186 -0.6755 -0.5242
vn -0.5186 -0.6754 -0.5242
vn 0.0762 -0.7984 -0.5973
vn 0.0286 -0.7955 -0.6053
vn -0.0140 -0.7914 -0.6112
vn -0.0140 -0.7916 -0.6108
vn -0.0139 -0.7914 -0.6112
vn -0.0530 -0.7862 -0.6157
vn -0.0532 -0.7862 -0.6157
vn -0.0529 -0.7861 -0.6158
vn -0.0529 -0.7862 -0.6157
vn -0.0908 -0.7806 -0.6185
vn -0.0906 -0.7808 -0.6181
vn -0.0908 -0.7806 -0.6184
vn -0.1277 -0.7739 -0.6203
vn -0.1277 -0.7740 -0.6202
vn -0.1278 -0.7740 -0.6201
vn -0.1279 -0.7741 -0.6200
vn -0.1654 -0.7663 -0.6209
vn -0.1655 -0.7664 -0.6207
vn -0.1653 -0.7660 -0.6212
vn -0.1653 -0.7662 -0.6210
vn -0.2043 -0.7574 -0.6202
vn -0.2043 -0.7574 -0.6201
vn -0.2043 -0.7573 -0.6202
vn -0.2445 -0.7464 -0.6189
vn -0.2446 -0.7466 -0.6187
vn -0.2445 -0.7464 -0.6190
vn -0.2443 -0.7463 -0.6192
vn -0.2875 -0.7335 -0.6159
vn -0.2875 -0.7335 -0.6158
vn -0.3339 -0.7173 -0.6116
vn -0.3339 -0.7173 -0.6115
vn -0.3854 -0.6966 -0.6051
vn -0.3854 -0.6967 -0.6051
vn -0.4431 -0.6694 -0.5963
vn -0.5087 -0.6325 -0.5841
vn 0.0972 -0.7514 -0.6527
vn 0.0972 -0.7513 -0.6527
vn 0.0498 -0.7489 -0.6608
vn 0.0077 -0.7443 -0.6678
vn 0.0077 -0.7442 -0.6679
vn -0.0312 -0.7385 -0.6736
vn -0.0312 -0.7384 -0.6736
vn -0.0312 -0.7385 -0.6735
vn -0.0686 -0.7321 -0.6777
vn -0.0686 -0.7322 -0.6777
vn -0.0686 -0.7321 -0.6778
vn -0.0686 -0.7320 -0.6778
vn -0.1057 -0.7251 -0.6805
vn -0.1057 -0.7249 -0.6807
vn -0.1436 -0.7173 -0.6818
vn -0.1438 -0.7174 -0.6816
vn -0.1436 -0.7174 -0.6817
vn -0.1434 -0.7173 -0.6819
vn -0.1826 -0.7081 -0.6821
vn -0.1825 -0.7080 -0.6822
vn -0.2235 -0.6972 -0.6812
vn -0.2235 -0.6972 -0.6811
vn -0.2669 -0.6847 -0.6782
vn -0.3141 -0.6693 -0.6733
vn -0.3663 -0.6497 -0.6662
vn -0.3663 -0.6497 -0.6661
vn -0.4248 -0.6231 -0.6568
vn -0.4909 -0.5856 -0.6450
vn 0.1160 -0.6977 -0.7069
vn 0.0697 -0.6952 -0.7155
vn 0.0292 -0.6893 -0.7239
vn -0.0083 -0.6820 -0.7313
vn -0.0083 -0.6821 -0.7312
vn -0.0445 -0.6740 -0.7374
vn -0.0445 -0.6739 -0.7375
vn -0.0445 -0.6741 -0.7373
vn -0.0808 -0.6660 -0.7416
vn -0.1178 -0.6577 -0.7440
vn -0.1180 -0.6576 -0.7440
vn -0.1177 -0.6576 -0.7441
vn -0.1177 -0.6578 -0.7440
vn -0.1571 -0.6483 -0.7450
vn -0.1571 -0.6484 -0.7450
vn -0.1979 -0.6378 -0.7443
vn -0.1979 -0.6379 -0.7443
vn -0.2413 -0.6264 -0.7412
vn -0.2887 -0.6129 -0.7355
vn -0.3410 -0.5953 -0.7275
vn -0.3994 -0.5707 -0.7175
vn -0.4649 -0.5341 -0.7061
vn 0.1332 -0.6369 -0.7594
vn 0.0891 -0.6341 -0.7681
vn 0.0505 -0.6268 -0.7776
vn 0.0505 -0.6267 -0.7776
vn 0.0150 -0.6173 -0.7866
vn -0.0192 -0.6072 -0.7943
vn -0.0192 -0.6073 -0.7943
vn -0.0538 -0.5977 -0.7999
vn -0.0538 -0.5976 -0.8000
vn -0.0900 -0.5886 -0.8034
vn -0.0900 -0.5885 -0.8035
vn -0.0900 -0.5884 -0.8035
vn -0.1283 -0.5789 -0.8053
vn -0.1283 -0.5788 -0.8053
vn -0.1682 -0.5690 -0.8049
vn -0.2111 -0.5590 -0.8018
vn -0.2580 -0.5479 -0.7958
vn -0.3097 -0.5331 -0.7873
vn -0.3097 -0.5331 -0.7874
vn -0.3670 -0.5109 -0.7774
vn -0.4305 -0.4761 -0.7668
vn 0.1491 -0.5693 -0.8085
vn 0.1079 -0.5659 -0.8174
vn 0.0719 -0.5570 -0.8274
vn 0.0388 -0.5456 -0.8371
vn 0.0068 -0.5335 -0.8458
vn -0.0258 -0.5224 -0.8523
vn -0.0258 -0.5225 -0.8523
vn -0.0604 -0.5122 -0.8568
vn -0.0603 -0.5120 -0.8569
vn -0.0603 -0.5121 -0.8568
vn -0.0602 -0.5121 -0.8568
vn -0.0974 -0.5023 -0.8592
vn -0.0975 -0.5024 -0.8591
vn -0.0972 -0.5019 -0.8594
vn -0.1358 -0.4925 -0.8596
vn -0.1358 -0.4925 -0.8597
vn -0.1771 -0.4838 -0.8571
vn -0.1771 -0.4838 -0.8570
vn -0.2226 -0.4747 -0.8516
vn -0.2226 -0.4747 -0.8515
vn -0.2226 -0.4746 -0.8516
vn -0.2729 -0.4621 -0.8438
vn -0.3279 -0.4425 -0.8347
vn -0.3882 -0.4106 -0.8251
vn 0.1629 -0.4999 -0.8506
vn 0.1260 -0.4932 -0.8607
vn 0.0934 -0.4819 -0.8712
vn 0.0626 -0.4687 -0.8811
vn 0.0329 -0.4553 -0.8897
vn 0.0025 -0.4430 -0.8965
vn 0.0025 -0.4432 -0.8964
vn 0.0025 -0.4428 -0.8966
vn -0.0301 -0.4318 -0.9015
vn -0.0301 -0.4318 -0.9014
vn -0.0653 -0.4210 -0.9047
vn -0.0653 -0.4211 -0.9047
vn -0.1020 -0.4113 -0.9058
vn -0.1020 -0.4112 -0.9058
vn -0.1412 -0.4028 -0.9044
vn -0.1412 -0.4028 -0.9043
vn -0.1842 -0.3945 -0.9002
vn -0.1842 -0.3945 -0.9003
vn -0.2321 -0.3832 -0.8940
vn -0.2844 -0.3674 -0.8855
vn -0.3415 -0.3417 -0.8756
vn 0.1763 -0.4280 -0.8864
vn 0.1448 -0.4163 -0.8976
vn 0.1154 -0.4031 -0.9079
vn 0.1154 -0.4030 -0.9079
vn 0.0866 -0.3894 -0.9170
vn 0.0585 -0.3758 -0.9249
vn 0.0585 -0.3758 -0.9248
vn 0.0585 -0.3757 -0.9249
vn 0.0299 -0.3631 -0.9313
vn -0.0010 -0.3514 -0.9362
vn -0.0009 -0.3505 -0.9366
vn -0.0010 -0.3515 -0.9362
vn -0.0010 -0.3517 -0.9361
vn -0.0343 -0.3396 -0.9399
vn -0.0343 -0.3395 -0.9400
vn -0.0343 -0.3396 -0.9400
vn -0.0689 -0.3283 -0.9421
vn -0.0687 -0.3284 -0.9421
vn -0.0686 -0.3287 -0.9419
vn -0.0686 -0.3288 -0.9419
vn -0.1051 -0.3189 -0.9419
vn -0.1051 -0.3190 -0.9419
vn -0.1051 -0.3191 -0.9419
vn -0.1451 -0.3093 -0.9398
vn -0.1897 -0.2978 -0.9356
vn -0.2383 -0.2845 -0.9286
vn -0.2916 -0.2671 -0.9185
vn -0.0963 -0.9822 -0.1612
vn -0.1247 -0.9790 -0.1614
vn -0.1511 -0.9760 -0.1570
vn -0.1512 -0.9760 -0.1569
vn -0.1769 -0.9721 -0.1540
vn -0.1769 -0.9721 -0.1539
vn -0.1769 -0.9721 -0.1538
vn -0.2020 -0.9677 -0.1509
vn -0.2258 -0.9629 -0.1477
vn -0.2257 -0.9629 -0.1480
vn -0.2255 -0.9629 -0.1480
vn -0.2258 -0.9629 -0.1478
vn -0.2490 -0.9576 -0.1450
vn -0.2490 -0.9576 -0.1449
vn -0.2490 -0.9576 -0.1448
vn -0.2729 -0.9515 -0.1424
vn -0.2728 -0.9515 -0.1420
vn -0.2727 -0.9516 -0.1420
vn -0.2978 -0.9443 -0.1399
vn -0.2979 -0.9443 -0.1398
vn -0.2978 -0.9443 -0.1398
vn -0.2977 -0.9443 -0.1400
vn -0.3223 -0.9366 -0.1378
vn -0.3222 -0.9366 -0.1379
vn -0.3223 -0.9365 -0.1379
vn -0.3221 -0.9366 -0.1378
vn -0.3468 -0.9280 -0.1364
vn -0.3467 -0.9280 -0.1365
vn -0.3731 -0.9179 -0.1352
vn -0.3730 -0.9179 -0.1352
vn -0.3732 -0.9178 -0.1353
vn -0.3734 -0.9177 -0.1353
vn -0.4014 -0.9059 -0.1346
vn -0.4016 -0.9059 -0.1345
vn -0.4012 -0.9061 -0.1339
vn -0.4014 -0.9061 -0.1339
vn -0.4313 -0.8923 -0.1334
vn -0.4313 -0.8923 -0.1333
vn -0.4624 -0.8763 -0.1352
vn -0.4975 -0.8572 -0.1332
vn -0.5148 -0.8383 -0.1798
vn -0.5340 -0.8151 -0.2247
vn -0.5533 -0.7866 -0.2741
vn -0.5708 -0.7521 -0.3294
vn -0.5708 -0.7522 -0.3294
vn -0.5840 -0.7139 -0.3863
vn -0.5918 -0.6724 -0.4446
vn -0.5923 -0.6280 -0.5048
vn -0.5922 -0.6279 -0.5050
vn -0.5841 -0.5811 -0.5667
vn -0.5660 -0.5315 -0.6302
vn -0.5660 -0.5315 -0.6301
vn -0.5382 -0.4786 -0.6938
vn -0.5003 -0.4207 -0.7568
vn -0.4530 -0.3574 -0.8168
vn -0.4530 -0.3574 -0.8167
vn -0.4010 -0.2945 -0.8675
vn -0.3473 -0.2315 -0.9087
vn -0.2913 -0.1581 -0.9435
vn -0.2401 -0.1803 -0.9539
vn -0.1925 -0.1924 -0.9623
vn -0.1926 -0.1924 -0.9622
vn -0.1925 -0.1924 -0.9622
vn -0.1924 -0.1923 -0.9623
vn -0.1488 -0.2078 -0.9668
vn -0.1080 -0.2230 -0.9688
vn -0.1078 -0.2225 -0.9689
vn -0.1079 -0.2226 -0.9689
vn -0.0712 -0.2359 -0.9692
vn -0.0710 -0.2358 -0.9692
vn -0.0712 -0.2358 -0.9692
vn -0.0376 -0.2485 -0.9679
vn -0.0374 -0.2483 -0.9680
vn -0.0375 -0.2483 -0.9680
vn -0.0376 -0.2484 -0.9679
vn -0.0049 -0.2606 -0.9654
vn -0.0054 -0.2613 -0.9652
vn -0.0053 -0.2612 -0.9653
vn -0.0051 -0.2608 -0.9654
vn 0.0264 -0.2738 -0.9614
vn 0.0558 -0.2865 -0.9565
vn 0.0557 -0.2862 -0.9566
vn 0.0557 -0.2862 -0.9565
vn 0.0561 -0.2864 -0.9565
vn 0.0832 -0.2985 -0.9508
vn 0.0833 -0.2983 -0.9508
vn 0.0834 -0.2983 -0.9508
vn 0.0833 -0.2985 -0.9508
vn 0.1105 -0.3108 -0.9440
vn 0.1384 -0.3231 -0.9362
vn 0.1384 -0.3232 -0.9362
vn 0.1661 -0.3354 -0.9273
vn 0.1925 -0.3499 -0.9168
vn 0.2234 -0.3584 -0.9064
vn 0.2234 -0.3584 -0.9065
vn 0.2144 -0.4289 -0.8775
vn 0.2076 -0.4947 -0.8439
vn 0.1987 -0.5627 -0.8024
vn 0.1863 -0.6314 -0.7527
vn 0.1712 -0.6942 -0.6991
vn 0.1531 -0.7509 -0.6424
vn 0.1322 -0.8006 -0.5844
vn 0.1086 -0.8416 -0.5291
vn 0.0802 -0.8772 -0.4735
vn 0.0802 -0.8771 -0.4735
vn 0.0485 -0.9079 -0.4163
vn 0.0485 -0.9080 -0.4163
vn 0.0157 -0.9333 -0.3588
vn -0.0165 -0.9528 -0.3030
vn -0.0463 -0.9664 -0.2529
vn -0.0727 -0.9755 -0.2077
vn -0.4656 -0.8839 -0.0435
vn -0.4332 -0.9001 -0.0469
vn -0.4332 -0.9001 -0.0468
vn -0.4038 -0.9134 -0.0508
vn -0.4038 -0.9134 -0.0509
vn -0.3763 -0.9249 -0.0549
vn -0.3763 -0.9249 -0.0550
vn -0.3763 -0.9248 -0.0551
vn -0.3512 -0.9344 -0.0592
vn -0.3512 -0.9344 -0.0590
vn -0.3512 -0.9344 -0.0591
vn -0.3274 -0.9428 -0.0625
vn -0.3275 -0.9428 -0.0626
vn -0.3042 -0.9504 -0.0653
vn -0.3042 -0.9504 -0.0654
vn -0.3043 -0.9503 -0.0653
vn -0.2806 -0.9575 -0.0675
vn -0.2806 -0.9574 -0.0676
vn -0.2806 -0.9574 -0.0675
vn -0.2581 -0.9636 -0.0691
vn -0.2581 -0.9636 -0.0694
vn -0.2581 -0.9636 -0.0692
vn -0.2360 -0.9692 -0.0700
vn -0.2360 -0.9692 -0.0699
vn -0.2359 -0.9693 -0.0697
vn -0.2360 -0.9692 -0.0698
vn -0.2134 -0.9745 -0.0699
vn -0.2133 -0.9745 -0.0701
vn -0.2134 -0.9745 -0.0698
vn -0.1896 -0.9794 -0.0697
vn -0.1646 -0.9839 -0.0691
vn -0.1646 -0.9839 -0.0690
vn -0.1375 -0.9881 -0.0690
vn -0.4737 -0.8804 -0.0208
vn -0.4737 -0.8804 -0.0207
vn -0.4386 -0.8984 -0.0224
vn -0.4077 -0.9127 -0.0261
vn -0.4077 -0.9127 -0.0262
vn -0.3795 -0.9247 -0.0303
vn -0.3795 -0.9247 -0.0304
vn -0.3539 -0.9346 -0.0348
vn -0.3539 -0.9346 -0.0347
vn -0.3539 -0.9346 -0.0349
vn -0.3298 -0.9433 -0.0384
vn -0.3062 -0.9511 -0.0412
vn -0.3062 -0.9511 -0.0417
vn -0.3062 -0.9511 -0.0414
vn -0.2828 -0.9582 -0.0427
vn -0.2825 -0.9583 -0.0432
vn -0.2827 -0.9583 -0.0427
vn -0.2827 -0.9583 -0.0423
vn -0.2598 -0.9646 -0.0444
vn -0.2598 -0.9646 -0.0445
vn -0.2373 -0.9704 -0.0447
vn -0.2373 -0.9704 -0.0448
vn -0.2373 -0.9704 -0.0446
vn -0.2143 -0.9758 -0.0441
vn -0.1899 -0.9808 -0.0434
vn -0.1899 -0.9809 -0.0433
vn -0.1899 -0.9808 -0.0433
vn -0.1637 -0.9856 -0.0429
vn -0.1343 -0.9900 -0.0443
vn -0.4823 -0.8760 -0.0052
vn -0.4448 -0.8956 -0.0061
vn -0.4480 -0.8940 0.0014
vn -0.4471 -0.8945 -0.0038
vn -0.4140 -0.9102 -0.0074
vn -0.4123 -0.9110 -0.0092
vn -0.4153 -0.9097 -0.0001
vn -0.3845 -0.9230 -0.0114
vn -0.3831 -0.9236 -0.0132
vn -0.3853 -0.9228 -0.0037
vn -0.3576 -0.9337 -0.0159
vn -0.3567 -0.9341 -0.0174
vn -0.3581 -0.9336 -0.0071
vn -0.3327 -0.9428 -0.0197
vn -0.3319 -0.9431 -0.0208
vn -0.3319 -0.9431 -0.0209
vn -0.3329 -0.9429 -0.0095
vn -0.3083 -0.9510 -0.0229
vn -0.3077 -0.9512 -0.0234
vn -0.3083 -0.9512 -0.0114
vn -0.2841 -0.9587 -0.0125
vn -0.2886 -0.9573 -0.0147
vn -0.2837 -0.9586 -0.0252
vn -0.2838 -0.9586 -0.0249
vn -0.2588 -0.9655 -0.0269
vn -0.2608 -0.9650 -0.0269
vn -0.2606 -0.9651 -0.0263
vn -0.2609 -0.9653 -0.0125
vn -0.2316 -0.9725 -0.0234
vn -0.2374 -0.9711 -0.0263
vn -0.2374 -0.9711 -0.0261
vn -0.2419 -0.9702 -0.0146
vn -0.2137 -0.9766 -0.0254
vn -0.2130 -0.9768 -0.0226
vn -0.2128 -0.9770 -0.0144
vn -0.2137 -0.9766 -0.0256
vn -0.1857 -0.9825 -0.0161
vn -0.1884 -0.9818 -0.0246
vn -0.1885 -0.9819 -0.0199
vn -0.1581 -0.9873 -0.0163
vn -0.1608 -0.9867 -0.0243
vn -0.1608 -0.9867 -0.0244
vn -0.1595 -0.9870 -0.0189
vn -0.1295 -0.9912 -0.0260
vn -0.1294 -0.9912 -0.0259
vn -0.4930 -0.8700 0.0067
vn -0.4906 -0.8714 0.0060
vn -0.4952 -0.8687 0.0110
vn -0.4542 -0.8909 0.0092
vn -0.4537 -0.8911 0.0064
vn -0.4189 -0.9080 0.0028
vn -0.4191 -0.9079 0.0057
vn -0.3881 -0.9216 -0.0007
vn -0.3883 -0.9215 0.0025
vn -0.3608 -0.9326 0.0009
vn -0.3603 -0.9328 -0.0047
vn -0.3344 -0.9424 -0.0071
vn -0.3340 -0.9426 -0.0018
vn -0.3092 -0.9509 -0.0097
vn -0.3092 -0.9510 -0.0025
vn -0.2846 -0.9586 -0.0118
vn -0.2844 -0.9587 -0.0034
vn -0.2604 -0.9655 -0.0046
vn -0.2606 -0.9654 -0.0119
vn -0.2362 -0.9717 -0.0050
vn -0.2362 -0.9716 -0.0112
vn -0.2116 -0.9773 -0.0108
vn -0.2116 -0.9773 -0.0056
vn -0.1844 -0.9828 -0.0047
vn -0.1848 -0.9827 -0.0090
vn -0.1549 -0.9879 -0.0041
vn -0.1555 -0.9878 -0.0080
vn -0.1243 -0.9922 -0.0116
vn -0.1219 -0.9925 -0.0073
vn -0.1214 -0.9926 -0.0061
vn -0.5001 -0.8659 0.0104
vn -0.5004 -0.8657 0.0126
vn -0.4580 -0.8889 0.0098
vn -0.4593 -0.8882 0.0112
vn -0.4225 -0.9063 0.0085
vn -0.4233 -0.9060 0.0081
vn -0.3908 -0.9204 0.0059
vn -0.3913 -0.9203 0.0056
vn -0.3626 -0.9319 0.0041
vn -0.3629 -0.9318 0.0024
vn -0.3354 -0.9421 0.0030
vn -0.3353 -0.9421 0.0005
vn -0.3107 -0.9505 0.0022
vn -0.3095 -0.9509 -0.0015
vn -0.2848 -0.9586 -0.0029
vn -0.2852 -0.9585 0.0023
vn -0.2602 -0.9656 -0.0030
vn -0.2627 -0.9649 -0.0020
vn -0.2354 -0.9719 -0.0030
vn -0.2360 -0.9717 0.0007
vn -0.2084 -0.9780 -0.0006
vn -0.2100 -0.9777 -0.0015
vn -0.1827 -0.9832 -0.0016
vn -0.1822 -0.9833 0.0017
vn -0.1526 -0.9883 -0.0009
vn -0.1518 -0.9884 0.0023
vn -0.1175 -0.9931 -0.0002
vn -0.1170 -0.9931 0.0022
vn -0.5052 -0.8629 0.0118
vn -0.5045 -0.8633 0.0095
vn -0.4623 -0.8867 0.0094
vn -0.4619 -0.8869 0.0088
vn -0.4256 -0.9049 0.0084
vn -0.4253 -0.9050 0.0074
vn -0.3931 -0.9195 0.0067
vn -0.3930 -0.9195 0.0064
vn -0.3639 -0.9314 0.0051
vn -0.3639 -0.9314 0.0050
vn -0.3365 -0.9417 0.0043
vn -0.3365 -0.9417 0.0041
vn -0.3104 -0.9506 0.0034
vn -0.3102 -0.9507 0.0029
vn -0.2852 -0.9584 0.0037
vn -0.2854 -0.9584 0.0032
vn -0.2607 -0.9654 0.0026
vn -0.2597 -0.9657 0.0017
vn -0.2348 -0.9720 0.0034
vn -0.2347 -0.9721 0.0016
vn -0.2087 -0.9780 0.0031
vn -0.2086 -0.9780 0.0032
vn -0.1807 -0.9835 0.0031
vn -0.1809 -0.9835 0.0038
vn -0.1497 -0.9887 0.0037
vn -0.1499 -0.9887 0.0045
vn -0.1142 -0.9935 0.0040
vn -0.1142 -0.9934 0.0051
vn -0.5045 -0.8634 0.0033
vn -0.5077 -0.8616 0.0020
vn -0.4642 -0.8858 0.0021
vn -0.4613 -0.8872 0.0042
vn -0.4265 -0.9045 0.0019
vn -0.4264 -0.9045 0.0067
vn -0.3939 -0.9191 0.0025
vn -0.3940 -0.9191 0.0061
vn -0.3645 -0.9312 0.0036
vn -0.3649 -0.9311 0.0044
vn -0.3369 -0.9415 0.0035
vn -0.3366 -0.9416 0.0042
vn -0.3107 -0.9505 0.0040
vn -0.3107 -0.9505 0.0039
vn -0.2849 -0.9586 0.0037
vn -0.2851 -0.9585 0.0038
vn -0.2595 -0.9657 0.0040
vn -0.2598 -0.9656 0.0037
vn -0.2347 -0.9721 0.0041
vn -0.2348 -0.9720 0.0040
vn -0.2084 -0.9780 0.0042
vn -0.2079 -0.9781 0.0049
vn -0.1801 -0.9836 0.0052
vn -0.1802 -0.9836 0.0050
vn -0.1487 -0.9889 0.0055
vn -0.1488 -0.9889 0.0054
vn -0.1127 -0.9936 0.0056
vn -0.1128 -0.9936 0.0060
vn -0.5056 -0.8628 -0.0025
vn -0.5049 -0.8632 -0.0000
vn -0.4627 -0.8865 -0.0015
vn -0.4622 -0.8868 0.0003
vn -0.4255 -0.9049 0.0004
vn -0.4258 -0.9048 0.0014
vn -0.3931 -0.9195 0.0016
vn -0.3933 -0.9194 0.0022
vn -0.3639 -0.9314 0.0031
vn -0.3639 -0.9314 0.0028
vn -0.3367 -0.9416 0.0038
vn -0.3368 -0.9416 0.0038
vn -0.3106 -0.9505 0.0045
vn -0.3106 -0.9505 0.0043
vn -0.2850 -0.9585 0.0057
vn -0.2849 -0.9585 0.0047
vn -0.2608 -0.9654 0.0060
vn -0.2602 -0.9655 0.0045
vn -0.2337 -0.9723 0.0062
vn -0.2349 -0.9720 0.0047
vn -0.2084 -0.9780 0.0068
vn -0.2087 -0.9780 0.0055
vn -0.1808 -0.9835 0.0067
vn -0.1802 -0.9836 0.0053
vn -0.1496 -0.9887 0.0066
vn -0.1493 -0.9888 0.0058
vn -0.1133 -0.9935 0.0062
vn -0.1135 -0.9935 0.0072
vn -0.5003 -0.8658 -0.0032
vn -0.5015 -0.8652 -0.0016
vn -0.4587 -0.8886 -0.0018
vn -0.4597 -0.8881 -0.0010
vn -0.4233 -0.9060 -0.0001
vn -0.4231 -0.9061 0.0009
vn -0.3914 -0.9202 0.0018
vn -0.3913 -0.9202 0.0032
vn -0.3627 -0.9319 0.0036
vn -0.3626 -0.9319 0.0055
vn -0.3358 -0.9419 0.0048
vn -0.3362 -0.9418 0.0083
vn -0.3096 -0.9509 0.0057
vn -0.3098 -0.9507 0.0097
vn -0.2856 -0.9583 0.0112
vn -0.2870 -0.9579 0.0095
vn -0.2603 -0.9654 0.0125
vn -0.2604 -0.9655 0.0069
vn -0.2350 -0.9719 0.0127
vn -0.2351 -0.9719 0.0079
vn -0.2095 -0.9777 0.0122
vn -0.2094 -0.9778 0.0081
vn -0.1821 -0.9832 0.0115
vn -0.1822 -0.9832 0.0089
vn -0.1516 -0.9884 0.0114
vn -0.1515 -0.9884 0.0089
vn -0.1165 -0.9931 0.0122
vn -0.1165 -0.9931 0.0098
vn -0.4947 -0.8691 0.0001
vn -0.4939 -0.8695 0.0035
vn -0.4540 -0.8910 0.0044
vn -0.4544 -0.8908 0.0010
vn -0.4194 -0.9078 0.0043
vn -0.4196 -0.9077 0.0053
vn -0.3885 -0.9214 0.0068
vn -0.3880 -0.9216 0.0084
vn -0.3618 -0.9322 0.0097
vn -0.3600 -0.9329 0.0119
vn -0.3347 -0.9423 0.0099
vn -0.3340 -0.9424 0.0160
vn -0.3092 -0.9509 0.0112
vn -0.3090 -0.9509 0.0187
vn -0.2888 -0.9572 0.0168
vn -0.2857 -0.9581 0.0209
vn -0.2616 -0.9650 0.0210
vn -0.2607 -0.9653 0.0132
vn -0.2355 -0.9716 0.0208
vn -0.2343 -0.9721 0.0141
vn -0.2106 -0.9775 0.0143
vn -0.2105 -0.9774 0.0206
vn -0.1842 -0.9827 0.0207
vn -0.1838 -0.9828 0.0145
vn -0.1550 -0.9877 0.0208
vn -0.1542 -0.9879 0.0146
vn -0.1214 -0.9924 0.0220
vn -0.1200 -0.9926 0.0157
vn -0.4913 -0.8710 0.0043
vn -0.4493 -0.8933 0.0072
vn -0.4484 -0.8937 0.0134
vn -0.4152 -0.9096 0.0110
vn -0.4148 -0.9098 0.0169
vn -0.3850 -0.9228 0.0144
vn -0.3846 -0.9229 0.0210
vn -0.3580 -0.9334 0.0255
vn -0.3582 -0.9335 0.0174
vn -0.3379 -0.9408 0.0257
vn -0.3280 -0.9445 0.0200
vn -0.3080 -0.9508 0.0339
vn -0.3077 -0.9513 0.0192
vn -0.2845 -0.9580 0.0354
vn -0.2843 -0.9585 0.0212
vn -0.2601 -0.9653 0.0225
vn -0.2601 -0.9653 0.0227
vn -0.2366 -0.9710 0.0351
vn -0.2358 -0.9715 0.0242
vn -0.2123 -0.9766 0.0345
vn -0.2129 -0.9767 0.0258
vn -0.1852 -0.9824 0.0223
vn -0.1852 -0.9824 0.0224
vn -0.1562 -0.9875 0.0224
vn -0.1231 -0.9921 0.0240
vn -0.4831 -0.8754 0.0162
vn -0.4454 -0.8952 0.0168
vn -0.4128 -0.9106 0.0196
vn -0.4128 -0.9106 0.0195
vn -0.3834 -0.9233 0.0233
vn -0.3568 -0.9338 0.0274
vn -0.3568 -0.9338 0.0272
vn -0.3318 -0.9429 0.0307
vn -0.3318 -0.9428 0.0306
vn -0.3075 -0.9510 0.0333
vn -0.3075 -0.9510 0.0332
vn -0.2833 -0.9584 0.0351
vn -0.2833 -0.9584 0.0353
vn -0.2599 -0.9649 0.0367
vn -0.2599 -0.9649 0.0365
vn -0.2600 -0.9649 0.0366
vn -0.2599 -0.9649 0.0370
vn -0.2368 -0.9709 0.0367
vn -0.2367 -0.9709 0.0369
vn -0.2128 -0.9764 0.0366
vn -0.1873 -0.9816 0.0363
vn -0.1873 -0.9816 0.0364
vn -0.1874 -0.9816 0.0364
vn -0.1595 -0.9865 0.0368
vn -0.1595 -0.9865 0.0367
vn -0.1281 -0.9910 0.0391
vn -0.4743 -0.8798 0.0325
vn -0.4391 -0.8978 0.0338
vn -0.4080 -0.9122 0.0372
vn -0.3796 -0.9242 0.0414
vn -0.3796 -0.9242 0.0413
vn -0.3796 -0.9242 0.0412
vn -0.3539 -0.9342 0.0456
vn -0.3297 -0.9428 0.0494
vn -0.3296 -0.9428 0.0493
vn -0.3296 -0.9428 0.0494
vn -0.3058 -0.9507 0.0522
vn -0.3058 -0.9507 0.0521
vn -0.3057 -0.9507 0.0521
vn -0.2816 -0.9580 0.0549
vn -0.2818 -0.9579 0.0547
vn -0.2817 -0.9579 0.0545
vn -0.2589 -0.9643 0.0557
vn -0.2590 -0.9643 0.0557
vn -0.2593 -0.9642 0.0561
vn -0.2588 -0.9643 0.0556
vn -0.2364 -0.9700 0.0564
vn -0.2364 -0.9700 0.0563
vn -0.2133 -0.9754 0.0562
vn -0.2133 -0.9754 0.0561
vn -0.1887 -0.9804 0.0560
vn -0.1887 -0.9804 0.0559
vn -0.1622 -0.9852 0.0561
vn -0.1622 -0.9852 0.0562
vn -0.1327 -0.9894 0.0582
vn -0.4659 -0.8831 0.0558
vn -0.4333 -0.8993 0.0591
vn -0.4333 -0.8993 0.0592
vn -0.4039 -0.9126 0.0630
vn -0.3762 -0.9241 0.0670
vn -0.3762 -0.9241 0.0671
vn -0.3510 -0.9337 0.0711
vn -0.3509 -0.9337 0.0712
vn -0.3271 -0.9420 0.0746
vn -0.3271 -0.9420 0.0747
vn -0.3036 -0.9496 0.0775
vn -0.3036 -0.9497 0.0774
vn -0.3036 -0.9496 0.0776
vn -0.2799 -0.9567 0.0799
vn -0.2799 -0.9567 0.0800
vn -0.2800 -0.9567 0.0796
vn -0.2801 -0.9567 0.0795
vn -0.2572 -0.9629 0.0817
vn -0.2571 -0.9629 0.0817
vn -0.2572 -0.9629 0.0819
vn -0.2573 -0.9629 0.0820
vn -0.2349 -0.9685 0.0827
vn -0.2348 -0.9685 0.0830
vn -0.2347 -0.9685 0.0834
vn -0.2348 -0.9685 0.0828
vn -0.2121 -0.9737 0.0832
vn -0.2121 -0.9737 0.0831
vn -0.1882 -0.9786 0.0834
vn -0.1631 -0.9831 0.0833
vn -0.1631 -0.9831 0.0834
vn -0.1358 -0.9872 0.0838
vn -0.4932 -0.8665 -0.0774
vn -0.4932 -0.8664 -0.0774
vn -0.4932 -0.8664 -0.0775
vn -0.4596 -0.8846 -0.0786
vn -0.4301 -0.8989 -0.0836
vn -0.4301 -0.8989 -0.0837
vn -0.4015 -0.9117 -0.0866
vn -0.4015 -0.9118 -0.0865
vn -0.4015 -0.9118 -0.0866
vn -0.3740 -0.9231 -0.0895
vn -0.3740 -0.9231 -0.0896
vn -0.3743 -0.9230 -0.0895
vn -0.3742 -0.9230 -0.0897
vn -0.3488 -0.9326 -0.0925
vn -0.3489 -0.9326 -0.0925
vn -0.3251 -0.9409 -0.0952
vn -0.3251 -0.9409 -0.0953
vn -0.3251 -0.9409 -0.0954
vn -0.3016 -0.9485 -0.0972
vn -0.3015 -0.9484 -0.0978
vn -0.3015 -0.9485 -0.0977
vn -0.2776 -0.9554 -0.1001
vn -0.2775 -0.9555 -0.0998
vn -0.2774 -0.9556 -0.0997
vn -0.2777 -0.9554 -0.1003
vn -0.2548 -0.9616 -0.1023
vn -0.2548 -0.9616 -0.1021
vn -0.2325 -0.9670 -0.1039
vn -0.2322 -0.9670 -0.1044
vn -0.2324 -0.9670 -0.1040
vn -0.2100 -0.9720 -0.1051
vn -0.2099 -0.9720 -0.1054
vn -0.2099 -0.9720 -0.1053
vn -0.1858 -0.9768 -0.1063
vn -0.1858 -0.9768 -0.1062
vn -0.1860 -0.9768 -0.1060
vn -0.1614 -0.9810 -0.1076
vn -0.1614 -0.9810 -0.1075
vn -0.1368 -0.9850 -0.1055
vn -0.1089 -0.9883 -0.1070
vn -0.1058 -0.9916 -0.0744
vn -0.0996 -0.9937 -0.0510
vn -0.0923 -0.9952 -0.0319
vn -0.0845 -0.9963 -0.0151
vn -0.0723 -0.9974 0.0016
vn -0.0757 -0.9971 -0.0016
vn -0.0708 -0.9975 0.0005
vn -0.0653 -0.9979 0.0054
vn -0.0657 -0.9978 0.0041
vn -0.0636 -0.9980 0.0061
vn -0.0635 -0.9980 0.0066
vn -0.0649 -0.9979 0.0083
vn -0.0656 -0.9978 0.0080
vn -0.0700 -0.9975 0.0134
vn -0.0705 -0.9974 0.0122
vn -0.0733 -0.9972 0.0164
vn -0.0815 -0.9963 0.0282
vn -0.0901 -0.9949 0.0452
vn -0.0901 -0.9949 0.0451
vn -0.0979 -0.9930 0.0656
vn -0.1041 -0.9905 0.0897
vn -0.1040 -0.9905 0.0897
vn -0.1073 -0.9866 0.1226
vn -0.1073 -0.9867 0.1225
vn -0.1073 -0.9866 0.1225
vn -0.1352 -0.9834 0.1208
vn -0.1596 -0.9796 0.1222
vn -0.1596 -0.9796 0.1221
vn -0.1598 -0.9796 0.1217
vn -0.1843 -0.9754 0.1210
vn -0.1843 -0.9753 0.1214
vn -0.1842 -0.9754 0.1211
vn -0.2081 -0.9707 0.1199
vn -0.2083 -0.9707 0.1201
vn -0.2082 -0.9707 0.1198
vn -0.2082 -0.9707 0.1196
vn -0.2310 -0.9658 0.1175
vn -0.2310 -0.9658 0.1174
vn -0.2535 -0.9604 0.1157
vn -0.2535 -0.9604 0.1159
vn -0.2535 -0.9604 0.1160
vn -0.2534 -0.9604 0.1161
vn -0.2765 -0.9543 0.1137
vn -0.2766 -0.9542 0.1139
vn -0.2769 -0.9541 0.1141
vn -0.3004 -0.9473 0.1114
vn -0.3003 -0.9473 0.1114
vn -0.3004 -0.9473 0.1113
vn -0.3245 -0.9396 0.1085
vn -0.3244 -0.9397 0.1085
vn -0.3243 -0.9397 0.1086
vn -0.3483 -0.9314 0.1057
vn -0.3735 -0.9219 0.1026
vn -0.4011 -0.9106 0.0995
vn -0.4011 -0.9106 0.0997
vn -0.4011 -0.9106 0.0996
vn -0.4298 -0.8977 0.0965
vn -0.4298 -0.8977 0.0964
vn -0.4298 -0.8977 0.0966
vn -0.4595 -0.8835 0.0915
vn -0.4595 -0.8834 0.0915
vn -0.4595 -0.8834 0.0916
vn -0.4931 -0.8653 0.0903
vn -0.4931 -0.8652 0.0903
vn -0.5036 -0.8620 0.0585
vn -0.5155 -0.8561 0.0370
vn -0.5155 -0.8561 0.0369
vn -0.5276 -0.8492 0.0204
vn -0.5387 -0.8425 0.0074
vn -0.5418 -0.8405 0.0067
vn -0.5447 -0.8386 0.0009
vn -0.5509 -0.8346 0.0016
vn -0.5511 -0.8344 -0.0018
vn -0.5568 -0.8307 0.0010
vn -0.5560 -0.8311 -0.0017
vn -0.5576 -0.8301 0.0076
vn -0.5570 -0.8305 0.0012
vn -0.5551 -0.8317 0.0092
vn -0.5563 -0.8309 0.0103
vn -0.5511 -0.8343 0.0131
vn -0.5504 -0.8349 0.0099
vn -0.5426 -0.8400 0.0057
vn -0.5419 -0.8404 0.0079
vn -0.5378 -0.8430 0.0034
vn -0.5378 -0.8431 0.0033
vn -0.5268 -0.8499 -0.0090
vn -0.5149 -0.8569 -0.0250
vn -0.5032 -0.8629 -0.0460
vn 0.5884 0.8000 -0.1176
vn 0.6277 0.7612 -0.1633
vn 0.6277 0.7611 -0.1633
vn 0.6640 0.7171 -0.2117
vn 0.6972 0.6661 -0.2650
vn 0.7238 0.6104 -0.3216
vn 0.7420 0.5507 -0.3824
vn 0.7489 0.4886 -0.4477
vn 0.6143 0.7848 -0.0816
vn 0.6147 0.7845 -0.0820
vn 0.6145 0.7847 -0.0818
vn 0.6648 0.7370 -0.1218
vn 0.7123 0.6814 -0.1682
vn 0.7551 0.6177 -0.2197
vn 0.7551 0.6178 -0.2197
vn 0.7896 0.5485 -0.2752
vn 0.8132 0.4751 -0.3362
vn 0.8131 0.4751 -0.3362
vn 0.8228 0.4013 -0.4025
vn 0.6373 0.7686 -0.0549
vn 0.6374 0.7686 -0.0550
vn 0.6960 0.7128 -0.0861
vn 0.6960 0.7129 -0.0860
vn 0.7534 0.6455 -0.1259
vn 0.7533 0.6455 -0.1258
vn 0.7534 0.6455 -0.1258
vn 0.8051 0.5674 -0.1728
vn 0.8461 0.4832 -0.2250
vn 0.8731 0.3956 -0.2848
vn 0.8833 0.3100 -0.3517
vn 0.6572 0.7529 -0.0337
vn 0.7225 0.6891 -0.0567
vn 0.7225 0.6891 -0.0568
vn 0.6734 0.7390 -0.0185
vn 0.4110 0.0710 -0.9089
vn 0.4109 0.0710 -0.9089
vn 0.4274 -0.0083 -0.9040
vn 0.4440 -0.0662 -0.8936
vn 0.4943 0.1297 -0.8595
vn 0.5240 0.0364 -0.8510
vn 0.5240 0.0365 -0.8509
vn 0.5241 0.0366 -0.8509
vn 0.5470 -0.0443 -0.8360
vn 0.5682 0.1879 -0.8011
vn 0.6128 0.0891 -0.7852
vn 0.6466 -0.0049 -0.7628
vn 0.6466 -0.0048 -0.7628
vn 0.6467 -0.0046 -0.7627
vn 0.6327 0.2477 -0.7337
vn 0.6892 0.1457 -0.7098
vn 0.7331 0.0428 -0.6787
vn 0.6837 0.3068 -0.6622
vn 0.7490 0.2040 -0.6304
vn 0.8004 0.0971 -0.5915
vn 0.7204 0.3665 -0.5888
vn 0.7916 0.2663 -0.5499
vn 0.8481 0.1611 -0.5047
vn 0.4097 0.0530 0.9107
vn 0.4098 0.0530 0.9106
vn 0.4963 0.1150 0.8605
vn 0.5730 0.1766 0.8003
vn 0.6395 0.2394 0.7305
vn 0.6916 0.3012 0.6565
vn 0.7287 0.3629 0.5808
vn 0.7286 0.3629 0.5808
vn 0.7500 0.4252 0.5066
vn 0.4247 -0.0280 0.9049
vn 0.4247 -0.0279 0.9049
vn 0.5241 0.0188 0.8515
vn 0.5241 0.0188 0.8514
vn 0.6160 0.0745 0.7842
vn 0.6948 0.1343 0.7065
vn 0.7560 0.1956 0.6246
vn 0.7990 0.2607 0.5418
vn 0.7991 0.2607 0.5418
vn 0.8232 0.3288 0.4628
vn 0.4401 -0.0898 0.8934
vn 0.5461 -0.0626 0.8354
vn 0.6478 -0.0220 0.7615
vn 0.6479 -0.0220 0.7614
vn 0.7369 0.0289 0.6754
vn 0.8058 0.0864 0.5859
vn 0.8542 0.1534 0.4968
vn 0.8815 0.2279 0.4135
vn 0.4561 -0.1357 0.8795
vn 0.5642 -0.1280 0.8157
vn 0.5892 0.8012 0.1049
vn 0.5892 0.8012 0.1050
vn 0.5892 0.8011 0.1053
vn 0.6148 0.7856 0.0695
vn 0.6149 0.7856 0.0696
vn 0.6372 0.7695 0.0430
vn 0.6371 0.7696 0.0430
vn 0.6567 0.7538 0.0222
vn 0.6568 0.7538 0.0222
vn 0.6729 0.7397 0.0075
vn 0.6893 0.7244 -0.0068
vn 0.6847 0.7288 -0.0019
vn 0.6294 0.7623 0.1508
vn 0.6659 0.7380 0.1093
vn 0.6965 0.7138 0.0739
vn 0.7226 0.6898 0.0449
vn 0.7225 0.6899 0.0451
vn 0.7224 0.6901 0.0451
vn 0.6668 0.7180 0.1994
vn 0.7144 0.6822 0.1558
vn 0.7547 0.6461 0.1137
vn 0.7011 0.6667 0.2529
vn 0.7583 0.6179 0.2076
vn 0.8077 0.5673 0.1608
vn 0.8076 0.5673 0.1608
vn 0.7290 0.6103 0.3100
vn 0.7289 0.6104 0.3100
vn 0.7940 0.5479 0.2634
vn 0.8497 0.4821 0.2133
vn 0.8498 0.4821 0.2133
vn 0.7482 0.5499 0.3714
vn 0.7481 0.5499 0.3714
vn 0.8187 0.4734 0.3250
vn 0.8777 0.3932 0.2738
vn 0.7423 0.4273 -0.5162
vn 0.8161 0.3326 -0.4726
vn 0.8756 0.2331 -0.4231
vn 0.8756 0.2332 -0.4231
vn 0.7561 0.4869 0.4374
vn 0.7561 0.4869 0.4373
vn 0.8292 0.3985 0.3921
vn 0.8292 0.3985 0.3920
vn 0.8887 0.3061 0.3414
vn 0.5281 0.8413 -0.1155
vn 0.5280 0.8413 -0.1156
vn 0.5557 0.8156 -0.1613
vn 0.5822 0.7867 -0.2054
vn 0.5822 0.7866 -0.2054
vn 0.6087 0.7520 -0.2529
vn 0.6328 0.7110 -0.3068
vn 0.6517 0.6657 -0.3635
vn 0.6518 0.6657 -0.3634
vn 0.6638 0.6170 -0.4228
vn 0.6670 0.5651 -0.4855
vn 0.5467 0.8337 -0.0773
vn 0.5463 0.8340 -0.0778
vn 0.5634 0.8245 -0.0526
vn 0.5634 0.8245 -0.0527
vn 0.5802 0.8138 -0.0331
vn 0.5949 0.8036 -0.0173
vn 0.5949 0.8036 -0.0172
vn 0.6099 0.7924 -0.0074
vn 0.6069 0.7947 -0.0070
vn 0.6126 0.7904 -0.0021
vn 0.6178 0.7863 -0.0016
vn 0.6176 0.7865 -0.0045
vn 0.6193 0.7852 -0.0049
vn 0.6197 0.7848 -0.0068
vn 0.3196 0.1002 -0.9422
vn 0.3219 0.0203 -0.9466
vn 0.3316 -0.0342 -0.9428
vn 0.3655 -0.0454 -0.9297
vn 0.3902 0.1681 -0.9053
vn 0.4527 0.2263 -0.8625
vn 0.5121 0.2834 -0.8108
vn 0.5121 0.2834 -0.8109
vn 0.5658 0.3437 -0.7495
vn 0.6087 0.4015 -0.6843
vn 0.6399 0.4571 -0.6177
vn 0.6594 0.5119 -0.5506
vn 0.6594 0.5118 -0.5507
vn 0.3171 0.0822 0.9448
vn 0.3169 0.0822 0.9449
vn 0.3909 0.1541 0.9074
vn 0.4560 0.2153 0.8636
vn 0.4560 0.2153 0.8635
vn 0.5176 0.2751 0.8102
vn 0.5731 0.3384 0.7464
vn 0.6170 0.3984 0.6787
vn 0.6484 0.4557 0.6098
vn 0.6676 0.5112 0.5413
vn 0.6675 0.5112 0.5413
vn 0.3172 -0.0006 0.9484
vn 0.3263 -0.0560 0.9436
vn 0.3388 -0.0993 0.9356
vn 0.3873 -0.0832 0.9182
vn 0.3873 -0.0833 0.9182
vn 0.5286 0.8426 0.1028
vn 0.5287 0.8426 0.1028
vn 0.5462 0.8351 0.0652
vn 0.5630 0.8255 0.0403
vn 0.5630 0.8254 0.0403
vn 0.5796 0.8146 0.0214
vn 0.5942 0.8043 0.0061
vn 0.6091 0.7931 -0.0030
vn 0.6120 0.7909 -0.0081
vn 0.6063 0.7952 -0.0036
vn 0.6063 0.7953 -0.0037
vn 0.6168 0.7871 -0.0066
vn 0.6181 0.7860 -0.0087
vn 0.5572 0.8169 0.1489
vn 0.5846 0.7880 0.1931
vn 0.6121 0.7533 0.2407
vn 0.6372 0.7120 0.2950
vn 0.6372 0.7119 0.2950
vn 0.6573 0.6663 0.3522
vn 0.6703 0.6171 0.4121
vn 0.6744 0.5649 0.4755
vn -0.2330 0.2294 -0.9450
vn -0.2516 0.1955 -0.9479
vn -0.2765 0.1018 -0.9556
vn -0.2749 0.1009 -0.9562
vn -0.2721 0.1043 -0.9566
vn -0.2030 0.2189 -0.9544
vn -0.2205 0.1805 -0.9585
vn -0.2685 0.1052 -0.9575
vn -0.1741 0.2095 -0.9622
vn -0.1742 0.2094 -0.9622
vn -0.1906 0.1690 -0.9670
vn -0.2087 0.0964 -0.9732
vn -0.2023 0.1013 -0.9741
vn -0.2018 0.0977 -0.9745
vn -0.1458 0.1999 -0.9689
vn -0.1458 0.2000 -0.9689
vn -0.1459 0.1998 -0.9689
vn -0.1615 0.1592 -0.9739
vn -0.1615 0.1592 -0.9740
vn -0.1967 0.0953 -0.9758
vn -0.1184 0.1901 -0.9746
vn -0.1184 0.1900 -0.9746
vn -0.1185 0.1903 -0.9746
vn -0.1332 0.1494 -0.9798
vn -0.1332 0.1495 -0.9798
vn -0.1501 0.0622 -0.9867
vn -0.1478 0.0624 -0.9870
vn -0.1471 0.0637 -0.9871
vn -0.0911 0.1785 -0.9797
vn -0.0911 0.1788 -0.9797
vn -0.0910 0.1790 -0.9796
vn -0.0910 0.1789 -0.9796
vn -0.1051 0.1378 -0.9849
vn -0.1051 0.1381 -0.9848
vn -0.1051 0.1380 -0.9848
vn -0.1457 0.0620 -0.9874
vn -0.1458 0.0621 -0.9874
vn -0.0629 0.1656 -0.9842
vn -0.0769 0.1241 -0.9893
vn -0.0769 0.1242 -0.9893
vn -0.0877 0.0409 -0.9953
vn -0.0911 0.0410 -0.9950
vn -0.0848 0.0390 -0.9956
vn -0.0331 0.1505 -0.9881
vn -0.0465 0.1084 -0.9930
vn -0.0826 0.0376 -0.9959
vn -0.0031 0.1341 -0.9910
vn -0.0163 0.0908 -0.9957
vn -0.0247 0.0591 -0.9979
vn -0.0247 0.0592 -0.9979
vn 0.0275 0.1158 -0.9929
vn 0.0275 0.1157 -0.9929
vn 0.0274 0.1156 -0.9929
vn 0.0147 0.0710 -0.9974
vn 0.0148 0.0710 -0.9974
vn 0.0062 0.0186 -0.9998
vn 0.0606 0.0951 -0.9936
vn 0.0486 0.0488 -0.9976
vn 0.0344 0.0047 -0.9994
vn 0.0346 0.0047 -0.9994
vn 0.0346 0.0048 -0.9994
vn 0.0341 0.0043 -0.9994
vn 0.0979 0.0729 -0.9925
vn 0.0870 0.0252 -0.9959
vn 0.0827 -0.0127 -0.9965
vn 0.1388 0.0491 -0.9891
vn 0.1306 0.0009 -0.9914
vn 0.1305 0.0009 -0.9914
vn 0.1311 -0.0293 -0.9909
vn 0.1311 -0.0289 -0.9910
vn 0.1851 0.0245 -0.9824
vn 0.1824 -0.0219 -0.9830
vn 0.1854 -0.0518 -0.9813
vn 0.1851 -0.0518 -0.9814
vn 0.1853 -0.0518 -0.9813
vn -0.2396 0.2933 -0.9255
vn -0.2636 0.2498 -0.9317
vn -0.2831 0.2217 -0.9331
vn -0.3646 0.1229 -0.9230
vn 0.2245 -0.0494 -0.9732
vn 0.2479 -0.0369 -0.9681
vn 0.2434 0.0076 -0.9699
vn 0.2492 0.0708 -0.9659
vn 0.1994 0.0924 -0.9756
vn 0.1592 0.1187 -0.9801
vn 0.1193 0.1393 -0.9830
vn 0.0814 0.1585 -0.9840
vn 0.0814 0.1584 -0.9840
vn 0.0475 0.1760 -0.9832
vn 0.0166 0.1919 -0.9813
vn 0.0164 0.1921 -0.9812
vn 0.0167 0.1922 -0.9812
vn 0.0167 0.1918 -0.9813
vn -0.0141 0.2067 -0.9783
vn -0.0142 0.2066 -0.9783
vn -0.0141 0.2068 -0.9783
vn -0.0443 0.2208 -0.9743
vn -0.0443 0.2209 -0.9743
vn -0.0440 0.2210 -0.9743
vn -0.0725 0.2335 -0.9697
vn -0.0725 0.2334 -0.9697
vn -0.0725 0.2336 -0.9696
vn -0.0725 0.2335 -0.9696
vn -0.0997 0.2448 -0.9644
vn -0.0997 0.2446 -0.9645
vn -0.0995 0.2452 -0.9643
vn -0.0995 0.2453 -0.9643
vn -0.1264 0.2557 -0.9585
vn -0.1261 0.2556 -0.9585
vn -0.1263 0.2553 -0.9586
vn -0.1263 0.2557 -0.9585
vn -0.1539 0.2661 -0.9516
vn -0.1539 0.2660 -0.9516
vn -0.1815 0.2758 -0.9439
vn -0.1815 0.2759 -0.9439
vn -0.2098 0.2815 -0.9363
vn 0.1787 0.0033 0.9839
vn 0.1756 -0.0433 0.9835
vn 0.1785 -0.0762 0.9810
vn 0.1832 -0.0595 0.9813
vn 0.1325 0.0288 0.9908
vn 0.1238 -0.0198 0.9921
vn 0.1226 -0.0527 0.9911
vn 0.1428 -0.0503 0.9885
vn 0.0918 0.0531 0.9944
vn 0.0804 0.0051 0.9967
vn 0.0762 -0.0277 0.9967
vn 0.0768 -0.0293 0.9966
vn 0.0767 -0.0289 0.9966
vn 0.0774 -0.0305 0.9965
vn 0.0778 -0.0304 0.9965
vn 0.0545 0.0760 0.9956
vn 0.0421 0.0295 0.9987
vn 0.0384 -0.0062 0.9992
vn 0.0363 -0.0030 0.9993
vn 0.0391 -0.0105 0.9992
vn 0.0420 -0.0139 0.9990
vn 0.0422 -0.0137 0.9990
vn 0.0213 0.0972 0.9950
vn 0.0085 0.0523 0.9986
vn 0.0013 0.0202 0.9998
vn -0.0016 -0.0001 1.0000
vn -0.0019 -0.0000 1.0000
vn -0.0018 -0.0000 1.0000
vn -0.0093 0.1161 0.9932
vn -0.0093 0.1160 0.9932
vn -0.0227 0.0725 0.9971
vn -0.0311 0.0408 0.9987
vn -0.0387 0.0146 0.9991
vn -0.0389 0.0147 0.9991
vn -0.0389 0.0148 0.9991
vn -0.0394 0.1326 0.9904
vn -0.0394 0.1327 0.9904
vn -0.0394 0.1328 0.9904
vn -0.0530 0.0901 0.9945
vn -0.0530 0.0900 0.9945
vn -0.0624 0.0587 0.9963
vn -0.0696 0.0267 0.9972
vn -0.0693 0.0268 0.9972
vn -0.0693 0.0269 0.9972
vn -0.0697 0.1478 0.9866
vn -0.0692 0.1477 0.9866
vn -0.0693 0.1477 0.9866
vn -0.0831 0.1057 0.9909
vn -0.0831 0.1058 0.9909
vn -0.0831 0.1056 0.9909
vn -0.0930 0.0747 0.9929
vn -0.0931 0.0745 0.9929
vn -0.0931 0.0746 0.9929
vn -0.1053 0.0448 0.9934
vn -0.0979 0.1607 0.9821
vn -0.0978 0.1608 0.9821
vn -0.1121 0.1194 0.9865
vn -0.1122 0.1196 0.9865
vn -0.1121 0.1193 0.9865
vn -0.1120 0.1194 0.9865
vn -0.1228 0.0885 0.9885
vn -0.1228 0.0884 0.9885
vn -0.1227 0.0881 0.9885
vn -0.1316 0.0552 0.9898
vn -0.1316 0.0551 0.9898
vn -0.1316 0.0553 0.9898
vn -0.1253 0.1720 0.9771
vn -0.1253 0.1718 0.9771
vn -0.1252 0.1721 0.9771
vn -0.1403 0.1302 0.9815
vn -0.1519 0.1000 0.9833
vn -0.1519 0.1001 0.9833
vn -0.1801 0.0489 0.9824
vn -0.1801 0.0486 0.9824
vn -0.1802 0.0490 0.9824
vn -0.1531 0.1814 0.9714
vn -0.1531 0.1813 0.9714
vn -0.1689 0.1395 0.9757
vn -0.1813 0.1100 0.9773
vn -0.1813 0.1101 0.9773
vn -0.1813 0.1101 0.9772
vn -0.1951 0.0507 0.9795
vn -0.1947 0.0510 0.9795
vn -0.1819 0.1904 0.9647
vn -0.1819 0.1905 0.9647
vn -0.1986 0.1486 0.9688
vn -0.1986 0.1486 0.9687
vn -0.2118 0.1201 0.9699
vn -0.2545 0.0572 0.9654
vn -0.2556 0.0553 0.9652
vn -0.2517 0.0557 0.9662
vn -0.2112 0.1991 0.9570
vn -0.2292 0.1588 0.9603
vn -0.2431 0.1324 0.9609
vn -0.2602 0.0535 0.9641
vn -0.2418 0.2090 0.9476
vn -0.2418 0.2090 0.9475
vn -0.2610 0.1725 0.9498
vn -0.2763 0.1493 0.9494
vn -0.3935 -0.0271 0.9189
vn -0.3935 -0.0272 0.9189
vn 0.2444 0.0506 0.9684
vn 0.2373 -0.0140 0.9713
vn 0.2412 -0.0590 0.9687
vn 0.2493 -0.0936 0.9639
vn 0.2573 -0.0662 0.9641
vn -0.3294 0.1509 0.9321
vn -0.2938 0.1957 0.9356
vn -0.2726 0.2278 0.9348
vn -0.2484 0.2742 0.9290
vn -0.2187 0.2629 0.9397
vn -0.1897 0.2577 0.9474
vn -0.1617 0.2483 0.9551
vn -0.1617 0.2482 0.9551
vn -0.1618 0.2481 0.9551
vn -0.1336 0.2375 0.9621
vn -0.1337 0.2379 0.9621
vn -0.1337 0.2378 0.9621
vn -0.1336 0.2377 0.9621
vn -0.1067 0.2271 0.9680
vn -0.1065 0.2272 0.9680
vn -0.1067 0.2272 0.9680
vn -0.1067 0.2273 0.9680
vn -0.0792 0.2160 0.9732
vn -0.0791 0.2161 0.9732
vn -0.0791 0.2159 0.9732
vn -0.0507 0.2033 0.9778
vn -0.0507 0.2032 0.9778
vn -0.0203 0.1890 0.9818
vn -0.0203 0.1889 0.9818
vn -0.0203 0.1891 0.9818
vn 0.0103 0.1741 0.9847
vn 0.0416 0.1579 0.9866
vn 0.0416 0.1581 0.9865
vn 0.0416 0.1580 0.9866
vn 0.0758 0.1401 0.9872
vn 0.1138 0.1206 0.9862
vn 0.1540 0.0996 0.9830
vn 0.1943 0.0726 0.9783
vn 0.4713 0.8588 -0.2009
vn 0.4349 0.8777 -0.2014
vn 0.4019 0.8933 -0.2012
vn 0.3714 0.9065 -0.2011
vn 0.3713 0.9064 -0.2012
vn 0.3713 0.9064 -0.2011
vn 0.3433 0.9174 -0.2013
vn 0.3433 0.9174 -0.2014
vn 0.3172 0.9265 -0.2025
vn 0.3172 0.9265 -0.2024
vn 0.3171 0.9266 -0.2023
vn 0.2910 0.9347 -0.2040
vn 0.2910 0.9346 -0.2043
vn 0.2910 0.9348 -0.2038
vn 0.2910 0.9348 -0.2037
vn 0.2645 0.9420 -0.2067
vn 0.2646 0.9420 -0.2066
vn 0.2646 0.9420 -0.2065
vn 0.2392 0.9480 -0.2099
vn 0.2392 0.9480 -0.2098
vn 0.2392 0.9481 -0.2097
vn 0.2392 0.9480 -0.2100
vn 0.2142 0.9531 -0.2137
vn 0.1887 0.9575 -0.2181
vn 0.1619 0.9614 -0.2224
vn 0.1338 0.9648 -0.2262
vn 0.1338 0.9649 -0.2262
vn 0.1038 0.9680 -0.2285
vn 0.4833 0.8385 -0.2518
vn 0.4414 0.8599 -0.2565
vn 0.4044 0.8776 -0.2574
vn 0.3709 0.8924 -0.2571
vn 0.3406 0.9045 -0.2565
vn 0.3406 0.9046 -0.2565
vn 0.3121 0.9148 -0.2565
vn 0.3121 0.9148 -0.2566
vn 0.3121 0.9148 -0.2564
vn 0.2840 0.9233 -0.2587
vn 0.2840 0.9233 -0.2586
vn 0.2841 0.9233 -0.2586
vn 0.2840 0.9233 -0.2584
vn 0.2559 0.9307 -0.2613
vn 0.2559 0.9307 -0.2612
vn 0.2559 0.9308 -0.2611
vn 0.2286 0.9369 -0.2645
vn 0.2286 0.9369 -0.2644
vn 0.2016 0.9419 -0.2686
vn 0.1739 0.9460 -0.2735
vn 0.1447 0.9497 -0.2778
vn 0.1139 0.9532 -0.2802
vn 0.0805 0.9568 -0.2792
vn 0.0805 0.9569 -0.2792
vn 0.4953 0.8136 -0.3045
vn 0.4480 0.8376 -0.3127
vn 0.4067 0.8574 -0.3155
vn 0.3699 0.8738 -0.3156
vn 0.3366 0.8873 -0.3153
vn 0.3365 0.8872 -0.3155
vn 0.3053 0.8985 -0.3153
vn 0.3052 0.8983 -0.3161
vn 0.3054 0.8983 -0.3159
vn 0.3054 0.8986 -0.3152
vn 0.2756 0.9073 -0.3176
vn 0.2752 0.9074 -0.3176
vn 0.2755 0.9072 -0.3178
vn 0.2450 0.9152 -0.3201
vn 0.2450 0.9151 -0.3202
vn 0.2156 0.9215 -0.3230
vn 0.1865 0.9265 -0.3269
vn 0.1865 0.9265 -0.3268
vn 0.1567 0.9305 -0.3311
vn 0.1252 0.9341 -0.3343
vn 0.0919 0.9378 -0.3348
vn 0.0534 0.9414 -0.3329
vn 0.5054 0.7838 -0.3610
vn 0.4531 0.8107 -0.3707
vn 0.4076 0.8327 -0.3748
vn 0.3674 0.8506 -0.3761
vn 0.3674 0.8506 -0.3762
vn 0.3310 0.8652 -0.3767
vn 0.3310 0.8652 -0.3768
vn 0.2971 0.8769 -0.3780
vn 0.2971 0.8768 -0.3781
vn 0.2971 0.8769 -0.3779
vn 0.2642 0.8864 -0.3800
vn 0.2642 0.8864 -0.3801
vn 0.2320 0.8945 -0.3823
vn 0.2319 0.8944 -0.3825
vn 0.2320 0.8944 -0.3823
vn 0.2320 0.8945 -0.3822
vn 0.2006 0.9010 -0.3845
vn 0.2006 0.9011 -0.3845
vn 0.2006 0.9010 -0.3846
vn 0.1694 0.9063 -0.3872
vn 0.1694 0.9063 -0.3873
vn 0.1375 0.9104 -0.3901
vn 0.1038 0.9141 -0.3921
vn 0.1038 0.9141 -0.3920
vn 0.1038 0.9140 -0.3921
vn 0.0676 0.9176 -0.3917
vn 0.0219 0.9204 -0.3904
vn 0.5123 0.7504 -0.4177
vn 0.4555 0.7801 -0.4289
vn 0.4062 0.8038 -0.4346
vn 0.3626 0.8228 -0.4376
vn 0.3230 0.8380 -0.4397
vn 0.2864 0.8501 -0.4419
vn 0.2864 0.8501 -0.4418
vn 0.2512 0.8599 -0.4443
vn 0.2512 0.8600 -0.4442
vn 0.2512 0.8600 -0.4441
vn 0.2512 0.8601 -0.4441
vn 0.2169 0.8683 -0.4460
vn 0.2169 0.8684 -0.4460
vn 0.2169 0.8684 -0.4459
vn 0.2169 0.8684 -0.4458
vn 0.1838 0.8752 -0.4474
vn 0.1838 0.8753 -0.4474
vn 0.1838 0.8752 -0.4475
vn 0.1508 0.8809 -0.4486
vn 0.1170 0.8855 -0.4497
vn 0.1170 0.8855 -0.4496
vn 0.0817 0.8895 -0.4496
vn 0.0422 0.8927 -0.4487
vn -0.0109 0.8942 -0.4475
vn 0.5147 0.7138 -0.4749
vn 0.4542 0.7460 -0.4870
vn 0.4542 0.7460 -0.4871
vn 0.4542 0.7459 -0.4871
vn 0.4014 0.7709 -0.4945
vn 0.3548 0.7905 -0.4993
vn 0.3548 0.7904 -0.4993
vn 0.3548 0.7905 -0.4992
vn 0.3125 0.8059 -0.5029
vn 0.3122 0.8057 -0.5034
vn 0.3124 0.8058 -0.5030
vn 0.2734 0.8183 -0.5056
vn 0.2734 0.8183 -0.5057
vn 0.2363 0.8285 -0.5077
vn 0.2362 0.8284 -0.5079
vn 0.2362 0.8284 -0.5080
vn 0.2362 0.8285 -0.5078
vn 0.2003 0.8370 -0.5092
vn 0.1656 0.8442 -0.5098
vn 0.1312 0.8503 -0.5097
vn 0.0960 0.8555 -0.5089
vn 0.0962 0.8555 -0.5088
vn 0.0959 0.8555 -0.5088
vn 0.0593 0.8600 -0.5069
vn 0.0166 0.8631 -0.5047
vn -0.0425 0.8636 -0.5023
vn 0.5114 0.6739 -0.5332
vn 0.5114 0.6739 -0.5333
vn 0.4480 0.7083 -0.5456
vn 0.4480 0.7086 -0.5452
vn 0.4480 0.7082 -0.5456
vn 0.4480 0.7082 -0.5457
vn 0.3926 0.7341 -0.5540
vn 0.3924 0.7341 -0.5542
vn 0.3926 0.7343 -0.5538
vn 0.3927 0.7341 -0.5540
vn 0.3436 0.7540 -0.5598
vn 0.2992 0.7698 -0.5638
vn 0.2992 0.7697 -0.5639
vn 0.2992 0.7697 -0.5640
vn 0.2583 0.7823 -0.5668
vn 0.2197 0.7927 -0.5687
vn 0.2197 0.7927 -0.5686
vn 0.1826 0.8014 -0.5696
vn 0.1826 0.8014 -0.5695
vn 0.1827 0.8015 -0.5695
vn 0.1826 0.8013 -0.5697
vn 0.1467 0.8088 -0.5695
vn 0.1468 0.8089 -0.5694
vn 0.1112 0.8153 -0.5683
vn 0.1112 0.8153 -0.5682
vn 0.1112 0.8152 -0.5684
vn 0.1112 0.8151 -0.5685
vn 0.0751 0.8206 -0.5665
vn 0.0751 0.8207 -0.5665
vn 0.0751 0.8207 -0.5664
vn 0.0373 0.8255 -0.5632
vn 0.0373 0.8257 -0.5629
vn 0.0373 0.8256 -0.5631
vn -0.0077 0.8291 -0.5591
vn -0.0706 0.8292 -0.5544
vn 0.5010 0.6310 -0.5923
vn 0.4362 0.6670 -0.6041
vn 0.4362 0.6670 -0.6040
vn 0.3793 0.6936 -0.6124
vn 0.3286 0.7137 -0.6186
vn 0.3287 0.7138 -0.6184
vn 0.2833 0.7297 -0.6223
vn 0.2413 0.7426 -0.6248
vn 0.2416 0.7422 -0.6251
vn 0.2413 0.7425 -0.6248
vn 0.2020 0.7531 -0.6261
vn 0.2020 0.7532 -0.6260
vn 0.1641 0.7618 -0.6267
vn 0.1641 0.7615 -0.6270
vn 0.1274 0.7693 -0.6260
vn 0.1274 0.7694 -0.6259
vn 0.1276 0.7695 -0.6257
vn 0.1274 0.7694 -0.6260
vn 0.0912 0.7758 -0.6244
vn 0.0912 0.7757 -0.6245
vn 0.0912 0.7757 -0.6244
vn 0.0544 0.7813 -0.6217
vn 0.0544 0.7813 -0.6218
vn 0.0163 0.7862 -0.6178
vn 0.0164 0.7865 -0.6174
vn 0.0162 0.7860 -0.6180
vn 0.0162 0.7860 -0.6181
vn -0.0296 0.7903 -0.6120
vn -0.0296 0.7903 -0.6121
vn -0.0939 0.7913 -0.6042
vn -0.0940 0.7911 -0.6044
vn -0.0939 0.7914 -0.6041
vn 0.4831 0.5847 -0.6518
vn 0.4831 0.5847 -0.6517
vn 0.4178 0.6213 -0.6629
vn 0.3604 0.6475 -0.6715
vn 0.3604 0.6475 -0.6714
vn 0.3093 0.6670 -0.6779
vn 0.3093 0.6670 -0.6778
vn 0.2631 0.6822 -0.6822
vn 0.2631 0.6822 -0.6821
vn 0.2208 0.6948 -0.6845
vn 0.1810 0.7055 -0.6852
vn 0.1810 0.7054 -0.6853
vn 0.1427 0.7144 -0.6851
vn 0.1427 0.7144 -0.6850
vn 0.1058 0.7219 -0.6838
vn 0.1058 0.7220 -0.6838
vn 0.0697 0.7286 -0.6814
vn 0.0696 0.7284 -0.6816
vn 0.0697 0.7285 -0.6815
vn 0.0332 0.7346 -0.6777
vn -0.0049 0.7399 -0.6727
vn -0.0492 0.7457 -0.6645
vn -0.1125 0.7485 -0.6535
vn -0.1125 0.7486 -0.6535
vn 0.4574 0.5345 -0.7107
vn 0.3930 0.5703 -0.7213
vn 0.3358 0.5948 -0.7304
vn 0.2847 0.6124 -0.7375
vn 0.2384 0.6261 -0.7424
vn 0.1962 0.6376 -0.7449
vn 0.1962 0.6377 -0.7449
vn 0.1565 0.6481 -0.7453
vn 0.1565 0.6480 -0.7453
vn 0.1184 0.6573 -0.7443
vn 0.1184 0.6574 -0.7442
vn 0.1184 0.6573 -0.7442
vn 0.0820 0.6653 -0.7420
vn 0.0820 0.6654 -0.7420
vn 0.0466 0.6728 -0.7384
vn 0.0466 0.6728 -0.7383
vn 0.0112 0.6803 -0.7328
vn 0.0112 0.6803 -0.7329
vn -0.0256 0.6869 -0.7263
vn -0.0669 0.6943 -0.7165
vn -0.0669 0.6943 -0.7166
vn -0.1268 0.6999 -0.7029
vn 0.4240 0.4786 -0.7689
vn 0.4240 0.4787 -0.7688
vn 0.3616 0.5128 -0.7786
vn 0.3056 0.5350 -0.7876
vn 0.2552 0.5501 -0.7951
vn 0.2096 0.5617 -0.8004
vn 0.1679 0.5720 -0.8029
vn 0.1679 0.5719 -0.8029
vn 0.1290 0.5822 -0.8028
vn 0.1291 0.5823 -0.8027
vn 0.1290 0.5820 -0.8029
vn 0.0915 0.5916 -0.8010
vn 0.0916 0.5916 -0.8010
vn 0.0917 0.5916 -0.8010
vn 0.0562 0.6006 -0.7976
vn 0.0563 0.6004 -0.7977
vn 0.0565 0.6007 -0.7975
vn 0.0561 0.6008 -0.7974
vn 0.0224 0.6093 -0.7926
vn -0.0112 0.6185 -0.7857
vn -0.0460 0.6272 -0.7775
vn -0.0842 0.6356 -0.7674
vn -0.1382 0.6435 -0.7529
vn 0.3833 0.4157 -0.8248
vn 0.3242 0.4473 -0.8336
vn 0.2704 0.4672 -0.8418
vn 0.2215 0.4805 -0.8486
vn 0.1774 0.4902 -0.8534
vn 0.1371 0.4993 -0.8555
vn 0.1371 0.4994 -0.8555
vn 0.0994 0.5092 -0.8549
vn 0.0994 0.5091 -0.8549
vn 0.0634 0.5191 -0.8524
vn 0.0631 0.5187 -0.8526
vn 0.0633 0.5189 -0.8525
vn 0.0634 0.5192 -0.8523
vn 0.0296 0.5291 -0.8481
vn 0.0296 0.5290 -0.8481
vn -0.0024 0.5395 -0.8420
vn -0.0338 0.5506 -0.8341
vn -0.0664 0.5610 -0.8251
vn -0.1019 0.5695 -0.8156
vn -0.1481 0.5789 -0.8018
vn 0.3387 0.3500 -0.8734
vn 0.2828 0.3757 -0.8825
vn 0.2317 0.3921 -0.8903
vn 0.1851 0.4039 -0.8959
vn 0.1431 0.4129 -0.8995
vn 0.1049 0.4219 -0.9006
vn 0.1049 0.4219 -0.9005
vn 0.0691 0.4320 -0.8992
vn 0.0693 0.4322 -0.8991
vn 0.0692 0.4318 -0.8993
vn 0.0344 0.4426 -0.8961
vn 0.0342 0.4426 -0.8961
vn 0.0342 0.4425 -0.8961
vn 0.0343 0.4425 -0.8961
vn 0.0025 0.4535 -0.8912
vn 0.0025 0.4535 -0.8913
vn -0.0274 0.4652 -0.8848
vn -0.0567 0.4777 -0.8767
vn -0.0870 0.4898 -0.8675
vn -0.1193 0.5000 -0.8578
vn -0.1576 0.5109 -0.8451
vn -0.1576 0.5108 -0.8451
vn 0.2913 0.2790 -0.9150
vn 0.2388 0.2965 -0.9247
vn 0.1915 0.3103 -0.9312
vn 0.1915 0.3103 -0.9311
vn 0.1478 0.3225 -0.9350
vn 0.1086 0.3325 -0.9368
vn 0.1086 0.3326 -0.9368
vn 0.0730 0.3428 -0.9366
vn 0.0730 0.3427 -0.9366
vn 0.0729 0.3433 -0.9364
vn 0.0730 0.3432 -0.9364
vn 0.0391 0.3536 -0.9346
vn 0.0392 0.3537 -0.9345
vn 0.0393 0.3537 -0.9345
vn 0.0393 0.3536 -0.9346
vn 0.0063 0.3654 -0.9308
vn 0.0062 0.3652 -0.9309
vn 0.0063 0.3653 -0.9309
vn -0.0240 0.3770 -0.9259
vn -0.0240 0.3768 -0.9260
vn -0.0240 0.3769 -0.9260
vn -0.0523 0.3892 -0.9197
vn -0.0523 0.3891 -0.9197
vn -0.0799 0.4020 -0.9121
vn -0.0799 0.4020 -0.9122
vn -0.1084 0.4147 -0.9035
vn -0.1374 0.4270 -0.8938
vn -0.1374 0.4270 -0.8937
vn -0.1687 0.4401 -0.8820
vn 0.4966 0.8556 -0.1461
vn 0.4613 0.8748 -0.1480
vn 0.4302 0.8908 -0.1462
vn 0.4302 0.8908 -0.1463
vn 0.4302 0.8908 -0.1464
vn 0.4006 0.9044 -0.1471
vn 0.4006 0.9043 -0.1472
vn 0.3716 0.9164 -0.1490
vn 0.3715 0.9164 -0.1488
vn 0.3718 0.9163 -0.1488
vn 0.3719 0.9163 -0.1489
vn 0.3458 0.9262 -0.1503
vn 0.3457 0.9262 -0.1503
vn 0.3455 0.9263 -0.1503
vn 0.3210 0.9348 -0.1522
vn 0.3210 0.9348 -0.1523
vn 0.3208 0.9348 -0.1526
vn 0.3207 0.9348 -0.1524
vn 0.2964 0.9425 -0.1544
vn 0.2714 0.9495 -0.1572
vn 0.2715 0.9494 -0.1578
vn 0.2714 0.9496 -0.1570
vn 0.2475 0.9556 -0.1597
vn 0.2475 0.9556 -0.1598
vn 0.2243 0.9608 -0.1628
vn 0.2243 0.9608 -0.1627
vn 0.2243 0.9609 -0.1626
vn 0.2242 0.9609 -0.1623
vn 0.2004 0.9656 -0.1660
vn 0.2004 0.9656 -0.1659
vn 0.2004 0.9656 -0.1658
vn 0.1755 0.9699 -0.1690
vn 0.1754 0.9699 -0.1690
vn 0.1499 0.9736 -0.1720
vn 0.1499 0.9736 -0.1719
vn 0.1234 0.9765 -0.1767
vn 0.1234 0.9765 -0.1766
vn 0.0949 0.9796 -0.1769
vn 0.0717 0.9721 -0.2235
vn 0.0440 0.9617 -0.2706
vn 0.0098 0.9450 -0.3269
vn -0.0289 0.9206 -0.3895
vn -0.0672 0.8907 -0.4497
vn -0.0672 0.8906 -0.4497
vn -0.1019 0.8575 -0.5043
vn -0.1299 0.8238 -0.5518
vn -0.1510 0.7886 -0.5960
vn -0.1508 0.7887 -0.5960
vn -0.1665 0.7505 -0.6396
vn -0.1785 0.7058 -0.6856
vn -0.1889 0.6515 -0.7348
vn -0.1889 0.6515 -0.7347
vn -0.1976 0.5872 -0.7850
vn -0.2035 0.5180 -0.8308
vn -0.2076 0.4494 -0.8689
vn -0.2076 0.4493 -0.8689
vn -0.2150 0.3768 -0.9010
vn -0.1842 0.3645 -0.9128
vn -0.1581 0.3497 -0.9234
vn -0.1310 0.3382 -0.9319
vn -0.1310 0.3380 -0.9320
vn -0.1311 0.3380 -0.9320
vn -0.1034 0.3262 -0.9396
vn -0.1034 0.3263 -0.9396
vn -0.0765 0.3142 -0.9463
vn -0.0764 0.3139 -0.9464
vn -0.0765 0.3143 -0.9462
vn -0.0765 0.3144 -0.9462
vn -0.0494 0.3024 -0.9519
vn -0.0494 0.3023 -0.9519
vn -0.0493 0.3024 -0.9519
vn -0.0203 0.2899 -0.9568
vn -0.0203 0.2900 -0.9568
vn 0.0109 0.2771 -0.9608
vn 0.0109 0.2770 -0.9608
vn 0.0427 0.2645 -0.9634
vn 0.0427 0.2644 -0.9635
vn 0.0427 0.2645 -0.9635
vn 0.0755 0.2521 -0.9647
vn 0.0760 0.2518 -0.9648
vn 0.0759 0.2519 -0.9648
vn 0.0759 0.2517 -0.9648
vn 0.1121 0.2385 -0.9646
vn 0.1121 0.2386 -0.9646
vn 0.1122 0.2388 -0.9646
vn 0.1121 0.2387 -0.9646
vn 0.1524 0.2236 -0.9627
vn 0.1952 0.2077 -0.9585
vn 0.2423 0.1959 -0.9502
vn 0.2938 0.1746 -0.9398
vn 0.3467 0.2452 -0.9054
vn 0.3467 0.2452 -0.9053
vn 0.3467 0.2451 -0.9054
vn 0.3975 0.3041 -0.8658
vn 0.3975 0.3041 -0.8657
vn 0.4473 0.3638 -0.8171
vn 0.4930 0.4247 -0.7593
vn 0.5299 0.4805 -0.6988
vn 0.5574 0.5319 -0.6375
vn 0.5574 0.5319 -0.6374
vn 0.5757 0.5810 -0.5754
vn 0.5846 0.6275 -0.5144
vn 0.5845 0.6275 -0.5143
vn 0.5849 0.6717 -0.4547
vn 0.5781 0.7127 -0.3972
vn 0.5782 0.7127 -0.3971
vn 0.5781 0.7128 -0.3972
vn 0.5658 0.7508 -0.3410
vn 0.5494 0.7851 -0.2860
vn 0.5312 0.8134 -0.2370
vn 0.5129 0.8365 -0.1927
vn 0.5129 0.8366 -0.1927
vn 0.0254 0.9903 0.1368
vn -0.0283 0.9820 0.1870
vn -0.0283 0.9819 0.1870
vn -0.1026 0.9651 0.2408
vn -0.1026 0.9652 0.2407
vn -0.1026 0.9651 0.2409
vn -0.1859 0.9378 0.2932
vn -0.2656 0.8946 0.3593
vn -0.3247 0.8489 0.4170
vn -0.3687 0.8042 0.4662
vn -0.3687 0.8042 0.4661
vn 0.0003 0.9955 0.0952
vn 0.0003 0.9955 0.0951
vn -0.0789 0.9875 0.1362
vn -0.1846 0.9599 0.2109
vn -0.2737 0.9219 0.2743
vn -0.3486 0.8764 0.3322
vn -0.4096 0.8249 0.3896
vn -0.4597 0.7678 0.4464
vn -0.4597 0.7677 0.4464
vn -0.0292 0.9975 0.0644
vn -0.1245 0.9864 0.1069
vn -0.1246 0.9864 0.1070
vn -0.2430 0.9548 0.1712
vn -0.3460 0.9100 0.2286
vn -0.4293 0.8583 0.2811
vn -0.5010 0.7959 0.3398
vn -0.5508 0.7317 0.4015
vn -0.0493 0.9981 0.0356
vn -0.0493 0.9982 0.0356
vn -0.1648 0.9830 0.0812
vn -0.3033 0.9444 0.1267
vn -0.4232 0.8917 0.1604
vn -0.5275 0.8271 0.1939
vn -0.5275 0.8272 0.1939
vn -0.6165 0.7494 0.2416
vn -0.6814 0.6650 0.3058
vn -0.0660 0.9974 0.0272
vn -0.0629 0.9977 0.0271
vn -0.0690 0.9974 0.0229
vn -0.2072 0.9762 0.0639
vn -0.2074 0.9762 0.0638
vn -0.3697 0.9253 0.0841
vn -0.5061 0.8579 0.0889
vn -0.6242 0.7751 0.0979
vn -0.7281 0.6742 0.1239
vn -0.9321 0.3021 0.2000
vn -0.9320 0.3021 0.2001
vn -0.9321 0.3021 0.2001
vn -0.9321 0.3021 0.1999
vn -0.0693 0.9974 0.0199
vn -0.0721 0.9973 0.0145
vn -0.2546 0.9656 0.0529
vn -0.4368 0.8983 0.0474
vn -0.5815 0.8130 0.0291
vn -0.7023 0.7116 0.0188
vn -0.9357 0.3517 -0.0295
vn -0.9357 0.3516 -0.0295
vn -0.3120 0.3454 0.8851
vn -0.3751 0.2925 0.8796
vn -0.3751 0.2924 0.8796
vn -0.3751 0.2926 0.8796
vn -0.5380 0.2193 0.8139
vn -0.5380 0.2192 0.8139
vn -0.3324 0.4387 0.8349
vn -0.3324 0.4388 0.8349
vn -0.3324 0.4386 0.8349
vn -0.4641 0.3645 0.8073
vn -0.4641 0.3647 0.8073
vn -0.4640 0.3647 0.8072
vn -0.5837 0.1794 0.7919
vn -0.3846 0.5035 0.7737
vn -0.3846 0.5036 0.7736
vn -0.3846 0.5034 0.7737
vn -0.5305 0.4537 0.7161
vn -0.6125 0.3734 0.6968
vn -0.6124 0.3735 0.6967
vn -0.6125 0.3734 0.6967
vn -0.6124 0.3734 0.6968
vn -0.6713 0.1095 0.7330
vn -0.6713 0.1096 0.7330
vn -0.4366 0.5671 0.6984
vn -0.4366 0.5672 0.6984
vn -0.4366 0.5670 0.6984
vn -0.5538 0.5078 0.6599
vn -0.6279 0.4330 0.6467
vn -0.8403 0.2922 0.4567
vn -0.8402 0.2922 0.4568
vn -0.8402 0.2923 0.4567
vn -0.4432 0.6495 0.6178
vn -0.5511 0.5762 0.6035
vn -0.5511 0.5763 0.6035
vn -0.5510 0.5763 0.6035
vn -0.6288 0.4999 0.5956
vn -0.7381 0.1522 0.6572
vn -0.7381 0.1522 0.6573
vn -0.7381 0.1523 0.6572
vn -0.4273 0.7109 0.5586
vn -0.4274 0.7108 0.5586
vn -0.5306 0.6449 0.5501
vn -0.5306 0.6447 0.5502
vn -0.5305 0.6450 0.5500
vn -0.6153 0.5705 0.5439
vn -0.6154 0.5704 0.5440
vn -0.8617 0.4809 0.1620
vn -0.8617 0.4808 0.1622
vn -0.8617 0.4808 0.1621
vn -0.3004 0.3846 -0.8728
vn -0.3005 0.3849 -0.8727
vn -0.3068 0.4782 -0.8229
vn -0.3144 0.5672 -0.7612
vn -0.3245 0.6441 -0.6927
vn -0.3352 0.7025 -0.6278
vn -0.3424 0.7432 -0.5748
vn -0.3409 0.7749 -0.5323
vn -0.3414 0.3489 -0.8728
vn -0.3804 0.4390 -0.8140
vn -0.3804 0.4391 -0.8140
vn -0.3804 0.4389 -0.8140
vn -0.4192 0.5238 -0.7415
vn -0.4192 0.5238 -0.7416
vn -0.4192 0.5239 -0.7415
vn -0.4570 0.5941 -0.6620
vn -0.4570 0.5940 -0.6620
vn -0.4751 0.6719 -0.5682
vn -0.4839 0.7131 -0.5073
vn -0.4850 0.7401 -0.4658
vn -0.5042 0.2409 -0.8293
vn -0.5043 0.2407 -0.8293
vn -0.5042 0.2408 -0.8293
vn -0.5210 0.1765 -0.8351
vn -0.5210 0.1766 -0.8351
vn -0.5137 0.4108 -0.7532
vn -0.5137 0.4107 -0.7533
vn -0.7967 0.4932 -0.3493
vn -0.7967 0.4931 -0.3494
vn -0.7967 0.4932 -0.3492
vn -0.7159 0.3346 -0.6128
vn -0.6160 0.6298 -0.4732
vn -0.6160 0.6298 -0.4733
vn -0.6160 0.6297 -0.4733
vn -0.5923 0.7034 -0.3929
vn -0.5119 0.2840 -0.8107
vn -0.8673 0.4915 0.0792
vn -0.8617 0.3310 -0.3845
vn -0.8618 0.3310 -0.3844
vn -0.8618 0.3310 -0.3845
vn -0.8617 0.3310 -0.3846
vn 0.0228 0.9881 -0.1522
vn 0.0029 0.9937 -0.1124
vn 0.0027 0.9937 -0.1123
vn 0.0026 0.9937 -0.1123
vn -0.0137 0.9964 -0.0842
vn -0.0137 0.9964 -0.0840
vn -0.0254 0.9980 -0.0583
vn -0.0255 0.9980 -0.0582
vn -0.0368 0.9988 -0.0320
vn -0.0499 0.9987 -0.0101
vn -0.0673 0.9977 0.0119
vn -0.0637 0.9980 0.0054
vn -0.0686 0.9976 0.0082
vn -0.0276 0.9783 -0.2053
vn -0.0593 0.9852 -0.1609
vn -0.0969 0.9870 -0.1284
vn -0.0968 0.9870 -0.1284
vn -0.1641 0.9808 -0.1056
vn -0.1641 0.9808 -0.1057
vn -0.2525 0.9635 -0.0885
vn -0.3145 0.9479 -0.0506
vn -0.3265 0.9452 -0.0008
vn -0.3263 0.9453 -0.0004
vn -0.0906 0.9577 -0.2732
vn -0.1676 0.9548 -0.2456
vn -0.2846 0.9320 -0.2244
vn -0.4009 0.8999 -0.1715
vn -0.4671 0.8759 -0.1210
vn -0.5059 0.8593 -0.0749
vn -0.5160 0.8561 -0.0285
vn -0.5160 0.8561 -0.0283
vn -0.1714 0.9195 -0.3537
vn -0.2937 0.9018 -0.3169
vn -0.4232 0.8663 -0.2654
vn -0.5188 0.8305 -0.2029
vn -0.5837 0.7989 -0.1450
vn -0.6282 0.7726 -0.0922
vn -0.6282 0.7725 -0.0922
vn -0.6477 0.7604 -0.0478
vn -0.6479 0.7602 -0.0479
vn -0.2446 0.8760 -0.4156
vn -0.3836 0.8493 -0.3626
vn -0.5061 0.8099 -0.2964
vn -0.5991 0.7675 -0.2278
vn -0.6660 0.7277 -0.1639
vn -0.7179 0.6883 -0.1045
vn -0.7178 0.6884 -0.1045
vn -0.7178 0.6883 -0.1045
vn -0.7510 0.6582 -0.0520
vn -0.2983 0.8341 -0.4640
vn -0.4401 0.8040 -0.3999
vn -0.5600 0.7615 -0.3264
vn -0.5599 0.7615 -0.3264
vn -0.6515 0.7158 -0.2515
vn -0.6515 0.7157 -0.2515
vn -0.7193 0.6708 -0.1807
vn -0.7193 0.6707 -0.1807
vn -0.7193 0.6708 -0.1806
vn -0.9266 0.3736 -0.0436
vn -0.9265 0.3736 -0.0436
vn -0.8941 0.3801 -0.2369
vn -0.8941 0.3801 -0.2368
vn -0.8941 0.3801 -0.2370
vn -0.4036 0.7569 0.5140
vn -0.4037 0.7569 0.5140
vn -0.5007 0.7059 0.5011
vn -0.5902 0.6556 0.4711
vn -0.8460 0.2810 0.4531
vn -0.8460 0.2811 0.4531
vn -0.3262 0.8051 -0.4954
vn -0.4686 0.7726 -0.4285
vn -0.4687 0.7725 -0.4285
vn -0.4686 0.7726 -0.4284
vn -0.5816 0.7340 -0.3506
vn -0.5817 0.7339 -0.3507
vn -0.5818 0.7339 -0.3507
vn -0.6682 0.6929 -0.2710
vn -0.8833 0.4223 -0.2037
vn -0.8833 0.4223 -0.2036
vn -0.8833 0.4223 -0.2038
vn -0.2997 0.9535 0.0311
vn -0.2996 0.9535 0.0311
vn -0.4909 0.8712 0.0088
vn -0.6329 0.7740 -0.0173
vn -0.7470 0.6637 -0.0390
vn -0.9149 0.3756 0.1479
vn -0.9149 0.3756 0.1478
vn 0.0762 0.9882 0.1332
vn 0.0762 0.9882 0.1331
vn 0.0444 0.9826 0.1802
vn 0.0121 0.9741 0.2257
vn -0.0276 0.9600 0.2787
vn -0.0789 0.9374 0.3393
vn -0.0789 0.9374 0.3392
vn -0.1369 0.9084 0.3951
vn -0.1923 0.8754 0.4435
vn -0.2378 0.8369 0.4930
vn 0.0680 0.9931 0.0952
vn 0.0680 0.9931 0.0951
vn 0.0680 0.9931 0.0950
vn 0.0578 0.9960 0.0677
vn 0.0431 0.9982 0.0418
vn 0.0237 0.9995 0.0214
vn 0.0071 1.0000 0.0060
vn 0.0074 0.9999 0.0075
vn 0.0092 0.9999 0.0108
vn 0.0056 1.0000 0.0034
vn 0.0062 1.0000 -0.0002
vn 0.0054 1.0000 -0.0019
vn 0.0061 1.0000 -0.0048
vn -0.2641 0.3245 0.9083
vn -0.2641 0.3244 0.9083
vn -0.2983 0.2721 0.9149
vn -0.3251 0.2370 0.9155
vn -0.3642 0.1609 0.9173
vn -0.3642 0.1611 0.9173
vn -0.2631 0.4004 0.8777
vn -0.2631 0.4005 0.8777
vn -0.2617 0.4693 0.8433
vn -0.2617 0.4693 0.8434
vn -0.2590 0.5417 0.7997
vn -0.2550 0.6335 0.7305
vn -0.2655 0.6969 0.6662
vn -0.2768 0.7442 0.6079
vn -0.2685 0.7913 0.5494
vn -0.2685 0.7913 0.5493
vn -0.2562 0.3466 -0.9024
vn -0.2566 0.3469 -0.9021
vn -0.2566 0.3468 -0.9022
vn -0.2546 0.4306 -0.8659
vn -0.2512 0.5097 -0.8229
vn -0.2466 0.5850 -0.7726
vn -0.2417 0.6529 -0.7178
vn -0.2374 0.7085 -0.6646
vn -0.2327 0.7513 -0.6176
vn -0.2238 0.7859 -0.5765
vn -0.2238 0.7858 -0.5765
vn -0.2885 0.3008 -0.9090
vn -0.3131 0.2712 -0.9102
vn -0.3605 0.0989 -0.9275
vn 0.0751 0.9861 -0.1484
vn 0.0751 0.9861 -0.1485
vn 0.0751 0.9860 -0.1486
vn 0.0663 0.9917 -0.1106
vn 0.0663 0.9916 -0.1106
vn 0.0663 0.9916 -0.1108
vn 0.0550 0.9951 -0.0820
vn 0.0417 0.9974 -0.0582
vn 0.0417 0.9974 -0.0583
vn 0.0302 0.9988 -0.0384
vn 0.0161 0.9998 -0.0126
vn 0.0211 0.9995 -0.0220
vn 0.0174 0.9997 -0.0188
vn 0.0112 0.9999 -0.0101
vn 0.0094 0.9999 -0.0059
vn 0.0434 0.9796 -0.1962
vn 0.0080 0.9686 -0.2485
vn -0.0358 0.9497 -0.3111
vn -0.0862 0.9209 -0.3802
vn -0.1361 0.8858 -0.4437
vn -0.1789 0.8489 -0.4973
vn -0.2065 0.8183 -0.5364
vn 0.1045 0.9713 0.2139
vn 0.1349 0.9681 0.2111
vn 0.1633 0.9646 0.2069
vn 0.1905 0.9606 0.2025
vn 0.2161 0.9561 0.1980
vn 0.2161 0.9561 0.1979
vn 0.2411 0.9509 0.1939
vn 0.2411 0.9509 0.1938
vn 0.2664 0.9448 0.1908
vn 0.2664 0.9448 0.1907
vn 0.2927 0.9375 0.1885
vn 0.2926 0.9375 0.1885
vn 0.3188 0.9292 0.1870
vn 0.3187 0.9292 0.1869
vn 0.3187 0.9292 0.1871
vn 0.3187 0.9292 0.1870
vn 0.3450 0.9199 0.1864
vn 0.3452 0.9198 0.1865
vn 0.3454 0.9199 0.1858
vn 0.3730 0.9089 0.1866
vn 0.3730 0.9088 0.1867
vn 0.3730 0.9088 0.1869
vn 0.3730 0.9088 0.1868
vn 0.4036 0.8956 0.1871
vn 0.4036 0.8956 0.1872
vn 0.4367 0.8798 0.1880
vn 0.4732 0.8606 0.1881
vn 0.0813 0.9610 0.2643
vn 0.1147 0.9572 0.2657
vn 0.1460 0.9538 0.2626
vn 0.1756 0.9501 0.2579
vn 0.2036 0.9459 0.2527
vn 0.2036 0.9459 0.2526
vn 0.2036 0.9459 0.2528
vn 0.2307 0.9408 0.2483
vn 0.2580 0.9345 0.2452
vn 0.2580 0.9345 0.2451
vn 0.2579 0.9345 0.2452
vn 0.2579 0.9345 0.2453
vn 0.2865 0.9269 0.2424
vn 0.2865 0.9269 0.2425
vn 0.2862 0.9269 0.2428
vn 0.2862 0.9269 0.2427
vn 0.3143 0.9182 0.2412
vn 0.3142 0.9184 0.2406
vn 0.3143 0.9182 0.2413
vn 0.3143 0.9181 0.2416
vn 0.3429 0.9078 0.2414
vn 0.3732 0.8955 0.2426
vn 0.4069 0.8804 0.2436
vn 0.4440 0.8623 0.2434
vn 0.4861 0.8406 0.2392
vn 0.4861 0.8405 0.2392
vn 0.0556 0.9468 0.3169
vn 0.0921 0.9426 0.3211
vn 0.1261 0.9390 0.3201
vn 0.1581 0.9354 0.3162
vn 0.1581 0.9354 0.3163
vn 0.1885 0.9314 0.3115
vn 0.1885 0.9314 0.3114
vn 0.2178 0.9263 0.3076
vn 0.2178 0.9263 0.3075
vn 0.2179 0.9263 0.3074
vn 0.2177 0.9262 0.3077
vn 0.2474 0.9198 0.3044
vn 0.2474 0.9198 0.3045
vn 0.2474 0.9199 0.3044
vn 0.2778 0.9119 0.3021
vn 0.2778 0.9119 0.3022
vn 0.3083 0.9026 0.3005
vn 0.3083 0.9026 0.3006
vn 0.3083 0.9025 0.3006
vn 0.3395 0.8913 0.3006
vn 0.3395 0.8913 0.3005
vn 0.3730 0.8774 0.3016
vn 0.3730 0.8775 0.3015
vn 0.4100 0.8606 0.3020
vn 0.4515 0.8404 0.2999
vn 0.4989 0.8159 0.2922
vn 0.0276 0.9272 0.3735
vn 0.0674 0.9230 0.3789
vn 0.1041 0.9195 0.3790
vn 0.1384 0.9160 0.3765
vn 0.1385 0.9160 0.3765
vn 0.1711 0.9119 0.3731
vn 0.2028 0.9066 0.3701
vn 0.2343 0.9000 0.3677
vn 0.2345 0.8999 0.3678
vn 0.2343 0.8999 0.3678
vn 0.2340 0.9000 0.3676
vn 0.2672 0.8916 0.3656
vn 0.2672 0.8916 0.3655
vn 0.3003 0.8818 0.3637
vn 0.3003 0.8818 0.3638
vn 0.3345 0.8697 0.3631
vn 0.3345 0.8697 0.3630
vn 0.3712 0.8547 0.3630
vn 0.3712 0.8547 0.3629
vn 0.4116 0.8363 0.3622
vn 0.4575 0.8136 0.3588
vn 0.5101 0.7860 0.3494
vn -0.0002 0.9029 0.4299
vn 0.0423 0.8988 0.4363
vn 0.0813 0.8952 0.4382
vn 0.1175 0.8914 0.4377
vn 0.1176 0.8914 0.4377
vn 0.1521 0.8868 0.4364
vn 0.1520 0.8868 0.4364
vn 0.1857 0.8811 0.4349
vn 0.2196 0.8741 0.4332
vn 0.2196 0.8741 0.4333
vn 0.2544 0.8654 0.4317
vn 0.2542 0.8656 0.4314
vn 0.2544 0.8656 0.4313
vn 0.2899 0.8554 0.4293
vn 0.2899 0.8554 0.4292
vn 0.3271 0.8428 0.4274
vn 0.3669 0.8272 0.4257
vn 0.4109 0.8075 0.4231
vn 0.4608 0.7830 0.4178
vn 0.5179 0.7524 0.4070
vn 0.5179 0.7525 0.4070
vn -0.0273 0.8737 0.4858
vn -0.0273 0.8736 0.4858
vn 0.0175 0.8697 0.4933
vn 0.0175 0.8697 0.4932
vn 0.0582 0.8657 0.4971
vn 0.0959 0.8613 0.4989
vn 0.1319 0.8562 0.4995
vn 0.1319 0.8563 0.4994
vn 0.1672 0.8501 0.4994
vn 0.1672 0.8501 0.4995
vn 0.2027 0.8427 0.4987
vn 0.2027 0.8427 0.4988
vn 0.2394 0.8336 0.4978
vn 0.2394 0.8336 0.4977
vn 0.2769 0.8233 0.4955
vn 0.2768 0.8232 0.4957
vn 0.2769 0.8234 0.4953
vn 0.2770 0.8235 0.4952
vn 0.3167 0.8107 0.4924
vn 0.3595 0.7947 0.4890
vn 0.3595 0.7948 0.4889
vn 0.3595 0.7947 0.4891
vn 0.4068 0.7745 0.4844
vn 0.4067 0.7745 0.4845
vn 0.4068 0.7745 0.4845
vn 0.4600 0.7488 0.4771
vn 0.5210 0.7157 0.4651
vn 0.5210 0.7157 0.4650
vn 0.5210 0.7158 0.4650
vn -0.0529 0.8389 0.5418
vn -0.0529 0.8389 0.5417
vn -0.0062 0.8353 0.5498
vn -0.0062 0.8353 0.5497
vn 0.0356 0.8311 0.5550
vn 0.0356 0.8311 0.5549
vn 0.0744 0.8264 0.5582
vn 0.1114 0.8209 0.5601
vn 0.1114 0.8208 0.5603
vn 0.1474 0.8142 0.5616
vn 0.1474 0.8141 0.5617
vn 0.1478 0.8143 0.5614
vn 0.1478 0.8144 0.5612
vn 0.1845 0.8067 0.5614
vn 0.1845 0.8067 0.5615
vn 0.2225 0.7978 0.5604
vn 0.2225 0.7977 0.5605
vn 0.2617 0.7871 0.5585
vn 0.2617 0.7871 0.5586
vn 0.2619 0.7874 0.5581
vn 0.2619 0.7871 0.5584
vn 0.3035 0.7742 0.5554
vn 0.3036 0.7742 0.5553
vn 0.3037 0.7739 0.5557
vn 0.3036 0.7738 0.5559
vn 0.3487 0.7580 0.5512
vn 0.3984 0.7376 0.5452
vn 0.3984 0.7376 0.5453
vn 0.4544 0.7108 0.5369
vn 0.4544 0.7109 0.5368
vn 0.5184 0.6757 0.5241
vn -0.0761 0.7984 0.5973
vn -0.0760 0.7985 0.5971
vn -0.0286 0.7954 0.6054
vn -0.0287 0.7955 0.6052
vn -0.0285 0.7956 0.6052
vn 0.0140 0.7915 0.6111
vn 0.0140 0.7914 0.6111
vn 0.0141 0.7915 0.6110
vn 0.0534 0.7864 0.6153
vn 0.0533 0.7864 0.6154
vn 0.0533 0.7865 0.6153
vn 0.0909 0.7808 0.6182
vn 0.0910 0.7807 0.6183
vn 0.0909 0.7807 0.6183
vn 0.0909 0.7807 0.6182
vn 0.1280 0.7742 0.6199
vn 0.1280 0.7743 0.6198
vn 0.1278 0.7738 0.6204
vn 0.1656 0.7665 0.6205
vn 0.1656 0.7666 0.6204
vn 0.1656 0.7666 0.6205
vn 0.2044 0.7575 0.6200
vn 0.2447 0.7467 0.6185
vn 0.2448 0.7465 0.6187
vn 0.2447 0.7467 0.6186
vn 0.2875 0.7336 0.6157
vn 0.3339 0.7175 0.6113
vn 0.3853 0.6968 0.6050
vn 0.4429 0.6696 0.5962
vn 0.4430 0.6696 0.5962
vn 0.5086 0.6329 0.5838
vn 0.5085 0.6328 0.5839
vn -0.0971 0.7515 0.6525
vn -0.0971 0.7515 0.6526
vn -0.0971 0.7516 0.6525
vn -0.0497 0.7490 0.6607
vn -0.0076 0.7443 0.6678
vn 0.0313 0.7386 0.6734
vn 0.0686 0.7322 0.6776
vn 0.0686 0.7320 0.6778
vn 0.0686 0.7321 0.6778
vn 0.1052 0.7252 0.6805
vn 0.1057 0.7253 0.6803
vn 0.1435 0.7174 0.6818
vn 0.1435 0.7174 0.6817
vn 0.1437 0.7178 0.6813
vn 0.1826 0.7086 0.6816
vn 0.1825 0.7086 0.6816
vn 0.1826 0.7084 0.6818
vn 0.1826 0.7087 0.6814
vn 0.2236 0.6974 0.6809
vn 0.2669 0.6848 0.6781
vn 0.2669 0.6847 0.6782
vn 0.3142 0.6694 0.6732
vn 0.3663 0.6499 0.6659
vn 0.3663 0.6499 0.6660
vn 0.4247 0.6233 0.6566
vn 0.4908 0.5860 0.6448
vn -0.1158 0.6980 0.7067
vn -0.0697 0.6952 0.7154
vn -0.0292 0.6893 0.7239
vn 0.0083 0.6819 0.7314
vn 0.0445 0.6740 0.7374
vn 0.0445 0.6739 0.7375
vn 0.0807 0.6659 0.7416
vn 0.1180 0.6577 0.7440
vn 0.1180 0.6576 0.7440
vn 0.1571 0.6484 0.7449
vn 0.1571 0.6485 0.7448
vn 0.1571 0.6483 0.7450
vn 0.1979 0.6379 0.7443
vn 0.1979 0.6378 0.7443
vn 0.2412 0.6264 0.7413
vn 0.2887 0.6129 0.7355
vn 0.3410 0.5955 0.7274
vn 0.3410 0.5954 0.7274
vn 0.3994 0.5710 0.7173
vn 0.4648 0.5346 0.7058
vn -0.1330 0.6373 0.7591
vn -0.0890 0.6342 0.7680
vn -0.0505 0.6267 0.7776
vn -0.0505 0.6268 0.7776
vn -0.0151 0.6172 0.7867
vn 0.0191 0.6070 0.7945
vn 0.0191 0.6071 0.7944
vn 0.0537 0.5975 0.8001
vn 0.0537 0.5976 0.8000
vn 0.0899 0.5883 0.8036
vn 0.0899 0.5884 0.8035
vn 0.1282 0.5787 0.8054
vn 0.1681 0.5687 0.8052
vn 0.1681 0.5688 0.8051
vn 0.2110 0.5588 0.8020
vn 0.2579 0.5478 0.7959
vn 0.3097 0.5332 0.7873
vn 0.3670 0.5112 0.7772
vn 0.4305 0.4767 0.7664
vn -0.1491 0.5694 0.8084
vn -0.1491 0.5694 0.8085
vn -0.1080 0.5658 0.8174
vn -0.0719 0.5569 0.8274
vn -0.0719 0.5570 0.8274
vn -0.0389 0.5453 0.8373
vn -0.0070 0.5331 0.8460
vn 0.0256 0.5218 0.8527
vn 0.0256 0.5219 0.8526
vn 0.0255 0.5221 0.8525
vn 0.0600 0.5117 0.8571
vn 0.0970 0.5017 0.8596
vn 0.0970 0.5016 0.8597
vn 0.0970 0.5018 0.8595
vn 0.0970 0.5023 0.8592
vn 0.1356 0.4920 0.8600
vn 0.1770 0.4834 0.8573
vn 0.2225 0.4745 0.8517
vn 0.2728 0.4620 0.8439
vn 0.3278 0.4425 0.8347
vn 0.3881 0.4108 0.8250
vn -0.1629 0.5001 0.8505
vn -0.1261 0.4932 0.8607
vn -0.0935 0.4816 0.8714
vn -0.0627 0.4684 0.8813
vn -0.0331 0.4548 0.8900
vn -0.0027 0.4424 0.8968
vn 0.0299 0.4312 0.9018
vn 0.0297 0.4313 0.9017
vn 0.0298 0.4311 0.9018
vn 0.0651 0.4206 0.9049
vn 0.1018 0.4109 0.9060
vn 0.1018 0.4108 0.9060
vn 0.1018 0.4110 0.9059
vn 0.1410 0.4024 0.9045
vn 0.1410 0.4024 0.9046
vn 0.1841 0.3942 0.9004
vn 0.2320 0.3831 0.8941
vn 0.2843 0.3673 0.8856
vn 0.3415 0.3418 0.8755
vn -0.1763 0.4283 0.8863
vn -0.1449 0.4162 0.8977
vn -0.1155 0.4027 0.9080
vn -0.0867 0.3890 0.9172
vn -0.0586 0.3754 0.9250
vn -0.0301 0.3627 0.9314
vn -0.0301 0.3626 0.9314
vn -0.0301 0.3626 0.9315
vn 0.0007 0.3505 0.9366
vn 0.0007 0.3508 0.9365
vn 0.0007 0.3507 0.9365
vn 0.0007 0.3506 0.9365
vn 0.0340 0.3389 0.9402
vn 0.0344 0.3384 0.9404
vn 0.0339 0.3389 0.9402
vn 0.0339 0.3390 0.9402
vn 0.0684 0.3282 0.9421
vn 0.1048 0.3185 0.9421
vn 0.1048 0.3184 0.9421
vn 0.1449 0.3089 0.9400
vn 0.1448 0.3089 0.9400
vn 0.1895 0.2975 0.9357
vn 0.2381 0.2843 0.9287
vn 0.2919 0.2676 0.9183
vn 0.0958 0.9821 0.1621
vn 0.1247 0.9790 0.1616
vn 0.1247 0.9789 0.1616
vn 0.1513 0.9760 0.1566
vn 0.1770 0.9721 0.1538
vn 0.1770 0.9721 0.1537
vn 0.2021 0.9677 0.1506
vn 0.2021 0.9677 0.1505
vn 0.2259 0.9629 0.1475
vn 0.2259 0.9629 0.1476
vn 0.2259 0.9629 0.1477
vn 0.2491 0.9576 0.1445
vn 0.2491 0.9576 0.1446
vn 0.2732 0.9514 0.1418
vn 0.2732 0.9514 0.1419
vn 0.2732 0.9515 0.1418
vn 0.2732 0.9515 0.1416
vn 0.2978 0.9444 0.1397
vn 0.3222 0.9366 0.1377
vn 0.3220 0.9368 0.1371
vn 0.3468 0.9280 0.1359
vn 0.3466 0.9281 0.1362
vn 0.3466 0.9281 0.1361
vn 0.3731 0.9179 0.1351
vn 0.3730 0.9180 0.1349
vn 0.3730 0.9180 0.1350
vn 0.3732 0.9179 0.1348
vn 0.4015 0.9060 0.1338
vn 0.4015 0.9060 0.1339
vn 0.4015 0.9061 0.1338
vn 0.4015 0.9060 0.1336
vn 0.4312 0.8924 0.1331
vn 0.4313 0.8923 0.1330
vn 0.4312 0.8924 0.1332
vn 0.4624 0.8763 0.1351
vn 0.4977 0.8570 0.1336
vn 0.5148 0.8382 0.1803
vn 0.5339 0.8151 0.2248
vn 0.5339 0.8152 0.2248
vn 0.5531 0.7868 0.2740
vn 0.5706 0.7522 0.3295
vn 0.5706 0.7523 0.3295
vn 0.5838 0.7140 0.3864
vn 0.5915 0.6728 0.4445
vn 0.5919 0.6284 0.5047
vn 0.5837 0.5817 0.5665
vn 0.5657 0.5323 0.6298
vn 0.5380 0.4795 0.6933
vn 0.5002 0.4217 0.7563
vn 0.4529 0.3579 0.8166
vn 0.4011 0.2954 0.8671
vn 0.3482 0.2338 0.9078
vn 0.2926 0.1598 0.9428
vn 0.2401 0.1807 0.9538
vn 0.1920 0.1917 0.9625
vn 0.1920 0.1916 0.9625
vn 0.1920 0.1918 0.9625
vn 0.1484 0.2072 0.9670
vn 0.1075 0.2220 0.9691
vn 0.0707 0.2353 0.9693
vn 0.0707 0.2352 0.9694
vn 0.0710 0.2353 0.9693
vn 0.0708 0.2353 0.9693
vn 0.0372 0.2479 0.9681
vn 0.0372 0.2478 0.9681
vn 0.0049 0.2603 0.9655
vn 0.0050 0.2603 0.9655
vn 0.0050 0.2605 0.9655
vn -0.0266 0.2732 0.9616
vn -0.0266 0.2733 0.9616
vn -0.0559 0.2856 0.9567
vn -0.0836 0.2978 0.9510
vn -0.0835 0.2979 0.9509
vn -0.0835 0.2980 0.9509
vn -0.1107 0.3103 0.9442
vn -0.1107 0.3102 0.9442
vn -0.1385 0.3227 0.9363
vn -0.1385 0.3228 0.9363
vn -0.1385 0.3226 0.9363
vn -0.1662 0.3349 0.9275
vn -0.1924 0.3504 0.9166
vn -0.2234 0.3598 0.9059
vn -0.2139 0.4306 0.8768
vn -0.2074 0.4953 0.8436
vn -0.1985 0.5628 0.8024
vn -0.1861 0.6308 0.7533
vn -0.1861 0.6307 0.7533
vn -0.1711 0.6928 0.7005
vn -0.1711 0.6929 0.7005
vn -0.1524 0.7501 0.6435
vn -0.1306 0.8008 0.5845
vn -0.1067 0.8423 0.5284
vn -0.1067 0.8423 0.5283
vn -0.0787 0.8778 0.4725
vn -0.0474 0.9084 0.4153
vn -0.0152 0.9335 0.3583
vn 0.0167 0.9528 0.3030
vn 0.0462 0.9663 0.2532
vn 0.0724 0.9753 0.2087
vn 0.4655 0.8840 0.0433
vn 0.4655 0.8840 0.0432
vn 0.4331 0.9001 0.0467
vn 0.4332 0.9001 0.0467
vn 0.4332 0.9001 0.0468
vn 0.4038 0.9134 0.0508
vn 0.3763 0.9249 0.0548
vn 0.3764 0.9249 0.0547
vn 0.3513 0.9344 0.0588
vn 0.3512 0.9344 0.0590
vn 0.3518 0.9342 0.0588
vn 0.3515 0.9344 0.0586
vn 0.3275 0.9428 0.0625
vn 0.3275 0.9428 0.0624
vn 0.3042 0.9504 0.0653
vn 0.3042 0.9504 0.0655
vn 0.3046 0.9502 0.0654
vn 0.2806 0.9575 0.0674
vn 0.2806 0.9574 0.0675
vn 0.2806 0.9574 0.0676
vn 0.2581 0.9636 0.0690
vn 0.2582 0.9636 0.0689
vn 0.2581 0.9637 0.0688
vn 0.2360 0.9693 0.0696
vn 0.2360 0.9692 0.0697
vn 0.2359 0.9693 0.0695
vn 0.2359 0.9693 0.0697
vn 0.2136 0.9744 0.0703
vn 0.2135 0.9744 0.0701
vn 0.2136 0.9744 0.0698
vn 0.2135 0.9744 0.0698
vn 0.1896 0.9794 0.0695
vn 0.1896 0.9794 0.0694
vn 0.1647 0.9839 0.0688
vn 0.1376 0.9881 0.0687
vn 0.4736 0.8805 0.0208
vn 0.4736 0.8805 0.0207
vn 0.4386 0.8984 0.0223
vn 0.4386 0.8984 0.0224
vn 0.4077 0.9127 0.0260
vn 0.3795 0.9247 0.0303
vn 0.3539 0.9346 0.0346
vn 0.3298 0.9433 0.0383
vn 0.3298 0.9433 0.0384
vn 0.3298 0.9433 0.0385
vn 0.3064 0.9510 0.0411
vn 0.3059 0.9512 0.0414
vn 0.3062 0.9511 0.0410
vn 0.3062 0.9511 0.0412
vn 0.2825 0.9583 0.0429
vn 0.2823 0.9583 0.0434
vn 0.2824 0.9583 0.0432
vn 0.2825 0.9583 0.0432
vn 0.2599 0.9646 0.0443
vn 0.2597 0.9647 0.0445
vn 0.2598 0.9646 0.0444
vn 0.2599 0.9646 0.0441
vn 0.2375 0.9704 0.0442
vn 0.2373 0.9704 0.0446
vn 0.2373 0.9704 0.0447
vn 0.2144 0.9758 0.0440
vn 0.1899 0.9809 0.0432
vn 0.1637 0.9856 0.0428
vn 0.1344 0.9899 0.0441
vn 0.4822 0.8761 0.0052
vn 0.4448 0.8956 0.0061
vn 0.4477 0.8942 0.0015
vn 0.4483 0.8939 -0.0006
vn 0.4123 0.9110 0.0091
vn 0.4145 0.9101 0.0049
vn 0.4155 0.9096 0.0029
vn 0.4123 0.9110 0.0092
vn 0.3859 0.9225 0.0054
vn 0.3831 0.9236 0.0132
vn 0.3839 0.9234 0.0089
vn 0.3567 0.9341 0.0174
vn 0.3576 0.9338 0.0137
vn 0.3611 0.9325 0.0109
vn 0.3319 0.9431 0.0209
vn 0.3284 0.9444 0.0132
vn 0.3306 0.9435 0.0219
vn 0.3097 0.9505 0.0234
vn 0.3077 0.9512 0.0233
vn 0.3076 0.9512 0.0231
vn 0.3098 0.9507 0.0099
vn 0.2838 0.9586 0.0247
vn 0.2841 0.9587 0.0121
vn 0.2838 0.9585 0.0252
vn 0.2837 0.9586 0.0251
vn 0.2605 0.9651 0.0255
vn 0.2609 0.9653 0.0135
vn 0.2603 0.9652 0.0253
vn 0.2605 0.9651 0.0260
vn 0.2368 0.9712 0.0247
vn 0.2374 0.9711 0.0261
vn 0.2372 0.9711 0.0266
vn 0.2372 0.9714 0.0140
vn 0.2130 0.9768 0.0237
vn 0.2137 0.9766 0.0254
vn 0.2137 0.9766 0.0255
vn 0.2130 0.9770 0.0141
vn 0.1884 0.9818 0.0245
vn 0.1871 0.9822 0.0135
vn 0.1874 0.9820 0.0221
vn 0.1594 0.9870 0.0218
vn 0.1608 0.9867 0.0243
vn 0.1586 0.9873 0.0131
vn 0.1296 0.9912 0.0258
vn 0.1296 0.9912 0.0259
vn 0.4936 0.8696 -0.0094
vn 0.4905 0.8714 -0.0060
vn 0.4945 0.8691 -0.0080
vn 0.4539 0.8910 -0.0068
vn 0.4533 0.8913 -0.0080
vn 0.4193 0.9079 -0.0042
vn 0.4189 0.9080 -0.0049
vn 0.3883 0.9215 -0.0018
vn 0.3881 0.9216 -0.0004
vn 0.3602 0.9329 0.0030
vn 0.3614 0.9324 0.0012
vn 0.3317 0.9434 0.0034
vn 0.3308 0.9437 0.0052
vn 0.3114 0.9503 0.0021
vn 0.3111 0.9503 0.0102
vn 0.2838 0.9589 0.0033
vn 0.2839 0.9588 0.0121
vn 0.2607 0.9654 0.0046
vn 0.2604 0.9654 0.0126
vn 0.2363 0.9716 0.0119
vn 0.2365 0.9716 0.0050
vn 0.2115 0.9773 0.0110
vn 0.2112 0.9774 0.0045
vn 0.1846 0.9828 0.0041
vn 0.1851 0.9827 0.0101
vn 0.1559 0.9877 0.0090
vn 0.1550 0.9879 0.0035
vn 0.1227 0.9924 0.0098
vn 0.1244 0.9922 0.0116
vn 0.1213 0.9926 0.0039
vn 0.4997 0.8661 -0.0128
vn 0.5010 0.8654 -0.0113
vn 0.4591 0.8883 -0.0101
vn 0.4581 0.8888 -0.0111
vn 0.4232 0.9060 -0.0081
vn 0.4224 0.9064 -0.0085
vn 0.3909 0.9204 -0.0058
vn 0.3913 0.9202 -0.0056
vn 0.3625 0.9320 -0.0035
vn 0.3625 0.9320 -0.0031
vn 0.3343 0.9424 -0.0026
vn 0.3350 0.9422 -0.0025
vn 0.3116 0.9502 0.0001
vn 0.3115 0.9503 -0.0028
vn 0.2847 0.9586 -0.0016
vn 0.2840 0.9588 0.0031
vn 0.2605 0.9655 -0.0012
vn 0.2603 0.9655 0.0033
vn 0.2357 0.9718 0.0035
vn 0.2356 0.9718 -0.0011
vn 0.2100 0.9777 0.0025
vn 0.2097 0.9778 -0.0011
vn 0.1823 0.9832 -0.0017
vn 0.1828 0.9831 0.0018
vn 0.1526 0.9883 0.0009
vn 0.1518 0.9884 -0.0022
vn 0.1181 0.9930 0.0010
vn 0.1170 0.9931 -0.0026
vn 0.5042 0.8635 -0.0122
vn 0.5049 0.8631 -0.0089
vn 0.4623 0.8867 -0.0083
vn 0.4618 0.8869 -0.0108
vn 0.4255 0.9049 -0.0071
vn 0.4251 0.9051 -0.0089
vn 0.3928 0.9196 -0.0068
vn 0.3932 0.9194 -0.0061
vn 0.3640 0.9314 -0.0052
vn 0.3636 0.9315 -0.0050
vn 0.3364 0.9417 -0.0039
vn 0.3367 0.9416 -0.0046
vn 0.3107 0.9505 -0.0036
vn 0.3106 0.9505 -0.0037
vn 0.2848 0.9586 -0.0022
vn 0.2848 0.9586 -0.0037
vn 0.2602 0.9656 -0.0020
vn 0.2602 0.9656 -0.0035
vn 0.2351 0.9720 -0.0020
vn 0.2349 0.9720 -0.0038
vn 0.2089 0.9779 -0.0023
vn 0.2087 0.9780 -0.0036
vn 0.1810 0.9835 -0.0031
vn 0.1806 0.9835 -0.0043
vn 0.1501 0.9887 -0.0037
vn 0.1496 0.9887 -0.0047
vn 0.1146 0.9934 -0.0039
vn 0.1139 0.9935 -0.0055
vn 0.5052 0.8629 -0.0081
vn 0.5058 0.8626 -0.0012
vn 0.4630 0.8863 -0.0079
vn 0.4633 0.8862 -0.0015
vn 0.4247 0.9053 -0.0056
vn 0.4261 0.9047 -0.0022
vn 0.3938 0.9192 -0.0058
vn 0.3937 0.9192 -0.0027
vn 0.3649 0.9310 -0.0029
vn 0.3643 0.9312 -0.0051
vn 0.3367 0.9416 -0.0034
vn 0.3370 0.9415 -0.0040
vn 0.3108 0.9505 -0.0039
vn 0.2851 0.9585 -0.0044
vn 0.2850 0.9585 -0.0039
vn 0.2598 0.9657 -0.0045
vn 0.2596 0.9657 -0.0041
vn 0.2345 0.9721 -0.0040
vn 0.2345 0.9721 -0.0039
vn 0.2083 0.9781 -0.0045
vn 0.2083 0.9780 -0.0041
vn 0.1800 0.9837 -0.0046
vn 0.1802 0.9836 -0.0046
vn 0.1486 0.9889 -0.0051
vn 0.1489 0.9888 -0.0053
vn 0.1131 0.9936 -0.0059
vn 0.1128 0.9936 -0.0055
vn 0.5050 0.8631 0.0012
vn 0.5045 0.8634 0.0003
vn 0.4621 0.8868 -0.0000
vn 0.4624 0.8867 0.0005
vn 0.4253 0.9051 -0.0011
vn 0.4257 0.9049 -0.0007
vn 0.3934 0.9194 -0.0019
vn 0.3929 0.9196 -0.0017
vn 0.3638 0.9315 -0.0028
vn 0.3641 0.9314 -0.0028
vn 0.3365 0.9417 -0.0041
vn 0.3367 0.9416 -0.0035
vn 0.3106 0.9505 -0.0039
vn 0.3104 0.9506 -0.0048
vn 0.2850 0.9585 -0.0040
vn 0.2851 0.9585 -0.0059
vn 0.2598 0.9656 -0.0072
vn 0.2602 0.9655 -0.0042
vn 0.2349 0.9720 -0.0059
vn 0.2341 0.9722 -0.0061
vn 0.2087 0.9780 -0.0063
vn 0.2084 0.9780 -0.0072
vn 0.1806 0.9835 -0.0057
vn 0.1806 0.9835 -0.0061
vn 0.1494 0.9888 -0.0062
vn 0.1496 0.9887 -0.0063
vn 0.1138 0.9935 -0.0064
vn 0.1135 0.9935 -0.0070
vn 0.5016 0.8651 0.0031
vn 0.5001 0.8660 0.0013
vn 0.4597 0.8881 0.0020
vn 0.4585 0.8887 0.0006
vn 0.4227 0.9063 -0.0013
vn 0.4236 0.9059 0.0001
vn 0.3917 0.9201 -0.0018
vn 0.3910 0.9204 -0.0037
vn 0.3625 0.9319 -0.0063
vn 0.3629 0.9318 -0.0036
vn 0.3355 0.9420 -0.0084
vn 0.3358 0.9419 -0.0050
vn 0.3098 0.9508 -0.0053
vn 0.3097 0.9508 -0.0102
vn 0.2850 0.9585 -0.0113
vn 0.2852 0.9584 -0.0060
vn 0.2599 0.9656 -0.0127
vn 0.2599 0.9656 -0.0089
vn 0.2340 0.9722 -0.0114
vn 0.2336 0.9723 -0.0125
vn 0.2084 0.9780 -0.0091
vn 0.2102 0.9776 -0.0111
vn 0.1817 0.9833 -0.0093
vn 0.1824 0.9832 -0.0106
vn 0.1517 0.9884 -0.0106
vn 0.1516 0.9884 -0.0096
vn 0.1166 0.9931 -0.0103
vn 0.1165 0.9931 -0.0110
vn 0.4959 0.8684 0.0010
vn 0.4938 0.8696 -0.0036
vn 0.4551 0.8904 -0.0001
vn 0.4535 0.8913 -0.0044
vn 0.4189 0.9080 -0.0068
vn 0.4201 0.9075 -0.0025
vn 0.3890 0.9212 -0.0054
vn 0.3882 0.9215 -0.0103
vn 0.3605 0.9327 -0.0137
vn 0.3609 0.9326 -0.0078
vn 0.3343 0.9423 -0.0166
vn 0.3345 0.9424 -0.0098
vn 0.3090 0.9510 -0.0111
vn 0.3090 0.9509 -0.0192
vn 0.2851 0.9584 -0.0114
vn 0.2843 0.9585 -0.0214
vn 0.2600 0.9654 -0.0225
vn 0.2602 0.9655 -0.0121
vn 0.2364 0.9714 -0.0206
vn 0.2326 0.9723 -0.0216
vn 0.2106 0.9775 -0.0156
vn 0.2140 0.9767 -0.0178
vn 0.1832 0.9829 -0.0166
vn 0.1846 0.9826 -0.0186
vn 0.1551 0.9877 -0.0185
vn 0.1539 0.9879 -0.0163
vn 0.1203 0.9926 -0.0180
vn 0.1210 0.9925 -0.0196
vn 0.4913 0.8710 -0.0044
vn 0.4494 0.8933 -0.0072
vn 0.4475 0.8941 -0.0148
vn 0.4145 0.9099 -0.0176
vn 0.4158 0.9094 -0.0097
vn 0.3856 0.9226 -0.0129
vn 0.3848 0.9228 -0.0216
vn 0.3584 0.9334 -0.0159
vn 0.3579 0.9334 -0.0258
vn 0.3326 0.9426 -0.0294
vn 0.3328 0.9428 -0.0186
vn 0.3080 0.9512 -0.0204
vn 0.3079 0.9509 -0.0327
vn 0.2838 0.9586 -0.0218
vn 0.2836 0.9583 -0.0353
vn 0.2597 0.9650 -0.0372
vn 0.2612 0.9650 -0.0219
vn 0.2367 0.9713 -0.0219
vn 0.2308 0.9724 -0.0334
vn 0.2101 0.9773 -0.0268
vn 0.2150 0.9761 -0.0313
vn 0.1852 0.9824 -0.0222
vn 0.1852 0.9825 -0.0221
vn 0.1562 0.9875 -0.0224
vn 0.1562 0.9875 -0.0225
vn 0.1232 0.9921 -0.0240
vn 0.4830 0.8755 -0.0161
vn 0.4454 0.8952 -0.0168
vn 0.4127 0.9106 -0.0195
vn 0.3834 0.9233 -0.0233
vn 0.3568 0.9338 -0.0273
vn 0.3317 0.9429 -0.0306
vn 0.3318 0.9429 -0.0307
vn 0.3075 0.9510 -0.0334
vn 0.2833 0.9584 -0.0352
vn 0.2599 0.9649 -0.0365
vn 0.2599 0.9650 -0.0364
vn 0.2367 0.9709 -0.0366
vn 0.2366 0.9709 -0.0369
vn 0.2128 0.9764 -0.0364
vn 0.2128 0.9764 -0.0365
vn 0.1873 0.9816 -0.0361
vn 0.1873 0.9816 -0.0363
vn 0.1873 0.9816 -0.0362
vn 0.1596 0.9865 -0.0367
vn 0.1282 0.9910 -0.0390
vn 0.1282 0.9910 -0.0391
vn 0.4743 0.8798 -0.0324
vn 0.4390 0.8978 -0.0337
vn 0.4390 0.8979 -0.0337
vn 0.4080 0.9122 -0.0373
vn 0.4080 0.9122 -0.0372
vn 0.3796 0.9242 -0.0413
vn 0.3539 0.9342 -0.0456
vn 0.3296 0.9428 -0.0493
vn 0.3058 0.9507 -0.0521
vn 0.3057 0.9507 -0.0519
vn 0.2818 0.9580 -0.0541
vn 0.2817 0.9580 -0.0540
vn 0.2818 0.9579 -0.0543
vn 0.2589 0.9643 -0.0556
vn 0.2591 0.9642 -0.0561
vn 0.2590 0.9643 -0.0557
vn 0.2589 0.9643 -0.0554
vn 0.2364 0.9700 -0.0563
vn 0.2133 0.9754 -0.0561
vn 0.2133 0.9754 -0.0562
vn 0.2133 0.9754 -0.0560
vn 0.1887 0.9804 -0.0558
vn 0.1887 0.9805 -0.0558
vn 0.1622 0.9852 -0.0560
vn 0.1621 0.9852 -0.0560
vn 0.1327 0.9895 -0.0581
vn 0.1326 0.9895 -0.0582
vn 0.4659 0.8831 -0.0556
vn 0.4333 0.8993 -0.0588
vn 0.4333 0.8993 -0.0589
vn 0.4039 0.9126 -0.0628
vn 0.4040 0.9126 -0.0628
vn 0.3762 0.9241 -0.0670
vn 0.3762 0.9241 -0.0669
vn 0.3510 0.9337 -0.0710
vn 0.3268 0.9421 -0.0749
vn 0.3271 0.9420 -0.0745
vn 0.3270 0.9421 -0.0747
vn 0.3032 0.9498 -0.0776
vn 0.3036 0.9497 -0.0774
vn 0.3036 0.9497 -0.0773
vn 0.3036 0.9496 -0.0773
vn 0.2800 0.9567 -0.0794
vn 0.2798 0.9567 -0.0796
vn 0.2801 0.9567 -0.0791
vn 0.2801 0.9567 -0.0793
vn 0.2570 0.9630 -0.0815
vn 0.2571 0.9629 -0.0815
vn 0.2572 0.9629 -0.0816
vn 0.2348 0.9685 -0.0826
vn 0.2348 0.9685 -0.0828
vn 0.2350 0.9685 -0.0828
vn 0.2122 0.9737 -0.0832
vn 0.2122 0.9737 -0.0831
vn 0.2122 0.9737 -0.0828
vn 0.2122 0.9737 -0.0829
vn 0.1882 0.9786 -0.0832
vn 0.1882 0.9786 -0.0833
vn 0.1882 0.9786 -0.0831
vn 0.1631 0.9831 -0.0831
vn 0.1359 0.9872 -0.0835
vn 0.4932 0.8665 0.0766
vn 0.4596 0.8847 0.0779
vn 0.4300 0.8990 0.0832
vn 0.4015 0.9118 0.0863
vn 0.4014 0.9118 0.0865
vn 0.4015 0.9118 0.0862
vn 0.3740 0.9232 0.0889
vn 0.3740 0.9231 0.0893
vn 0.3740 0.9231 0.0892
vn 0.3489 0.9326 0.0924
vn 0.3489 0.9326 0.0923
vn 0.3251 0.9409 0.0951
vn 0.3251 0.9409 0.0950
vn 0.3249 0.9410 0.0948
vn 0.3251 0.9409 0.0952
vn 0.3014 0.9484 0.0980
vn 0.3014 0.9484 0.0981
vn 0.3017 0.9484 0.0972
vn 0.3015 0.9485 0.0976
vn 0.2776 0.9555 0.1000
vn 0.2776 0.9555 0.0998
vn 0.2776 0.9555 0.0997
vn 0.2548 0.9616 0.1019
vn 0.2551 0.9616 0.1016
vn 0.2324 0.9671 0.1037
vn 0.2325 0.9671 0.1037
vn 0.2324 0.9671 0.1039
vn 0.2323 0.9671 0.1039
vn 0.2098 0.9721 0.1051
vn 0.2098 0.9721 0.1049
vn 0.2098 0.9721 0.1053
vn 0.1858 0.9768 0.1061
vn 0.1859 0.9767 0.1068
vn 0.1858 0.9769 0.1060
vn 0.1858 0.9769 0.1059
vn 0.1614 0.9811 0.1066
vn 0.1614 0.9811 0.1067
vn 0.1370 0.9850 0.1046
vn 0.1090 0.9884 0.1060
vn 0.1090 0.9884 0.1059
vn 0.1061 0.9916 0.0736
vn 0.0998 0.9937 0.0507
vn 0.0998 0.9937 0.0508
vn 0.0924 0.9952 0.0319
vn 0.0924 0.9952 0.0318
vn 0.0847 0.9963 0.0152
vn 0.0760 0.9971 0.0016
vn 0.0720 0.9974 -0.0020
vn 0.0722 0.9974 0.0010
vn 0.0653 0.9979 -0.0055
vn 0.0658 0.9978 -0.0041
vn 0.0636 0.9980 -0.0063
vn 0.0634 0.9980 -0.0062
vn 0.0650 0.9979 -0.0074
vn 0.0654 0.9978 -0.0088
vn 0.0703 0.9975 -0.0122
vn 0.0699 0.9975 -0.0136
vn 0.0735 0.9972 -0.0164
vn 0.0816 0.9963 -0.0281
vn 0.0902 0.9949 -0.0450
vn 0.0980 0.9930 -0.0654
vn 0.0980 0.9930 -0.0653
vn 0.1044 0.9905 -0.0890
vn 0.1074 0.9867 -0.1217
vn 0.1353 0.9835 -0.1200
vn 0.1353 0.9835 -0.1201
vn 0.1598 0.9797 -0.1212
vn 0.1598 0.9797 -0.1214
vn 0.1598 0.9796 -0.1216
vn 0.1598 0.9796 -0.1215
vn 0.1842 0.9754 -0.1212
vn 0.1843 0.9754 -0.1210
vn 0.2081 0.9708 -0.1196
vn 0.2083 0.9708 -0.1194
vn 0.2082 0.9708 -0.1194
vn 0.2312 0.9657 -0.1179
vn 0.2311 0.9657 -0.1180
vn 0.2311 0.9658 -0.1178
vn 0.2311 0.9658 -0.1177
vn 0.2533 0.9604 -0.1156
vn 0.2535 0.9604 -0.1159
vn 0.2533 0.9605 -0.1157
vn 0.2533 0.9604 -0.1158
vn 0.2765 0.9543 -0.1135
vn 0.2765 0.9543 -0.1134
vn 0.3007 0.9472 -0.1111
vn 0.3007 0.9472 -0.1112
vn 0.3007 0.9473 -0.1108
vn 0.3006 0.9473 -0.1106
vn 0.3243 0.9397 -0.1085
vn 0.3243 0.9397 -0.1083
vn 0.3243 0.9397 -0.1084
vn 0.3484 0.9314 -0.1053
vn 0.3483 0.9314 -0.1053
vn 0.3484 0.9315 -0.1050
vn 0.3481 0.9315 -0.1058
vn 0.3735 0.9220 -0.1023
vn 0.4010 0.9107 -0.0992
vn 0.4011 0.9106 -0.0993
vn 0.4010 0.9107 -0.0993
vn 0.4009 0.9107 -0.0994
vn 0.4296 0.8979 -0.0962
vn 0.4297 0.8978 -0.0961
vn 0.4297 0.8978 -0.0962
vn 0.4594 0.8835 -0.0909
vn 0.4594 0.8836 -0.0909
vn 0.4931 0.8654 -0.0895
vn 0.4931 0.8653 -0.0895
vn 0.5034 0.8621 -0.0581
vn 0.5154 0.8562 -0.0368
vn 0.5274 0.8494 -0.0203
vn 0.5441 0.8390 -0.0004
vn 0.5428 0.8399 -0.0056
vn 0.5385 0.8426 -0.0074
vn 0.5497 0.8354 -0.0008
vn 0.5519 0.8339 0.0022
vn 0.5554 0.8316 -0.0009
vn 0.5564 0.8309 0.0006
vn 0.5601 0.8284 -0.0058
vn 0.5558 0.8313 -0.0062
vn 0.5562 0.8310 -0.0105
vn 0.5556 0.8314 -0.0092
vn 0.5514 0.8342 -0.0132
vn 0.5503 0.8349 -0.0098
vn 0.5422 0.8403 -0.0057
vn 0.5417 0.8405 -0.0083
vn 0.5376 0.8432 -0.0034
vn 0.5266 0.8501 0.0090
vn 0.5266 0.8500 0.0090
vn 0.5147 0.8570 0.0248
vn 0.5030 0.8631 0.0455
vn 0.2335 0.9721 0.0221
vn 0.2335 0.9721 0.0220
vn 0.1892 0.9817 0.0237
vn 0.1277 0.9917 0.0147
vn 0.1277 0.9917 0.0148
vn 0.1276 0.9917 0.0149
vn -0.7951 0.5310 0.2930
vn 0.9128 0.3530 -0.2055
vn -0.5283 0.8278 0.1889
vn 0.8957 0.4232 -0.1365
vn -0.4167 0.8997 0.1303
vn 0.9496 0.2930 -0.1117
vn -0.6160 0.7807 0.1055
vn 0.8083 0.5868 -0.0482
vn -0.4354 0.8985 0.0560
vn -0.4354 0.8985 0.0559
vn 0.3402 0.9402 0.0176
vn 0.3402 0.9402 0.0175
vn 0.3403 0.9402 0.0175
vn 0.7377 0.6749 0.0139
vn 0.7376 0.6751 0.0136
vn 0.7376 0.6751 0.0137
vn -0.2121 0.9772 -0.0074
vn 0.7906 0.6106 0.0469
vn -0.3353 0.9398 -0.0664
vn 0.9696 0.1955 0.1469
vn -0.2500 0.9525 0.1738
vn -0.2499 0.9525 0.1738
vn -0.2499 0.9526 0.1738
vn 0.9750 0.1540 -0.1603
vn -0.5233 0.8467 0.0957
vn 0.8997 0.4332 -0.0534
vn -0.6905 0.7226 0.0321
vn 0.9567 0.2912 -0.0009
vn -0.4399 0.8978 -0.0232
vn 0.8879 0.4583 0.0412
vn -0.3329 0.9410 -0.0610
vn 0.8524 0.5172 0.0765
vn -0.6363 0.7612 -0.1255
vn -0.6363 0.7612 -0.1254
vn 0.9187 0.3690 0.1410
vn -0.3267 0.9382 -0.1143
vn -0.3267 0.9382 -0.1142
vn 0.8146 0.5496 0.1855
vn -0.4671 0.8688 -0.1643
vn -0.4669 0.8689 -0.1646
vn -0.4673 0.8687 -0.1641
vn -0.4669 0.8688 -0.1646
vn 0.9482 0.1178 0.2950
vn -0.3096 0.9288 -0.2035
vn -0.1743 0.3776 -0.9094
vn 0.2895 0.2962 0.9102
vn 0.0600 0.3633 -0.9297
vn 0.0600 0.3634 -0.9297
vn 0.0602 0.3632 -0.9298
vn 0.0598 0.3635 -0.9297
vn -0.3795 0.8511 -0.3627
vn -0.3795 0.8511 -0.3628
vn 0.8058 0.4223 0.4151
vn 0.8059 0.4223 0.4150
vn 0.8058 0.4223 0.4150
vn -0.6761 0.4409 -0.5903
vn -0.6760 0.4410 -0.5904
vn 0.7439 0.1993 0.6379
vn 0.7438 0.1993 0.6380
vn 0.7439 0.1993 0.6378
vn -0.3568 0.6911 -0.6285
vn -0.3567 0.6911 -0.6286
vn 0.6121 0.2292 0.7568
vn 0.6122 0.2292 0.7568
vn 0.6121 0.2292 0.7569
vn -0.1280 0.6513 -0.7480
vn -0.1280 0.6513 -0.7479
vn -0.2496 0.9222 0.2953
vn 0.8299 0.4379 -0.3458
vn 0.8300 0.4378 -0.3457
vn 0.8300 0.4377 -0.3457
vn 0.5258 0.8503 -0.0240
vn -0.2798 0.5963 0.7525
vn -0.2798 0.5962 0.7525
vn -0.2798 0.5963 0.7524
vn 0.8096 0.3571 -0.4658
vn 0.8097 0.3570 -0.4658
vn 0.6771 0.6672 -0.3105
vn 0.0048 0.4782 0.8782
vn 0.0048 0.4782 0.8783
vn 0.0048 0.4783 0.8782
vn 0.4384 0.1898 -0.8785
vn -0.0496 0.5147 0.8560
vn 0.0408 0.4608 0.8866
vn 0.3430 0.6070 -0.7169
vn 0.5001 0.1724 0.8486
vn 0.3165 0.2103 -0.9250
vn 0.2712 0.6443 0.7151
vn 0.8684 0.4172 0.2682
vn 0.7831 0.5841 -0.2135
vn 0.7831 0.5842 -0.2135
vn -0.0351 0.9564 0.2901
vn -0.0350 0.9563 0.2903
vn -0.0351 0.9563 0.2902
vn -0.0364 0.9945 0.0984
vn -0.0364 0.9945 0.0981
vn -0.0364 0.9945 0.0983
vn -0.0364 0.9945 -0.0982
vn -0.0364 0.9945 -0.0983
vn -0.0323 0.8813 -0.4714
vn -0.0323 0.8811 -0.4718
vn 0.0708 -0.3787 -0.9228
vn 0.0708 -0.3786 -0.9228
vn 0.1086 -0.5257 -0.8437
vn 0.1087 -0.5258 -0.8436
vn 0.1453 -0.6860 -0.7130
vn 0.1453 -0.6859 -0.7130
vn 0.1721 -0.8229 -0.5415
vn 0.1721 -0.8229 -0.5416
vt 0.477500 0.031200
vt 0.465000 0.028100
vt 0.466300 0.018600
vt 0.463500 0.037800
vt 0.476300 0.042300
vt 0.380500 0.052000
vt 0.378800 0.039600
vt 0.382700 0.037900
vt 0.385900 0.050500
vt 0.386400 0.036200
vt 0.391200 0.048900
vt 0.390100 0.034400
vt 0.396400 0.047100
vt 0.393600 0.032500
vt 0.401400 0.045100
vt 0.397100 0.030400
vt 0.406100 0.042900
vt 0.400300 0.028200
vt 0.410500 0.040200
vt 0.403300 0.025700
vt 0.414400 0.037100
vt 0.382000 0.064400
vt 0.388900 0.063100
vt 0.395800 0.061600
vt 0.402500 0.059900
vt 0.409000 0.058000
vt 0.415200 0.055500
vt 0.420900 0.052500
vt 0.425800 0.048700
vt 0.391700 0.075700
vt 0.383300 0.076900
vt 0.400000 0.074400
vt 0.408300 0.072900
vt 0.416500 0.071000
vt 0.424300 0.068500
vt 0.431400 0.065100
vt 0.437500 0.060600
vt 0.384500 0.089300
vt 0.394100 0.088400
vt 0.403800 0.087300
vt 0.385400 0.101700
vt 0.395900 0.101000
vt 0.397100 0.113700
vt 0.386000 0.114200
vt 0.419500 0.003500
vt 0.431500 0.005200
vt 0.429700 0.010300
vt 0.417500 0.007000
vt 0.443500 0.006700
vt 0.441900 0.013400
vt 0.454100 0.016200
vt 0.455500 0.008100
vt 0.427800 0.015300
vt 0.415500 0.010400
vt 0.440100 0.020000
vt 0.452500 0.024300
vt 0.425700 0.020200
vt 0.413300 0.013800
vt 0.438200 0.026500
vt 0.450700 0.032400
vt 0.423400 0.024900
vt 0.411100 0.017000
vt 0.435900 0.032700
vt 0.448600 0.040300
vt 0.461600 0.047600
vt 0.420800 0.029400
vt 0.408700 0.020100
vt 0.433200 0.038600
vt 0.445800 0.047900
vt 0.459000 0.057200
vt 0.417800 0.033400
vt 0.406100 0.023000
vt 0.429800 0.044000
vt 0.442200 0.054800
vt 0.426800 0.249400
vt 0.415100 0.248700
vt 0.413500 0.244600
vt 0.425500 0.242200
vt 0.411800 0.240700
vt 0.424100 0.236200
vt 0.410000 0.237300
vt 0.422400 0.230900
vt 0.408100 0.234100
vt 0.420500 0.226100
vt 0.406000 0.231100
vt 0.418300 0.221700
vt 0.403800 0.228400
vt 0.415600 0.217700
vt 0.401300 0.225900
vt 0.412500 0.214300
vt 0.437600 0.239700
vt 0.438600 0.248600
vt 0.436300 0.231800
vt 0.434900 0.224700
vt 0.433000 0.218200
vt 0.430700 0.212200
vt 0.427800 0.206900
vt 0.424000 0.202500
vt 0.450400 0.247300
vt 0.449600 0.237000
vt 0.448700 0.227600
vt 0.447400 0.218800
vt 0.445800 0.210400
vt 0.443500 0.202600
vt 0.440300 0.195800
vt 0.436000 0.190200
vt 0.462300 0.245800
vt 0.461800 0.234500
vt 0.461100 0.223700
vt 0.460100 0.213200
vt 0.458800 0.202900
vt 0.456800 0.193200
vt 0.453500 0.184500
vt 0.382200 0.215200
vt 0.378600 0.213900
vt 0.380300 0.201400
vt 0.385500 0.202600
vt 0.381800 0.188900
vt 0.388600 0.189900
vt 0.383200 0.176500
vt 0.391400 0.177200
vt 0.384400 0.164000
vt 0.393900 0.164500
vt 0.385300 0.151500
vt 0.395800 0.151800
vt 0.385900 0.139100
vt 0.397100 0.139100
vt 0.386200 0.126600
vt 0.397600 0.126400
vt 0.385700 0.216700
vt 0.390600 0.203900
vt 0.395200 0.191000
vt 0.399600 0.178100
vt 0.403400 0.165200
vt 0.395500 0.205300
vt 0.389100 0.218200
vt 0.401800 0.192400
vt 0.407700 0.179300
vt 0.413200 0.166100
vt 0.400300 0.207000
vt 0.392400 0.219900
vt 0.408100 0.194000
vt 0.415700 0.180800
vt 0.404800 0.209000
vt 0.395600 0.221700
vt 0.414000 0.196200
vt 0.423400 0.182900
vt 0.398500 0.223700
vt 0.408900 0.211400
vt 0.419400 0.198900
vt 0.430200 0.186000
vt 0.375000 0.041200
vt 0.375000 0.029000
vt 0.377200 0.027200
vt 0.379300 0.025300
vt 0.381500 0.023500
vt 0.383700 0.021700
vt 0.385800 0.019900
vt 0.388000 0.018100
vt 0.390200 0.016300
vt 0.392300 0.014500
vt 0.375000 0.053400
vt 0.375000 0.065700
vt 0.375000 0.077900
vt 0.375000 0.090100
vt 0.375000 0.102400
vt 0.375000 0.114600
vt 0.375000 0.126800
vt 0.409700 0.000000
vt 0.421500 0.000000
vt 0.407500 0.001800
vt 0.433200 0.000000
vt 0.445000 0.000000
vt 0.456800 0.000000
vt 0.405400 0.003600
vt 0.403200 0.005400
vt 0.401000 0.007200
vt 0.398900 0.009100
vt 0.396700 0.010900
vt 0.394500 0.012700
vt 0.403400 0.248400
vt 0.416500 0.255000
vt 0.405300 0.250000
vt 0.401500 0.246800
vt 0.399600 0.245300
vt 0.397700 0.243700
vt 0.395800 0.242100
vt 0.393900 0.240500
vt 0.392000 0.238900
vt 0.390100 0.237400
vt 0.427800 0.258400
vt 0.439400 0.258900
vt 0.451000 0.258500
vt 0.462600 0.257800
vt 0.375000 0.212500
vt 0.376900 0.226300
vt 0.375000 0.224700
vt 0.375000 0.200300
vt 0.375000 0.188000
vt 0.375000 0.175800
vt 0.375000 0.163600
vt 0.375000 0.151300
vt 0.375000 0.139100
vt 0.378800 0.227900
vt 0.380700 0.229500
vt 0.382600 0.231100
vt 0.384500 0.232600
vt 0.386400 0.234200
vt 0.388200 0.235800
vt 0.432600 0.782400
vt 0.433200 0.767400
vt 0.442500 0.769600
vt 0.442500 0.783300
vt 0.452300 0.770400
vt 0.452500 0.783900
vt 0.462400 0.770500
vt 0.462500 0.784100
vt 0.442100 0.797900
vt 0.432000 0.797400
vt 0.452300 0.798300
vt 0.462500 0.798500
vt 0.441600 0.813000
vt 0.431300 0.812800
vt 0.451900 0.813200
vt 0.462200 0.813300
vt 0.430500 0.828200
vt 0.441000 0.828400
vt 0.451500 0.828400
vt 0.461900 0.828500
vt 0.440400 0.843800
vt 0.429700 0.843800
vt 0.451000 0.843900
vt 0.461500 0.843900
vt 0.439700 0.859400
vt 0.428900 0.859400
vt 0.450400 0.859400
vt 0.461100 0.859400
vt 0.428100 0.875000
vt 0.439000 0.875000
vt 0.449800 0.875000
vt 0.460600 0.875000
vt 0.438300 0.890600
vt 0.427300 0.890600
vt 0.449200 0.890600
vt 0.460100 0.890600
vt 0.437600 0.906300
vt 0.426500 0.906300
vt 0.448600 0.906300
vt 0.459600 0.906300
vt 0.425600 0.921900
vt 0.436900 0.921900
vt 0.448000 0.921900
vt 0.459200 0.921900
vt 0.436100 0.937500
vt 0.424800 0.937500
vt 0.447400 0.937500
vt 0.458700 0.937500
vt 0.435400 0.953100
vt 0.424000 0.953100
vt 0.446800 0.953100
vt 0.458200 0.953100
vt 0.423100 0.968800
vt 0.434700 0.968800
vt 0.446200 0.968800
vt 0.457700 0.968800
vt 0.434000 0.984400
vt 0.422300 0.984400
vt 0.445600 0.984400
vt 0.457300 0.984400
vt 0.423800 0.765600
vt 0.424700 0.750000
vt 0.433200 0.754500
vt 0.442000 0.757600
vt 0.451800 0.758100
vt 0.461900 0.757800
vt 0.456800 1.000000
vt 0.445000 1.000000
vt 0.433200 1.000000
vt 0.421500 1.000000
vt 0.409700 1.000000
vt 0.410600 0.984400
vt 0.411600 0.968800
vt 0.412500 0.953100
vt 0.413500 0.937500
vt 0.414400 0.921900
vt 0.415300 0.906200
vt 0.416300 0.890600
vt 0.417200 0.875000
vt 0.418200 0.859400
vt 0.419100 0.843800
vt 0.420000 0.828100
vt 0.421000 0.812500
vt 0.421900 0.796900
vt 0.422900 0.781200
vt 0.418200 0.282500
vt 0.417400 0.267600
vt 0.428700 0.270000
vt 0.429400 0.283500
vt 0.440100 0.270800
vt 0.440700 0.284100
vt 0.451500 0.270900
vt 0.452000 0.284400
vt 0.463000 0.270700
vt 0.463200 0.284300
vt 0.430100 0.298000
vt 0.418900 0.297500
vt 0.441200 0.298400
vt 0.452400 0.298600
vt 0.463500 0.298600
vt 0.430700 0.313000
vt 0.419600 0.312800
vt 0.441700 0.313200
vt 0.452700 0.313400
vt 0.463700 0.313400
vt 0.431300 0.328300
vt 0.420300 0.328200
vt 0.442200 0.328400
vt 0.453100 0.328500
vt 0.463900 0.328500
vt 0.431900 0.343800
vt 0.421000 0.343800
vt 0.442700 0.343800
vt 0.453400 0.343900
vt 0.464100 0.343900
vt 0.432500 0.359400
vt 0.421800 0.359400
vt 0.443200 0.359400
vt 0.453800 0.359400
vt 0.464400 0.359400
vt 0.433100 0.375000
vt 0.422500 0.375000
vt 0.443700 0.375000
vt 0.454200 0.375000
vt 0.464600 0.375000
vt 0.433700 0.390600
vt 0.423200 0.390600
vt 0.444200 0.390600
vt 0.454600 0.390600
vt 0.464900 0.390600
vt 0.434300 0.406200
vt 0.423900 0.406200
vt 0.444700 0.406200
vt 0.455000 0.406200
vt 0.465200 0.406200
vt 0.434900 0.421700
vt 0.424600 0.421800
vt 0.445200 0.421600
vt 0.455400 0.421600
vt 0.465500 0.421600
vt 0.435400 0.437000
vt 0.425300 0.437200
vt 0.445600 0.436800
vt 0.455700 0.436700
vt 0.465800 0.436700
vt 0.436000 0.452100
vt 0.425900 0.452600
vt 0.446000 0.451800
vt 0.456000 0.451600
vt 0.466100 0.451600
vt 0.436300 0.466700
vt 0.426500 0.467600
vt 0.446200 0.466200
vt 0.456200 0.465900
vt 0.466200 0.466000
vt 0.436400 0.480400
vt 0.427000 0.482600
vt 0.446200 0.479600
vt 0.456200 0.479600
vt 0.466300 0.479800
vt 0.406100 0.265600
vt 0.456000 0.492200
vt 0.445900 0.491900
vt 0.436100 0.492300
vt 0.427000 0.495500
vt 0.418400 0.500000
vt 0.417600 0.484400
vt 0.416700 0.468800
vt 0.415900 0.453100
vt 0.415100 0.437500
vt 0.414300 0.421900
vt 0.413500 0.406200
vt 0.412600 0.390600
vt 0.411800 0.375000
vt 0.411000 0.359400
vt 0.410200 0.343800
vt 0.409400 0.328100
vt 0.408500 0.312500
vt 0.407700 0.296900
vt 0.406900 0.281200
vt 0.156400 0.712500
vt 0.156400 0.716900
vt 0.140800 0.720700
vt 0.140700 0.717800
vt 0.172000 0.708600
vt 0.172000 0.713600
vt 0.187600 0.705400
vt 0.187700 0.710800
vt 0.203200 0.702800
vt 0.203300 0.708400
vt 0.218900 0.700800
vt 0.218900 0.706400
vt 0.234500 0.699200
vt 0.234500 0.704900
vt 0.250100 0.698000
vt 0.250100 0.703700
vt 0.265700 0.697100
vt 0.265700 0.702900
vt 0.281300 0.696700
vt 0.281300 0.702400
vt 0.296900 0.696600
vt 0.297000 0.702200
vt 0.312500 0.696900
vt 0.312500 0.702400
vt 0.328000 0.697700
vt 0.328100 0.702900
vt 0.343600 0.699000
vt 0.343700 0.703800
vt 0.358700 0.701000
vt 0.359400 0.705000
vt 0.156500 0.720500
vt 0.140800 0.723400
vt 0.172100 0.717800
vt 0.187700 0.715300
vt 0.203300 0.713200
vt 0.218900 0.711500
vt 0.234500 0.710000
vt 0.250100 0.708900
vt 0.265800 0.708000
vt 0.281400 0.707500
vt 0.297000 0.707200
vt 0.312600 0.707200
vt 0.328200 0.707500
vt 0.343800 0.708000
vt 0.359400 0.708700
vt 0.156500 0.723600
vt 0.140900 0.725900
vt 0.172100 0.721300
vt 0.187700 0.719300
vt 0.203300 0.717500
vt 0.219000 0.715900
vt 0.234600 0.714600
vt 0.250200 0.713500
vt 0.265800 0.712700
vt 0.281400 0.712100
vt 0.297000 0.711800
vt 0.312600 0.711600
vt 0.328200 0.711700
vt 0.343800 0.711900
vt 0.359400 0.712200
vt 0.156600 0.726300
vt 0.141000 0.728200
vt 0.172200 0.724500
vt 0.187800 0.722800
vt 0.203400 0.721300
vt 0.219000 0.719900
vt 0.234600 0.718700
vt 0.250200 0.717700
vt 0.265800 0.717000
vt 0.281400 0.716400
vt 0.297000 0.716000
vt 0.312600 0.715700
vt 0.328200 0.715600
vt 0.343800 0.715500
vt 0.359400 0.715600
vt 0.156600 0.728800
vt 0.141000 0.730400
vt 0.172200 0.727400
vt 0.187800 0.726000
vt 0.203400 0.724700
vt 0.219000 0.723500
vt 0.234600 0.722500
vt 0.250200 0.721600
vt 0.265800 0.720800
vt 0.281400 0.720300
vt 0.297000 0.719800
vt 0.312600 0.719500
vt 0.328200 0.719200
vt 0.343800 0.719000
vt 0.359400 0.718900
vt 0.156700 0.731200
vt 0.141100 0.732500
vt 0.172300 0.730000
vt 0.187900 0.728900
vt 0.203500 0.727800
vt 0.219100 0.726800
vt 0.234700 0.725900
vt 0.250300 0.725100
vt 0.265900 0.724400
vt 0.281500 0.723900
vt 0.297000 0.723400
vt 0.312600 0.723000
vt 0.328200 0.722700
vt 0.343800 0.722400
vt 0.359400 0.722100
vt 0.156800 0.733500
vt 0.141200 0.734500
vt 0.172300 0.732500
vt 0.187900 0.731600
vt 0.203500 0.730700
vt 0.219100 0.729800
vt 0.234700 0.729100
vt 0.250300 0.728400
vt 0.265900 0.727800
vt 0.281500 0.727200
vt 0.297100 0.726800
vt 0.312600 0.726300
vt 0.328200 0.726000
vt 0.343800 0.725600
vt 0.359400 0.725300
vt 0.156800 0.735700
vt 0.141200 0.736500
vt 0.172400 0.734900
vt 0.188000 0.734200
vt 0.203600 0.733400
vt 0.219200 0.732700
vt 0.234700 0.732100
vt 0.250300 0.731500
vt 0.265900 0.730900
vt 0.281500 0.730400
vt 0.297100 0.730000
vt 0.312700 0.729600
vt 0.328200 0.729200
vt 0.343800 0.728800
vt 0.359400 0.728500
vt 0.156900 0.737900
vt 0.141300 0.738500
vt 0.172500 0.737200
vt 0.188000 0.736600
vt 0.203600 0.736000
vt 0.219200 0.735500
vt 0.234800 0.734900
vt 0.250400 0.734400
vt 0.265900 0.733900
vt 0.281500 0.733500
vt 0.297100 0.733100
vt 0.312700 0.732700
vt 0.328300 0.732300
vt 0.343800 0.732000
vt 0.359400 0.731600
vt 0.141400 0.740500
vt 0.156900 0.740000
vt 0.172500 0.739500
vt 0.188100 0.739000
vt 0.203700 0.738500
vt 0.219200 0.738100
vt 0.234800 0.737600
vt 0.250400 0.737200
vt 0.266000 0.736800
vt 0.281500 0.736400
vt 0.297100 0.736100
vt 0.312700 0.735700
vt 0.328300 0.735400
vt 0.343800 0.735000
vt 0.359400 0.734700
vt 0.141400 0.742400
vt 0.157000 0.742000
vt 0.172600 0.741600
vt 0.188100 0.741300
vt 0.203700 0.740900
vt 0.219300 0.740600
vt 0.234900 0.740200
vt 0.250400 0.739900
vt 0.266000 0.739600
vt 0.281600 0.739300
vt 0.297100 0.739000
vt 0.312700 0.738700
vt 0.328300 0.738400
vt 0.343900 0.738100
vt 0.359400 0.737800
vt 0.141500 0.744300
vt 0.157100 0.744000
vt 0.172600 0.743800
vt 0.188200 0.743500
vt 0.203800 0.743300
vt 0.219300 0.743000
vt 0.234900 0.742700
vt 0.250500 0.742500
vt 0.266000 0.742300
vt 0.281600 0.742000
vt 0.297200 0.741800
vt 0.312700 0.741500
vt 0.328300 0.741300
vt 0.343900 0.741100
vt 0.359400 0.740900
vt 0.141600 0.746200
vt 0.157100 0.746000
vt 0.172700 0.745900
vt 0.188300 0.745700
vt 0.203800 0.745500
vt 0.219400 0.745400
vt 0.234900 0.745200
vt 0.250500 0.745000
vt 0.266100 0.744900
vt 0.281600 0.744700
vt 0.297200 0.744600
vt 0.312800 0.744400
vt 0.328300 0.744200
vt 0.343900 0.744100
vt 0.359400 0.743900
vt 0.141600 0.748100
vt 0.157200 0.748000
vt 0.172800 0.747900
vt 0.188300 0.747900
vt 0.203900 0.747800
vt 0.219400 0.747700
vt 0.235000 0.747600
vt 0.250500 0.747500
vt 0.266100 0.747400
vt 0.281700 0.747400
vt 0.297200 0.747300
vt 0.312800 0.747200
vt 0.328300 0.747100
vt 0.343900 0.747000
vt 0.359400 0.747000
vt 0.125000 0.721000
vt 0.140700 0.713200
vt 0.125100 0.722800
vt 0.156300 0.706600
vt 0.172000 0.702400
vt 0.187600 0.699100
vt 0.203200 0.696500
vt 0.218800 0.694400
vt 0.234500 0.692800
vt 0.250100 0.691600
vt 0.265700 0.690800
vt 0.281300 0.690400
vt 0.296900 0.690400
vt 0.312400 0.690800
vt 0.327800 0.691700
vt 0.343200 0.693300
vt 0.359000 0.696300
vt 0.375000 0.703200
vt 0.375000 0.700000
vt 0.375000 0.706300
vt 0.375000 0.709400
vt 0.375000 0.712500
vt 0.375000 0.715700
vt 0.375000 0.718800
vt 0.375000 0.721900
vt 0.375000 0.725000
vt 0.375000 0.728100
vt 0.375000 0.731300
vt 0.375000 0.734400
vt 0.375000 0.737500
vt 0.375000 0.740600
vt 0.375000 0.743800
vt 0.375000 0.746900
vt 0.375000 0.750000
vt 0.359400 0.750000
vt 0.343900 0.750000
vt 0.328300 0.750000
vt 0.312800 0.750000
vt 0.297200 0.750000
vt 0.281700 0.750000
vt 0.266100 0.750000
vt 0.250600 0.750000
vt 0.235000 0.750000
vt 0.219500 0.750000
vt 0.203900 0.750000
vt 0.188400 0.750000
vt 0.172800 0.750000
vt 0.157300 0.750000
vt 0.141700 0.750000
vt 0.126200 0.750000
vt 0.126100 0.748200
vt 0.126000 0.746400
vt 0.125900 0.744600
vt 0.125900 0.742800
vt 0.125800 0.740900
vt 0.125700 0.739100
vt 0.125600 0.737300
vt 0.125600 0.735500
vt 0.125500 0.733700
vt 0.125400 0.731900
vt 0.125400 0.730100
vt 0.125300 0.728300
vt 0.125200 0.726500
vt 0.125100 0.724700
vt 0.376800 0.561200
vt 0.377300 0.551400
vt 0.382500 0.548700
vt 0.384600 0.559200
vt 0.387300 0.546300
vt 0.391400 0.557200
vt 0.391700 0.543800
vt 0.397500 0.554900
vt 0.395900 0.541100
vt 0.403200 0.552400
vt 0.399800 0.538300
vt 0.408400 0.549600
vt 0.413200 0.546300
vt 0.403500 0.535400
vt 0.407000 0.532100
vt 0.417400 0.542600
vt 0.387000 0.569900
vt 0.377600 0.571400
vt 0.395500 0.568100
vt 0.403200 0.566200
vt 0.410400 0.563800
vt 0.417100 0.561000
vt 0.423000 0.557600
vt 0.428200 0.553400
vt 0.378800 0.581600
vt 0.389400 0.580500
vt 0.399300 0.579100
vt 0.408700 0.577500
vt 0.417600 0.575500
vt 0.425800 0.572800
vt 0.433100 0.569300
vt 0.439300 0.564500
vt 0.391800 0.591200
vt 0.380200 0.592000
vt 0.403000 0.590200
vt 0.413800 0.589000
vt 0.424500 0.587400
vt 0.434600 0.585100
vt 0.443600 0.581500
vt 0.451000 0.576200
vt 0.393800 0.601900
vt 0.381400 0.602400
vt 0.406000 0.601300
vt 0.418200 0.600600
vt 0.430500 0.599600
vt 0.442700 0.597800
vt 0.454300 0.594700
vt 0.463700 0.589000
vt 0.395200 0.612600
vt 0.382400 0.612800
vt 0.408100 0.612500
vt 0.421200 0.612200
vt 0.434900 0.611900
vt 0.449400 0.611100
vt 0.465100 0.609400
vt 0.425400 0.502500
vt 0.435100 0.501900
vt 0.433600 0.509700
vt 0.423300 0.507500
vt 0.445200 0.502600
vt 0.444100 0.512100
vt 0.455500 0.503900
vt 0.454700 0.514500
vt 0.431800 0.516500
vt 0.421000 0.512400
vt 0.442600 0.520600
vt 0.453600 0.524500
vt 0.429600 0.522600
vt 0.418600 0.516800
vt 0.440800 0.528300
vt 0.452100 0.533800
vt 0.463500 0.539000
vt 0.464600 0.528100
vt 0.427200 0.528300
vt 0.416000 0.521000
vt 0.438500 0.535600
vt 0.450100 0.542700
vt 0.462000 0.549700
vt 0.424400 0.533600
vt 0.413200 0.524900
vt 0.435800 0.542200
vt 0.447500 0.551000
vt 0.459700 0.559800
vt 0.421200 0.538300
vt 0.410200 0.528700
vt 0.432400 0.548200
vt 0.444000 0.558300
vt 0.456200 0.568800
vt 0.440800 0.747900
vt 0.431200 0.747200
vt 0.428700 0.741800
vt 0.438900 0.739800
vt 0.426000 0.736700
vt 0.436600 0.732800
vt 0.423100 0.731900
vt 0.434000 0.726400
vt 0.420100 0.727400
vt 0.431100 0.720400
vt 0.416900 0.723100
vt 0.427900 0.714800
vt 0.413500 0.719000
vt 0.424200 0.709700
vt 0.409900 0.715100
vt 0.420100 0.705100
vt 0.449300 0.737600
vt 0.450800 0.747200
vt 0.447400 0.728900
vt 0.445000 0.721000
vt 0.442300 0.713500
vt 0.439100 0.706600
vt 0.435200 0.700300
vt 0.430500 0.694800
vt 0.459800 0.735300
vt 0.461100 0.746100
vt 0.458200 0.725300
vt 0.456200 0.715800
vt 0.453700 0.706700
vt 0.450600 0.698200
vt 0.446600 0.690600
vt 0.441300 0.684200
vt 0.462600 0.689900
vt 0.465500 0.700200
vt 0.458500 0.680700
vt 0.452700 0.673000
vt 0.377300 0.683800
vt 0.385300 0.686100
vt 0.383200 0.696200
vt 0.377700 0.693200
vt 0.378000 0.674000
vt 0.387600 0.675900
vt 0.379100 0.664100
vt 0.389900 0.665500
vt 0.380400 0.654000
vt 0.392200 0.655100
vt 0.381600 0.643800
vt 0.394100 0.644600
vt 0.382500 0.633500
vt 0.395400 0.634000
vt 0.382800 0.623100
vt 0.395800 0.623400
vt 0.388400 0.699000
vt 0.392400 0.688500
vt 0.396300 0.678000
vt 0.400000 0.667300
vt 0.403500 0.656500
vt 0.406300 0.645600
vt 0.408300 0.634700
vt 0.408900 0.623600
vt 0.398800 0.691200
vt 0.393100 0.701900
vt 0.404300 0.680400
vt 0.409500 0.669400
vt 0.414500 0.658200
vt 0.418600 0.646900
vt 0.421400 0.635400
vt 0.422400 0.623900
vt 0.404800 0.694100
vt 0.397700 0.704900
vt 0.411800 0.683100
vt 0.418700 0.671900
vt 0.425300 0.660300
vt 0.431100 0.648500
vt 0.435100 0.636500
vt 0.436600 0.624200
vt 0.410300 0.697300
vt 0.402000 0.708100
vt 0.418700 0.686300
vt 0.427200 0.675000
vt 0.435600 0.663200
vt 0.443500 0.650900
vt 0.449800 0.637900
vt 0.452300 0.624600
vt 0.415500 0.701000
vt 0.406100 0.711500
vt 0.425000 0.690200
vt 0.434800 0.679000
vt 0.445000 0.667300
vt 0.455300 0.654600
vt 0.465700 0.640400
vt 0.475300 0.625100
vt 0.465100 0.660800
vt 0.370400 0.553300
vt 0.375000 0.543600
vt 0.377700 0.540900
vt 0.380400 0.538100
vt 0.383100 0.535400
vt 0.385800 0.532700
vt 0.388600 0.530000
vt 0.391300 0.527200
vt 0.394000 0.524500
vt 0.396700 0.521800
vt 0.367200 0.563000
vt 0.366800 0.572800
vt 0.367200 0.582700
vt 0.367800 0.592700
vt 0.368600 0.602700
vt 0.369200 0.612900
vt 0.369400 0.623000
vt 0.415700 0.502700
vt 0.413000 0.505400
vt 0.410200 0.508200
vt 0.407500 0.510900
vt 0.404800 0.513600
vt 0.402100 0.516300
vt 0.399400 0.519100
vt 0.421600 0.746900
vt 0.418500 0.743800
vt 0.415400 0.740600
vt 0.412300 0.737500
vt 0.409200 0.734400
vt 0.406100 0.731300
vt 0.403000 0.728100
vt 0.399900 0.725000
vt 0.370600 0.691000
vt 0.378100 0.703200
vt 0.367500 0.681800
vt 0.367100 0.672400
vt 0.367400 0.662800
vt 0.368000 0.653000
vt 0.368700 0.643100
vt 0.369200 0.633100
vt 0.381200 0.706300
vt 0.384300 0.709400
vt 0.387400 0.712500
vt 0.390500 0.715700
vt 0.393600 0.718800
vt 0.396800 0.721900
vt 0.359400 0.539700
vt 0.358700 0.543400
vt 0.343600 0.545700
vt 0.343700 0.541200
vt 0.328000 0.547300
vt 0.328100 0.542300
vt 0.312500 0.548300
vt 0.312500 0.543000
vt 0.296900 0.548800
vt 0.296900 0.543400
vt 0.281300 0.548900
vt 0.281300 0.543400
vt 0.265700 0.548600
vt 0.265700 0.543000
vt 0.250100 0.547900
vt 0.250100 0.542300
vt 0.234500 0.546800
vt 0.234500 0.541300
vt 0.218900 0.539900
vt 0.218800 0.545300
vt 0.203300 0.538000
vt 0.203200 0.543400
vt 0.187600 0.535700
vt 0.187600 0.540900
vt 0.172000 0.532900
vt 0.172000 0.537800
vt 0.156400 0.529700
vt 0.156300 0.534000
vt 0.140700 0.528700
vt 0.140800 0.526000
vt 0.359400 0.536400
vt 0.343800 0.537200
vt 0.328200 0.537900
vt 0.312600 0.538400
vt 0.297000 0.538600
vt 0.281400 0.538500
vt 0.265700 0.538100
vt 0.250100 0.537400
vt 0.234500 0.536400
vt 0.218900 0.535000
vt 0.203300 0.533400
vt 0.187700 0.531300
vt 0.172100 0.529000
vt 0.156400 0.526300
vt 0.140800 0.523500
vt 0.359400 0.533200
vt 0.343800 0.533700
vt 0.328200 0.534100
vt 0.312600 0.534300
vt 0.297000 0.534300
vt 0.281400 0.534100
vt 0.265800 0.533600
vt 0.250200 0.533000
vt 0.234500 0.532000
vt 0.218900 0.530800
vt 0.203300 0.529300
vt 0.187700 0.527600
vt 0.172100 0.525700
vt 0.156500 0.523500
vt 0.140900 0.521300
vt 0.359400 0.530200
vt 0.343800 0.530400
vt 0.328200 0.530500
vt 0.312600 0.530500
vt 0.297000 0.530400
vt 0.281400 0.530100
vt 0.265800 0.529700
vt 0.250200 0.529000
vt 0.234600 0.528100
vt 0.219000 0.527000
vt 0.203400 0.525800
vt 0.187700 0.524300
vt 0.172100 0.522700
vt 0.156500 0.521000
vt 0.140900 0.519200
vt 0.359400 0.527300
vt 0.343800 0.527300
vt 0.328200 0.527200
vt 0.312600 0.527100
vt 0.297000 0.526900
vt 0.281400 0.526500
vt 0.265800 0.526000
vt 0.250200 0.525400
vt 0.234600 0.524600
vt 0.219000 0.523700
vt 0.203400 0.522600
vt 0.187800 0.521400
vt 0.172200 0.520100
vt 0.156600 0.518700
vt 0.141000 0.517200
vt 0.359400 0.524400
vt 0.343800 0.524300
vt 0.328200 0.524100
vt 0.312600 0.523900
vt 0.297000 0.523600
vt 0.281400 0.523200
vt 0.265800 0.522800
vt 0.250200 0.522200
vt 0.234600 0.521500
vt 0.219000 0.520600
vt 0.203400 0.519700
vt 0.187800 0.518700
vt 0.172200 0.517700
vt 0.156600 0.516500
vt 0.141000 0.515400
vt 0.359400 0.521600
vt 0.343800 0.521400
vt 0.328200 0.521100
vt 0.312600 0.520900
vt 0.297000 0.520500
vt 0.281400 0.520200
vt 0.265900 0.519700
vt 0.250300 0.519200
vt 0.234700 0.518600
vt 0.219100 0.517900
vt 0.203500 0.517100
vt 0.187900 0.516300
vt 0.172300 0.515400
vt 0.156700 0.514500
vt 0.141100 0.513600
vt 0.359400 0.518800
vt 0.343800 0.518500
vt 0.328200 0.518300
vt 0.312600 0.518000
vt 0.297100 0.517600
vt 0.281500 0.517300
vt 0.265900 0.516800
vt 0.250300 0.516400
vt 0.234700 0.515800
vt 0.219100 0.515300
vt 0.203500 0.514600
vt 0.187900 0.514000
vt 0.172300 0.513300
vt 0.156700 0.512500
vt 0.141200 0.511800
vt 0.359400 0.516100
vt 0.343800 0.515800
vt 0.328200 0.515500
vt 0.312700 0.515200
vt 0.297100 0.514900
vt 0.281500 0.514500
vt 0.265900 0.514100
vt 0.250300 0.513700
vt 0.234700 0.513300
vt 0.219100 0.512800
vt 0.203600 0.512300
vt 0.188000 0.511800
vt 0.172400 0.511200
vt 0.156800 0.510600
vt 0.141200 0.510100
vt 0.359400 0.513300
vt 0.343800 0.513100
vt 0.328300 0.512800
vt 0.312700 0.512500
vt 0.297100 0.512200
vt 0.281500 0.511900
vt 0.265900 0.511600
vt 0.250300 0.511200
vt 0.234800 0.510900
vt 0.219200 0.510500
vt 0.203600 0.510100
vt 0.188000 0.509700
vt 0.172400 0.509200
vt 0.156900 0.508800
vt 0.141300 0.508300
vt 0.359400 0.510700
vt 0.343800 0.510400
vt 0.328300 0.510200
vt 0.312700 0.509900
vt 0.297100 0.509700
vt 0.281500 0.509400
vt 0.266000 0.509100
vt 0.250400 0.508900
vt 0.234800 0.508600
vt 0.219200 0.508300
vt 0.203600 0.507900
vt 0.188100 0.507600
vt 0.172500 0.507300
vt 0.156900 0.507000
vt 0.141300 0.506600
vt 0.359400 0.508000
vt 0.343900 0.507800
vt 0.328300 0.507600
vt 0.312700 0.507400
vt 0.297100 0.507200
vt 0.281600 0.507000
vt 0.266000 0.506800
vt 0.250400 0.506600
vt 0.234800 0.506300
vt 0.219300 0.506100
vt 0.203700 0.505900
vt 0.188100 0.505700
vt 0.172500 0.505400
vt 0.157000 0.505200
vt 0.141400 0.505000
vt 0.359400 0.505300
vt 0.343900 0.505200
vt 0.328300 0.505000
vt 0.312700 0.504900
vt 0.297100 0.504800
vt 0.281600 0.504600
vt 0.266000 0.504500
vt 0.250400 0.504300
vt 0.234900 0.504200
vt 0.219300 0.504000
vt 0.203700 0.503900
vt 0.188200 0.503800
vt 0.172600 0.503600
vt 0.157000 0.503500
vt 0.141500 0.503300
vt 0.359400 0.502700
vt 0.343900 0.502600
vt 0.328300 0.502500
vt 0.312700 0.502400
vt 0.297200 0.502400
vt 0.281600 0.502300
vt 0.266000 0.502200
vt 0.250500 0.502200
vt 0.234900 0.502100
vt 0.219300 0.502000
vt 0.203800 0.501900
vt 0.188200 0.501900
vt 0.172600 0.501800
vt 0.157100 0.501700
vt 0.141500 0.501700
vt 0.359000 0.547900
vt 0.375000 0.540900
vt 0.343200 0.551400
vt 0.327800 0.553200
vt 0.312400 0.554300
vt 0.296900 0.554900
vt 0.281300 0.555100
vt 0.265700 0.554800
vt 0.250100 0.554100
vt 0.234500 0.553100
vt 0.218800 0.551600
vt 0.203200 0.549600
vt 0.187600 0.547100
vt 0.171900 0.543900
vt 0.156300 0.539800
vt 0.140700 0.533100
vt 0.125100 0.523700
vt 0.125000 0.525300
vt 0.125100 0.522100
vt 0.125200 0.520500
vt 0.125300 0.518900
vt 0.125300 0.517400
vt 0.125400 0.515800
vt 0.125400 0.514200
vt 0.125500 0.512600
vt 0.125600 0.511100
vt 0.125600 0.509500
vt 0.125700 0.507900
vt 0.125800 0.506300
vt 0.125800 0.504700
vt 0.125900 0.503200
vt 0.125900 0.501600
vt 0.126000 0.500000
vt 0.141600 0.500000
vt 0.157100 0.500000
vt 0.172700 0.500000
vt 0.188300 0.500000
vt 0.203800 0.500000
vt 0.219400 0.500000
vt 0.234900 0.500000
vt 0.250500 0.500000
vt 0.266100 0.500000
vt 0.281600 0.500000
vt 0.297200 0.500000
vt 0.312800 0.500000
vt 0.328300 0.500000
vt 0.343900 0.500000
vt 0.359400 0.500000
vt 0.375000 0.502700
vt 0.375000 0.500000
vt 0.375000 0.505400
vt 0.375000 0.508200
vt 0.375000 0.510900
vt 0.375000 0.513600
vt 0.375000 0.516300
vt 0.375000 0.519100
vt 0.375000 0.521800
vt 0.375000 0.524500
vt 0.375000 0.527200
vt 0.375000 0.530000
vt 0.375000 0.532700
vt 0.375000 0.535400
vt 0.375000 0.538100
vt 0.140600 0.553500
vt 0.140600 0.542400
vt 0.156300 0.547600
vt 0.156300 0.557000
vt 0.171900 0.560100
vt 0.171900 0.551400
vt 0.187600 0.554400
vt 0.187500 0.562700
vt 0.203200 0.556800
vt 0.203200 0.564800
vt 0.218800 0.558700
vt 0.218800 0.566500
vt 0.234400 0.560100
vt 0.234400 0.567800
vt 0.250100 0.561100
vt 0.250000 0.568700
vt 0.265700 0.561700
vt 0.265700 0.569200
vt 0.281300 0.561900
vt 0.281200 0.569500
vt 0.296800 0.561800
vt 0.296700 0.569300
vt 0.312000 0.568800
vt 0.312200 0.561200
vt 0.327500 0.560100
vt 0.327100 0.567800
vt 0.342500 0.558400
vt 0.341700 0.566500
vt 0.356800 0.556200
vt 0.355300 0.564900
vt 0.140600 0.564700
vt 0.156300 0.567300
vt 0.171900 0.569600
vt 0.187500 0.571700
vt 0.203200 0.573500
vt 0.218800 0.574900
vt 0.234400 0.576000
vt 0.250000 0.576800
vt 0.265700 0.577300
vt 0.281200 0.577500
vt 0.296600 0.577400
vt 0.311800 0.577000
vt 0.326800 0.576300
vt 0.341100 0.575300
vt 0.354600 0.574100
vt 0.140600 0.576200
vt 0.156300 0.578000
vt 0.171900 0.579800
vt 0.187500 0.581400
vt 0.203200 0.582800
vt 0.218800 0.583900
vt 0.234400 0.584800
vt 0.250000 0.585400
vt 0.265600 0.585800
vt 0.281200 0.586000
vt 0.296600 0.585900
vt 0.311700 0.585600
vt 0.326600 0.585100
vt 0.340900 0.584400
vt 0.354500 0.583600
vt 0.140600 0.587800
vt 0.156300 0.589100
vt 0.171900 0.590300
vt 0.187500 0.591400
vt 0.203100 0.592400
vt 0.218800 0.593300
vt 0.234400 0.593900
vt 0.250000 0.594400
vt 0.265600 0.594700
vt 0.281200 0.594900
vt 0.296600 0.594800
vt 0.311700 0.594600
vt 0.326600 0.594300
vt 0.340900 0.593800
vt 0.354800 0.593300
vt 0.140600 0.599500
vt 0.156300 0.600300
vt 0.171900 0.601100
vt 0.187500 0.601800
vt 0.203100 0.602400
vt 0.218800 0.602900
vt 0.234400 0.603400
vt 0.250000 0.603700
vt 0.265600 0.603900
vt 0.281200 0.604000
vt 0.296600 0.604000
vt 0.311800 0.603800
vt 0.326600 0.603700
vt 0.341100 0.603400
vt 0.355100 0.603100
vt 0.156300 0.611600
vt 0.140600 0.611300
vt 0.171900 0.612000
vt 0.187500 0.612300
vt 0.203100 0.612600
vt 0.218800 0.612800
vt 0.234400 0.613000
vt 0.250000 0.613100
vt 0.265600 0.613200
vt 0.281200 0.613300
vt 0.296600 0.613300
vt 0.311800 0.613200
vt 0.326700 0.613100
vt 0.341300 0.613100
vt 0.355500 0.613000
vt 0.156300 0.623000
vt 0.140600 0.623100
vt 0.171900 0.622900
vt 0.187500 0.622900
vt 0.203100 0.622800
vt 0.218800 0.622800
vt 0.234400 0.622700
vt 0.250000 0.622700
vt 0.265600 0.622600
vt 0.281200 0.622600
vt 0.296600 0.622600
vt 0.311800 0.622600
vt 0.326800 0.622700
vt 0.341400 0.622800
vt 0.355700 0.622800
vt 0.156300 0.634400
vt 0.140600 0.634900
vt 0.171900 0.633900
vt 0.187500 0.633500
vt 0.203100 0.633100
vt 0.218800 0.632700
vt 0.234400 0.632400
vt 0.250000 0.632200
vt 0.265600 0.632100
vt 0.281200 0.632000
vt 0.296600 0.632000
vt 0.311800 0.632100
vt 0.326800 0.632200
vt 0.341400 0.632400
vt 0.355500 0.632700
vt 0.156300 0.645700
vt 0.140600 0.646700
vt 0.171900 0.644800
vt 0.187500 0.644000
vt 0.203100 0.643300
vt 0.218800 0.642600
vt 0.234400 0.642100
vt 0.250000 0.641700
vt 0.265600 0.641400
vt 0.281200 0.641300
vt 0.296600 0.641300
vt 0.311800 0.641400
vt 0.326700 0.641600
vt 0.341200 0.642000
vt 0.355200 0.642500
vt 0.156300 0.657000
vt 0.140600 0.658400
vt 0.171900 0.655600
vt 0.187500 0.654400
vt 0.203100 0.653300
vt 0.218800 0.652300
vt 0.234400 0.651500
vt 0.250000 0.651000
vt 0.265600 0.650600
vt 0.281200 0.650400
vt 0.296600 0.650400
vt 0.311700 0.650600
vt 0.326600 0.650900
vt 0.341000 0.651500
vt 0.354900 0.652200
vt 0.156300 0.668000
vt 0.140600 0.670000
vt 0.171900 0.666100
vt 0.187500 0.664400
vt 0.203200 0.663000
vt 0.218800 0.661700
vt 0.234400 0.660700
vt 0.250000 0.660000
vt 0.265700 0.659500
vt 0.281200 0.659200
vt 0.296600 0.659200
vt 0.311800 0.659500
vt 0.326600 0.660000
vt 0.341000 0.660700
vt 0.354600 0.661700
vt 0.156300 0.678800
vt 0.140600 0.681500
vt 0.171900 0.676400
vt 0.187500 0.674100
vt 0.203200 0.672300
vt 0.218800 0.670700
vt 0.234400 0.669500
vt 0.250000 0.668600
vt 0.265700 0.668000
vt 0.281200 0.667700
vt 0.296600 0.667800
vt 0.311900 0.668100
vt 0.326800 0.668800
vt 0.341200 0.669700
vt 0.354800 0.670900
vt 0.156300 0.689200
vt 0.140600 0.692700
vt 0.171900 0.686000
vt 0.187500 0.683300
vt 0.203200 0.681000
vt 0.218800 0.679300
vt 0.234400 0.677900
vt 0.250100 0.676800
vt 0.265700 0.676200
vt 0.281200 0.675800
vt 0.296700 0.675900
vt 0.312000 0.676300
vt 0.327100 0.677100
vt 0.341700 0.678300
vt 0.355400 0.679900
vt 0.156300 0.698600
vt 0.140600 0.703800
vt 0.171900 0.694800
vt 0.187600 0.691700
vt 0.203200 0.689200
vt 0.218800 0.687200
vt 0.234400 0.685600
vt 0.250100 0.684500
vt 0.265700 0.683800
vt 0.281300 0.683400
vt 0.296800 0.683400
vt 0.312200 0.683900
vt 0.327500 0.684800
vt 0.342500 0.686300
vt 0.356800 0.688200
vt 0.125000 0.537500
vt 0.125000 0.708800
vt 0.125000 0.696600
vt 0.125000 0.684300
vt 0.125000 0.672100
vt 0.125000 0.659900
vt 0.125000 0.647600
vt 0.125000 0.635400
vt 0.125000 0.623100
vt 0.125000 0.610900
vt 0.125000 0.598700
vt 0.125000 0.586400
vt 0.125000 0.574200
vt 0.125000 0.562000
vt 0.125000 0.549700
vt 0.000000 0.000000
vt 1.000000 0.939000
vt 1.000000 0.931500
vt 1.000000 0.942500
vt 1.000000 0.913400
vt 1.000000 0.886600
vt 1.000000 0.920700
vt 1.000000 0.893300
vt 1.000000 0.855300
s 1
g off
usemtl Goddard_None
f 2/1/1 3/2/1 1/3/1
f 4/4/2 3/2/2 2/1/2
f 2/1/2 5/5/2 4/4/2
f 6/6/3 7/7/4 8/8/4
f 8/8/4 9/9/4 6/6/3
f 10/10/5 11/11/5 9/9/5
f 9/9/5 8/8/5 10/10/5
f 11/11/6 10/10/6 12/12/6
f 12/12/6 13/13/6 11/11/6
f 13/13/7 12/12/7 14/14/7
f 14/14/7 15/15/7 13/13/7
f 14/14/8 16/16/8 17/17/8
f 17/17/8 15/15/8 14/14/8
f 17/17/9 16/16/10 18/18/9
f 18/18/9 19/19/11 17/17/9
f 19/19/12 18/18/12 20/20/12
f 20/20/12 21/21/12 19/19/12
f 22/22/13 6/6/13 9/9/14
f 9/9/14 23/23/13 22/22/13
f 23/23/15 9/9/15 11/11/15
f 11/11/15 24/24/15 23/23/15
f 11/11/16 13/13/16 25/25/16
f 25/25/16 24/24/16 11/11/16
f 25/25/17 13/13/17 15/15/17
f 15/15/17 26/26/17 25/25/17
f 26/26/18 15/15/18 17/17/18
f 17/17/18 27/27/18 26/26/18
f 17/17/19 19/19/19 28/28/19
f 28/28/19 27/27/19 17/17/19
f 28/28/20 19/19/21 21/21/22
f 21/21/22 29/29/23 28/28/20
f 22/22/24 23/23/24 30/30/24
f 30/30/24 31/31/24 22/22/24
f 30/30/25 23/23/25 24/24/26
f 24/24/26 32/32/25 30/30/25
f 32/32/27 24/24/27 25/25/27
f 25/25/27 33/33/28 32/32/27
f 26/26/29 34/34/29 33/33/29
f 33/33/29 25/25/29 26/26/29
f 34/34/30 26/26/30 27/27/30
f 27/27/30 35/35/30 34/34/30
f 35/35/31 27/27/31 28/28/32
f 28/28/32 36/36/32 35/35/31
f 28/28/33 29/29/33 37/37/33
f 37/37/33 36/36/33 28/28/33
f 38/38/34 31/31/34 30/30/35
f 30/30/35 39/39/35 38/38/34
f 32/32/36 40/40/37 39/39/37
f 39/39/37 30/30/37 32/32/36
f 40/40/38 32/32/38 33/33/38
f 41/41/39 38/38/39 39/39/40
f 39/39/40 42/42/39 41/41/39
f 42/42/41 39/39/42 40/40/42
f 41/41/43 42/42/44 43/43/45
f 43/43/45 44/44/46 41/41/43
f 45/45/47 46/46/48 47/47/48
f 47/47/48 48/48/48 45/45/47
f 49/49/49 50/50/49 47/47/49
f 47/47/49 46/46/49 49/49/49
f 51/51/50 50/50/50 49/49/50
f 49/49/50 52/52/51 51/51/50
f 48/48/52 47/47/52 53/53/52
f 53/53/52 54/54/52 48/48/52
f 47/47/53 50/50/53 55/55/53
f 55/55/53 53/53/53 47/47/53
f 51/51/54 56/56/54 55/55/55
f 55/55/55 50/50/56 51/51/54
f 51/51/57 57/3/57 58/2/57
f 58/2/57 56/56/57 51/51/57
f 53/53/58 59/57/58 60/58/58
f 60/58/58 54/54/58 53/53/58
f 53/53/59 55/55/59 61/59/59
f 61/59/59 59/57/59 53/53/59
f 55/55/60 56/56/60 62/60/61
f 62/60/61 61/59/60 55/55/60
f 56/56/62 58/2/63 63/4/63
f 63/4/63 62/60/63 56/56/62
f 60/58/64 59/57/64 64/61/64
f 64/61/64 65/62/64 60/58/64
f 61/59/65 66/63/66 64/61/66
f 64/61/66 59/57/65 61/59/65
f 61/59/67 62/60/67 67/64/68
f 67/64/68 66/63/68 61/59/67
f 62/60/69 63/4/69 68/65/70
f 68/65/70 67/64/69 62/60/69
f 65/62/71 64/61/72 69/66/72
f 69/66/72 70/67/72 65/62/71
f 64/61/73 66/63/73 71/68/73
f 71/68/73 69/66/73 64/61/73
f 66/63/74 67/64/74 72/69/74
f 72/69/74 71/68/74 66/63/74
f 67/64/75 68/65/75 73/70/75
f 73/70/75 72/69/76 67/64/75
f 70/67/77 69/66/77 74/71/77
f 74/71/77 75/72/77 70/67/77
f 69/66/78 71/68/78 76/73/78
f 76/73/78 74/71/78 69/66/78
f 71/68/79 72/69/79 77/74/79
f 77/74/79 76/73/79 71/68/79
f 77/74/80 72/69/80 73/70/80
f 78/75/81 79/76/82 80/77/82
f 80/77/82 81/78/82 78/75/81
f 81/78/83 80/77/84 82/79/84
f 82/79/84 83/80/84 81/78/83
f 84/81/85 85/82/85 83/80/85
f 83/80/85 82/79/85 84/81/85
f 85/82/86 84/81/86 86/83/86
f 86/83/86 87/84/86 85/82/86
f 87/84/87 86/83/87 88/85/87
f 88/85/87 89/86/87 87/84/87
f 88/85/88 90/87/88 91/88/88
f 91/88/88 89/86/88 88/85/88
f 91/88/89 90/87/89 92/89/89
f 92/89/89 93/90/89 91/88/89
f 81/78/90 94/91/91 95/92/91
f 95/92/91 78/75/91 81/78/90
f 94/91/92 81/78/92 83/80/92
f 83/80/92 96/93/92 94/91/92
f 96/93/93 83/80/93 85/82/93
f 85/82/93 97/94/94 96/93/93
f 87/84/95 98/95/95 97/94/95
f 97/94/95 85/82/95 87/84/95
f 98/95/96 87/84/96 89/86/96
f 89/86/96 99/96/96 98/95/96
f 99/96/97 89/86/97 91/88/97
f 91/88/97 100/97/97 99/96/97
f 91/88/98 93/90/98 101/98/98
f 101/98/98 100/97/98 91/88/98
f 102/99/99 95/92/99 94/91/99
f 94/91/99 103/100/99 102/99/99
f 94/91/100 96/93/100 104/101/100
f 104/101/100 103/100/100 94/91/100
f 104/101/101 96/93/102 97/94/102
f 97/94/102 105/102/102 104/101/101
f 105/102/103 97/94/103 98/95/103
f 98/95/103 106/103/103 105/102/103
f 99/96/104 107/104/104 106/103/104
f 106/103/104 98/95/104 99/96/104
f 107/104/105 99/96/105 100/97/105
f 100/97/105 108/105/105 107/104/105
f 108/105/106 100/97/107 101/98/108
f 101/98/108 109/106/107 108/105/106
f 110/107/109 102/99/109 103/100/109
f 103/100/109 111/108/109 110/107/109
f 111/108/110 103/100/110 104/101/110
f 104/101/110 112/109/110 111/108/110
f 105/102/111 113/110/112 112/109/113
f 112/109/113 104/101/112 105/102/111
f 113/110/114 105/102/115 106/103/116
f 106/103/116 114/111/115 113/110/114
f 114/111/117 106/103/117 107/104/117
f 107/104/117 115/112/117 114/111/117
f 108/105/118 116/113/118 115/112/118
f 115/112/118 107/104/118 108/105/118
f 116/113/119 108/105/119 109/106/119
f 117/114/120 118/115/120 119/116/120
f 119/116/120 120/117/120 117/114/120
f 121/118/121 122/119/122 120/117/123
f 120/117/123 119/116/123 121/118/121
f 122/119/124 121/118/125 123/120/125
f 123/120/125 124/121/125 122/119/124
f 124/121/126 123/120/126 125/122/127
f 125/122/127 126/123/126 124/121/126
f 125/122/128 127/124/128 128/125/129
f 128/125/129 126/123/128 125/122/128
f 128/125/130 127/124/130 129/126/131
f 129/126/131 130/127/132 128/125/130
f 130/127/132 129/126/131 131/128/133
f 131/128/133 132/129/134 130/127/132
f 133/130/135 117/114/135 120/117/135
f 120/117/135 134/131/135 133/130/135
f 134/131/136 120/117/136 122/119/136
f 122/119/136 135/132/136 134/131/136
f 124/121/137 136/133/138 135/132/139
f 135/132/139 122/119/139 124/121/137
f 136/133/140 124/121/141 126/123/141
f 126/123/141 137/134/141 136/133/140
f 137/134/142 126/123/142 128/125/142
f 138/135/143 139/136/143 133/130/143
f 133/130/143 134/131/143 138/135/143
f 135/132/144 140/137/144 138/135/144
f 138/135/144 134/131/144 135/132/144
f 141/138/145 140/137/145 135/132/145
f 135/132/145 136/133/145 141/138/145
f 136/133/146 137/134/146 142/139/146
f 142/139/146 141/138/146 136/133/146
f 139/136/147 138/135/147 143/140/147
f 143/140/147 144/141/147 139/136/147
f 145/142/148 143/140/148 138/135/148
f 138/135/148 140/137/148 145/142/148
f 146/143/149 145/142/149 140/137/149
f 140/137/149 141/138/149 146/143/149
f 146/143/150 141/138/150 142/139/150
f 143/140/151 147/144/151 148/145/151
f 148/145/151 144/141/151 143/140/151
f 145/142/152 149/146/152 147/144/152
f 147/144/152 143/140/152 145/142/152
f 149/146/153 145/142/153 146/143/153
f 146/143/153 150/147/153 149/146/153
f 151/148/154 148/145/154 147/144/154
f 147/144/154 152/149/154 151/148/154
f 149/146/155 153/150/155 152/149/155
f 152/149/155 147/144/155 149/146/155
f 150/147/156 154/151/156 153/150/156
f 153/150/156 149/146/156 150/147/156
f 20/20/157 75/72/158 74/71/157
f 74/71/157 21/21/157 20/20/157
f 21/21/159 74/71/159 76/73/159
f 76/73/159 29/29/159 21/21/159
f 76/73/160 77/74/161 37/37/161
f 37/37/161 29/29/161 76/73/160
f 92/89/162 151/148/162 152/149/162
f 152/149/162 93/90/162 92/89/162
f 93/90/163 152/149/163 153/150/163
f 153/150/163 101/98/163 93/90/163
f 153/150/164 154/151/164 109/106/164
f 109/106/164 101/98/164 153/150/164
f 44/44/46 43/43/45 132/129/134
f 132/129/134 131/128/133 44/44/46
f 155/152/165 156/153/166 157/154/166
f 157/154/166 7/7/166 155/152/165
f 8/8/167 7/7/168 157/154/169
f 157/154/169 158/155/168 8/8/167
f 10/10/170 8/8/170 158/155/170
f 158/155/170 159/156/170 10/10/170
f 160/157/171 12/12/172 10/10/171
f 10/10/171 159/156/173 160/157/171
f 161/158/174 14/14/174 12/12/174
f 12/12/174 160/157/174 161/158/174
f 162/159/175 16/16/175 14/14/175
f 14/14/175 161/158/175 162/159/175
f 16/16/176 162/159/176 163/160/176
f 163/160/176 18/18/176 16/16/176
f 164/161/177 20/20/178 18/18/179
f 18/18/179 163/160/177 164/161/177
f 165/162/180 155/152/180 7/7/181
f 7/7/181 6/6/180 165/162/180
f 22/22/182 166/163/182 165/162/182
f 165/162/182 6/6/182 22/22/182
f 31/31/183 167/164/183 166/163/183
f 166/163/183 22/22/183 31/31/183
f 38/38/184 168/165/185 167/164/185
f 167/164/185 31/31/185 38/38/184
f 41/41/186 169/166/187 168/165/188
f 168/165/188 38/38/188 41/41/186
f 44/44/189 170/167/190 169/166/187
f 169/166/187 41/41/186 44/44/189
f 131/128/191 171/168/192 170/167/190
f 170/167/190 44/44/189 131/128/191
f 172/169/193 173/170/194 45/45/194
f 45/45/194 174/171/194 172/169/193
f 45/45/195 173/170/195 175/172/195
f 175/172/195 46/46/195 45/45/195
f 175/172/196 176/173/196 49/49/196
f 49/49/196 46/46/196 175/172/196
f 176/173/197 177/174/197 52/52/197
f 52/52/197 49/49/197 176/173/197
f 48/48/198 178/175/198 174/171/198
f 174/171/198 45/45/198 48/48/198
f 48/48/199 54/54/199 179/176/199
f 179/176/199 178/175/199 48/48/199
f 180/177/200 179/176/200 54/54/200
f 54/54/200 60/58/200 180/177/200
f 60/58/201 65/62/202 181/178/201
f 181/178/201 180/177/201 60/58/201
f 181/178/203 65/62/203 70/67/203
f 70/67/203 182/179/203 181/178/203
f 75/72/204 183/180/204 182/179/204
f 182/179/204 70/67/204 75/72/204
f 20/20/205 164/161/205 183/180/206
f 183/180/206 75/72/205 20/20/205
f 184/181/207 79/76/208 185/182/208
f 185/182/208 186/183/209 184/181/207
f 80/77/210 79/76/211 184/181/211
f 184/181/211 187/184/211 80/77/210
f 188/185/212 82/79/212 80/77/212
f 80/77/212 187/184/212 188/185/212
f 189/186/213 84/81/213 82/79/213
f 82/79/213 188/185/213 189/186/213
f 190/187/214 86/83/214 84/81/214
f 84/81/214 189/186/214 190/187/214
f 88/85/215 86/83/215 190/187/215
f 190/187/215 191/188/215 88/85/215
f 90/87/216 88/85/216 191/188/216
f 191/188/216 192/189/216 90/87/216
f 90/87/217 192/189/217 193/190/217
f 193/190/217 92/89/218 90/87/217
f 78/75/219 194/191/220 185/182/220
f 185/182/220 79/76/220 78/75/219
f 194/191/221 78/75/221 95/92/221
f 95/92/221 195/192/221 194/191/221
f 102/99/222 196/193/222 195/192/222
f 195/192/222 95/92/222 102/99/222
f 197/194/223 196/193/224 102/99/224
f 102/99/224 110/107/223 197/194/223
f 198/195/225 118/115/226 199/196/226
f 199/196/226 200/197/226 198/195/225
f 118/115/227 198/195/228 201/198/228
f 201/198/228 119/116/228 118/115/227
f 119/116/229 201/198/229 202/199/229
f 202/199/229 121/118/229 119/116/229
f 121/118/230 202/199/230 203/200/231
f 203/200/231 123/120/230 121/118/230
f 123/120/232 203/200/232 204/201/232
f 204/201/232 125/122/232 123/120/232
f 125/122/233 204/201/233 205/202/234
f 205/202/234 127/124/235 125/122/233
f 127/124/235 205/202/234 206/203/236
f 206/203/236 129/126/237 127/124/235
f 129/126/237 206/203/236 171/168/192
f 171/168/192 131/128/191 129/126/237
f 117/114/238 207/204/238 199/196/238
f 199/196/238 118/115/238 117/114/238
f 133/130/239 208/205/239 207/204/239
f 207/204/239 117/114/239 133/130/239
f 139/136/240 209/206/240 208/205/240
f 208/205/240 133/130/240 139/136/240
f 144/141/241 210/207/241 209/206/241
f 209/206/241 139/136/241 144/141/241
f 148/145/242 211/208/242 210/207/242
f 210/207/242 144/141/242 148/145/242
f 151/148/243 212/209/243 211/208/243
f 211/208/243 148/145/243 151/148/243
f 193/190/244 212/209/245 151/148/245
f 151/148/245 92/89/245 193/190/244
f 213/210/246 214/211/246 215/212/246
f 215/212/246 216/213/246 213/210/246
f 217/214/247 218/215/247 216/213/247
f 216/213/247 215/212/247 217/214/247
f 219/216/248 220/217/249 218/215/250
f 218/215/250 217/214/248 219/216/248
f 216/213/251 221/218/252 222/219/252
f 222/219/252 213/210/251 216/213/251
f 218/215/253 223/220/253 221/218/253
f 221/218/253 216/213/253 218/215/253
f 223/220/254 218/215/250 220/217/249
f 220/217/249 224/221/255 223/220/254
f 221/218/256 225/222/256 226/223/257
f 226/223/257 222/219/256 221/218/256
f 225/222/258 221/218/258 223/220/258
f 223/220/258 227/224/258 225/222/258
f 224/221/259 228/225/260 227/224/261
f 227/224/261 223/220/259 224/221/259
f 229/226/262 226/223/262 225/222/262
f 225/222/262 230/227/262 229/226/262
f 227/224/263 231/228/263 230/227/263
f 230/227/263 225/222/264 227/224/263
f 228/225/260 232/229/265 231/228/265
f 231/228/265 227/224/261 228/225/260
f 230/227/266 233/230/266 234/231/266
f 234/231/266 229/226/266 230/227/266
f 231/228/267 235/232/267 233/230/267
f 233/230/267 230/227/267 231/228/267
f 235/232/268 231/228/269 232/229/269
f 232/229/269 236/233/270 235/232/268
f 233/230/271 237/234/272 238/235/273
f 238/235/273 234/231/274 233/230/271
f 237/234/275 233/230/275 235/232/276
f 235/232/276 239/236/275 237/234/275
f 236/233/270 240/237/277 239/236/277
f 239/236/277 235/232/268 236/233/270
f 241/238/278 238/235/279 237/234/280
f 237/234/280 242/239/281 241/238/278
f 239/236/282 243/240/282 242/239/283
f 242/239/283 237/234/282 239/236/282
f 240/237/284 244/241/285 243/240/286
f 243/240/286 239/236/284 240/237/284
f 242/239/287 245/242/287 246/243/287
f 246/243/287 241/238/287 242/239/287
f 243/240/288 247/244/289 245/242/290
f 245/242/290 242/239/288 243/240/288
f 247/244/291 243/240/286 244/241/285
f 244/241/285 248/245/291 247/244/291
f 245/242/292 249/246/292 250/247/292
f 250/247/292 246/243/292 245/242/292
f 249/246/293 245/242/293 247/244/293
f 247/244/293 251/248/293 249/246/293
f 248/245/294 252/249/294 251/248/295
f 251/248/295 247/244/294 248/245/294
f 253/250/296 250/247/296 249/246/297
f 249/246/297 254/251/296 253/250/296
f 251/248/298 255/252/299 254/251/298
f 254/251/298 249/246/298 251/248/298
f 252/249/300 256/253/300 255/252/300
f 255/252/300 251/248/300 252/249/300
f 254/251/301 257/254/301 258/255/301
f 258/255/301 253/250/301 254/251/301
f 255/252/302 259/256/302 257/254/302
f 257/254/302 254/251/302 255/252/302
f 259/256/303 255/252/304 256/253/305
f 256/253/305 260/257/306 259/256/303
f 257/254/307 261/258/307 262/259/307
f 262/259/307 258/255/307 257/254/307
f 261/258/308 257/254/309 259/256/308
f 259/256/308 263/260/308 261/258/308
f 260/257/310 264/261/310 263/260/311
f 263/260/311 259/256/312 260/257/310
f 265/262/313 262/259/314 261/258/314
f 261/258/314 266/263/314 265/262/313
f 263/260/315 267/264/315 266/263/315
f 266/263/315 261/258/315 263/260/315
f 264/261/316 268/265/316 267/264/316
f 267/264/316 263/260/316 264/261/316
f 266/263/317 269/266/317 270/267/317
f 270/267/317 265/262/317 266/263/317
f 267/264/318 271/268/319 269/266/318
f 269/266/318 266/263/318 267/264/318
f 271/268/320 267/264/321 268/265/320
f 268/265/320 272/269/320 271/268/320
f 273/270/322 274/271/322 275/272/322
f 275/272/322 214/211/322 273/270/322
f 215/212/323 214/211/323 275/272/323
f 275/272/323 276/273/323 215/212/323
f 277/274/324 217/214/324 215/212/324
f 215/212/324 276/273/324 277/274/324
f 278/275/325 219/216/325 217/214/325
f 217/214/325 277/274/325 278/275/325
f 272/269/326 177/276/326 176/277/326
f 176/277/326 271/268/326 272/269/326
f 175/278/327 269/266/327 271/268/327
f 271/268/327 176/277/327 175/278/327
f 175/278/328 173/279/328 270/267/328
f 270/267/328 269/266/328 175/278/328
f 270/267/329 173/279/329 172/280/329
f 172/280/329 279/281/329 270/267/329
f 265/262/330 270/267/330 279/281/330
f 279/281/330 280/282/330 265/262/330
f 280/282/331 281/283/331 262/259/331
f 262/259/331 265/262/331 280/282/331
f 281/283/332 282/284/333 258/255/333
f 258/255/333 262/259/334 281/283/332
f 258/255/335 282/284/335 283/285/335
f 283/285/335 253/250/335 258/255/335
f 253/250/336 283/285/337 284/286/338
f 284/286/338 250/247/337 253/250/336
f 285/287/339 246/243/339 250/247/339
f 250/247/339 284/286/339 285/287/339
f 246/243/340 285/287/340 286/288/340
f 286/288/340 241/238/340 246/243/340
f 241/238/341 286/288/342 287/289/343
f 287/289/343 238/235/343 241/238/341
f 288/290/344 234/231/345 238/235/346
f 238/235/346 287/289/346 288/290/344
f 289/291/347 229/226/347 234/231/348
f 234/231/348 288/290/349 289/291/347
f 290/292/350 226/223/350 229/226/351
f 229/226/351 289/291/352 290/292/350
f 291/293/353 222/219/353 226/223/354
f 226/223/354 290/292/355 291/293/353
f 292/294/356 213/210/357 222/219/358
f 222/219/358 291/293/359 292/294/356
f 213/210/360 292/294/361 273/270/361
f 273/270/361 214/211/361 213/210/360
f 293/295/362 294/296/362 295/297/362
f 295/297/362 296/298/362 293/295/362
f 295/297/363 297/299/363 298/300/363
f 298/300/363 296/298/363 295/297/363
f 297/299/364 299/301/364 300/302/364
f 300/302/364 298/300/364 297/299/364
f 300/302/365 299/301/365 301/303/365
f 301/303/365 302/304/366 300/302/365
f 293/295/367 296/298/367 303/305/367
f 303/305/367 304/306/367 293/295/367
f 296/298/368 298/300/368 305/307/368
f 305/307/368 303/305/368 296/298/368
f 298/300/369 300/302/369 306/308/369
f 306/308/369 305/307/369 298/300/369
f 300/302/370 302/304/370 307/309/371
f 307/309/371 306/308/370 300/302/370
f 304/306/372 303/305/372 308/310/372
f 308/310/372 309/311/372 304/306/372
f 303/305/373 305/307/373 310/312/373
f 310/312/373 308/310/373 303/305/373
f 305/307/374 306/308/375 311/313/376
f 311/313/376 310/312/374 305/307/374
f 306/308/375 307/309/377 312/314/377
f 312/314/377 311/313/376 306/308/375
f 309/311/378 308/310/378 313/315/378
f 313/315/378 314/316/378 309/311/378
f 308/310/379 310/312/379 315/317/379
f 315/317/379 313/315/379 308/310/379
f 310/312/380 311/313/381 316/318/382
f 316/318/382 315/317/380 310/312/380
f 311/313/381 312/314/383 317/319/384
f 317/319/384 316/318/382 311/313/381
f 314/316/385 313/315/385 318/320/385
f 318/320/385 319/321/385 314/316/385
f 313/315/386 315/317/386 320/322/386
f 320/322/386 318/320/386 313/315/386
f 315/317/387 316/318/387 321/323/387
f 321/323/387 320/322/387 315/317/387
f 316/318/388 317/319/389 322/324/388
f 322/324/388 321/323/388 316/318/388
f 319/321/390 318/320/391 323/325/391
f 323/325/391 324/326/391 319/321/390
f 318/320/392 320/322/392 325/327/392
f 325/327/392 323/325/392 318/320/392
f 320/322/393 321/323/393 326/328/393
f 326/328/393 325/327/393 320/322/393
f 322/324/394 327/329/394 326/328/395
f 326/328/395 321/323/396 322/324/394
f 324/326/397 323/325/398 328/330/399
f 328/330/399 329/331/400 324/326/397
f 323/325/401 325/327/401 330/332/401
f 330/332/401 328/330/401 323/325/401
f 325/327/402 326/328/403 331/333/404
f 331/333/404 330/332/404 325/327/402
f 326/328/405 327/329/406 332/334/406
f 332/334/406 331/333/406 326/328/405
f 329/331/407 328/330/408 333/335/409
f 333/335/409 334/336/410 329/331/407
f 328/330/411 330/332/412 335/337/413
f 335/337/413 333/335/411 328/330/411
f 331/333/414 336/338/415 335/337/415
f 335/337/415 330/332/414 331/333/414
f 331/333/416 332/334/416 337/339/417
f 337/339/417 336/338/416 331/333/416
f 334/336/418 333/335/419 338/340/420
f 338/340/420 339/341/421 334/336/418
f 333/335/422 335/337/422 340/342/422
f 340/342/422 338/340/423 333/335/422
f 335/337/424 336/338/425 341/343/426
f 341/343/426 340/342/427 335/337/424
f 337/339/428 342/344/429 341/343/429
f 341/343/429 336/338/429 337/339/428
f 339/341/430 338/340/430 343/345/431
f 343/345/431 344/346/432 339/341/430
f 340/342/433 345/347/433 343/345/433
f 343/345/433 338/340/433 340/342/433
f 340/342/434 341/343/435 346/348/436
f 346/348/436 345/347/437 340/342/434
f 341/343/438 342/344/439 347/349/440
f 347/349/440 346/348/438 341/343/438
f 344/346/441 343/345/441 348/350/442
f 348/350/442 349/351/441 344/346/441
f 343/345/443 345/347/443 350/352/443
f 350/352/443 348/350/443 343/345/443
f 346/348/444 351/353/444 350/352/444
f 350/352/444 345/347/444 346/348/444
f 346/348/445 347/349/446 352/354/446
f 352/354/446 351/353/446 346/348/445
f 349/351/447 348/350/447 353/355/447
f 353/355/447 354/356/448 349/351/447
f 348/350/449 350/352/449 355/357/450
f 355/357/450 353/355/450 348/350/449
f 350/352/451 351/353/451 356/358/451
f 356/358/451 355/357/451 350/352/451
f 351/353/452 352/354/453 357/359/454
f 357/359/454 356/358/455 351/353/452
f 354/356/456 353/355/456 358/360/456
f 358/360/456 359/361/456 354/356/456
f 355/357/457 360/362/457 358/360/457
f 358/360/457 353/355/457 355/357/457
f 355/357/458 356/358/458 361/363/458
f 361/363/458 360/362/458 355/357/458
f 356/358/455 357/359/454 362/364/459
f 362/364/459 361/363/459 356/358/455
f 359/361/460 358/360/460 363/365/460
f 363/365/460 364/366/460 359/361/460
f 358/360/461 360/362/461 365/367/461
f 365/367/461 363/365/461 358/360/461
f 360/362/462 361/363/463 366/368/462
f 366/368/462 365/367/462 360/362/462
f 361/363/464 362/364/465 367/369/465
f 367/369/465 366/368/466 361/363/464
f 186/183/467 185/182/467 294/296/467
f 294/296/467 368/370/467 186/183/467
f 194/191/468 295/297/468 294/296/468
f 294/296/468 185/182/468 194/191/468
f 195/192/469 297/299/469 295/297/469
f 295/297/469 194/191/469 195/192/469
f 196/193/470 299/301/470 297/299/470
f 297/299/470 195/192/470 196/193/470
f 197/194/471 301/303/471 299/301/471
f 299/301/471 196/193/471 197/194/471
f 365/367/472 366/368/473 369/371/472
f 369/371/472 370/372/472 365/367/472
f 365/367/474 370/372/474 371/373/474
f 371/373/474 363/365/474 365/367/474
f 372/374/475 364/366/475 363/365/475
f 363/365/475 371/373/475 372/374/475
f 372/374/476 373/375/476 374/376/476
f 374/376/476 364/366/476 372/374/476
f 364/366/477 374/376/477 375/377/477
f 375/377/477 359/361/477 364/366/477
f 376/378/478 354/356/478 359/361/478
f 359/361/478 375/377/478 376/378/478
f 354/356/479 376/378/480 377/379/481
f 377/379/481 349/351/482 354/356/479
f 349/351/483 377/379/484 378/380/485
f 378/380/485 344/346/486 349/351/483
f 379/381/487 339/341/488 344/346/489
f 344/346/489 378/380/490 379/381/487
f 339/341/491 379/381/492 380/382/493
f 380/382/493 334/336/493 339/341/491
f 334/336/494 380/382/495 381/383/496
f 381/383/496 329/331/497 334/336/494
f 382/384/498 324/326/498 329/331/498
f 329/331/498 381/383/498 382/384/498
f 324/326/499 382/384/500 383/385/501
f 383/385/501 319/321/502 324/326/499
f 319/321/503 383/385/503 384/386/504
f 384/386/504 314/316/504 319/321/503
f 385/387/505 309/311/505 314/316/505
f 314/316/505 384/386/506 385/387/505
f 309/311/507 385/387/507 386/388/507
f 386/388/507 304/306/507 309/311/507
f 304/306/508 386/388/509 387/389/509
f 387/389/509 293/295/509 304/306/508
f 293/295/510 387/389/510 368/370/510
f 368/370/510 294/296/510 293/295/510
f 388/390/511 389/391/511 390/392/511
f 390/392/511 391/393/511 388/390/511
f 388/390/512 392/394/512 393/395/512
f 393/395/512 389/391/512 388/390/512
f 392/394/513 394/396/513 395/397/514
f 395/397/514 393/395/515 392/394/513
f 396/398/516 397/399/516 395/397/517
f 395/397/517 394/396/517 396/398/516
f 396/398/518 398/400/519 399/401/520
f 399/401/520 397/399/518 396/398/518
f 398/400/521 400/402/522 401/403/523
f 401/403/523 399/401/524 398/400/521
f 400/402/525 402/404/525 403/405/525
f 403/405/525 401/403/525 400/402/525
f 402/404/526 404/406/527 405/407/527
f 405/407/527 403/405/528 402/404/526
f 404/406/529 406/408/530 407/409/531
f 407/409/531 405/407/532 404/406/529
f 408/410/533 409/411/533 407/409/534
f 407/409/534 406/408/533 408/410/533
f 408/410/535 410/412/536 411/413/536
f 411/413/536 409/411/536 408/410/535
f 412/414/537 413/415/537 411/413/537
f 411/413/537 410/412/537 412/414/537
f 412/414/538 414/416/538 415/417/539
f 415/417/539 413/415/540 412/414/538
f 414/416/541 416/418/541 417/419/541
f 417/419/541 415/417/541 414/416/541
f 390/392/542 389/391/542 418/420/542
f 418/420/542 419/421/542 390/392/542
f 389/391/543 393/395/543 420/422/543
f 420/422/543 418/420/543 389/391/543
f 393/395/544 395/397/544 421/423/544
f 421/423/544 420/422/544 393/395/544
f 395/397/545 397/399/546 422/424/546
f 422/424/546 421/423/546 395/397/545
f 397/399/547 399/401/547 423/425/547
f 423/425/547 422/424/547 397/399/547
f 399/401/548 401/403/548 424/426/549
f 424/426/549 423/425/550 399/401/548
f 401/403/551 403/405/552 425/427/553
f 425/427/553 424/426/551 401/403/551
f 403/405/554 405/407/555 426/428/556
f 426/428/556 425/427/557 403/405/554
f 405/407/558 407/409/558 427/429/558
f 427/429/558 426/428/558 405/407/558
f 407/409/559 409/411/560 428/430/560
f 428/430/560 427/429/560 407/409/559
f 409/411/561 411/413/561 429/431/561
f 429/431/561 428/430/561 409/411/561
f 413/415/562 430/432/562 429/431/562
f 429/431/562 411/413/562 413/415/562
f 415/417/563 431/433/563 430/432/563
f 430/432/563 413/415/563 415/417/563
f 415/417/564 417/419/564 432/434/564
f 432/434/564 431/433/564 415/417/564
f 418/420/565 433/435/565 434/436/565
f 434/436/565 419/421/565 418/420/565
f 418/420/566 420/422/566 435/437/566
f 435/437/566 433/435/566 418/420/566
f 421/423/567 436/438/567 435/437/567
f 435/437/567 420/422/567 421/423/567
f 422/424/568 437/439/568 436/438/568
f 436/438/568 421/423/568 422/424/568
f 422/424/569 423/425/570 438/440/570
f 438/440/570 437/439/570 422/424/569
f 423/425/571 424/426/572 439/441/573
f 439/441/573 438/440/574 423/425/571
f 425/427/575 440/442/576 439/441/577
f 439/441/577 424/426/575 425/427/575
f 425/427/578 426/428/579 441/443/579
f 441/443/579 440/442/578 425/427/578
f 427/429/580 442/444/581 441/443/580
f 441/443/580 426/428/582 427/429/580
f 428/430/583 443/445/583 442/444/583
f 442/444/583 427/429/583 428/430/583
f 428/430/584 429/431/584 444/446/584
f 444/446/584 443/445/584 428/430/584
f 430/432/585 445/447/585 444/446/585
f 444/446/585 429/431/586 430/432/585
f 431/433/587 446/448/587 445/447/587
f 445/447/587 430/432/587 431/433/587
f 431/433/588 432/434/588 447/449/588
f 447/449/588 446/448/588 431/433/588
f 433/435/589 448/450/589 449/451/589
f 449/451/589 434/436/589 433/435/589
f 433/435/590 435/437/590 450/452/590
f 450/452/590 448/450/590 433/435/590
f 435/437/591 436/438/591 451/453/591
f 451/453/591 450/452/592 435/437/591
f 437/439/593 452/454/594 451/453/593
f 451/453/593 436/438/593 437/439/593
f 437/439/595 438/440/596 453/455/597
f 453/455/597 452/454/598 437/439/595
f 439/441/599 454/456/600 453/455/601
f 453/455/601 438/440/602 439/441/599
f 440/442/603 455/457/604 454/456/605
f 454/456/605 439/441/606 440/442/603
f 440/442/607 441/443/608 456/458/609
f 456/458/609 455/457/610 440/442/607
f 441/443/611 442/444/611 457/459/612
f 457/459/612 456/458/611 441/443/611
f 443/445/613 458/460/613 457/459/613
f 457/459/613 442/444/613 443/445/613
f 443/445/614 444/446/614 459/461/614
f 459/461/614 458/460/614 443/445/614
f 445/447/615 460/462/616 459/461/616
f 459/461/616 444/446/616 445/447/615
f 446/448/617 461/463/617 460/462/617
f 460/462/617 445/447/617 446/448/617
f 446/448/618 447/449/618 462/464/619
f 462/464/619 461/463/619 446/448/618
f 448/450/620 463/465/620 464/466/620
f 464/466/620 449/451/620 448/450/620
f 448/450/621 450/452/622 465/467/622
f 465/467/622 463/465/622 448/450/621
f 450/452/623 451/453/623 466/468/624
f 466/468/624 465/467/623 450/452/623
f 452/454/625 467/469/625 466/468/625
f 466/468/625 451/453/625 452/454/625
f 452/454/626 453/455/627 468/470/626
f 468/470/626 467/469/628 452/454/626
f 453/455/629 454/456/629 469/471/630
f 469/471/630 468/470/630 453/455/629
f 455/457/631 470/472/631 469/471/631
f 469/471/631 454/456/631 455/457/631
f 455/457/632 456/458/633 471/473/633
f 471/473/633 470/472/633 455/457/632
f 457/459/634 472/474/635 471/473/634
f 471/473/634 456/458/634 457/459/634
f 458/460/636 473/475/636 472/474/636
f 472/474/636 457/459/636 458/460/636
f 458/460/637 459/461/638 474/476/639
f 474/476/639 473/475/638 458/460/637
f 460/462/640 475/477/640 474/476/640
f 474/476/640 459/461/640 460/462/640
f 461/463/641 476/478/641 475/477/641
f 475/477/641 460/462/641 461/463/641
f 461/463/642 462/464/642 477/479/642
f 477/479/642 476/478/642 461/463/642
f 463/465/643 478/480/643 479/481/643
f 479/481/643 464/466/643 463/465/643
f 463/465/644 465/467/645 480/482/645
f 480/482/645 478/480/644 463/465/644
f 465/467/646 466/468/646 481/483/646
f 481/483/646 480/482/646 465/467/646
f 467/469/647 482/484/648 481/483/647
f 481/483/647 466/468/649 467/469/647
f 467/469/650 468/470/651 483/485/651
f 483/485/651 482/484/652 467/469/650
f 469/471/653 484/486/654 483/485/653
f 483/485/653 468/470/655 469/471/653
f 470/472/656 485/487/657 484/486/658
f 484/486/658 469/471/658 470/472/656
f 470/472/659 471/473/660 486/488/659
f 486/488/659 485/487/660 470/472/659
f 472/474/661 487/489/661 486/488/662
f 486/488/662 471/473/661 472/474/661
f 473/475/663 488/490/664 487/489/663
f 487/489/663 472/474/665 473/475/663
f 473/475/666 474/476/667 489/491/667
f 489/491/667 488/490/667 473/475/666
f 474/476/668 475/477/668 490/492/668
f 490/492/668 489/491/668 474/476/668
f 476/478/669 491/493/670 490/492/669
f 490/492/669 475/477/669 476/478/669
f 476/478/671 477/479/671 492/494/671
f 492/494/671 491/493/672 476/478/671
f 478/480/673 493/495/673 494/496/673
f 494/496/673 479/481/673 478/480/673
f 478/480/674 480/482/675 495/497/676
f 495/497/676 493/495/677 478/480/674
f 481/483/678 496/498/679 495/497/680
f 495/497/680 480/482/681 481/483/678
f 482/484/682 497/499/683 496/498/683
f 496/498/683 481/483/683 482/484/682
f 482/484/684 483/485/684 498/500/685
f 498/500/685 497/499/684 482/484/684
f 484/486/686 499/501/687 498/500/686
f 498/500/686 483/485/686 484/486/686
f 485/487/688 500/502/688 499/501/688
f 499/501/688 484/486/688 485/487/688
f 485/487/689 486/488/690 501/503/691
f 501/503/691 500/502/689 485/487/689
f 486/488/692 487/489/692 502/504/692
f 502/504/692 501/503/692 486/488/692
f 488/490/693 503/505/694 502/504/695
f 502/504/695 487/489/694 488/490/693
f 488/490/696 489/491/696 504/506/696
f 504/506/696 503/505/696 488/490/696
f 489/491/697 490/492/697 505/507/697
f 505/507/697 504/506/697 489/491/697
f 491/493/698 506/508/698 505/507/699
f 505/507/699 490/492/699 491/493/698
f 491/493/700 492/494/700 507/509/700
f 507/509/700 506/508/700 491/493/700
f 493/495/701 508/510/701 509/511/701
f 509/511/701 494/496/701 493/495/701
f 493/495/702 495/497/703 510/512/704
f 510/512/704 508/510/703 493/495/702
f 495/497/705 496/498/705 511/513/706
f 511/513/706 510/512/706 495/497/705
f 512/514/707 511/513/707 496/498/707
f 496/498/707 497/499/707 512/514/707
f 513/515/708 512/514/709 497/499/710
f 497/499/710 498/500/709 513/515/708
f 513/515/711 498/500/711 499/501/711
f 499/501/711 514/516/711 513/515/711
f 499/501/712 500/502/713 515/517/713
f 515/517/713 514/516/713 499/501/712
f 500/502/714 501/503/715 516/518/716
f 516/518/716 515/517/715 500/502/714
f 501/503/717 502/504/718 517/519/717
f 517/519/717 516/518/718 501/503/717
f 518/520/719 517/519/719 502/504/719
f 502/504/719 503/505/719 518/520/719
f 519/521/720 518/520/721 503/505/721
f 503/505/721 504/506/720 519/521/720
f 505/507/722 520/522/723 519/521/724
f 519/521/724 504/506/725 505/507/722
f 521/523/726 520/522/726 505/507/727
f 505/507/727 506/508/728 521/523/726
f 522/524/729 521/523/730 506/508/729
f 506/508/729 507/509/731 522/524/729
f 523/525/732 524/526/732 509/511/732
f 509/511/732 508/510/732 523/525/732
f 525/527/733 523/525/733 508/510/733
f 508/510/733 510/512/733 525/527/733
f 511/513/734 526/528/734 525/527/735
f 525/527/735 510/512/736 511/513/734
f 526/528/737 511/513/737 512/514/738
f 512/514/738 527/529/738 526/528/737
f 527/529/739 512/514/739 513/515/739
f 513/515/739 528/530/739 527/529/739
f 528/530/740 513/515/741 514/516/742
f 514/516/742 529/531/742 528/530/740
f 530/532/743 529/531/744 514/516/745
f 514/516/745 515/517/743 530/532/743
f 531/533/746 530/532/747 515/517/747
f 515/517/747 516/518/746 531/533/746
f 517/519/748 532/534/749 531/533/750
f 531/533/750 516/518/750 517/519/748
f 532/534/751 517/519/751 518/520/751
f 518/520/751 533/535/751 532/534/751
f 533/535/752 518/520/753 519/521/754
f 519/521/754 534/536/752 533/535/752
f 520/522/755 535/537/756 534/536/756
f 534/536/756 519/521/756 520/522/755
f 535/537/757 520/522/757 521/523/757
f 521/523/757 536/538/757 535/537/757
f 536/538/758 521/523/758 522/524/758
f 522/524/758 537/539/758 536/538/758
f 538/540/759 524/526/759 523/525/759
f 523/525/759 539/541/759 538/540/759
f 539/541/760 523/525/760 525/527/760
f 525/527/760 540/542/760 539/541/760
f 526/528/761 541/543/761 540/542/761
f 540/542/761 525/527/761 526/528/761
f 541/543/762 526/528/762 527/529/762
f 527/529/762 542/544/762 541/543/762
f 542/544/763 527/529/763 528/530/763
f 528/530/763 543/545/763 542/544/763
f 529/531/764 544/546/765 543/545/764
f 543/545/764 528/530/766 529/531/764
f 544/546/767 529/531/767 530/532/768
f 530/532/768 545/547/769 544/546/767
f 545/547/770 530/532/771 531/533/772
f 531/533/772 546/548/773 545/547/770
f 532/534/774 547/549/775 546/548/776
f 546/548/776 531/533/777 532/534/774
f 547/549/778 532/534/778 533/535/779
f 533/535/779 548/550/780 547/549/778
f 548/550/781 533/535/781 534/536/782
f 534/536/782 549/551/781 548/550/781
f 535/537/783 550/552/783 549/551/783
f 549/551/783 534/536/783 535/537/783
f 550/552/784 535/537/784 536/538/784
f 536/538/784 551/553/784 550/552/784
f 551/553/785 536/538/785 537/539/785
f 537/539/785 552/554/785 551/553/785
f 553/555/786 538/540/786 539/541/786
f 539/541/786 554/556/786 553/555/786
f 554/556/787 539/541/787 540/542/788
f 540/542/788 555/557/787 554/556/787
f 541/543/789 556/558/789 555/557/789
f 555/557/789 540/542/789 541/543/789
f 556/558/790 541/543/790 542/544/790
f 542/544/790 557/559/790 556/558/790
f 557/559/791 542/544/791 543/545/791
f 543/545/791 558/560/791 557/559/791
f 544/546/792 559/561/792 558/560/792
f 558/560/792 543/545/792 544/546/792
f 559/561/793 544/546/793 545/547/794
f 545/547/794 560/562/794 559/561/793
f 560/562/795 545/547/795 546/548/796
f 546/548/796 561/563/796 560/562/795
f 547/549/797 562/564/797 561/563/798
f 561/563/798 546/548/799 547/549/797
f 562/564/800 547/549/800 548/550/800
f 548/550/800 563/565/800 562/564/800
f 563/565/801 548/550/801 549/551/801
f 549/551/801 564/566/801 563/565/801
f 550/552/802 565/567/802 564/566/802
f 564/566/802 549/551/802 550/552/802
f 565/567/803 550/552/803 551/553/803
f 551/553/803 566/568/803 565/567/803
f 566/568/804 551/553/804 552/554/804
f 552/554/804 567/569/804 566/568/804
f 568/570/805 553/555/805 554/556/805
f 554/556/805 569/571/805 568/570/805
f 569/571/806 554/556/806 555/557/806
f 555/557/806 570/572/806 569/571/806
f 556/558/807 571/573/807 570/572/807
f 570/572/807 555/557/807 556/558/807
f 571/573/808 556/558/808 557/559/808
f 557/559/808 572/574/808 571/573/808
f 572/574/809 557/559/809 558/560/809
f 558/560/809 573/575/809 572/574/809
f 559/561/810 574/576/810 573/575/810
f 573/575/810 558/560/810 559/561/810
f 574/576/811 559/561/812 560/562/813
f 560/562/813 575/577/812 574/576/811
f 575/577/814 560/562/815 561/563/816
f 561/563/816 576/578/817 575/577/814
f 562/564/818 577/579/818 576/578/818
f 576/578/818 561/563/818 562/564/818
f 577/579/819 562/564/819 563/565/819
f 563/565/819 578/580/819 577/579/819
f 578/580/820 563/565/820 564/566/820
f 564/566/820 579/581/820 578/580/820
f 565/567/821 580/582/821 579/581/821
f 579/581/821 564/566/821 565/567/821
f 580/582/822 565/567/822 566/568/822
f 566/568/822 581/583/822 580/582/822
f 581/583/823 566/568/823 567/569/823
f 567/569/823 582/584/823 581/583/823
f 583/585/824 568/570/824 569/571/824
f 569/571/824 584/586/824 583/585/824
f 584/586/825 569/571/825 570/572/825
f 570/572/825 585/587/825 584/586/825
f 571/573/826 586/588/826 585/587/826
f 585/587/826 570/572/826 571/573/826
f 586/588/827 571/573/827 572/574/827
f 572/574/827 587/589/827 586/588/827
f 587/589/828 572/574/828 573/575/828
f 573/575/828 588/590/829 587/589/828
f 574/576/830 589/591/830 588/590/830
f 588/590/830 573/575/830 574/576/830
f 589/591/831 574/576/832 575/577/833
f 575/577/833 590/592/833 589/591/831
f 590/592/834 575/577/834 576/578/834
f 576/578/834 591/593/834 590/592/834
f 577/579/835 592/594/835 591/593/836
f 591/593/836 576/578/835 577/579/835
f 592/594/837 577/579/837 578/580/838
f 578/580/838 593/595/837 592/594/837
f 593/595/839 578/580/839 579/581/839
f 579/581/839 594/596/839 593/595/839
f 580/582/840 595/597/840 594/596/840
f 594/596/840 579/581/840 580/582/840
f 595/597/841 580/582/841 581/583/841
f 581/583/841 596/598/841 595/597/841
f 596/598/842 581/583/843 582/584/842
f 582/584/842 597/599/842 596/598/842
f 598/600/844 583/585/844 584/586/844
f 584/586/844 599/601/844 598/600/844
f 599/601/845 584/586/845 585/587/845
f 585/587/845 600/602/845 599/601/845
f 586/588/846 601/603/846 600/602/846
f 600/602/846 585/587/846 586/588/846
f 601/603/847 586/588/847 587/589/847
f 587/589/847 602/604/847 601/603/847
f 602/604/848 587/589/848 588/590/849
f 588/590/849 603/605/848 602/604/848
f 589/591/850 604/606/850 603/605/850
f 603/605/850 588/590/850 589/591/850
f 604/606/851 589/591/852 590/592/853
f 590/592/853 605/607/854 604/606/851
f 605/607/855 590/592/856 591/593/857
f 591/593/857 606/608/855 605/607/855
f 592/594/858 607/609/859 606/608/858
f 606/608/858 591/593/858 592/594/858
f 608/610/860 607/609/860 592/594/861
f 592/594/861 593/595/860 608/610/860
f 609/611/862 608/610/862 593/595/862
f 593/595/862 594/596/862 609/611/862
f 594/596/863 595/597/863 610/612/863
f 610/612/863 609/611/863 594/596/863
f 610/612/864 595/597/864 596/598/864
f 596/598/864 611/613/864 610/612/864
f 611/613/865 596/598/866 597/599/865
f 597/599/865 612/614/865 611/613/865
f 156/615/867 613/616/867 391/393/868
f 391/393/868 157/617/867 156/615/867
f 391/393/869 613/616/869 614/618/869
f 614/618/869 388/390/869 391/393/869
f 388/390/870 614/618/871 615/619/872
f 615/619/872 392/394/872 388/390/870
f 615/619/873 616/620/874 394/396/875
f 394/396/875 392/394/876 615/619/873
f 394/396/877 616/620/878 617/621/879
f 617/621/879 396/398/880 394/396/877
f 396/398/881 617/621/882 618/622/882
f 618/622/882 398/400/881 396/398/881
f 619/623/883 400/402/884 398/400/885
f 398/400/885 618/622/886 619/623/883
f 400/402/887 619/623/888 620/624/889
f 620/624/889 402/404/889 400/402/887
f 620/624/890 621/625/891 404/406/891
f 404/406/891 402/404/892 620/624/890
f 404/406/893 621/625/893 622/626/894
f 622/626/894 406/408/895 404/406/893
f 623/627/896 408/410/897 406/408/897
f 406/408/897 622/626/897 623/627/896
f 624/628/898 410/412/899 408/410/898
f 408/410/898 623/627/898 624/628/898
f 410/412/900 624/628/901 625/629/902
f 625/629/902 412/414/903 410/412/900
f 626/630/904 414/416/905 412/414/904
f 412/414/904 625/629/904 626/630/904
f 627/631/906 416/418/906 414/416/906
f 414/416/906 626/630/906 627/631/906
f 628/632/907 416/418/907 627/631/907
f 627/631/907 629/633/907 628/632/907
f 417/419/908 416/418/908 628/632/908
f 628/632/908 630/634/908 417/419/908
f 631/635/909 432/434/910 417/419/909
f 417/419/909 630/634/909 631/635/909
f 632/636/911 447/449/911 432/434/911
f 432/434/911 631/635/911 632/636/911
f 447/449/912 632/636/912 633/637/912
f 633/637/912 462/464/912 447/449/912
f 462/464/913 633/637/913 634/638/913
f 634/638/913 477/479/913 462/464/913
f 477/479/914 634/638/914 635/639/914
f 635/639/914 492/494/914 477/479/914
f 492/494/915 635/639/915 636/640/915
f 636/640/915 507/509/915 492/494/915
f 507/509/916 636/640/917 637/641/918
f 637/641/918 522/524/916 507/509/916
f 537/539/919 522/524/919 637/641/919
f 637/641/919 638/642/920 537/539/919
f 639/643/921 552/554/921 537/539/921
f 537/539/921 638/642/921 639/643/921
f 552/554/922 639/643/922 640/644/922
f 640/644/922 567/569/922 552/554/922
f 567/569/923 640/644/923 641/645/923
f 641/645/923 582/584/923 567/569/923
f 582/584/924 641/645/924 642/646/924
f 642/646/924 597/599/924 582/584/924
f 643/647/925 612/614/925 597/599/925
f 597/599/925 642/646/925 643/647/925
f 643/647/926 274/648/926 273/649/926
f 273/649/926 612/614/926 643/647/926
f 292/650/927 611/613/927 612/614/927
f 612/614/927 273/649/927 292/650/927
f 291/651/928 610/612/928 611/613/928
f 611/613/928 292/650/928 291/651/928
f 610/612/929 291/651/929 290/652/930
f 290/652/930 609/611/929 610/612/929
f 289/653/931 608/610/932 609/611/932
f 609/611/932 290/652/932 289/653/931
f 288/654/933 607/609/933 608/610/934
f 608/610/934 289/653/933 288/654/933
f 607/609/935 288/654/936 287/655/937
f 287/655/937 606/608/937 607/609/935
f 286/656/938 605/607/939 606/608/940
f 606/608/940 287/655/941 286/656/938
f 285/657/942 604/606/943 605/607/943
f 605/607/943 286/656/943 285/657/942
f 285/657/944 284/658/945 603/605/946
f 603/605/946 604/606/947 285/657/944
f 283/659/948 602/604/949 603/605/950
f 603/605/950 284/658/951 283/659/948
f 282/660/952 601/603/952 602/604/953
f 602/604/953 283/659/953 282/660/952
f 282/660/954 281/661/955 600/602/955
f 600/602/955 601/603/954 282/660/954
f 280/662/956 599/601/956 600/602/956
f 600/602/956 281/661/956 280/662/956
f 279/663/957 598/600/957 599/601/957
f 599/601/957 280/662/957 279/663/957
f 598/600/958 279/663/958 172/664/958
f 172/664/958 174/665/958 598/600/958
f 598/600/959 174/665/959 178/666/959
f 178/666/959 583/585/959 598/600/959
f 583/585/960 178/666/960 179/667/960
f 179/667/960 568/570/960 583/585/960
f 179/667/961 180/668/961 553/555/961
f 553/555/961 568/570/961 179/667/961
f 180/668/962 181/669/962 538/540/962
f 538/540/962 553/555/962 180/668/962
f 538/540/963 181/669/963 182/670/963
f 182/670/963 524/526/963 538/540/963
f 524/526/964 182/670/964 183/671/964
f 183/671/964 509/511/964 524/526/964
f 509/511/965 183/671/965 164/672/966
f 164/672/966 494/496/965 509/511/965
f 494/496/967 164/672/968 163/673/969
f 163/673/969 479/481/970 494/496/967
f 163/673/971 162/674/971 464/466/971
f 464/466/971 479/481/971 163/673/971
f 162/674/972 161/675/972 449/451/972
f 449/451/972 464/466/972 162/674/972
f 449/451/973 161/675/973 160/676/973
f 160/676/973 434/436/973 449/451/973
f 434/436/974 160/676/974 159/677/974
f 159/677/974 419/421/974 434/436/974
f 419/421/975 159/677/975 158/678/975
f 158/678/975 390/392/975 419/421/975
f 158/678/976 157/617/976 391/393/976
f 391/393/976 390/392/976 158/678/976
f 644/679/977 645/680/978 646/681/978
f 646/681/978 647/682/978 644/679/977
f 648/683/979 649/684/979 647/682/979
f 647/682/979 646/681/979 648/683/979
f 649/684/980 648/683/980 650/685/980
f 650/685/980 651/686/980 649/684/980
f 652/687/981 653/688/981 651/686/981
f 651/686/981 650/685/981 652/687/981
f 653/688/982 652/687/982 654/689/982
f 654/689/982 655/690/983 653/688/982
f 656/691/984 655/690/984 654/689/984
f 654/689/984 657/692/984 656/691/984
f 657/692/985 658/693/985 659/694/985
f 659/694/985 656/691/985 657/692/985
f 660/695/986 661/696/986 644/679/987
f 644/679/987 647/682/986 660/695/986
f 660/695/988 647/682/988 649/684/988
f 649/684/988 662/697/988 660/695/988
f 662/697/989 649/684/989 651/686/989
f 651/686/989 663/698/989 662/697/989
f 651/686/990 653/688/990 664/699/990
f 664/699/990 663/698/990 651/686/990
f 653/688/991 655/690/991 665/700/991
f 665/700/991 664/699/992 653/688/991
f 665/700/993 655/690/993 656/691/993
f 656/691/993 666/701/993 665/700/993
f 666/701/994 656/691/994 659/694/994
f 659/694/994 667/702/994 666/701/994
f 668/703/995 661/696/995 660/695/995
f 660/695/995 669/704/995 668/703/995
f 669/704/996 660/695/997 662/697/998
f 662/697/998 670/705/997 669/704/996
f 663/698/999 671/706/999 670/705/1000
f 670/705/1000 662/697/999 663/698/999
f 664/699/1001 672/707/1001 671/706/1001
f 671/706/1001 663/698/1001 664/699/1001
f 673/708/1002 672/707/1002 664/699/1002
f 664/699/1002 665/700/1002 673/708/1002
f 666/701/1003 674/709/1003 673/708/1003
f 673/708/1003 665/700/1003 666/701/1003
f 675/710/1004 674/709/1004 666/701/1004
f 666/701/1004 667/702/1004 675/710/1004
f 676/711/1005 677/712/1005 668/703/1005
f 668/703/1005 669/704/1005 676/711/1005
f 678/713/1006 676/711/1007 669/704/1008
f 669/704/1008 670/705/1007 678/713/1006
f 670/705/1009 671/706/1009 679/714/1009
f 679/714/1009 678/713/1009 670/705/1009
f 671/706/1010 672/707/1010 680/715/1010
f 680/715/1010 679/714/1010 671/706/1010
f 681/716/1011 680/715/1011 672/707/1011
f 672/707/1011 673/708/1011 681/716/1011
f 673/708/1012 674/709/1012 682/717/1012
f 682/717/1012 681/716/1012 673/708/1012
f 675/710/1013 683/718/1013 682/717/1014
f 682/717/1014 674/709/1015 675/710/1013
f 676/711/1016 684/719/1017 685/720/1018
f 685/720/1018 677/712/1016 676/711/1016
f 686/721/1019 684/719/1019 676/711/1019
f 676/711/1019 678/713/1019 686/721/1019
f 687/722/1020 686/721/1020 678/713/1020
f 678/713/1020 679/714/1020 687/722/1020
f 679/714/1021 680/715/1021 688/723/1021
f 688/723/1021 687/722/1021 679/714/1021
f 680/715/1022 681/716/1022 689/724/1022
f 689/724/1022 688/723/1022 680/715/1022
f 690/725/1023 689/724/1023 681/716/1023
f 681/716/1023 682/717/1023 690/725/1023
f 682/717/1024 683/718/1025 691/726/1024
f 691/726/1024 690/725/1026 682/717/1024
f 692/727/1027 693/728/1028 685/720/1018
f 685/720/1018 684/719/1017 692/727/1027
f 686/721/1029 694/729/1029 692/727/1029
f 692/727/1029 684/719/1029 686/721/1029
f 695/730/1030 694/729/1030 686/721/1030
f 686/721/1030 687/722/1030 695/730/1030
f 696/731/1031 695/730/1032 687/722/1033
f 687/722/1033 688/723/1032 696/731/1031
f 688/723/1034 689/724/1034 697/732/1034
f 697/732/1034 696/731/1034 688/723/1034
f 689/724/1035 690/725/1036 698/733/1037
f 698/733/1037 697/732/1038 689/724/1035
f 699/734/1039 700/735/1039 701/736/1039
f 701/736/1039 702/737/1039 699/734/1039
f 700/735/1040 703/738/1041 704/739/1040
f 704/739/1040 701/736/1042 700/735/1040
f 704/739/1043 703/738/1044 705/740/1043
f 705/740/1043 706/741/1043 704/739/1043
f 701/736/1045 707/742/1045 708/743/1045
f 708/743/1045 702/737/1045 701/736/1045
f 707/742/1046 701/736/1046 704/739/1046
f 704/739/1046 709/744/1046 707/742/1046
f 704/739/1047 706/741/1047 710/745/1048
f 710/745/1048 709/744/1048 704/739/1047
f 707/742/1049 711/746/1049 712/747/1049
f 712/747/1049 708/743/1050 707/742/1049
f 713/748/1051 711/746/1052 707/742/1051
f 707/742/1051 709/744/1051 713/748/1051
f 710/745/1053 714/749/1054 713/748/1055
f 713/748/1055 709/744/1054 710/745/1053
f 715/750/1056 714/749/1057 710/745/1056
f 710/745/1056 716/751/1056 715/750/1056
f 712/747/1058 711/746/1058 717/752/1058
f 717/752/1058 718/753/1058 712/747/1058
f 713/748/1059 719/754/1059 717/752/1059
f 717/752/1059 711/746/1059 713/748/1059
f 720/755/1060 719/754/1060 713/748/1060
f 713/748/1060 714/749/1060 720/755/1060
f 715/750/1061 721/756/1062 720/755/1063
f 720/755/1063 714/749/1064 715/750/1061
f 722/757/1065 723/758/1065 718/753/1065
f 718/753/1065 717/752/1065 722/757/1065
f 717/752/1066 719/754/1066 724/759/1066
f 724/759/1066 722/757/1067 717/752/1066
f 720/755/1068 725/760/1069 724/759/1070
f 724/759/1070 719/754/1071 720/755/1068
f 726/761/1072 725/760/1073 720/755/1072
f 720/755/1072 721/756/1072 726/761/1072
f 727/762/1074 728/763/1075 723/758/1075
f 723/758/1075 722/757/1075 727/762/1074
f 729/764/1076 727/762/1076 722/757/1076
f 722/757/1076 724/759/1076 729/764/1076
f 724/759/1077 725/760/1077 730/765/1078
f 730/765/1078 729/764/1077 724/759/1077
f 726/761/1079 731/766/1080 730/765/1081
f 730/765/1081 725/760/1081 726/761/1079
f 732/767/1082 733/768/1082 734/769/1083
f 734/769/1083 735/770/1083 732/767/1082
f 736/771/1084 737/772/1085 735/770/1084
f 735/770/1084 734/769/1085 736/771/1084
f 736/771/1086 738/773/1086 739/774/1086
f 739/774/1086 737/772/1086 736/771/1086
f 739/774/1087 738/773/1087 740/775/1087
f 740/775/1087 741/776/1087 739/774/1087
f 742/777/1088 743/778/1088 741/776/1088
f 741/776/1088 740/775/1088 742/777/1088
f 744/779/1089 745/780/1090 743/778/1089
f 743/778/1089 742/777/1089 744/779/1089
f 745/780/1091 744/779/1091 746/781/1091
f 746/781/1091 747/782/1091 745/780/1091
f 732/767/1092 735/770/1092 748/783/1092
f 748/783/1092 749/784/1093 732/767/1092
f 748/783/1094 735/770/1094 737/772/1094
f 737/772/1094 750/785/1094 748/783/1094
f 739/774/1095 751/786/1095 750/785/1095
f 750/785/1095 737/772/1095 739/774/1095
f 741/776/1096 752/787/1096 751/786/1096
f 751/786/1096 739/774/1097 741/776/1096
f 752/787/1098 741/776/1098 743/778/1099
f 743/778/1099 753/788/1099 752/787/1098
f 745/780/1100 754/789/1100 753/788/1100
f 753/788/1100 743/778/1100 745/780/1100
f 745/780/1101 747/782/1102 755/790/1102
f 755/790/1102 754/789/1102 745/780/1101
f 748/783/1103 756/791/1103 757/792/1103
f 757/792/1103 749/784/1104 748/783/1103
f 750/785/1105 758/793/1105 756/791/1106
f 756/791/1106 748/783/1105 750/785/1105
f 758/793/1107 750/785/1107 751/786/1108
f 751/786/1108 759/794/1107 758/793/1107
f 752/787/1109 760/795/1110 759/794/1111
f 759/794/1111 751/786/1109 752/787/1109
f 752/787/1112 753/788/1113 761/796/1112
f 761/796/1112 760/795/1112 752/787/1112
f 761/796/1114 753/788/1114 754/789/1114
f 754/789/1114 762/797/1114 761/796/1114
f 755/790/1115 763/798/1116 762/797/1117
f 762/797/1117 754/789/1116 755/790/1115
f 760/795/1118 761/796/1119 764/799/1120
f 764/799/1120 765/800/1121 760/795/1118
f 764/799/1122 761/796/1123 762/797/1124
f 762/797/1124 766/801/1122 764/799/1122
f 762/797/1125 763/798/1126 767/802/1127
f 767/802/1127 766/801/1127 762/797/1125
f 768/803/1128 769/804/1128 770/805/1129
f 770/805/1129 771/806/1128 768/803/1128
f 768/803/1130 772/807/1131 773/808/1131
f 773/808/1131 769/804/1131 768/803/1130
f 773/808/1132 772/807/1133 774/809/1134
f 774/809/1134 775/810/1132 773/808/1132
f 776/811/1135 777/812/1135 775/810/1135
f 775/810/1135 774/809/1135 776/811/1135
f 778/813/1136 779/814/1136 777/812/1136
f 777/812/1136 776/811/1136 778/813/1136
f 779/814/1137 778/813/1137 780/815/1137
f 780/815/1137 781/816/1137 779/814/1137
f 782/817/1138 783/818/1139 781/816/1140
f 781/816/1140 780/815/1140 782/817/1138
f 784/819/1141 770/805/1141 769/804/1141
f 769/804/1141 785/820/1141 784/819/1141
f 773/808/1142 786/821/1143 785/820/1143
f 785/820/1143 769/804/1143 773/808/1142
f 775/810/1144 787/822/1145 786/821/1146
f 786/821/1146 773/808/1145 775/810/1144
f 787/822/1147 775/810/1147 777/812/1148
f 777/812/1148 788/823/1147 787/822/1147
f 779/814/1149 789/824/1150 788/823/1151
f 788/823/1151 777/812/1150 779/814/1149
f 779/814/1152 781/816/1152 790/825/1153
f 790/825/1153 789/824/1152 779/814/1152
f 790/825/1154 781/816/1155 783/818/1156
f 783/818/1156 791/826/1155 790/825/1154
f 785/820/1157 792/827/1157 793/828/1157
f 793/828/1157 784/819/1157 785/820/1157
f 792/827/1158 785/820/1158 786/821/1158
f 786/821/1158 794/829/1158 792/827/1158
f 787/822/1159 795/830/1159 794/829/1159
f 794/829/1159 786/821/1159 787/822/1159
f 787/822/1160 788/823/1160 796/831/1160
f 796/831/1160 795/830/1160 787/822/1160
f 796/831/1161 788/823/1161 789/824/1162
f 789/824/1162 797/832/1161 796/831/1161
f 790/825/1163 798/833/1164 797/832/1165
f 797/832/1165 789/824/1164 790/825/1163
f 790/825/1166 791/826/1166 799/834/1166
f 799/834/1166 798/833/1166 790/825/1166
f 792/827/1167 800/835/1167 801/836/1167
f 801/836/1167 793/828/1167 792/827/1167
f 802/837/1168 800/835/1169 792/827/1168
f 792/827/1168 794/829/1168 802/837/1168
f 803/838/1170 802/837/1170 794/829/1170
f 794/829/1170 795/830/1170 803/838/1170
f 795/830/1171 796/831/1171 804/839/1171
f 804/839/1171 803/838/1171 795/830/1171
f 797/832/1172 805/840/1172 804/839/1172
f 804/839/1172 796/831/1172 797/832/1172
f 806/841/1173 805/840/1173 797/832/1173
f 797/832/1173 798/833/1173 806/841/1173
f 799/834/1174 807/842/1175 806/841/1176
f 806/841/1176 798/833/1175 799/834/1174
f 808/843/1177 809/844/1177 801/836/1177
f 801/836/1177 800/835/1177 808/843/1177
f 802/837/1178 810/845/1178 808/843/1178
f 808/843/1178 800/835/1178 802/837/1178
f 811/846/1179 810/845/1179 802/837/1179
f 802/837/1179 803/838/1179 811/846/1179
f 812/847/1180 811/846/1180 803/838/1180
f 803/838/1180 804/839/1180 812/847/1180
f 804/839/1181 805/840/1182 813/848/1181
f 813/848/1181 812/847/1183 804/839/1181
f 806/841/1184 814/849/1184 813/848/1184
f 813/848/1184 805/840/1184 806/841/1184
f 815/850/1185 814/849/1186 806/841/1186
f 806/841/1186 807/842/1186 815/850/1185
f 808/843/1187 816/851/1187 817/852/1187
f 817/852/1187 809/844/1187 808/843/1187
f 818/853/1188 816/851/1188 808/843/1188
f 808/843/1188 810/845/1188 818/853/1188
f 811/846/1189 819/854/1189 818/853/1189
f 818/853/1189 810/845/1189 811/846/1189
f 820/855/1190 819/854/1190 811/846/1190
f 811/846/1190 812/847/1190 820/855/1190
f 821/856/1191 820/855/1192 812/847/1192
f 812/847/1192 813/848/1192 821/856/1191
f 813/848/1193 814/849/1194 822/857/1193
f 822/857/1193 821/856/1195 813/848/1193
f 815/850/1196 823/858/1197 822/857/1196
f 822/857/1196 814/849/1198 815/850/1196
f 727/762/1199 659/694/1199 658/693/1199
f 658/693/1199 728/763/1199 727/762/1199
f 667/702/1200 659/694/1200 727/762/1200
f 727/762/1200 729/764/1200 667/702/1200
f 675/710/1201 667/702/1202 729/764/1203
f 729/764/1203 730/765/1204 675/710/1201
f 730/765/1205 731/766/1205 683/718/1205
f 683/718/1205 675/710/1206 730/765/1205
f 746/781/1207 817/852/1207 816/851/1207
f 816/851/1207 747/782/1207 746/781/1207
f 818/853/1208 755/790/1208 747/782/1208
f 747/782/1208 816/851/1208 818/853/1208
f 763/798/1209 755/790/1210 818/853/1211
f 818/853/1211 819/854/1212 763/798/1209
f 819/854/1213 820/855/1214 767/802/1215
f 767/802/1215 763/798/1216 819/854/1213
f 821/856/1217 824/859/1217 767/802/1217
f 767/802/1217 820/855/1218 821/856/1217
f 693/728/1028 692/727/1027 783/818/1139
f 783/818/1139 782/817/1138 693/728/1028
f 692/727/1219 694/729/1219 791/826/1220
f 791/826/1220 783/818/1219 692/727/1219
f 694/729/1221 695/730/1222 799/834/1223
f 799/834/1223 791/826/1222 694/729/1221
f 695/730/1224 696/731/1224 807/842/1225
f 807/842/1225 799/834/1224 695/730/1224
f 815/850/1226 807/842/1226 696/731/1226
f 696/731/1226 697/732/1226 815/850/1226
f 697/732/1227 698/733/1227 823/858/1227
f 823/858/1227 815/850/1228 697/732/1227
f 825/860/1229 826/861/1230 827/862/1231
f 827/862/1231 645/680/1230 825/860/1229
f 646/681/1232 645/680/1232 827/862/1232
f 827/862/1232 828/863/1232 646/681/1232
f 648/683/1233 646/681/1234 828/863/1234
f 828/863/1234 829/864/1234 648/683/1233
f 648/683/1235 829/864/1235 830/865/1235
f 830/865/1235 650/685/1235 648/683/1235
f 650/685/1236 830/865/1237 831/866/1236
f 831/866/1236 652/687/1237 650/685/1236
f 652/687/1238 831/866/1238 832/867/1238
f 832/867/1238 654/689/1238 652/687/1238
f 657/692/1239 654/689/1239 832/867/1239
f 832/867/1239 833/868/1239 657/692/1239
f 657/692/1240 833/868/1240 834/869/1240
f 834/869/1240 658/693/1240 657/692/1240
f 645/680/1241 644/679/1241 835/870/1242
f 835/870/1242 825/860/1241 645/680/1241
f 836/871/1243 835/870/1243 644/679/1243
f 644/679/1243 661/696/1243 836/871/1243
f 837/872/1244 836/871/1244 661/696/1244
f 661/696/1244 668/703/1244 837/872/1244
f 677/712/1245 838/873/1245 837/872/1245
f 837/872/1245 668/703/1245 677/712/1245
f 839/874/1246 838/873/1247 677/712/1247
f 677/712/1247 685/720/1248 839/874/1246
f 839/874/1246 685/720/1248 693/728/1249
f 693/728/1249 840/875/1250 839/874/1246
f 841/876/1251 840/875/1250 693/728/1249
f 693/728/1249 782/817/1252 841/876/1251
f 372/374/1253 699/734/1253 842/877/1253
f 842/877/1253 373/375/1253 372/374/1253
f 700/735/1254 699/734/1254 372/374/1254
f 372/374/1254 371/373/1254 700/735/1254
f 371/373/1255 370/372/1255 703/738/1255
f 703/738/1255 700/735/1255 371/373/1255
f 703/738/1256 370/372/1256 369/371/1257
f 369/371/1257 705/740/1256 703/738/1256
f 699/734/1258 702/737/1258 843/878/1258
f 843/878/1258 842/877/1258 699/734/1258
f 844/879/1259 843/878/1260 702/737/1260
f 702/737/1260 708/743/1259 844/879/1259
f 708/743/1261 712/747/1261 845/880/1261
f 845/880/1261 844/879/1261 708/743/1261
f 846/881/1262 845/880/1262 712/747/1262
f 712/747/1262 718/753/1262 846/881/1262
f 847/882/1263 846/881/1263 718/753/1263
f 718/753/1263 723/758/1263 847/882/1263
f 848/883/1264 847/882/1264 723/758/1264
f 723/758/1264 728/763/1264 848/883/1264
f 658/693/1265 834/869/1265 848/883/1265
f 848/883/1265 728/763/1265 658/693/1265
f 274/271/1266 643/884/1267 733/768/1266
f 733/768/1266 275/272/1266 274/271/1266
f 734/769/1268 733/768/1268 643/884/1268
f 643/884/1268 642/885/1268 734/769/1268
f 642/885/1269 641/886/1269 736/771/1269
f 736/771/1269 734/769/1269 642/885/1269
f 738/773/1270 736/771/1270 641/886/1270
f 641/886/1270 640/887/1270 738/773/1270
f 740/775/1271 738/773/1271 640/887/1271
f 640/887/1271 639/888/1271 740/775/1271
f 740/775/1272 639/888/1272 638/889/1272
f 638/889/1272 742/777/1272 740/775/1272
f 744/779/1273 742/777/1273 638/889/1273
f 638/889/1273 637/890/1273 744/779/1273
f 746/781/1274 744/779/1274 637/890/1275
f 637/890/1275 636/891/1274 746/781/1274
f 732/767/1276 276/273/1276 275/272/1276
f 275/272/1276 733/768/1276 732/767/1276
f 276/273/1277 732/767/1277 749/784/1277
f 749/784/1277 277/274/1277 276/273/1277
f 757/792/1278 278/275/1278 277/274/1279
f 277/274/1279 749/784/1280 757/792/1278
f 629/633/1281 849/892/1282 771/806/1281
f 771/806/1281 628/893/1283 629/633/1281
f 768/803/1284 771/806/1285 849/892/1286
f 849/892/1286 850/894/1285 768/803/1284
f 768/803/1287 850/894/1287 851/895/1287
f 851/895/1287 772/807/1287 768/803/1287
f 774/809/1288 772/807/1288 851/895/1288
f 851/895/1288 852/896/1288 774/809/1288
f 852/896/1289 853/897/1289 776/811/1289
f 776/811/1289 774/809/1289 852/896/1289
f 776/811/1290 853/897/1290 854/898/1291
f 854/898/1291 778/813/1292 776/811/1290
f 780/815/1293 778/813/1292 854/898/1291
f 854/898/1291 855/899/1294 780/815/1293
f 782/817/1252 780/815/1293 855/899/1294
f 855/899/1294 841/876/1251 782/817/1252
f 630/900/1295 628/893/1296 771/806/1297
f 771/806/1297 770/805/1296 630/900/1295
f 784/819/1298 631/901/1298 630/900/1298
f 630/900/1298 770/805/1299 784/819/1298
f 632/902/1300 631/901/1300 784/819/1300
f 784/819/1300 793/828/1300 632/902/1300
f 632/902/1301 793/828/1301 801/836/1301
f 801/836/1301 633/903/1301 632/902/1301
f 809/844/1302 634/904/1302 633/903/1302
f 633/903/1302 801/836/1302 809/844/1302
f 635/905/1303 634/904/1303 809/844/1303
f 809/844/1303 817/852/1303 635/905/1303
f 636/891/1304 635/905/1304 817/852/1305
f 817/852/1305 746/781/1305 636/891/1304
f 856/906/1306 857/907/1306 858/908/1306
f 858/908/1306 859/909/1306 856/906/1306
f 858/908/1307 860/910/1307 861/911/1307
f 861/911/1307 859/909/1307 858/908/1307
f 861/911/1308 860/910/1308 862/912/1309
f 862/912/1309 863/913/1308 861/911/1308
f 863/913/1310 862/912/1310 864/914/1310
f 864/914/1310 865/915/1310 863/913/1310
f 865/915/1311 864/914/1311 866/916/1311
f 866/916/1311 867/917/1311 865/915/1311
f 867/917/1312 866/916/1312 868/918/1313
f 868/918/1313 869/919/1314 867/917/1312
f 869/919/1315 868/918/1315 870/920/1315
f 870/920/1315 871/921/1316 869/919/1315
f 871/921/1317 870/920/1318 872/922/1318
f 872/922/1318 873/923/1319 871/921/1317
f 874/924/1320 873/923/1321 872/922/1322
f 872/922/1322 875/925/1323 874/924/1320
f 876/926/1324 874/924/1324 875/925/1324
f 875/925/1324 877/927/1325 876/926/1324
f 878/928/1326 876/926/1327 877/927/1328
f 877/927/1328 879/929/1326 878/928/1326
f 880/930/1329 878/928/1330 879/929/1330
f 879/929/1330 881/931/1329 880/930/1329
f 882/932/1331 880/930/1331 881/931/1331
f 881/931/1331 883/933/1331 882/932/1331
f 882/932/1332 883/933/1332 884/934/1332
f 884/934/1332 885/935/1332 882/932/1332
f 886/936/1333 856/906/1333 859/909/1333
f 859/909/1333 887/937/1333 886/936/1333
f 887/937/1334 859/909/1334 861/911/1334
f 861/911/1334 888/938/1334 887/937/1334
f 888/938/1335 861/911/1335 863/913/1335
f 863/913/1335 889/939/1335 888/938/1335
f 889/939/1336 863/913/1336 865/915/1336
f 865/915/1336 890/940/1336 889/939/1336
f 891/941/1337 890/940/1337 865/915/1337
f 865/915/1337 867/917/1337 891/941/1337
f 891/941/1338 867/917/1339 869/919/1339
f 869/919/1339 892/942/1339 891/941/1338
f 892/942/1340 869/919/1341 871/921/1342
f 871/921/1342 893/943/1343 892/942/1340
f 873/923/1344 894/944/1345 893/943/1346
f 893/943/1346 871/921/1347 873/923/1344
f 894/944/1348 873/923/1349 874/924/1350
f 874/924/1350 895/945/1351 894/944/1348
f 895/945/1352 874/924/1353 876/926/1354
f 876/926/1354 896/946/1355 895/945/1352
f 896/946/1356 876/926/1356 878/928/1357
f 878/928/1357 897/947/1357 896/946/1356
f 897/947/1358 878/928/1358 880/930/1358
f 880/930/1358 898/948/1359 897/947/1358
f 898/948/1360 880/930/1360 882/932/1360
f 882/932/1360 899/949/1360 898/948/1360
f 900/950/1361 899/949/1361 882/932/1361
f 882/932/1361 885/935/1361 900/950/1361
f 901/951/1362 886/936/1362 887/937/1362
f 887/937/1362 902/952/1362 901/951/1362
f 888/938/1363 903/953/1363 902/952/1363
f 902/952/1363 887/937/1363 888/938/1363
f 903/953/1364 888/938/1365 889/939/1364
f 889/939/1364 904/954/1364 903/953/1364
f 904/954/1366 889/939/1366 890/940/1366
f 890/940/1366 905/955/1366 904/954/1366
f 905/955/1367 890/940/1367 891/941/1367
f 891/941/1367 906/956/1367 905/955/1367
f 906/956/1368 891/941/1369 892/942/1370
f 892/942/1370 907/957/1371 906/956/1368
f 907/957/1372 892/942/1373 893/943/1373
f 893/943/1373 908/958/1373 907/957/1372
f 909/959/1374 908/958/1374 893/943/1375
f 893/943/1375 894/944/1376 909/959/1374
f 909/959/1377 894/944/1377 895/945/1378
f 895/945/1378 910/960/1377 909/959/1377
f 910/960/1379 895/945/1379 896/946/1379
f 896/946/1379 911/961/1379 910/960/1379
f 897/947/1380 912/962/1380 911/961/1380
f 911/961/1380 896/946/1380 897/947/1380
f 912/962/1381 897/947/1381 898/948/1381
f 898/948/1381 913/963/1381 912/962/1381
f 913/963/1382 898/948/1382 899/949/1382
f 899/949/1382 914/964/1382 913/963/1382
f 914/964/1383 899/949/1383 900/950/1383
f 900/950/1383 915/965/1383 914/964/1383
f 916/966/1384 901/951/1384 902/952/1384
f 902/952/1384 917/967/1384 916/966/1384
f 918/968/1385 917/967/1385 902/952/1385
f 902/952/1385 903/953/1385 918/968/1385
f 918/968/1386 903/953/1386 904/954/1386
f 904/954/1386 919/969/1386 918/968/1386
f 919/969/1387 904/954/1387 905/955/1387
f 905/955/1387 920/970/1387 919/969/1387
f 906/956/1388 921/971/1389 920/970/1389
f 920/970/1389 905/955/1389 906/956/1388
f 921/971/1390 906/956/1390 907/957/1391
f 907/957/1391 922/972/1390 921/971/1390
f 922/972/1392 907/957/1393 908/958/1394
f 908/958/1394 923/973/1395 922/972/1392
f 923/973/1396 908/958/1397 909/959/1398
f 909/959/1398 924/974/1399 923/973/1396
f 924/974/1400 909/959/1401 910/960/1402
f 910/960/1402 925/975/1403 924/974/1400
f 925/975/1404 910/960/1404 911/961/1404
f 911/961/1404 926/976/1404 925/975/1404
f 927/977/1405 926/976/1405 911/961/1405
f 911/961/1405 912/962/1406 927/977/1405
f 927/977/1407 912/962/1407 913/963/1408
f 913/963/1408 928/978/1408 927/977/1407
f 928/978/1409 913/963/1409 914/964/1409
f 914/964/1409 929/979/1409 928/978/1409
f 915/965/1410 930/980/1410 929/979/1410
f 929/979/1410 914/964/1410 915/965/1410
f 931/981/1411 916/966/1411 917/967/1411
f 917/967/1411 932/982/1411 931/981/1411
f 932/982/1412 917/967/1413 918/968/1413
f 918/968/1413 933/983/1413 932/982/1412
f 933/983/1414 918/968/1414 919/969/1414
f 919/969/1414 934/984/1414 933/983/1414
f 934/984/1415 919/969/1415 920/970/1415
f 920/970/1415 935/985/1415 934/984/1415
f 936/986/1416 935/985/1416 920/970/1417
f 920/970/1417 921/971/1416 936/986/1416
f 936/986/1418 921/971/1418 922/972/1418
f 922/972/1418 937/987/1418 936/986/1418
f 937/987/1419 922/972/1420 923/973/1419
f 923/973/1419 938/988/1419 937/987/1419
f 924/974/1421 939/989/1422 938/988/1421
f 938/988/1421 923/973/1423 924/974/1421
f 939/989/1424 924/974/1425 925/975/1426
f 925/975/1426 940/990/1427 939/989/1424
f 940/990/1428 925/975/1428 926/976/1429
f 926/976/1429 941/991/1428 940/990/1428
f 941/991/1430 926/976/1430 927/977/1430
f 927/977/1430 942/992/1430 941/991/1430
f 942/992/1431 927/977/1432 928/978/1433
f 928/978/1433 943/993/1434 942/992/1431
f 943/993/1435 928/978/1435 929/979/1435
f 929/979/1435 944/994/1435 943/993/1435
f 945/995/1436 944/994/1436 929/979/1436
f 929/979/1436 930/980/1436 945/995/1436
f 946/996/1437 931/981/1438 932/982/1438
f 932/982/1438 947/997/1437 946/996/1437
f 933/983/1439 948/998/1439 947/997/1439
f 947/997/1439 932/982/1439 933/983/1439
f 948/998/1440 933/983/1440 934/984/1441
f 934/984/1441 949/999/1440 948/998/1440
f 949/999/1442 934/984/1443 935/985/1442
f 935/985/1442 950/1000/1443 949/999/1442
f 950/1000/1444 935/985/1444 936/986/1445
f 936/986/1445 951/1001/1446 950/1000/1444
f 951/1001/1447 936/986/1447 937/987/1448
f 937/987/1448 952/1002/1448 951/1001/1447
f 952/1002/1449 937/987/1449 938/988/1450
f 938/988/1450 953/1003/1451 952/1002/1449
f 954/1004/1452 953/1003/1453 938/988/1453
f 938/988/1453 939/989/1454 954/1004/1452
f 954/1004/1455 939/989/1456 940/990/1457
f 940/990/1457 955/1005/1458 954/1004/1455
f 955/1005/1459 940/990/1460 941/991/1461
f 941/991/1461 956/1006/1461 955/1005/1459
f 942/992/1462 957/1007/1463 956/1006/1462
f 956/1006/1462 941/991/1464 942/992/1462
f 957/1007/1465 942/992/1466 943/993/1466
f 943/993/1466 958/1008/1466 957/1007/1465
f 958/1008/1467 943/993/1467 944/994/1467
f 944/994/1467 959/1009/1467 958/1008/1467
f 959/1009/1468 944/994/1468 945/995/1468
f 945/995/1468 960/1010/1468 959/1009/1468
f 961/1011/1469 946/996/1469 947/997/1469
f 947/997/1469 962/1012/1469 961/1011/1469
f 963/1013/1470 962/1012/1470 947/997/1470
f 947/997/1470 948/998/1470 963/1013/1470
f 963/1013/1471 948/998/1471 949/999/1472
f 949/999/1472 964/1014/1473 963/1013/1471
f 964/1014/1474 949/999/1474 950/1000/1475
f 950/1000/1475 965/1015/1475 964/1014/1474
f 951/1001/1476 966/1016/1477 965/1015/1478
f 965/1015/1478 950/1000/1477 951/1001/1476
f 966/1016/1479 951/1001/1480 952/1002/1479
f 952/1002/1479 967/1017/1479 966/1016/1479
f 967/1017/1481 952/1002/1482 953/1003/1482
f 953/1003/1482 968/1018/1482 967/1017/1481
f 968/1018/1483 953/1003/1483 954/1004/1484
f 954/1004/1484 969/1019/1484 968/1018/1483
f 969/1019/1485 954/1004/1486 955/1005/1486
f 955/1005/1486 970/1020/1487 969/1019/1485
f 970/1020/1488 955/1005/1488 956/1006/1488
f 956/1006/1488 971/1021/1488 970/1020/1488
f 972/1022/1489 971/1021/1489 956/1006/1490
f 956/1006/1490 957/1007/1491 972/1022/1489
f 972/1022/1492 957/1007/1493 958/1008/1494
f 958/1008/1494 973/1023/1495 972/1022/1492
f 973/1023/1496 958/1008/1497 959/1009/1498
f 959/1009/1498 974/1024/1499 973/1023/1496
f 960/1010/1500 975/1025/1501 974/1024/1500
f 974/1024/1500 959/1009/1501 960/1010/1500
f 976/1026/1502 961/1011/1502 962/1012/1502
f 962/1012/1502 977/1027/1502 976/1026/1502
f 977/1027/1503 962/1012/1503 963/1013/1503
f 963/1013/1503 978/1028/1503 977/1027/1503
f 978/1028/1504 963/1013/1505 964/1014/1506
f 964/1014/1506 979/1029/1506 978/1028/1504
f 979/1029/1507 964/1014/1508 965/1015/1509
f 965/1015/1509 980/1030/1510 979/1029/1507
f 981/1031/1511 980/1030/1512 965/1015/1513
f 965/1015/1513 966/1016/1513 981/1031/1511
f 981/1031/1514 966/1016/1515 967/1017/1516
f 967/1017/1516 982/1032/1517 981/1031/1514
f 982/1032/1518 967/1017/1519 968/1018/1520
f 968/1018/1520 983/1033/1521 982/1032/1518
f 969/1019/1522 984/1034/1523 983/1033/1522
f 983/1033/1522 968/1018/1524 969/1019/1522
f 984/1034/1525 969/1019/1526 970/1020/1527
f 970/1020/1527 985/1035/1528 984/1034/1525
f 985/1035/1529 970/1020/1529 971/1021/1530
f 971/1021/1530 986/1036/1530 985/1035/1529
f 986/1036/1531 971/1021/1531 972/1022/1532
f 972/1022/1532 987/1037/1532 986/1036/1531
f 987/1037/1533 972/1022/1533 973/1023/1534
f 973/1023/1534 988/1038/1534 987/1037/1533
f 988/1038/1535 973/1023/1535 974/1024/1535
f 974/1024/1535 989/1039/1535 988/1038/1535
f 990/1040/1536 989/1039/1536 974/1024/1536
f 974/1024/1536 975/1025/1536 990/1040/1536
f 991/1041/1537 976/1026/1538 977/1027/1537
f 977/1027/1537 992/1042/1537 991/1041/1537
f 978/1028/1539 993/1043/1539 992/1042/1539
f 992/1042/1539 977/1027/1539 978/1028/1539
f 993/1043/1540 978/1028/1541 979/1029/1541
f 979/1029/1541 994/1044/1541 993/1043/1540
f 994/1044/1542 979/1029/1542 980/1030/1543
f 980/1030/1543 995/1045/1544 994/1044/1542
f 995/1045/1545 980/1030/1546 981/1031/1547
f 981/1031/1547 996/1046/1548 995/1045/1545
f 996/1046/1549 981/1031/1550 982/1032/1549
f 982/1032/1549 997/1047/1549 996/1046/1549
f 997/1047/1551 982/1032/1552 983/1033/1553
f 983/1033/1553 998/1048/1554 997/1047/1551
f 999/1049/1555 998/1048/1555 983/1033/1556
f 983/1033/1556 984/1034/1555 999/1049/1555
f 999/1049/1557 984/1034/1558 985/1035/1558
f 985/1035/1558 1000/1050/1558 999/1049/1557
f 1000/1050/1559 985/1035/1559 986/1036/1559
f 986/1036/1559 1001/1051/1559 1000/1050/1559
f 987/1037/1560 1002/1052/1560 1001/1051/1560
f 1001/1051/1560 986/1036/1560 987/1037/1560
f 1002/1052/1561 987/1037/1561 988/1038/1561
f 988/1038/1561 1003/1053/1562 1002/1052/1561
f 1003/1053/1563 988/1038/1563 989/1039/1563
f 989/1039/1563 1004/1054/1563 1003/1053/1563
f 1004/1054/1564 989/1039/1564 990/1040/1564
f 990/1040/1564 1005/1055/1564 1004/1054/1564
f 1006/1056/1565 991/1041/1565 992/1042/1565
f 992/1042/1565 1007/1057/1565 1006/1056/1565
f 1008/1058/1566 1007/1057/1566 992/1042/1566
f 992/1042/1566 993/1043/1566 1008/1058/1566
f 1008/1058/1567 993/1043/1567 994/1044/1567
f 994/1044/1567 1009/1059/1567 1008/1058/1567
f 1009/1059/1568 994/1044/1569 995/1045/1568
f 995/1045/1568 1010/1060/1568 1009/1059/1568
f 996/1046/1570 1011/1061/1571 1010/1060/1570
f 1010/1060/1570 995/1045/1572 996/1046/1570
f 1011/1061/1573 996/1046/1573 997/1047/1573
f 997/1047/1573 1012/1062/1573 1011/1061/1573
f 1012/1062/1574 997/1047/1575 998/1048/1576
f 998/1048/1576 1013/1063/1577 1012/1062/1574
f 1013/1063/1578 998/1048/1578 999/1049/1579
f 999/1049/1579 1014/1064/1578 1013/1063/1578
f 1014/1064/1580 999/1049/1581 1000/1050/1581
f 1000/1050/1581 1015/1065/1581 1014/1064/1580
f 1015/1065/1582 1000/1050/1582 1001/1051/1582
f 1001/1051/1582 1016/1066/1582 1015/1065/1582
f 1017/1067/1583 1016/1066/1583 1001/1051/1583
f 1001/1051/1583 1002/1052/1583 1017/1067/1583
f 1017/1067/1584 1002/1052/1584 1003/1053/1584
f 1003/1053/1584 1018/1068/1584 1017/1067/1584
f 1018/1068/1585 1003/1053/1585 1004/1054/1585
f 1004/1054/1585 1019/1069/1585 1018/1068/1585
f 1005/1055/1586 1020/1070/1586 1019/1069/1586
f 1019/1069/1586 1004/1054/1586 1005/1055/1586
f 1021/1071/1587 1006/1056/1587 1007/1057/1587
f 1007/1057/1587 1022/1072/1587 1021/1071/1587
f 1022/1072/1588 1007/1057/1588 1008/1058/1588
f 1008/1058/1588 1023/1073/1588 1022/1072/1588
f 1023/1073/1589 1008/1058/1589 1009/1059/1589
f 1009/1059/1589 1024/1074/1590 1023/1073/1589
f 1024/1074/1591 1009/1059/1591 1010/1060/1591
f 1010/1060/1591 1025/1075/1591 1024/1074/1591
f 1026/1076/1592 1025/1075/1592 1010/1060/1593
f 1010/1060/1593 1011/1061/1592 1026/1076/1592
f 1026/1076/1594 1011/1061/1594 1012/1062/1594
f 1012/1062/1594 1027/1077/1595 1026/1076/1594
f 1027/1077/1596 1012/1062/1597 1013/1063/1597
f 1013/1063/1597 1028/1078/1598 1027/1077/1596
f 1014/1064/1599 1029/1079/1600 1028/1078/1600
f 1028/1078/1600 1013/1063/1599 1014/1064/1599
f 1029/1079/1601 1014/1064/1601 1015/1065/1601
f 1015/1065/1601 1030/1080/1601 1029/1079/1601
f 1030/1080/1602 1015/1065/1602 1016/1066/1602
f 1016/1066/1602 1031/1081/1602 1030/1080/1602
f 1031/1081/1603 1016/1066/1603 1017/1067/1603
f 1017/1067/1603 1032/1082/1603 1031/1081/1603
f 1032/1082/1604 1017/1067/1605 1018/1068/1605
f 1018/1068/1605 1033/1083/1605 1032/1082/1604
f 1033/1083/1606 1018/1068/1606 1019/1069/1606
f 1019/1069/1606 1034/1084/1606 1033/1083/1606
f 1035/1085/1607 1034/1084/1607 1019/1069/1607
f 1019/1069/1607 1020/1070/1607 1035/1085/1607
f 1036/1086/1608 1021/1071/1608 1022/1072/1608
f 1022/1072/1608 1037/1087/1608 1036/1086/1608
f 1023/1073/1609 1038/1088/1609 1037/1087/1609
f 1037/1087/1609 1022/1072/1609 1023/1073/1609
f 1038/1088/1610 1023/1073/1610 1024/1074/1610
f 1024/1074/1610 1039/1089/1610 1038/1088/1610
f 1039/1089/1611 1024/1074/1611 1025/1075/1611
f 1025/1075/1611 1040/1090/1611 1039/1089/1611
f 1040/1090/1612 1025/1075/1612 1026/1076/1612
f 1026/1076/1612 1041/1091/1612 1040/1090/1612
f 1041/1091/1613 1026/1076/1614 1027/1077/1613
f 1027/1077/1613 1042/1092/1613 1041/1091/1613
f 1042/1092/1615 1027/1077/1616 1028/1078/1617
f 1028/1078/1617 1043/1093/1618 1042/1092/1615
f 1044/1094/1619 1043/1093/1620 1028/1078/1619
f 1028/1078/1619 1029/1079/1621 1044/1094/1619
f 1044/1094/1622 1029/1079/1623 1030/1080/1622
f 1030/1080/1622 1045/1095/1623 1044/1094/1622
f 1045/1095/1624 1030/1080/1624 1031/1081/1624
f 1031/1081/1624 1046/1096/1625 1045/1095/1624
f 1032/1082/1626 1047/1097/1627 1046/1096/1628
f 1046/1096/1628 1031/1081/1628 1032/1082/1626
f 1047/1097/1629 1032/1082/1629 1033/1083/1629
f 1033/1083/1629 1048/1098/1629 1047/1097/1629
f 1048/1098/1630 1033/1083/1630 1034/1084/1630
f 1034/1084/1630 1049/1099/1630 1048/1098/1630
f 1049/1099/1631 1034/1084/1631 1035/1085/1631
f 1035/1085/1631 1050/1100/1631 1049/1099/1631
f 1051/1101/1632 1036/1086/1632 1037/1087/1632
f 1037/1087/1632 1052/1102/1632 1051/1101/1632
f 1053/1103/1633 1052/1102/1633 1037/1087/1633
f 1037/1087/1633 1038/1088/1633 1053/1103/1633
f 1053/1103/1634 1038/1088/1634 1039/1089/1634
f 1039/1089/1634 1054/1104/1634 1053/1103/1634
f 1054/1104/1635 1039/1089/1635 1040/1090/1635
f 1040/1090/1635 1055/1105/1635 1054/1104/1635
f 1041/1091/1636 1056/1106/1636 1055/1105/1636
f 1055/1105/1636 1040/1090/1636 1041/1091/1636
f 1056/1106/1637 1041/1091/1638 1042/1092/1637
f 1042/1092/1637 1057/1107/1639 1056/1106/1637
f 1057/1107/1640 1042/1092/1641 1043/1093/1640
f 1043/1093/1640 1058/1108/1640 1057/1107/1640
f 1058/1108/1642 1043/1093/1642 1044/1094/1642
f 1044/1094/1642 1059/1109/1643 1058/1108/1642
f 1059/1109/1644 1044/1094/1645 1045/1095/1644
f 1045/1095/1644 1060/1110/1644 1059/1109/1644
f 1060/1110/1646 1045/1095/1647 1046/1096/1647
f 1046/1096/1647 1061/1111/1647 1060/1110/1646
f 1062/1112/1648 1061/1111/1649 1046/1096/1648
f 1046/1096/1648 1047/1097/1648 1062/1112/1648
f 1062/1112/1650 1047/1097/1650 1048/1098/1650
f 1048/1098/1650 1063/1113/1650 1062/1112/1650
f 1063/1113/1651 1048/1098/1651 1049/1099/1651
f 1049/1099/1651 1064/1114/1651 1063/1113/1651
f 1050/1100/1652 1065/1115/1652 1064/1114/1652
f 1064/1114/1652 1049/1099/1652 1050/1100/1652
f 1066/1116/1653 1051/1101/1653 1052/1102/1653
f 1052/1102/1653 1067/1117/1653 1066/1116/1653
f 1067/1117/1654 1052/1102/1654 1053/1103/1654
f 1053/1103/1654 1068/1118/1654 1067/1117/1654
f 1068/1118/1655 1053/1103/1656 1054/1104/1656
f 1054/1104/1656 1069/1119/1656 1068/1118/1655
f 1069/1119/1657 1054/1104/1657 1055/1105/1657
f 1055/1105/1657 1070/1120/1657 1069/1119/1657
f 1071/1121/1658 1070/1120/1659 1055/1105/1659
f 1055/1105/1659 1056/1106/1660 1071/1121/1658
f 1071/1121/1661 1056/1106/1661 1057/1107/1661
f 1057/1107/1661 1072/1122/1661 1071/1121/1661
f 1072/1122/1662 1057/1107/1663 1058/1108/1664
f 1058/1108/1664 1073/1123/1665 1072/1122/1662
f 1059/1109/1666 1074/1124/1666 1073/1123/1667
f 1073/1123/1667 1058/1108/1668 1059/1109/1666
f 1074/1124/1669 1059/1109/1670 1060/1110/1671
f 1060/1110/1671 1075/1125/1672 1074/1124/1669
f 1075/1125/1673 1060/1110/1674 1061/1111/1675
f 1061/1111/1675 1076/1126/1673 1075/1125/1673
f 1076/1126/1676 1061/1111/1676 1062/1112/1676
f 1062/1112/1676 1077/1127/1676 1076/1126/1676
f 1077/1127/1677 1062/1112/1677 1063/1113/1677
f 1063/1113/1677 1078/1128/1677 1077/1127/1677
f 1078/1128/1678 1063/1113/1678 1064/1114/1678
f 1064/1114/1678 1079/1129/1678 1078/1128/1678
f 1080/1130/1679 1079/1129/1679 1064/1114/1679
f 1064/1114/1679 1065/1115/1679 1080/1130/1679
f 826/861/1680 1081/1131/1680 857/907/1680
f 857/907/1680 827/1132/1680 826/861/1680
f 857/907/1681 1081/1131/1681 1082/1133/1681
f 1082/1133/1681 858/908/1681 857/907/1681
f 1082/1133/1682 1083/1134/1683 860/910/1683
f 860/910/1683 858/908/1683 1082/1133/1682
f 860/910/1684 1083/1134/1685 1084/1135/1686
f 1084/1135/1686 862/912/1686 860/910/1684
f 862/912/1687 1084/1135/1687 1085/1136/1687
f 1085/1136/1687 864/914/1687 862/912/1687
f 866/916/1688 864/914/1689 1085/1136/1690
f 1085/1136/1690 1086/1137/1691 866/916/1688
f 866/916/1692 1086/1137/1693 1087/1138/1694
f 1087/1138/1694 868/918/1693 866/916/1692
f 868/918/1695 1087/1138/1695 1088/1139/1696
f 1088/1139/1696 870/920/1697 868/918/1695
f 1089/1140/1698 872/922/1699 870/920/1700
f 870/920/1700 1088/1139/1701 1089/1140/1698
f 872/922/1702 1089/1140/1703 1090/1141/1704
f 1090/1141/1704 875/925/1705 872/922/1702
f 875/925/1706 1090/1141/1707 1091/1142/1706
f 1091/1142/1706 877/927/1707 875/925/1706
f 1092/1143/1708 879/929/1709 877/927/1710
f 877/927/1710 1091/1142/1711 1092/1143/1708
f 1093/1144/1712 881/931/1713 879/929/1714
f 879/929/1714 1092/1143/1715 1093/1144/1712
f 1094/1145/1716 883/933/1716 881/931/1716
f 881/931/1716 1093/1144/1717 1094/1145/1716
f 883/933/1718 1094/1145/1718 1095/1146/1718
f 1095/1146/1718 884/934/1718 883/933/1718
f 199/1147/1719 884/934/1719 1095/1146/1719
f 1095/1146/1719 200/1148/1719 199/1147/1719
f 885/935/1720 884/934/1720 199/1147/1720
f 199/1147/1720 207/1149/1720 885/935/1720
f 900/950/1721 885/935/1721 207/1149/1721
f 207/1149/1721 208/1150/1721 900/950/1721
f 209/1151/1722 915/965/1722 900/950/1722
f 900/950/1722 208/1150/1722 209/1151/1722
f 210/1152/1723 930/980/1724 915/965/1723
f 915/965/1723 209/1151/1723 210/1152/1723
f 211/1153/1725 945/995/1725 930/980/1725
f 930/980/1725 210/1152/1725 211/1153/1725
f 212/1154/1726 960/1010/1726 945/995/1726
f 945/995/1726 211/1153/1726 212/1154/1726
f 193/1155/1727 975/1025/1727 960/1010/1727
f 960/1010/1727 212/1154/1728 193/1155/1727
f 192/1156/1729 990/1040/1729 975/1025/1729
f 975/1025/1729 193/1155/1729 192/1156/1729
f 191/1157/1730 1005/1055/1730 990/1040/1730
f 990/1040/1730 192/1156/1731 191/1157/1730
f 190/1158/1732 1020/1070/1732 1005/1055/1732
f 1005/1055/1732 191/1157/1732 190/1158/1732
f 1020/1070/1733 190/1158/1733 189/1159/1733
f 189/1159/1733 1035/1085/1733 1020/1070/1733
f 1035/1085/1734 189/1159/1734 188/1160/1735
f 188/1160/1735 1050/1100/1734 1035/1085/1734
f 187/1161/1736 1065/1115/1736 1050/1100/1736
f 1050/1100/1736 188/1160/1736 187/1161/1736
f 1065/1115/1737 187/1161/1737 184/1162/1737
f 184/1162/1737 1080/1130/1737 1065/1115/1737
f 186/1163/1738 368/1164/1738 1080/1130/1738
f 1080/1130/1738 184/1162/1738 186/1163/1738
f 387/1165/1739 1079/1129/1739 1080/1130/1739
f 1080/1130/1739 368/1164/1739 387/1165/1739
f 1078/1128/1740 1079/1129/1741 387/1165/1742
f 387/1165/1742 386/1166/1743 1078/1128/1740
f 1077/1127/1744 1078/1128/1744 386/1166/1744
f 386/1166/1744 385/1167/1744 1077/1127/1744
f 385/1167/1745 384/1168/1746 1076/1126/1747
f 1076/1126/1747 1077/1127/1747 385/1167/1745
f 1075/1125/1748 1076/1126/1749 384/1168/1748
f 384/1168/1748 383/1169/1750 1075/1125/1748
f 1074/1124/1751 1075/1125/1752 383/1169/1753
f 383/1169/1753 382/1170/1754 1074/1124/1751
f 382/1170/1755 381/1171/1756 1073/1123/1757
f 1073/1123/1757 1074/1124/1758 382/1170/1755
f 381/1171/1759 380/1172/1759 1072/1122/1759
f 1072/1122/1759 1073/1123/1759 381/1171/1759
f 380/1172/1760 379/1173/1761 1071/1121/1762
f 1071/1121/1762 1072/1122/1763 380/1172/1760
f 1070/1120/1764 1071/1121/1765 379/1173/1766
f 379/1173/1766 378/1174/1767 1070/1120/1764
f 378/1174/1768 377/1175/1768 1069/1119/1768
f 1069/1119/1768 1070/1120/1768 378/1174/1768
f 377/1175/1769 376/1176/1770 1068/1118/1770
f 1068/1118/1770 1069/1119/1770 377/1175/1769
f 375/1177/1771 1067/1117/1771 1068/1118/1771
f 1068/1118/1771 376/1176/1771 375/1177/1771
f 375/1177/1772 374/1178/1772 1066/1116/1772
f 1066/1116/1772 1067/1117/1772 375/1177/1772
f 842/1179/1773 1066/1116/1773 374/1178/1774
f 374/1178/1774 373/1180/1773 842/1179/1773
f 842/1179/1775 843/1181/1775 1051/1101/1775
f 1051/1101/1775 1066/1116/1775 842/1179/1775
f 843/1181/1776 844/1182/1776 1036/1086/1776
f 1036/1086/1776 1051/1101/1776 843/1181/1776
f 844/1182/1777 845/1183/1777 1021/1071/1777
f 1021/1071/1777 1036/1086/1777 844/1182/1777
f 1021/1071/1778 845/1183/1778 846/1184/1778
f 846/1184/1778 1006/1056/1778 1021/1071/1778
f 846/1184/1779 847/1185/1779 991/1041/1779
f 991/1041/1779 1006/1056/1779 846/1184/1779
f 848/1186/1780 976/1026/1780 991/1041/1780
f 991/1041/1780 847/1185/1780 848/1186/1780
f 834/1187/1781 961/1011/1781 976/1026/1781
f 976/1026/1781 848/1186/1781 834/1187/1781
f 946/996/1782 961/1011/1782 834/1187/1782
f 834/1187/1782 833/1188/1782 946/996/1782
f 946/996/1783 833/1188/1784 832/1189/1783
f 832/1189/1783 931/981/1784 946/996/1783
f 832/1189/1785 831/1190/1786 916/966/1785
f 916/966/1785 931/981/1785 832/1189/1785
f 916/966/1787 831/1190/1787 830/1191/1787
f 830/1191/1787 901/951/1787 916/966/1787
f 901/951/1788 830/1191/1788 829/1192/1788
f 829/1192/1788 886/936/1788 901/951/1788
f 829/1192/1789 828/1193/1789 856/906/1789
f 856/906/1789 886/936/1789 829/1192/1789
f 828/1193/1790 827/1132/1790 857/907/1790
f 857/907/1790 856/906/1790 828/1193/1790
f 1096/1194/1791 1097/1195/1791 1098/1196/1791
f 1098/1196/1791 1099/1197/1791 1096/1194/1791
f 1100/1198/1792 1099/1197/1792 1098/1196/1793
f 1098/1196/1793 1101/1199/1792 1100/1198/1792
f 1100/1198/1794 1101/1199/1795 1102/1200/1795
f 1102/1200/1795 1103/1201/1795 1100/1198/1794
f 1103/1201/1796 1102/1200/1797 1104/1202/1798
f 1104/1202/1798 1105/1203/1797 1103/1201/1796
f 1106/1204/1799 1107/1205/1799 1105/1203/1800
f 1105/1203/1800 1104/1202/1801 1106/1204/1799
f 1107/1205/1802 1106/1204/1803 1108/1206/1803
f 1108/1206/1803 1109/1207/1803 1107/1205/1802
f 1109/1207/1804 1108/1206/1805 1110/1208/1806
f 1110/1208/1806 1111/1209/1805 1109/1207/1804
f 1111/1209/1807 1110/1208/1808 1112/1210/1809
f 1112/1210/1809 1113/1211/1807 1111/1209/1807
f 1113/1211/1810 1112/1210/1810 1114/1212/1811
f 1114/1212/1811 1115/1213/1812 1113/1211/1810
f 1115/1213/1813 1114/1212/1814 1116/1214/1815
f 1116/1214/1815 1117/1215/1816 1115/1213/1813
f 1118/1216/1817 1117/1215/1817 1116/1214/1818
f 1116/1214/1818 1119/1217/1819 1118/1216/1817
f 1118/1216/1820 1119/1217/1820 1120/1218/1820
f 1120/1218/1820 1121/1219/1820 1118/1216/1820
f 1121/1219/1821 1120/1218/1821 1122/1220/1822
f 1122/1220/1822 1123/1221/1821 1121/1219/1821
f 1124/1222/1823 1125/1223/1823 1123/1221/1823
f 1123/1221/1823 1122/1220/1823 1124/1222/1823
f 1126/1224/1824 1096/1194/1824 1099/1197/1825
f 1099/1197/1825 1127/1225/1824 1126/1224/1824
f 1127/1225/1826 1099/1197/1826 1100/1198/1826
f 1100/1198/1826 1128/1226/1826 1127/1225/1826
f 1128/1226/1827 1100/1198/1827 1103/1201/1828
f 1103/1201/1828 1129/1227/1827 1128/1226/1827
f 1129/1227/1829 1103/1201/1829 1105/1203/1830
f 1105/1203/1830 1130/1228/1829 1129/1227/1829
f 1131/1229/1831 1130/1228/1832 1105/1203/1832
f 1105/1203/1832 1107/1205/1833 1131/1229/1831
f 1131/1229/1834 1107/1205/1834 1109/1207/1834
f 1109/1207/1834 1132/1230/1834 1131/1229/1834
f 1132/1230/1835 1109/1207/1835 1111/1209/1836
f 1111/1209/1836 1133/1231/1837 1132/1230/1835
f 1113/1211/1838 1134/1232/1839 1133/1231/1840
f 1133/1231/1840 1111/1209/1841 1113/1211/1838
f 1134/1232/1842 1113/1211/1842 1115/1213/1842
f 1115/1213/1842 1135/1233/1843 1134/1232/1842
f 1135/1233/1844 1115/1213/1845 1117/1215/1846
f 1117/1215/1846 1136/1234/1846 1135/1233/1844
f 1136/1234/1847 1117/1215/1847 1118/1216/1847
f 1118/1216/1847 1137/1235/1847 1136/1234/1847
f 1137/1235/1848 1118/1216/1849 1121/1219/1849
f 1121/1219/1849 1138/1236/1850 1137/1235/1848
f 1138/1236/1851 1121/1219/1851 1123/1221/1851
f 1123/1221/1851 1139/1237/1851 1138/1236/1851
f 1140/1238/1852 1139/1237/1852 1123/1221/1852
f 1123/1221/1852 1125/1223/1852 1140/1238/1852
f 1141/1239/1853 1126/1224/1853 1127/1225/1853
f 1127/1225/1853 1142/1240/1853 1141/1239/1853
f 1128/1226/1854 1143/1241/1855 1142/1240/1856
f 1142/1240/1856 1127/1225/1854 1128/1226/1854
f 1143/1241/1857 1128/1226/1858 1129/1227/1858
f 1129/1227/1858 1144/1242/1859 1143/1241/1857
f 1144/1242/1860 1129/1227/1861 1130/1228/1861
f 1130/1228/1861 1145/1243/1862 1144/1242/1860
f 1145/1243/1863 1130/1228/1864 1131/1229/1864
f 1131/1229/1864 1146/1244/1865 1145/1243/1863
f 1146/1244/1866 1131/1229/1867 1132/1230/1868
f 1132/1230/1868 1147/1245/1869 1146/1244/1866
f 1147/1245/1870 1132/1230/1871 1133/1231/1871
f 1133/1231/1871 1148/1246/1872 1147/1245/1870
f 1149/1247/1873 1148/1246/1874 1133/1231/1875
f 1133/1231/1875 1134/1232/1876 1149/1247/1873
f 1149/1247/1877 1134/1232/1878 1135/1233/1879
f 1135/1233/1879 1150/1248/1880 1149/1247/1877
f 1150/1248/1881 1135/1233/1882 1136/1234/1883
f 1136/1234/1883 1151/1249/1884 1150/1248/1881
f 1137/1235/1885 1152/1250/1886 1151/1249/1887
f 1151/1249/1887 1136/1234/1888 1137/1235/1885
f 1152/1250/1889 1137/1235/1890 1138/1236/1890
f 1138/1236/1890 1153/1251/1891 1152/1250/1889
f 1153/1251/1892 1138/1236/1893 1139/1237/1894
f 1139/1237/1894 1154/1252/1895 1153/1251/1892
f 1154/1252/1896 1139/1237/1896 1140/1238/1897
f 1140/1238/1897 1155/1253/1896 1154/1252/1896
f 1156/1254/1898 1141/1239/1899 1142/1240/1899
f 1142/1240/1899 1157/1255/1900 1156/1254/1898
f 1158/1256/1901 1157/1255/1902 1142/1240/1856
f 1142/1240/1856 1143/1241/1855 1158/1256/1901
f 1158/1256/1903 1143/1241/1857 1144/1242/1859
f 1144/1242/1859 1159/1257/1904 1158/1256/1903
f 1159/1257/1905 1144/1242/1860 1145/1243/1862
f 1145/1243/1862 1160/1258/1906 1159/1257/1905
f 1146/1244/1865 1161/1259/1907 1160/1258/1908
f 1160/1258/1908 1145/1243/1863 1146/1244/1865
f 1161/1259/1909 1146/1244/1866 1147/1245/1869
f 1147/1245/1869 1162/1260/1910 1161/1259/1909
f 1162/1260/1911 1147/1245/1870 1148/1246/1872
f 1148/1246/1872 1163/1261/1912 1162/1260/1911
f 1163/1261/1913 1148/1246/1874 1149/1247/1873
f 1149/1247/1873 1164/1262/1914 1163/1261/1913
f 1164/1262/1915 1149/1247/1877 1150/1248/1880
f 1150/1248/1880 1165/1263/1916 1164/1262/1915
f 1165/1263/1917 1150/1248/1881 1151/1249/1884
f 1151/1249/1884 1166/1264/1918 1165/1263/1917
f 1167/1265/1919 1166/1264/1920 1151/1249/1887
f 1151/1249/1887 1152/1250/1886 1167/1265/1919
f 1167/1265/1921 1152/1250/1889 1153/1251/1891
f 1153/1251/1891 1168/1266/1922 1167/1265/1921
f 1168/1266/1923 1153/1251/1892 1154/1252/1895
f 1154/1252/1895 1169/1267/1924 1168/1266/1923
f 1155/1253/1925 1170/1268/1926 1169/1267/1927
f 1169/1267/1927 1154/1252/1925 1155/1253/1925
f 1171/1269/1928 1156/1254/1898 1157/1255/1900
f 1157/1255/1900 1172/1270/1929 1171/1269/1928
f 1172/1270/1930 1157/1255/1902 1158/1256/1901
f 1158/1256/1901 1173/1271/1931 1172/1270/1930
f 1174/1272/1932 1173/1271/1933 1158/1256/1903
f 1158/1256/1903 1159/1257/1904 1174/1272/1932
f 1175/1273/1934 1174/1272/1935 1159/1257/1905
f 1159/1257/1905 1160/1258/1906 1175/1273/1934
f 1161/1259/1907 1176/1274/1936 1175/1273/1937
f 1175/1273/1937 1160/1258/1908 1161/1259/1907
f 1177/1275/1938 1176/1274/1939 1161/1259/1909
f 1161/1259/1909 1162/1260/1910 1177/1275/1938
f 1178/1276/1940 1177/1275/1941 1162/1260/1911
f 1162/1260/1911 1163/1261/1912 1178/1276/1940
f 1178/1276/1942 1163/1261/1913 1164/1262/1914
f 1164/1262/1914 1179/1277/1943 1178/1276/1942
f 1180/1278/1944 1179/1277/1945 1164/1262/1915
f 1164/1262/1915 1165/1263/1916 1180/1278/1944
f 1181/1279/1946 1180/1278/1947 1165/1263/1917
f 1165/1263/1917 1166/1264/1918 1181/1279/1946
f 1181/1279/1948 1166/1264/1920 1167/1265/1919
f 1167/1265/1919 1182/1280/1949 1181/1279/1948
f 1183/1281/1950 1182/1280/1951 1167/1265/1921
f 1167/1265/1921 1168/1266/1922 1183/1281/1950
f 1184/1282/1952 1183/1281/1953 1168/1266/1923
f 1168/1266/1923 1169/1267/1924 1184/1282/1952
f 1170/1268/1926 1185/1283/1954 1184/1282/1955
f 1184/1282/1955 1169/1267/1927 1170/1268/1926
f 1186/1284/1956 1187/1285/1957 1171/1269/1928
f 1171/1269/1928 1172/1270/1929 1186/1284/1956
f 1173/1271/1931 1188/1286/1958 1186/1284/1959
f 1186/1284/1959 1172/1270/1930 1173/1271/1931
f 1189/1287/1960 1188/1286/1961 1173/1271/1933
f 1173/1271/1933 1174/1272/1932 1189/1287/1960
f 1190/1288/1962 1189/1287/1963 1174/1272/1935
f 1174/1272/1935 1175/1273/1934 1190/1288/1962
f 1175/1273/1937 1176/1274/1936 1191/1289/1964
f 1191/1289/1964 1190/1288/1965 1175/1273/1937
f 1177/1275/1938 1192/1290/1966 1191/1289/1967
f 1191/1289/1967 1176/1274/1939 1177/1275/1938
f 1178/1276/1940 1193/1291/1968 1192/1290/1969
f 1192/1290/1969 1177/1275/1941 1178/1276/1940
f 1193/1291/1970 1178/1276/1942 1179/1277/1943
f 1179/1277/1943 1194/1292/1971 1193/1291/1970
f 1180/1278/1944 1195/1293/1972 1194/1292/1973
f 1194/1292/1973 1179/1277/1945 1180/1278/1944
f 1181/1279/1946 1196/1294/1974 1195/1293/1975
f 1195/1293/1975 1180/1278/1947 1181/1279/1946
f 1182/1280/1949 1197/1295/1976 1196/1294/1977
f 1196/1294/1977 1181/1279/1948 1182/1280/1949
f 1198/1296/1978 1197/1295/1979 1182/1280/1951
f 1182/1280/1951 1183/1281/1950 1198/1296/1978
f 1199/1297/1980 1198/1296/1981 1183/1281/1953
f 1183/1281/1953 1184/1282/1952 1199/1297/1980
f 1184/1282/1955 1185/1283/1954 1200/1298/1982
f 1200/1298/1982 1199/1297/1983 1184/1282/1955
f 1186/1284/1956 1201/1299/1984 1202/1300/1985
f 1202/1300/1985 1187/1285/1957 1186/1284/1956
f 1201/1299/1986 1186/1284/1959 1188/1286/1958
f 1188/1286/1958 1203/1301/1987 1201/1299/1986
f 1189/1287/1960 1204/1302/1988 1203/1301/1989
f 1203/1301/1989 1188/1286/1961 1189/1287/1960
f 1190/1288/1962 1205/1303/1990 1204/1302/1991
f 1204/1302/1991 1189/1287/1963 1190/1288/1962
f 1191/1289/1964 1206/1304/1992 1205/1303/1993
f 1205/1303/1993 1190/1288/1965 1191/1289/1964
f 1207/1305/1994 1206/1304/1995 1191/1289/1967
f 1191/1289/1967 1192/1290/1966 1207/1305/1994
f 1208/1306/1996 1207/1305/1997 1192/1290/1969
f 1192/1290/1969 1193/1291/1968 1208/1306/1996
f 1193/1291/1970 1194/1292/1971 1209/1307/1998
f 1209/1307/1998 1208/1306/1999 1193/1291/1970
f 1195/1293/1972 1210/1308/2000 1209/1307/2001
f 1209/1307/2001 1194/1292/1973 1195/1293/1972
f 1196/1294/1974 1211/1309/2002 1210/1308/2003
f 1210/1308/2003 1195/1293/1975 1196/1294/1974
f 1211/1309/2004 1196/1294/1977 1197/1295/1976
f 1197/1295/1976 1212/1310/2005 1211/1309/2004
f 1198/1296/1978 1213/1311/2006 1212/1310/2007
f 1212/1310/2007 1197/1295/1979 1198/1296/1978
f 1199/1297/1980 1214/1312/2008 1213/1311/2009
f 1213/1311/2009 1198/1296/1981 1199/1297/1980
f 1200/1298/1982 1215/1313/2010 1214/1312/2011
f 1214/1312/2011 1199/1297/1983 1200/1298/1982
f 1216/1314/2012 1217/1315/2013 1202/1300/1985
f 1202/1300/1985 1201/1299/1984 1216/1314/2012
f 1201/1299/1986 1203/1301/1987 1218/1316/2014
f 1218/1316/2014 1216/1314/2015 1201/1299/1986
f 1204/1302/1988 1219/1317/2016 1218/1316/2017
f 1218/1316/2017 1203/1301/1989 1204/1302/1988
f 1205/1303/1990 1220/1318/2018 1219/1317/2019
f 1219/1317/2019 1204/1302/1991 1205/1303/1990
f 1220/1318/2020 1205/1303/1993 1206/1304/1992
f 1206/1304/1992 1221/1319/2021 1220/1318/2020
f 1207/1305/1994 1222/1320/2022 1221/1319/2023
f 1221/1319/2023 1206/1304/1995 1207/1305/1994
f 1208/1306/1996 1223/1321/2024 1222/1320/2025
f 1222/1320/2025 1207/1305/1997 1208/1306/1996
f 1209/1307/1998 1224/1322/2026 1223/1321/2027
f 1223/1321/2027 1208/1306/1999 1209/1307/1998
f 1225/1323/2028 1224/1322/2029 1209/1307/2001
f 1209/1307/2001 1210/1308/2000 1225/1323/2028
f 1226/1324/2030 1225/1323/2031 1210/1308/2003
f 1210/1308/2003 1211/1309/2002 1226/1324/2030
f 1211/1309/2004 1212/1310/2005 1227/1325/2032
f 1227/1325/2032 1226/1324/2033 1211/1309/2004
f 1213/1311/2006 1228/1326/2034 1227/1325/2035
f 1227/1325/2035 1212/1310/2007 1213/1311/2006
f 1214/1312/2008 1229/1327/2036 1228/1326/2037
f 1228/1326/2037 1213/1311/2009 1214/1312/2008
f 1229/1327/2038 1214/1312/2011 1215/1313/2010
f 1215/1313/2010 1230/1328/2039 1229/1327/2038
f 1216/1314/2012 1231/1329/2040 1232/1330/2041
f 1232/1330/2041 1217/1315/2013 1216/1314/2012
f 1218/1316/2014 1233/1331/2042 1231/1329/2043
f 1231/1329/2043 1216/1314/2015 1218/1316/2014
f 1234/1332/2044 1233/1331/2045 1218/1316/2017
f 1218/1316/2017 1219/1317/2016 1234/1332/2044
f 1235/1333/2046 1234/1332/2047 1219/1317/2019
f 1219/1317/2019 1220/1318/2018 1235/1333/2046
f 1220/1318/2020 1221/1319/2021 1236/1334/2048
f 1236/1334/2048 1235/1333/2049 1220/1318/2020
f 1222/1320/2022 1237/1335/2050 1236/1334/2051
f 1236/1334/2051 1221/1319/2023 1222/1320/2022
f 1223/1321/2024 1238/1336/2052 1237/1335/2053
f 1237/1335/2053 1222/1320/2025 1223/1321/2024
f 1238/1336/2054 1223/1321/2027 1224/1322/2026
f 1224/1322/2026 1239/1337/2055 1238/1336/2054
f 1225/1323/2028 1240/1338/2056 1239/1337/2057
f 1239/1337/2057 1224/1322/2029 1225/1323/2028
f 1226/1324/2030 1241/1339/2058 1240/1338/2059
f 1240/1338/2059 1225/1323/2031 1226/1324/2030
f 1227/1325/2032 1242/1340/2060 1241/1339/2061
f 1241/1339/2061 1226/1324/2033 1227/1325/2032
f 1243/1341/2062 1242/1340/2063 1227/1325/2035
f 1227/1325/2035 1228/1326/2034 1243/1341/2062
f 1244/1342/2064 1243/1341/2065 1228/1326/2037
f 1228/1326/2037 1229/1327/2036 1244/1342/2064
f 1229/1327/2038 1230/1328/2039 1245/1343/2066
f 1245/1343/2066 1244/1342/2067 1229/1327/2038
f 1231/1329/2040 1246/1344/2068 1247/1345/2069
f 1247/1345/2069 1232/1330/2041 1231/1329/2040
f 1246/1344/2070 1231/1329/2043 1233/1331/2042
f 1233/1331/2042 1248/1346/2071 1246/1344/2070
f 1234/1332/2044 1249/1347/2072 1248/1346/2073
f 1248/1346/2073 1233/1331/2045 1234/1332/2044
f 1235/1333/2046 1250/1348/2074 1249/1347/2075
f 1249/1347/2075 1234/1332/2047 1235/1333/2046
f 1236/1334/2048 1251/1349/2076 1250/1348/2077
f 1250/1348/2077 1235/1333/2049 1236/1334/2048
f 1252/1350/2078 1251/1349/2079 1236/1334/2051
f 1236/1334/2051 1237/1335/2050 1252/1350/2078
f 1253/1351/2080 1252/1350/2081 1237/1335/2053
f 1237/1335/2053 1238/1336/2052 1253/1351/2080
f 1238/1336/2054 1239/1337/2055 1254/1352/2082
f 1254/1352/2082 1253/1351/2083 1238/1336/2054
f 1240/1338/2056 1255/1353/2084 1254/1352/2085
f 1254/1352/2085 1239/1337/2057 1240/1338/2056
f 1241/1339/2058 1256/1354/2086 1255/1353/2087
f 1255/1353/2087 1240/1338/2059 1241/1339/2058
f 1256/1354/2088 1241/1339/2061 1242/1340/2060
f 1242/1340/2060 1257/1355/2089 1256/1354/2088
f 1243/1341/2062 1258/1356/2090 1257/1355/2091
f 1257/1355/2091 1242/1340/2063 1243/1341/2062
f 1244/1342/2064 1259/1357/2092 1258/1356/2093
f 1258/1356/2093 1243/1341/2065 1244/1342/2064
f 1245/1343/2066 1260/1358/2094 1259/1357/2095
f 1259/1357/2095 1244/1342/2067 1245/1343/2066
f 1261/1359/2096 1262/1360/2096 1247/1345/2069
f 1247/1345/2069 1246/1344/2068 1261/1359/2096
f 1246/1344/2070 1248/1346/2071 1263/1361/2097
f 1263/1361/2097 1261/1359/2098 1246/1344/2070
f 1249/1347/2072 1264/1362/2099 1263/1361/2100
f 1263/1361/2100 1248/1346/2073 1249/1347/2072
f 1250/1348/2074 1265/1363/2101 1264/1362/2102
f 1264/1362/2102 1249/1347/2075 1250/1348/2074
f 1265/1363/2103 1250/1348/2077 1251/1349/2076
f 1251/1349/2076 1266/1364/2104 1265/1363/2103
f 1252/1350/2078 1267/1365/2105 1266/1364/2106
f 1266/1364/2106 1251/1349/2079 1252/1350/2078
f 1253/1351/2080 1268/1366/2107 1267/1365/2108
f 1267/1365/2108 1252/1350/2081 1253/1351/2080
f 1254/1352/2082 1269/1367/2109 1268/1366/2110
f 1268/1366/2110 1253/1351/2083 1254/1352/2082
f 1270/1368/2111 1269/1367/2112 1254/1352/2085
f 1254/1352/2085 1255/1353/2084 1270/1368/2111
f 1271/1369/2113 1270/1368/2114 1255/1353/2087
f 1255/1353/2087 1256/1354/2086 1271/1369/2113
f 1256/1354/2088 1257/1355/2089 1272/1370/2115
f 1272/1370/2115 1271/1369/2116 1256/1354/2088
f 1258/1356/2090 1273/1371/2117 1272/1370/2118
f 1272/1370/2118 1257/1355/2091 1258/1356/2090
f 1259/1357/2092 1274/1372/2119 1273/1371/2119
f 1273/1371/2119 1258/1356/2093 1259/1357/2092
f 1274/1372/2120 1259/1357/2095 1260/1358/2094
f 1260/1358/2094 1275/1373/2120 1274/1372/2120
f 1261/1359/2121 1276/1374/2121 1277/1375/2121
f 1277/1375/2121 1262/1360/2121 1261/1359/2121
f 1263/1361/2097 1278/1376/2122 1276/1374/2122
f 1276/1374/2122 1261/1359/2098 1263/1361/2097
f 1279/1377/2123 1278/1376/2124 1263/1361/2100
f 1263/1361/2100 1264/1362/2099 1279/1377/2123
f 1280/1378/2125 1279/1377/2125 1264/1362/2102
f 1264/1362/2102 1265/1363/2101 1280/1378/2125
f 1265/1363/2103 1266/1364/2104 1281/1379/2126
f 1281/1379/2126 1280/1378/2127 1265/1363/2103
f 1267/1365/2105 1282/1380/2128 1281/1379/2129
f 1281/1379/2129 1266/1364/2106 1267/1365/2105
f 1268/1366/2107 1283/1381/2130 1282/1380/2131
f 1282/1380/2131 1267/1365/2108 1268/1366/2107
f 1283/1381/2132 1268/1366/2110 1269/1367/2109
f 1269/1367/2109 1284/1382/2133 1283/1381/2132
f 1270/1368/2134 1285/1383/2135 1284/1382/2136
f 1284/1382/2136 1269/1367/2137 1270/1368/2134
f 1271/1369/2113 1286/1384/2138 1285/1383/2139
f 1285/1383/2139 1270/1368/2114 1271/1369/2113
f 1272/1370/2115 1287/1385/2140 1286/1384/2140
f 1286/1384/2140 1271/1369/2116 1272/1370/2115
f 1288/1386/2141 1287/1385/2142 1272/1370/2143
f 1272/1370/2143 1273/1371/2141 1288/1386/2141
f 1289/1387/2144 1288/1386/2145 1273/1371/2145
f 1273/1371/2145 1274/1372/2145 1289/1387/2144
f 1274/1372/2146 1275/1373/2146 1290/1388/2146
f 1290/1388/2146 1289/1387/2146 1274/1372/2146
f 1276/1374/2147 1291/1389/2147 1292/1390/2147
f 1292/1390/2147 1277/1375/2147 1276/1374/2147
f 1291/1389/2148 1276/1374/2148 1278/1376/2148
f 1278/1376/2148 1293/1391/2148 1291/1389/2148
f 1279/1377/2149 1294/1392/2149 1293/1391/2149
f 1293/1391/2149 1278/1376/2149 1279/1377/2149
f 1280/1378/2150 1295/1393/2151 1294/1392/2152
f 1294/1392/2152 1279/1377/2151 1280/1378/2150
f 1281/1379/2153 1296/1394/2153 1295/1393/2153
f 1295/1393/2153 1280/1378/2153 1281/1379/2153
f 1297/1395/2154 1296/1394/2155 1281/1379/2156
f 1281/1379/2156 1282/1380/2155 1297/1395/2154
f 1298/1396/2157 1297/1395/2158 1282/1380/2159
f 1282/1380/2159 1283/1381/2157 1298/1396/2157
f 1283/1381/2160 1284/1382/2161 1299/1397/2161
f 1299/1397/2161 1298/1396/2162 1283/1381/2160
f 1285/1383/2163 1300/1398/2164 1299/1397/2165
f 1299/1397/2165 1284/1382/2166 1285/1383/2163
f 1286/1384/2167 1301/1399/2168 1300/1398/2167
f 1300/1398/2167 1285/1383/2167 1286/1384/2167
f 1301/1399/2169 1286/1384/2169 1287/1385/2170
f 1287/1385/2170 1302/1400/2169 1301/1399/2169
f 1288/1386/2171 1303/1401/2172 1302/1400/2171
f 1302/1400/2171 1287/1385/2171 1288/1386/2171
f 1289/1387/2173 1304/1402/2173 1303/1401/2174
f 1303/1401/2174 1288/1386/2173 1289/1387/2173
f 1290/1388/2175 1305/1403/2175 1304/1402/2175
f 1304/1402/2175 1289/1387/2175 1290/1388/2175
f 1306/1404/2176 1307/1405/2176 1292/1390/2176
f 1292/1390/2176 1291/1389/2176 1306/1404/2176
f 1291/1389/2177 1293/1391/2177 1308/1406/2178
f 1308/1406/2178 1306/1404/2177 1291/1389/2177
f 1294/1392/2179 1309/1407/2179 1308/1406/2179
f 1308/1406/2179 1293/1391/2179 1294/1392/2179
f 1295/1393/2180 1310/1408/2181 1309/1407/2180
f 1309/1407/2180 1294/1392/2180 1295/1393/2180
f 1310/1408/2182 1295/1393/2182 1296/1394/2183
f 1296/1394/2183 1311/1409/2182 1310/1408/2182
f 1297/1395/2184 1312/1410/2185 1311/1409/2185
f 1311/1409/2185 1296/1394/2184 1297/1395/2184
f 1298/1396/2186 1313/1411/2186 1312/1410/2187
f 1312/1410/2187 1297/1395/2188 1298/1396/2186
f 1299/1397/2189 1314/1412/2190 1313/1411/2191
f 1313/1411/2191 1298/1396/2192 1299/1397/2189
f 1315/1413/2193 1314/1412/2194 1299/1397/2195
f 1299/1397/2195 1300/1398/2196 1315/1413/2193
f 1316/1414/2197 1315/1413/2198 1300/1398/2199
f 1300/1398/2199 1301/1399/2200 1316/1414/2197
f 1301/1399/2201 1302/1400/2201 1317/1415/2202
f 1317/1415/2202 1316/1414/2201 1301/1399/2201
f 1303/1401/2203 1318/1416/2203 1317/1415/2203
f 1317/1415/2203 1302/1400/2203 1303/1401/2203
f 1304/1402/2204 1319/1417/2204 1318/1416/2205
f 1318/1416/2205 1303/1401/2204 1304/1402/2204
f 1319/1417/2206 1304/1402/2206 1305/1403/2206
f 1305/1403/2206 1320/1418/2206 1319/1417/2206
f 198/1419/2207 200/1148/2208 1095/1146/2209
f 1095/1146/2209 1097/1195/2207 198/1419/2207
f 1094/1145/2210 1098/1196/2210 1097/1195/2210
f 1097/1195/2210 1095/1146/2210 1094/1145/2210
f 1093/1144/2211 1101/1199/2211 1098/1196/2212
f 1098/1196/2212 1094/1145/2211 1093/1144/2211
f 1101/1199/2213 1093/1144/2214 1092/1143/2215
f 1092/1143/2215 1102/1200/2213 1101/1199/2213
f 1102/1200/2216 1092/1143/2217 1091/1142/2218
f 1091/1142/2218 1104/1202/2219 1102/1200/2216
f 1106/1204/2220 1104/1202/2221 1091/1142/2221
f 1091/1142/2221 1090/1141/2221 1106/1204/2220
f 1106/1204/2222 1090/1141/2223 1089/1140/2223
f 1089/1140/2223 1108/1206/2224 1106/1204/2222
f 1108/1206/2225 1089/1140/2226 1088/1139/2227
f 1088/1139/2227 1110/1208/2226 1108/1206/2225
f 1110/1208/2228 1088/1139/2229 1087/1138/2230
f 1087/1138/2230 1112/1210/2231 1110/1208/2228
f 1086/1137/2232 1114/1212/2233 1112/1210/2233
f 1112/1210/2233 1087/1138/2233 1086/1137/2232
f 1116/1214/2234 1114/1212/2235 1086/1137/2236
f 1086/1137/2236 1085/1136/2234 1116/1214/2234
f 1119/1217/2237 1116/1214/2238 1085/1136/2239
f 1085/1136/2239 1084/1135/2237 1119/1217/2237
f 1083/1134/2240 1120/1218/2241 1119/1217/2242
f 1119/1217/2242 1084/1135/2240 1083/1134/2240
f 1082/1133/2243 1122/1220/2243 1120/1218/2244
f 1120/1218/2244 1083/1134/2244 1082/1133/2243
f 1122/1220/2245 1082/1133/2245 1081/1131/2245
f 1081/1131/2245 1124/1222/2245 1122/1220/2245
f 825/860/2246 1124/1222/2246 1081/1131/2246
f 1081/1131/2246 826/861/2246 825/860/2246
f 1125/1223/2247 1124/1222/2247 825/860/2247
f 825/860/2247 835/870/2247 1125/1223/2247
f 1140/1238/2248 1125/1223/2248 835/870/2248
f 835/870/2248 836/871/2248 1140/1238/2248
f 1140/1238/2249 836/871/2249 837/872/2249
f 837/872/2249 1155/1253/2249 1140/1238/2249
f 1170/1268/2250 1155/1253/2250 837/872/2250
f 837/872/2250 838/873/2250 1170/1268/2250
f 1185/1283/2251 1170/1268/2252 838/873/2252
f 838/873/2252 839/874/2253 1185/1283/2251
f 1200/1298/2254 1185/1283/2251 839/874/2253
f 839/874/2253 840/875/2255 1200/1298/2254
f 1200/1298/2254 840/875/2255 841/876/2256
f 841/876/2256 1215/1313/2257 1200/1298/2254
f 1215/1313/2257 841/876/2256 855/899/2258
f 855/899/2258 1230/1328/2259 1215/1313/2257
f 854/898/2260 1245/1343/2261 1230/1328/2259
f 1230/1328/2259 855/899/2258 854/898/2260
f 1245/1343/2261 854/898/2260 853/897/2262
f 853/897/2262 1260/1358/2262 1245/1343/2261
f 853/897/2263 852/896/2263 1275/1373/2263
f 1275/1373/2263 1260/1358/2263 853/897/2263
f 1275/1373/2264 852/896/2264 851/895/2264
f 851/895/2264 1290/1388/2265 1275/1373/2264
f 850/894/2266 1305/1403/2266 1290/1388/2266
f 1290/1388/2266 851/895/2266 850/894/2266
f 849/892/2267 1320/1418/2268 1305/1403/2267
f 1305/1403/2267 850/894/2267 849/892/2267
f 1320/1418/2269 849/892/2270 629/633/2270
f 629/633/2270 627/631/2271 1320/1418/2269
f 1319/1417/2272 1320/1418/2272 627/631/2272
f 627/631/2272 626/630/2272 1319/1417/2272
f 625/629/2273 1318/1416/2273 1319/1417/2274
f 1319/1417/2274 626/630/2275 625/629/2273
f 624/628/2276 1317/1415/2276 1318/1416/2277
f 1318/1416/2277 625/629/2278 624/628/2276
f 1317/1415/2279 624/628/2280 623/627/2281
f 623/627/2281 1316/1414/2282 1317/1415/2279
f 622/626/2283 1315/1413/2284 1316/1414/2283
f 1316/1414/2283 623/627/2283 622/626/2283
f 621/625/2285 1314/1412/2286 1315/1413/2287
f 1315/1413/2287 622/626/2288 621/625/2285
f 1313/1411/2289 1314/1412/2290 621/625/2291
f 621/625/2291 620/624/2289 1313/1411/2289
f 619/623/2292 1312/1410/2293 1313/1411/2294
f 1313/1411/2294 620/624/2294 619/623/2292
f 618/622/2295 1311/1409/2296 1312/1410/2297
f 1312/1410/2297 619/623/2297 618/622/2295
f 1311/1409/2298 618/622/2298 617/621/2298
f 617/621/2298 1310/1408/2298 1311/1409/2298
f 1309/1407/2299 1310/1408/2299 617/621/2299
f 617/621/2299 616/620/2299 1309/1407/2299
f 1308/1406/2300 1309/1407/2301 616/620/2302
f 616/620/2302 615/619/2302 1308/1406/2300
f 614/618/2303 1306/1404/2304 1308/1406/2305
f 1308/1406/2305 615/619/2303 614/618/2303
f 1307/1405/2306 1306/1404/2307 614/618/2308
f 614/618/2308 613/616/2307 1307/1405/2306
f 155/1420/2309 1307/1405/2310 613/616/2309
f 613/616/2309 156/615/2309 155/1420/2309
f 1307/1405/2311 155/1420/2311 165/1421/2311
f 165/1421/2311 1292/1390/2311 1307/1405/2311
f 1292/1390/2312 165/1421/2313 166/1422/2313
f 166/1422/2313 1277/1375/2313 1292/1390/2312
f 166/1422/2314 167/1423/2314 1262/1360/2314
f 1262/1360/2314 1277/1375/2314 166/1422/2314
f 1262/1360/2315 167/1423/2315 168/1424/2316
f 168/1424/2316 1247/1345/2317 1262/1360/2315
f 1247/1345/2317 168/1424/2316 169/1425/2318
f 169/1425/2318 1232/1330/2319 1247/1345/2317
f 169/1425/2318 170/1426/2320 1217/1315/2321
f 1217/1315/2321 1232/1330/2319 169/1425/2318
f 170/1426/2320 171/1427/2322 1202/1300/2323
f 1202/1300/2323 1217/1315/2321 170/1426/2320
f 171/1427/2322 206/1428/2324 1187/1285/2325
f 1187/1285/2325 1202/1300/2323 171/1427/2322
f 1171/1269/2326 1187/1285/2325 206/1428/2324
f 206/1428/2324 205/1429/2327 1171/1269/2326
f 1171/1269/2326 205/1429/2327 204/1430/2328
f 204/1430/2328 1156/1254/2329 1171/1269/2326
f 1156/1254/2329 204/1430/2328 203/1431/2330
f 203/1431/2330 1141/1239/2331 1156/1254/2329
f 1141/1239/2332 203/1431/2332 202/1432/2332
f 202/1432/2332 1126/1224/2332 1141/1239/2332
f 1126/1224/2333 202/1432/2333 201/1433/2333
f 201/1433/2333 1096/1194/2333 1126/1224/2333
f 1096/1194/2334 201/1433/2334 198/1419/2334
f 198/1419/2334 1097/1195/2334 1096/1194/2334
f 1321/7/2335 1322/6/2335 1323/9/2335
f 1323/9/2335 1324/8/2335 1321/7/2335
f 1323/9/2336 1325/11/2336 1326/10/2337
f 1326/10/2337 1324/8/2336 1323/9/2336
f 1327/12/2338 1326/10/2338 1325/11/2338
f 1325/11/2338 1328/13/2338 1327/12/2338
f 1327/12/2339 1328/13/2339 1329/15/2339
f 1329/15/2339 1330/14/2339 1327/12/2339
f 1331/17/2340 1332/16/2340 1330/14/2340
f 1330/14/2340 1329/15/2340 1331/17/2340
f 1333/18/2341 1332/16/2341 1331/17/2341
f 1331/17/2341 1334/19/2341 1333/18/2341
f 1333/18/2342 1334/19/2342 1335/21/2342
f 1335/21/2342 1336/20/2342 1333/18/2342
f 1323/9/2343 1322/6/2344 1337/22/2345
f 1337/22/2345 1338/23/2344 1323/9/2343
f 1323/9/2346 1338/23/2346 1339/24/2346
f 1339/24/2346 1325/11/2346 1323/9/2346
f 1339/24/2347 1340/25/2347 1328/13/2347
f 1328/13/2347 1325/11/2347 1339/24/2347
f 1341/26/2348 1329/15/2349 1328/13/2348
f 1328/13/2348 1340/25/2348 1341/26/2348
f 1342/27/2350 1331/17/2350 1329/15/2350
f 1329/15/2350 1341/26/2350 1342/27/2350
f 1343/28/2351 1334/19/2351 1331/17/2351
f 1331/17/2351 1342/27/2352 1343/28/2351
f 1334/19/2353 1343/28/2353 1344/29/2353
f 1344/29/2353 1335/21/2353 1334/19/2353
f 1345/30/2354 1338/23/2355 1337/22/2355
f 1337/22/2355 1346/31/2355 1345/30/2354
f 1347/32/2356 1339/24/2356 1338/23/2357
f 1338/23/2357 1345/30/2356 1347/32/2356
f 1347/32/2358 1348/33/2359 1340/25/2360
f 1340/25/2360 1339/24/2360 1347/32/2358
f 1341/26/2361 1340/25/2361 1348/33/2361
f 1342/27/2362 1341/26/2362 1349/34/2362
f 1350/36/2363 1343/28/2363 1342/27/2363
f 1351/37/2364 1344/29/2364 1343/28/2364
f 1346/31/2365 1352/38/2365 1353/39/2365
f 1353/39/2365 1345/30/2365 1346/31/2365
f 1354/40/2366 1347/32/2367 1345/30/2366
f 1345/30/2366 1353/39/2367 1354/40/2366
f 1353/39/2368 1352/38/2368 1355/41/2368
f 1357/46/2369 1358/45/2369 1359/48/2370
f 1359/48/2370 1360/47/2369 1357/46/2369
f 1361/50/2371 1362/49/2371 1357/46/2371
f 1357/46/2371 1360/47/2371 1361/50/2371
f 1362/49/2372 1361/50/2372 1363/51/2372
f 1363/51/2372 1364/52/2372 1362/49/2372
f 1365/53/2373 1360/47/2373 1359/48/2373
f 1359/48/2373 1366/54/2373 1365/53/2373
f 1360/47/2374 1365/53/2375 1367/55/2376
f 1367/55/2376 1361/50/2375 1360/47/2374
f 1367/55/2377 1368/56/2377 1363/51/2377
f 1363/51/2377 1361/50/2377 1367/55/2377
f 1371/57/2378 1365/53/2378 1366/54/2378
f 1366/54/2378 1372/58/2378 1371/57/2378
f 1367/55/2379 1365/53/2379 1371/57/2379
f 1371/57/2379 1373/59/2379 1367/55/2379
f 1367/55/2380 1373/59/2381 1374/60/2382
f 1374/60/2382 1368/56/2381 1367/55/2380
f 1372/58/2383 1376/62/2383 1377/61/2383
f 1377/61/2383 1371/57/2383 1372/58/2383
f 1377/61/2384 1378/63/2384 1373/59/2384
f 1373/59/2384 1371/57/2384 1377/61/2384
f 1373/59/2385 1378/63/2385 1379/64/2385
f 1379/64/2385 1374/60/2385 1373/59/2385
f 1380/66/2386 1377/61/2386 1376/62/2386
f 1376/62/2386 1381/67/2386 1380/66/2386
f 1380/66/2387 1382/68/2387 1378/63/2387
f 1378/63/2387 1377/61/2387 1380/66/2387
f 1383/69/2388 1379/64/2388 1378/63/2388
f 1378/63/2388 1382/68/2388 1383/69/2388
f 1384/72/2389 1385/71/2389 1380/66/2389
f 1380/66/2389 1381/67/2389 1384/72/2389
f 1382/68/2390 1380/66/2390 1385/71/2390
f 1385/71/2390 1386/73/2390 1382/68/2390
f 1382/68/2391 1386/73/2391 1387/74/2391
f 1387/74/2391 1383/69/2391 1382/68/2391
f 1388/77/2392 1389/76/2392 1390/75/2393
f 1390/75/2393 1391/78/2392 1388/77/2392
f 1388/77/2394 1391/78/2394 1392/80/2394
f 1392/80/2394 1393/79/2394 1388/77/2394
f 1394/82/2395 1395/81/2395 1393/79/2395
f 1393/79/2395 1392/80/2395 1394/82/2395
f 1396/83/2396 1395/81/2396 1394/82/2396
f 1394/82/2396 1397/84/2396 1396/83/2396
f 1396/83/2397 1397/84/2397 1398/86/2397
f 1398/86/2397 1399/85/2397 1396/83/2397
f 1398/86/2398 1400/88/2398 1401/87/2398
f 1401/87/2398 1399/85/2399 1398/86/2398
f 1401/87/2400 1400/88/2400 1402/90/2400
f 1402/90/2400 1403/89/2400 1401/87/2400
f 1404/91/2401 1391/78/2402 1390/75/2402
f 1390/75/2402 1405/92/2402 1404/91/2401
f 1406/93/2403 1392/80/2403 1391/78/2403
f 1391/78/2403 1404/91/2404 1406/93/2403
f 1407/94/2405 1394/82/2405 1392/80/2405
f 1392/80/2405 1406/93/2405 1407/94/2405
f 1408/95/2406 1397/84/2406 1394/82/2406
f 1394/82/2406 1407/94/2406 1408/95/2406
f 1409/96/2407 1398/86/2407 1397/84/2407
f 1397/84/2407 1408/95/2407 1409/96/2407
f 1409/96/2408 1410/97/2409 1400/88/2408
f 1400/88/2408 1398/86/2408 1409/96/2408
f 1410/97/2410 1411/98/2410 1402/90/2410
f 1402/90/2410 1400/88/2410 1410/97/2410
f 1405/92/2411 1412/99/2411 1413/100/2411
f 1413/100/2411 1404/91/2411 1405/92/2411
f 1414/101/2412 1406/93/2412 1404/91/2412
f 1404/91/2412 1413/100/2412 1414/101/2412
f 1407/94/2413 1406/93/2413 1414/101/2414
f 1414/101/2414 1415/102/2413 1407/94/2413
f 1407/94/2415 1415/102/2415 1416/103/2415
f 1416/103/2415 1408/95/2415 1407/94/2415
f 1417/104/2416 1409/96/2416 1408/95/2416
f 1408/95/2416 1416/103/2416 1417/104/2416
f 1410/97/2417 1409/96/2417 1417/104/2417
f 1417/104/2417 1418/105/2417 1410/97/2417
f 1410/97/2418 1418/105/2418 1419/106/2418
f 1413/100/2419 1412/99/2419 1420/107/2419
f 1420/107/2419 1421/108/2419 1413/100/2419
f 1413/100/2420 1421/108/2420 1422/109/2420
f 1422/109/2420 1414/101/2420 1413/100/2420
f 1423/115/2421 1424/114/2422 1425/117/2423
f 1425/117/2423 1426/116/2422 1423/115/2421
f 1427/119/2424 1428/118/2425 1426/116/2425
f 1426/116/2425 1425/117/2425 1427/119/2424
f 1429/120/2426 1428/118/2427 1427/119/2426
f 1427/119/2426 1430/121/2426 1429/120/2426
f 1429/120/2428 1430/121/2429 1431/123/2429
f 1431/123/2429 1432/122/2429 1429/120/2428
f 1433/125/2430 1434/124/2430 1432/122/2430
f 1432/122/2430 1431/123/2430 1433/125/2430
f 1435/126/2431 1434/124/2432 1433/125/2432
f 1425/117/2433 1424/114/2433 1437/130/2433
f 1437/130/2433 1438/131/2433 1425/117/2433
f 1425/117/2434 1438/131/2434 1439/132/2434
f 1439/132/2434 1427/119/2434 1425/117/2434
f 1440/133/2435 1430/121/2435 1427/119/2435
f 1427/119/2435 1439/132/2435 1440/133/2435
f 1431/123/2436 1430/121/2437 1440/133/2438
f 1441/136/2439 1442/135/2439 1438/131/2439
f 1438/131/2439 1437/130/2439 1441/136/2439
f 1439/132/2440 1438/131/2440 1442/135/2440
f 1442/135/2440 1443/137/2440 1439/132/2440
f 1439/132/2441 1443/137/2441 1444/138/2441
f 1444/138/2441 1440/133/2441 1439/132/2441
f 1441/136/2442 1445/141/2442 1446/140/2442
f 1446/140/2442 1442/135/2442 1441/136/2442
f 1446/140/2443 1447/142/2443 1443/137/2443
f 1443/137/2443 1442/135/2443 1446/140/2443
f 1444/138/2444 1443/137/2445 1447/142/2445
f 1447/142/2445 1448/143/2445 1444/138/2444
f 1446/140/2446 1445/141/2446 1449/145/2447
f 1449/145/2447 1450/144/2447 1446/140/2446
f 1446/140/2448 1450/144/2448 1451/146/2448
f 1451/146/2448 1447/142/2448 1446/140/2448
f 1451/146/2449 1452/147/2449 1448/143/2450
f 1448/143/2450 1447/142/2449 1451/146/2449
f 1453/149/2451 1450/144/2451 1449/145/2452
f 1449/145/2452 1454/148/2452 1453/149/2451
f 1451/146/2453 1450/144/2453 1453/149/2453
f 1453/149/2453 1455/150/2453 1451/146/2453
f 1451/146/2454 1455/150/2454 1456/151/2454
f 1384/72/2455 1336/20/2455 1335/21/2455
f 1335/21/2455 1385/71/2455 1384/72/2455
f 1344/29/2456 1386/73/2456 1385/71/2456
f 1385/71/2456 1335/21/2456 1344/29/2456
f 1351/37/2457 1387/74/2458 1386/73/2457
f 1386/73/2457 1344/29/2457 1351/37/2457
f 1402/90/2459 1453/149/2459 1454/148/2460
f 1454/148/2460 1403/89/2459 1402/90/2459
f 1411/98/2461 1455/150/2461 1453/149/2462
f 1453/149/2462 1402/90/2462 1411/98/2461
f 1411/98/2463 1419/106/2463 1456/151/2463
f 1456/151/2463 1455/150/2463 1411/98/2463
f 1321/7/2464 1457/154/2464 1458/153/2465
f 1458/153/2465 1459/152/2464 1321/7/2464
f 1324/8/2466 1460/155/2466 1457/154/2466
f 1457/154/2466 1321/7/2466 1324/8/2466
f 1461/156/2467 1460/155/2468 1324/8/2468
f 1324/8/2468 1326/10/2468 1461/156/2467
f 1461/156/2469 1326/10/2469 1327/12/2469
f 1327/12/2469 1462/157/2469 1461/156/2469
f 1330/14/2470 1463/158/2470 1462/157/2470
f 1462/157/2470 1327/12/2470 1330/14/2470
f 1464/159/2471 1463/158/2472 1330/14/2472
f 1330/14/2472 1332/16/2472 1464/159/2471
f 1464/159/2473 1332/16/2473 1333/18/2473
f 1333/18/2473 1465/160/2473 1464/159/2473
f 1336/20/2474 1466/161/2474 1465/160/2474
f 1465/160/2474 1333/18/2474 1336/20/2474
f 1321/7/2475 1459/152/2476 1467/162/2476
f 1467/162/2476 1322/6/2476 1321/7/2475
f 1337/22/2477 1322/6/2477 1467/162/2478
f 1467/162/2478 1468/163/2477 1337/22/2477
f 1468/163/2479 1469/164/2479 1346/31/2479
f 1346/31/2479 1337/22/2479 1468/163/2479
f 1469/164/2480 1470/165/2481 1352/38/2481
f 1352/38/2481 1346/31/2481 1469/164/2480
f 1355/41/2482 1352/38/2483 1470/165/2483
f 1470/165/2483 1471/166/2484 1355/41/2482
f 1471/166/2484 1472/167/2485 1356/44/2486
f 1356/44/2486 1355/41/2482 1471/166/2484
f 1473/168/2487 1436/128/2488 1356/44/2486
f 1356/44/2486 1472/167/2485 1473/168/2487
f 1474/169/2489 1475/171/2489 1358/45/2489
f 1358/45/2489 1476/170/2489 1474/169/2489
f 1477/172/2490 1476/170/2490 1358/45/2490
f 1358/45/2490 1357/46/2490 1477/172/2490
f 1478/173/2491 1477/172/2491 1357/46/2491
f 1357/46/2491 1362/49/2491 1478/173/2491
f 1364/52/2492 1479/174/2492 1478/173/2492
f 1478/173/2492 1362/49/2492 1364/52/2492
f 1359/48/2493 1358/45/2493 1475/171/2493
f 1475/171/2493 1480/175/2493 1359/48/2493
f 1359/48/2494 1480/175/2494 1481/176/2494
f 1481/176/2494 1366/54/2494 1359/48/2494
f 1366/54/2495 1481/176/2496 1482/177/2496
f 1482/177/2496 1372/58/2496 1366/54/2495
f 1482/177/2497 1483/178/2497 1376/62/2497
f 1376/62/2497 1372/58/2497 1482/177/2497
f 1376/62/2498 1483/178/2498 1484/179/2498
f 1484/179/2498 1381/67/2498 1376/62/2498
f 1485/180/2499 1384/72/2499 1381/67/2499
f 1381/67/2499 1484/179/2499 1485/180/2499
f 1336/20/2500 1384/72/2501 1485/180/2501
f 1485/180/2501 1466/161/2501 1336/20/2500
f 1486/183/2502 1487/182/2502 1389/76/2503
f 1389/76/2503 1488/181/2502 1486/183/2502
f 1489/184/2504 1488/181/2504 1389/76/2504
f 1389/76/2504 1388/77/2504 1489/184/2504
f 1490/185/2505 1489/184/2505 1388/77/2506
f 1388/77/2506 1393/79/2505 1490/185/2505
f 1491/186/2507 1490/185/2507 1393/79/2507
f 1393/79/2507 1395/81/2507 1491/186/2507
f 1492/187/2508 1491/186/2508 1395/81/2508
f 1395/81/2508 1396/83/2508 1492/187/2508
f 1396/83/2509 1399/85/2509 1493/188/2509
f 1493/188/2509 1492/187/2509 1396/83/2509
f 1494/189/2510 1493/188/2510 1399/85/2510
f 1399/85/2510 1401/87/2510 1494/189/2510
f 1495/190/2511 1494/189/2512 1401/87/2512
f 1401/87/2512 1403/89/2512 1495/190/2511
f 1487/182/2513 1496/191/2513 1390/75/2513
f 1390/75/2513 1389/76/2513 1487/182/2513
f 1390/75/2514 1496/191/2514 1497/192/2514
f 1497/192/2514 1405/92/2514 1390/75/2514
f 1497/192/2515 1498/193/2515 1412/99/2515
f 1412/99/2515 1405/92/2515 1497/192/2515
f 1420/107/2516 1412/99/2517 1498/193/2516
f 1498/193/2516 1499/194/2516 1420/107/2516
f 1500/196/2518 1423/115/2519 1501/195/2518
f 1501/195/2518 1502/197/2519 1500/196/2518
f 1426/116/2520 1503/198/2520 1501/195/2520
f 1501/195/2520 1423/115/2520 1426/116/2520
f 1503/198/2521 1426/116/2522 1428/118/2521
f 1428/118/2521 1504/199/2521 1503/198/2521
f 1429/120/2523 1505/200/2523 1504/199/2523
f 1504/199/2523 1428/118/2523 1429/120/2523
f 1432/122/2524 1506/201/2524 1505/200/2524
f 1505/200/2524 1429/120/2524 1432/122/2524
f 1434/124/2525 1507/202/2526 1506/201/2527
f 1506/201/2527 1432/122/2528 1434/124/2525
f 1435/126/2529 1508/203/2530 1507/202/2526
f 1507/202/2526 1434/124/2525 1435/126/2529
f 1436/128/2488 1473/168/2487 1508/203/2530
f 1508/203/2530 1435/126/2529 1436/128/2488
f 1500/196/2531 1509/204/2531 1424/114/2531
f 1424/114/2531 1423/115/2531 1500/196/2531
f 1509/204/2532 1510/205/2532 1437/130/2532
f 1437/130/2532 1424/114/2532 1509/204/2532
f 1437/130/2533 1510/205/2533 1511/206/2533
f 1511/206/2533 1441/136/2533 1437/130/2533
f 1511/206/2534 1512/207/2534 1445/141/2534
f 1445/141/2534 1441/136/2535 1511/206/2534
f 1512/207/2536 1513/208/2536 1449/145/2536
f 1449/145/2536 1445/141/2536 1512/207/2536
f 1449/145/2537 1513/208/2537 1514/209/2537
f 1514/209/2537 1454/148/2537 1449/145/2537
f 1495/190/2538 1403/89/2538 1454/148/2538
f 1454/148/2538 1514/209/2538 1495/190/2538
f 1515/211/2539 1516/210/2539 1517/213/2539
f 1517/213/2539 1518/212/2539 1515/211/2539
f 1519/214/2540 1518/212/2540 1517/213/2540
f 1517/213/2540 1520/215/2540 1519/214/2540
f 1521/216/2541 1519/214/2541 1520/215/2542
f 1520/215/2542 1522/217/2543 1521/216/2541
f 1517/213/2544 1516/210/2544 1523/219/2544
f 1523/219/2544 1524/218/2544 1517/213/2544
f 1525/220/2545 1520/215/2545 1517/213/2545
f 1517/213/2545 1524/218/2545 1525/220/2545
f 1520/215/2542 1525/220/2546 1526/221/2546
f 1526/221/2546 1522/217/2543 1520/215/2542
f 1527/222/2547 1524/218/2547 1523/219/2548
f 1523/219/2548 1528/223/2547 1527/222/2547
f 1524/218/2549 1527/222/2549 1529/224/2549
f 1529/224/2549 1525/220/2549 1524/218/2549
f 1526/221/2550 1525/220/2550 1529/224/2551
f 1529/224/2551 1530/225/2552 1526/221/2550
f 1528/223/2553 1531/226/2553 1532/227/2554
f 1532/227/2554 1527/222/2555 1528/223/2553
f 1529/224/2556 1527/222/2556 1532/227/2557
f 1532/227/2557 1533/228/2556 1529/224/2556
f 1534/229/2558 1530/225/2552 1529/224/2551
f 1529/224/2551 1533/228/2558 1534/229/2558
f 1532/227/2559 1531/226/2560 1535/231/2559
f 1535/231/2559 1536/230/2561 1532/227/2559
f 1537/232/2562 1533/228/2562 1532/227/2562
f 1532/227/2562 1536/230/2563 1537/232/2562
f 1533/228/2564 1537/232/2565 1538/233/2566
f 1538/233/2566 1534/229/2564 1533/228/2564
f 1536/230/2567 1535/231/2568 1539/235/2569
f 1539/235/2569 1540/234/2570 1536/230/2567
f 1536/230/2571 1540/234/2572 1541/236/2573
f 1541/236/2573 1537/232/2572 1536/230/2571
f 1538/233/2566 1537/232/2565 1541/236/2574
f 1541/236/2574 1542/237/2575 1538/233/2566
f 1539/235/2576 1543/238/2576 1544/239/2576
f 1544/239/2576 1540/234/2576 1539/235/2576
f 1541/236/2577 1540/234/2577 1544/239/2577
f 1544/239/2577 1545/240/2578 1541/236/2577
f 1546/241/2579 1542/237/2580 1541/236/2580
f 1541/236/2580 1545/240/2581 1546/241/2579
f 1544/239/2582 1543/238/2582 1547/243/2582
f 1547/243/2582 1548/242/2582 1544/239/2582
f 1548/242/2583 1549/244/2583 1545/240/2583
f 1545/240/2583 1544/239/2583 1548/242/2583
f 1545/240/2581 1549/244/2584 1550/245/2584
f 1550/245/2584 1546/241/2579 1545/240/2581
f 1551/246/2585 1548/242/2585 1547/243/2585
f 1547/243/2585 1552/247/2585 1551/246/2585
f 1548/242/2586 1551/246/2586 1553/248/2586
f 1553/248/2586 1549/244/2586 1548/242/2586
f 1550/245/2587 1549/244/2587 1553/248/2588
f 1553/248/2588 1554/249/2587 1550/245/2587
f 1552/247/2589 1555/250/2590 1556/251/2591
f 1556/251/2591 1551/246/2590 1552/247/2589
f 1553/248/2592 1551/246/2592 1556/251/2593
f 1556/251/2593 1557/252/2592 1553/248/2592
f 1554/249/2594 1553/248/2594 1557/252/2594
f 1557/252/2594 1558/253/2594 1554/249/2594
f 1556/251/2595 1555/250/2595 1559/255/2595
f 1559/255/2595 1560/254/2595 1556/251/2595
f 1561/256/2596 1557/252/2596 1556/251/2596
f 1556/251/2596 1560/254/2596 1561/256/2596
f 1557/252/2597 1561/256/2598 1562/257/2599
f 1562/257/2599 1558/253/2600 1557/252/2597
f 1563/258/2601 1560/254/2601 1559/255/2601
f 1559/255/2601 1564/259/2601 1563/258/2601
f 1560/254/2602 1563/258/2602 1565/260/2602
f 1565/260/2602 1561/256/2602 1560/254/2602
f 1562/257/2603 1561/256/2603 1565/260/2603
f 1565/260/2603 1566/261/2603 1562/257/2603
f 1564/259/2604 1567/262/2604 1568/263/2604
f 1568/263/2604 1563/258/2604 1564/259/2604
f 1565/260/2605 1563/258/2606 1568/263/2606
f 1568/263/2606 1569/264/2606 1565/260/2605
f 1570/265/2607 1566/261/2607 1565/260/2608
f 1565/260/2608 1569/264/2607 1570/265/2607
f 1568/263/2609 1567/262/2609 1571/267/2609
f 1571/267/2609 1572/266/2609 1568/263/2609
f 1573/268/2610 1569/264/2610 1568/263/2610
f 1568/263/2610 1572/266/2610 1573/268/2610
f 1569/264/2611 1573/268/2611 1574/269/2612
f 1574/269/2612 1570/265/2613 1569/264/2611
f 1575/271/2614 1576/270/2614 1515/211/2614
f 1515/211/2614 1577/272/2614 1575/271/2614
f 1518/212/2615 1578/273/2615 1577/272/2615
f 1577/272/2615 1515/211/2615 1518/212/2615
f 1578/273/2616 1518/212/2616 1519/214/2616
f 1519/214/2616 1579/274/2616 1578/273/2616
f 1580/275/2617 1579/274/2617 1519/214/2617
f 1519/214/2617 1521/216/2617 1580/275/2617
f 1479/276/2618 1574/269/2618 1573/268/2618
f 1573/268/2618 1478/277/2618 1479/276/2618
f 1572/266/2619 1477/278/2619 1478/277/2619
f 1478/277/2619 1573/268/2619 1572/266/2619
f 1572/266/2620 1571/267/2620 1476/279/2620
f 1476/279/2620 1477/278/2620 1572/266/2620
f 1581/281/2621 1474/280/2621 1476/279/2621
f 1476/279/2621 1571/267/2621 1581/281/2621
f 1567/262/2622 1582/282/2622 1581/281/2622
f 1581/281/2622 1571/267/2622 1567/262/2622
f 1583/283/2623 1582/282/2623 1567/262/2623
f 1567/262/2623 1564/259/2623 1583/283/2623
f 1564/259/2624 1559/255/2624 1584/284/2624
f 1584/284/2624 1583/283/2624 1564/259/2624
f 1559/255/2625 1555/250/2625 1585/285/2625
f 1585/285/2625 1584/284/2626 1559/255/2625
f 1586/286/2627 1585/285/2627 1555/250/2627
f 1555/250/2627 1552/247/2627 1586/286/2627
f 1547/243/2628 1587/287/2629 1586/286/2630
f 1586/286/2630 1552/247/2631 1547/243/2628
f 1543/238/2632 1588/288/2632 1587/287/2633
f 1587/287/2633 1547/243/2634 1543/238/2632
f 1543/238/2635 1539/235/2636 1589/289/2637
f 1589/289/2637 1588/288/2635 1543/238/2635
f 1589/289/2638 1539/235/2639 1535/231/2640
f 1535/231/2640 1590/290/2641 1589/289/2638
f 1531/226/2642 1591/291/2643 1590/290/2644
f 1590/290/2644 1535/231/2645 1531/226/2642
f 1592/292/2646 1591/291/2647 1531/226/2648
f 1531/226/2648 1528/223/2649 1592/292/2646
f 1528/223/2650 1523/219/2650 1593/293/2651
f 1593/293/2651 1592/292/2650 1528/223/2650
f 1523/219/2652 1516/210/2652 1594/294/2652
f 1594/294/2652 1593/293/2653 1523/219/2652
f 1576/270/2654 1594/294/2654 1516/210/2654
f 1516/210/2654 1515/211/2654 1576/270/2654
f 1595/296/2655 1596/295/2655 1597/298/2655
f 1597/298/2655 1598/297/2655 1595/296/2655
f 1599/300/2656 1600/299/2656 1598/297/2656
f 1598/297/2656 1597/298/2656 1599/300/2656
f 1601/302/2657 1602/301/2657 1600/299/2657
f 1600/299/2657 1599/300/2657 1601/302/2657
f 1602/301/2658 1601/302/2658 1603/304/2658
f 1603/304/2658 1604/303/2658 1602/301/2658
f 1597/298/2659 1596/295/2659 1605/306/2659
f 1605/306/2659 1606/305/2659 1597/298/2659
f 1607/307/2660 1599/300/2660 1597/298/2660
f 1597/298/2660 1606/305/2660 1607/307/2660
f 1608/308/2661 1601/302/2661 1599/300/2661
f 1599/300/2661 1607/307/2661 1608/308/2661
f 1603/304/2662 1601/302/2662 1608/308/2662
f 1608/308/2662 1609/309/2662 1603/304/2662
f 1610/310/2663 1606/305/2663 1605/306/2663
f 1605/306/2663 1611/311/2663 1610/310/2663
f 1612/312/2664 1607/307/2664 1606/305/2664
f 1606/305/2664 1610/310/2664 1612/312/2664
f 1607/307/2665 1612/312/2665 1613/313/2666
f 1613/313/2666 1608/308/2667 1607/307/2665
f 1613/313/2666 1614/314/2668 1609/309/2669
f 1609/309/2669 1608/308/2667 1613/313/2666
f 1611/311/2670 1615/316/2670 1616/315/2670
f 1616/315/2670 1610/310/2670 1611/311/2670
f 1617/317/2671 1612/312/2671 1610/310/2671
f 1610/310/2671 1616/315/2671 1617/317/2671
f 1613/313/2672 1612/312/2673 1617/317/2673
f 1617/317/2673 1618/318/2674 1613/313/2672
f 1613/313/2672 1618/318/2674 1619/319/2675
f 1619/319/2675 1614/314/2676 1613/313/2672
f 1620/320/2677 1616/315/2677 1615/316/2677
f 1615/316/2677 1621/321/2677 1620/320/2677
f 1616/315/2678 1620/320/2678 1622/322/2678
f 1622/322/2678 1617/317/2678 1616/315/2678
f 1622/322/2679 1623/323/2679 1618/318/2679
f 1618/318/2679 1617/317/2679 1622/322/2679
f 1619/319/2680 1618/318/2681 1623/323/2682
f 1623/323/2682 1624/324/2681 1619/319/2680
f 1625/325/2683 1620/320/2684 1621/321/2684
f 1621/321/2684 1626/326/2683 1625/325/2683
f 1622/322/2685 1620/320/2685 1625/325/2685
f 1625/325/2685 1627/327/2685 1622/322/2685
f 1622/322/2686 1627/327/2686 1628/328/2686
f 1628/328/2686 1623/323/2686 1622/322/2686
f 1629/329/2687 1624/324/2688 1623/323/2689
f 1623/323/2689 1628/328/2689 1629/329/2687
f 1626/326/2690 1630/331/2691 1631/330/2691
f 1631/330/2691 1625/325/2692 1626/326/2690
f 1631/330/2693 1632/332/2693 1627/327/2693
f 1627/327/2693 1625/325/2694 1631/330/2693
f 1628/328/2695 1627/327/2695 1632/332/2695
f 1632/332/2695 1633/333/2695 1628/328/2695
f 1628/328/2696 1633/333/2697 1634/334/2698
f 1634/334/2698 1629/329/2697 1628/328/2696
f 1631/330/2699 1630/331/2700 1635/336/2701
f 1635/336/2701 1636/335/2701 1631/330/2699
f 1631/330/2702 1636/335/2703 1637/337/2702
f 1637/337/2702 1632/332/2704 1631/330/2702
f 1638/338/2705 1633/333/2706 1632/332/2707
f 1632/332/2707 1637/337/2705 1638/338/2705
f 1639/339/2708 1634/334/2708 1633/333/2708
f 1633/333/2708 1638/338/2708 1639/339/2708
f 1640/341/2709 1641/340/2709 1636/335/2710
f 1636/335/2710 1635/336/2710 1640/341/2709
f 1637/337/2711 1636/335/2712 1641/340/2713
f 1641/340/2713 1642/342/2714 1637/337/2711
f 1643/343/2715 1638/338/2716 1637/337/2716
f 1637/337/2716 1642/342/2717 1643/343/2715
f 1644/344/2718 1639/339/2719 1638/338/2718
f 1638/338/2718 1643/343/2720 1644/344/2718
f 1640/341/2721 1645/346/2722 1646/345/2722
f 1646/345/2722 1641/340/2723 1640/341/2721
f 1647/347/2724 1642/342/2724 1641/340/2724
f 1641/340/2724 1646/345/2724 1647/347/2724
f 1648/348/2725 1643/343/2726 1642/342/2726
f 1642/342/2726 1647/347/2725 1648/348/2725
f 1643/343/2727 1648/348/2727 1649/349/2728
f 1649/349/2728 1644/344/2729 1643/343/2727
f 1646/345/2730 1645/346/2731 1650/351/2731
f 1650/351/2731 1651/350/2731 1646/345/2730
f 1646/345/2732 1651/350/2732 1652/352/2732
f 1652/352/2732 1647/347/2732 1646/345/2732
f 1653/353/2733 1648/348/2734 1647/347/2735
f 1647/347/2735 1652/352/2733 1653/353/2733
f 1649/349/2736 1648/348/2737 1653/353/2737
f 1653/353/2737 1654/354/2737 1649/349/2736
f 1655/355/2738 1651/350/2738 1650/351/2739
f 1650/351/2739 1656/356/2738 1655/355/2738
f 1657/357/2740 1652/352/2741 1651/350/2741
f 1651/350/2741 1655/355/2741 1657/357/2740
f 1652/352/2742 1657/357/2742 1658/358/2742
f 1658/358/2742 1653/353/2742 1652/352/2742
f 1658/358/2743 1659/359/2744 1654/354/2745
f 1654/354/2745 1653/353/2745 1658/358/2743
f 1660/360/2746 1655/355/2746 1656/356/2746
f 1656/356/2746 1661/361/2746 1660/360/2746
f 1662/362/2747 1657/357/2747 1655/355/2747
f 1655/355/2747 1660/360/2747 1662/362/2747
f 1658/358/2748 1657/357/2748 1662/362/2748
f 1662/362/2748 1663/363/2748 1658/358/2748
f 1658/358/2743 1663/363/2749 1664/364/2749
f 1664/364/2749 1659/359/2744 1658/358/2743
f 1665/365/2750 1660/360/2750 1661/361/2751
f 1661/361/2751 1666/366/2750 1665/365/2750
f 1660/360/2752 1665/365/2752 1667/367/2752
f 1667/367/2752 1662/362/2752 1660/360/2752
f 1667/367/2753 1668/368/2753 1663/363/2753
f 1663/363/2753 1662/362/2753 1667/367/2753
f 1664/364/2754 1663/363/2754 1668/368/2755
f 1668/368/2755 1669/369/2755 1664/364/2754
f 1595/296/2756 1487/182/2756 1486/183/2756
f 1486/183/2756 1670/370/2756 1595/296/2756
f 1487/182/2757 1595/296/2757 1598/297/2757
f 1598/297/2757 1496/191/2757 1487/182/2757
f 1497/192/2758 1496/191/2758 1598/297/2758
f 1598/297/2758 1600/299/2758 1497/192/2758
f 1498/193/2759 1497/192/2759 1600/299/2759
f 1600/299/2759 1602/301/2759 1498/193/2759
f 1499/194/2760 1498/193/2760 1602/301/2760
f 1602/301/2760 1604/303/2760 1499/194/2760
f 1668/368/2761 1667/367/2761 1671/372/2761
f 1671/372/2761 1672/371/2761 1668/368/2761
f 1671/372/2762 1667/367/2762 1665/365/2762
f 1665/365/2762 1673/373/2762 1671/372/2762
f 1665/365/2763 1666/366/2763 1674/374/2763
f 1674/374/2763 1673/373/2763 1665/365/2763
f 1675/376/2764 1676/375/2764 1674/374/2764
f 1674/374/2764 1666/366/2764 1675/376/2764
f 1661/361/2765 1677/377/2765 1675/376/2765
f 1675/376/2765 1666/366/2765 1661/361/2765
f 1678/378/2766 1677/377/2766 1661/361/2766
f 1661/361/2766 1656/356/2766 1678/378/2766
f 1650/351/2767 1679/379/2767 1678/378/2768
f 1678/378/2768 1656/356/2769 1650/351/2767
f 1680/380/2770 1679/379/2771 1650/351/2772
f 1650/351/2772 1645/346/2773 1680/380/2770
f 1680/380/2774 1645/346/2775 1640/341/2776
f 1640/341/2776 1681/381/2777 1680/380/2774
f 1682/382/2778 1681/381/2779 1640/341/2779
f 1640/341/2779 1635/336/2780 1682/382/2778
f 1635/336/2781 1630/331/2782 1683/383/2782
f 1683/383/2782 1682/382/2781 1635/336/2781
f 1630/331/2783 1626/326/2783 1684/384/2784
f 1684/384/2784 1683/383/2785 1630/331/2783
f 1685/385/2786 1684/384/2786 1626/326/2786
f 1626/326/2786 1621/321/2786 1685/385/2786
f 1615/316/2787 1686/386/2788 1685/385/2789
f 1685/385/2789 1621/321/2789 1615/316/2787
f 1687/387/2790 1686/386/2790 1615/316/2790
f 1615/316/2790 1611/311/2790 1687/387/2790
f 1605/306/2791 1688/388/2791 1687/387/2791
f 1687/387/2791 1611/311/2791 1605/306/2791
f 1689/389/2792 1688/388/2792 1605/306/2792
f 1605/306/2792 1596/295/2792 1689/389/2792
f 1670/370/2793 1689/389/2793 1596/295/2793
f 1596/295/2793 1595/296/2793 1670/370/2793
f 1690/392/2794 1691/391/2794 1692/390/2794
f 1692/390/2794 1693/393/2794 1690/392/2794
f 1694/395/2795 1695/394/2795 1692/390/2795
f 1692/390/2795 1691/391/2795 1694/395/2795
f 1696/397/2796 1697/396/2796 1695/394/2796
f 1695/394/2796 1694/395/2796 1696/397/2796
f 1698/398/2797 1697/396/2798 1696/397/2798
f 1696/397/2798 1699/399/2799 1698/398/2797
f 1700/401/2800 1701/400/2800 1698/398/2800
f 1698/398/2800 1699/399/2801 1700/401/2800
f 1702/403/2802 1703/402/2803 1701/400/2802
f 1701/400/2802 1700/401/2804 1702/403/2802
f 1703/402/2805 1702/403/2806 1704/405/2807
f 1704/405/2807 1705/404/2808 1703/402/2805
f 1706/406/2809 1705/404/2810 1704/405/2811
f 1704/405/2811 1707/407/2810 1706/406/2809
f 1708/408/2812 1706/406/2813 1707/407/2814
f 1707/407/2814 1709/409/2815 1708/408/2812
f 1710/411/2816 1711/410/2816 1708/408/2816
f 1708/408/2816 1709/409/2816 1710/411/2816
f 1712/412/2817 1711/410/2817 1710/411/2817
f 1710/411/2817 1713/413/2817 1712/412/2817
f 1714/414/2818 1712/412/2818 1713/413/2818
f 1713/413/2818 1715/415/2818 1714/414/2818
f 1716/417/2819 1717/416/2820 1714/414/2819
f 1714/414/2819 1715/415/2819 1716/417/2819
f 1718/418/2821 1717/416/2821 1716/417/2821
f 1716/417/2821 1719/419/2821 1718/418/2821
f 1690/392/2822 1720/421/2822 1721/420/2822
f 1721/420/2822 1691/391/2822 1690/392/2822
f 1694/395/2823 1691/391/2823 1721/420/2823
f 1721/420/2823 1722/422/2823 1694/395/2823
f 1696/397/2824 1694/395/2824 1722/422/2824
f 1722/422/2824 1723/423/2824 1696/397/2824
f 1723/423/2825 1724/424/2825 1699/399/2825
f 1699/399/2825 1696/397/2825 1723/423/2825
f 1725/425/2826 1700/401/2826 1699/399/2826
f 1699/399/2826 1724/424/2827 1725/425/2826
f 1726/426/2828 1702/403/2829 1700/401/2830
f 1700/401/2830 1725/425/2830 1726/426/2828
f 1704/405/2831 1702/403/2832 1726/426/2833
f 1726/426/2833 1727/427/2834 1704/405/2831
f 1728/428/2835 1707/407/2836 1704/405/2837
f 1704/405/2837 1727/427/2836 1728/428/2835
f 1729/429/2838 1709/409/2839 1707/407/2839
f 1707/407/2839 1728/428/2839 1729/429/2838
f 1709/409/2840 1729/429/2840 1730/430/2840
f 1730/430/2840 1710/411/2840 1709/409/2840
f 1713/413/2841 1710/411/2841 1730/430/2841
f 1730/430/2841 1731/431/2841 1713/413/2841
f 1715/415/2842 1713/413/2842 1731/431/2842
f 1731/431/2842 1732/432/2842 1715/415/2842
f 1733/433/2843 1716/417/2843 1715/415/2843
f 1715/415/2843 1732/432/2843 1733/433/2843
f 1719/419/2844 1716/417/2845 1733/433/2845
f 1733/433/2845 1734/434/2844 1719/419/2844
f 1735/435/2846 1721/420/2846 1720/421/2846
f 1720/421/2846 1736/436/2846 1735/435/2846
f 1722/422/2847 1721/420/2847 1735/435/2847
f 1735/435/2847 1737/437/2847 1722/422/2847
f 1723/423/2848 1722/422/2848 1737/437/2848
f 1737/437/2848 1738/438/2848 1723/423/2848
f 1723/423/2849 1738/438/2849 1739/439/2849
f 1739/439/2849 1724/424/2849 1723/423/2849
f 1725/425/2850 1724/424/2851 1739/439/2851
f 1739/439/2851 1740/440/2850 1725/425/2850
f 1726/426/2852 1725/425/2853 1740/440/2854
f 1740/440/2854 1741/441/2855 1726/426/2852
f 1741/441/2856 1742/442/2857 1727/427/2858
f 1727/427/2858 1726/426/2856 1741/441/2856
f 1743/443/2859 1728/428/2860 1727/427/2859
f 1727/427/2859 1742/442/2859 1743/443/2859
f 1744/444/2861 1729/429/2861 1728/428/2861
f 1728/428/2861 1743/443/2861 1744/444/2861
f 1730/430/2862 1729/429/2863 1744/444/2863
f 1744/444/2863 1745/445/2863 1730/430/2862
f 1746/446/2864 1731/431/2864 1730/430/2864
f 1730/430/2864 1745/445/2864 1746/446/2864
f 1747/447/2865 1732/432/2865 1731/431/2865
f 1731/431/2865 1746/446/2865 1747/447/2865
f 1732/432/2866 1747/447/2866 1748/448/2866
f 1748/448/2866 1733/433/2866 1732/432/2866
f 1734/434/2867 1733/433/2867 1748/448/2867
f 1748/448/2867 1749/449/2867 1734/434/2867
f 1750/450/2868 1735/435/2868 1736/436/2868
f 1736/436/2868 1751/451/2868 1750/450/2868
f 1737/437/2869 1735/435/2869 1750/450/2869
f 1750/450/2869 1752/452/2869 1737/437/2869
f 1738/438/2870 1737/437/2870 1752/452/2870
f 1752/452/2870 1753/453/2870 1738/438/2870
f 1754/454/2871 1739/439/2871 1738/438/2871
f 1738/438/2871 1753/453/2872 1754/454/2871
f 1740/440/2873 1739/439/2873 1754/454/2873
f 1754/454/2873 1755/455/2874 1740/440/2873
f 1741/441/2875 1740/440/2875 1755/455/2876
f 1755/455/2876 1756/456/2877 1741/441/2875
f 1741/441/2878 1756/456/2878 1757/457/2879
f 1757/457/2879 1742/442/2878 1741/441/2878
f 1743/443/2880 1742/442/2881 1757/457/2882
f 1757/457/2882 1758/458/2883 1743/443/2880
f 1744/444/2884 1743/443/2885 1758/458/2885
f 1758/458/2885 1759/459/2886 1744/444/2884
f 1759/459/2887 1760/460/2887 1745/445/2887
f 1745/445/2887 1744/444/2888 1759/459/2887
f 1761/461/2889 1746/446/2889 1745/445/2889
f 1745/445/2889 1760/460/2889 1761/461/2889
f 1762/462/2890 1747/447/2891 1746/446/2890
f 1746/446/2890 1761/461/2892 1762/462/2890
f 1748/448/2893 1747/447/2893 1762/462/2893
f 1762/462/2893 1763/463/2893 1748/448/2893
f 1764/464/2894 1749/449/2894 1748/448/2894
f 1748/448/2894 1763/463/2894 1764/464/2894
f 1751/451/2895 1765/466/2895 1766/465/2895
f 1766/465/2895 1750/450/2895 1751/451/2895
f 1752/452/2896 1750/450/2896 1766/465/2896
f 1766/465/2896 1767/467/2896 1752/452/2896
f 1753/453/2897 1752/452/2897 1767/467/2897
f 1767/467/2897 1768/468/2897 1753/453/2897
f 1769/469/2898 1754/454/2898 1753/453/2898
f 1753/453/2898 1768/468/2898 1769/469/2898
f 1755/455/2899 1754/454/2899 1769/469/2899
f 1769/469/2899 1770/470/2899 1755/455/2899
f 1756/456/2900 1755/455/2900 1770/470/2901
f 1770/470/2901 1771/471/2900 1756/456/2900
f 1772/472/2902 1757/457/2903 1756/456/2904
f 1756/456/2904 1771/471/2905 1772/472/2902
f 1758/458/2906 1757/457/2907 1772/472/2908
f 1772/472/2908 1773/473/2909 1758/458/2906
f 1759/459/2910 1758/458/2911 1773/473/2910
f 1773/473/2910 1774/474/2912 1759/459/2910
f 1759/459/2913 1774/474/2913 1775/475/2913
f 1775/475/2913 1760/460/2913 1759/459/2913
f 1761/461/2914 1760/460/2914 1775/475/2915
f 1775/475/2915 1776/476/2914 1761/461/2914
f 1762/462/2916 1761/461/2916 1776/476/2916
f 1776/476/2916 1777/477/2916 1762/462/2916
f 1777/477/2917 1778/478/2917 1763/463/2917
f 1763/463/2917 1762/462/2917 1777/477/2917
f 1779/479/2918 1764/464/2918 1763/463/2918
f 1763/463/2918 1778/478/2918 1779/479/2918
f 1766/465/2919 1765/466/2919 1780/481/2919
f 1780/481/2919 1781/480/2919 1766/465/2919
f 1782/482/2920 1767/467/2921 1766/465/2921
f 1766/465/2921 1781/480/2922 1782/482/2920
f 1783/483/2923 1768/468/2923 1767/467/2923
f 1767/467/2923 1782/482/2923 1783/483/2923
f 1768/468/2924 1783/483/2925 1784/484/2924
f 1784/484/2924 1769/469/2926 1768/468/2924
f 1770/470/2927 1769/469/2928 1784/484/2929
f 1784/484/2929 1785/485/2927 1770/470/2927
f 1771/471/2930 1770/470/2930 1785/485/2930
f 1785/485/2930 1786/486/2931 1771/471/2930
f 1772/472/2932 1771/471/2933 1786/486/2934
f 1786/486/2934 1787/487/2935 1772/472/2932
f 1773/473/2936 1772/472/2936 1787/487/2936
f 1787/487/2936 1788/488/2936 1773/473/2936
f 1774/474/2937 1773/473/2937 1788/488/2937
f 1788/488/2937 1789/489/2937 1774/474/2937
f 1775/475/2938 1774/474/2938 1789/489/2938
f 1789/489/2938 1790/490/2938 1775/475/2938
f 1776/476/2939 1775/475/2940 1790/490/2941
f 1790/490/2941 1791/491/2939 1776/476/2939
f 1777/477/2942 1776/476/2942 1791/491/2942
f 1791/491/2942 1792/492/2942 1777/477/2942
f 1777/477/2943 1792/492/2943 1793/493/2943
f 1793/493/2943 1778/478/2943 1777/477/2943
f 1794/494/2944 1779/479/2944 1778/478/2944
f 1778/478/2944 1793/493/2944 1794/494/2944
f 1795/495/2945 1781/480/2945 1780/481/2946
f 1780/481/2946 1796/496/2946 1795/495/2945
f 1782/482/2947 1781/480/2948 1795/495/2949
f 1795/495/2949 1797/497/2950 1782/482/2947
f 1783/483/2951 1782/482/2952 1797/497/2953
f 1797/497/2953 1798/498/2954 1783/483/2951
f 1784/484/2955 1783/483/2955 1798/498/2955
f 1798/498/2955 1799/499/2955 1784/484/2955
f 1785/485/2956 1784/484/2957 1799/499/2958
f 1799/499/2958 1800/500/2956 1785/485/2956
f 1786/486/2959 1785/485/2959 1800/500/2959
f 1800/500/2959 1801/501/2959 1786/486/2959
f 1802/502/2960 1787/487/2961 1786/486/2960
f 1786/486/2960 1801/501/2960 1802/502/2960
f 1788/488/2962 1787/487/2963 1802/502/2964
f 1802/502/2964 1803/503/2965 1788/488/2962
f 1789/489/2966 1788/488/2966 1803/503/2967
f 1803/503/2967 1804/504/2966 1789/489/2966
f 1805/505/2968 1790/490/2969 1789/489/2970
f 1789/489/2970 1804/504/2971 1805/505/2968
f 1806/506/2972 1791/491/2972 1790/490/2973
f 1790/490/2973 1805/505/2974 1806/506/2972
f 1807/507/2975 1792/492/2975 1791/491/2976
f 1791/491/2976 1806/506/2977 1807/507/2975
f 1808/508/2978 1793/493/2978 1792/492/2978
f 1792/492/2978 1807/507/2978 1808/508/2978
f 1793/493/2979 1808/508/2979 1809/509/2979
f 1809/509/2979 1794/494/2979 1793/493/2979
f 1796/496/2980 1810/511/2980 1811/510/2980
f 1811/510/2980 1795/495/2980 1796/496/2980
f 1797/497/2981 1795/495/2982 1811/510/2981
f 1811/510/2981 1812/512/2981 1797/497/2981
f 1798/498/2983 1797/497/2983 1812/512/2983
f 1812/512/2983 1813/513/2983 1798/498/2983
f 1799/499/2984 1798/498/2985 1813/513/2984
f 1813/513/2984 1814/514/2984 1799/499/2984
f 1800/500/2986 1799/499/2986 1814/514/2986
f 1814/514/2986 1815/515/2986 1800/500/2986
f 1801/501/2987 1800/500/2988 1815/515/2989
f 1815/515/2989 1816/516/2989 1801/501/2987
f 1802/502/2990 1801/501/2990 1816/516/2991
f 1816/516/2991 1817/517/2990 1802/502/2990
f 1803/503/2992 1802/502/2992 1817/517/2993
f 1817/517/2993 1818/518/2992 1803/503/2992
f 1804/504/2994 1803/503/2995 1818/518/2996
f 1818/518/2996 1819/519/2997 1804/504/2994
f 1804/504/2998 1819/519/2999 1820/520/2999
f 1820/520/2999 1805/505/3000 1804/504/2998
f 1821/521/3001 1806/506/3001 1805/505/3002
f 1805/505/3002 1820/520/3002 1821/521/3001
f 1822/522/3003 1807/507/3004 1806/506/3005
f 1806/506/3005 1821/521/3006 1822/522/3003
f 1823/523/3007 1808/508/3007 1807/507/3008
f 1807/507/3008 1822/522/3007 1823/523/3007
f 1809/509/3009 1808/508/3010 1823/523/3010
f 1823/523/3010 1824/524/3011 1809/509/3009
f 1811/510/3012 1810/511/3012 1825/526/3013
f 1825/526/3013 1826/525/3012 1811/510/3012
f 1812/512/3014 1811/510/3014 1826/525/3014
f 1826/525/3014 1827/527/3014 1812/512/3014
f 1813/513/3015 1812/512/3016 1827/527/3015
f 1827/527/3015 1828/528/3015 1813/513/3015
f 1829/529/3017 1814/514/3017 1813/513/3017
f 1813/513/3017 1828/528/3018 1829/529/3017
f 1815/515/3019 1814/514/3020 1829/529/3019
f 1829/529/3019 1830/530/3019 1815/515/3019
f 1816/516/3021 1815/515/3021 1830/530/3021
f 1830/530/3021 1831/531/3021 1816/516/3021
f 1832/532/3022 1817/517/3023 1816/516/3023
f 1816/516/3023 1831/531/3023 1832/532/3022
f 1833/533/3024 1818/518/3024 1817/517/3025
f 1817/517/3025 1832/532/3025 1833/533/3024
f 1834/534/3026 1819/519/3027 1818/518/3026
f 1818/518/3026 1833/533/3027 1834/534/3026
f 1835/535/3028 1820/520/3028 1819/519/3029
f 1819/519/3029 1834/534/3030 1835/535/3028
f 1820/520/3031 1835/535/3031 1836/536/3031
f 1836/536/3031 1821/521/3031 1820/520/3031
f 1821/521/3032 1836/536/3032 1837/537/3032
f 1837/537/3032 1822/522/3032 1821/521/3032
f 1822/522/3033 1837/537/3033 1838/538/3033
f 1838/538/3033 1823/523/3033 1822/522/3033
f 1824/524/3034 1823/523/3034 1838/538/3034
f 1838/538/3034 1839/539/3035 1824/524/3034
f 1826/525/3036 1825/526/3036 1840/540/3036
f 1840/540/3036 1841/541/3036 1826/525/3036
f 1827/527/3037 1826/525/3037 1841/541/3037
f 1841/541/3037 1842/542/3037 1827/527/3037
f 1828/528/3038 1827/527/3038 1842/542/3038
f 1842/542/3038 1843/543/3038 1828/528/3038
f 1829/529/3039 1828/528/3039 1843/543/3039
f 1843/543/3039 1844/544/3039 1829/529/3039
f 1830/530/3040 1829/529/3040 1844/544/3040
f 1844/544/3040 1845/545/3040 1830/530/3040
f 1831/531/3041 1830/530/3041 1845/545/3042
f 1845/545/3042 1846/546/3041 1831/531/3041
f 1831/531/3043 1846/546/3044 1847/547/3044
f 1847/547/3044 1832/532/3043 1831/531/3043
f 1848/548/3045 1833/533/3046 1832/532/3047
f 1832/532/3047 1847/547/3045 1848/548/3045
f 1849/549/3048 1834/534/3048 1833/533/3048
f 1833/533/3048 1848/548/3049 1849/549/3048
f 1850/550/3050 1835/535/3051 1834/534/3051
f 1834/534/3051 1849/549/3050 1850/550/3050
f 1836/536/3052 1835/535/3053 1850/550/3053
f 1850/550/3053 1851/551/3053 1836/536/3052
f 1837/537/3054 1836/536/3054 1851/551/3054
f 1851/551/3054 1852/552/3054 1837/537/3054
f 1838/538/3055 1837/537/3056 1852/552/3055
f 1852/552/3055 1853/553/3055 1838/538/3055
f 1839/539/3057 1838/538/3057 1853/553/3057
f 1853/553/3057 1854/554/3057 1839/539/3057
f 1855/556/3058 1841/541/3058 1840/540/3059
f 1840/540/3059 1856/555/3059 1855/556/3058
f 1842/542/3060 1841/541/3060 1855/556/3060
f 1855/556/3060 1857/557/3060 1842/542/3060
f 1843/543/3061 1842/542/3061 1857/557/3061
f 1857/557/3061 1858/558/3061 1843/543/3061
f 1859/559/3062 1844/544/3062 1843/543/3062
f 1843/543/3062 1858/558/3062 1859/559/3062
f 1860/560/3063 1845/545/3063 1844/544/3063
f 1844/544/3063 1859/559/3063 1860/560/3063
f 1861/561/3064 1846/546/3064 1845/545/3065
f 1845/545/3065 1860/560/3064 1861/561/3064
f 1862/562/3066 1847/547/3067 1846/546/3067
f 1846/546/3067 1861/561/3068 1862/562/3066
f 1847/547/3069 1862/562/3070 1863/563/3069
f 1863/563/3069 1848/548/3071 1847/547/3069
f 1848/548/3072 1863/563/3073 1864/564/3074
f 1864/564/3074 1849/549/3075 1848/548/3072
f 1849/549/3076 1864/564/3076 1865/565/3076
f 1865/565/3076 1850/550/3076 1849/549/3076
f 1851/551/3077 1850/550/3077 1865/565/3077
f 1865/565/3077 1866/566/3077 1851/551/3077
f 1852/552/3078 1851/551/3078 1866/566/3078
f 1866/566/3078 1867/567/3078 1852/552/3078
f 1853/553/3079 1852/552/3079 1867/567/3079
f 1867/567/3079 1868/568/3079 1853/553/3079
f 1854/554/3080 1853/553/3080 1868/568/3080
f 1868/568/3080 1869/569/3080 1854/554/3080
f 1855/556/3081 1856/555/3081 1870/570/3081
f 1870/570/3081 1871/571/3081 1855/556/3081
f 1857/557/3082 1855/556/3082 1871/571/3082
f 1871/571/3082 1872/572/3082 1857/557/3082
f 1858/558/3083 1857/557/3083 1872/572/3083
f 1872/572/3083 1873/573/3083 1858/558/3083
f 1858/558/3084 1873/573/3084 1874/574/3084
f 1874/574/3084 1859/559/3084 1858/558/3084
f 1875/575/3085 1860/560/3085 1859/559/3085
f 1859/559/3085 1874/574/3085 1875/575/3085
f 1876/576/3086 1861/561/3086 1860/560/3086
f 1860/560/3086 1875/575/3087 1876/576/3086
f 1877/577/3088 1862/562/3089 1861/561/3088
f 1861/561/3088 1876/576/3088 1877/577/3088
f 1863/563/3090 1862/562/3091 1877/577/3092
f 1877/577/3092 1878/578/3093 1863/563/3090
f 1864/564/3094 1863/563/3095 1878/578/3095
f 1878/578/3095 1879/579/3095 1864/564/3094
f 1865/565/3096 1864/564/3096 1879/579/3096
f 1879/579/3096 1880/580/3096 1865/565/3096
f 1866/566/3097 1865/565/3097 1880/580/3097
f 1880/580/3097 1881/581/3097 1866/566/3097
f 1867/567/3098 1866/566/3098 1881/581/3098
f 1881/581/3098 1882/582/3098 1867/567/3098
f 1883/583/3099 1868/568/3099 1867/567/3099
f 1867/567/3099 1882/582/3099 1883/583/3099
f 1869/569/3100 1868/568/3100 1883/583/3100
f 1883/583/3100 1884/584/3100 1869/569/3100
f 1885/586/3101 1871/571/3101 1870/570/3101
f 1870/570/3101 1886/585/3101 1885/586/3101
f 1887/587/3102 1872/572/3102 1871/571/3102
f 1871/571/3102 1885/586/3102 1887/587/3102
f 1888/588/3103 1873/573/3103 1872/572/3103
f 1872/572/3103 1887/587/3103 1888/588/3103
f 1889/589/3104 1874/574/3104 1873/573/3104
f 1873/573/3104 1888/588/3104 1889/589/3104
f 1874/574/3105 1889/589/3105 1890/590/3105
f 1890/590/3105 1875/575/3105 1874/574/3105
f 1875/575/3106 1890/590/3106 1891/591/3106
f 1891/591/3106 1876/576/3107 1875/575/3106
f 1876/576/3108 1891/591/3109 1892/592/3108
f 1892/592/3108 1877/577/3110 1876/576/3108
f 1878/578/3111 1877/577/3112 1892/592/3113
f 1892/592/3113 1893/593/3114 1878/578/3111
f 1879/579/3115 1878/578/3116 1893/593/3116
f 1893/593/3116 1894/594/3116 1879/579/3115
f 1880/580/3117 1879/579/3117 1894/594/3117
f 1894/594/3117 1895/595/3117 1880/580/3117
f 1881/581/3118 1880/580/3118 1895/595/3118
f 1895/595/3118 1896/596/3118 1881/581/3118
f 1882/582/3119 1881/581/3119 1896/596/3119
f 1896/596/3119 1897/597/3119 1882/582/3119
f 1883/583/3120 1882/582/3120 1897/597/3120
f 1897/597/3120 1898/598/3120 1883/583/3120
f 1884/584/3121 1883/583/3122 1898/598/3121
f 1898/598/3121 1899/599/3121 1884/584/3121
f 1886/585/3123 1900/600/3123 1901/601/3123
f 1901/601/3123 1885/586/3123 1886/585/3123
f 1902/602/3124 1887/587/3124 1885/586/3124
f 1885/586/3124 1901/601/3124 1902/602/3124
f 1903/603/3125 1888/588/3125 1887/587/3126
f 1887/587/3126 1902/602/3125 1903/603/3125
f 1903/603/3127 1904/604/3127 1889/589/3127
f 1889/589/3127 1888/588/3127 1903/603/3127
f 1905/605/3128 1890/590/3129 1889/589/3129
f 1889/589/3129 1904/604/3129 1905/605/3128
f 1906/606/3130 1891/591/3131 1890/590/3132
f 1890/590/3132 1905/605/3133 1906/606/3130
f 1892/592/3134 1891/591/3135 1906/606/3136
f 1906/606/3136 1907/607/3137 1892/592/3134
f 1908/608/3138 1893/593/3138 1892/592/3139
f 1892/592/3139 1907/607/3140 1908/608/3138
f 1909/609/3141 1894/594/3141 1893/593/3142
f 1893/593/3142 1908/608/3143 1909/609/3141
f 1910/610/3144 1895/595/3145 1894/594/3145
f 1894/594/3145 1909/609/3145 1910/610/3144
f 1911/611/3146 1896/596/3147 1895/595/3147
f 1895/595/3147 1910/610/3147 1911/611/3146
f 1912/612/3148 1897/597/3148 1896/596/3148
f 1896/596/3148 1911/611/3148 1912/612/3148
f 1913/613/3149 1898/598/3149 1897/597/3149
f 1897/597/3149 1912/612/3150 1913/613/3149
f 1914/614/3151 1899/599/3151 1898/598/3151
f 1898/598/3151 1913/613/3151 1914/614/3151
f 1915/616/3152 1458/615/3152 1457/617/3152
f 1457/617/3152 1693/393/3152 1915/616/3152
f 1692/390/3153 1916/618/3153 1915/616/3153
f 1915/616/3153 1693/393/3153 1692/390/3153
f 1695/394/3154 1917/619/3155 1916/618/3155
f 1916/618/3155 1692/390/3156 1695/394/3154
f 1917/619/3157 1695/394/3157 1697/396/3158
f 1697/396/3158 1918/620/3158 1917/619/3157
f 1698/398/3159 1919/621/3160 1918/620/3161
f 1918/620/3161 1697/396/3162 1698/398/3159
f 1701/400/3163 1920/622/3164 1919/621/3163
f 1919/621/3163 1698/398/3165 1701/400/3163
f 1920/622/3166 1701/400/3167 1703/402/3168
f 1703/402/3168 1921/623/3169 1920/622/3166
f 1922/624/3170 1921/623/3170 1703/402/3170
f 1703/402/3170 1705/404/3170 1922/624/3170
f 1923/625/3171 1922/624/3172 1705/404/3171
f 1705/404/3171 1706/406/3173 1923/625/3171
f 1923/625/3174 1706/406/3175 1708/408/3174
f 1708/408/3174 1924/626/3174 1923/625/3174
f 1711/410/3176 1925/627/3177 1924/626/3178
f 1924/626/3178 1708/408/3179 1711/410/3176
f 1926/628/3180 1925/627/3181 1711/410/3182
f 1711/410/3182 1712/412/3181 1926/628/3180
f 1714/414/3183 1927/629/3184 1926/628/3184
f 1926/628/3184 1712/412/3184 1714/414/3183
f 1717/416/3185 1928/630/3186 1927/629/3186
f 1927/629/3186 1714/414/3186 1717/416/3185
f 1929/631/3187 1928/630/3187 1717/416/3188
f 1717/416/3188 1718/418/3187 1929/631/3187
f 1930/632/3189 1931/633/3189 1929/631/3189
f 1929/631/3189 1718/418/3189 1930/632/3189
f 1930/632/3190 1718/418/3190 1719/419/3190
f 1719/419/3190 1932/634/3190 1930/632/3190
f 1932/634/3191 1719/419/3191 1734/434/3191
f 1734/434/3191 1933/635/3191 1932/634/3191
f 1933/635/3192 1734/434/3192 1749/449/3192
f 1749/449/3192 1934/636/3192 1933/635/3192
f 1935/637/3193 1934/636/3193 1749/449/3193
f 1749/449/3193 1764/464/3193 1935/637/3193
f 1936/638/3194 1935/637/3195 1764/464/3195
f 1764/464/3195 1779/479/3195 1936/638/3194
f 1794/494/3196 1937/639/3196 1936/638/3196
f 1936/638/3196 1779/479/3196 1794/494/3196
f 1809/509/3197 1938/640/3197 1937/639/3197
f 1937/639/3197 1794/494/3197 1809/509/3197
f 1824/524/3198 1939/641/3198 1938/640/3199
f 1938/640/3199 1809/509/3198 1824/524/3198
f 1824/524/3200 1839/539/3200 1940/642/3200
f 1940/642/3200 1939/641/3200 1824/524/3200
f 1854/554/3201 1941/643/3201 1940/642/3201
f 1940/642/3201 1839/539/3201 1854/554/3201
f 1869/569/3202 1942/644/3203 1941/643/3203
f 1941/643/3203 1854/554/3203 1869/569/3202
f 1869/569/3204 1884/584/3204 1943/645/3204
f 1943/645/3204 1942/644/3204 1869/569/3204
f 1899/599/3205 1944/646/3205 1943/645/3205
f 1943/645/3205 1884/584/3205 1899/599/3205
f 1914/614/3206 1945/647/3206 1944/646/3206
f 1944/646/3206 1899/599/3207 1914/614/3206
f 1576/649/3208 1575/648/3208 1945/647/3208
f 1945/647/3208 1914/614/3208 1576/649/3208
f 1913/613/3209 1594/650/3209 1576/649/3209
f 1576/649/3209 1914/614/3209 1913/613/3209
f 1912/612/3210 1593/651/3210 1594/650/3210
f 1594/650/3210 1913/613/3210 1912/612/3210
f 1912/612/3211 1911/611/3212 1592/652/3213
f 1592/652/3213 1593/651/3211 1912/612/3211
f 1910/610/3214 1591/653/3215 1592/652/3215
f 1592/652/3215 1911/611/3215 1910/610/3214
f 1909/609/3216 1590/654/3217 1591/653/3218
f 1591/653/3218 1910/610/3219 1909/609/3216
f 1909/609/3220 1908/608/3221 1589/655/3222
f 1589/655/3222 1590/654/3221 1909/609/3220
f 1907/607/3223 1588/656/3223 1589/655/3224
f 1589/655/3224 1908/608/3224 1907/607/3223
f 1906/606/3225 1587/657/3225 1588/656/3226
f 1588/656/3226 1907/607/3225 1906/606/3225
f 1906/606/3227 1905/605/3228 1586/658/3229
f 1586/658/3229 1587/657/3228 1906/606/3227
f 1904/604/3230 1585/659/3231 1586/658/3232
f 1586/658/3232 1905/605/3233 1904/604/3230
f 1585/659/3234 1904/604/3235 1903/603/3236
f 1903/603/3236 1584/660/3237 1585/659/3234
f 1584/660/3238 1903/603/3238 1902/602/3238
f 1902/602/3238 1583/661/3238 1584/660/3238
f 1902/602/3239 1901/601/3239 1582/662/3239
f 1582/662/3239 1583/661/3239 1902/602/3239
f 1900/600/3240 1581/663/3240 1582/662/3240
f 1582/662/3240 1901/601/3240 1900/600/3240
f 1475/665/3241 1474/664/3241 1581/663/3241
f 1581/663/3241 1900/600/3241 1475/665/3241
f 1480/666/3242 1475/665/3243 1900/600/3242
f 1900/600/3242 1886/585/3244 1480/666/3242
f 1886/585/3245 1870/570/3245 1481/667/3246
f 1481/667/3246 1480/666/3245 1886/585/3245
f 1856/555/3247 1482/668/3247 1481/667/3247
f 1481/667/3247 1870/570/3247 1856/555/3247
f 1856/555/3248 1840/540/3248 1483/669/3248
f 1483/669/3248 1482/668/3248 1856/555/3248
f 1484/670/3249 1483/669/3249 1840/540/3249
f 1840/540/3249 1825/526/3249 1484/670/3249
f 1485/671/3250 1484/670/3250 1825/526/3251
f 1825/526/3251 1810/511/3251 1485/671/3250
f 1810/511/3252 1796/496/3252 1466/672/3252
f 1466/672/3252 1485/671/3252 1810/511/3252
f 1465/673/3253 1466/672/3254 1796/496/3254
f 1796/496/3254 1780/481/3254 1465/673/3253
f 1765/466/3255 1464/674/3255 1465/673/3255
f 1465/673/3255 1780/481/3255 1765/466/3255
f 1463/675/3256 1464/674/3256 1765/466/3257
f 1765/466/3257 1751/451/3258 1463/675/3256
f 1736/436/3259 1462/676/3259 1463/675/3259
f 1463/675/3259 1751/451/3259 1736/436/3259
f 1461/677/3260 1462/676/3260 1736/436/3260
f 1736/436/3260 1720/421/3260 1461/677/3260
f 1460/678/3261 1461/677/3261 1720/421/3261
f 1720/421/3261 1690/392/3261 1460/678/3261
f 1457/617/3262 1460/678/3263 1690/392/3263
f 1690/392/3263 1693/393/3263 1457/617/3262
f 1946/682/3264 1947/681/3264 1948/680/3264
f 1948/680/3264 1949/679/3264 1946/682/3264
f 1947/681/3265 1946/682/3266 1950/684/3265
f 1950/684/3265 1951/683/3265 1947/681/3265
f 1952/686/3267 1953/685/3268 1951/683/3267
f 1951/683/3267 1950/684/3269 1952/686/3267
f 1954/688/3270 1955/687/3270 1953/685/3270
f 1953/685/3270 1952/686/3270 1954/688/3270
f 1955/687/3271 1954/688/3271 1956/690/3271
f 1956/690/3271 1957/689/3271 1955/687/3271
f 1957/689/3272 1956/690/3272 1958/691/3272
f 1958/691/3272 1959/692/3272 1957/689/3272
f 1960/694/3273 1961/693/3274 1959/692/3273
f 1959/692/3273 1958/691/3273 1960/694/3273
f 1962/695/3275 1946/682/3275 1949/679/3276
f 1949/679/3276 1963/696/3275 1962/695/3275
f 1946/682/3277 1962/695/3277 1964/697/3277
f 1964/697/3277 1950/684/3277 1946/682/3277
f 1965/698/3278 1952/686/3278 1950/684/3278
f 1950/684/3278 1964/697/3278 1965/698/3278
f 1952/686/3279 1965/698/3279 1966/699/3279
f 1966/699/3279 1954/688/3279 1952/686/3279
f 1967/700/3280 1956/690/3280 1954/688/3280
f 1954/688/3280 1966/699/3280 1967/700/3280
f 1958/691/3281 1956/690/3281 1967/700/3281
f 1967/700/3281 1968/701/3281 1958/691/3281
f 1969/702/3282 1960/694/3283 1958/691/3283
f 1958/691/3283 1968/701/3282 1969/702/3282
f 1963/696/3284 1970/703/3284 1971/704/3284
f 1971/704/3284 1962/695/3284 1963/696/3284
f 1962/695/3285 1971/704/3285 1972/705/3286
f 1972/705/3286 1964/697/3285 1962/695/3285
f 1964/697/3287 1972/705/3287 1973/706/3287
f 1973/706/3287 1965/698/3287 1964/697/3287
f 1965/698/3288 1973/706/3288 1974/707/3288
f 1974/707/3288 1966/699/3288 1965/698/3288
f 1966/699/3289 1974/707/3289 1975/708/3289
f 1975/708/3289 1967/700/3289 1966/699/3289
f 1968/701/3290 1967/700/3290 1975/708/3290
f 1975/708/3290 1976/709/3290 1968/701/3290
f 1968/701/3291 1976/709/3291 1977/710/3291
f 1977/710/3291 1969/702/3291 1968/701/3291
f 1978/711/3292 1971/704/3293 1970/703/3292
f 1970/703/3292 1979/712/3293 1978/711/3292
f 1971/704/3294 1978/711/3294 1980/713/3294
f 1980/713/3294 1972/705/3294 1971/704/3294
f 1972/705/3295 1980/713/3295 1981/714/3295
f 1981/714/3295 1973/706/3295 1972/705/3295
f 1982/715/3296 1974/707/3296 1973/706/3296
f 1973/706/3296 1981/714/3296 1982/715/3296
f 1974/707/3297 1982/715/3297 1983/716/3297
f 1983/716/3297 1975/708/3298 1974/707/3297
f 1984/717/3299 1976/709/3299 1975/708/3299
f 1975/708/3299 1983/716/3299 1984/717/3299
f 1976/709/3300 1984/717/3300 1985/718/3300
f 1985/718/3300 1977/710/3300 1976/709/3300
f 1986/719/3301 1978/711/3302 1979/712/3302
f 1979/712/3302 1987/720/3303 1986/719/3301
f 1978/711/3304 1986/719/3305 1988/721/3305
f 1988/721/3305 1980/713/3305 1978/711/3304
f 1989/722/3306 1981/714/3306 1980/713/3306
f 1980/713/3306 1988/721/3306 1989/722/3306
f 1990/723/3307 1982/715/3307 1981/714/3307
f 1981/714/3307 1989/722/3307 1990/723/3307
f 1982/715/3308 1990/723/3308 1991/724/3308
f 1991/724/3308 1983/716/3308 1982/715/3308
f 1983/716/3309 1991/724/3309 1992/725/3309
f 1992/725/3309 1984/717/3309 1983/716/3309
f 1984/717/3310 1992/725/3311 1993/726/3312
f 1993/726/3312 1985/718/3313 1984/717/3310
f 1994/727/3314 1986/719/3301 1987/720/3303
f 1987/720/3303 1995/728/3315 1994/727/3314
f 1986/719/3316 1994/727/3316 1996/729/3316
f 1996/729/3316 1988/721/3316 1986/719/3316
f 1988/721/3317 1996/729/3317 1997/730/3317
f 1997/730/3317 1989/722/3317 1988/721/3317
f 1998/731/3318 1990/723/3318 1989/722/3318
f 1989/722/3318 1997/730/3318 1998/731/3318
f 1999/732/3319 1991/724/3319 1990/723/3319
f 1990/723/3319 1998/731/3319 1999/732/3319
f 1992/725/3320 1991/724/3320 1999/732/3321
f 1999/732/3321 2000/733/3321 1992/725/3320
f 2001/736/3322 2002/735/3322 2003/734/3322
f 2003/734/3322 2004/737/3322 2001/736/3322
f 2002/735/3323 2001/736/3324 2005/739/3323
f 2005/739/3323 2006/738/3325 2002/735/3323
f 2006/738/3326 2005/739/3327 2007/741/3326
f 2007/741/3326 2008/740/3326 2006/738/3326
f 2009/742/3328 2001/736/3329 2004/737/3328
f 2004/737/3328 2010/743/3330 2009/742/3328
f 2011/744/3331 2005/739/3332 2001/736/3333
f 2001/736/3333 2009/742/3331 2011/744/3331
f 2005/739/3334 2011/744/3334 2012/745/3334
f 2012/745/3334 2007/741/3334 2005/739/3334
f 2013/746/3335 2009/742/3336 2010/743/3335
f 2010/743/3335 2014/747/3337 2013/746/3335
f 2009/742/3338 2013/746/3338 2015/748/3338
f 2015/748/3338 2011/744/3338 2009/742/3338
f 2011/744/3339 2015/748/3340 2016/749/3341
f 2016/749/3341 2012/745/3342 2011/744/3339
f 2012/745/3343 2016/749/3344 2017/750/3343
f 2017/750/3343 2018/751/3343 2012/745/3343
f 2019/752/3345 2013/746/3346 2014/747/3345
f 2014/747/3345 2020/753/3347 2019/752/3345
f 2013/746/3348 2019/752/3348 2021/754/3348
f 2021/754/3348 2015/748/3348 2013/746/3348
f 2015/748/3349 2021/754/3349 2022/755/3349
f 2022/755/3349 2016/749/3349 2015/748/3349
f 2016/749/3350 2022/755/3351 2023/756/3352
f 2023/756/3352 2017/750/3352 2016/749/3350
f 2024/757/3353 2019/752/3353 2020/753/3353
f 2020/753/3353 2025/758/3353 2024/757/3353
f 2019/752/3354 2024/757/3355 2026/759/3356
f 2026/759/3356 2021/754/3355 2019/752/3354
f 2027/760/3357 2022/755/3357 2021/754/3357
f 2021/754/3357 2026/759/3357 2027/760/3357
f 2028/761/3358 2023/756/3359 2022/755/3359
f 2022/755/3359 2027/760/3360 2028/761/3358
f 2029/762/3361 2024/757/3361 2025/758/3361
f 2025/758/3361 2030/763/3362 2029/762/3361
f 2031/764/3363 2026/759/3364 2024/757/3363
f 2024/757/3363 2029/762/3365 2031/764/3363
f 2027/760/3366 2026/759/3367 2031/764/3367
f 2031/764/3367 2032/765/3367 2027/760/3366
f 2033/766/3368 2028/761/3369 2027/760/3370
f 2027/760/3370 2032/765/3369 2033/766/3368
f 2034/768/3371 2035/767/3371 2036/770/3372
f 2036/770/3372 2037/769/3371 2034/768/3371
f 2038/772/3373 2039/771/3373 2037/769/3373
f 2037/769/3373 2036/770/3373 2038/772/3373
f 2039/771/3374 2038/772/3374 2040/774/3374
f 2040/774/3374 2041/773/3374 2039/771/3374
f 2042/776/3375 2043/775/3375 2041/773/3375
f 2041/773/3375 2040/774/3375 2042/776/3375
f 2043/775/3376 2042/776/3376 2044/778/3376
f 2044/778/3376 2045/777/3376 2043/775/3376
f 2046/780/3377 2047/779/3377 2045/777/3377
f 2045/777/3377 2044/778/3377 2046/780/3377
f 2047/779/3378 2046/780/3378 2048/782/3378
f 2048/782/3378 2049/781/3378 2047/779/3378
f 2050/783/3379 2036/770/3379 2035/767/3379
f 2035/767/3379 2051/784/3379 2050/783/3379
f 2036/770/3380 2050/783/3381 2052/785/3380
f 2052/785/3380 2038/772/3382 2036/770/3380
f 2053/786/3383 2040/774/3384 2038/772/3383
f 2038/772/3383 2052/785/3385 2053/786/3383
f 2054/787/3386 2042/776/3387 2040/774/3387
f 2040/774/3387 2053/786/3386 2054/787/3386
f 2042/776/3388 2054/787/3388 2055/788/3388
f 2055/788/3388 2044/778/3388 2042/776/3388
f 2056/789/3389 2046/780/3389 2044/778/3389
f 2044/778/3389 2055/788/3389 2056/789/3389
f 2046/780/3390 2056/789/3390 2057/790/3390
f 2057/790/3390 2048/782/3390 2046/780/3390
f 2051/784/3391 2058/792/3392 2059/791/3391
f 2059/791/3391 2050/783/3393 2051/784/3391
f 2060/793/3394 2052/785/3395 2050/783/3394
f 2050/783/3394 2059/791/3394 2060/793/3394
f 2052/785/3396 2060/793/3397 2061/794/3396
f 2061/794/3396 2053/786/3396 2052/785/3396
f 2062/795/3398 2054/787/3399 2053/786/3398
f 2053/786/3398 2061/794/3400 2062/795/3398
f 2063/796/3401 2055/788/3401 2054/787/3401
f 2054/787/3401 2062/795/3401 2063/796/3401
f 2056/789/3402 2055/788/3403 2063/796/3404
f 2063/796/3404 2064/797/3403 2056/789/3402
f 2057/790/3405 2056/789/3405 2064/797/3405
f 2064/797/3405 2065/798/3405 2057/790/3405
f 2067/799/3406 2063/796/3406 2062/795/3406
f 2064/797/3407 2063/796/3407 2067/799/3407
f 2065/798/3408 2064/797/3409 2068/801/3410
f 2068/801/3410 2069/802/3411 2065/798/3408
f 2070/803/3412 2071/806/3412 2072/805/3412
f 2072/805/3412 2073/804/3412 2070/803/3412
f 2074/807/3413 2070/803/3414 2073/804/3415
f 2073/804/3415 2075/808/3414 2074/807/3413
f 2076/810/3416 2077/809/3417 2074/807/3417
f 2074/807/3417 2075/808/3417 2076/810/3416
f 2078/811/3418 2077/809/3419 2076/810/3419
f 2076/810/3419 2079/812/3419 2078/811/3418
f 2080/813/3420 2078/811/3420 2079/812/3420
f 2079/812/3420 2081/814/3420 2080/813/3420
f 2080/813/3421 2081/814/3421 2082/816/3421
f 2082/816/3421 2083/815/3421 2080/813/3421
f 2084/817/3422 2083/815/3423 2082/816/3423
f 2082/816/3423 2085/818/3424 2084/817/3422
f 2086/820/3425 2073/804/3425 2072/805/3425
f 2072/805/3425 2087/819/3425 2086/820/3425
f 2075/808/3426 2073/804/3426 2086/820/3426
f 2086/820/3426 2088/821/3426 2075/808/3426
f 2076/810/3427 2075/808/3427 2088/821/3428
f 2088/821/3428 2089/822/3427 2076/810/3427
f 2090/823/3429 2079/812/3430 2076/810/3429
f 2076/810/3429 2089/822/3429 2090/823/3429
f 2081/814/3431 2079/812/3431 2090/823/3431
f 2090/823/3431 2091/824/3431 2081/814/3431
f 2082/816/3432 2081/814/3432 2091/824/3432
f 2091/824/3432 2092/825/3432 2082/816/3432
f 2082/816/3433 2092/825/3433 2093/826/3434
f 2093/826/3434 2085/818/3433 2082/816/3433
f 2086/820/3435 2087/819/3435 2094/828/3435
f 2094/828/3435 2095/827/3435 2086/820/3435
f 2096/829/3436 2088/821/3436 2086/820/3436
f 2086/820/3436 2095/827/3436 2096/829/3436
f 2089/822/3437 2088/821/3437 2096/829/3437
f 2096/829/3437 2097/830/3437 2089/822/3437
f 2090/823/3438 2089/822/3438 2097/830/3438
f 2097/830/3438 2098/831/3438 2090/823/3438
f 2099/832/3439 2091/824/3439 2090/823/3439
f 2090/823/3439 2098/831/3439 2099/832/3439
f 2092/825/3440 2091/824/3440 2099/832/3440
f 2099/832/3440 2100/833/3440 2092/825/3440
f 2093/826/3441 2092/825/3441 2100/833/3442
f 2100/833/3442 2101/834/3441 2093/826/3441
f 2095/827/3443 2094/828/3443 2102/836/3443
f 2102/836/3443 2103/835/3443 2095/827/3443
f 2096/829/3444 2095/827/3444 2103/835/3444
f 2103/835/3444 2104/837/3444 2096/829/3444
f 2096/829/3445 2104/837/3445 2105/838/3445
f 2105/838/3445 2097/830/3445 2096/829/3445
f 2098/831/3446 2097/830/3446 2105/838/3446
f 2105/838/3446 2106/839/3446 2098/831/3446
f 2099/832/3447 2098/831/3447 2106/839/3447
f 2106/839/3447 2107/840/3447 2099/832/3447
f 2099/832/3448 2107/840/3449 2108/841/3448
f 2108/841/3448 2100/833/3449 2099/832/3448
f 2101/834/3450 2100/833/3451 2108/841/3451
f 2108/841/3451 2109/842/3451 2101/834/3450
f 2102/836/3452 2110/844/3452 2111/843/3452
f 2111/843/3452 2103/835/3452 2102/836/3452
f 2104/837/3453 2103/835/3453 2111/843/3453
f 2111/843/3453 2112/845/3453 2104/837/3453
f 2105/838/3454 2104/837/3454 2112/845/3454
f 2112/845/3454 2113/846/3454 2105/838/3454
f 2105/838/3455 2113/846/3455 2114/847/3455
f 2114/847/3455 2106/839/3455 2105/838/3455
f 2107/840/3456 2106/839/3456 2114/847/3456
f 2114/847/3456 2115/848/3456 2107/840/3456
f 2108/841/3457 2107/840/3458 2115/848/3459
f 2115/848/3459 2116/849/3457 2108/841/3457
f 2117/850/3460 2109/842/3460 2108/841/3460
f 2108/841/3460 2116/849/3460 2117/850/3460
f 2111/843/3461 2110/844/3461 2118/852/3461
f 2118/852/3461 2119/851/3461 2111/843/3461
f 2120/853/3462 2112/845/3462 2111/843/3462
f 2111/843/3462 2119/851/3462 2120/853/3462
f 2113/846/3463 2112/845/3463 2120/853/3464
f 2120/853/3464 2121/854/3463 2113/846/3463
f 2114/847/3465 2113/846/3465 2121/854/3466
f 2121/854/3466 2122/855/3465 2114/847/3465
f 2123/856/3467 2115/848/3468 2114/847/3469
f 2114/847/3469 2122/855/3468 2123/856/3467
f 2116/849/3470 2115/848/3471 2123/856/3470
f 2123/856/3470 2124/857/3470 2116/849/3470
f 2117/850/3472 2116/849/3473 2124/857/3472
f 2124/857/3472 2125/858/3474 2117/850/3472
f 1960/694/3475 2029/762/3475 2030/763/3476
f 2030/763/3476 1961/693/3475 1960/694/3475
f 1969/702/3477 2031/764/3477 2029/762/3477
f 2029/762/3477 1960/694/3477 1969/702/3477
f 2032/765/3478 2031/764/3478 1969/702/3478
f 1969/702/3478 1977/710/3478 2032/765/3478
f 1985/718/3479 2033/766/3479 2032/765/3479
f 2032/765/3479 1977/710/3480 1985/718/3479
f 2118/852/3481 2049/781/3481 2048/782/3481
f 2048/782/3481 2119/851/3481 2118/852/3481
f 2057/790/3482 2120/853/3482 2119/851/3483
f 2119/851/3483 2048/782/3484 2057/790/3482
f 2121/854/3485 2120/853/3486 2057/790/3487
f 2057/790/3487 2065/798/3486 2121/854/3485
f 2069/802/3488 2122/855/3488 2121/854/3488
f 2121/854/3488 2065/798/3488 2069/802/3488
f 2122/855/3489 2069/802/3490 2126/859/3489
f 2126/859/3489 2123/856/3491 2122/855/3489
f 2085/818/3424 1994/727/3314 1995/728/3315
f 1995/728/3315 2084/817/3422 2085/818/3424
f 2093/826/3492 1996/729/3492 1994/727/3493
f 1994/727/3493 2085/818/3492 2093/826/3492
f 2101/834/3494 1997/730/3494 1996/729/3494
f 1996/729/3494 2093/826/3494 2101/834/3494
f 2109/842/3495 1998/731/3495 1997/730/3495
f 1997/730/3495 2101/834/3495 2109/842/3495
f 2117/850/3496 1999/732/3496 1998/731/3496
f 1998/731/3496 2109/842/3496 2117/850/3496
f 2125/858/3497 2000/733/3497 1999/732/3497
f 1999/732/3497 2117/850/3498 2125/858/3497
f 2127/862/3499 2128/861/3499 2129/860/3499
f 2129/860/3499 1948/680/3500 2127/862/3499
f 1947/681/3501 2130/863/3501 2127/862/3501
f 2127/862/3501 1948/680/3501 1947/681/3501
f 1951/683/3502 2131/864/3502 2130/863/3502
f 2130/863/3502 1947/681/3502 1951/683/3502
f 1951/683/3503 1953/685/3503 2132/865/3503
f 2132/865/3503 2131/864/3503 1951/683/3503
f 1955/687/3504 2133/866/3505 2132/865/3504
f 2132/865/3504 1953/685/3504 1955/687/3504
f 1957/689/3506 2134/867/3506 2133/866/3506
f 2133/866/3506 1955/687/3506 1957/689/3506
f 1957/689/3507 1959/692/3507 2135/868/3507
f 2135/868/3507 2134/867/3507 1957/689/3507
f 1961/693/3508 2136/869/3508 2135/868/3508
f 2135/868/3508 1959/692/3508 1961/693/3508
f 2129/860/3509 2137/870/3510 1949/679/3511
f 1949/679/3511 1948/680/3510 2129/860/3509
f 1949/679/3512 2137/870/3512 2138/871/3512
f 2138/871/3512 1963/696/3512 1949/679/3512
f 2138/871/3513 2139/872/3513 1970/703/3513
f 1970/703/3513 1963/696/3513 2138/871/3513
f 1979/712/3514 1970/703/3514 2139/872/3514
f 2139/872/3514 2140/873/3514 1979/712/3514
f 2141/874/3515 1987/720/3516 1979/712/3517
f 1979/712/3517 2140/873/3517 2141/874/3515
f 2142/875/3518 1995/728/3519 1987/720/3516
f 1987/720/3516 2141/874/3515 2142/875/3518
f 2143/876/3520 2084/817/3521 1995/728/3519
f 1995/728/3519 2142/875/3518 2143/876/3520
f 1674/374/3522 1676/375/3523 2144/877/3522
f 2144/877/3522 2003/734/3523 1674/374/3522
f 2002/735/3524 1673/373/3524 1674/374/3524
f 1674/374/3524 2003/734/3524 2002/735/3524
f 2006/738/3525 1671/372/3525 1673/373/3525
f 1673/373/3525 2002/735/3525 2006/738/3525
f 2008/740/3526 1672/371/3526 1671/372/3527
f 1671/372/3527 2006/738/3526 2008/740/3526
f 2003/734/3528 2144/877/3528 2145/878/3528
f 2145/878/3528 2004/737/3529 2003/734/3528
f 2145/878/3530 2146/879/3531 2010/743/3530
f 2010/743/3530 2004/737/3530 2145/878/3530
f 2146/879/3532 2147/880/3532 2014/747/3532
f 2014/747/3532 2010/743/3532 2146/879/3532
f 2148/881/3533 2020/753/3533 2014/747/3533
f 2014/747/3533 2147/880/3533 2148/881/3533
f 2020/753/3534 2148/881/3534 2149/882/3534
f 2149/882/3534 2025/758/3534 2020/753/3534
f 2149/882/3535 2150/883/3535 2030/763/3535
f 2030/763/3535 2025/758/3535 2149/882/3535
f 2136/869/3536 1961/693/3536 2030/763/3537
f 2030/763/3537 2150/883/3536 2136/869/3536
f 2034/768/3538 1945/884/3539 1575/271/3540
f 1575/271/3540 1577/272/3539 2034/768/3538
f 2037/769/3541 1944/885/3541 1945/884/3541
f 1945/884/3541 2034/768/3541 2037/769/3541
f 2039/771/3542 1943/886/3542 1944/885/3542
f 1944/885/3542 2037/769/3542 2039/771/3542
f 2041/773/3543 1942/887/3543 1943/886/3543
f 1943/886/3543 2039/771/3543 2041/773/3543
f 2043/775/3544 1941/888/3544 1942/887/3544
f 1942/887/3544 2041/773/3544 2043/775/3544
f 2045/777/3545 1940/889/3545 1941/888/3545
f 1941/888/3545 2043/775/3545 2045/777/3545
f 2047/779/3546 1939/890/3546 1940/889/3546
f 1940/889/3546 2045/777/3546 2047/779/3546
f 2049/781/3547 1938/891/3548 1939/890/3548
f 1939/890/3548 2047/779/3547 2049/781/3547
f 2035/767/3549 2034/768/3549 1577/272/3549
f 1577/272/3549 1578/273/3549 2035/767/3549
f 2051/784/3550 2035/767/3550 1578/273/3550
f 1578/273/3550 1579/274/3550 2051/784/3550
f 2051/784/3551 1579/274/3551 1580/275/3551
f 1580/275/3551 2058/792/3551 2051/784/3551
f 1931/633/3552 1930/893/3553 2071/806/3554
f 2071/806/3554 2151/892/3553 1931/633/3552
f 2070/803/3555 2152/894/3556 2151/892/3557
f 2151/892/3557 2071/806/3555 2070/803/3555
f 2153/895/3558 2152/894/3558 2070/803/3558
f 2070/803/3558 2074/807/3558 2153/895/3558
f 2077/809/3559 2154/896/3560 2153/895/3560
f 2153/895/3560 2074/807/3560 2077/809/3559
f 2154/896/3561 2077/809/3561 2078/811/3561
f 2078/811/3561 2155/897/3561 2154/896/3561
f 2156/898/3562 2155/897/3563 2078/811/3563
f 2078/811/3563 2080/813/3564 2156/898/3562
f 2083/815/3565 2157/899/3566 2156/898/3562
f 2156/898/3562 2080/813/3564 2083/815/3565
f 2157/899/3566 2083/815/3565 2084/817/3521
f 2084/817/3521 2143/876/3520 2157/899/3566
f 2072/805/3567 2071/806/3567 1930/893/3567
f 1930/893/3567 1932/900/3567 2072/805/3567
f 2087/819/3568 2072/805/3568 1932/900/3568
f 1932/900/3568 1933/901/3568 2087/819/3568
f 1934/902/3569 2094/828/3569 2087/819/3569
f 2087/819/3569 1933/901/3569 1934/902/3569
f 1934/902/3570 1935/903/3570 2102/836/3570
f 2102/836/3570 2094/828/3570 1934/902/3570
f 1935/903/3571 1936/904/3571 2110/844/3571
f 2110/844/3571 2102/836/3571 1935/903/3571
f 2110/844/3572 1936/904/3572 1937/905/3572
f 1937/905/3572 2118/852/3572 2110/844/3572
f 2118/852/3573 1937/905/3573 1938/891/3573
f 1938/891/3573 2049/781/3573 2118/852/3573
f 2158/909/3574 2159/908/3574 2160/907/3574
f 2160/907/3574 2161/906/3574 2158/909/3574
f 2159/908/3575 2158/909/3575 2162/911/3575
f 2162/911/3575 2163/910/3575 2159/908/3575
f 2163/910/3576 2162/911/3576 2164/913/3576
f 2164/913/3576 2165/912/3576 2163/910/3576
f 2166/915/3577 2167/914/3577 2165/912/3577
f 2165/912/3577 2164/913/3577 2166/915/3577
f 2167/914/3578 2166/915/3579 2168/917/3579
f 2168/917/3579 2169/916/3579 2167/914/3578
f 2169/916/3580 2168/917/3580 2170/919/3581
f 2170/919/3581 2171/918/3580 2169/916/3580
f 2172/921/3582 2173/920/3583 2171/918/3582
f 2171/918/3582 2170/919/3582 2172/921/3582
f 2173/920/3584 2172/921/3584 2174/923/3585
f 2174/923/3585 2175/922/3585 2173/920/3584
f 2175/922/3586 2174/923/3587 2176/924/3588
f 2176/924/3588 2177/925/3589 2175/922/3586
f 2178/926/3590 2179/927/3590 2177/925/3591
f 2177/925/3591 2176/924/3592 2178/926/3590
f 2179/927/3593 2178/926/3594 2180/928/3595
f 2180/928/3595 2181/929/3596 2179/927/3593
f 2181/929/3597 2180/928/3598 2182/930/3598
f 2182/930/3598 2183/931/3598 2181/929/3597
f 2184/932/3599 2185/933/3599 2183/931/3599
f 2183/931/3599 2182/930/3599 2184/932/3599
f 2185/933/3600 2184/932/3600 2186/935/3600
f 2186/935/3600 2187/934/3600 2185/933/3600
f 2188/937/3601 2158/909/3601 2161/906/3601
f 2161/906/3601 2189/936/3601 2188/937/3601
f 2158/909/3602 2188/937/3602 2190/938/3602
f 2190/938/3602 2162/911/3602 2158/909/3602
f 2191/939/3603 2164/913/3603 2162/911/3603
f 2162/911/3603 2190/938/3603 2191/939/3603
f 2192/940/3604 2166/915/3604 2164/913/3604
f 2164/913/3604 2191/939/3604 2192/940/3604
f 2193/941/3605 2168/917/3606 2166/915/3607
f 2166/915/3607 2192/940/3605 2193/941/3605
f 2194/942/3608 2170/919/3608 2168/917/3608
f 2168/917/3608 2193/941/3608 2194/942/3608
f 2195/943/3609 2172/921/3610 2170/919/3611
f 2170/919/3611 2194/942/3612 2195/943/3609
f 2196/944/3613 2174/923/3614 2172/921/3615
f 2172/921/3615 2195/943/3616 2196/944/3613
f 2197/945/3617 2176/924/3618 2174/923/3619
f 2174/923/3619 2196/944/3620 2197/945/3617
f 2198/946/3621 2178/926/3621 2176/924/3621
f 2176/924/3621 2197/945/3621 2198/946/3621
f 2199/947/3622 2180/928/3622 2178/926/3622
f 2178/926/3622 2198/946/3622 2199/947/3622
f 2200/948/3623 2182/930/3623 2180/928/3623
f 2180/928/3623 2199/947/3623 2200/948/3623
f 2201/949/3624 2184/932/3624 2182/930/3624
f 2182/930/3624 2200/948/3624 2201/949/3624
f 2202/950/3625 2186/935/3625 2184/932/3626
f 2184/932/3626 2201/949/3625 2202/950/3625
f 2203/952/3627 2188/937/3627 2189/936/3627
f 2189/936/3627 2204/951/3627 2203/952/3627
f 2188/937/3628 2203/952/3628 2205/953/3628
f 2205/953/3628 2190/938/3628 2188/937/3628
f 2190/938/3629 2205/953/3629 2206/954/3629
f 2206/954/3629 2191/939/3629 2190/938/3629
f 2207/955/3630 2192/940/3630 2191/939/3630
f 2191/939/3630 2206/954/3631 2207/955/3630
f 2192/940/3632 2207/955/3632 2208/956/3633
f 2208/956/3633 2193/941/3632 2192/940/3632
f 2193/941/3634 2208/956/3635 2209/957/3636
f 2209/957/3636 2194/942/3637 2193/941/3634
f 2210/958/3638 2195/943/3639 2194/942/3640
f 2194/942/3640 2209/957/3640 2210/958/3638
f 2195/943/3641 2210/958/3642 2211/959/3641
f 2211/959/3641 2196/944/3642 2195/943/3641
f 2196/944/3643 2211/959/3644 2212/960/3645
f 2212/960/3645 2197/945/3645 2196/944/3643
f 2213/961/3646 2198/946/3646 2197/945/3647
f 2197/945/3647 2212/960/3646 2213/961/3646
f 2198/946/3648 2213/961/3649 2214/962/3648
f 2214/962/3648 2199/947/3648 2198/946/3648
f 2199/947/3650 2214/962/3650 2215/963/3650
f 2215/963/3650 2200/948/3650 2199/947/3650
f 2200/948/3651 2215/963/3651 2216/964/3651
f 2216/964/3651 2201/949/3651 2200/948/3651
f 2201/949/3652 2216/964/3652 2217/965/3652
f 2217/965/3652 2202/950/3652 2201/949/3652
f 2218/967/3653 2203/952/3653 2204/951/3653
f 2204/951/3653 2219/966/3653 2218/967/3653
f 2220/968/3654 2205/953/3654 2203/952/3654
f 2203/952/3654 2218/967/3654 2220/968/3654
f 2205/953/3655 2220/968/3655 2221/969/3655
f 2221/969/3655 2206/954/3655 2205/953/3655
f 2222/970/3656 2207/955/3657 2206/954/3657
f 2206/954/3657 2221/969/3657 2222/970/3656
f 2207/955/3658 2222/970/3658 2223/971/3658
f 2223/971/3658 2208/956/3658 2207/955/3658
f 2208/956/3659 2223/971/3659 2224/972/3659
f 2224/972/3659 2209/957/3659 2208/956/3659
f 2225/973/3660 2210/958/3661 2209/957/3662
f 2209/957/3662 2224/972/3663 2225/973/3660
f 2226/974/3664 2211/959/3665 2210/958/3664
f 2210/958/3664 2225/973/3664 2226/974/3664
f 2211/959/3666 2226/974/3667 2227/975/3667
f 2227/975/3667 2212/960/3667 2211/959/3666
f 2228/976/3668 2213/961/3669 2212/960/3669
f 2212/960/3669 2227/975/3669 2228/976/3668
f 2229/977/3670 2214/962/3671 2213/961/3671
f 2213/961/3671 2228/976/3671 2229/977/3670
f 2214/962/3672 2229/977/3672 2230/978/3672
f 2230/978/3672 2215/963/3672 2214/962/3672
f 2231/979/3673 2216/964/3673 2215/963/3673
f 2215/963/3673 2230/978/3673 2231/979/3673
f 2232/980/3674 2217/965/3674 2216/964/3674
f 2216/964/3674 2231/979/3674 2232/980/3674
f 2233/982/3675 2218/967/3675 2219/966/3675
f 2219/966/3675 2234/981/3675 2233/982/3675
f 2218/967/3676 2233/982/3676 2235/983/3676
f 2235/983/3676 2220/968/3676 2218/967/3676
f 2220/968/3677 2235/983/3677 2236/984/3677
f 2236/984/3677 2221/969/3677 2220/968/3677
f 2237/985/3678 2222/970/3679 2221/969/3679
f 2221/969/3679 2236/984/3679 2237/985/3678
f 2222/970/3680 2237/985/3680 2238/986/3681
f 2238/986/3681 2223/971/3680 2222/970/3680
f 2223/971/3682 2238/986/3682 2239/987/3682
f 2239/987/3682 2224/972/3682 2223/971/3682
f 2240/988/3683 2225/973/3683 2224/972/3684
f 2224/972/3684 2239/987/3684 2240/988/3683
f 2225/973/3685 2240/988/3686 2241/989/3686
f 2241/989/3686 2226/974/3687 2225/973/3685
f 2226/974/3688 2241/989/3689 2242/990/3689
f 2242/990/3689 2227/975/3688 2226/974/3688
f 2243/991/3690 2228/976/3690 2227/975/3690
f 2227/975/3690 2242/990/3690 2243/991/3690
f 2228/976/3691 2243/991/3691 2244/992/3691
f 2244/992/3691 2229/977/3691 2228/976/3691
f 2229/977/3692 2244/992/3692 2245/993/3692
f 2245/993/3692 2230/978/3692 2229/977/3692
f 2246/994/3693 2231/979/3693 2230/978/3693
f 2230/978/3693 2245/993/3693 2246/994/3693
f 2247/995/3694 2232/980/3695 2231/979/3694
f 2231/979/3694 2246/994/3694 2247/995/3694
f 2248/997/3696 2233/982/3696 2234/981/3697
f 2234/981/3697 2249/996/3696 2248/997/3696
f 2233/982/3698 2248/997/3698 2250/998/3699
f 2250/998/3699 2235/983/3699 2233/982/3698
f 2235/983/3700 2250/998/3700 2251/999/3700
f 2251/999/3700 2236/984/3700 2235/983/3700
f 2252/1000/3701 2237/985/3701 2236/984/3701
f 2236/984/3701 2251/999/3701 2252/1000/3701
f 2237/985/3702 2252/1000/3702 2253/1001/3702
f 2253/1001/3702 2238/986/3703 2237/985/3702
f 2238/986/3704 2253/1001/3704 2254/1002/3704
f 2254/1002/3704 2239/987/3705 2238/986/3704
f 2255/1003/3706 2240/988/3707 2239/987/3707
f 2239/987/3707 2254/1002/3707 2255/1003/3706
f 2240/988/3708 2255/1003/3708 2256/1004/3709
f 2256/1004/3709 2241/989/3709 2240/988/3708
f 2241/989/3710 2256/1004/3711 2257/1005/3712
f 2257/1005/3712 2242/990/3713 2241/989/3710
f 2258/1006/3714 2243/991/3714 2242/990/3714
f 2242/990/3714 2257/1005/3714 2258/1006/3714
f 2243/991/3715 2258/1006/3716 2259/1007/3715
f 2259/1007/3715 2244/992/3717 2243/991/3715
f 2244/992/3718 2259/1007/3718 2260/1008/3719
f 2260/1008/3719 2245/993/3720 2244/992/3718
f 2261/1009/3721 2246/994/3721 2245/993/3721
f 2245/993/3721 2260/1008/3721 2261/1009/3721
f 2262/1010/3722 2247/995/3723 2246/994/3723
f 2246/994/3723 2261/1009/3724 2262/1010/3722
f 2249/996/3725 2263/1011/3726 2264/1012/3725
f 2264/1012/3725 2248/997/3725 2249/996/3725
f 2248/997/3727 2264/1012/3728 2265/1013/3728
f 2265/1013/3728 2250/998/3728 2248/997/3727
f 2250/998/3729 2265/1013/3729 2266/1014/3730
f 2266/1014/3730 2251/999/3730 2250/998/3729
f 2267/1015/3731 2252/1000/3731 2251/999/3731
f 2251/999/3731 2266/1014/3731 2267/1015/3731
f 2252/1000/3732 2267/1015/3733 2268/1016/3733
f 2268/1016/3733 2253/1001/3733 2252/1000/3732
f 2253/1001/3734 2268/1016/3735 2269/1017/3736
f 2269/1017/3736 2254/1002/3737 2253/1001/3734
f 2270/1018/3738 2255/1003/3739 2254/1002/3738
f 2254/1002/3738 2269/1017/3738 2270/1018/3738
f 2271/1019/3740 2256/1004/3740 2255/1003/3741
f 2255/1003/3741 2270/1018/3741 2271/1019/3740
f 2256/1004/3742 2271/1019/3743 2272/1020/3744
f 2272/1020/3744 2257/1005/3745 2256/1004/3742
f 2273/1021/3746 2258/1006/3747 2257/1005/3748
f 2257/1005/3748 2272/1020/3749 2273/1021/3746
f 2258/1006/3750 2273/1021/3750 2274/1022/3750
f 2274/1022/3750 2259/1007/3750 2258/1006/3750
f 2259/1007/3751 2274/1022/3751 2275/1023/3751
f 2275/1023/3751 2260/1008/3752 2259/1007/3751
f 2276/1024/3753 2261/1009/3754 2260/1008/3753
f 2260/1008/3753 2275/1023/3754 2276/1024/3753
f 2261/1009/3755 2276/1024/3755 2277/1025/3755
f 2277/1025/3755 2262/1010/3755 2261/1009/3755
f 2278/1027/3756 2264/1012/3756 2263/1011/3756
f 2263/1011/3756 2279/1026/3757 2278/1027/3756
f 2280/1028/3758 2265/1013/3759 2264/1012/3760
f 2264/1012/3760 2278/1027/3760 2280/1028/3758
f 2265/1013/3761 2280/1028/3762 2281/1029/3763
f 2281/1029/3763 2266/1014/3761 2265/1013/3761
f 2282/1030/3764 2267/1015/3765 2266/1014/3766
f 2266/1014/3766 2281/1029/3765 2282/1030/3764
f 2267/1015/3767 2282/1030/3768 2283/1031/3769
f 2283/1031/3769 2268/1016/3770 2267/1015/3767
f 2268/1016/3771 2283/1031/3772 2284/1032/3771
f 2284/1032/3771 2269/1017/3773 2268/1016/3771
f 2285/1033/3774 2270/1018/3775 2269/1017/3775
f 2269/1017/3775 2284/1032/3776 2285/1033/3774
f 2286/1034/3777 2271/1019/3777 2270/1018/3777
f 2270/1018/3777 2285/1033/3777 2286/1034/3777
f 2287/1035/3778 2272/1020/3779 2271/1019/3780
f 2271/1019/3780 2286/1034/3778 2287/1035/3778
f 2288/1036/3781 2273/1021/3781 2272/1020/3781
f 2272/1020/3781 2287/1035/3781 2288/1036/3781
f 2274/1022/3782 2273/1021/3782 2288/1036/3782
f 2288/1036/3782 2289/1037/3782 2274/1022/3782
f 2290/1038/3783 2275/1023/3783 2274/1022/3783
f 2274/1022/3783 2289/1037/3783 2290/1038/3783
f 2291/1039/3784 2276/1024/3785 2275/1023/3785
f 2275/1023/3785 2290/1038/3785 2291/1039/3784
f 2292/1040/3786 2277/1025/3787 2276/1024/3787
f 2276/1024/3787 2291/1039/3787 2292/1040/3786
f 2293/1042/3788 2278/1027/3789 2279/1026/3788
f 2279/1026/3788 2294/1041/3790 2293/1042/3788
f 2278/1027/3791 2293/1042/3791 2295/1043/3791
f 2295/1043/3791 2280/1028/3791 2278/1027/3791
f 2296/1044/3792 2281/1029/3792 2280/1028/3792
f 2280/1028/3792 2295/1043/3792 2296/1044/3792
f 2297/1045/3793 2282/1030/3793 2281/1029/3793
f 2281/1029/3793 2296/1044/3793 2297/1045/3793
f 2282/1030/3794 2297/1045/3794 2298/1046/3795
f 2298/1046/3795 2283/1031/3796 2282/1030/3794
f 2299/1047/3797 2284/1032/3798 2283/1031/3798
f 2283/1031/3798 2298/1046/3798 2299/1047/3797
f 2300/1048/3799 2285/1033/3800 2284/1032/3801
f 2284/1032/3801 2299/1047/3800 2300/1048/3799
f 2285/1033/3802 2300/1048/3803 2301/1049/3804
f 2301/1049/3804 2286/1034/3805 2285/1033/3802
f 2287/1035/3806 2286/1034/3806 2301/1049/3806
f 2301/1049/3806 2302/1050/3806 2287/1035/3806
f 2288/1036/3807 2287/1035/3807 2302/1050/3808
f 2302/1050/3808 2303/1051/3807 2288/1036/3807
f 2289/1037/3809 2288/1036/3809 2303/1051/3809
f 2303/1051/3809 2304/1052/3809 2289/1037/3809
f 2305/1053/3810 2290/1038/3811 2289/1037/3811
f 2289/1037/3811 2304/1052/3811 2305/1053/3810
f 2306/1054/3812 2291/1039/3812 2290/1038/3812
f 2290/1038/3812 2305/1053/3812 2306/1054/3812
f 2291/1039/3813 2306/1054/3813 2307/1055/3813
f 2307/1055/3813 2292/1040/3813 2291/1039/3813
f 2293/1042/3814 2294/1041/3814 2308/1056/3814
f 2308/1056/3814 2309/1057/3814 2293/1042/3814
f 2293/1042/3815 2309/1057/3815 2310/1058/3815
f 2310/1058/3815 2295/1043/3815 2293/1042/3815
f 2296/1044/3816 2295/1043/3816 2310/1058/3816
f 2310/1058/3816 2311/1059/3816 2296/1044/3816
f 2297/1045/3817 2296/1044/3817 2311/1059/3817
f 2311/1059/3817 2312/1060/3817 2297/1045/3817
f 2297/1045/3818 2312/1060/3819 2313/1061/3818
f 2313/1061/3818 2298/1046/3818 2297/1045/3818
f 2299/1047/3820 2298/1046/3820 2313/1061/3820
f 2313/1061/3820 2314/1062/3820 2299/1047/3820
f 2300/1048/3821 2299/1047/3821 2314/1062/3822
f 2314/1062/3822 2315/1063/3822 2300/1048/3821
f 2300/1048/3823 2315/1063/3824 2316/1064/3823
f 2316/1064/3823 2301/1049/3825 2300/1048/3823
f 2302/1050/3826 2301/1049/3827 2316/1064/3827
f 2316/1064/3827 2317/1065/3827 2302/1050/3826
f 2303/1051/3828 2302/1050/3828 2317/1065/3828
f 2317/1065/3828 2318/1066/3828 2303/1051/3828
f 2303/1051/3829 2318/1066/3829 2319/1067/3829
f 2319/1067/3829 2304/1052/3829 2303/1051/3829
f 2305/1053/3830 2304/1052/3831 2319/1067/3831
f 2319/1067/3831 2320/1068/3831 2305/1053/3830
f 2306/1054/3832 2305/1053/3832 2320/1068/3832
f 2320/1068/3832 2321/1069/3832 2306/1054/3832
f 2306/1054/3833 2321/1069/3833 2322/1070/3833
f 2322/1070/3833 2307/1055/3833 2306/1054/3833
f 2309/1057/3834 2308/1056/3834 2323/1071/3834
f 2323/1071/3834 2324/1072/3834 2309/1057/3834
f 2309/1057/3835 2324/1072/3835 2325/1073/3835
f 2325/1073/3835 2310/1058/3835 2309/1057/3835
f 2311/1059/3836 2310/1058/3837 2325/1073/3837
f 2325/1073/3837 2326/1074/3837 2311/1059/3836
f 2312/1060/3838 2311/1059/3838 2326/1074/3838
f 2326/1074/3838 2327/1075/3838 2312/1060/3838
f 2312/1060/3839 2327/1075/3839 2328/1076/3839
f 2328/1076/3839 2313/1061/3840 2312/1060/3839
f 2314/1062/3841 2313/1061/3841 2328/1076/3842
f 2328/1076/3842 2329/1077/3841 2314/1062/3841
f 2315/1063/3843 2314/1062/3843 2329/1077/3844
f 2329/1077/3844 2330/1078/3843 2315/1063/3843
f 2315/1063/3845 2330/1078/3845 2331/1079/3845
f 2331/1079/3845 2316/1064/3845 2315/1063/3845
f 2317/1065/3846 2316/1064/3846 2331/1079/3847
f 2331/1079/3847 2332/1080/3847 2317/1065/3846
f 2318/1066/3848 2317/1065/3848 2332/1080/3848
f 2332/1080/3848 2333/1081/3848 2318/1066/3848
f 2318/1066/3849 2333/1081/3849 2334/1082/3849
f 2334/1082/3849 2319/1067/3849 2318/1066/3849
f 2320/1068/3850 2319/1067/3850 2334/1082/3850
f 2334/1082/3850 2335/1083/3850 2320/1068/3850
f 2321/1069/3851 2320/1068/3851 2335/1083/3851
f 2335/1083/3851 2336/1084/3851 2321/1069/3851
f 2321/1069/3852 2336/1084/3852 2337/1085/3852
f 2337/1085/3852 2322/1070/3852 2321/1069/3852
f 2324/1072/3853 2323/1071/3853 2338/1086/3853
f 2338/1086/3853 2339/1087/3854 2324/1072/3853
f 2324/1072/3855 2339/1087/3855 2340/1088/3855
f 2340/1088/3855 2325/1073/3855 2324/1072/3855
f 2326/1074/3856 2325/1073/3857 2340/1088/3857
f 2340/1088/3857 2341/1089/3856 2326/1074/3856
f 2327/1075/3858 2326/1074/3858 2341/1089/3858
f 2341/1089/3858 2342/1090/3858 2327/1075/3858
f 2327/1075/3859 2342/1090/3859 2343/1091/3859
f 2343/1091/3859 2328/1076/3859 2327/1075/3859
f 2329/1077/3860 2328/1076/3861 2343/1091/3862
f 2343/1091/3862 2344/1092/3861 2329/1077/3860
f 2330/1078/3863 2329/1077/3863 2344/1092/3863
f 2344/1092/3863 2345/1093/3863 2330/1078/3863
f 2330/1078/3864 2345/1093/3865 2346/1094/3866
f 2346/1094/3866 2331/1079/3867 2330/1078/3864
f 2332/1080/3868 2331/1079/3868 2346/1094/3868
f 2346/1094/3868 2347/1095/3868 2332/1080/3868
f 2333/1081/3869 2332/1080/3869 2347/1095/3869
f 2347/1095/3869 2348/1096/3869 2333/1081/3869
f 2333/1081/3870 2348/1096/3870 2349/1097/3870
f 2349/1097/3870 2334/1082/3870 2333/1081/3870
f 2335/1083/3871 2334/1082/3871 2349/1097/3871
f 2349/1097/3871 2350/1098/3871 2335/1083/3871
f 2336/1084/3872 2335/1083/3872 2350/1098/3872
f 2350/1098/3872 2351/1099/3872 2336/1084/3872
f 2336/1084/3873 2351/1099/3873 2352/1100/3873
f 2352/1100/3873 2337/1085/3873 2336/1084/3873
f 2339/1087/3874 2338/1086/3874 2353/1101/3874
f 2353/1101/3874 2354/1102/3874 2339/1087/3874
f 2339/1087/3875 2354/1102/3875 2355/1103/3875
f 2355/1103/3875 2340/1088/3875 2339/1087/3875
f 2341/1089/3876 2340/1088/3876 2355/1103/3876
f 2355/1103/3876 2356/1104/3876 2341/1089/3876
f 2342/1090/3877 2341/1089/3877 2356/1104/3877
f 2356/1104/3877 2357/1105/3877 2342/1090/3877
f 2342/1090/3878 2357/1105/3878 2358/1106/3878
f 2358/1106/3878 2343/1091/3878 2342/1090/3878
f 2344/1092/3879 2343/1091/3879 2358/1106/3879
f 2358/1106/3879 2359/1107/3879 2344/1092/3879
f 2345/1093/3880 2344/1092/3881 2359/1107/3881
f 2359/1107/3881 2360/1108/3882 2345/1093/3880
f 2345/1093/3883 2360/1108/3883 2361/1109/3883
f 2361/1109/3883 2346/1094/3883 2345/1093/3883
f 2347/1095/3884 2346/1094/3885 2361/1109/3884
f 2361/1109/3884 2362/1110/3886 2347/1095/3884
f 2348/1096/3887 2347/1095/3888 2362/1110/3888
f 2362/1110/3888 2363/1111/3887 2348/1096/3887
f 2348/1096/3889 2363/1111/3889 2364/1112/3889
f 2364/1112/3889 2349/1097/3889 2348/1096/3889
f 2350/1098/3890 2349/1097/3890 2364/1112/3890
f 2364/1112/3890 2365/1113/3890 2350/1098/3890
f 2351/1099/3891 2350/1098/3891 2365/1113/3891
f 2365/1113/3891 2366/1114/3891 2351/1099/3891
f 2351/1099/3892 2366/1114/3892 2367/1115/3892
f 2367/1115/3892 2352/1100/3892 2351/1099/3892
f 2354/1102/3893 2353/1101/3893 2368/1116/3893
f 2368/1116/3893 2369/1117/3893 2354/1102/3893
f 2354/1102/3894 2369/1117/3894 2370/1118/3894
f 2370/1118/3894 2355/1103/3894 2354/1102/3894
f 2356/1104/3895 2355/1103/3895 2370/1118/3895
f 2370/1118/3895 2371/1119/3895 2356/1104/3895
f 2357/1105/3896 2356/1104/3896 2371/1119/3896
f 2371/1119/3896 2372/1120/3896 2357/1105/3896
f 2357/1105/3897 2372/1120/3897 2373/1121/3897
f 2373/1121/3897 2358/1106/3897 2357/1105/3897
f 2359/1107/3898 2358/1106/3898 2373/1121/3899
f 2373/1121/3899 2374/1122/3900 2359/1107/3898
f 2360/1108/3901 2359/1107/3902 2374/1122/3903
f 2374/1122/3903 2375/1123/3904 2360/1108/3901
f 2360/1108/3905 2375/1123/3906 2376/1124/3907
f 2376/1124/3907 2361/1109/3908 2360/1108/3905
f 2362/1110/3909 2361/1109/3909 2376/1124/3909
f 2376/1124/3909 2377/1125/3909 2362/1110/3909
f 2363/1111/3910 2362/1110/3910 2377/1125/3911
f 2377/1125/3911 2378/1126/3910 2363/1111/3910
f 2363/1111/3912 2378/1126/3913 2379/1127/3913
f 2379/1127/3913 2364/1112/3913 2363/1111/3912
f 2365/1113/3914 2364/1112/3914 2379/1127/3914
f 2379/1127/3914 2380/1128/3914 2365/1113/3914
f 2366/1114/3915 2365/1113/3915 2380/1128/3915
f 2380/1128/3915 2381/1129/3915 2366/1114/3915
f 2382/1130/3916 2367/1115/3916 2366/1114/3916
f 2366/1114/3916 2381/1129/3916 2382/1130/3916
f 2127/1132/3917 2160/907/3917 2383/1131/3917
f 2383/1131/3917 2128/861/3917 2127/1132/3917
f 2384/1133/3918 2383/1131/3919 2160/907/3919
f 2160/907/3919 2159/908/3919 2384/1133/3918
f 2385/1134/3920 2384/1133/3920 2159/908/3920
f 2159/908/3920 2163/910/3920 2385/1134/3920
f 2385/1134/3921 2163/910/3921 2165/912/3922
f 2165/912/3922 2386/1135/3922 2385/1134/3921
f 2387/1136/3923 2386/1135/3923 2165/912/3924
f 2165/912/3924 2167/914/3923 2387/1136/3923
f 2388/1137/3925 2387/1136/3926 2167/914/3927
f 2167/914/3927 2169/916/3925 2388/1137/3925
f 2171/918/3928 2389/1138/3928 2388/1137/3929
f 2388/1137/3929 2169/916/3929 2171/918/3928
f 2389/1138/3930 2171/918/3931 2173/920/3932
f 2173/920/3932 2390/1139/3933 2389/1138/3930
f 2391/1140/3934 2390/1139/3934 2173/920/3934
f 2173/920/3934 2175/922/3934 2391/1140/3934
f 2177/925/3935 2392/1141/3936 2391/1140/3935
f 2391/1140/3935 2175/922/3935 2177/925/3935
f 2392/1141/3937 2177/925/3938 2179/927/3938
f 2179/927/3938 2393/1142/3939 2392/1141/3937
f 2181/929/3940 2394/1143/3941 2393/1142/3942
f 2393/1142/3942 2179/927/3943 2181/929/3940
f 2183/931/3944 2395/1144/3945 2394/1143/3946
f 2394/1143/3946 2181/929/3947 2183/931/3944
f 2395/1144/3948 2183/931/3949 2185/933/3948
f 2185/933/3948 2396/1145/3950 2395/1144/3948
f 2187/934/3951 2397/1146/3951 2396/1145/3951
f 2396/1145/3951 2185/933/3951 2187/934/3951
f 2397/1146/3952 2187/934/3952 1500/1147/3952
f 1500/1147/3952 1502/1148/3952 2397/1146/3952
f 1509/1149/3953 1500/1147/3953 2187/934/3953
f 2187/934/3953 2186/935/3953 1509/1149/3953
f 2202/950/3954 1510/1150/3954 1509/1149/3954
f 1509/1149/3954 2186/935/3955 2202/950/3954
f 2217/965/3956 1511/1151/3956 1510/1150/3956
f 1510/1150/3956 2202/950/3956 2217/965/3956
f 2232/980/3957 1512/1152/3958 1511/1151/3958
f 1511/1151/3958 2217/965/3958 2232/980/3957
f 1513/1153/3959 1512/1152/3959 2232/980/3959
f 2232/980/3959 2247/995/3959 1513/1153/3959
f 1514/1154/3960 1513/1153/3960 2247/995/3960
f 2247/995/3960 2262/1010/3960 1514/1154/3960
f 1495/1155/3961 1514/1154/3961 2262/1010/3961
f 2262/1010/3961 2277/1025/3961 1495/1155/3961
f 2292/1040/3962 1494/1156/3962 1495/1155/3962
f 1495/1155/3962 2277/1025/3962 2292/1040/3962
f 2307/1055/3963 1493/1157/3963 1494/1156/3963
f 1494/1156/3963 2292/1040/3963 2307/1055/3963
f 1493/1157/3964 2307/1055/3964 2322/1070/3964
f 2322/1070/3964 1492/1158/3964 1493/1157/3964
f 1492/1158/3965 2322/1070/3965 2337/1085/3965
f 2337/1085/3965 1491/1159/3965 1492/1158/3965
f 1490/1160/3966 1491/1159/3966 2337/1085/3966
f 2337/1085/3966 2352/1100/3966 1490/1160/3966
f 1489/1161/3967 1490/1160/3967 2352/1100/3967
f 2352/1100/3967 2367/1115/3967 1489/1161/3967
f 2382/1130/3968 1488/1162/3968 1489/1161/3968
f 1489/1161/3968 2367/1115/3968 2382/1130/3968
f 1670/1164/3969 1486/1163/3969 1488/1162/3969
f 1488/1162/3969 2382/1130/3969 1670/1164/3969
f 2381/1129/3970 1689/1165/3970 1670/1164/3970
f 1670/1164/3970 2382/1130/3970 2381/1129/3970
f 2381/1129/3971 2380/1128/3972 1688/1166/3971
f 1688/1166/3971 1689/1165/3973 2381/1129/3971
f 2380/1128/3974 2379/1127/3974 1687/1167/3974
f 1687/1167/3974 1688/1166/3974 2380/1128/3974
f 2378/1126/3975 1686/1168/3975 1687/1167/3975
f 1687/1167/3975 2379/1127/3975 2378/1126/3975
f 2378/1126/3976 2377/1125/3977 1685/1169/3978
f 1685/1169/3978 1686/1168/3979 2378/1126/3976
f 2377/1125/3980 2376/1124/3981 1684/1170/3981
f 1684/1170/3981 1685/1169/3980 2377/1125/3980
f 2375/1123/3982 1683/1171/3983 1684/1170/3984
f 1684/1170/3984 2376/1124/3984 2375/1123/3982
f 2375/1123/3985 2374/1122/3986 1682/1172/3986
f 1682/1172/3986 1683/1171/3985 2375/1123/3985
f 2374/1122/3987 2373/1121/3987 1681/1173/3987
f 1681/1173/3987 1682/1172/3987 2374/1122/3987
f 1681/1173/3988 2373/1121/3989 2372/1120/3989
f 2372/1120/3989 1680/1174/3990 1681/1173/3988
f 2371/1119/3991 1679/1175/3991 1680/1174/3992
f 1680/1174/3992 2372/1120/3991 2371/1119/3991
f 2370/1118/3993 1678/1176/3994 1679/1175/3993
f 1679/1175/3993 2371/1119/3995 2370/1118/3993
f 1678/1176/3996 2370/1118/3996 2369/1117/3996
f 2369/1117/3996 1677/1177/3996 1678/1176/3996
f 2368/1116/3997 1675/1178/3997 1677/1177/3997
f 1677/1177/3997 2369/1117/3997 2368/1116/3997
f 2144/1179/3998 1676/1180/3998 1675/1178/3998
f 1675/1178/3998 2368/1116/3998 2144/1179/3998
f 2144/1179/3999 2368/1116/3999 2353/1101/3999
f 2353/1101/3999 2145/1181/3999 2144/1179/3999
f 2146/1182/4000 2145/1181/4000 2353/1101/4000
f 2353/1101/4000 2338/1086/4000 2146/1182/4000
f 2146/1182/4001 2338/1086/4001 2323/1071/4001
f 2323/1071/4001 2147/1183/4001 2146/1182/4001
f 2323/1071/4002 2308/1056/4003 2148/1184/4002
f 2148/1184/4002 2147/1183/4002 2323/1071/4002
f 2148/1184/4004 2308/1056/4004 2294/1041/4005
f 2294/1041/4005 2149/1185/4004 2148/1184/4004
f 2279/1026/4006 2150/1186/4006 2149/1185/4006
f 2149/1185/4006 2294/1041/4006 2279/1026/4006
f 2136/1187/4007 2150/1186/4007 2279/1026/4007
f 2279/1026/4007 2263/1011/4007 2136/1187/4007
f 2135/1188/4008 2136/1187/4008 2263/1011/4008
f 2263/1011/4008 2249/996/4009 2135/1188/4008
f 2135/1188/4010 2249/996/4010 2234/981/4010
f 2234/981/4010 2134/1189/4010 2135/1188/4010
f 2234/981/4011 2219/966/4011 2133/1190/4011
f 2133/1190/4011 2134/1189/4011 2234/981/4011
f 2219/966/4012 2204/951/4012 2132/1191/4012
f 2132/1191/4012 2133/1190/4012 2219/966/4012
f 2189/936/4013 2131/1192/4013 2132/1191/4013
f 2132/1191/4013 2204/951/4013 2189/936/4013
f 2130/1193/4014 2131/1192/4014 2189/936/4014
f 2189/936/4014 2161/906/4014 2130/1193/4014
f 2160/907/4015 2127/1132/4015 2130/1193/4015
f 2130/1193/4015 2161/906/4015 2160/907/4015
f 2398/1197/4016 2399/1196/4017 2400/1195/4017
f 2400/1195/4017 2401/1194/4017 2398/1197/4016
f 2399/1196/4018 2398/1197/4019 2402/1198/4020
f 2402/1198/4020 2403/1199/4019 2399/1196/4018
f 2403/1199/4021 2402/1198/4021 2404/1201/4021
f 2404/1201/4021 2405/1200/4021 2403/1199/4021
f 2406/1203/4022 2407/1202/4022 2405/1200/4023
f 2405/1200/4023 2404/1201/4022 2406/1203/4022
f 2408/1205/4024 2409/1204/4025 2407/1202/4026
f 2407/1202/4026 2406/1203/4027 2408/1205/4024
f 2409/1204/4028 2408/1205/4029 2410/1207/4028
f 2410/1207/4028 2411/1206/4028 2409/1204/4028
f 2412/1209/4030 2413/1208/4031 2411/1206/4032
f 2411/1206/4032 2410/1207/4030 2412/1209/4030
f 2413/1208/4033 2412/1209/4034 2414/1211/4034
f 2414/1211/4034 2415/1210/4035 2413/1208/4033
f 2415/1210/4036 2414/1211/4037 2416/1213/4037
f 2416/1213/4037 2417/1212/4038 2415/1210/4036
f 2418/1215/4039 2419/1214/4040 2417/1212/4041
f 2417/1212/4041 2416/1213/4042 2418/1215/4039
f 2419/1214/4043 2418/1215/4044 2420/1216/4045
f 2420/1216/4045 2421/1217/4046 2419/1214/4043
f 2421/1217/4047 2420/1216/4048 2422/1219/4048
f 2422/1219/4048 2423/1218/4048 2421/1217/4047
f 2424/1221/4049 2425/1220/4049 2423/1218/4049
f 2423/1218/4049 2422/1219/4049 2424/1221/4049
f 2426/1223/4050 2427/1222/4050 2425/1220/4050
f 2425/1220/4050 2424/1221/4050 2426/1223/4050
f 2428/1225/4051 2398/1197/4051 2401/1194/4052
f 2401/1194/4052 2429/1224/4051 2428/1225/4051
f 2398/1197/4053 2428/1225/4054 2430/1226/4054
f 2430/1226/4054 2402/1198/4054 2398/1197/4053
f 2402/1198/4055 2430/1226/4055 2431/1227/4055
f 2431/1227/4055 2404/1201/4055 2402/1198/4055
f 2432/1228/4056 2406/1203/4056 2404/1201/4056
f 2404/1201/4056 2431/1227/4056 2432/1228/4056
f 2433/1229/4057 2408/1205/4057 2406/1203/4057
f 2406/1203/4057 2432/1228/4057 2433/1229/4057
f 2408/1205/4058 2433/1229/4059 2434/1230/4060
f 2434/1230/4060 2410/1207/4059 2408/1205/4058
f 2435/1231/4061 2412/1209/4062 2410/1207/4063
f 2410/1207/4063 2434/1230/4064 2435/1231/4061
f 2436/1232/4065 2414/1211/4066 2412/1209/4067
f 2412/1209/4067 2435/1231/4068 2436/1232/4065
f 2414/1211/4069 2436/1232/4070 2437/1233/4071
f 2437/1233/4071 2416/1213/4072 2414/1211/4069
f 2438/1234/4073 2418/1215/4074 2416/1213/4075
f 2416/1213/4075 2437/1233/4075 2438/1234/4073
f 2439/1235/4076 2420/1216/4076 2418/1215/4076
f 2418/1215/4076 2438/1234/4076 2439/1235/4076
f 2420/1216/4077 2439/1235/4077 2440/1236/4077
f 2440/1236/4077 2422/1219/4077 2420/1216/4077
f 2441/1237/4078 2424/1221/4078 2422/1219/4078
f 2422/1219/4078 2440/1236/4078 2441/1237/4078
f 2442/1238/4079 2426/1223/4079 2424/1221/4079
f 2424/1221/4079 2441/1237/4079 2442/1238/4079
f 2443/1240/4080 2428/1225/4080 2429/1224/4080
f 2429/1224/4080 2444/1239/4080 2443/1240/4080
f 2428/1225/4081 2443/1240/4082 2445/1241/4083
f 2445/1241/4083 2430/1226/4081 2428/1225/4081
f 2430/1226/4084 2445/1241/4085 2446/1242/4086
f 2446/1242/4086 2431/1227/4087 2430/1226/4084
f 2447/1243/4088 2432/1228/4089 2431/1227/4089
f 2431/1227/4089 2446/1242/4090 2447/1243/4088
f 2432/1228/4091 2447/1243/4092 2448/1244/4093
f 2448/1244/4093 2433/1229/4091 2432/1228/4091
f 2433/1229/4094 2448/1244/4095 2449/1245/4096
f 2449/1245/4096 2434/1230/4094 2433/1229/4094
f 2450/1246/4097 2435/1231/4098 2434/1230/4099
f 2434/1230/4099 2449/1245/4100 2450/1246/4097
f 2435/1231/4101 2450/1246/4102 2451/1247/4103
f 2451/1247/4103 2436/1232/4104 2435/1231/4101
f 2436/1232/4105 2451/1247/4106 2452/1248/4107
f 2452/1248/4107 2437/1233/4108 2436/1232/4105
f 2453/1249/4109 2438/1234/4110 2437/1233/4111
f 2437/1233/4111 2452/1248/4112 2453/1249/4109
f 2454/1250/4113 2439/1235/4114 2438/1234/4115
f 2438/1234/4115 2453/1249/4116 2454/1250/4113
f 2439/1235/4117 2454/1250/4118 2455/1251/4119
f 2455/1251/4119 2440/1236/4117 2439/1235/4117
f 2456/1252/4120 2441/1237/4121 2440/1236/4121
f 2440/1236/4121 2455/1251/4122 2456/1252/4120
f 2457/1253/4123 2442/1238/4124 2441/1237/4124
f 2441/1237/4124 2456/1252/4124 2457/1253/4123
f 2458/1255/4125 2443/1240/4126 2444/1239/4126
f 2444/1239/4126 2459/1254/4127 2458/1255/4125
f 2443/1240/4082 2458/1255/4128 2460/1256/4129
f 2460/1256/4129 2445/1241/4083 2443/1240/4082
f 2445/1241/4085 2460/1256/4130 2461/1257/4131
f 2461/1257/4131 2446/1242/4086 2445/1241/4085
f 2462/1258/4132 2447/1243/4088 2446/1242/4090
f 2446/1242/4090 2461/1257/4133 2462/1258/4132
f 2447/1243/4092 2462/1258/4134 2463/1259/4135
f 2463/1259/4135 2448/1244/4093 2447/1243/4092
f 2448/1244/4095 2463/1259/4136 2464/1260/4137
f 2464/1260/4137 2449/1245/4096 2448/1244/4095
f 2449/1245/4100 2464/1260/4138 2465/1261/4139
f 2465/1261/4139 2450/1246/4097 2449/1245/4100
f 2450/1246/4102 2465/1261/4140 2466/1262/4141
f 2466/1262/4141 2451/1247/4103 2450/1246/4102
f 2451/1247/4106 2466/1262/4142 2467/1263/4143
f 2467/1263/4143 2452/1248/4107 2451/1247/4106
f 2468/1264/4144 2453/1249/4109 2452/1248/4112
f 2452/1248/4112 2467/1263/4145 2468/1264/4144
f 2469/1265/4146 2454/1250/4113 2453/1249/4116
f 2453/1249/4116 2468/1264/4147 2469/1265/4146
f 2454/1250/4118 2469/1265/4148 2470/1266/4149
f 2470/1266/4149 2455/1251/4119 2454/1250/4118
f 2471/1267/4150 2456/1252/4120 2455/1251/4122
f 2455/1251/4122 2470/1266/4151 2471/1267/4150
f 2472/1268/4152 2457/1253/4153 2456/1252/4153
f 2456/1252/4153 2471/1267/4154 2472/1268/4152
f 2473/1270/4155 2458/1255/4125 2459/1254/4127
f 2459/1254/4127 2474/1269/4156 2473/1270/4155
f 2458/1255/4128 2473/1270/4157 2475/1271/4158
f 2475/1271/4158 2460/1256/4129 2458/1255/4128
f 2460/1256/4130 2475/1271/4159 2476/1272/4160
f 2476/1272/4160 2461/1257/4131 2460/1256/4130
f 2477/1273/4161 2462/1258/4132 2461/1257/4133
f 2461/1257/4133 2476/1272/4162 2477/1273/4161
f 2478/1274/4163 2463/1259/4135 2462/1258/4134
f 2462/1258/4134 2477/1273/4164 2478/1274/4163
f 2463/1259/4136 2478/1274/4165 2479/1275/4166
f 2479/1275/4166 2464/1260/4137 2463/1259/4136
f 2480/1276/4167 2465/1261/4139 2464/1260/4138
f 2464/1260/4138 2479/1275/4168 2480/1276/4167
f 2465/1261/4140 2480/1276/4169 2481/1277/4170
f 2481/1277/4170 2466/1262/4141 2465/1261/4140
f 2466/1262/4142 2481/1277/4171 2482/1278/4172
f 2482/1278/4172 2467/1263/4143 2466/1262/4142
f 2483/1279/4173 2468/1264/4144 2467/1263/4145
f 2467/1263/4145 2482/1278/4174 2483/1279/4173
f 2484/1280/4175 2469/1265/4146 2468/1264/4147
f 2468/1264/4147 2483/1279/4176 2484/1280/4175
f 2469/1265/4148 2484/1280/4177 2485/1281/4178
f 2485/1281/4178 2470/1266/4149 2469/1265/4148
f 2486/1282/4179 2471/1267/4150 2470/1266/4151
f 2470/1266/4151 2485/1281/4180 2486/1282/4179
f 2487/1283/4181 2472/1268/4152 2471/1267/4154
f 2471/1267/4154 2486/1282/4182 2487/1283/4181
f 2488/1284/4183 2473/1270/4155 2474/1269/4156
f 2474/1269/4156 2489/1285/4184 2488/1284/4183
f 2473/1270/4157 2488/1284/4185 2490/1286/4186
f 2490/1286/4186 2475/1271/4158 2473/1270/4157
f 2475/1271/4159 2490/1286/4187 2491/1287/4188
f 2491/1287/4188 2476/1272/4160 2475/1271/4159
f 2492/1288/4189 2477/1273/4161 2476/1272/4162
f 2476/1272/4162 2491/1287/4190 2492/1288/4189
f 2477/1273/4164 2492/1288/4191 2493/1289/4192
f 2493/1289/4192 2478/1274/4163 2477/1273/4164
f 2494/1290/4193 2479/1275/4166 2478/1274/4165
f 2478/1274/4165 2493/1289/4194 2494/1290/4193
f 2495/1291/4195 2480/1276/4167 2479/1275/4168
f 2479/1275/4168 2494/1290/4196 2495/1291/4195
f 2496/1292/4197 2481/1277/4170 2480/1276/4169
f 2480/1276/4169 2495/1291/4198 2496/1292/4197
f 2497/1293/4199 2482/1278/4172 2481/1277/4171
f 2481/1277/4171 2496/1292/4200 2497/1293/4199
f 2498/1294/4201 2483/1279/4173 2482/1278/4174
f 2482/1278/4174 2497/1293/4202 2498/1294/4201
f 2499/1295/4203 2484/1280/4175 2483/1279/4176
f 2483/1279/4176 2498/1294/4204 2499/1295/4203
f 2500/1296/4205 2485/1281/4178 2484/1280/4177
f 2484/1280/4177 2499/1295/4206 2500/1296/4205
f 2501/1297/4207 2486/1282/4179 2485/1281/4180
f 2485/1281/4180 2500/1296/4208 2501/1297/4207
f 2502/1298/4209 2487/1283/4181 2486/1282/4182
f 2486/1282/4182 2501/1297/4210 2502/1298/4209
f 2503/1299/4211 2488/1284/4183 2489/1285/4184
f 2489/1285/4184 2504/1300/4212 2503/1299/4211
f 2505/1301/4213 2490/1286/4186 2488/1284/4185
f 2488/1284/4185 2503/1299/4214 2505/1301/4213
f 2506/1302/4215 2491/1287/4188 2490/1286/4187
f 2490/1286/4187 2505/1301/4216 2506/1302/4215
f 2507/1303/4217 2492/1288/4189 2491/1287/4190
f 2491/1287/4190 2506/1302/4218 2507/1303/4217
f 2492/1288/4191 2507/1303/4219 2508/1304/4220
f 2508/1304/4220 2493/1289/4192 2492/1288/4191
f 2493/1289/4194 2508/1304/4221 2509/1305/4222
f 2509/1305/4222 2494/1290/4193 2493/1289/4194
f 2510/1306/4223 2495/1291/4195 2494/1290/4196
f 2494/1290/4196 2509/1305/4223 2510/1306/4223
f 2511/1307/4224 2496/1292/4197 2495/1291/4198
f 2495/1291/4198 2510/1306/4225 2511/1307/4224
f 2496/1292/4200 2511/1307/4226 2512/1308/4227
f 2512/1308/4227 2497/1293/4199 2496/1292/4200
f 2513/1309/4228 2498/1294/4201 2497/1293/4202
f 2497/1293/4202 2512/1308/4229 2513/1309/4228
f 2498/1294/4204 2513/1309/4230 2514/1310/4231
f 2514/1310/4231 2499/1295/4203 2498/1294/4204
f 2499/1295/4206 2514/1310/4232 2515/1311/4233
f 2515/1311/4233 2500/1296/4205 2499/1295/4206
f 2516/1312/4234 2501/1297/4207 2500/1296/4208
f 2500/1296/4208 2515/1311/4235 2516/1312/4234
f 2517/1313/4236 2502/1298/4209 2501/1297/4210
f 2501/1297/4210 2516/1312/4237 2517/1313/4236
f 2518/1314/4238 2503/1299/4211 2504/1300/4212
f 2504/1300/4212 2519/1315/4239 2518/1314/4238
f 2503/1299/4214 2518/1314/4240 2520/1316/4241
f 2520/1316/4241 2505/1301/4213 2503/1299/4214
f 2505/1301/4216 2520/1316/4242 2521/1317/4243
f 2521/1317/4243 2506/1302/4215 2505/1301/4216
f 2522/1318/4244 2507/1303/4217 2506/1302/4218
f 2506/1302/4218 2521/1317/4245 2522/1318/4244
f 2507/1303/4219 2522/1318/4246 2523/1319/4247
f 2523/1319/4247 2508/1304/4220 2507/1303/4219
f 2508/1304/4221 2523/1319/4248 2524/1320/4249
f 2524/1320/4249 2509/1305/4222 2508/1304/4221
f 2525/1321/4250 2510/1306/4223 2509/1305/4223
f 2509/1305/4223 2524/1320/4251 2525/1321/4250
f 2526/1322/4252 2511/1307/4224 2510/1306/4225
f 2510/1306/4225 2525/1321/4253 2526/1322/4252
f 2511/1307/4226 2526/1322/4254 2527/1323/4255
f 2527/1323/4255 2512/1308/4227 2511/1307/4226
f 2528/1324/4256 2513/1309/4228 2512/1308/4229
f 2512/1308/4229 2527/1323/4257 2528/1324/4256
f 2529/1325/4258 2514/1310/4231 2513/1309/4230
f 2513/1309/4230 2528/1324/4259 2529/1325/4258
f 2514/1310/4232 2529/1325/4260 2530/1326/4261
f 2530/1326/4261 2515/1311/4233 2514/1310/4232
f 2531/1327/4262 2516/1312/4234 2515/1311/4235
f 2515/1311/4235 2530/1326/4263 2531/1327/4262
f 2516/1312/4237 2531/1327/4264 2532/1328/4265
f 2532/1328/4265 2517/1313/4236 2516/1312/4237
f 2533/1329/4266 2518/1314/4238 2519/1315/4239
f 2519/1315/4239 2534/1330/4267 2533/1329/4266
f 2535/1331/4268 2520/1316/4241 2518/1314/4240
f 2518/1314/4240 2533/1329/4269 2535/1331/4268
f 2520/1316/4242 2535/1331/4270 2536/1332/4271
f 2536/1332/4271 2521/1317/4243 2520/1316/4242
f 2537/1333/4272 2522/1318/4244 2521/1317/4245
f 2521/1317/4245 2536/1332/4273 2537/1333/4272
f 2522/1318/4246 2537/1333/4274 2538/1334/4275
f 2538/1334/4275 2523/1319/4247 2522/1318/4246
f 2523/1319/4248 2538/1334/4276 2539/1335/4277
f 2539/1335/4277 2524/1320/4249 2523/1319/4248
f 2540/1336/4278 2525/1321/4250 2524/1320/4251
f 2524/1320/4251 2539/1335/4279 2540/1336/4278
f 2525/1321/4253 2540/1336/4280 2541/1337/4281
f 2541/1337/4281 2526/1322/4252 2525/1321/4253
f 2526/1322/4254 2541/1337/4282 2542/1338/4283
f 2542/1338/4283 2527/1323/4255 2526/1322/4254
f 2543/1339/4284 2528/1324/4256 2527/1323/4257
f 2527/1323/4257 2542/1338/4285 2543/1339/4284
f 2528/1324/4259 2543/1339/4286 2544/1340/4287
f 2544/1340/4287 2529/1325/4258 2528/1324/4259
f 2529/1325/4260 2544/1340/4288 2545/1341/4289
f 2545/1341/4289 2530/1326/4261 2529/1325/4260
f 2546/1342/4290 2531/1327/4262 2530/1326/4263
f 2530/1326/4263 2545/1341/4291 2546/1342/4290
f 2531/1327/4264 2546/1342/4292 2547/1343/4293
f 2547/1343/4293 2532/1328/4265 2531/1327/4264
f 2548/1344/4294 2533/1329/4266 2534/1330/4267
f 2534/1330/4267 2549/1345/4295 2548/1344/4294
f 2550/1346/4296 2535/1331/4268 2533/1329/4269
f 2533/1329/4269 2548/1344/4297 2550/1346/4296
f 2535/1331/4270 2550/1346/4298 2551/1347/4299
f 2551/1347/4299 2536/1332/4271 2535/1331/4270
f 2552/1348/4300 2537/1333/4272 2536/1332/4273
f 2536/1332/4273 2551/1347/4301 2552/1348/4300
f 2537/1333/4274 2552/1348/4302 2553/1349/4303
f 2553/1349/4303 2538/1334/4275 2537/1333/4274
f 2538/1334/4276 2553/1349/4304 2554/1350/4305
f 2554/1350/4305 2539/1335/4277 2538/1334/4276
f 2555/1351/4306 2540/1336/4278 2539/1335/4279
f 2539/1335/4279 2554/1350/4307 2555/1351/4306
f 2556/1352/4308 2541/1337/4281 2540/1336/4280
f 2540/1336/4280 2555/1351/4309 2556/1352/4308
f 2541/1337/4282 2556/1352/4310 2557/1353/4311
f 2557/1353/4311 2542/1338/4283 2541/1337/4282
f 2558/1354/4312 2543/1339/4284 2542/1338/4285
f 2542/1338/4285 2557/1353/4313 2558/1354/4312
f 2543/1339/4286 2558/1354/4314 2559/1355/4315
f 2559/1355/4315 2544/1340/4287 2543/1339/4286
f 2544/1340/4288 2559/1355/4316 2560/1356/4317
f 2560/1356/4317 2545/1341/4289 2544/1340/4288
f 2561/1357/4318 2546/1342/4290 2545/1341/4291
f 2545/1341/4291 2560/1356/4319 2561/1357/4318
f 2546/1342/4292 2561/1357/4320 2562/1358/4321
f 2562/1358/4321 2547/1343/4293 2546/1342/4292
f 2563/1359/4322 2548/1344/4294 2549/1345/4295
f 2549/1345/4295 2564/1360/4322 2563/1359/4322
f 2565/1361/4323 2550/1346/4296 2548/1344/4297
f 2548/1344/4297 2563/1359/4324 2565/1361/4323
f 2550/1346/4298 2565/1361/4325 2566/1362/4326
f 2566/1362/4326 2551/1347/4299 2550/1346/4298
f 2567/1363/4327 2552/1348/4300 2551/1347/4301
f 2551/1347/4301 2566/1362/4328 2567/1363/4327
f 2568/1364/4329 2553/1349/4303 2552/1348/4302
f 2552/1348/4302 2567/1363/4330 2568/1364/4329
f 2553/1349/4304 2568/1364/4331 2569/1365/4332
f 2569/1365/4332 2554/1350/4305 2553/1349/4304
f 2570/1366/4333 2555/1351/4306 2554/1350/4307
f 2554/1350/4307 2569/1365/4334 2570/1366/4333
f 2571/1367/4335 2556/1352/4308 2555/1351/4309
f 2555/1351/4309 2570/1366/4336 2571/1367/4335
f 2556/1352/4310 2571/1367/4337 2572/1368/4338
f 2572/1368/4338 2557/1353/4311 2556/1352/4310
f 2573/1369/4339 2558/1354/4312 2557/1353/4313
f 2557/1353/4313 2572/1368/4340 2573/1369/4339
f 2558/1354/4314 2573/1369/4341 2574/1370/4342
f 2574/1370/4342 2559/1355/4315 2558/1354/4314
f 2559/1355/4316 2574/1370/4343 2575/1371/4344
f 2575/1371/4344 2560/1356/4317 2559/1355/4316
f 2576/1372/4345 2561/1357/4318 2560/1356/4319
f 2560/1356/4319 2575/1371/4346 2576/1372/4345
f 2561/1357/4320 2576/1372/4347 2577/1373/4347
f 2577/1373/4347 2562/1358/4321 2561/1357/4320
f 2578/1374/4348 2563/1359/4348 2564/1360/4348
f 2564/1360/4348 2579/1375/4348 2578/1374/4348
f 2580/1376/4349 2565/1361/4323 2563/1359/4324
f 2563/1359/4324 2578/1374/4349 2580/1376/4349
f 2565/1361/4325 2580/1376/4350 2581/1377/4350
f 2581/1377/4350 2566/1362/4326 2565/1361/4325
f 2582/1378/4351 2567/1363/4327 2566/1362/4328
f 2566/1362/4328 2581/1377/4351 2582/1378/4351
f 2583/1379/4352 2568/1364/4329 2567/1363/4330
f 2567/1363/4330 2582/1378/4352 2583/1379/4352
f 2584/1380/4353 2569/1365/4332 2568/1364/4331
f 2568/1364/4331 2583/1379/4354 2584/1380/4353
f 2585/1381/4355 2570/1366/4333 2569/1365/4334
f 2569/1365/4334 2584/1380/4355 2585/1381/4355
f 2570/1366/4336 2585/1381/4356 2586/1382/4356
f 2586/1382/4356 2571/1367/4335 2570/1366/4336
f 2571/1367/4337 2586/1382/4357 2587/1383/4358
f 2587/1383/4358 2572/1368/4338 2571/1367/4337
f 2588/1384/4359 2573/1369/4339 2572/1368/4340
f 2572/1368/4340 2587/1383/4360 2588/1384/4359
f 2589/1385/4361 2574/1370/4342 2573/1369/4341
f 2573/1369/4341 2588/1384/4362 2589/1385/4361
f 2590/1386/4363 2575/1371/4363 2574/1370/4364
f 2574/1370/4364 2589/1385/4365 2590/1386/4363
f 2591/1387/4366 2576/1372/4366 2575/1371/4366
f 2575/1371/4366 2590/1386/4366 2591/1387/4366
f 2577/1373/4367 2576/1372/4368 2591/1387/4368
f 2591/1387/4368 2592/1388/4368 2577/1373/4367
f 2593/1389/4369 2578/1374/4369 2579/1375/4369
f 2579/1375/4369 2594/1390/4369 2593/1389/4369
f 2595/1391/4370 2580/1376/4370 2578/1374/4371
f 2578/1374/4371 2593/1389/4370 2595/1391/4370
f 2596/1392/4372 2581/1377/4373 2580/1376/4373
f 2580/1376/4373 2595/1391/4373 2596/1392/4372
f 2597/1393/4374 2582/1378/4374 2581/1377/4374
f 2581/1377/4374 2596/1392/4374 2597/1393/4374
f 2582/1378/4375 2597/1393/4375 2598/1394/4375
f 2598/1394/4375 2583/1379/4375 2582/1378/4375
f 2599/1395/4376 2584/1380/4376 2583/1379/4376
f 2583/1379/4376 2598/1394/4376 2599/1395/4376
f 2600/1396/4377 2585/1381/4377 2584/1380/4378
f 2584/1380/4378 2599/1395/4378 2600/1396/4377
f 2585/1381/4379 2600/1396/4380 2601/1397/4381
f 2601/1397/4381 2586/1382/4381 2585/1381/4379
f 2602/1398/4382 2587/1383/4383 2586/1382/4384
f 2586/1382/4384 2601/1397/4385 2602/1398/4382
f 2603/1399/4386 2588/1384/4386 2587/1383/4386
f 2587/1383/4386 2602/1398/4386 2603/1399/4386
f 2588/1384/4387 2603/1399/4388 2604/1400/4388
f 2604/1400/4388 2589/1385/4389 2588/1384/4387
f 2590/1386/4390 2589/1385/4390 2604/1400/4391
f 2604/1400/4391 2605/1401/4391 2590/1386/4390
f 2591/1387/4392 2590/1386/4392 2605/1401/4393
f 2605/1401/4393 2606/1402/4392 2591/1387/4392
f 2592/1388/4394 2591/1387/4394 2606/1402/4395
f 2606/1402/4395 2607/1403/4394 2592/1388/4394
f 2608/1404/4396 2593/1389/4396 2594/1390/4396
f 2594/1390/4396 2609/1405/4396 2608/1404/4396
f 2593/1389/4397 2608/1404/4398 2610/1406/4398
f 2610/1406/4398 2595/1391/4398 2593/1389/4397
f 2596/1392/4399 2595/1391/4399 2610/1406/4400
f 2610/1406/4400 2611/1407/4399 2596/1392/4399
f 2597/1393/4401 2596/1392/4402 2611/1407/4402
f 2611/1407/4402 2612/1408/4402 2597/1393/4401
f 2597/1393/4403 2612/1408/4403 2613/1409/4403
f 2613/1409/4403 2598/1394/4403 2597/1393/4403
f 2599/1395/4404 2598/1394/4405 2613/1409/4405
f 2613/1409/4405 2614/1410/4406 2599/1395/4404
f 2600/1396/4407 2599/1395/4408 2614/1410/4409
f 2614/1410/4409 2615/1411/4410 2600/1396/4407
f 2600/1396/4411 2615/1411/4412 2616/1412/4413
f 2616/1412/4413 2601/1397/4414 2600/1396/4411
f 2602/1398/4415 2601/1397/4416 2616/1412/4416
f 2616/1412/4416 2617/1413/4417 2602/1398/4415
f 2603/1399/4418 2602/1398/4419 2617/1413/4420
f 2617/1413/4420 2618/1414/4418 2603/1399/4418
f 2603/1399/4421 2618/1414/4422 2619/1415/4423
f 2619/1415/4423 2604/1400/4424 2603/1399/4421
f 2605/1401/4425 2604/1400/4426 2619/1415/4425
f 2619/1415/4425 2620/1416/4427 2605/1401/4425
f 2606/1402/4428 2605/1401/4428 2620/1416/4428
f 2620/1416/4428 2621/1417/4428 2606/1402/4428
f 2606/1402/4429 2621/1417/4429 2622/1418/4429
f 2622/1418/4429 2607/1403/4429 2606/1402/4429
f 2397/1146/4430 1502/1148/4430 1501/1419/4430
f 1501/1419/4430 2400/1195/4430 2397/1146/4430
f 2399/1196/4431 2396/1145/4431 2397/1146/4431
f 2397/1146/4431 2400/1195/4431 2399/1196/4431
f 2403/1199/4432 2395/1144/4432 2396/1145/4432
f 2396/1145/4432 2399/1196/4432 2403/1199/4432
f 2405/1200/4433 2394/1143/4434 2395/1144/4435
f 2395/1144/4435 2403/1199/4433 2405/1200/4433
f 2407/1202/4436 2393/1142/4437 2394/1143/4437
f 2394/1143/4437 2405/1200/4438 2407/1202/4436
f 2409/1204/4439 2392/1141/4439 2393/1142/4440
f 2393/1142/4440 2407/1202/4440 2409/1204/4439
f 2411/1206/4441 2391/1140/4442 2392/1141/4443
f 2392/1141/4443 2409/1204/4444 2411/1206/4441
f 2413/1208/4445 2390/1139/4446 2391/1140/4447
f 2391/1140/4447 2411/1206/4448 2413/1208/4445
f 2415/1210/4449 2389/1138/4450 2390/1139/4450
f 2390/1139/4450 2413/1208/4451 2415/1210/4449
f 2417/1212/4452 2388/1137/4452 2389/1138/4453
f 2389/1138/4453 2415/1210/4452 2417/1212/4452
f 2419/1214/4454 2387/1136/4455 2388/1137/4456
f 2388/1137/4456 2417/1212/4457 2419/1214/4454
f 2421/1217/4458 2386/1135/4459 2387/1136/4460
f 2387/1136/4460 2419/1214/4460 2421/1217/4458
f 2423/1218/4461 2385/1134/4462 2386/1135/4463
f 2386/1135/4463 2421/1217/4464 2423/1218/4461
f 2425/1220/4465 2384/1133/4465 2385/1134/4465
f 2385/1134/4465 2423/1218/4466 2425/1220/4465
f 2427/1222/4467 2383/1131/4467 2384/1133/4467
f 2384/1133/4467 2425/1220/4467 2427/1222/4467
f 2129/860/4468 2128/861/4469 2383/1131/4468
f 2383/1131/4468 2427/1222/4468 2129/860/4468
f 2129/860/4470 2427/1222/4470 2426/1223/4470
f 2426/1223/4470 2137/870/4470 2129/860/4470
f 2137/870/4471 2426/1223/4472 2442/1238/4471
f 2442/1238/4471 2138/871/4471 2137/870/4471
f 2442/1238/4473 2457/1253/4474 2139/872/4474
f 2139/872/4474 2138/871/4474 2442/1238/4473
f 2472/1268/4475 2140/873/4475 2139/872/4475
f 2139/872/4475 2457/1253/4475 2472/1268/4475
f 2472/1268/4476 2487/1283/4477 2141/874/4478
f 2141/874/4478 2140/873/4476 2472/1268/4476
f 2502/1298/4479 2142/875/4480 2141/874/4478
f 2141/874/4478 2487/1283/4477 2502/1298/4479
f 2502/1298/4479 2517/1313/4481 2143/876/4482
f 2143/876/4482 2142/875/4480 2502/1298/4479
f 2532/1328/4483 2157/899/4484 2143/876/4482
f 2143/876/4482 2517/1313/4481 2532/1328/4483
f 2532/1328/4483 2547/1343/4485 2156/898/4486
f 2156/898/4486 2157/899/4484 2532/1328/4483
f 2155/897/4487 2156/898/4486 2547/1343/4485
f 2547/1343/4485 2562/1358/4487 2155/897/4487
f 2154/896/4488 2155/897/4488 2562/1358/4488
f 2562/1358/4488 2577/1373/4488 2154/896/4488
f 2153/895/4489 2154/896/4489 2577/1373/4489
f 2577/1373/4489 2592/1388/4489 2153/895/4489
f 2607/1403/4490 2152/894/4491 2153/895/4491
f 2153/895/4491 2592/1388/4491 2607/1403/4490
f 2622/1418/4492 2151/892/4492 2152/894/4492
f 2152/894/4492 2607/1403/4492 2622/1418/4492
f 2622/1418/4493 1929/631/4493 1931/633/4493
f 1931/633/4493 2151/892/4493 2622/1418/4493
f 2622/1418/4494 2621/1417/4495 1928/630/4495
f 1928/630/4495 1929/631/4495 2622/1418/4494
f 1928/630/4496 2621/1417/4497 2620/1416/4498
f 2620/1416/4498 1927/629/4499 1928/630/4496
f 1927/629/4500 2620/1416/4500 2619/1415/4501
f 2619/1415/4501 1926/628/4501 1927/629/4500
f 2619/1415/4502 2618/1414/4503 1925/627/4504
f 1925/627/4504 1926/628/4504 2619/1415/4502
f 1925/627/4505 2618/1414/4506 2617/1413/4507
f 2617/1413/4507 1924/626/4508 1925/627/4505
f 1924/626/4509 2617/1413/4510 2616/1412/4511
f 2616/1412/4511 1923/625/4512 1924/626/4509
f 2616/1412/4513 2615/1411/4513 1922/624/4514
f 1922/624/4514 1923/625/4513 2616/1412/4513
f 1922/624/4515 2615/1411/4516 2614/1410/4517
f 2614/1410/4517 1921/623/4518 1922/624/4515
f 2614/1410/4519 2613/1409/4520 1920/622/4521
f 1920/622/4521 1921/623/4521 2614/1410/4519
f 2613/1409/4522 2612/1408/4523 1919/621/4524
f 1919/621/4524 1920/622/4525 2613/1409/4522
f 1919/621/4526 2612/1408/4526 2611/1407/4526
f 2611/1407/4526 1918/620/4526 1919/621/4526
f 2611/1407/4527 2610/1406/4528 1917/619/4529
f 1917/619/4529 1918/620/4530 2611/1407/4527
f 2610/1406/4531 2608/1404/4532 1916/618/4532
f 1916/618/4532 1917/619/4533 2610/1406/4531
f 1916/618/4534 2608/1404/4534 2609/1405/4535
f 2609/1405/4535 1915/616/4534 1916/618/4534
f 1459/1420/4536 1458/615/4537 1915/616/4537
f 1915/616/4537 2609/1405/4537 1459/1420/4536
f 1467/1421/4538 1459/1420/4538 2609/1405/4538
f 2609/1405/4538 2594/1390/4538 1467/1421/4538
f 1468/1422/4539 1467/1421/4539 2594/1390/4539
f 2594/1390/4539 2579/1375/4539 1468/1422/4539
f 1469/1423/4540 1468/1422/4540 2579/1375/4540
f 2579/1375/4540 2564/1360/4540 1469/1423/4540
f 2549/1345/4541 1470/1424/4542 1469/1423/4543
f 1469/1423/4543 2564/1360/4543 2549/1345/4541
f 1471/1425/4544 1470/1424/4542 2549/1345/4541
f 2549/1345/4541 2534/1330/4545 1471/1425/4544
f 1472/1426/4546 1471/1425/4544 2534/1330/4545
f 2534/1330/4545 2519/1315/4547 1472/1426/4546
f 1473/1427/4548 1472/1426/4546 2519/1315/4547
f 2519/1315/4547 2504/1300/4549 1473/1427/4548
f 2489/1285/4550 1508/1428/4551 1473/1427/4548
f 1473/1427/4548 2504/1300/4549 2489/1285/4550
f 2474/1269/4552 1507/1429/4553 1508/1428/4551
f 1508/1428/4551 2489/1285/4550 2474/1269/4552
f 1506/1430/4554 1507/1429/4553 2474/1269/4552
f 2474/1269/4552 2459/1254/4555 1506/1430/4554
f 1505/1431/4556 1506/1430/4554 2459/1254/4555
f 2459/1254/4555 2444/1239/4556 1505/1431/4556
f 1504/1432/4557 1505/1431/4558 2444/1239/4557
f 2444/1239/4557 2429/1224/4557 1504/1432/4557
f 1503/1433/4559 1504/1432/4559 2429/1224/4559
f 2429/1224/4559 2401/1194/4559 1503/1433/4559
f 2401/1194/4560 2400/1195/4560 1501/1419/4560
f 1501/1419/4560 1503/1433/4560 2401/1194/4560
f 58/2/4561 57/3/4562 1369/3/4562
f 1369/3/4562 1370/2/4562 58/2/4561
f 1375/4/4563 63/4/4563 58/2/4563
f 58/2/4563 1370/2/4563 1375/4/4563
f 68/65/4564 63/4/4565 1375/4/4566
f 1420/107/4567 1499/194/4567 197/194/4567
f 197/194/4567 110/107/4567 1420/107/4567
f 1521/216/4568 1522/217/4568 220/217/4568
f 220/217/4568 219/216/4568 1521/216/4568
f 224/221/4569 220/217/4569 1522/217/4569
f 224/221/4570 1526/221/4570 1530/225/4570
f 1530/225/4570 228/225/4570 224/221/4570
f 232/229/4571 228/225/4571 1530/225/4571
f 232/229/4572 1534/229/4572 1538/233/4572
f 1538/233/4572 236/233/4572 232/229/4572
f 240/237/4573 236/233/4573 1538/233/4573
f 1538/233/4573 1542/237/4573 240/237/4573
f 1546/241/4574 244/241/4574 240/237/4574
f 240/237/4574 1542/237/4574 1546/241/4574
f 1546/241/4575 1550/245/4576 248/245/4575
f 248/245/4575 244/241/4575 1546/241/4575
f 248/245/4577 1550/245/4578 1554/249/4579
f 1554/249/4579 252/249/4578 248/245/4577
f 256/253/4580 252/249/4581 1554/249/4581
f 1554/249/4581 1558/253/4582 256/253/4580
f 1562/257/4583 260/257/4583 256/253/4583
f 256/253/4583 1558/253/4583 1562/257/4583
f 1566/261/4584 264/261/4584 260/257/4584
f 260/257/4584 1562/257/4584 1566/261/4584
f 1566/261/4585 1570/265/4585 268/265/4585
f 268/265/4585 264/261/4585 1566/261/4585
f 268/265/4586 1570/265/4586 1574/269/4586
f 1574/269/4586 272/269/4586 268/265/4586
f 1580/275/4587 1521/216/4588 219/216/4588
f 219/216/4588 278/275/4589 1580/275/4587
f 1604/303/4590 1603/304/4590 302/304/4590
f 302/304/4590 301/303/4590 1604/303/4590
f 1609/309/4591 307/309/4591 302/304/4591
f 302/304/4591 1603/304/4591 1609/309/4591
f 312/314/4592 307/309/4592 1609/309/4592
f 1609/309/4592 1614/314/4592 312/314/4592
f 1614/314/4593 1619/319/4593 317/319/4593
f 317/319/4593 312/314/4593 1614/314/4593
f 1624/324/4594 322/324/4594 317/319/4594
f 317/319/4594 1619/319/4594 1624/324/4594
f 1624/324/4595 1629/329/4595 327/329/4595
f 327/329/4595 322/324/4595 1624/324/4595
f 332/334/4596 327/329/4596 1629/329/4596
f 1629/329/4596 1634/334/4596 332/334/4596
f 1634/334/4597 1639/339/4597 337/339/4597
f 337/339/4597 332/334/4597 1634/334/4597
f 342/344/4598 337/339/4598 1639/339/4598
f 1639/339/4598 1644/344/4598 342/344/4598
f 1649/349/4599 347/349/4599 342/344/4600
f 342/344/4600 1644/344/4599 1649/349/4599
f 347/349/4601 1649/349/4601 1654/354/4601
f 1654/354/4601 352/354/4601 347/349/4601
f 357/359/4602 352/354/4602 1654/354/4603
f 1654/354/4603 1659/359/4602 357/359/4602
f 357/359/4604 1659/359/4604 1664/364/4604
f 1664/364/4604 362/364/4604 357/359/4604
f 1669/369/4605 367/369/4606 362/364/4607
f 362/364/4607 1664/364/4608 1669/369/4605
f 1668/368/4609 366/368/4609 367/369/4609
f 367/369/4609 1669/369/4609 1668/368/4609
f 369/371/4610 366/368/4610 1668/368/4610
f 1668/368/4610 1672/371/4610 369/371/4610
f 1985/718/4611 1993/726/4611 691/726/4611
f 691/726/4611 683/718/4611 1985/718/4611
f 1992/725/4612 690/725/4612 691/726/4612
f 691/726/4612 1993/726/4612 1992/725/4612
f 1992/725/4613 2000/733/4614 698/733/4615
f 698/733/4615 690/725/4616 1992/725/4613
f 2008/740/4617 2007/741/4618 706/741/4618
f 706/741/4618 705/740/4618 2008/740/4617
f 710/745/4619 706/741/4620 2007/741/4619
f 2007/741/4619 2012/745/4621 710/745/4619
f 2018/751/4622 716/751/4623 710/745/4622
f 710/745/4622 2012/745/4623 2018/751/4622
f 2018/751/4624 2017/750/4625 715/750/4624
f 715/750/4624 716/751/4626 2018/751/4624
f 721/756/4627 715/750/4627 2017/750/4628
f 2017/750/4628 2023/756/4627 721/756/4627
f 726/761/4629 721/756/4630 2023/756/4629
f 2023/756/4629 2028/761/4631 726/761/4629
f 731/766/4632 726/761/4633 2028/761/4633
f 2028/761/4633 2033/766/4633 731/766/4632
f 2058/792/4634 757/792/4634 756/791/4634
f 756/791/4634 2059/791/4634 2058/792/4634
f 2060/793/4635 2059/791/4636 756/791/4637
f 756/791/4637 758/793/4636 2060/793/4635
f 2060/793/4638 758/793/4638 759/794/4638
f 759/794/4638 2061/794/4638 2060/793/4638
f 2061/794/4639 759/794/4640 760/795/4639
f 760/795/4639 2062/795/4641 2061/794/4639
f 760/795/4642 765/800/4643 2066/800/4642
f 2066/800/4642 2062/795/4642 760/795/4642
f 2066/800/4644 765/800/4644 764/799/4644
f 2067/799/4645 764/799/4646 766/801/4645
f 766/801/4645 2068/801/4647 2067/799/4645
f 767/802/4648 2069/802/4648 2068/801/4648
f 2068/801/4648 766/801/4648 767/802/4648
f 2069/802/4649 767/802/4649 824/859/4649
f 824/859/4649 2126/859/4649 2069/802/4649
f 2124/857/4650 2123/856/4650 821/856/4650
f 821/856/4650 822/857/4650 2124/857/4650
f 823/858/4651 2125/858/4651 2124/857/4651
f 2124/857/4651 822/857/4651 823/858/4651
f 731/766/4652 2033/766/4652 1985/718/4652
f 1985/718/4652 683/718/4652 731/766/4652
f 2123/856/4653 2126/859/4653 824/859/4653
f 824/859/4653 821/856/4653 2123/856/4653
f 2125/858/4654 823/858/4654 698/733/4654
f 698/733/4654 2000/733/4654 2125/858/4654
f 1672/371/4655 2008/740/4655 705/740/4655
f 705/740/4655 369/371/4655 1672/371/4655
f 757/792/4656 2058/792/4657 1580/275/4657
f 1580/275/4657 278/275/4657 757/792/4656
f 2629/1434/4658 2624/1434/4659 2625/1434/4660
f 2625/1434/4660 2630/1434/4658 2629/1434/4658
f 2626/1434/4661 2631/1434/4662 2630/1434/4663
f 2627/1434/4664 2632/1434/4665 2631/1434/4664
f 2633/1434/4666 2628/1434/4666 2623/1434/4667
f 2636/1435/4668 2635/1436/4668 2634/1437/4669
f 2637/1438/4670 2635/1436/4671 2636/1435/4671
f 2639/1439/4672 2637/1438/4673 2638/1440/4673
f 2639/1439/4674 2640/1441/4674 2641/1442/4675
