# Blender 5.1.0
# www.blender.org
mtllib goddard_patadelanteraizquierda.mtl
o C_rculo
v -4.922489 1.368034 -1.532545
v -4.850589 1.398834 -1.524845
v -4.781489 1.428334 -1.502045
v -4.717789 1.455634 -1.465045
v -4.661889 1.479534 -1.415145
v -4.616089 1.499134 -1.354445
v -4.581989 1.513734 -1.285145
v -4.561089 1.522634 -1.209945
v -4.553989 1.525734 -1.131745
v -4.561089 1.522634 -1.053545
v -4.581989 1.513734 -0.978345
v -4.616089 1.499134 -0.909045
v -4.661889 1.479534 -0.848245
v -4.717789 1.455634 -0.798445
v -4.781489 1.428334 -0.761345
v -4.850589 1.398834 -0.738545
v -4.922489 1.368034 -0.730845
v -4.994389 1.337234 -0.738545
v -5.063589 1.307734 -0.761345
v -5.127289 1.280435 -0.798445
v -5.183089 1.256535 -0.848245
v -5.228989 1.236935 -0.909045
v -5.262989 1.222334 -0.978345
v -5.283989 1.213435 -1.053545
v -5.291089 1.210334 -1.131745
v -5.283989 1.213435 -1.209945
v -5.262989 1.222334 -1.285145
v -5.228989 1.236935 -1.354445
v -5.183089 1.256534 -1.415145
v -4.994389 1.337234 -1.524845
v -5.127289 1.280434 -1.465045
v -5.063589 1.307734 -1.502045
v -5.232289 1.092534 -1.053545
v -5.185689 1.073335 -1.060545
v -5.192089 1.070535 -1.131745
v -5.239289 1.089435 -1.131745
v -5.011789 1.186834 -0.761345
v -5.075589 1.159534 -0.798445
v -4.870789 1.247135 -1.532545
v -4.942689 1.216434 -1.524845
v -4.610189 1.358634 -1.415145
v -4.564389 1.378234 -1.354445
v -4.942689 1.216434 -0.738545
v -5.011789 1.186834 -1.502045
v -4.665989 1.334734 -1.465045
v -4.870789 1.247135 -0.730845
v -5.075589 1.159534 -1.465045
v -4.729789 1.307535 -1.502045
v -4.798889 1.277935 -0.738545
v -5.131389 1.135634 -1.415145
v -4.798889 1.277934 -1.524845
v -4.729789 1.307535 -0.761345
v -5.177189 1.116034 -1.354445
v -4.665989 1.334734 -0.798445
v -5.211289 1.101435 -1.285145
v -4.610189 1.358634 -0.848245
v -5.232289 1.092534 -1.209945
v -4.564389 1.378234 -0.909045
v -4.530289 1.392834 -0.978345
v -4.509289 1.401834 -1.053545
v -5.211289 1.101435 -0.978345
v -4.502289 1.404834 -1.131745
v -5.177189 1.116035 -0.909045
v -4.509289 1.401834 -1.209945
v -5.131389 1.135634 -0.848245
v -4.530289 1.392834 -1.285145
v -5.093889 1.112635 -0.873645
v -5.105489 1.086535 -0.852745
v -5.150589 1.067235 -0.912545
v -5.135589 1.094735 -0.928945
v -4.527589 1.354834 -1.060545
v -4.546689 1.346734 -0.992045
v -5.166589 1.081435 -0.992045
v -4.521189 1.357634 -1.131745
v -4.527589 1.354834 -1.202945
v -4.546689 1.346734 -1.271345
v -5.042989 1.134335 -0.828345
v -4.577689 1.333434 -1.334445
v -4.984989 1.159134 -0.794545
v -4.922089 1.186035 -1.489645
v -4.856689 1.214034 -1.496645
v -4.619389 1.315534 -1.389745
v -4.922089 1.186035 -0.773845
v -4.984989 1.159134 -1.468845
v -4.670289 1.293835 -1.435145
v -4.856689 1.214035 -0.766845
v -5.042989 1.134334 -1.435145
v -4.728289 1.269034 -1.468845
v -4.791189 1.242135 -0.773845
v -5.093889 1.112635 -1.389745
v -4.791189 1.242134 -1.489645
v -4.728289 1.269034 -0.794545
v -5.135589 1.094735 -1.334445
v -4.670289 1.293835 -0.828345
v -5.166589 1.081435 -1.271345
v -4.619389 1.315535 -0.873645
v -5.185689 1.073335 -1.202945
v -4.577689 1.333434 -0.928945
v -4.987789 1.136935 -0.767245
v -4.919789 1.166035 -0.744845
v -4.860189 1.026635 -0.744845
v -4.928189 0.997535 -0.767245
v -4.513989 1.339634 -1.282645
v -4.493289 1.348434 -1.208645
v -5.050489 1.110034 -0.803745
v -4.547489 1.325234 -1.350845
v -4.919789 1.166035 -1.518545
v -4.848989 1.196235 -1.526145
v -4.592589 1.305934 -1.410645
v -4.987789 1.136935 -1.496145
v -4.647489 1.282434 -1.459645
v -4.848989 1.196235 -0.737245
v -5.050489 1.110034 -1.459645
v -4.710189 1.255634 -1.496145
v -4.778289 1.226534 -0.744845
v -5.105489 1.086535 -1.410645
v -4.778289 1.226534 -1.518545
v -4.710189 1.255634 -0.767245
v -5.150589 1.067235 -1.350845
v -4.647489 1.282434 -0.803745
v -5.184089 1.052935 -1.282645
v -4.592589 1.305934 -0.852745
v -5.204689 1.044134 -1.208645
v -4.547489 1.325234 -0.912545
v -5.211689 1.041134 -1.131745
v -4.513989 1.339634 -0.980745
v -5.204689 1.044134 -1.054745
v -4.493289 1.348434 -1.054745
v -5.184089 1.052935 -0.980745
v -4.486389 1.351434 -1.131745
v -4.650589 1.116235 -0.767245
v -4.649089 1.071535 -0.806245
v -4.709789 1.045535 -0.786245
v -4.718589 1.087135 -0.744845
v -4.928189 0.997535 -1.496145
v -4.860189 1.026635 -1.518545
v -4.587889 1.143134 -1.459645
v -4.532989 1.166634 -1.410645
v -4.789389 1.056935 -0.737245
v -4.990889 0.970734 -1.459645
v -4.650589 1.116235 -1.496145
v -5.045789 0.947134 -1.410645
v -4.718589 1.087134 -1.518545
v -5.090889 0.927835 -1.350845
v -4.789389 1.056934 -1.526145
v -4.587889 1.143135 -0.803745
v -5.124489 0.913534 -1.282645
v -4.532989 1.166635 -0.852745
v -5.145089 0.904734 -1.208645
v -4.487889 1.185935 -0.912545
v -5.152089 0.901734 -1.131745
v -4.454289 1.200234 -0.980745
v -5.145089 0.904734 -1.054745
v -4.433689 1.209034 -1.054745
v -5.124489 0.913535 -0.980745
v -4.426689 1.212035 -1.131745
v -5.090889 0.927835 -0.912545
v -4.433689 1.209034 -1.208645
v -5.045789 0.947135 -0.852745
v -4.454289 1.200234 -1.282645
v -4.990889 0.970734 -0.803745
v -4.487889 1.185934 -1.350845
v -4.503689 1.133735 -0.936045
v -4.452889 1.102035 -0.913145
v -4.497889 1.082835 -0.853545
v -4.543989 1.116535 -0.882645
v -5.042289 0.903334 -1.327445
v -5.001989 0.920534 -1.380845
v -4.709789 1.045534 -1.477245
v -4.772989 1.018535 -1.483945
v -4.593089 1.095534 -0.838845
v -5.072189 0.890534 -1.266545
v -5.090589 0.882634 -1.200445
v -5.096889 0.880034 -1.131745
v -4.473789 1.146534 -0.996945
v -5.090589 0.882634 -1.062945
v -4.455389 1.154435 -1.062945
v -5.072189 0.890535 -0.996945
v -4.449089 1.157134 -1.131745
v -5.042289 0.903334 -0.936045
v -4.455389 1.154435 -1.200445
v -5.001989 0.920534 -0.882645
v -4.473789 1.146534 -1.266545
v -4.952889 0.941535 -0.838845
v -4.503689 1.133735 -1.327445
v -4.896889 0.965535 -0.806245
v -4.836189 0.991534 -1.477245
v -4.543989 1.116535 -1.380845
v -4.836189 0.991535 -0.786245
v -4.896889 0.965534 -1.457145
v -4.593089 1.095534 -1.424645
v -4.772989 1.018535 -0.779445
v -4.952889 0.941535 -1.424645
v -4.649089 1.071535 -1.457145
v -4.332989 0.990434 -1.131745
v -4.339989 0.987434 -1.054945
v -4.398889 1.125134 -1.054945
v -4.391989 1.128135 -1.131745
v -5.108389 0.821635 -1.208445
v -5.115389 0.818635 -1.131745
v -4.419489 1.116334 -0.981145
v -5.108389 0.821635 -1.054945
v -5.087889 0.830435 -0.981145
v -5.054389 0.844735 -0.913145
v -4.398889 1.125134 -1.208445
v -5.009389 0.863935 -0.853545
v -4.419489 1.116334 -1.282245
v -4.954589 0.887435 -0.804545
v -4.452889 1.102034 -1.350245
v -4.892089 0.914135 -0.768245
v -4.824189 0.943234 -1.517545
v -4.753689 0.973335 -1.525145
v -4.497889 1.082835 -1.409945
v -4.824189 0.943235 -0.745845
v -4.892089 0.914135 -1.495145
v -4.552689 1.059335 -1.458845
v -4.753689 0.973335 -0.738245
v -4.954589 0.887434 -1.458845
v -4.615189 1.032635 -1.495145
v -4.683089 1.003535 -0.745845
v -5.009389 0.863935 -1.409945
v -4.683089 1.003535 -1.517545
v -4.615189 1.032635 -0.768245
v -5.054389 0.844735 -1.350245
v -4.552689 1.059335 -0.804545
v -5.087889 0.830434 -1.282245
v -4.393989 0.964334 -1.350245
v -4.409989 0.884434 -1.319645
v -4.380689 0.895134 -1.261145
v -4.360589 0.978634 -1.282245
v -4.995489 0.707035 -0.913145
v -5.028889 0.692735 -0.981145
v -4.339989 0.987434 -1.208445
v -4.950489 0.726235 -0.853545
v -4.895689 0.749735 -0.804545
v -4.833189 0.776435 -0.768245
v -4.765289 0.805435 -1.517545
v -4.694789 0.835635 -1.525145
v -4.438989 0.945134 -1.409945
v -4.765289 0.805435 -0.745845
v -4.833189 0.776435 -1.495145
v -4.493789 0.921634 -1.458845
v -4.694789 0.835635 -0.738245
v -4.895689 0.749735 -1.458845
v -4.556289 0.894934 -1.495145
v -4.624189 0.865835 -0.745845
v -4.950489 0.726235 -1.409945
v -4.624189 0.865834 -1.517545
v -4.556289 0.894935 -0.768245
v -4.995489 0.707034 -1.350245
v -4.493789 0.921635 -0.804545
v -5.028889 0.692735 -1.282245
v -4.438989 0.945135 -0.853545
v -5.049489 0.683935 -1.208445
v -4.393989 0.964335 -0.913145
v -5.056489 0.680935 -1.131745
v -4.360589 0.978634 -0.981145
v -5.049489 0.683935 -1.054945
v -4.301289 0.880334 -1.055745
v -4.322089 0.872635 -0.982645
v -4.380689 0.895135 -1.002245
v -4.362589 0.901734 -1.065745
v -4.795689 0.742935 -0.819145
v -4.850689 0.722835 -0.850345
v -4.736089 0.764835 -1.463545
v -4.674189 0.787535 -1.470045
v -4.449489 0.869934 -1.370945
v -4.736089 0.764835 -0.799845
v -4.795689 0.742935 -1.444345
v -4.497689 0.852234 -1.413045
v -4.674189 0.787535 -0.793345
v -4.850689 0.722834 -1.413045
v -4.552589 0.832135 -1.444345
v -4.612189 0.810235 -0.799845
v -4.898789 0.705235 -1.370945
v -4.612189 0.810235 -1.463545
v -4.552589 0.832135 -0.819145
v -4.938289 0.690735 -1.319645
v -4.497689 0.852235 -0.850345
v -4.967689 0.679935 -1.261145
v -4.449489 0.869934 -0.892445
v -4.985689 0.673334 -1.197745
v -4.409989 0.884435 -0.943745
v -4.991789 0.671135 -1.131745
v -4.985689 0.673334 -1.065745
v -4.967689 0.679935 -1.002245
v -4.356489 0.904034 -1.131745
v -4.938289 0.690735 -0.943745
v -4.362589 0.901734 -1.197745
v -4.898789 0.705235 -0.892445
v -4.322089 0.872634 -1.280745
v -4.273789 0.740734 -1.280745
v -4.252989 0.748435 -1.207645
v -4.301289 0.880334 -1.207645
v -4.997789 0.624935 -0.982645
v -5.018589 0.617334 -1.055745
v -4.294289 0.882934 -1.131745
v -4.963989 0.637335 -0.915345
v -4.918489 0.654035 -0.856345
v -4.863089 0.674335 -0.807845
v -4.355889 0.860335 -1.348045
v -4.799889 0.697535 -0.771845
v -4.731289 0.722635 -1.513745
v -4.659989 0.748834 -1.521145
v -4.401389 0.843634 -1.407145
v -4.731289 0.722635 -0.749745
v -4.799889 0.697534 -1.491545
v -4.456789 0.823335 -1.455545
v -4.659989 0.748835 -0.742245
v -4.863089 0.674335 -1.455545
v -4.519989 0.800135 -1.491545
v -4.588589 0.774935 -0.749745
v -4.918489 0.654034 -1.407145
v -4.588589 0.774935 -1.513745
v -4.519989 0.800135 -0.771845
v -4.963989 0.637334 -1.348045
v -4.456789 0.823335 -0.807845
v -4.997789 0.624935 -1.280745
v -4.401389 0.843635 -0.856345
v -5.018589 0.617334 -1.207645
v -4.355889 0.860335 -0.915345
v -5.025689 0.614735 -1.131745
v -4.365389 0.629235 -1.367545
v -4.352989 0.711735 -1.407145
v -4.408389 0.691335 -1.455545
v -4.413789 0.614635 -1.408945
v -4.814789 0.542435 -0.807845
v -4.870189 0.522135 -0.856345
v -4.307589 0.728335 -1.348045
v -4.751489 0.565635 -0.771845
v -4.682889 0.590735 -1.513745
v -4.611589 0.616935 -1.521145
v -4.682889 0.590735 -0.749745
v -4.751489 0.565635 -1.491545
v -4.611589 0.616935 -0.742245
v -4.814789 0.542435 -1.455545
v -4.471689 0.668234 -1.491545
v -4.540289 0.643035 -0.749745
v -4.870189 0.522135 -1.407145
v -4.540289 0.643035 -1.513745
v -4.471689 0.668235 -0.771845
v -4.915689 0.505435 -1.348045
v -4.408389 0.691335 -0.807845
v -4.949489 0.493034 -1.280745
v -4.352989 0.711735 -0.856345
v -4.970289 0.485435 -1.207645
v -4.307589 0.728335 -0.915345
v -4.977289 0.482834 -1.131745
v -4.273789 0.740735 -0.982645
v -4.970289 0.485435 -1.055745
v -4.252989 0.748435 -1.055745
v -4.949489 0.493035 -0.982645
v -4.245889 0.750934 -1.131745
v -4.915689 0.505435 -0.915345
v -4.579789 0.523335 -1.508845
v -4.509289 0.544634 -1.501645
v -4.528889 0.579934 -1.458745
v -4.591189 0.561134 -1.465145
v -4.591189 0.561135 -0.798245
v -4.653489 0.542435 -0.804645
v -4.768589 0.507735 -1.408945
v -4.713389 0.524335 -1.439745
v -4.468989 0.598035 -1.439745
v -4.528889 0.579935 -0.804645
v -4.816889 0.493135 -1.367545
v -4.468989 0.598035 -0.823645
v -4.856589 0.481135 -1.316945
v -4.413789 0.614635 -0.854445
v -4.886089 0.472235 -1.259345
v -4.365389 0.629235 -0.895945
v -4.904289 0.466835 -1.196745
v -4.325689 0.641135 -0.946445
v -4.910489 0.464934 -1.131745
v -4.296189 0.650035 -1.004145
v -4.904289 0.466835 -1.066645
v -4.277989 0.655535 -1.066645
v -4.886089 0.472235 -1.004145
v -4.271889 0.657435 -1.131745
v -4.856589 0.481135 -0.946445
v -4.277989 0.655535 -1.196745
v -4.816889 0.493135 -0.895945
v -4.296189 0.650035 -1.259345
v -4.768589 0.507735 -0.854445
v -4.325689 0.641135 -1.316945
v -4.713389 0.524335 -0.823645
v -4.653489 0.542435 -1.458745
v -4.246189 0.623935 -0.987345
v -4.208889 0.500235 -0.987345
v -4.242289 0.490135 -0.922145
v -4.279489 0.613835 -0.922145
v -4.379189 0.583835 -0.818145
v -4.441589 0.565035 -0.783245
v -4.879989 0.432835 -1.341245
v -4.913389 0.422835 -1.276045
v -4.324389 0.600335 -0.865045
v -4.933889 0.416634 -1.205245
v -4.940889 0.414534 -1.131745
v -4.933889 0.416634 -1.058145
v -4.225589 0.630134 -1.058145
v -4.913389 0.422835 -0.987345
v -4.218689 0.632234 -1.131745
v -4.879989 0.432835 -0.922145
v -4.225589 0.630134 -1.205245
v -4.835089 0.446435 -0.865045
v -4.246189 0.623935 -1.276045
v -4.780389 0.462935 -0.818145
v -4.279489 0.613835 -1.341245
v -4.717989 0.481735 -0.783245
v -4.650189 0.502134 -1.501645
v -4.324389 0.600335 -1.398345
v -4.650189 0.502135 -0.761845
v -4.717989 0.481735 -1.480145
v -4.379189 0.583835 -1.445245
v -4.579789 0.523335 -0.754545
v -4.780389 0.462935 -1.445245
v -4.441589 0.565035 -1.480145
v -4.509289 0.544635 -0.761845
v -4.835089 0.446435 -1.398345
v -4.220289 0.420835 -1.131745
v -4.181389 0.508535 -1.131745
v -4.188289 0.506435 -1.205245
v -4.226189 0.419535 -1.193245
v -4.896689 0.292935 -1.058145
v -4.903589 0.290835 -1.131745
v -4.188289 0.506435 -1.058145
v -4.876089 0.299135 -0.987345
v -4.842689 0.309235 -0.922145
v -4.797789 0.322735 -0.865045
v -4.208889 0.500234 -1.276045
v -4.743089 0.339235 -0.818145
v -4.242289 0.490135 -1.341245
v -4.680689 0.358035 -0.783245
v -4.542489 0.399634 -1.508845
v -4.612889 0.378435 -1.501645
v -4.287189 0.476635 -1.398345
v -4.612889 0.378435 -0.761845
v -4.680689 0.358034 -1.480145
v -4.341889 0.460135 -1.445245
v -4.542489 0.399635 -0.754545
v -4.743089 0.339234 -1.445245
v -4.404289 0.441335 -1.480145
v -4.472089 0.420935 -0.761845
v -4.797789 0.322735 -1.398345
v -4.472089 0.420935 -1.501645
v -4.404289 0.441335 -0.783245
v -4.842689 0.309235 -1.341245
v -4.341889 0.460135 -0.818145
v -4.876089 0.299135 -1.276045
v -4.287189 0.476635 -0.865045
v -4.896689 0.292935 -1.205245
v -4.528789 0.354334 -1.447345
v -4.588989 0.341334 -1.441245
v -4.585989 0.281735 -1.489345
v -4.516389 0.296734 -1.496445
v -4.746989 0.307235 -0.908545
v -4.785389 0.299035 -0.956345
v -4.243789 0.415735 -1.252445
v -4.700189 0.317335 -0.869245
v -4.272289 0.409634 -1.307045
v -4.646889 0.328835 -0.840145
v -4.310689 0.401335 -1.354845
v -4.588989 0.341335 -0.822145
v -4.646889 0.328835 -1.423245
v -4.357389 0.391235 -1.394145
v -4.528789 0.354335 -0.816145
v -4.700189 0.317335 -1.394145
v -4.410789 0.379735 -1.423245
v -4.468589 0.367235 -0.822145
v -4.746989 0.307235 -1.354845
v -4.468589 0.367235 -1.441245
v -4.410789 0.379735 -0.840145
v -4.785389 0.299035 -1.307045
v -4.357389 0.391235 -0.869245
v -4.813889 0.292835 -1.252445
v -4.310689 0.401335 -0.908545
v -4.831389 0.289035 -1.193245
v -4.272289 0.409635 -0.956345
v -4.837289 0.287835 -1.131745
v -4.243789 0.415735 -1.010945
v -4.831389 0.289035 -1.070145
v -4.226189 0.419535 -1.070145
v -4.813889 0.292835 -1.010945
v -4.768489 0.242435 -1.389545
v -4.741289 0.116435 -1.389545
v -4.687289 0.128034 -1.434945
v -4.714489 0.254035 -1.434945
v -4.264289 0.351135 -1.389545
v -4.219989 0.360634 -1.334345
v -4.585989 0.281735 -0.774045
v -4.652789 0.267335 -0.794745
v -4.652789 0.267335 -1.468645
v -4.318389 0.339435 -1.434945
v -4.516389 0.296735 -0.767045
v -4.379989 0.326135 -1.468645
v -4.446889 0.311735 -0.774045
v -4.446889 0.311735 -1.489345
v -4.379989 0.326135 -0.794745
v -4.812789 0.232835 -1.334345
v -4.318389 0.339435 -0.828445
v -4.845789 0.225735 -1.271245
v -4.264289 0.351135 -0.873845
v -4.866089 0.221335 -1.202845
v -4.219989 0.360635 -0.929145
v -4.872889 0.219835 -1.131745
v -4.187089 0.367735 -0.992145
v -4.866089 0.221335 -1.060545
v -4.166789 0.372135 -1.060545
v -4.845789 0.225735 -0.992145
v -4.159889 0.373634 -1.131745
v -4.812789 0.232835 -0.929145
v -4.166789 0.372135 -1.202845
v -4.768489 0.242435 -0.873845
v -4.187089 0.367735 -1.271245
v -4.714489 0.254035 -0.828445
v -4.779089 0.093735 -1.191345
v -4.761989 0.096735 -1.248645
v -4.818589 0.099735 -1.271245
v -4.838889 0.095435 -1.202845
v -4.419689 0.185735 -1.489345
v -4.352789 0.200235 -1.468645
v -4.352789 0.200235 -0.794745
v -4.419689 0.185735 -0.774045
v -4.785689 0.106835 -1.334345
v -4.489289 0.170735 -1.496445
v -4.291189 0.213535 -0.828445
v -4.237189 0.225135 -0.873845
v -4.192789 0.234735 -0.929145
v -4.845789 0.093935 -1.131745
v -4.159889 0.241835 -0.992145
v -4.838889 0.095435 -1.060545
v -4.139589 0.246135 -1.060545
v -4.818589 0.099735 -0.992145
v -4.132789 0.247635 -1.131745
v -4.785689 0.106835 -0.929145
v -4.139589 0.246135 -1.202845
v -4.741289 0.116435 -0.873845
v -4.159889 0.241835 -1.271245
v -4.687289 0.128035 -0.828445
v -4.192789 0.234735 -1.334345
v -4.625689 0.141335 -0.794745
v -4.558789 0.155835 -1.489345
v -4.237189 0.225135 -1.389545
v -4.558789 0.155835 -0.774045
v -4.625689 0.141335 -1.468645
v -4.291189 0.213534 -1.434945
v -4.489289 0.170735 -0.767045
v -4.761989 0.096735 -1.014745
v -4.801889 0.055835 -0.995545
v -4.821789 0.052335 -1.062345
v -4.779089 0.093735 -1.072045
v -4.233289 0.188435 -0.961845
v -4.270689 0.181935 -0.915545
v -4.784889 0.092735 -1.131745
v -4.205389 0.193235 -1.014745
v -4.188289 0.196235 -1.072045
v -4.182489 0.197235 -1.131745
v -4.734089 0.101535 -0.961845
v -4.188289 0.196235 -1.191345
v -4.696689 0.108035 -0.915545
v -4.205389 0.193235 -1.248645
v -4.650989 0.115935 -0.877545
v -4.233289 0.188435 -1.301545
v -4.598989 0.125035 -0.849345
v -4.542489 0.134835 -1.431545
v -4.483689 0.145035 -1.437445
v -4.270689 0.181935 -1.347845
v -4.542489 0.134835 -0.831945
v -4.598989 0.125035 -1.414145
v -4.316389 0.174035 -1.385845
v -4.483689 0.145035 -0.826045
v -4.650989 0.115935 -1.385845
v -4.368389 0.164935 -1.414145
v -4.424889 0.155135 -0.831945
v -4.696689 0.108035 -1.347845
v -4.424889 0.155135 -1.431545
v -4.368389 0.164935 -0.849345
v -4.734089 0.101535 -1.301545
v -4.316389 0.174035 -0.877545
v -4.672689 0.078234 -0.835845
v -4.651089 -0.046766 -0.835845
v -4.704189 -0.055965 -0.880145
v -4.725889 0.068935 -0.880145
v -4.127389 0.172735 -1.131745
v -4.134089 0.171635 -1.062345
v -4.769489 0.061435 -0.934045
v -4.134089 0.171635 -1.201145
v -4.154089 0.168135 -1.267845
v -4.186489 0.162535 -1.329345
v -4.612089 0.088735 -0.802945
v -4.546389 0.100134 -1.480645
v -4.477989 0.111935 -1.487545
v -4.230089 0.154935 -1.383345
v -4.546389 0.100135 -0.782745
v -4.612089 0.088735 -1.460445
v -4.283189 0.145735 -1.427545
v -4.477989 0.111935 -0.775945
v -4.672689 0.078234 -1.427545
v -4.343789 0.135234 -1.460445
v -4.409589 0.123835 -0.782745
v -4.725889 0.068935 -1.383345
v -4.409589 0.123834 -1.480645
v -4.343789 0.135235 -0.802945
v -4.769489 0.061435 -1.329345
v -4.283189 0.145735 -0.835845
v -4.801889 0.055835 -1.267845
v -4.230089 0.154935 -0.880145
v -4.821789 0.052335 -1.201145
v -4.186489 0.162535 -0.934045
v -4.828589 0.051135 -1.131745
v -4.154089 0.168135 -0.995545
v -4.456289 -0.012965 -0.775945
v -4.447889 -0.061665 -0.821645
v -4.508189 -0.065165 -0.827645
v -4.524689 -0.024765 -0.782745
v -4.164789 0.037634 -1.329345
v -4.132389 0.043235 -1.267845
v -4.590489 -0.036165 -0.802945
v -4.524689 -0.024765 -1.480645
v -4.456289 -0.012965 -1.487545
v -4.208389 0.030035 -1.383345
v -4.590489 -0.036165 -1.460445
v -4.261489 0.020834 -1.427545
v -4.651089 -0.046766 -1.427545
v -4.322189 0.010334 -1.460445
v -4.387889 -0.001065 -0.782745
v -4.704189 -0.055965 -1.383345
v -4.387889 -0.001065 -1.480645
v -4.322189 0.010335 -0.802945
v -4.747789 -0.063466 -1.329345
v -4.261489 0.020835 -0.835845
v -4.780189 -0.069066 -1.267845
v -4.208389 0.030035 -0.880145
v -4.800189 -0.072565 -1.201145
v -4.164789 0.037634 -0.934045
v -4.806889 -0.073765 -1.131745
v -4.132389 0.043235 -0.995545
v -4.800189 -0.072565 -1.062345
v -4.112489 0.046634 -1.062345
v -4.780189 -0.069066 -0.995545
v -4.105689 0.047834 -1.131745
v -4.747789 -0.063466 -0.934045
v -4.112489 0.046634 -1.201145
v -4.275889 -0.051965 -0.873945
v -4.251789 -0.074265 -0.839845
v -4.312389 -0.077666 -0.807445
v -4.329389 -0.054965 -0.845245
v -4.619789 -0.071465 -1.389545
v -4.566289 -0.068465 -1.418145
v -4.329389 -0.054965 -1.418145
v -4.275889 -0.051965 -1.389545
v -4.387489 -0.058265 -0.827645
v -4.666689 -0.074166 -1.350945
v -4.387489 -0.058265 -1.435845
v -4.705189 -0.076365 -1.303945
v -4.447889 -0.061666 -1.441745
v -4.733789 -0.077965 -1.250345
v -4.228989 -0.049266 -0.912445
v -4.751489 -0.078965 -1.192245
v -4.190489 -0.047065 -0.959445
v -4.757389 -0.079365 -1.131745
v -4.161889 -0.045465 -1.013045
v -4.751489 -0.078965 -1.071245
v -4.144289 -0.044465 -1.071245
v -4.733789 -0.077965 -1.013045
v -4.138289 -0.044065 -1.131745
v -4.705189 -0.076365 -0.959445
v -4.144289 -0.044465 -1.192245
v -4.666689 -0.074166 -0.912445
v -4.161889 -0.045465 -1.250345
v -4.619789 -0.071465 -0.873945
v -4.190489 -0.047065 -1.303945
v -4.566289 -0.068465 -0.845245
v -4.508189 -0.065166 -1.435845
v -4.228989 -0.049266 -1.350945
v -4.122689 -0.066865 -0.997345
v -4.115689 -0.189865 -0.997345
v -4.148089 -0.191765 -0.936645
v -4.155089 -0.068766 -0.936645
v -4.737889 -0.101965 -1.326745
v -4.770289 -0.103765 -1.266045
v -4.198689 -0.071265 -0.883545
v -4.790189 -0.104865 -1.200145
v -4.796989 -0.105266 -1.131745
v -4.790189 -0.104865 -1.063245
v -4.102789 -0.065766 -1.063245
v -4.770289 -0.103765 -0.997345
v -4.096089 -0.065365 -1.131745
v -4.737889 -0.101965 -0.936645
v -4.102789 -0.065766 -1.200145
v -4.694289 -0.099466 -0.883545
v -4.122689 -0.066865 -1.266045
v -4.641189 -0.096466 -0.839845
v -4.155089 -0.068766 -1.326745
v -4.580589 -0.092966 -0.807445
v -4.514889 -0.089266 -1.475945
v -4.446489 -0.085366 -1.482745
v -4.198689 -0.071265 -1.379945
v -4.514889 -0.089266 -0.787445
v -4.580589 -0.092966 -1.456045
v -4.251789 -0.074265 -1.423545
v -4.446489 -0.085365 -0.780645
v -4.641189 -0.096466 -1.423545
v -4.312389 -0.077666 -1.456045
v -4.378089 -0.081465 -0.787445
v -4.694289 -0.099466 -1.379945
v -4.378089 -0.081465 -1.475945
v -4.095789 -0.188765 -1.200145
v -4.131289 -0.243765 -1.192645
v -4.125289 -0.243765 -1.131745
v -4.088989 -0.188365 -1.131745
v -4.783189 -0.227865 -1.063245
v -4.789989 -0.228265 -1.131745
v -4.095789 -0.188765 -1.063245
v -4.763289 -0.226765 -0.997345
v -4.730889 -0.224965 -0.936645
v -4.687289 -0.222465 -0.883545
v -4.115689 -0.189866 -1.266045
v -4.634189 -0.219465 -0.839845
v -4.148089 -0.191765 -1.326745
v -4.573589 -0.215965 -0.807445
v -4.439489 -0.208365 -1.482745
v -4.507889 -0.212265 -1.475945
v -4.191689 -0.194265 -1.379945
v -4.507889 -0.212265 -0.787445
v -4.573589 -0.215965 -1.456045
v -4.244789 -0.197265 -1.423545
v -4.439489 -0.208365 -0.780645
v -4.634189 -0.219465 -1.423545
v -4.305389 -0.200665 -1.456045
v -4.371089 -0.204465 -0.787445
v -4.687289 -0.222465 -1.379945
v -4.371089 -0.204465 -1.475945
v -4.305389 -0.200665 -0.807445
v -4.730889 -0.224965 -1.326745
v -4.244789 -0.197265 -0.839845
v -4.763289 -0.226765 -1.266045
v -4.191689 -0.194265 -0.883545
v -4.783189 -0.227865 -1.200145
v -4.245889 -0.277665 -0.845145
v -4.305489 -0.277865 -0.813345
v -4.317989 -0.244265 -0.843345
v -4.263989 -0.244165 -0.872145
v -4.658189 -0.245165 -0.910945
v -4.696989 -0.245265 -0.958245
v -4.149089 -0.243865 -1.251145
v -4.610889 -0.244965 -0.872145
v -4.177889 -0.243865 -1.305145
v -4.556889 -0.244865 -0.843345
v -4.498289 -0.244765 -1.437845
v -4.437389 -0.244565 -1.443845
v -4.216689 -0.243965 -1.352445
v -4.498289 -0.244765 -0.825545
v -4.556889 -0.244865 -1.420145
v -4.263989 -0.244165 -1.391245
v -4.437389 -0.244565 -0.819545
v -4.610889 -0.244965 -1.391245
v -4.317989 -0.244265 -1.420145
v -4.376489 -0.244365 -0.825545
v -4.658189 -0.245165 -1.352445
v -4.376489 -0.244365 -1.437845
v -4.696989 -0.245265 -1.305145
v -4.725789 -0.245265 -1.251145
v -4.216689 -0.243965 -0.910945
v -4.743589 -0.245365 -1.192645
v -4.177889 -0.243865 -0.958245
v -4.749589 -0.245365 -1.131745
v -4.149089 -0.243865 -1.012245
v -4.743589 -0.245365 -1.070845
v -4.131289 -0.243765 -1.070845
v -4.725789 -0.245265 -1.012245
v -4.150789 -0.277465 -0.940245
v -4.118989 -0.277365 -0.999845
v -4.118689 -0.342965 -0.999845
v -4.150489 -0.343065 -0.940245
v -4.755789 -0.278965 -1.263545
v -4.723889 -0.278865 -1.323145
v -4.193689 -0.277565 -0.888045
v -4.775389 -0.279065 -1.198945
v -4.781989 -0.279065 -1.131745
v -4.775389 -0.279065 -1.064445
v -4.099389 -0.277265 -1.064445
v -4.755789 -0.278965 -0.999845
v -4.092689 -0.277265 -1.131745
v -4.723889 -0.278865 -0.940245
v -4.099389 -0.277265 -1.198945
v -4.680989 -0.278765 -0.888045
v -4.118989 -0.277365 -1.263545
v -4.628789 -0.278665 -0.845145
v -4.150789 -0.277465 -1.323145
v -4.569189 -0.278465 -0.813345
v -4.504589 -0.278365 -1.469745
v -4.437389 -0.278165 -1.476345
v -4.193689 -0.277565 -1.375445
v -4.504589 -0.278365 -0.793745
v -4.569189 -0.278465 -1.450145
v -4.245889 -0.277665 -1.418245
v -4.437389 -0.278165 -0.787045
v -4.628789 -0.278665 -1.418245
v -4.305489 -0.277865 -1.450145
v -4.370089 -0.277965 -0.793745
v -4.680989 -0.278765 -1.375445
v -4.370089 -0.277965 -1.469745
v -4.504289 -0.343965 -1.469745
v -4.568989 -0.344165 -1.450145
v -4.628489 -0.344265 -1.418245
v -4.680789 -0.344465 -1.375445
v -4.723589 -0.344565 -1.323145
v -4.755489 -0.344665 -1.263545
v -4.775089 -0.344665 -1.198945
v -4.781689 -0.344665 -1.131745
v -4.775089 -0.344665 -1.064445
v -4.755489 -0.344665 -0.999845
v -4.723589 -0.344565 -0.940245
v -4.680789 -0.344465 -0.888045
v -4.628489 -0.344265 -0.845145
v -4.568989 -0.344165 -0.813345
v -4.504289 -0.343965 -0.793745
v -4.437089 -0.343865 -0.787045
v -4.369789 -0.343665 -0.793745
v -4.305189 -0.343465 -0.813345
v -4.245589 -0.343365 -0.845145
v -4.193389 -0.343165 -0.888045
v -4.099089 -0.342965 -1.064445
v -4.092389 -0.342965 -1.131745
v -4.099089 -0.342965 -1.198945
v -4.118689 -0.342965 -1.263545
v -4.150489 -0.343065 -1.323145
v -4.193389 -0.343165 -1.375445
v -4.245589 -0.343365 -1.418245
v -4.305189 -0.343465 -1.450145
v -4.369789 -0.343665 -1.469745
v -4.437089 -0.343865 -1.476345
vn 0.3934 -0.9194 -0.0000
vn 0.3933 -0.9194 -0.0000
vn 0.3933 -0.9194 0.0001
vn 0.3933 -0.9194 -0.0002
vn 0.3935 -0.9193 -0.0002
vn 0.3933 -0.9194 -0.0001
vn 0.3930 -0.9195 -0.0000
vn 0.3931 -0.9195 -0.0002
vn 0.3934 -0.9194 0.0001
vn 0.3934 -0.9194 -0.0001
vn 0.3934 -0.9194 -0.0003
vn 0.3712 0.9260 -0.0696
vn 0.3710 0.9260 -0.0698
vn 0.3711 0.9260 -0.0696
vn 0.3714 0.9259 -0.0693
vn 0.4334 0.1853 -0.8820
vn 0.4334 0.1852 -0.8820
vn 0.4334 0.1854 -0.8819
vn 0.0901 0.0385 0.9952
vn 0.0901 0.0386 0.9952
vn -0.7107 -0.3039 0.6344
vn 0.2667 0.1142 -0.9570
vn 0.2668 0.1142 -0.9570
vn 0.2671 0.1142 -0.9569
vn 0.2671 0.1142 0.9569
vn 0.2667 0.1141 0.9570
vn 0.2670 0.1142 0.9569
vn 0.2670 0.1141 0.9569
vn -0.5835 -0.2497 0.7728
vn -0.5833 -0.2495 0.7730
vn -0.5832 -0.2494 0.7730
vn 0.0901 0.0385 -0.9952
vn 0.4336 0.1854 0.8818
vn 0.4337 0.1854 0.8818
vn 0.4335 0.1854 0.8819
vn -0.4334 -0.1854 0.8819
vn -0.4335 -0.1854 0.8819
vn -0.0901 -0.0385 -0.9952
vn 0.5835 0.2495 0.7729
vn 0.5835 0.2495 0.7728
vn 0.5834 0.2495 0.7729
vn -0.2669 -0.1142 0.9569
vn -0.2669 -0.1141 0.9570
vn -0.2670 -0.1143 0.9569
vn -0.2669 -0.1142 -0.9569
vn -0.2668 -0.1142 -0.9570
vn -0.2670 -0.1142 -0.9569
vn 0.7106 0.3041 0.6345
vn 0.7107 0.3041 0.6344
vn 0.7104 0.3042 0.6347
vn 0.7105 0.3040 0.6346
vn -0.0901 -0.0385 0.9952
vn -0.4335 -0.1854 -0.8819
vn -0.4334 -0.1853 -0.8819
vn -0.4334 -0.1854 -0.8819
vn 0.8106 0.3471 0.4716
vn 0.8109 0.3469 0.4713
vn 0.8108 0.3470 0.4713
vn 0.8111 0.3468 0.4710
vn -0.5832 -0.2495 -0.7731
vn -0.5832 -0.2494 -0.7731
vn -0.5833 -0.2495 -0.7730
vn -0.5832 -0.2495 -0.7730
vn 0.8799 0.3763 0.2902
vn -0.7108 -0.3041 -0.6343
vn -0.7109 -0.3041 -0.6341
vn -0.7106 -0.3041 -0.6344
vn 0.9150 0.3915 0.0978
vn 0.9150 0.3914 0.0977
vn 0.9150 0.3914 0.0979
vn 0.9150 0.3914 0.0980
vn -0.8108 -0.3469 -0.4714
vn -0.8108 -0.3469 -0.4715
vn -0.8106 -0.3466 -0.4719
vn 0.9150 0.3913 -0.0981
vn 0.9150 0.3914 -0.0980
vn 0.9150 0.3915 -0.0980
vn 0.9150 0.3914 -0.0977
vn -0.8798 -0.3764 -0.2902
vn -0.8798 -0.3764 -0.2903
vn 0.8799 0.3763 -0.2902
vn -0.9149 -0.3916 -0.0980
vn -0.9150 -0.3914 -0.0978
vn -0.9149 -0.3916 -0.0975
vn -0.9150 -0.3914 -0.0980
vn 0.8108 0.3470 -0.4713
vn 0.8108 0.3469 -0.4715
vn 0.8106 0.3471 -0.4716
vn 0.8111 0.3468 -0.4710
vn -0.9150 -0.3913 0.0981
vn -0.9149 -0.3915 0.0978
vn -0.9150 -0.3914 0.0981
vn -0.9150 -0.3913 0.0986
vn 0.7105 0.3042 -0.6345
vn 0.7108 0.3041 -0.6342
vn 0.7106 0.3042 -0.6344
vn 0.7105 0.3044 -0.6345
vn -0.8798 -0.3764 0.2904
vn -0.8798 -0.3765 0.2903
vn 0.5832 0.2494 -0.7731
vn -0.8108 -0.3469 0.4713
vn -0.8108 -0.3469 0.4715
vn -0.8108 -0.3468 0.4715
vn -0.8109 -0.3470 0.4712
vn 0.7199 -0.5999 -0.3491
vn 0.7196 -0.6002 -0.3491
vn 0.7198 -0.6002 -0.3487
vn 0.7196 -0.6004 -0.3489
vn -0.9011 0.3816 -0.2061
vn -0.9011 0.3817 -0.2056
vn -0.9012 0.3816 -0.2057
vn -0.9013 0.3813 -0.2055
vn 0.3463 0.9153 -0.2059
vn 0.3463 0.9153 -0.2060
vn 0.3463 0.9153 -0.2058
vn 0.3463 0.9153 -0.2055
vn -0.9261 0.3709 -0.0695
vn -0.9261 0.3709 -0.0693
vn -0.9261 0.3709 -0.0694
vn -0.9261 0.3709 -0.0696
vn 0.2975 0.8942 -0.3344
vn 0.2975 0.8943 -0.3343
vn 0.2974 0.8943 -0.3344
vn -0.9261 0.3709 0.0692
vn -0.9261 0.3709 0.0693
vn 0.2261 0.8641 -0.4497
vn 0.2264 0.8640 -0.4497
vn 0.2266 0.8640 -0.4497
vn -0.9009 0.3819 0.2062
vn -0.9011 0.3817 0.2058
vn -0.9011 0.3815 0.2059
vn -0.9011 0.3815 0.2060
vn 0.1359 0.8254 -0.5480
vn 0.1361 0.8253 -0.5480
vn -0.8522 0.4026 0.3341
vn -0.8525 0.4022 0.3340
vn -0.8521 0.4028 0.3342
vn -0.8519 0.4031 0.3343
vn 0.0297 0.7800 -0.6251
vn 0.0299 0.7799 -0.6252
vn 0.0297 0.7800 -0.6250
vn -0.2135 0.6758 0.7055
vn -0.7813 0.4329 0.4496
vn -0.7813 0.4329 0.4497
vn -0.7813 0.4331 0.4495
vn -0.0882 0.7293 -0.6785
vn -0.0882 0.7294 -0.6784
vn -0.0881 0.7293 0.6784
vn -0.0882 0.7294 0.6784
vn -0.6909 0.4716 0.5480
vn -0.6909 0.4715 0.5480
vn -0.6911 0.4714 0.5479
vn -0.2135 0.6758 -0.7055
vn -0.2132 0.6757 -0.7057
vn -0.2133 0.6758 -0.7056
vn 0.0299 0.7798 0.6253
vn 0.0300 0.7797 0.6254
vn 0.0299 0.7799 0.6252
vn 0.0298 0.7799 0.6252
vn -0.5847 0.5167 0.6254
vn -0.5845 0.5167 0.6256
vn -0.5846 0.5168 0.6254
vn -0.5847 0.5170 0.6252
vn -0.3414 0.6212 -0.7054
vn -0.3412 0.6210 -0.7056
vn -0.3413 0.6211 -0.7055
vn -0.3417 0.6213 -0.7051
vn 0.1361 0.8253 0.5480
vn 0.1361 0.8254 0.5479
vn 0.1361 0.8254 0.5480
vn 0.1361 0.8252 0.5482
vn -0.4665 0.5677 0.6783
vn -0.4664 0.5678 0.6782
vn -0.4666 0.5676 0.6784
vn -0.4664 0.5676 -0.6785
vn -0.4666 0.5675 -0.6784
vn -0.4667 0.5674 -0.6784
vn -0.4667 0.5677 -0.6782
vn 0.2263 0.8641 0.4496
vn 0.2264 0.8640 0.4497
vn 0.2260 0.8642 0.4495
vn -0.3412 0.6212 0.7055
vn -0.3413 0.6211 0.7055
vn -0.5847 0.5171 -0.6251
vn -0.5847 0.5170 -0.6251
vn -0.5845 0.5172 -0.6252
vn -0.5846 0.5170 -0.6252
vn 0.2970 0.8944 0.3345
vn 0.2969 0.8944 0.3344
vn 0.2974 0.8944 0.3342
vn -0.6909 0.4715 -0.5480
vn -0.6909 0.4716 -0.5480
vn 0.3463 0.9152 0.2059
vn 0.3463 0.9153 0.2058
vn 0.3463 0.9153 0.2059
vn 0.3463 0.9152 0.2060
vn -0.7813 0.4329 -0.4497
vn -0.7813 0.4328 -0.4497
vn 0.3711 0.9260 0.0696
vn 0.3708 0.9261 0.0698
vn 0.3709 0.9260 0.0699
vn 0.3712 0.9259 0.0695
vn -0.8523 0.4025 -0.3341
vn -0.8524 0.4025 -0.3339
vn -0.8523 0.4025 -0.3340
vn -0.8522 0.4025 -0.3342
vn 0.2670 0.1142 -0.9569
vn 0.2669 0.1142 -0.9569
vn 0.2668 0.1141 -0.9570
vn -0.1559 -0.9748 0.1595
vn -0.1561 -0.9747 0.1597
vn -0.1558 -0.9748 0.1596
vn -0.1555 -0.9750 0.1589
vn 0.6494 -0.6304 -0.4254
vn -0.1177 -0.9586 0.2594
vn 0.5669 -0.6657 -0.4853
vn 0.5670 -0.6657 -0.4852
vn 0.3780 -0.7465 0.5476
vn 0.3782 -0.7464 0.5477
vn 0.3780 -0.7464 0.5478
vn 0.3780 -0.7465 0.5475
vn -0.0627 -0.9350 0.3492
vn -0.0627 -0.9350 0.3491
vn -0.0626 -0.9350 0.3492
vn 0.4753 -0.7048 -0.5266
vn 0.4753 -0.7049 -0.5266
vn 0.4753 -0.7049 -0.5265
vn 0.4752 -0.7049 0.5266
vn 0.4753 -0.7049 0.5266
vn 0.4752 -0.7048 0.5266
vn 0.4752 -0.7048 0.5267
vn 0.0075 -0.9050 0.4254
vn 0.3780 -0.7464 -0.5477
vn 0.3780 -0.7465 -0.5476
vn 0.3780 -0.7465 -0.5475
vn 0.5669 -0.6657 0.4852
vn 0.5669 -0.6657 0.4853
vn 0.5669 -0.6658 0.4852
vn 0.0899 -0.8697 0.4853
vn 0.0900 -0.8697 0.4853
vn 0.0900 -0.8697 0.4854
vn 0.2790 -0.7887 -0.5478
vn 0.2789 -0.7887 -0.5478
vn 0.2792 -0.7888 -0.5476
vn 0.2789 -0.7889 -0.5476
vn 0.6494 -0.6304 0.4254
vn 0.6494 -0.6304 0.4253
vn 0.1816 -0.8305 0.5266
vn 0.1816 -0.8305 -0.5265
vn 0.1816 -0.8305 -0.5266
vn 0.7197 -0.6003 0.3489
vn 0.7195 -0.6005 0.3488
vn 0.7196 -0.6003 0.3490
vn 0.7196 -0.6003 0.3491
vn 0.2789 -0.7889 0.5476
vn 0.0898 -0.8697 -0.4853
vn 0.0899 -0.8697 -0.4853
vn 0.0900 -0.8697 -0.4853
vn 0.7746 -0.5769 0.2593
vn 0.7746 -0.5768 0.2594
vn 0.7746 -0.5770 0.2590
vn 0.0077 -0.9050 -0.4254
vn 0.0076 -0.9049 -0.4255
vn 0.0071 -0.9049 -0.4256
vn 0.0075 -0.9050 -0.4254
vn 0.8125 -0.5606 0.1598
vn 0.8129 -0.5601 0.1597
vn 0.8125 -0.5606 0.1597
vn 0.8125 -0.5607 0.1597
vn -0.0626 -0.9350 -0.3491
vn -0.0626 -0.9350 -0.3492
vn 0.8319 -0.5524 0.0539
vn 0.8318 -0.5525 0.0539
vn 0.8319 -0.5523 0.0539
vn 0.8319 -0.5523 0.0540
vn -0.1177 -0.9586 -0.2594
vn 0.8320 -0.5522 -0.0540
vn 0.8320 -0.5521 -0.0541
vn 0.8319 -0.5522 -0.0540
vn 0.8319 -0.5523 -0.0539
vn -0.1556 -0.9749 -0.1595
vn -0.1555 -0.9749 -0.1596
vn -0.1556 -0.9748 -0.1597
vn -0.1556 -0.9748 -0.1598
vn 0.8124 -0.5608 -0.1597
vn 0.8124 -0.5608 -0.1596
vn 0.8125 -0.5607 -0.1597
vn 0.8125 -0.5606 -0.1599
vn -0.1749 -0.9831 -0.0541
vn -0.1751 -0.9831 -0.0540
vn -0.1748 -0.9831 -0.0541
vn -0.1748 -0.9831 -0.0540
vn 0.7743 -0.5773 -0.2592
vn 0.7744 -0.5771 -0.2594
vn 0.7745 -0.5769 -0.2594
vn 0.7746 -0.5768 -0.2594
vn -0.1749 -0.9831 0.0539
vn -0.1745 -0.9832 0.0540
vn -0.1750 -0.9831 0.0540
vn -0.1750 -0.9831 0.0539
vn -0.4672 0.5718 -0.6743
vn -0.4672 0.5719 -0.6743
vn -0.4672 0.5720 -0.6742
vn -0.4673 0.5718 -0.6743
vn 0.2670 0.1143 0.9569
vn -0.5835 -0.2495 0.7729
vn -0.5832 -0.2495 0.7731
vn -0.5837 -0.2495 0.7727
vn 0.0903 0.0386 -0.9952
vn 0.0903 0.0387 -0.9952
vn 0.0900 0.0386 -0.9952
vn 0.4334 0.1854 0.8820
vn 0.4333 0.1854 0.8820
vn -0.0900 -0.0386 -0.9952
vn -0.0904 -0.0387 -0.9952
vn -0.0903 -0.0387 -0.9952
vn 0.5832 0.2495 0.7730
vn 0.5833 0.2495 0.7730
vn -0.2668 -0.1142 0.9570
vn -0.2671 -0.1143 -0.9569
vn -0.2669 -0.1142 -0.9570
vn 0.7107 0.3044 0.6342
vn 0.7107 0.3040 0.6345
vn -0.0900 -0.0386 0.9952
vn -0.0901 -0.0386 0.9952
vn -0.0904 -0.0387 0.9952
vn -0.0903 -0.0387 0.9952
vn 0.8108 0.3471 0.4714
vn 0.8108 0.3468 0.4715
vn 0.8108 0.3469 0.4715
vn 0.8108 0.3473 0.4711
vn -0.5836 -0.2495 -0.7728
vn 0.8799 0.3763 0.2900
vn 0.8799 0.3764 0.2901
vn -0.7108 -0.3041 -0.6342
vn 0.9150 0.3914 0.0981
vn 0.9149 0.3915 0.0979
vn -0.8109 -0.3468 -0.4714
vn -0.8107 -0.3469 -0.4716
vn 0.9150 0.3912 -0.0984
vn 0.9150 0.3914 -0.0981
vn -0.8798 -0.3763 -0.2905
vn 0.8799 0.3763 -0.2900
vn 0.8800 0.3763 -0.2897
vn 0.8799 0.3764 -0.2902
vn 0.8798 0.3764 -0.2902
vn -0.9150 -0.3915 -0.0978
vn -0.9150 -0.3914 -0.0981
vn -0.9150 -0.3912 -0.0984
vn 0.8108 0.3471 -0.4714
vn 0.8108 0.3473 -0.4711
vn 0.8108 0.3468 -0.4715
vn -0.9150 -0.3914 0.0979
vn -0.9150 -0.3914 0.0980
vn -0.9149 -0.3915 0.0982
vn 0.7107 0.3044 -0.6342
vn 0.7107 0.3041 -0.6344
vn -0.8799 -0.3764 0.2901
vn -0.8800 -0.3763 0.2897
vn -0.8797 -0.3765 0.2905
vn -0.8798 -0.3764 0.2903
vn 0.5832 0.2495 -0.7731
vn 0.5832 0.2495 -0.7730
vn 0.5830 0.2494 -0.7733
vn -0.8107 -0.3469 0.4717
vn -0.8108 -0.3469 0.4714
vn -0.8109 -0.3469 0.4713
vn 0.4335 0.1854 -0.8819
vn 0.0903 0.0386 0.9952
vn 0.0903 0.0387 0.9952
vn -0.7108 -0.3041 0.6342
vn -0.2939 -0.8224 -0.4871
vn -0.2939 -0.8223 -0.4872
vn -0.2939 -0.8226 -0.4868
vn -0.2940 -0.8225 -0.4868
vn 0.2216 0.8667 0.4469
vn 0.2219 0.8668 0.4466
vn 0.2215 0.8667 0.4470
vn -0.3426 0.6252 0.7013
vn -0.3426 0.6252 0.7012
vn -0.3425 0.6252 0.7013
vn -0.5845 0.5217 -0.6214
vn -0.5844 0.5217 -0.6215
vn -0.5846 0.5217 -0.6214
vn 0.2922 0.8969 0.3320
vn 0.2923 0.8969 0.3320
vn -0.6900 0.4767 -0.5447
vn -0.6899 0.4766 -0.5448
vn -0.6900 0.4768 -0.5446
vn -0.6901 0.4765 -0.5447
vn 0.3410 0.9176 0.2043
vn 0.3412 0.9174 0.2046
vn 0.3411 0.9175 0.2047
vn 0.3409 0.9176 0.2045
vn -0.7799 0.4378 -0.4473
vn -0.7799 0.4380 -0.4471
vn -0.7800 0.4378 -0.4472
vn -0.7800 0.4380 -0.4469
vn 0.3657 0.9282 0.0691
vn 0.3654 0.9283 0.0689
vn 0.3655 0.9282 0.0691
vn 0.3657 0.9281 0.0692
vn -0.8506 0.4078 -0.3321
vn -0.8506 0.4077 -0.3322
vn -0.8503 0.4079 -0.3325
vn -0.8505 0.4079 -0.3322
vn 0.3657 0.9282 -0.0692
vn 0.3657 0.9282 -0.0691
vn 0.3654 0.9283 -0.0690
vn 0.3655 0.9282 -0.0692
vn -0.8991 0.3871 -0.2046
vn -0.8990 0.3871 -0.2046
vn 0.3408 0.9177 -0.2043
vn 0.3412 0.9174 -0.2049
vn 0.3409 0.9176 -0.2045
vn 0.3408 0.9177 -0.2044
vn -0.9238 0.3766 -0.0691
vn -0.9239 0.3765 -0.0689
vn -0.9238 0.3767 -0.0691
vn -0.9237 0.3769 -0.0692
vn 0.2920 0.8969 -0.3320
vn 0.2918 0.8971 -0.3318
vn 0.2921 0.8969 -0.3321
vn 0.2920 0.8970 -0.3320
vn -0.9238 0.3765 0.0691
vn -0.9238 0.3766 0.0692
vn -0.9238 0.3766 0.0691
vn -0.9238 0.3767 0.0691
vn 0.2217 0.8666 -0.4470
vn -0.8991 0.3871 0.2046
vn -0.8991 0.3870 0.2046
vn -0.8991 0.3870 0.2047
vn 0.1319 0.8282 -0.5447
vn 0.1318 0.8282 -0.5447
vn -0.8504 0.4080 0.3322
vn -0.8504 0.4079 0.3322
vn -0.8504 0.4079 0.3323
vn 0.0262 0.7830 -0.6215
vn -0.2156 0.6794 0.7014
vn -0.2156 0.6795 0.7013
vn -0.2155 0.6793 0.7015
vn -0.2153 0.6792 0.7017
vn -0.7799 0.4381 0.4470
vn -0.7799 0.4383 0.4469
vn -0.0915 0.7327 -0.6744
vn -0.0917 0.7327 -0.6743
vn -0.0914 0.7326 -0.6745
vn -0.0910 0.7328 0.6744
vn -0.0907 0.7330 0.6742
vn -0.0909 0.7327 0.6745
vn -0.0910 0.7327 0.6744
vn -0.6901 0.4764 0.5448
vn -0.6901 0.4765 0.5448
vn -0.6901 0.4765 0.5447
vn -0.6901 0.4763 0.5449
vn -0.2157 0.6795 -0.7013
vn -0.2156 0.6795 -0.7013
vn -0.2155 0.6795 -0.7013
vn 0.0264 0.7829 0.6215
vn 0.0264 0.7830 0.6215
vn 0.0263 0.7830 0.6214
vn 0.0263 0.7830 0.6215
vn -0.5847 0.5217 0.6213
vn -0.5845 0.5219 0.6213
vn -0.5845 0.5217 0.6215
vn -0.3423 0.6252 -0.7014
vn -0.3426 0.6250 -0.7015
vn -0.3425 0.6251 -0.7014
vn -0.3426 0.6252 -0.7013
vn 0.1319 0.8282 0.5447
vn 0.1319 0.8282 0.5446
vn -0.4674 0.5716 0.6744
vn -0.4671 0.5719 0.6743
vn -0.4672 0.5718 0.6743
vn -0.9150 -0.3915 -0.0980
vn -0.9148 -0.3918 -0.0979
vn -0.9149 -0.3916 -0.0978
vn 0.9546 -0.2881 0.0754
vn 0.9546 -0.2881 0.0753
vn 0.9546 -0.2881 0.0752
vn 0.9546 -0.2880 0.0755
vn -0.3706 -0.8554 -0.3618
vn -0.3705 -0.8555 -0.3619
vn -0.3707 -0.8554 -0.3618
vn 0.9546 -0.2882 -0.0753
vn 0.9546 -0.2882 -0.0754
vn 0.9546 -0.2881 -0.0752
vn -0.4236 -0.8780 -0.2231
vn -0.4239 -0.8779 -0.2229
vn -0.4236 -0.8780 -0.2230
vn -0.4237 -0.8779 -0.2230
vn 0.9276 -0.2999 -0.2227
vn 0.9276 -0.2997 -0.2229
vn -0.4508 -0.8894 -0.0753
vn -0.4509 -0.8894 -0.0753
vn -0.4510 -0.8893 -0.0758
vn 0.8747 -0.3222 -0.3619
vn 0.8746 -0.3224 -0.3620
vn 0.8748 -0.3222 -0.3619
vn 0.8748 -0.3220 -0.3618
vn -0.4510 -0.8893 0.0758
vn -0.4506 -0.8895 0.0753
vn -0.4507 -0.8895 0.0753
vn -0.4509 -0.8894 0.0754
vn 0.7977 -0.3552 -0.4874
vn 0.7977 -0.3553 -0.4872
vn 0.7976 -0.3551 -0.4876
vn -0.4238 -0.8779 0.2229
vn -0.4237 -0.8779 0.2229
vn -0.4238 -0.8779 0.2230
vn 0.6999 -0.3971 -0.5936
vn 0.6999 -0.3971 -0.5937
vn -0.3710 -0.8551 0.3620
vn -0.3705 -0.8554 0.3619
vn -0.3710 -0.8552 0.3620
vn -0.3710 -0.8552 0.3619
vn 0.5848 -0.4463 -0.6773
vn 0.5848 -0.4464 -0.6773
vn 0.5848 -0.4463 -0.6774
vn 0.3210 -0.5593 0.7643
vn 0.3211 -0.5592 0.7643
vn 0.3211 -0.5593 0.7643
vn 0.3212 -0.5594 0.7642
vn -0.2939 -0.8223 0.4873
vn -0.2939 -0.8223 0.4872
vn -0.2941 -0.8223 0.4871
vn -0.2940 -0.8223 0.4872
vn 0.4570 -0.5010 -0.7350
vn 0.4572 -0.5011 -0.7348
vn 0.4568 -0.5009 -0.7352
vn 0.4569 -0.5011 0.7350
vn 0.4569 -0.5010 0.7350
vn -0.1961 -0.7804 0.5937
vn -0.1961 -0.7804 0.5938
vn 0.3212 -0.5594 -0.7642
vn 0.5848 -0.4464 0.6773
vn 0.5850 -0.4464 0.6771
vn -0.0810 -0.7313 0.6773
vn -0.0806 -0.7316 0.6770
vn -0.0809 -0.7312 0.6773
vn -0.0810 -0.7312 0.6774
vn 0.1827 -0.6184 -0.7644
vn 0.1827 -0.6184 -0.7643
vn 0.6998 -0.3970 0.5938
vn 0.7000 -0.3968 0.5938
vn 0.6998 -0.3971 0.5938
vn 0.6997 -0.3974 0.5938
vn 0.0469 -0.6763 0.7351
vn 0.0469 -0.6764 0.7350
vn 0.0468 -0.6764 0.7350
vn 0.0467 -0.6769 0.7346
vn 0.0471 -0.6765 -0.7349
vn 0.0468 -0.6765 -0.7350
vn 0.0477 -0.6766 -0.7349
vn 0.7977 -0.3551 0.4873
vn 0.7976 -0.3550 0.4876
vn 0.7978 -0.3550 0.4874
vn 0.7978 -0.3550 0.4873
vn 0.1827 -0.6185 0.7643
vn 0.1827 -0.6184 0.7643
vn 0.1828 -0.6185 0.7642
vn -0.0810 -0.7313 -0.6773
vn -0.0809 -0.7313 -0.6772
vn -0.0809 -0.7313 -0.6773
vn -0.0810 -0.7312 -0.6773
vn 0.8745 -0.3224 0.3624
vn 0.8746 -0.3224 0.3621
vn 0.8746 -0.3223 0.3623
vn -0.1962 -0.7804 -0.5937
vn -0.1961 -0.7804 -0.5937
vn 0.9276 -0.2997 0.2228
vn 0.9277 -0.2997 0.2226
vn 0.9276 -0.2998 0.2226
vn 0.9276 -0.3000 0.2226
vn -0.8745 0.3110 0.3723
vn -0.8744 0.3110 0.3723
vn 0.8105 0.3471 -0.4719
vn 0.8107 0.3470 -0.4716
vn 0.8107 0.3470 -0.4715
vn -0.9150 -0.3915 0.0980
vn 0.7106 0.3040 -0.6345
vn 0.7107 0.3040 -0.6345
vn -0.8798 -0.3763 0.2904
vn -0.8798 -0.3765 0.2902
vn 0.5834 0.2495 -0.7729
vn 0.5835 0.2496 -0.7728
vn 0.5833 0.2495 -0.7730
vn -0.8107 -0.3470 0.4716
vn -0.8107 -0.3469 0.4715
vn 0.4332 0.1853 -0.8821
vn 0.4337 0.1856 -0.8818
vn 0.0902 0.0386 0.9952
vn -0.7107 -0.3041 0.6344
vn 0.2669 0.1141 -0.9569
vn 0.2669 0.1141 -0.9570
vn 0.2671 0.1144 -0.9569
vn 0.2669 0.1141 0.9569
vn 0.2668 0.1140 0.9570
vn 0.2669 0.1141 0.9570
vn 0.2669 0.1142 0.9569
vn -0.5830 -0.2494 0.7732
vn -0.5834 -0.2495 0.7729
vn 0.0902 0.0386 -0.9952
vn 0.4332 0.1853 0.8821
vn 0.4334 0.1854 0.8819
vn 0.4335 0.1855 0.8818
vn -0.4332 -0.1853 0.8821
vn -0.0901 -0.0386 -0.9952
vn -0.0906 -0.0387 -0.9951
vn -0.0902 -0.0386 -0.9952
vn 0.5830 0.2494 0.7732
vn -0.2671 -0.1143 0.9569
vn -0.2668 -0.1141 0.9570
vn -0.2672 -0.1145 -0.9568
vn -0.2673 -0.1145 -0.9568
vn -0.2671 -0.1144 -0.9568
vn -0.2673 -0.1146 -0.9568
vn 0.7108 0.3041 0.6342
vn 0.7111 0.3042 0.6339
vn -0.4332 -0.1853 -0.8821
vn 0.8106 0.3472 0.4715
vn 0.8107 0.3468 0.4718
vn 0.8108 0.3469 0.4714
vn -0.5834 -0.2495 -0.7729
vn 0.8798 0.3764 0.2903
vn 0.8798 0.3763 0.2905
vn 0.8798 0.3763 0.2904
vn 0.8798 0.3765 0.2902
vn -0.7107 -0.3040 -0.6345
vn -0.7106 -0.3040 -0.6345
vn 0.9149 0.3914 0.0985
vn -0.8109 -0.3469 -0.4713
vn 0.9150 0.3914 -0.0982
vn 0.9150 0.3914 -0.0983
vn -0.8798 -0.3763 -0.2904
vn 0.8798 0.3765 -0.2902
vn 0.8796 0.3769 -0.2904
vn 0.8797 0.3767 -0.2901
vn 0.8798 0.3764 -0.2903
vn -0.2982 -0.9368 -0.1830
vn -0.2983 -0.9367 -0.1835
vn -0.2983 -0.9367 -0.1830
vn -0.2983 -0.9368 -0.1828
vn -0.0225 0.8395 -0.5429
vn -0.2114 0.7087 0.6731
vn -0.2115 0.7087 0.6731
vn -0.2117 0.7089 0.6728
vn -0.7921 0.3575 0.4948
vn -0.1083 0.7781 -0.6187
vn -0.1085 0.7781 -0.6187
vn -0.1084 0.7781 -0.6187
vn -0.1083 0.7782 0.6186
vn -0.1085 0.7781 0.6187
vn -0.1084 0.7782 0.6186
vn -0.6898 0.4161 0.5925
vn -0.2115 0.7087 -0.6731
vn -0.2115 0.7086 -0.6731
vn -0.0224 0.8395 0.5429
vn -0.0225 0.8395 0.5429
vn -0.5737 0.4840 0.6608
vn -0.3274 0.6340 -0.7006
vn 0.0443 0.8907 0.4525
vn 0.0445 0.8906 0.4525
vn -0.4505 0.5579 0.6970
vn -0.4505 0.5579 -0.6970
vn 0.0930 0.9306 0.3539
vn 0.0930 0.9307 0.3539
vn -0.3274 0.6340 0.7006
vn -0.5737 0.4840 -0.6608
vn 0.1251 0.9596 0.2521
vn 0.1251 0.9596 0.2522
vn -0.6898 0.4161 -0.5925
vn 0.1441 0.9781 0.1505
vn 0.1440 0.9781 0.1505
vn -0.7921 0.3575 -0.4948
vn 0.1525 0.9870 0.0499
vn 0.1526 0.9870 0.0500
vn 0.1526 0.9870 0.0501
vn -0.8745 0.3110 -0.3723
vn -0.8744 0.3110 -0.3723
vn 0.1528 0.9870 -0.0497
vn 0.1526 0.9870 -0.0500
vn 0.1524 0.9871 -0.0500
vn -0.9321 0.2789 -0.2311
vn -0.9321 0.2788 -0.2312
vn -0.9321 0.2788 -0.2313
vn 0.1440 0.9781 -0.1505
vn -0.9618 0.2623 -0.0784
vn -0.9617 0.2624 -0.0787
vn -0.9618 0.2625 -0.0782
vn 0.1251 0.9596 -0.2522
vn -0.9618 0.2623 0.0784
vn -0.9618 0.2622 0.0782
vn -0.9618 0.2624 0.0784
vn 0.0930 0.9306 -0.3539
vn 0.0931 0.9306 -0.3540
vn -0.9321 0.2788 0.2312
vn 0.0446 0.8907 -0.4525
vn 0.0445 0.8907 -0.4525
vn 0.0445 0.8906 -0.4525
vn -0.8986 -0.3290 0.2903
vn 0.8334 -0.5217 -0.1825
vn 0.8332 -0.5219 -0.1828
vn 0.8331 -0.5220 -0.1828
vn -0.3210 -0.9451 -0.0617
vn -0.3211 -0.9450 -0.0617
vn 0.7888 -0.5382 -0.2969
vn 0.7888 -0.5381 -0.2969
vn -0.3210 -0.9451 0.0617
vn 0.7245 -0.5617 -0.3996
vn 0.7245 -0.5616 -0.3997
vn 0.7244 -0.5618 -0.3995
vn -0.2983 -0.9368 0.1830
vn -0.2982 -0.9369 0.1827
vn -0.2980 -0.9368 0.1831
vn -0.2983 -0.9367 0.1835
vn 0.6425 -0.5918 -0.4868
vn 0.6424 -0.5919 -0.4868
vn -0.2542 -0.9205 0.2966
vn -0.2542 -0.9205 0.2967
vn -0.2541 -0.9205 0.2967
vn 0.5461 -0.6272 -0.5553
vn 0.3254 -0.7082 0.6266
vn 0.3255 -0.7082 0.6265
vn 0.3253 -0.7081 0.6267
vn -0.1897 -0.8969 0.3995
vn -0.1897 -0.8968 0.3996
vn 0.4390 -0.6665 -0.6026
vn 0.4389 -0.6664 -0.6027
vn 0.4390 -0.6664 -0.6026
vn 0.4389 -0.6667 0.6023
vn 0.4389 -0.6668 0.6023
vn 0.4390 -0.6667 0.6023
vn 0.4390 -0.6666 0.6024
vn -0.1072 -0.8669 0.4868
vn -0.1076 -0.8669 0.4868
vn -0.1073 -0.8669 0.4868
vn -0.1074 -0.8669 0.4868
vn 0.3254 -0.7080 -0.6268
vn 0.3254 -0.7081 -0.6267
vn 0.3253 -0.7080 -0.6269
vn 0.5460 -0.6271 0.5555
vn 0.5463 -0.6270 0.5554
vn 0.5460 -0.6272 0.5555
vn 0.5461 -0.6272 0.5553
vn -0.0115 -0.8316 0.5552
vn -0.0114 -0.8313 0.5557
vn -0.0114 -0.8315 0.5554
vn -0.0113 -0.8316 0.5553
vn 0.2093 -0.7506 -0.6268
vn 0.2095 -0.7506 -0.6267
vn 0.2092 -0.7505 -0.6269
vn 0.6425 -0.5918 0.4868
vn 0.6424 -0.5916 0.4872
vn 0.6425 -0.5918 0.4869
vn 0.6424 -0.5919 0.4867
vn 0.0957 -0.7923 0.6026
vn 0.0961 -0.7924 0.6024
vn 0.0958 -0.7923 0.6026
vn 0.0958 -0.7923 -0.6026
vn 0.0959 -0.7922 -0.6026
vn 0.7245 -0.5617 0.3995
vn 0.7244 -0.5618 0.3995
vn 0.2093 -0.7507 0.6265
vn 0.2095 -0.7508 0.6264
vn 0.2094 -0.7507 0.6265
vn 0.2096 -0.7505 0.6267
vn -0.0109 -0.8317 -0.5551
vn -0.0112 -0.8316 -0.5552
vn -0.0110 -0.8317 -0.5551
vn 0.7889 -0.5381 0.2969
vn 0.7888 -0.5383 0.2967
vn 0.7888 -0.5382 0.2968
vn -0.1077 -0.8669 -0.4868
vn -0.1078 -0.8669 -0.4868
vn 0.8332 -0.5218 0.1828
vn 0.8333 -0.5218 0.1827
vn 0.8335 -0.5215 0.1826
vn -0.1898 -0.8967 -0.3999
vn -0.1895 -0.8967 -0.4000
vn -0.1899 -0.8968 -0.3997
vn 0.8558 -0.5137 0.0617
vn 0.8557 -0.5137 0.0621
vn 0.8557 -0.5137 0.0618
vn 0.8556 -0.5139 0.0618
vn -0.2541 -0.9206 -0.2967
vn -0.2542 -0.9206 -0.2965
vn -0.2541 -0.9206 -0.2966
vn -0.2542 -0.9206 -0.2966
vn 0.8557 -0.5138 -0.0618
vn 0.8557 -0.5137 -0.0618
vn -0.6722 0.4089 0.6172
vn -0.6723 0.4089 0.6172
vn 0.5957 0.2184 -0.7730
vn 0.5957 0.2184 -0.7729
vn 0.5956 0.2184 -0.7730
vn -0.8281 -0.3034 0.4714
vn -0.8282 -0.3031 0.4714
vn -0.8281 -0.3032 0.4716
vn -0.8280 -0.3037 0.4713
vn 0.4426 0.1622 -0.8819
vn 0.4422 0.1623 -0.8821
vn 0.4427 0.1622 -0.8819
vn 0.4428 0.1621 -0.8818
vn 0.0920 0.0337 0.9952
vn 0.0919 0.0337 0.9952
vn -0.7258 -0.2661 0.6344
vn -0.7258 -0.2660 0.6343
vn -0.7257 -0.2661 0.6344
vn 0.2725 0.0999 -0.9570
vn 0.2723 0.0999 -0.9570
vn 0.2727 0.0999 -0.9569
vn 0.2727 0.1000 0.9569
vn 0.2726 0.0999 0.9569
vn -0.5957 -0.2184 0.7729
vn -0.5956 -0.2184 0.7730
vn -0.5957 -0.2184 0.7730
vn -0.5959 -0.2183 0.7728
vn 0.0922 0.0338 -0.9952
vn 0.4424 0.1621 0.8820
vn 0.4427 0.1624 0.8818
vn 0.4426 0.1623 0.8819
vn 0.4423 0.1620 0.8821
vn -0.4427 -0.1622 0.8819
vn -0.4428 -0.1621 0.8818
vn -0.4425 -0.1622 0.8820
vn -0.4424 -0.1622 0.8820
vn -0.0922 -0.0338 -0.9952
vn -0.0920 -0.0337 -0.9952
vn -0.0923 -0.0338 -0.9952
vn 0.5955 0.2181 0.7732
vn 0.5955 0.2181 0.7731
vn -0.2729 -0.0999 0.9568
vn -0.2726 -0.0999 0.9569
vn -0.2724 -0.0998 -0.9570
vn -0.2725 -0.0999 -0.9569
vn -0.2722 -0.0997 -0.9571
vn 0.7261 0.2659 0.6341
vn 0.7259 0.2660 0.6343
vn -0.0920 -0.0337 0.9952
vn -0.0919 -0.0337 0.9952
vn -0.0921 -0.0337 0.9952
vn -0.4425 -0.1622 -0.8820
vn -0.4428 -0.1621 -0.8818
vn -0.4427 -0.1622 -0.8819
vn -0.4424 -0.1622 -0.8820
vn 0.8280 0.3037 0.4714
vn 0.8280 0.3036 0.4714
vn -0.5958 -0.2185 -0.7729
vn -0.5956 -0.2184 -0.7730
vn -0.5957 -0.2184 -0.7729
vn -0.5959 -0.2185 -0.7728
vn 0.8987 0.3291 0.2899
vn -0.7258 -0.2658 -0.6345
vn -0.7258 -0.2661 -0.6344
vn -0.7260 -0.2662 -0.6341
vn -0.7259 -0.2661 -0.6343
vn 0.9344 0.3425 0.0981
vn 0.9344 0.3425 0.0980
vn 0.9343 0.3426 0.0983
vn -0.8280 -0.3036 -0.4714
vn -0.8280 -0.3037 -0.4714
vn 0.9344 0.3425 -0.0981
vn 0.9344 0.3425 -0.0982
vn 0.9343 0.3426 -0.0982
vn 0.9343 0.3428 -0.0978
vn -0.8986 -0.3290 -0.2903
vn -0.8985 -0.3294 -0.2903
vn 0.8987 0.3291 -0.2899
vn 0.8985 0.3293 -0.2902
vn -0.9344 -0.3425 -0.0980
vn -0.9344 -0.3426 -0.0978
vn -0.9344 -0.3424 -0.0983
vn 0.8280 0.3036 -0.4714
vn 0.8280 0.3038 -0.4713
vn -0.9344 -0.3425 0.0981
vn -0.9344 -0.3426 0.0979
vn -0.9344 -0.3425 0.0982
vn -0.9344 -0.3424 0.0983
vn 0.7256 0.2657 -0.6348
vn 0.1506 -0.7276 0.6692
vn 0.1505 -0.7276 0.6693
vn 0.1505 -0.7277 0.6692
vn -0.1561 0.6844 -0.7122
vn 0.0545 0.8122 0.5808
vn 0.0545 0.8123 0.5807
vn -0.5483 0.4720 0.6904
vn -0.5482 0.4720 0.6904
vn -0.2828 0.6131 -0.7377
vn 0.1313 0.8637 0.4866
vn 0.1312 0.8636 0.4867
vn -0.4159 0.5411 0.7309
vn -0.4159 0.5411 -0.7309
vn 0.1880 0.9046 0.3826
vn 0.1880 0.9046 0.3827
vn 0.1881 0.9047 0.3823
vn -0.2828 0.6131 0.7377
vn -0.2828 0.6131 0.7376
vn -0.5482 0.4720 -0.6904
vn 0.2264 0.9348 0.2737
vn 0.2266 0.9347 0.2739
vn 0.2267 0.9346 0.2740
vn -0.6721 0.4089 -0.6173
vn -0.6722 0.4089 -0.6172
vn -0.6722 0.4089 -0.6173
vn 0.2499 0.9543 0.1639
vn 0.2499 0.9543 0.1640
vn -0.7807 0.3549 -0.5143
vn 0.2606 0.9639 0.0547
vn 0.2606 0.9639 0.0546
vn -0.8679 0.3122 -0.3864
vn 0.2605 0.9639 -0.0550
vn 0.2606 0.9639 -0.0546
vn -0.9288 0.2828 -0.2396
vn 0.2499 0.9543 -0.1640
vn 0.2499 0.9543 -0.1638
vn -0.9601 0.2675 -0.0814
vn -0.9601 0.2677 -0.0812
vn 0.2266 0.9346 -0.2740
vn 0.2266 0.9347 -0.2739
vn 0.2267 0.9346 -0.2740
vn -0.9601 0.2674 0.0815
vn -0.9601 0.2677 0.0812
vn -0.9601 0.2676 0.0813
vn -0.9601 0.2675 0.0812
vn 0.1877 0.9047 -0.3824
vn 0.1880 0.9045 -0.3827
vn 0.1878 0.9046 -0.3827
vn 0.1880 0.9046 -0.3827
vn -0.9288 0.2828 0.2396
vn 0.1313 0.8636 -0.4867
vn -0.8679 0.3122 0.3864
vn -0.8679 0.3122 0.3863
vn 0.0545 0.8123 -0.5807
vn 0.0541 0.8124 -0.5806
vn -0.1561 0.6844 0.7122
vn -0.7807 0.3549 0.5143
vn -0.0422 0.7518 -0.6580
vn -0.0421 0.7518 -0.6580
vn -0.0421 0.7518 0.6580
vn -0.0423 0.7518 0.6580
vn -0.8443 -0.2545 -0.4715
vn -0.8441 -0.2545 -0.4719
vn -0.8444 -0.2544 -0.4715
vn -0.8444 -0.2545 -0.4714
vn -0.0900 -0.8001 -0.5931
vn 0.7813 -0.5376 0.3170
vn 0.7814 -0.5375 0.3170
vn 0.7814 -0.5376 0.3170
vn -0.1947 -0.8318 -0.5199
vn -0.1945 -0.8318 -0.5199
vn -0.1947 -0.8317 -0.5199
vn -0.1949 -0.8317 -0.5199
vn 0.8297 -0.5229 0.1951
vn 0.8298 -0.5229 0.1951
vn 0.8298 -0.5229 0.1952
vn 0.8297 -0.5229 0.1952
vn -0.2842 -0.8586 -0.4266
vn -0.2842 -0.8587 -0.4265
vn -0.2841 -0.8587 -0.4265
vn 0.8544 -0.5154 0.0662
vn 0.8544 -0.5153 0.0666
vn 0.8545 -0.5151 0.0665
vn -0.3543 -0.8797 -0.3170
vn -0.3545 -0.8797 -0.3170
vn -0.3544 -0.8797 -0.3170
vn -0.3542 -0.8798 -0.3169
vn 0.8544 -0.5155 -0.0659
vn 0.8544 -0.5154 -0.0663
vn 0.8544 -0.5154 -0.0659
vn -0.4025 -0.8943 -0.1952
vn -0.4026 -0.8943 -0.1952
vn -0.4025 -0.8944 -0.1952
vn 0.8297 -0.5229 -0.1953
vn 0.8297 -0.5230 -0.1952
vn 0.8296 -0.5230 -0.1953
vn -0.4273 -0.9017 -0.0658
vn -0.4272 -0.9017 -0.0659
vn -0.4272 -0.9018 -0.0658
vn 0.7813 -0.5376 -0.3170
vn 0.7811 -0.5377 -0.3172
vn 0.7814 -0.5375 -0.3171
vn 0.7814 -0.5374 -0.3170
vn -0.4273 -0.9017 0.0659
vn -0.4266 -0.9021 0.0658
vn -0.4271 -0.9018 0.0659
vn -0.4272 -0.9017 0.0660
vn 0.7113 -0.5587 -0.4265
vn 0.7112 -0.5590 -0.4263
vn 0.7113 -0.5586 -0.4266
vn -0.4024 -0.8944 0.1952
vn -0.4024 -0.8944 0.1953
vn 0.6222 -0.5853 -0.5199
vn 0.6223 -0.5852 -0.5199
vn 0.6222 -0.5854 -0.5198
vn 0.6221 -0.5855 -0.5198
vn -0.3543 -0.8798 0.3170
vn -0.3541 -0.8798 0.3170
vn -0.3545 -0.8797 0.3170
vn 0.5170 -0.6171 -0.5932
vn 0.5171 -0.6171 -0.5931
vn 0.5170 -0.6173 -0.5930
vn 0.5167 -0.6170 -0.5935
vn 0.2766 -0.6896 0.6693
vn 0.2765 -0.6896 0.6693
vn 0.2764 -0.6897 0.6692
vn 0.2766 -0.6896 0.6692
vn -0.2843 -0.8587 0.4265
vn -0.2843 -0.8586 0.4266
vn -0.2842 -0.8586 0.4266
vn 0.4004 -0.6523 -0.6435
vn 0.4006 -0.6524 -0.6434
vn 0.4002 -0.6522 -0.6438
vn 0.4005 -0.6523 -0.6436
vn 0.4006 -0.6524 0.6434
vn 0.4005 -0.6524 0.6434
vn 0.4005 -0.6522 0.6435
vn 0.4007 -0.6522 0.6435
vn -0.1948 -0.8317 0.5200
vn -0.1947 -0.8316 0.5201
vn -0.1948 -0.8316 0.5201
vn -0.1949 -0.8317 0.5199
vn 0.2768 -0.6897 -0.6691
vn 0.2771 -0.6898 -0.6689
vn 0.2766 -0.6895 -0.6694
vn 0.5170 -0.6174 0.5929
vn 0.5171 -0.6172 0.5931
vn 0.5171 -0.6173 0.5929
vn 0.5175 -0.6168 0.5930
vn -0.0902 -0.8003 0.5928
vn -0.0902 -0.8002 0.5929
vn -0.0900 -0.8001 0.5931
vn -0.0901 -0.8002 0.5929
vn 0.1507 -0.7278 -0.6691
vn 0.1505 -0.7275 -0.6694
vn 0.1505 -0.7276 -0.6693
vn 0.1505 -0.7276 -0.6692
vn 0.6223 -0.5852 0.5198
vn 0.6222 -0.5853 0.5198
vn 0.6221 -0.5854 0.5199
vn 0.0269 -0.7650 0.6435
vn 0.0267 -0.7649 0.6436
vn 0.0269 -0.7650 0.6434
vn 0.0271 -0.7651 0.6433
vn 0.0268 -0.7650 -0.6435
vn 0.0271 -0.7651 -0.6434
vn 0.0267 -0.7649 -0.6436
vn 0.7114 -0.5586 0.4264
vn 0.7113 -0.5586 0.4267
vn 0.7113 -0.5586 0.4266
vn 0.7115 -0.5585 0.4264
vn -0.9107 0.4059 0.0766
vn -0.9107 0.4059 0.0767
vn 0.9529 0.2871 -0.0980
vn 0.9528 0.2872 -0.0983
vn 0.9528 0.2872 -0.0981
vn 0.9529 0.2870 -0.0983
vn -0.9163 -0.2761 -0.2902
vn -0.9162 -0.2761 -0.2904
vn 0.9162 0.2761 -0.2903
vn 0.9161 0.2762 -0.2907
vn 0.9162 0.2760 -0.2903
vn 0.9162 0.2761 -0.2904
vn -0.9528 -0.2872 -0.0980
vn -0.9529 -0.2873 -0.0975
vn -0.9528 -0.2872 -0.0979
vn -0.9528 -0.2872 -0.0982
vn 0.8442 0.2546 -0.4717
vn 0.8441 0.2547 -0.4719
vn 0.8441 0.2547 -0.4718
vn 0.8443 0.2546 -0.4716
vn -0.9528 -0.2873 0.0977
vn 0.7398 0.2232 -0.6347
vn 0.7401 0.2231 -0.6344
vn 0.7398 0.2231 -0.6348
vn -0.9162 -0.2761 0.2903
vn -0.9163 -0.2761 0.2901
vn -0.9162 -0.2761 0.2904
vn -0.9161 -0.2762 0.2907
vn 0.6075 0.1832 -0.7729
vn -0.8444 -0.2544 0.4715
vn -0.8444 -0.2545 0.4714
vn -0.8443 -0.2546 0.4715
vn -0.8444 -0.2545 0.4715
vn 0.4515 0.1361 -0.8818
vn 0.4514 0.1361 -0.8819
vn 0.0938 0.0283 0.9952
vn 0.0939 0.0283 0.9952
vn 0.0936 0.0282 0.9952
vn -0.7401 -0.2230 0.6344
vn -0.7401 -0.2231 0.6344
vn 0.2779 0.0838 -0.9570
vn 0.2778 0.0838 -0.9570
vn 0.2781 0.0838 -0.9569
vn 0.2782 0.0839 0.9569
vn -0.6074 -0.1831 0.7730
vn -0.6075 -0.1832 0.7729
vn -0.6073 -0.1829 0.7731
vn 0.0937 0.0283 -0.9952
vn 0.4520 0.1363 0.8816
vn 0.4516 0.1361 0.8818
vn 0.4515 0.1361 0.8818
vn -0.4514 -0.1360 0.8819
vn -0.4513 -0.1360 0.8820
vn -0.4515 -0.1360 0.8819
vn -0.0937 -0.0283 -0.9952
vn -0.0939 -0.0283 -0.9952
vn 0.6075 0.1832 0.7729
vn -0.2780 -0.0838 0.9569
vn -0.2776 -0.0838 0.9570
vn -0.2779 -0.0838 0.9570
vn -0.2781 -0.0838 0.9569
vn -0.2779 -0.0838 -0.9569
vn -0.2778 -0.0838 -0.9570
vn 0.7401 0.2232 0.6344
vn 0.7399 0.2233 0.6346
vn 0.7398 0.2232 0.6347
vn 0.7400 0.2231 0.6346
vn -0.0937 -0.0283 0.9952
vn -0.0938 -0.0283 0.9952
vn -0.0937 -0.0282 0.9952
vn -0.0936 -0.0283 0.9952
vn -0.4514 -0.1361 -0.8819
vn -0.4516 -0.1362 -0.8818
vn -0.4515 -0.1361 -0.8818
vn 0.8444 0.2544 0.4714
vn 0.8443 0.2545 0.4716
vn 0.8444 0.2545 0.4714
vn -0.6074 -0.1829 -0.7731
vn -0.6076 -0.1827 -0.7729
vn -0.6074 -0.1828 -0.7731
vn -0.6069 -0.1830 -0.7735
vn 0.9163 0.2758 0.2903
vn 0.9162 0.2761 0.2904
vn 0.9163 0.2761 0.2903
vn 0.9162 0.2760 0.2904
vn -0.7401 -0.2232 -0.6344
vn -0.7401 -0.2229 -0.6345
vn -0.7401 -0.2230 -0.6344
vn 0.9528 0.2872 0.0980
vn 0.9529 0.2871 0.0981
vn 0.2085 -0.6081 0.7660
vn 0.2085 -0.6080 0.7660
vn 0.2084 -0.6081 0.7660
vn 0.2083 -0.6081 0.7660
vn 0.0542 0.9682 -0.2441
vn -0.8789 0.4202 0.2255
vn -0.8790 0.4202 0.2255
vn 0.0372 0.9418 -0.3342
vn 0.0372 0.9417 -0.3343
vn -0.8175 0.4482 0.3617
vn -0.0003 0.9039 -0.4277
vn -0.0003 0.9040 -0.4275
vn -0.1490 0.7969 0.5854
vn -0.7300 0.4889 0.4776
vn -0.0626 0.8552 -0.5145
vn -0.0625 0.8552 -0.5145
vn -0.0625 0.8552 0.5145
vn -0.0625 0.8552 0.5146
vn -0.6223 0.5404 0.5663
vn -0.1490 0.7969 -0.5854
vn -0.1491 0.7969 -0.5854
vn -0.0005 0.9040 0.4275
vn -0.0003 0.9040 0.4275
vn -0.5016 0.6003 0.6229
vn -0.2561 0.7324 -0.6309
vn 0.0372 0.9417 0.3343
vn -0.3765 0.6655 0.6444
vn -0.3765 0.6655 -0.6444
vn -0.3765 0.6655 -0.6445
vn 0.0542 0.9682 0.2441
vn -0.2561 0.7324 0.6309
vn -0.5016 0.6003 -0.6229
vn 0.0569 0.9850 0.1626
vn 0.0571 0.9850 0.1627
vn 0.0567 0.9850 0.1628
vn -0.6223 0.5404 -0.5663
vn 0.0535 0.9943 0.0920
vn -0.7300 0.4889 -0.4776
vn 0.0499 0.9983 0.0296
vn 0.0499 0.9983 0.0295
vn -0.8175 0.4482 -0.3617
vn 0.0499 0.9983 -0.0295
vn 0.0499 0.9983 -0.0296
vn -0.8790 0.4202 -0.2255
vn 0.0533 0.9943 -0.0921
vn 0.0535 0.9943 -0.0920
vn -0.9107 0.4059 -0.0765
vn -0.9107 0.4059 -0.0766
vn 0.0572 0.9850 -0.1628
vn 0.0571 0.9850 -0.1627
vn 0.0572 0.9850 -0.1629
vn 0.6201 0.1337 0.7731
vn 0.6202 0.1337 0.7730
vn -0.4468 -0.7496 0.4883
vn -0.4471 -0.7494 0.4883
vn -0.4470 -0.7495 0.4883
vn -0.4470 -0.7493 0.4886
vn 0.3531 -0.5771 -0.7364
vn 0.3527 -0.5769 -0.7368
vn 0.3530 -0.5770 -0.7365
vn 0.3535 -0.5773 -0.7361
vn 0.3531 -0.5770 0.7365
vn 0.3530 -0.5770 0.7366
vn 0.3530 -0.5771 0.7364
vn 0.3530 -0.5769 0.7366
vn -0.3426 -0.7272 0.5949
vn -0.3428 -0.7270 0.5950
vn -0.3427 -0.7271 0.5949
vn -0.3430 -0.7270 0.5949
vn 0.2083 -0.6082 -0.7660
vn 0.2081 -0.6082 -0.7660
vn 0.2079 -0.6081 -0.7661
vn 0.2083 -0.6081 -0.7660
vn 0.4888 -0.5480 0.6788
vn 0.4889 -0.5480 0.6788
vn -0.2196 -0.7006 0.6789
vn -0.2201 -0.7005 0.6788
vn -0.2201 -0.7005 0.6789
vn 0.0609 -0.6400 -0.7660
vn 0.0608 -0.6399 -0.7660
vn 0.0609 -0.6399 -0.7660
vn 0.0606 -0.6398 -0.7661
vn 0.6119 -0.5215 0.5946
vn 0.6119 -0.5211 0.5950
vn 0.6119 -0.5212 0.5949
vn 0.6119 -0.5212 0.5950
vn -0.0837 -0.6712 0.7366
vn -0.0835 -0.6711 0.7367
vn -0.0837 -0.6713 0.7364
vn -0.0839 -0.6714 0.7363
vn -0.0838 -0.6713 -0.7364
vn -0.0838 -0.6712 -0.7366
vn -0.0837 -0.6714 -0.7364
vn -0.0842 -0.6712 -0.7365
vn 0.7160 -0.4985 0.4887
vn 0.7161 -0.4986 0.4884
vn 0.7161 -0.4986 0.4885
vn 0.7162 -0.4986 0.4883
vn 0.0608 -0.6399 0.7660
vn 0.0607 -0.6400 0.7660
vn 0.0607 -0.6399 0.7660
vn -0.2200 -0.7005 -0.6789
vn -0.2202 -0.7005 -0.6789
vn -0.2201 -0.7005 -0.6788
vn 0.7981 -0.4810 0.3628
vn 0.7979 -0.4811 0.3632
vn 0.7981 -0.4811 0.3628
vn -0.3426 -0.7271 -0.5949
vn -0.3425 -0.7268 -0.5954
vn -0.3427 -0.7269 -0.5952
vn -0.3428 -0.7271 -0.5948
vn 0.8546 -0.4689 0.2232
vn 0.8545 -0.4690 0.2234
vn 0.8545 -0.4690 0.2232
vn 0.8547 -0.4688 0.2231
vn -0.4471 -0.7496 -0.4882
vn -0.4472 -0.7494 -0.4883
vn -0.4473 -0.7495 -0.4881
vn -0.4470 -0.7495 -0.4883
vn 0.8832 -0.4629 0.0751
vn 0.8833 -0.4627 0.0754
vn 0.8833 -0.4626 0.0755
vn 0.8833 -0.4626 0.0754
vn -0.5291 -0.7671 -0.3628
vn -0.5290 -0.7672 -0.3628
vn 0.8833 -0.4628 -0.0751
vn 0.8833 -0.4627 -0.0753
vn 0.8834 -0.4625 -0.0756
vn -0.5855 -0.7792 -0.2236
vn -0.5855 -0.7793 -0.2236
vn -0.5855 -0.7793 -0.2234
vn 0.8545 -0.4689 -0.2233
vn 0.8545 -0.4689 -0.2235
vn 0.8545 -0.4690 -0.2233
vn 0.8546 -0.4688 -0.2234
vn -0.6142 -0.7855 -0.0757
vn -0.6141 -0.7856 -0.0758
vn -0.6142 -0.7855 -0.0758
vn -0.6145 -0.7853 -0.0754
vn 0.7981 -0.4809 -0.3629
vn 0.7980 -0.4810 -0.3630
vn 0.7981 -0.4810 -0.3629
vn 0.7981 -0.4811 -0.3628
vn -0.6141 -0.7856 0.0753
vn -0.6143 -0.7855 0.0752
vn -0.6142 -0.7856 0.0756
vn -0.6140 -0.7857 0.0755
vn 0.7162 -0.4985 -0.4884
vn 0.7163 -0.4986 -0.4881
vn 0.7162 -0.4985 -0.4883
vn 0.7162 -0.4986 -0.4883
vn -0.5855 -0.7792 0.2236
vn -0.5855 -0.7793 0.2234
vn -0.5855 -0.7793 0.2235
vn -0.5855 -0.7793 0.2236
vn 0.6119 -0.5215 -0.5946
vn 0.6119 -0.5211 -0.5950
vn -0.5290 -0.7671 0.3628
vn -0.5291 -0.7671 0.3628
vn 0.4889 -0.5480 -0.6788
vn 0.4888 -0.5480 -0.6788
vn 0.0213 0.9977 0.0644
vn 0.0211 0.9977 0.0645
vn -0.2838 -0.0612 0.9569
vn -0.2837 -0.0612 0.9570
vn -0.2838 -0.0612 -0.9569
vn -0.2837 -0.0612 -0.9569
vn 0.7555 0.1630 0.6345
vn 0.7556 0.1629 0.6345
vn 0.7555 0.1630 0.6346
vn 0.7554 0.1631 0.6346
vn -0.0958 -0.0207 0.9952
vn -0.4609 -0.0996 -0.8818
vn -0.4608 -0.0993 -0.8819
vn 0.8622 0.1859 0.4713
vn 0.8620 0.1854 0.4717
vn 0.8622 0.1857 0.4714
vn 0.8621 0.1859 0.4714
vn -0.6202 -0.1338 -0.7730
vn -0.6201 -0.1337 -0.7730
vn -0.6200 -0.1338 -0.7731
vn -0.6199 -0.1339 -0.7732
vn 0.9355 0.2016 0.2902
vn 0.9355 0.2015 0.2903
vn 0.9354 0.2017 0.2903
vn -0.7557 -0.1628 -0.6344
vn -0.7556 -0.1628 -0.6345
vn -0.7557 -0.1629 -0.6343
vn -0.7558 -0.1631 -0.6341
vn 0.9728 0.2099 0.0979
vn 0.9728 0.2097 0.0981
vn 0.9728 0.2096 0.0984
vn 0.9728 0.2100 0.0977
vn -0.8621 -0.1863 -0.4712
vn -0.8621 -0.1860 -0.4714
vn 0.9728 0.2097 -0.0983
vn 0.9728 0.2097 -0.0981
vn 0.9728 0.2099 -0.0978
vn 0.9728 0.2100 -0.0976
vn -0.9355 -0.2016 -0.2903
vn -0.9355 -0.2015 -0.2903
vn -0.9355 -0.2017 -0.2903
vn -0.9355 -0.2015 -0.2901
vn 0.9353 0.2020 -0.2905
vn 0.9354 0.2019 -0.2903
vn 0.9354 0.2020 -0.2904
vn 0.9354 0.2018 -0.2904
vn -0.9729 -0.2098 -0.0978
vn -0.9729 -0.2097 -0.0980
vn -0.9728 -0.2097 -0.0980
vn -0.9728 -0.2097 -0.0981
vn 0.8620 0.1859 -0.4715
vn 0.8621 0.1859 -0.4714
vn 0.8621 0.1856 -0.4716
vn 0.8621 0.1859 -0.4715
vn -0.9728 -0.2098 0.0980
vn -0.9728 -0.2098 0.0979
vn -0.9728 -0.2097 0.0981
vn 0.7557 0.1630 -0.6343
vn 0.7557 0.1631 -0.6343
vn 0.7558 0.1630 -0.6342
vn 0.7560 0.1632 -0.6339
vn -0.9354 -0.2016 0.2904
vn -0.9355 -0.2016 0.2903
vn -0.9354 -0.2016 0.2905
vn -0.9353 -0.2019 0.2906
vn 0.6202 0.1338 -0.7729
vn 0.6201 0.1337 -0.7731
vn -0.8621 -0.1859 0.4713
vn -0.8622 -0.1861 0.4711
vn -0.8621 -0.1859 0.4714
vn 0.4606 0.0993 -0.8820
vn 0.4610 0.0992 -0.8818
vn 0.4608 0.0992 -0.8819
vn 0.4604 0.0994 -0.8821
vn 0.0958 0.0207 0.9952
vn 0.0957 0.0207 0.9952
vn -0.7556 -0.1631 0.6344
vn -0.7555 -0.1629 0.6345
vn -0.7555 -0.1632 0.6344
vn 0.2837 0.0612 -0.9570
vn 0.2838 0.0612 -0.9569
vn 0.2837 0.0611 0.9570
vn 0.2838 0.0612 0.9569
vn 0.2836 0.0611 0.9570
vn 0.2834 0.0610 0.9571
vn -0.6200 -0.1337 0.7731
vn -0.6201 -0.1337 0.7730
vn -0.6201 -0.1336 0.7731
vn -0.6200 -0.1334 0.7732
vn 0.0957 0.0206 -0.9952
vn 0.0958 0.0206 -0.9952
vn 0.0962 0.0207 -0.9951
vn 0.0961 0.0207 -0.9952
vn 0.4608 0.0992 0.8819
vn 0.4610 0.0992 0.8818
vn 0.4606 0.0993 0.8820
vn 0.4604 0.0994 0.8821
vn -0.4609 -0.0996 0.8818
vn -0.0957 -0.0206 -0.9952
vn -0.0956 -0.0206 -0.9952
vn -0.0958 -0.0206 -0.9952
vn 0.6677 -0.7267 -0.1616
vn 0.6677 -0.7266 -0.1617
vn 0.6679 -0.7266 -0.1613
vn -0.5678 0.7505 -0.3381
vn -0.5675 0.7507 -0.3383
vn 0.0211 0.9996 0.0210
vn 0.0210 0.9996 0.0210
vn -0.6358 0.7272 -0.2586
vn -0.6358 0.7273 -0.2585
vn -0.6358 0.7271 -0.2588
vn 0.0210 0.9996 -0.0210
vn 0.0211 0.9996 -0.0210
vn -0.6844 0.7108 -0.1623
vn -0.6844 0.7108 -0.1622
vn 0.0210 0.9977 -0.0645
vn 0.0211 0.9977 -0.0645
vn 0.0211 0.9977 -0.0644
vn -0.7096 0.7025 -0.0549
vn -0.7097 0.7023 -0.0553
vn -0.7097 0.7023 -0.0551
vn 0.0191 0.9935 -0.1123
vn 0.0188 0.9935 -0.1120
vn -0.7097 0.7023 0.0552
vn -0.7097 0.7023 0.0553
vn 0.0120 0.9861 -0.1655
vn -0.6845 0.7107 0.1623
vn -0.6844 0.7108 0.1622
vn -0.0041 0.9747 -0.2236
vn -0.0042 0.9747 -0.2236
vn -0.6359 0.7272 0.2586
vn -0.6358 0.7273 0.2585
vn -0.6357 0.7273 0.2586
vn -0.0332 0.9583 -0.2838
vn -0.0335 0.9583 -0.2838
vn -0.1394 0.9100 0.3904
vn -0.5675 0.7507 0.3383
vn -0.5675 0.7507 0.3382
vn -0.0780 0.9366 -0.3415
vn -0.0783 0.9367 -0.3413
vn -0.0784 0.9367 -0.3413
vn -0.0783 0.9367 0.3412
vn -0.0783 0.9367 0.3413
vn -0.4848 0.7796 0.3965
vn -0.4847 0.7796 0.3966
vn -0.1393 0.9101 -0.3903
vn -0.1394 0.9100 -0.3904
vn -0.1393 0.9100 -0.3904
vn -0.0335 0.9583 0.2838
vn -0.3941 0.8120 0.4306
vn -0.3940 0.8120 0.4306
vn -0.3941 0.8122 0.4302
vn -0.2152 0.8793 -0.4249
vn -0.2151 0.8793 -0.4249
vn -0.0043 0.9747 0.2237
vn -0.0042 0.9747 0.2236
vn -0.3019 0.8459 0.4396
vn -0.3019 0.8460 0.4395
vn -0.3019 0.8459 -0.4396
vn -0.3019 0.8460 -0.4395
vn -0.3019 0.8459 -0.4397
vn 0.0120 0.9861 0.1655
vn 0.0120 0.9861 0.1656
vn -0.2153 0.8793 0.4249
vn -0.2152 0.8793 0.4249
vn -0.3940 0.8119 -0.4307
vn -0.3940 0.8120 -0.4306
vn -0.3942 0.8119 -0.4306
vn 0.0191 0.9935 0.1123
vn -0.4847 0.7796 -0.3966
vn -0.4847 0.7796 -0.3965
vn 0.6251 0.1084 -0.7730
vn 0.6252 0.1083 -0.7729
vn -0.4051 -0.9126 -0.0546
vn -0.4051 -0.9126 -0.0547
vn 0.6265 -0.7338 -0.2629
vn 0.6264 -0.7338 -0.2629
vn -0.4052 -0.9126 0.0548
vn -0.4051 -0.9126 0.0547
vn -0.4052 -0.9126 0.0547
vn 0.5664 -0.7443 -0.3539
vn 0.5666 -0.7442 -0.3539
vn 0.5664 -0.7444 -0.3538
vn 0.5666 -0.7443 -0.3535
vn -0.3841 -0.9090 0.1619
vn -0.3839 -0.9090 0.1621
vn 0.4903 -0.7576 -0.4309
vn 0.4904 -0.7575 -0.4310
vn 0.4903 -0.7575 -0.4310
vn 0.4904 -0.7574 -0.4311
vn -0.3430 -0.9019 0.2628
vn -0.3430 -0.9018 0.2628
vn -0.3429 -0.9019 0.2627
vn 0.4009 -0.7729 -0.4919
vn 0.1957 -0.8085 0.5550
vn -0.2831 -0.8914 0.3540
vn -0.2832 -0.8913 0.3541
vn -0.2831 -0.8914 0.3538
vn 0.3013 -0.7904 -0.5334
vn 0.3012 -0.7903 -0.5335
vn 0.3013 -0.7904 -0.5333
vn 0.3013 -0.7901 0.5337
vn 0.3013 -0.7899 0.5341
vn 0.3013 -0.7901 0.5338
vn 0.3014 -0.7900 0.5339
vn -0.2068 -0.8782 0.4313
vn -0.2069 -0.8782 0.4313
vn 0.1958 -0.8086 -0.5549
vn 0.1957 -0.8085 -0.5550
vn 0.1958 -0.8085 -0.5549
vn 0.1959 -0.8086 -0.5548
vn 0.4008 -0.7729 0.4919
vn 0.4009 -0.7729 0.4919
vn -0.1171 -0.8628 0.4918
vn -0.1172 -0.8628 0.4918
vn -0.1171 -0.8627 0.4920
vn 0.0879 -0.8272 -0.5550
vn 0.0880 -0.8272 -0.5549
vn 0.0877 -0.8272 -0.5550
vn 0.0880 -0.8272 -0.5550
vn 0.4904 -0.7575 0.4310
vn 0.4904 -0.7575 0.4309
vn 0.4906 -0.7573 0.4310
vn 0.4905 -0.7573 0.4311
vn -0.0175 -0.8454 0.5338
vn -0.0173 -0.8455 0.5336
vn -0.0174 -0.8457 0.5334
vn -0.0175 -0.8458 0.5332
vn -0.0176 -0.8456 -0.5336
vn -0.0177 -0.8455 -0.5336
vn -0.0176 -0.8456 -0.5335
vn 0.5665 -0.7443 0.3537
vn 0.5666 -0.7442 0.3538
vn 0.5664 -0.7445 0.3535
vn 0.0880 -0.8273 0.5549
vn 0.0880 -0.8273 0.5548
vn 0.0880 -0.8272 0.5549
vn 0.0880 -0.8272 0.5550
vn -0.1174 -0.8627 -0.4919
vn -0.1176 -0.8627 -0.4919
vn -0.1175 -0.8627 -0.4919
vn -0.1172 -0.8627 -0.4919
vn 0.6264 -0.7338 0.2629
vn 0.6263 -0.7339 0.2629
vn -0.2069 -0.8782 -0.4312
vn -0.2068 -0.8783 -0.4311
vn -0.2070 -0.8781 -0.4314
vn 0.6677 -0.7266 0.1617
vn 0.6677 -0.7266 0.1616
vn 0.6677 -0.7267 0.1617
vn 0.6677 -0.7266 0.1619
vn -0.2830 -0.8914 -0.3539
vn -0.2829 -0.8914 -0.3540
vn -0.2830 -0.8915 -0.3539
vn -0.2832 -0.8914 -0.3538
vn 0.6885 -0.7232 0.0549
vn 0.6885 -0.7231 0.0550
vn -0.3430 -0.9019 -0.2628
vn -0.3429 -0.9019 -0.2628
vn -0.3430 -0.9018 -0.2628
vn -0.3426 -0.9019 -0.2630
vn 0.6885 -0.7231 -0.0549
vn 0.6886 -0.7231 -0.0550
vn 0.6885 -0.7232 -0.0548
vn -0.3840 -0.9090 -0.1621
vn -0.3840 -0.9090 -0.1622
vn -0.3841 -0.9090 -0.1620
vn -0.3838 -0.9091 -0.1622
vn -0.0145 0.7110 -0.7031
vn -0.0146 0.7110 -0.7030
vn -0.8690 -0.1507 0.4713
vn -0.8689 -0.1510 0.4715
vn -0.8690 -0.1507 0.4714
vn 0.4643 0.0807 -0.8820
vn 0.4644 0.0806 -0.8820
vn 0.0966 0.0167 0.9952
vn -0.7617 -0.1322 0.6342
vn 0.2858 0.0496 -0.9570
vn 0.2856 0.0496 -0.9570
vn 0.2860 0.0496 -0.9570
vn 0.2857 0.0496 0.9570
vn 0.2856 0.0496 0.9571
vn 0.2855 0.0495 0.9571
vn 0.2858 0.0496 0.9570
vn -0.6252 -0.1084 0.7729
vn -0.6251 -0.1084 0.7730
vn -0.6251 -0.1083 0.7730
vn 0.0961 0.0167 -0.9952
vn 0.4644 0.0806 0.8820
vn 0.4643 0.0807 0.8820
vn 0.4644 0.0806 0.8819
vn 0.4648 0.0803 0.8818
vn -0.4646 -0.0805 0.8819
vn -0.4648 -0.0804 0.8818
vn -0.4644 -0.0806 0.8820
vn -0.0965 -0.0167 -0.9952
vn -0.0967 -0.0167 -0.9952
vn -0.0966 -0.0167 -0.9952
vn 0.6251 0.1084 0.7730
vn 0.6251 0.1083 0.7730
vn 0.6249 0.1084 0.7731
vn -0.2860 -0.0496 0.9569
vn -0.2860 -0.0496 0.9570
vn -0.2859 -0.0497 0.9570
vn -0.2856 -0.0496 0.9571
vn -0.2857 -0.0496 -0.9570
vn -0.2858 -0.0496 -0.9570
vn -0.2855 -0.0495 -0.9571
vn -0.2856 -0.0496 -0.9571
vn 0.7616 0.1321 0.6344
vn -0.0966 -0.0167 0.9952
vn -0.4644 -0.0806 -0.8820
vn -0.4648 -0.0804 -0.8818
vn -0.4646 -0.0805 -0.8819
vn -0.4641 -0.0806 -0.8821
vn 0.8689 0.1510 0.4715
vn 0.8690 0.1507 0.4714
vn -0.6250 -0.1084 -0.7730
vn -0.6250 -0.1084 -0.7731
vn 0.9429 0.1637 0.2900
vn 0.9429 0.1635 0.2903
vn 0.9429 0.1637 0.2901
vn 0.9429 0.1638 0.2899
vn -0.7614 -0.1323 -0.6346
vn 0.9806 0.1700 0.0980
vn 0.9805 0.1701 0.0981
vn 0.9806 0.1700 0.0978
vn -0.8690 -0.1507 -0.4713
vn -0.8690 -0.1507 -0.4714
vn -0.8689 -0.1510 -0.4715
vn 0.9806 0.1700 -0.0979
vn 0.9806 0.1700 -0.0980
vn 0.9805 0.1701 -0.0981
vn -0.9429 -0.1635 -0.2903
vn -0.9428 -0.1635 -0.2903
vn -0.9428 -0.1636 -0.2904
vn 0.9428 0.1636 -0.2904
vn 0.9429 0.1635 -0.2903
vn 0.9428 0.1635 -0.2903
vn -0.9806 -0.1701 -0.0979
vn -0.9806 -0.1700 -0.0980
vn 0.8690 0.1507 -0.4714
vn 0.8690 0.1505 -0.4713
vn 0.8689 0.1510 -0.4715
vn -0.9806 -0.1699 0.0982
vn -0.9806 -0.1699 0.0981
vn -0.9806 -0.1701 0.0979
vn -0.9806 -0.1700 0.0980
vn 0.7616 0.1323 -0.6344
vn 0.7617 0.1319 -0.6344
vn -0.9429 -0.1635 0.2903
vn -0.9428 -0.1634 0.2905
vn -0.1871 -0.8770 -0.4426
vn -0.1871 -0.8769 -0.4427
vn 0.1644 0.8543 0.4931
vn -0.4563 0.4998 0.7362
vn -0.1507 0.6353 -0.7574
vn 0.1948 0.9100 0.3659
vn -0.3022 0.5638 0.7687
vn -0.3022 0.5638 -0.7687
vn 0.1909 0.9500 0.2471
vn -0.1507 0.6353 0.7574
vn -0.4563 0.4998 -0.7362
vn 0.1663 0.9747 0.1495
vn -0.6018 0.4452 -0.6631
vn 0.1377 0.9875 0.0767
vn -0.7292 0.4010 -0.5545
vn 0.1194 0.9926 0.0232
vn 0.1193 0.9926 0.0232
vn -0.8311 0.3677 -0.4173
vn 0.1194 0.9926 -0.0232
vn -0.9020 0.3454 -0.2589
vn 0.1377 0.9875 -0.0767
vn -0.9384 0.3344 -0.0877
vn -0.9384 0.3342 -0.0877
vn -0.9384 0.3343 -0.0877
vn 0.1663 0.9747 -0.1495
vn -0.9384 0.3343 0.0875
vn -0.9384 0.3342 0.0877
vn 0.1909 0.9500 -0.2471
vn -0.9020 0.3454 0.2589
vn -0.9020 0.3454 0.2590
vn 0.1948 0.9100 -0.3659
vn -0.8311 0.3677 0.4173
vn 0.1644 0.8543 -0.4931
vn -0.0146 0.7111 0.7030
vn -0.0146 0.7110 0.7030
vn -0.7292 0.4010 0.5545
vn 0.0936 0.7861 -0.6110
vn 0.0936 0.7861 0.6110
vn -0.6018 0.4452 0.6631
vn -0.8804 -0.0501 -0.4715
vn 0.4912 -0.8383 0.2367
vn 0.4910 -0.8383 0.2370
vn 0.4911 -0.8383 0.2368
vn 0.4912 -0.8383 0.2366
vn -0.2688 -0.8816 -0.3880
vn -0.2690 -0.8815 -0.3880
vn -0.2689 -0.8816 -0.3880
vn 0.5288 -0.8361 0.1457
vn 0.5290 -0.8360 0.1458
vn 0.5288 -0.8362 0.1457
vn 0.5288 -0.8362 0.1456
vn -0.3382 -0.8854 -0.3188
vn -0.3382 -0.8856 -0.3184
vn -0.3379 -0.8856 -0.3186
vn 0.5478 -0.8351 0.0491
vn 0.5479 -0.8351 0.0492
vn 0.5479 -0.8351 0.0491
vn -0.3928 -0.8887 -0.2366
vn 0.5479 -0.8351 -0.0492
vn 0.5482 -0.8349 -0.0494
vn -0.4303 -0.8908 -0.1457
vn -0.4304 -0.8908 -0.1456
vn -0.4303 -0.8909 -0.1457
vn 0.5287 -0.8361 -0.1460
vn 0.5285 -0.8363 -0.1456
vn 0.5286 -0.8363 -0.1457
vn 0.5288 -0.8361 -0.1459
vn -0.4497 -0.8918 -0.0493
vn -0.4495 -0.8919 -0.0492
vn -0.4498 -0.8918 -0.0492
vn -0.4501 -0.8916 -0.0492
vn 0.4913 -0.8383 -0.2365
vn 0.4912 -0.8383 -0.2366
vn 0.4915 -0.8382 -0.2364
vn -0.4496 -0.8919 0.0492
vn -0.4497 -0.8918 0.0492
vn -0.4496 -0.8919 0.0494
vn 0.4368 -0.8412 -0.3187
vn 0.4367 -0.8414 -0.3184
vn 0.4366 -0.8414 -0.3183
vn 0.4366 -0.8414 -0.3184
vn -0.4303 -0.8909 0.1456
vn -0.4304 -0.8908 0.1457
vn -0.4303 -0.8908 0.1457
vn -0.4301 -0.8910 0.1456
vn 0.3672 -0.8453 -0.3881
vn 0.3671 -0.8454 -0.3880
vn -0.3928 -0.8887 0.2366
vn 0.2856 -0.8500 -0.4427
vn 0.2858 -0.8499 -0.4427
vn 0.2854 -0.8500 -0.4428
vn 0.0983 -0.8606 0.4996
vn 0.0983 -0.8607 0.4996
vn -0.3383 -0.8856 0.3183
vn -0.3383 -0.8856 0.3182
vn -0.3383 -0.8856 0.3184
vn -0.3384 -0.8855 0.3185
vn 0.1943 -0.8552 -0.4806
vn 0.1942 -0.8551 -0.4808
vn 0.1943 -0.8552 -0.4805
vn 0.1944 -0.8553 -0.4803
vn 0.1946 -0.8552 0.4804
vn 0.1947 -0.8552 0.4804
vn 0.1947 -0.8551 0.4804
vn -0.2687 -0.8817 0.3879
vn -0.2687 -0.8816 0.3880
vn -0.2687 -0.8816 0.3881
vn 0.0984 -0.8607 -0.4996
vn 0.0983 -0.8607 -0.4996
vn 0.2854 -0.8500 0.4427
vn 0.2852 -0.8501 0.4427
vn -0.1871 -0.8769 0.4428
vn -0.1871 -0.8769 0.4427
vn 0.0001 -0.8663 -0.4995
vn -0.0000 -0.8662 -0.4996
vn -0.0000 -0.8663 -0.4996
vn 0.3671 -0.8453 0.3882
vn 0.3667 -0.8453 0.3885
vn 0.3671 -0.8454 0.3881
vn 0.3671 -0.8454 0.3880
vn -0.0961 -0.8717 0.4805
vn -0.0963 -0.8718 0.4804
vn -0.0960 -0.8719 0.4802
vn -0.0960 -0.8717 -0.4805
vn -0.0961 -0.8717 -0.4806
vn -0.0959 -0.8717 -0.4805
vn -0.0958 -0.8718 -0.4804
vn 0.4367 -0.8414 0.3184
vn -0.0000 -0.8662 0.4996
vn -0.0000 -0.8663 0.4996
vn -0.0000 -0.8662 0.4997
vn -0.8332 0.5471 0.0803
vn -0.8331 0.5472 0.0805
vn -0.8333 0.5469 0.0801
vn 0.9936 0.0566 -0.0981
vn 0.9936 0.0566 -0.0980
vn -0.9554 -0.0544 -0.2904
vn -0.9554 -0.0544 -0.2903
vn 0.9554 0.0544 -0.2904
vn -0.9936 -0.0568 -0.0980
vn -0.9936 -0.0566 -0.0981
vn -0.9936 -0.0566 -0.0980
vn 0.8805 0.0501 -0.4715
vn -0.9936 -0.0568 0.0981
vn -0.9936 -0.0566 0.0981
vn -0.9936 -0.0566 0.0980
vn -0.9936 -0.0567 0.0980
vn 0.7717 0.0439 -0.6345
vn 0.7716 0.0439 -0.6346
vn 0.7718 0.0439 -0.6344
vn -0.9554 -0.0544 0.2904
vn -0.9553 -0.0544 0.2905
vn 0.6338 0.0361 -0.7726
vn 0.6335 0.0361 -0.7729
vn -0.8806 -0.0501 0.4712
vn -0.8804 -0.0501 0.4715
vn 0.4701 0.0268 -0.8822
vn 0.4705 0.0268 -0.8820
vn 0.0981 0.0056 0.9952
vn 0.0979 0.0056 0.9952
vn 0.0978 0.0056 0.9952
vn -0.7717 -0.0439 0.6345
vn 0.2898 0.0165 -0.9570
vn 0.2900 0.0165 -0.9569
vn 0.2896 0.0165 -0.9570
vn 0.2896 0.0165 0.9570
vn 0.2897 0.0165 0.9570
vn 0.2898 0.0165 0.9569
vn -0.6330 -0.0360 0.7733
vn -0.6333 -0.0361 0.7730
vn 0.0981 0.0056 -0.9952
vn 0.0980 0.0056 -0.9952
vn 0.4707 0.0268 0.8819
vn -0.4707 -0.0268 0.8819
vn -0.0980 -0.0056 -0.9952
vn -0.0978 -0.0056 -0.9952
vn -0.0979 -0.0056 -0.9952
vn 0.6332 0.0361 0.7731
vn 0.6333 0.0361 0.7730
vn -0.2897 -0.0165 0.9570
vn -0.2898 -0.0165 0.9569
vn -0.2897 -0.0165 -0.9570
vn -0.2898 -0.0165 -0.9570
vn 0.7717 0.0439 0.6345
vn -0.0981 -0.0056 0.9952
vn -0.0986 -0.0056 0.9951
vn -0.0980 -0.0056 0.9952
vn -0.4702 -0.0268 -0.8822
vn 0.8805 0.0501 0.4715
vn -0.6338 -0.0361 -0.7726
vn -0.6335 -0.0361 -0.7729
vn 0.9554 0.0544 0.2904
vn -0.7718 -0.0439 -0.6344
vn -0.7719 -0.0439 -0.6343
vn 0.9936 0.0566 0.0982
vn -0.3381 -0.6941 -0.6356
vn -0.3380 -0.6941 -0.6356
vn -0.3381 -0.6941 -0.6355
vn 0.3555 0.8803 -0.3141
vn -0.7986 0.5533 0.2368
vn -0.7985 0.5534 0.2368
vn -0.7986 0.5534 0.2367
vn 0.3135 0.8544 -0.4143
vn -0.7311 0.5659 0.3810
vn -0.7311 0.5660 0.3810
vn -0.7310 0.5662 0.3808
vn 0.2478 0.8228 -0.5114
vn 0.0418 0.7486 0.6617
vn -0.6346 0.5847 0.5054
vn -0.6345 0.5848 0.5053
vn 0.1566 0.7869 -0.5969
vn 0.1566 0.7869 0.5969
vn -0.5146 0.6092 0.6034
vn -0.5147 0.6091 0.6034
vn 0.0418 0.7486 -0.6617
vn 0.2478 0.8228 0.5114
vn -0.3786 0.6388 0.6698
vn -0.3784 0.6387 0.6699
vn -0.0911 0.7099 -0.6984
vn 0.3135 0.8544 0.4143
vn -0.2342 0.6727 0.7018
vn -0.2342 0.6728 -0.7018
vn -0.2342 0.6727 -0.7018
vn -0.2342 0.6727 -0.7019
vn 0.3555 0.8803 0.3141
vn -0.0911 0.7099 0.6984
vn -0.3784 0.6387 -0.6700
vn -0.3784 0.6387 -0.6699
vn -0.3782 0.6389 -0.6700
vn 0.3785 0.8998 0.2172
vn -0.5147 0.6091 -0.6034
vn -0.5147 0.6092 -0.6034
vn 0.3889 0.9125 0.1265
vn 0.3889 0.9126 0.1265
vn -0.6344 0.5849 -0.5055
vn -0.6346 0.5847 -0.5054
vn -0.6345 0.5847 -0.5055
vn 0.3924 0.9189 0.0414
vn -0.7311 0.5660 -0.3810
vn 0.3924 0.9189 -0.0414
vn -0.7985 0.5535 -0.2365
vn -0.7985 0.5535 -0.2368
vn -0.7986 0.5535 -0.2366
vn 0.3889 0.9125 -0.1265
vn -0.8330 0.5473 -0.0808
vn -0.8331 0.5472 -0.0803
vn -0.8330 0.5473 -0.0807
vn -0.8332 0.5471 -0.0803
vn 0.3785 0.8998 -0.2172
vn -0.8820 -0.0039 -0.4713
vn -0.8820 -0.0039 -0.4712
vn -0.8819 -0.0039 -0.4714
vn 0.6372 -0.6918 0.3397
vn 0.6374 -0.6916 0.3397
vn 0.6370 -0.6920 0.3397
vn 0.6370 -0.6920 0.3398
vn -0.4554 -0.6944 -0.5571
vn 0.6913 -0.6917 0.2090
vn 0.6913 -0.6917 0.2089
vn 0.6912 -0.6918 0.2088
vn 0.6914 -0.6915 0.2092
vn -0.5553 -0.6947 -0.4572
vn 0.7192 -0.6913 0.0705
vn 0.7191 -0.6913 0.0706
vn 0.7189 -0.6915 0.0707
vn 0.7192 -0.6913 0.0704
vn -0.6339 -0.6949 -0.3396
vn -0.6338 -0.6949 -0.3397
vn -0.6338 -0.6949 -0.3396
vn 0.7189 -0.6915 -0.0706
vn 0.7188 -0.6916 -0.0705
vn 0.7189 -0.6915 -0.0707
vn 0.7191 -0.6913 -0.0708
vn -0.6878 -0.6950 -0.2094
vn -0.6878 -0.6950 -0.2097
vn -0.6877 -0.6951 -0.2096
vn -0.6879 -0.6950 -0.2092
vn 0.6913 -0.6917 -0.2089
vn 0.6913 -0.6917 -0.2090
vn 0.6914 -0.6916 -0.2091
vn -0.7153 -0.6952 -0.0709
vn -0.7151 -0.6954 -0.0705
vn -0.7152 -0.6954 -0.0708
vn -0.7154 -0.6951 -0.0707
vn 0.6370 -0.6920 -0.3397
vn 0.6370 -0.6920 -0.3398
vn -0.7155 -0.6951 0.0705
vn -0.7153 -0.6952 0.0706
vn -0.7155 -0.6951 0.0706
vn -0.7157 -0.6948 0.0705
vn 0.5588 -0.6919 -0.4572
vn 0.5583 -0.6921 -0.4575
vn -0.6878 -0.6950 0.2094
vn -0.6879 -0.6950 0.2092
vn -0.6878 -0.6950 0.2093
vn -0.6878 -0.6951 0.2093
vn 0.4591 -0.6920 -0.5571
vn 0.4591 -0.6919 -0.5571
vn -0.6338 -0.6949 0.3397
vn -0.6337 -0.6950 0.3397
vn -0.6338 -0.6949 0.3396
vn 0.3415 -0.6924 -0.6356
vn 0.3414 -0.6923 -0.6357
vn 0.0725 -0.6934 0.7169
vn 0.0726 -0.6936 0.7167
vn 0.0724 -0.6931 0.7172
vn -0.5553 -0.6947 0.4572
vn -0.5554 -0.6947 0.4572
vn -0.5554 -0.6946 0.4572
vn 0.2106 -0.6927 -0.6898
vn 0.2111 -0.6926 -0.6897
vn 0.2111 -0.6927 -0.6897
vn 0.2110 -0.6927 -0.6897
vn 0.2108 -0.6928 0.6897
vn 0.2108 -0.6927 0.6897
vn 0.2107 -0.6928 0.6897
vn 0.2103 -0.6928 0.6897
vn -0.4555 -0.6944 0.5571
vn -0.4554 -0.6944 0.5571
vn -0.4554 -0.6944 0.5572
vn -0.4554 -0.6943 0.5573
vn 0.0725 -0.6931 -0.7172
vn 0.0726 -0.6932 -0.7171
vn 0.0726 -0.6931 -0.7172
vn 0.0724 -0.6931 -0.7172
vn 0.3417 -0.6923 0.6356
vn 0.3415 -0.6924 0.6356
vn 0.3416 -0.6923 0.6356
vn 0.3417 -0.6924 0.6355
vn -0.3380 -0.6942 0.6356
vn -0.3377 -0.6945 0.6353
vn -0.3382 -0.6942 0.6354
vn -0.3379 -0.6941 0.6356
vn -0.0689 -0.6935 -0.7171
vn -0.0689 -0.6934 -0.7172
vn -0.0688 -0.6932 -0.7174
vn 0.4589 -0.6921 0.5571
vn 0.4590 -0.6921 0.5571
vn -0.2077 -0.6938 0.6896
vn -0.2074 -0.6937 0.6897
vn -0.2075 -0.6938 0.6896
vn -0.2074 -0.6940 0.6894
vn -0.2075 -0.6937 -0.6897
vn -0.2074 -0.6938 -0.6897
vn 0.5588 -0.6921 0.4570
vn 0.5589 -0.6918 0.4572
vn 0.5588 -0.6920 0.4570
vn -0.0686 -0.6936 0.7171
vn -0.0684 -0.6936 0.7171
vn -0.0688 -0.6935 0.7172
vn -0.0687 -0.6935 0.7171
vn -0.0026 1.0000 -0.0000
vn -0.0025 1.0000 0.0002
vn -0.0028 1.0000 -0.0000
vn -0.0023 1.0000 0.0001
vn -0.0025 1.0000 -0.0000
vn -0.0029 1.0000 0.0004
vn -0.0026 1.0000 0.0001
vn -0.0025 1.0000 -0.0001
vn -0.0026 1.0000 -0.0001
vn -0.0029 1.0000 0.0002
vn -0.0026 1.0000 -0.0002
vn -0.0029 1.0000 -0.0004
vn -0.0028 1.0000 -0.0003
vn -0.0024 1.0000 -0.0001
vn -0.0025 1.0000 0.0003
vn -0.0027 1.0000 -0.0000
vn -0.0025 1.0000 -0.0004
vn -0.0027 1.0000 -0.0003
vn 0.9952 0.0044 -0.0979
vn 0.9952 0.0044 -0.0980
vn 0.9952 0.0043 -0.0980
vn -0.9569 -0.0044 -0.2903
vn 0.9569 0.0044 -0.2903
vn -0.9952 -0.0044 -0.0981
vn -0.9951 -0.0044 -0.0983
vn -0.9952 -0.0044 -0.0980
vn 0.8816 0.0040 -0.4719
vn 0.8818 0.0039 -0.4716
vn 0.8818 0.0040 -0.4716
vn -0.9952 -0.0044 0.0981
vn -0.9952 -0.0044 0.0980
vn 0.7729 0.0029 -0.6345
vn 0.7730 0.0036 -0.6344
vn 0.7730 0.0034 -0.6344
vn 0.7732 0.0034 -0.6342
vn -0.9569 -0.0044 0.2903
vn 0.6342 0.0029 -0.7731
vn 0.6342 0.0029 -0.7732
vn 0.6343 0.0029 -0.7731
vn 0.6345 0.0027 -0.7729
vn -0.8820 -0.0039 0.4712
vn -0.8820 -0.0039 0.4713
vn 0.4714 0.0021 -0.8819
vn 0.4712 0.0021 -0.8820
vn 0.4713 0.0020 -0.8820
vn 0.4714 0.0018 -0.8819
vn 0.0977 0.0004 0.9952
vn 0.0981 0.0004 0.9952
vn -0.7732 -0.0035 0.6342
vn 0.2901 0.0011 -0.9570
vn 0.2899 0.0009 -0.9570
vn 0.2903 0.0013 -0.9569
vn 0.2901 0.0011 0.9570
vn 0.2902 0.0013 0.9570
vn 0.2903 0.0009 0.9569
vn -0.6344 -0.0028 0.7730
vn -0.6340 -0.0029 0.7733
vn -0.6343 -0.0028 0.7731
vn 0.0980 0.0004 -0.9952
vn 0.0979 0.0004 -0.9952
vn 0.4714 0.0021 0.8819
vn -0.4714 -0.0021 0.8819
vn -0.4715 -0.0021 0.8819
vn -0.4716 -0.0021 0.8818
vn -0.0980 -0.0004 -0.9952
vn -0.0978 -0.0004 -0.9952
vn -0.0979 -0.0004 -0.9952
vn -0.0983 -0.0004 -0.9952
vn 0.6344 0.0028 0.7730
vn -0.2903 -0.0013 0.9569
vn -0.2903 -0.0013 -0.9569
vn 0.7731 0.0035 0.6343
vn 0.7730 0.0034 0.6344
vn 0.7731 0.0034 0.6343
vn 0.7732 0.0035 0.6342
vn -0.0979 -0.0004 0.9952
vn -0.0976 -0.0004 0.9952
vn -0.4715 -0.0021 -0.8818
vn -0.4716 -0.0021 -0.8818
vn -0.4715 -0.0021 -0.8819
vn 0.8818 0.0039 0.4716
vn 0.8819 0.0039 0.4715
vn -0.6344 -0.0028 -0.7730
vn -0.6345 -0.0028 -0.7729
vn -0.6349 -0.0029 -0.7726
vn 0.9569 0.0044 0.2903
vn -0.7729 -0.0034 -0.6346
vn -0.7730 -0.0034 -0.6344
vn -0.7726 -0.0035 -0.6349
vn 0.9952 0.0046 0.0977
vt 0.000000 0.000000
s 1
g off
usemtl Goddard_None
f 1/1/1 2/1/2 3/1/3
f 3/1/3 4/1/2 5/1/4
f 1/1/1 3/1/3 5/1/4
f 5/1/4 6/1/5 7/1/6
f 7/1/6 8/1/2 9/1/7
f 5/1/4 7/1/6 9/1/7
f 1/1/1 5/1/4 9/1/7
f 9/1/7 10/1/2 11/1/8
f 11/1/8 12/1/9 13/1/10
f 9/1/7 11/1/8 13/1/10
f 13/1/10 14/1/2 15/1/2
f 15/1/2 16/1/2 17/1/10
f 13/1/10 15/1/2 17/1/10
f 9/1/7 13/1/10 17/1/10
f 17/1/10 18/1/2 19/1/3
f 19/1/3 20/1/2 21/1/11
f 17/1/10 19/1/3 21/1/11
f 21/1/11 22/1/2 23/1/10
f 23/1/10 24/1/2 25/1/1
f 21/1/11 23/1/10 25/1/1
f 17/1/10 21/1/11 25/1/1
f 9/1/7 17/1/10 25/1/1
f 1/1/1 9/1/7 25/1/1
f 26/1/2 27/1/1 28/1/2
f 25/1/1 26/1/2 28/1/2
f 25/1/1 28/1/2 29/1/9
f 1/1/1 25/1/1 29/1/9
f 30/1/3 1/1/1 29/1/9
f 30/1/3 29/1/9 31/1/2
f 30/1/3 31/1/2 32/1/2
f 33/1/12 34/1/13 35/1/14
f 35/1/14 36/1/15 33/1/12
f 19/1/16 37/1/17 38/1/18
f 38/1/18 20/1/18 19/1/16
f 39/1/19 1/1/19 30/1/19
f 30/1/19 40/1/20 39/1/19
f 5/1/21 41/1/21 42/1/21
f 42/1/21 6/1/21 5/1/21
f 18/1/22 43/1/23 37/1/23
f 37/1/23 19/1/24 18/1/22
f 40/1/25 30/1/26 32/1/27
f 32/1/27 44/1/28 40/1/25
f 4/1/29 45/1/30 41/1/31
f 41/1/31 5/1/30 4/1/29
f 17/1/32 46/1/32 43/1/32
f 43/1/32 18/1/32 17/1/32
f 44/1/33 32/1/34 31/1/35
f 31/1/35 47/1/33 44/1/33
f 3/1/36 48/1/37 45/1/37
f 45/1/37 4/1/36 3/1/36
f 16/1/38 49/1/38 46/1/38
f 46/1/38 17/1/38 16/1/38
f 31/1/39 29/1/40 50/1/39
f 50/1/39 47/1/41 31/1/39
f 2/1/42 51/1/43 48/1/42
f 48/1/42 3/1/44 2/1/42
f 15/1/45 52/1/46 49/1/45
f 49/1/45 16/1/47 15/1/45
f 28/1/48 53/1/49 50/1/50
f 50/1/50 29/1/51 28/1/48
f 2/1/52 1/1/52 39/1/52
f 39/1/52 51/1/52 2/1/52
f 14/1/53 54/1/54 52/1/55
f 52/1/55 15/1/55 14/1/53
f 55/1/56 53/1/57 28/1/58
f 28/1/58 27/1/59 55/1/56
f 13/1/60 56/1/61 54/1/62
f 54/1/62 14/1/63 13/1/60
f 26/1/64 57/1/64 55/1/64
f 55/1/64 27/1/64 26/1/64
f 12/1/65 58/1/66 56/1/65
f 56/1/65 13/1/67 12/1/65
f 36/1/68 57/1/69 26/1/70
f 26/1/70 25/1/71 36/1/68
f 11/1/72 59/1/73 58/1/73
f 58/1/73 12/1/74 11/1/72
f 36/1/75 25/1/76 24/1/77
f 24/1/77 33/1/78 36/1/75
f 10/1/79 60/1/80 59/1/80
f 59/1/80 11/1/80 10/1/79
f 24/1/81 23/1/81 61/1/81
f 61/1/81 33/1/81 24/1/81
f 9/1/82 62/1/83 60/1/84
f 60/1/84 10/1/85 9/1/82
f 22/1/86 63/1/87 61/1/88
f 61/1/88 23/1/89 22/1/86
f 8/1/90 64/1/91 62/1/92
f 62/1/92 9/1/93 8/1/90
f 21/1/94 65/1/95 63/1/96
f 63/1/96 22/1/97 21/1/94
f 7/1/98 66/1/99 64/1/98
f 64/1/98 8/1/98 7/1/98
f 20/1/100 38/1/100 65/1/100
f 65/1/100 21/1/100 20/1/100
f 6/1/101 42/1/102 66/1/103
f 66/1/103 7/1/104 6/1/101
f 67/1/105 68/1/106 69/1/107
f 69/1/107 70/1/108 67/1/105
f 60/1/109 71/1/110 72/1/111
f 72/1/111 59/1/112 60/1/109
f 61/1/113 73/1/114 34/1/115
f 34/1/115 33/1/116 61/1/113
f 62/1/117 74/1/118 71/1/119
f 71/1/119 60/1/120 62/1/117
f 63/1/121 70/1/122 73/1/121
f 73/1/121 61/1/123 63/1/121
f 64/1/124 75/1/125 74/1/125
f 74/1/125 62/1/124 64/1/124
f 65/1/126 67/1/127 70/1/128
f 70/1/128 63/1/128 65/1/126
f 66/1/129 76/1/130 75/1/131
f 75/1/131 64/1/132 66/1/129
f 38/1/133 77/1/133 67/1/133
f 67/1/133 65/1/134 38/1/133
f 42/1/135 78/1/136 76/1/137
f 76/1/137 66/1/138 42/1/135
f 37/1/139 79/1/140 77/1/139
f 77/1/139 38/1/141 37/1/139
f 40/1/142 80/1/142 81/1/142
f 81/1/142 39/1/142 40/1/142
f 41/1/143 82/1/144 78/1/144
f 78/1/144 42/1/145 41/1/143
f 43/1/146 83/1/147 79/1/146
f 79/1/146 37/1/147 43/1/146
f 44/1/148 84/1/149 80/1/149
f 80/1/149 40/1/149 44/1/148
f 45/1/150 85/1/151 82/1/152
f 82/1/152 41/1/151 45/1/150
f 46/1/153 86/1/153 83/1/154
f 83/1/154 43/1/155 46/1/153
f 47/1/156 87/1/157 84/1/158
f 84/1/158 44/1/159 47/1/156
f 48/1/160 88/1/161 85/1/162
f 85/1/162 45/1/163 48/1/160
f 49/1/164 89/1/165 86/1/166
f 86/1/166 46/1/167 49/1/164
f 50/1/168 90/1/169 87/1/170
f 87/1/170 47/1/171 50/1/168
f 51/1/172 91/1/173 88/1/172
f 88/1/172 48/1/174 51/1/172
f 52/1/175 92/1/176 89/1/177
f 89/1/177 49/1/178 52/1/175
f 53/1/179 93/1/180 90/1/180
f 90/1/180 50/1/181 53/1/179
f 51/1/182 39/1/183 81/1/183
f 81/1/183 91/1/182 51/1/182
f 54/1/184 94/1/185 92/1/186
f 92/1/186 52/1/187 54/1/184
f 55/1/188 95/1/189 93/1/188
f 93/1/188 53/1/190 55/1/188
f 56/1/191 96/1/191 94/1/192
f 94/1/192 54/1/191 56/1/191
f 57/1/193 97/1/194 95/1/195
f 95/1/195 55/1/196 57/1/193
f 58/1/197 98/1/198 96/1/197
f 96/1/197 56/1/198 58/1/197
f 36/1/199 35/1/200 97/1/201
f 97/1/201 57/1/202 36/1/199
f 59/1/203 72/1/204 98/1/205
f 98/1/205 58/1/206 59/1/203
f 99/1/207 100/1/207 101/1/208
f 101/1/208 102/1/209 99/1/207
f 76/1/210 103/1/211 104/1/212
f 104/1/212 75/1/213 76/1/210
f 77/1/214 105/1/214 68/1/214
f 68/1/214 67/1/214 77/1/214
f 78/1/215 106/1/215 103/1/215
f 103/1/215 76/1/215 78/1/215
f 79/1/216 99/1/216 105/1/216
f 105/1/216 77/1/217 79/1/216
f 80/1/218 107/1/219 108/1/220
f 108/1/220 81/1/221 80/1/218
f 82/1/222 109/1/223 106/1/223
f 106/1/223 78/1/224 82/1/222
f 83/1/225 100/1/225 99/1/226
f 99/1/226 79/1/227 83/1/225
f 84/1/228 110/1/229 107/1/230
f 107/1/230 80/1/231 84/1/228
f 85/1/232 111/1/232 109/1/232
f 109/1/232 82/1/232 85/1/232
f 86/1/233 112/1/234 100/1/235
f 100/1/235 83/1/234 86/1/233
f 87/1/236 113/1/237 110/1/236
f 110/1/236 84/1/238 87/1/236
f 88/1/239 114/1/239 111/1/240
f 111/1/240 85/1/241 88/1/239
f 89/1/242 115/1/243 112/1/244
f 112/1/244 86/1/245 89/1/242
f 90/1/246 116/1/246 113/1/246
f 113/1/246 87/1/247 90/1/246
f 91/1/248 117/1/248 114/1/248
f 114/1/248 88/1/248 91/1/248
f 92/1/249 118/1/249 115/1/250
f 115/1/250 89/1/249 92/1/249
f 93/1/251 119/1/252 116/1/253
f 116/1/253 90/1/254 93/1/251
f 91/1/255 81/1/255 108/1/255
f 108/1/255 117/1/255 91/1/255
f 94/1/256 120/1/257 118/1/257
f 118/1/257 92/1/258 94/1/256
f 95/1/259 121/1/260 119/1/259
f 119/1/259 93/1/261 95/1/259
f 96/1/262 122/1/263 120/1/264
f 120/1/264 94/1/265 96/1/262
f 97/1/266 123/1/267 121/1/268
f 121/1/268 95/1/269 97/1/266
f 98/1/270 124/1/270 122/1/271
f 122/1/271 96/1/270 98/1/270
f 35/1/272 125/1/273 123/1/274
f 123/1/274 97/1/275 35/1/272
f 72/1/276 126/1/276 124/1/276
f 124/1/276 98/1/276 72/1/276
f 34/1/277 127/1/278 125/1/279
f 125/1/279 35/1/280 34/1/277
f 71/1/281 128/1/282 126/1/283
f 126/1/283 72/1/284 71/1/281
f 73/1/285 129/1/286 127/1/287
f 127/1/287 34/1/288 73/1/285
f 74/1/289 130/1/290 128/1/291
f 128/1/291 71/1/292 74/1/289
f 70/1/293 69/1/294 129/1/295
f 129/1/295 73/1/296 70/1/293
f 75/1/297 104/1/298 130/1/299
f 130/1/299 74/1/300 75/1/297
f 131/1/301 132/1/302 133/1/303
f 133/1/303 134/1/304 131/1/301
f 110/1/27 135/1/25 136/1/27
f 136/1/27 107/1/305 110/1/27
f 137/1/306 138/1/307 109/1/306
f 109/1/306 111/1/308 137/1/306
f 100/1/309 112/1/310 139/1/311
f 139/1/311 101/1/309 100/1/309
f 113/1/35 140/1/312 135/1/313
f 135/1/313 110/1/313 113/1/35
f 111/1/37 114/1/36 141/1/37
f 141/1/37 137/1/36 111/1/37
f 112/1/314 115/1/315 134/1/315
f 134/1/315 139/1/316 112/1/314
f 116/1/317 142/1/318 140/1/318
f 140/1/318 113/1/318 116/1/317
f 114/1/44 117/1/319 143/1/44
f 143/1/44 141/1/44 114/1/44
f 115/1/320 118/1/321 131/1/47
f 131/1/47 134/1/45 115/1/320
f 119/1/322 144/1/323 142/1/322
f 142/1/322 116/1/322 119/1/322
f 143/1/324 117/1/325 108/1/326
f 108/1/326 145/1/327 143/1/324
f 118/1/55 120/1/55 146/1/55
f 146/1/55 131/1/55 118/1/55
f 121/1/328 147/1/329 144/1/330
f 144/1/330 119/1/331 121/1/328
f 148/1/60 146/1/60 120/1/60
f 120/1/60 122/1/332 148/1/60
f 123/1/333 149/1/334 147/1/333
f 147/1/333 121/1/333 123/1/333
f 122/1/335 124/1/335 150/1/335
f 150/1/335 148/1/335 122/1/335
f 123/1/336 125/1/336 151/1/71
f 151/1/71 149/1/337 123/1/336
f 124/1/72 126/1/338 152/1/339
f 152/1/339 150/1/73 124/1/72
f 125/1/340 127/1/341 153/1/340
f 153/1/340 151/1/340 125/1/340
f 154/1/80 152/1/80 126/1/342
f 126/1/342 128/1/342 154/1/80
f 153/1/343 127/1/344 129/1/345
f 129/1/345 155/1/346 153/1/343
f 128/1/85 130/1/347 156/1/348
f 156/1/348 154/1/349 128/1/85
f 129/1/350 69/1/351 157/1/87
f 157/1/87 155/1/352 129/1/350
f 130/1/92 104/1/353 158/1/354
f 158/1/354 156/1/355 130/1/92
f 157/1/356 69/1/357 68/1/356
f 68/1/356 159/1/357 157/1/356
f 160/1/358 158/1/359 104/1/360
f 104/1/360 103/1/361 160/1/358
f 159/1/362 68/1/363 105/1/100
f 105/1/100 161/1/364 159/1/362
f 103/1/365 106/1/102 162/1/366
f 162/1/366 160/1/367 103/1/365
f 102/1/18 161/1/18 105/1/368
f 105/1/368 99/1/18 102/1/18
f 107/1/369 136/1/369 145/1/369
f 145/1/369 108/1/370 107/1/369
f 106/1/371 109/1/371 138/1/371
f 138/1/371 162/1/371 106/1/371
f 163/1/372 164/1/373 165/1/374
f 165/1/374 166/1/375 163/1/372
f 144/1/376 167/1/377 168/1/376
f 168/1/376 142/1/378 144/1/376
f 169/1/379 143/1/380 145/1/379
f 145/1/379 170/1/381 169/1/379
f 132/1/382 131/1/383 146/1/382
f 146/1/382 171/1/384 132/1/382
f 172/1/385 167/1/386 144/1/385
f 144/1/385 147/1/385 172/1/385
f 148/1/387 166/1/388 171/1/389
f 171/1/389 146/1/390 148/1/387
f 149/1/391 173/1/392 172/1/393
f 172/1/393 147/1/394 149/1/391
f 150/1/395 163/1/396 166/1/397
f 166/1/397 148/1/398 150/1/395
f 151/1/399 174/1/400 173/1/401
f 173/1/401 149/1/402 151/1/399
f 175/1/403 163/1/404 150/1/405
f 150/1/405 152/1/406 175/1/403
f 153/1/407 176/1/408 174/1/409
f 174/1/409 151/1/410 153/1/407
f 154/1/411 177/1/411 175/1/412
f 175/1/412 152/1/411 154/1/411
f 178/1/413 176/1/414 153/1/415
f 153/1/415 155/1/416 178/1/413
f 156/1/417 179/1/418 177/1/419
f 177/1/419 154/1/420 156/1/417
f 157/1/421 180/1/422 178/1/423
f 178/1/423 155/1/424 157/1/421
f 181/1/425 179/1/426 156/1/427
f 156/1/427 158/1/428 181/1/425
f 159/1/429 182/1/429 180/1/429
f 180/1/429 157/1/429 159/1/429
f 160/1/430 183/1/430 181/1/431
f 181/1/431 158/1/432 160/1/430
f 184/1/433 182/1/434 159/1/434
f 159/1/434 161/1/433 184/1/433
f 162/1/435 185/1/435 183/1/436
f 183/1/436 160/1/437 162/1/435
f 102/1/438 186/1/438 184/1/438
f 184/1/438 161/1/438 102/1/438
f 136/1/439 187/1/440 170/1/441
f 170/1/441 145/1/442 136/1/439
f 185/1/443 162/1/443 138/1/443
f 138/1/443 188/1/444 185/1/443
f 101/1/445 189/1/446 186/1/445
f 186/1/445 102/1/447 101/1/445
f 135/1/448 190/1/449 187/1/450
f 187/1/450 136/1/451 135/1/448
f 137/1/452 191/1/453 188/1/454
f 188/1/454 138/1/455 137/1/452
f 192/1/456 189/1/457 101/1/458
f 101/1/458 139/1/457 192/1/456
f 193/1/459 190/1/460 135/1/461
f 135/1/461 140/1/462 193/1/459
f 141/1/463 194/1/464 191/1/465
f 191/1/465 137/1/465 141/1/463
f 134/1/466 133/1/467 192/1/468
f 192/1/468 139/1/469 134/1/466
f 142/1/470 168/1/470 193/1/471
f 193/1/471 140/1/470 142/1/470
f 169/1/472 194/1/473 141/1/473
f 141/1/473 143/1/474 169/1/472
f 195/1/475 196/1/85 197/1/476
f 197/1/476 198/1/477 195/1/475
f 199/1/478 173/1/479 174/1/480
f 174/1/480 200/1/481 199/1/478
f 175/1/482 201/1/483 164/1/482
f 164/1/482 163/1/484 175/1/482
f 176/1/485 202/1/486 200/1/485
f 200/1/485 174/1/487 176/1/485
f 201/1/488 175/1/489 177/1/490
f 177/1/490 197/1/491 201/1/488
f 178/1/492 203/1/493 202/1/492
f 202/1/492 176/1/492 178/1/492
f 179/1/494 198/1/495 197/1/496
f 197/1/496 177/1/494 179/1/494
f 204/1/497 203/1/498 178/1/499
f 178/1/499 180/1/500 204/1/497
f 181/1/501 205/1/502 198/1/503
f 198/1/503 179/1/504 181/1/501
f 182/1/505 206/1/506 204/1/507
f 204/1/507 180/1/506 182/1/505
f 205/1/508 181/1/509 183/1/508
f 183/1/508 207/1/510 205/1/508
f 184/1/511 208/1/512 206/1/512
f 206/1/512 182/1/512 184/1/511
f 185/1/513 209/1/514 207/1/515
f 207/1/515 183/1/516 185/1/513
f 210/1/517 208/1/518 184/1/519
f 184/1/519 186/1/518 210/1/517
f 170/1/520 187/1/521 211/1/522
f 211/1/522 212/1/523 170/1/520
f 188/1/524 213/1/525 209/1/526
f 209/1/526 185/1/527 188/1/524
f 189/1/528 214/1/529 210/1/528
f 210/1/528 186/1/530 189/1/528
f 190/1/531 215/1/532 211/1/532
f 211/1/532 187/1/531 190/1/531
f 216/1/533 213/1/533 188/1/533
f 188/1/533 191/1/534 216/1/533
f 192/1/535 217/1/535 214/1/535
f 214/1/535 189/1/535 192/1/535
f 193/1/536 218/1/536 215/1/536
f 215/1/536 190/1/537 193/1/536
f 194/1/538 219/1/539 216/1/540
f 216/1/540 191/1/541 194/1/538
f 217/1/542 192/1/543 133/1/542
f 133/1/542 220/1/542 217/1/542
f 168/1/544 221/1/545 218/1/546
f 218/1/546 193/1/547 168/1/544
f 169/1/548 222/1/549 219/1/550
f 219/1/550 194/1/551 169/1/548
f 132/1/552 223/1/553 220/1/552
f 220/1/552 133/1/554 132/1/552
f 221/1/555 168/1/556 167/1/557
f 167/1/557 224/1/558 221/1/555
f 212/1/559 222/1/560 169/1/561
f 169/1/561 170/1/560 212/1/559
f 171/1/562 225/1/563 223/1/564
f 223/1/564 132/1/565 171/1/562
f 172/1/566 226/1/567 224/1/568
f 224/1/568 167/1/567 172/1/566
f 225/1/569 171/1/569 166/1/569
f 166/1/569 165/1/570 225/1/569
f 173/1/571 199/1/572 226/1/573
f 226/1/573 172/1/574 173/1/571
f 227/1/575 228/1/575 229/1/576
f 229/1/576 230/1/575 227/1/575
f 204/1/577 231/1/578 232/1/579
f 232/1/579 203/1/87 204/1/577
f 205/1/580 233/1/353 195/1/92
f 195/1/92 198/1/354 205/1/580
f 234/1/581 231/1/581 204/1/582
f 204/1/582 206/1/582 234/1/581
f 207/1/583 230/1/583 233/1/583
f 233/1/583 205/1/584 207/1/583
f 208/1/585 235/1/586 234/1/585
f 234/1/585 206/1/587 208/1/585
f 227/1/367 230/1/588 207/1/589
f 207/1/589 209/1/367 227/1/367
f 210/1/590 236/1/18 235/1/590
f 235/1/590 208/1/591 210/1/590
f 212/1/592 211/1/592 237/1/20
f 237/1/20 238/1/592 212/1/592
f 213/1/593 239/1/593 227/1/593
f 227/1/593 209/1/593 213/1/593
f 240/1/594 236/1/208 210/1/595
f 210/1/595 214/1/596 240/1/594
f 237/1/597 211/1/598 215/1/599
f 215/1/599 241/1/600 237/1/597
f 216/1/601 242/1/602 239/1/601
f 239/1/601 213/1/601 216/1/601
f 217/1/603 243/1/603 240/1/603
f 240/1/603 214/1/603 217/1/603
f 241/1/604 215/1/605 218/1/606
f 218/1/606 244/1/604 241/1/604
f 245/1/607 242/1/607 216/1/607
f 216/1/607 219/1/607 245/1/607
f 220/1/608 246/1/609 243/1/610
f 243/1/610 217/1/610 220/1/608
f 221/1/41 247/1/611 244/1/611
f 244/1/611 218/1/40 221/1/41
f 222/1/612 248/1/613 245/1/613
f 245/1/613 219/1/613 222/1/612
f 249/1/614 246/1/615 220/1/616
f 220/1/616 223/1/617 249/1/614
f 224/1/618 250/1/619 247/1/618
f 247/1/618 221/1/619 224/1/618
f 238/1/325 248/1/325 222/1/325
f 222/1/325 212/1/325 238/1/325
f 225/1/620 251/1/620 249/1/620
f 249/1/620 223/1/55 225/1/620
f 250/1/621 224/1/622 226/1/330
f 226/1/330 252/1/623 250/1/621
f 165/1/62 253/1/62 251/1/62
f 251/1/62 225/1/624 165/1/62
f 199/1/625 254/1/626 252/1/627
f 252/1/627 226/1/628 199/1/625
f 255/1/629 253/1/629 165/1/629
f 165/1/629 164/1/630 255/1/629
f 200/1/336 256/1/631 254/1/336
f 254/1/336 199/1/71 200/1/336
f 201/1/632 257/1/632 255/1/632
f 255/1/632 164/1/632 201/1/632
f 258/1/633 256/1/634 200/1/633
f 200/1/633 202/1/634 258/1/633
f 197/1/635 196/1/635 257/1/635
f 257/1/635 201/1/635 197/1/635
f 203/1/636 232/1/637 258/1/638
f 258/1/638 202/1/639 203/1/636
f 259/1/640 260/1/641 261/1/642
f 261/1/642 262/1/643 259/1/640
f 236/1/644 263/1/644 264/1/644
f 264/1/644 235/1/644 236/1/644
f 265/1/645 266/1/646 238/1/647
f 238/1/647 237/1/646 265/1/645
f 267/1/648 228/1/648 227/1/648
f 227/1/648 239/1/648 267/1/648
f 240/1/649 268/1/650 263/1/651
f 263/1/651 236/1/650 240/1/649
f 241/1/652 269/1/653 265/1/654
f 265/1/654 237/1/653 241/1/652
f 242/1/655 270/1/655 267/1/655
f 267/1/655 239/1/655 242/1/655
f 271/1/656 268/1/656 240/1/657
f 240/1/657 243/1/656 271/1/656
f 244/1/658 272/1/659 269/1/659
f 269/1/659 241/1/659 244/1/658
f 245/1/660 273/1/660 270/1/660
f 270/1/660 242/1/660 245/1/660
f 246/1/661 274/1/661 271/1/661
f 271/1/661 243/1/661 246/1/661
f 275/1/662 272/1/663 244/1/663
f 244/1/663 247/1/663 275/1/662
f 273/1/664 245/1/664 248/1/664
f 248/1/664 276/1/664 273/1/664
f 249/1/665 277/1/665 274/1/665
f 274/1/665 246/1/665 249/1/665
f 250/1/666 278/1/666 275/1/667
f 275/1/667 247/1/666 250/1/666
f 266/1/668 276/1/668 248/1/668
f 248/1/668 238/1/668 266/1/668
f 277/1/669 249/1/669 251/1/669
f 251/1/669 279/1/669 277/1/669
f 252/1/670 280/1/671 278/1/671
f 278/1/671 250/1/671 252/1/670
f 253/1/672 281/1/672 279/1/672
f 279/1/672 251/1/672 253/1/672
f 282/1/673 280/1/674 252/1/674
f 252/1/674 254/1/674 282/1/673
f 255/1/675 283/1/675 281/1/675
f 281/1/675 253/1/675 255/1/675
f 256/1/676 284/1/677 282/1/678
f 282/1/678 254/1/677 256/1/676
f 261/1/679 283/1/680 255/1/679
f 255/1/679 257/1/679 261/1/679
f 258/1/681 285/1/682 284/1/683
f 284/1/683 256/1/682 258/1/681
f 196/1/684 262/1/685 261/1/686
f 261/1/686 257/1/685 196/1/684
f 285/1/687 258/1/687 232/1/687
f 232/1/687 286/1/687 285/1/687
f 195/1/688 287/1/688 262/1/689
f 262/1/689 196/1/690 195/1/688
f 231/1/691 288/1/691 286/1/691
f 286/1/691 232/1/691 231/1/691
f 287/1/692 195/1/693 233/1/694
f 233/1/694 289/1/692 287/1/692
f 234/1/695 290/1/695 288/1/696
f 288/1/696 231/1/695 234/1/695
f 230/1/697 229/1/697 289/1/697
f 289/1/697 233/1/697 230/1/697
f 264/1/698 290/1/699 234/1/699
f 234/1/699 235/1/700 264/1/698
f 291/1/701 292/1/701 293/1/701
f 293/1/701 294/1/701 291/1/701
f 286/1/702 295/1/703 296/1/704
f 296/1/704 285/1/704 286/1/702
f 287/1/705 297/1/706 259/1/705
f 259/1/705 262/1/705 287/1/705
f 298/1/707 295/1/708 286/1/707
f 286/1/707 288/1/707 298/1/707
f 289/1/709 294/1/709 297/1/709
f 297/1/709 287/1/709 289/1/709
f 290/1/710 299/1/711 298/1/710
f 298/1/710 288/1/712 290/1/710
f 294/1/713 289/1/714 229/1/715
f 229/1/715 291/1/716 294/1/713
f 264/1/717 300/1/718 299/1/717
f 299/1/717 290/1/717 264/1/717
f 228/1/719 301/1/720 291/1/720
f 291/1/720 229/1/721 228/1/719
f 300/1/722 264/1/722 263/1/722
f 263/1/722 302/1/722 300/1/722
f 266/1/723 265/1/724 303/1/723
f 303/1/723 304/1/725 266/1/723
f 267/1/726 305/1/726 301/1/726
f 301/1/726 228/1/727 267/1/726
f 268/1/728 306/1/729 302/1/730
f 302/1/730 263/1/730 268/1/728
f 269/1/731 307/1/732 303/1/733
f 303/1/733 265/1/734 269/1/731
f 308/1/735 305/1/736 267/1/737
f 267/1/737 270/1/738 308/1/735
f 271/1/739 309/1/740 306/1/739
f 306/1/739 268/1/741 271/1/739
f 272/1/742 310/1/743 307/1/744
f 307/1/744 269/1/745 272/1/742
f 273/1/746 311/1/747 308/1/748
f 308/1/748 270/1/749 273/1/746
f 312/1/750 309/1/751 271/1/750
f 271/1/750 274/1/752 312/1/750
f 275/1/753 313/1/754 310/1/755
f 310/1/755 272/1/756 275/1/753
f 276/1/757 314/1/758 311/1/759
f 311/1/759 273/1/759 276/1/757
f 277/1/760 315/1/760 312/1/761
f 312/1/761 274/1/760 277/1/760
f 313/1/762 275/1/762 278/1/762
f 278/1/762 316/1/763 313/1/762
f 304/1/764 314/1/765 276/1/766
f 276/1/766 266/1/767 304/1/764
f 279/1/768 317/1/769 315/1/768
f 315/1/768 277/1/770 279/1/768
f 280/1/771 318/1/772 316/1/773
f 316/1/773 278/1/773 280/1/771
f 317/1/774 279/1/774 281/1/775
f 281/1/775 319/1/774 317/1/774
f 282/1/776 320/1/776 318/1/777
f 318/1/777 280/1/778 282/1/776
f 283/1/779 321/1/780 319/1/779
f 319/1/779 281/1/781 283/1/779
f 322/1/782 320/1/783 282/1/784
f 282/1/784 284/1/785 322/1/782
f 261/1/786 260/1/787 321/1/788
f 321/1/788 283/1/789 261/1/786
f 285/1/790 296/1/791 322/1/791
f 322/1/791 284/1/790 285/1/790
f 323/1/792 324/1/792 325/1/793
f 325/1/793 326/1/792 323/1/792
f 300/1/794 327/1/795 328/1/794
f 328/1/794 299/1/796 300/1/794
f 291/1/797 301/1/798 329/1/799
f 329/1/799 292/1/800 291/1/797
f 302/1/801 330/1/802 327/1/803
f 327/1/803 300/1/804 302/1/801
f 304/1/805 303/1/805 331/1/806
f 331/1/806 332/1/806 304/1/805
f 329/1/807 301/1/808 305/1/809
f 305/1/809 324/1/807 329/1/807
f 302/1/810 306/1/811 333/1/810
f 333/1/810 330/1/812 302/1/810
f 331/1/813 303/1/813 307/1/814
f 307/1/814 334/1/813 331/1/813
f 308/1/815 325/1/816 324/1/817
f 324/1/817 305/1/818 308/1/815
f 333/1/819 306/1/819 309/1/819
f 309/1/819 335/1/819 333/1/819
f 334/1/820 307/1/821 310/1/822
f 310/1/822 336/1/823 334/1/820
f 308/1/824 311/1/825 337/1/826
f 337/1/826 325/1/827 308/1/824
f 312/1/828 338/1/829 335/1/830
f 335/1/830 309/1/828 312/1/828
f 313/1/831 339/1/832 336/1/831
f 336/1/831 310/1/831 313/1/831
f 337/1/833 311/1/833 314/1/834
f 314/1/834 340/1/833 337/1/833
f 312/1/835 315/1/836 341/1/835
f 341/1/835 338/1/837 312/1/835
f 316/1/838 342/1/838 339/1/838
f 339/1/838 313/1/839 316/1/838
f 314/1/840 304/1/840 332/1/841
f 332/1/841 340/1/842 314/1/840
f 341/1/843 315/1/844 317/1/845
f 317/1/845 343/1/846 341/1/843
f 342/1/847 316/1/848 318/1/848
f 318/1/848 344/1/848 342/1/847
f 319/1/849 345/1/850 343/1/851
f 343/1/851 317/1/852 319/1/849
f 320/1/853 346/1/853 344/1/853
f 344/1/853 318/1/853 320/1/853
f 319/1/854 321/1/855 347/1/856
f 347/1/856 345/1/857 319/1/854
f 322/1/858 348/1/859 346/1/860
f 346/1/860 320/1/859 322/1/858
f 347/1/861 321/1/861 260/1/862
f 260/1/862 349/1/861 347/1/861
f 322/1/863 296/1/864 350/1/865
f 350/1/865 348/1/866 322/1/863
f 259/1/867 351/1/867 349/1/867
f 349/1/867 260/1/868 259/1/867
f 350/1/869 296/1/870 295/1/869
f 295/1/869 352/1/869 350/1/869
f 259/1/871 297/1/872 353/1/871
f 353/1/871 351/1/873 259/1/871
f 354/1/874 352/1/874 295/1/875
f 295/1/875 298/1/874 354/1/874
f 353/1/876 297/1/877 294/1/878
f 294/1/878 293/1/879 353/1/876
f 354/1/880 298/1/880 299/1/880
f 299/1/880 328/1/880 354/1/880
f 355/1/881 356/1/882 357/1/882
f 357/1/882 358/1/883 355/1/881
f 335/1/884 359/1/884 360/1/884
f 360/1/884 333/1/884 335/1/884
f 336/1/885 361/1/886 362/1/886
f 362/1/886 334/1/886 336/1/885
f 337/1/887 363/1/888 326/1/888
f 326/1/888 325/1/888 337/1/887
f 359/1/889 335/1/889 338/1/889
f 338/1/889 364/1/889 359/1/889
f 336/1/890 339/1/891 365/1/891
f 365/1/891 361/1/891 336/1/890
f 340/1/892 357/1/892 363/1/892
f 363/1/892 337/1/892 340/1/892
f 341/1/893 366/1/893 364/1/893
f 364/1/893 338/1/893 341/1/893
f 365/1/894 339/1/895 342/1/896
f 342/1/896 367/1/895 365/1/894
f 358/1/897 357/1/897 340/1/898
f 340/1/898 332/1/897 358/1/897
f 343/1/899 368/1/899 366/1/899
f 366/1/899 341/1/899 343/1/899
f 344/1/900 369/1/901 367/1/902
f 367/1/902 342/1/901 344/1/900
f 368/1/903 343/1/904 345/1/905
f 345/1/905 370/1/903 368/1/903
f 344/1/906 346/1/907 371/1/907
f 371/1/907 369/1/907 344/1/906
f 347/1/908 372/1/908 370/1/908
f 370/1/908 345/1/908 347/1/908
f 371/1/909 346/1/910 348/1/909
f 348/1/909 373/1/910 371/1/909
f 349/1/911 374/1/911 372/1/911
f 372/1/911 347/1/911 349/1/911
f 350/1/912 375/1/913 373/1/913
f 373/1/913 348/1/913 350/1/912
f 374/1/914 349/1/914 351/1/914
f 351/1/914 376/1/914 374/1/914
f 352/1/915 377/1/915 375/1/916
f 375/1/916 350/1/915 352/1/915
f 353/1/917 378/1/918 376/1/918
f 376/1/918 351/1/918 353/1/917
f 352/1/919 354/1/920 379/1/921
f 379/1/921 377/1/920 352/1/919
f 293/1/922 380/1/923 378/1/924
f 378/1/924 353/1/925 293/1/922
f 381/1/926 379/1/927 354/1/928
f 354/1/928 328/1/929 381/1/926
f 380/1/930 293/1/930 292/1/930
f 292/1/930 382/1/930 380/1/930
f 381/1/931 328/1/931 327/1/931
f 327/1/931 383/1/931 381/1/931
f 329/1/932 384/1/932 382/1/933
f 382/1/933 292/1/932 329/1/932
f 383/1/934 327/1/934 330/1/935
f 330/1/935 385/1/934 383/1/934
f 331/1/936 386/1/936 358/1/936
f 358/1/936 332/1/936 331/1/936
f 324/1/937 323/1/937 384/1/937
f 384/1/937 329/1/937 324/1/937
f 333/1/938 360/1/939 385/1/939
f 385/1/939 330/1/939 333/1/938
f 386/1/940 331/1/940 334/1/941
f 334/1/941 362/1/940 386/1/940
f 387/1/942 388/1/943 389/1/944
f 389/1/944 390/1/945 387/1/942
f 368/1/946 391/1/946 392/1/946
f 392/1/946 366/1/946 368/1/946
f 393/1/947 367/1/948 369/1/949
f 369/1/949 394/1/947 393/1/947
f 370/1/950 395/1/951 391/1/952
f 391/1/952 368/1/953 370/1/950
f 371/1/954 396/1/955 394/1/956
f 394/1/956 369/1/957 371/1/954
f 395/1/958 370/1/958 372/1/959
f 372/1/959 390/1/960 395/1/958
f 373/1/961 397/1/962 396/1/961
f 396/1/961 371/1/963 373/1/961
f 374/1/964 387/1/965 390/1/966
f 390/1/966 372/1/967 374/1/964
f 397/1/968 373/1/969 375/1/970
f 375/1/970 398/1/968 397/1/968
f 376/1/971 399/1/972 387/1/973
f 387/1/973 374/1/972 376/1/971
f 377/1/974 400/1/975 398/1/976
f 398/1/976 375/1/974 377/1/974
f 399/1/977 376/1/978 378/1/977
f 378/1/977 401/1/979 399/1/977
f 379/1/980 402/1/981 400/1/982
f 400/1/982 377/1/983 379/1/980
f 380/1/984 403/1/985 401/1/986
f 401/1/986 378/1/987 380/1/984
f 402/1/988 379/1/989 381/1/988
f 381/1/988 404/1/990 402/1/988
f 382/1/991 405/1/991 403/1/991
f 403/1/991 380/1/992 382/1/991
f 383/1/993 406/1/994 404/1/995
f 404/1/995 381/1/996 383/1/993
f 405/1/997 382/1/998 384/1/997
f 384/1/997 407/1/999 405/1/997
f 385/1/1000 408/1/1001 406/1/1002
f 406/1/1002 383/1/1003 385/1/1000
f 358/1/1004 386/1/1005 409/1/1006
f 409/1/1006 355/1/1007 358/1/1004
f 323/1/1008 410/1/1009 407/1/1008
f 407/1/1008 384/1/1010 323/1/1008
f 408/1/1011 385/1/1012 360/1/1013
f 360/1/1013 411/1/1014 408/1/1011
f 362/1/1015 412/1/1016 409/1/1017
f 409/1/1017 386/1/1018 362/1/1015
f 326/1/1019 413/1/1020 410/1/1021
f 410/1/1021 323/1/1022 326/1/1019
f 359/1/1023 414/1/1024 411/1/1025
f 411/1/1025 360/1/1025 359/1/1023
f 412/1/1026 362/1/1027 361/1/1028
f 361/1/1028 415/1/1029 412/1/1026
f 413/1/1030 326/1/1031 363/1/1032
f 363/1/1032 416/1/1033 413/1/1030
f 364/1/1034 417/1/1035 414/1/1036
f 414/1/1036 359/1/1037 364/1/1034
f 365/1/1038 418/1/1039 415/1/1038
f 415/1/1038 361/1/1040 365/1/1038
f 357/1/1041 356/1/1042 416/1/1043
f 416/1/1043 363/1/1044 357/1/1041
f 417/1/1045 364/1/1046 366/1/1046
f 366/1/1046 392/1/1047 417/1/1045
f 367/1/1048 393/1/1049 418/1/1050
f 418/1/1050 365/1/1051 367/1/1048
f 419/1/1052 420/1/1052 421/1/1053
f 421/1/1053 422/1/1052 419/1/1052
f 423/1/1054 424/1/1055 397/1/1056
f 397/1/1056 398/1/1057 423/1/1054
f 399/1/1058 425/1/1058 388/1/1058
f 388/1/1058 387/1/1059 399/1/1058
f 400/1/1060 426/1/1061 423/1/1062
f 423/1/1062 398/1/1063 400/1/1060
f 420/1/1064 425/1/1065 399/1/1066
f 399/1/1066 401/1/1067 420/1/1064
f 402/1/1068 427/1/1069 426/1/1070
f 426/1/1070 400/1/1071 402/1/1068
f 403/1/1072 421/1/1072 420/1/1072
f 420/1/1072 401/1/1072 403/1/1072
f 428/1/1073 427/1/1074 402/1/1075
f 402/1/1075 404/1/1075 428/1/1073
f 405/1/1076 429/1/1077 421/1/1078
f 421/1/1078 403/1/1079 405/1/1076
f 406/1/1080 430/1/1080 428/1/1080
f 428/1/1080 404/1/1080 406/1/1080
f 431/1/1081 429/1/1082 405/1/1083
f 405/1/1083 407/1/1084 431/1/1081
f 408/1/1085 432/1/1085 430/1/1086
f 430/1/1086 406/1/1085 408/1/1085
f 433/1/1087 355/1/1088 409/1/1089
f 409/1/1089 434/1/1088 433/1/1087
f 410/1/1090 435/1/1091 431/1/1091
f 431/1/1091 407/1/1091 410/1/1090
f 436/1/1092 432/1/1093 408/1/1092
f 408/1/1092 411/1/1094 436/1/1092
f 434/1/1095 409/1/1095 412/1/1095
f 412/1/1095 437/1/1095 434/1/1095
f 413/1/1096 438/1/1097 435/1/1097
f 435/1/1097 410/1/1098 413/1/1096
f 414/1/1099 439/1/1099 436/1/1099
f 436/1/1099 411/1/1099 414/1/1099
f 415/1/1100 440/1/1101 437/1/1102
f 437/1/1102 412/1/1101 415/1/1100
f 441/1/1103 438/1/1104 413/1/1105
f 413/1/1105 416/1/1105 441/1/1103
f 417/1/1106 442/1/1106 439/1/1106
f 439/1/1106 414/1/1107 417/1/1106
f 440/1/1108 415/1/1108 418/1/1108
f 418/1/1108 443/1/1108 440/1/1108
f 356/1/1109 444/1/1110 441/1/1111
f 441/1/1111 416/1/1112 356/1/1109
f 445/1/1113 442/1/1113 417/1/1114
f 417/1/1114 392/1/1114 445/1/1113
f 393/1/1115 446/1/1116 443/1/1117
f 443/1/1117 418/1/1118 393/1/1115
f 433/1/1119 444/1/1120 356/1/1121
f 356/1/1121 355/1/1122 433/1/1119
f 391/1/1123 447/1/1123 445/1/1124
f 445/1/1124 392/1/1125 391/1/1123
f 394/1/1126 448/1/1127 446/1/1126
f 446/1/1126 393/1/1128 394/1/1126
f 395/1/1129 449/1/1130 447/1/1131
f 447/1/1131 391/1/1132 395/1/1129
f 448/1/1133 394/1/1134 396/1/1135
f 396/1/1135 450/1/1136 448/1/1133
f 389/1/1137 449/1/1138 395/1/1139
f 395/1/1139 390/1/1137 389/1/1137
f 397/1/1140 424/1/1140 450/1/1141
f 450/1/1141 396/1/1140 397/1/1140
f 451/1/1142 452/1/1143 453/1/1144
f 453/1/1144 454/1/1145 451/1/1142
f 428/1/1146 455/1/1146 456/1/1146
f 456/1/1146 427/1/1146 428/1/1146
f 429/1/1147 457/1/1148 422/1/1148
f 422/1/1148 421/1/1148 429/1/1147
f 458/1/1149 455/1/1150 428/1/1150
f 428/1/1150 430/1/1150 458/1/1149
f 431/1/1151 459/1/1151 457/1/1151
f 457/1/1151 429/1/1151 431/1/1151
f 432/1/1152 460/1/1153 458/1/1153
f 458/1/1153 430/1/1153 432/1/1152
f 452/1/1154 451/1/1154 433/1/1154
f 433/1/1154 434/1/1154 452/1/1154
f 461/1/1155 459/1/1155 431/1/1155
f 431/1/1155 435/1/1155 461/1/1155
f 436/1/1156 462/1/1157 460/1/1157
f 460/1/1157 432/1/1157 436/1/1156
f 437/1/1158 463/1/1159 452/1/1159
f 452/1/1159 434/1/1159 437/1/1158
f 438/1/1160 464/1/1160 461/1/1160
f 461/1/1160 435/1/1160 438/1/1160
f 465/1/1161 462/1/1161 436/1/1162
f 436/1/1162 439/1/1161 465/1/1161
f 440/1/1163 466/1/1164 463/1/1164
f 463/1/1164 437/1/1164 440/1/1163
f 441/1/1165 467/1/1165 464/1/1165
f 464/1/1165 438/1/1165 441/1/1165
f 442/1/1166 468/1/1166 465/1/1166
f 465/1/1166 439/1/1166 442/1/1166
f 469/1/1167 466/1/1167 440/1/1167
f 440/1/1167 443/1/1167 469/1/1167
f 470/1/1168 467/1/1168 441/1/1168
f 441/1/1168 444/1/1168 470/1/1168
f 445/1/1169 471/1/1170 468/1/1169
f 468/1/1169 442/1/1169 445/1/1169
f 446/1/1171 472/1/1171 469/1/1171
f 469/1/1171 443/1/1171 446/1/1171
f 470/1/1172 444/1/1172 433/1/1172
f 433/1/1172 451/1/1172 470/1/1172
f 471/1/1173 445/1/1173 447/1/1173
f 447/1/1173 473/1/1173 471/1/1173
f 448/1/1174 474/1/1175 472/1/1176
f 472/1/1176 446/1/1175 448/1/1174
f 449/1/1177 475/1/1177 473/1/1177
f 473/1/1177 447/1/1177 449/1/1177
f 476/1/1178 474/1/1178 448/1/1178
f 448/1/1178 450/1/1178 476/1/1178
f 389/1/1179 477/1/1179 475/1/1179
f 475/1/1179 449/1/1179 389/1/1179
f 424/1/1180 478/1/1180 476/1/1181
f 476/1/1181 450/1/1180 424/1/1180
f 477/1/1182 389/1/1182 388/1/1182
f 388/1/1182 479/1/1182 477/1/1182
f 423/1/1183 480/1/1184 478/1/1184
f 478/1/1184 424/1/1184 423/1/1183
f 425/1/1185 481/1/1185 479/1/1185
f 479/1/1185 388/1/1185 425/1/1185
f 482/1/1186 480/1/1187 423/1/1187
f 423/1/1187 426/1/1187 482/1/1186
f 420/1/1188 419/1/1189 481/1/1189
f 481/1/1189 425/1/1189 420/1/1188
f 427/1/1190 456/1/1191 482/1/1192
f 482/1/1192 426/1/1191 427/1/1190
f 483/1/1193 484/1/1194 485/1/1193
f 485/1/1193 486/1/1193 483/1/1193
f 461/1/1195 487/1/1196 488/1/1197
f 488/1/1197 459/1/1198 461/1/1195
f 462/1/1199 489/1/1200 490/1/1201
f 490/1/1201 460/1/1202 462/1/1199
f 463/1/1203 491/1/1204 453/1/1205
f 453/1/1205 452/1/1206 463/1/1203
f 492/1/1207 487/1/1208 461/1/1209
f 461/1/1209 464/1/1210 492/1/1207
f 465/1/1211 493/1/1212 489/1/1213
f 489/1/1213 462/1/1214 465/1/1211
f 466/1/1215 486/1/1216 491/1/1216
f 491/1/1216 463/1/1215 466/1/1215
f 467/1/1217 494/1/1218 492/1/1218
f 492/1/1218 464/1/1219 467/1/1217
f 493/1/1220 465/1/1221 468/1/1222
f 468/1/1222 495/1/1223 493/1/1220
f 469/1/1224 483/1/1225 486/1/1226
f 486/1/1226 466/1/1227 469/1/1224
f 470/1/1228 496/1/1229 494/1/1230
f 494/1/1230 467/1/1231 470/1/1228
f 471/1/1232 497/1/1233 495/1/1234
f 495/1/1234 468/1/1235 471/1/1232
f 483/1/1236 469/1/1237 472/1/1238
f 472/1/1238 498/1/1239 483/1/1236
f 496/1/1240 470/1/1241 451/1/1240
f 451/1/1240 454/1/1242 496/1/1240
f 473/1/1243 499/1/1244 497/1/1243
f 497/1/1243 471/1/1245 473/1/1243
f 474/1/1246 500/1/1247 498/1/1248
f 498/1/1248 472/1/1246 474/1/1246
f 501/1/1249 499/1/1250 473/1/1251
f 473/1/1251 475/1/1252 501/1/1249
f 476/1/1253 502/1/1254 500/1/1255
f 500/1/1255 474/1/1256 476/1/1253
f 477/1/1257 503/1/1258 501/1/1259
f 501/1/1259 475/1/1260 477/1/1257
f 504/1/1261 502/1/1262 476/1/1263
f 476/1/1263 478/1/1264 504/1/1261
f 479/1/1265 505/1/1265 503/1/1266
f 503/1/1266 477/1/1266 479/1/1265
f 480/1/1267 506/1/1268 504/1/1268
f 504/1/1268 478/1/1269 480/1/1267
f 505/1/1270 479/1/1271 481/1/1270
f 481/1/1270 507/1/1272 505/1/1270
f 482/1/1273 508/1/1274 506/1/1275
f 506/1/1275 480/1/1276 482/1/1273
f 419/1/1277 509/1/1278 507/1/1279
f 507/1/1279 481/1/1280 419/1/1277
f 510/1/1281 508/1/1282 482/1/1283
f 482/1/1283 456/1/1284 510/1/1281
f 422/1/1285 511/1/1286 509/1/1287
f 509/1/1287 419/1/1288 422/1/1285
f 455/1/1289 512/1/1290 510/1/1291
f 510/1/1291 456/1/1292 455/1/1289
f 513/1/1293 511/1/1294 422/1/1295
f 422/1/1295 457/1/1296 513/1/1293
f 458/1/1297 514/1/1297 512/1/1297
f 512/1/1297 455/1/1298 458/1/1297
f 459/1/1299 488/1/1299 513/1/1300
f 513/1/1300 457/1/1299 459/1/1299
f 514/1/1301 458/1/1302 460/1/1302
f 460/1/1302 490/1/1301 514/1/1301
f 515/1/1303 516/1/1304 517/1/1304
f 517/1/1304 518/1/1304 515/1/1303
f 496/1/1305 519/1/1305 520/1/1306
f 520/1/1306 494/1/1305 496/1/1305
f 521/1/1307 522/1/1308 495/1/1307
f 495/1/1307 497/1/1307 521/1/1307
f 498/1/1309 523/1/1310 484/1/1311
f 484/1/1311 483/1/1312 498/1/1309
f 524/1/1313 519/1/1313 496/1/1313
f 496/1/1313 454/1/1313 524/1/1313
f 499/1/1314 525/1/1314 521/1/1314
f 521/1/1314 497/1/1315 499/1/1314
f 523/1/1316 498/1/1317 500/1/1318
f 500/1/1318 517/1/1319 523/1/1316
f 501/1/1320 526/1/1321 525/1/1322
f 525/1/1322 499/1/1323 501/1/1320
f 502/1/1324 518/1/1325 517/1/1326
f 517/1/1326 500/1/1324 502/1/1324
f 527/1/1327 526/1/1328 501/1/1329
f 501/1/1329 503/1/1330 527/1/1327
f 504/1/1331 528/1/1332 518/1/1333
f 518/1/1333 502/1/1334 504/1/1331
f 505/1/1335 529/1/1335 527/1/1336
f 527/1/1336 503/1/1335 505/1/1335
f 530/1/1337 528/1/1338 504/1/1339
f 504/1/1339 506/1/1340 530/1/1337
f 507/1/1341 531/1/1342 529/1/1343
f 529/1/1343 505/1/1344 507/1/1341
f 508/1/1345 532/1/1346 530/1/1347
f 530/1/1347 506/1/1348 508/1/1345
f 533/1/1349 531/1/1350 507/1/1351
f 507/1/1351 509/1/1352 533/1/1349
f 510/1/1353 534/1/1354 532/1/1355
f 532/1/1355 508/1/1356 510/1/1353
f 511/1/1357 535/1/1358 533/1/1358
f 533/1/1358 509/1/1359 511/1/1357
f 536/1/1360 534/1/1361 510/1/1362
f 510/1/1362 512/1/1363 536/1/1360
f 513/1/1364 537/1/1365 535/1/1366
f 535/1/1366 511/1/1367 513/1/1364
f 514/1/1368 538/1/1369 536/1/1369
f 536/1/1369 512/1/1369 514/1/1368
f 539/1/1370 537/1/1371 513/1/1370
f 513/1/1370 488/1/1372 539/1/1370
f 490/1/1373 540/1/1374 538/1/1375
f 538/1/1375 514/1/1376 490/1/1373
f 454/1/1377 453/1/1377 541/1/1378
f 541/1/1378 524/1/1378 454/1/1377
f 487/1/1379 542/1/1380 539/1/1379
f 539/1/1379 488/1/1381 487/1/1379
f 543/1/1382 540/1/1383 490/1/1382
f 490/1/1382 489/1/1382 543/1/1382
f 544/1/1384 541/1/1385 453/1/1386
f 453/1/1386 491/1/1387 544/1/1384
f 492/1/1388 545/1/1389 542/1/1390
f 542/1/1390 487/1/1391 492/1/1388
f 493/1/1392 546/1/1393 543/1/1394
f 543/1/1394 489/1/1395 493/1/1392
f 485/1/1396 544/1/1397 491/1/1398
f 491/1/1398 486/1/1399 485/1/1396
f 520/1/1400 545/1/1400 492/1/1400
f 492/1/1400 494/1/1400 520/1/1400
f 495/1/1401 522/1/1402 546/1/1401
f 546/1/1401 493/1/1403 495/1/1401
f 547/1/1404 548/1/1405 549/1/1405
f 549/1/1405 550/1/1406 547/1/1404
f 527/1/1407 551/1/1408 552/1/1408
f 552/1/1408 526/1/1408 527/1/1407
f 528/1/1409 553/1/1409 515/1/1410
f 515/1/1410 518/1/1409 528/1/1409
f 551/1/1411 527/1/1412 529/1/1413
f 529/1/1413 554/1/1412 551/1/1411
f 530/1/1414 550/1/1415 553/1/1415
f 553/1/1415 528/1/1415 530/1/1414
f 531/1/1416 555/1/1417 554/1/1416
f 554/1/1416 529/1/1417 531/1/1416
f 547/1/1418 550/1/1419 530/1/1420
f 530/1/1420 532/1/1419 547/1/1418
f 533/1/1421 556/1/1422 555/1/1423
f 555/1/1423 531/1/1422 533/1/1421
f 534/1/1424 557/1/1424 547/1/1425
f 547/1/1425 532/1/1424 534/1/1424
f 558/1/1426 556/1/1427 533/1/1426
f 533/1/1426 535/1/1427 558/1/1426
f 536/1/1428 559/1/1428 557/1/1428
f 557/1/1428 534/1/1428 536/1/1428
f 537/1/1429 560/1/1430 558/1/1430
f 558/1/1430 535/1/1430 537/1/1429
f 561/1/1431 559/1/1432 536/1/1432
f 536/1/1432 538/1/1432 561/1/1431
f 539/1/1433 562/1/1434 560/1/1435
f 560/1/1435 537/1/1434 539/1/1433
f 540/1/1436 563/1/1437 561/1/1437
f 561/1/1437 538/1/1437 540/1/1436
f 564/1/1438 565/1/1438 524/1/1438
f 524/1/1438 541/1/1438 564/1/1438
f 566/1/1439 562/1/1439 539/1/1440
f 539/1/1440 542/1/1439 566/1/1439
f 543/1/1441 567/1/1442 563/1/1443
f 563/1/1443 540/1/1442 543/1/1441
f 544/1/1444 568/1/1445 564/1/1445
f 564/1/1445 541/1/1445 544/1/1444
f 545/1/1446 569/1/1447 566/1/1447
f 566/1/1447 542/1/1447 545/1/1446
f 567/1/1448 543/1/1449 546/1/1450
f 546/1/1450 570/1/1449 567/1/1448
f 485/1/1451 571/1/1451 568/1/1451
f 568/1/1451 544/1/1451 485/1/1451
f 520/1/1452 572/1/1453 569/1/1454
f 569/1/1454 545/1/1453 520/1/1452
f 522/1/1455 573/1/1455 570/1/1456
f 570/1/1456 546/1/1455 522/1/1455
f 574/1/1457 571/1/1458 485/1/1458
f 485/1/1458 484/1/1458 574/1/1457
f 575/1/1459 572/1/1460 520/1/1459
f 520/1/1459 519/1/1460 575/1/1459
f 521/1/1461 576/1/1462 573/1/1463
f 573/1/1463 522/1/1462 521/1/1461
f 523/1/1464 577/1/1464 574/1/1465
f 574/1/1465 484/1/1464 523/1/1464
f 565/1/1466 575/1/1467 519/1/1467
f 519/1/1467 524/1/1467 565/1/1466
f 576/1/1468 521/1/1469 525/1/1470
f 525/1/1470 578/1/1469 576/1/1468
f 517/1/1471 516/1/1471 577/1/1471
f 577/1/1471 523/1/1471 517/1/1471
f 526/1/1472 552/1/1472 578/1/1473
f 578/1/1473 525/1/1472 526/1/1472
f 579/1/1474 580/1/1474 581/1/1474
f 581/1/1474 582/1/1475 579/1/1474
f 556/1/1476 583/1/1477 584/1/1476
f 584/1/1476 555/1/1477 556/1/1476
f 585/1/1478 548/1/1479 547/1/1479
f 547/1/1479 557/1/1478 585/1/1478
f 558/1/1480 586/1/1481 583/1/1482
f 583/1/1482 556/1/1482 558/1/1480
f 559/1/1483 582/1/1484 585/1/1485
f 585/1/1485 557/1/1486 559/1/1483
f 586/1/1487 558/1/1487 560/1/1488
f 560/1/1488 587/1/1487 586/1/1487
f 561/1/1489 579/1/1490 582/1/1491
f 582/1/1491 559/1/1492 561/1/1489
f 562/1/1493 588/1/1494 587/1/1493
f 587/1/1493 560/1/1495 562/1/1493
f 579/1/1496 561/1/1496 563/1/1496
f 563/1/1496 589/1/1496 579/1/1496
f 565/1/1497 564/1/1497 590/1/1497
f 590/1/1497 591/1/1497 565/1/1497
f 566/1/1498 592/1/1499 588/1/1498
f 588/1/1498 562/1/1500 566/1/1498
f 567/1/1501 593/1/1502 589/1/1501
f 589/1/1501 563/1/1503 567/1/1501
f 568/1/1504 594/1/1505 590/1/1506
f 590/1/1506 564/1/1507 568/1/1504
f 595/1/1508 592/1/1509 566/1/1509
f 566/1/1509 569/1/1508 595/1/1508
f 570/1/1510 596/1/1511 593/1/1512
f 593/1/1512 567/1/1513 570/1/1510
f 571/1/1514 597/1/1515 594/1/1515
f 594/1/1515 568/1/1514 571/1/1514
f 572/1/1516 598/1/1517 595/1/1516
f 595/1/1516 569/1/1518 572/1/1516
f 599/1/1519 596/1/1520 570/1/1521
f 570/1/1521 573/1/1522 599/1/1519
f 574/1/1523 600/1/1524 597/1/1525
f 597/1/1525 571/1/1526 574/1/1523
f 575/1/1527 601/1/1528 598/1/1529
f 598/1/1529 572/1/1530 575/1/1527
f 576/1/1531 602/1/1532 599/1/1532
f 599/1/1532 573/1/1533 576/1/1531
f 600/1/1534 574/1/1535 577/1/1536
f 577/1/1536 603/1/1535 600/1/1534
f 591/1/1537 601/1/1538 575/1/1539
f 575/1/1539 565/1/1540 591/1/1537
f 578/1/1541 604/1/1542 602/1/1543
f 602/1/1543 576/1/1544 578/1/1541
f 516/1/1545 605/1/1545 603/1/1545
f 603/1/1545 577/1/1546 516/1/1545
f 606/1/1547 604/1/1548 578/1/1547
f 578/1/1547 552/1/1549 606/1/1547
f 515/1/1550 607/1/1551 605/1/1552
f 605/1/1552 516/1/1553 515/1/1550
f 551/1/1554 608/1/1555 606/1/1556
f 606/1/1556 552/1/1557 551/1/1554
f 609/1/1558 607/1/1559 515/1/1558
f 515/1/1558 553/1/1558 609/1/1558
f 554/1/1560 610/1/1561 608/1/1562
f 608/1/1562 551/1/1563 554/1/1560
f 550/1/1564 549/1/1565 609/1/1564
f 609/1/1564 553/1/1566 550/1/1564
f 610/1/1567 554/1/1568 555/1/1569
f 555/1/1569 584/1/1570 610/1/1567
f 611/1/1571 612/1/1572 613/1/1571
f 613/1/1571 614/1/1572 611/1/1571
f 587/1/1573 588/1/1574 615/1/1573
f 615/1/1573 616/1/1575 587/1/1573
f 589/1/1576 617/1/1576 580/1/1577
f 580/1/1577 579/1/1577 589/1/1576
f 591/1/1578 590/1/1578 618/1/1578
f 618/1/1578 619/1/1578 591/1/1578
f 615/1/1579 588/1/1579 592/1/1579
f 592/1/1579 620/1/1579 615/1/1579
f 589/1/1580 593/1/1581 614/1/1580
f 614/1/1580 617/1/1582 589/1/1580
f 618/1/1583 590/1/1584 594/1/1585
f 594/1/1585 621/1/1586 618/1/1583
f 595/1/1587 622/1/1587 620/1/1588
f 620/1/1588 592/1/1589 595/1/1587
f 614/1/1590 593/1/1590 596/1/1590
f 596/1/1590 611/1/1590 614/1/1590
f 623/1/1591 621/1/1592 594/1/1593
f 594/1/1593 597/1/1594 623/1/1591
f 595/1/1595 598/1/1596 624/1/1597
f 624/1/1597 622/1/1595 595/1/1595
f 599/1/1598 625/1/1599 611/1/1598
f 611/1/1598 596/1/1600 599/1/1598
f 600/1/1601 626/1/1602 623/1/1603
f 623/1/1603 597/1/1601 600/1/1601
f 624/1/1604 598/1/1605 601/1/1606
f 601/1/1606 627/1/1607 624/1/1604
f 599/1/1608 602/1/1609 628/1/1610
f 628/1/1610 625/1/1611 599/1/1608
f 603/1/1612 629/1/1612 626/1/1612
f 626/1/1612 600/1/1612 603/1/1612
f 601/1/1613 591/1/1613 619/1/1613
f 619/1/1613 627/1/1613 601/1/1613
f 628/1/1614 602/1/1615 604/1/1616
f 604/1/1616 630/1/1617 628/1/1614
f 631/1/1618 629/1/1618 603/1/1618
f 603/1/1618 605/1/1619 631/1/1618
f 606/1/1620 632/1/1621 630/1/1621
f 630/1/1621 604/1/1621 606/1/1620
f 607/1/1622 633/1/1623 631/1/1624
f 631/1/1624 605/1/1625 607/1/1622
f 606/1/1626 608/1/1626 634/1/1626
f 634/1/1626 632/1/1626 606/1/1626
f 609/1/1627 635/1/1627 633/1/1628
f 633/1/1628 607/1/1629 609/1/1627
f 634/1/1630 608/1/1631 610/1/1632
f 610/1/1632 636/1/1632 634/1/1630
f 609/1/1633 549/1/1634 637/1/1635
f 637/1/1635 635/1/1634 609/1/1633
f 584/1/1636 638/1/1636 636/1/1637
f 636/1/1637 610/1/1638 584/1/1636
f 637/1/1639 549/1/1640 548/1/1639
f 548/1/1639 639/1/1641 637/1/1639
f 584/1/1642 583/1/1643 640/1/1643
f 640/1/1643 638/1/1643 584/1/1642
f 641/1/1644 639/1/1645 548/1/1646
f 548/1/1646 585/1/1644 641/1/1644
f 640/1/1647 583/1/1648 586/1/1649
f 586/1/1649 642/1/1650 640/1/1647
f 641/1/1651 585/1/1652 582/1/1651
f 582/1/1651 581/1/1651 641/1/1651
f 587/1/1653 616/1/1653 642/1/1654
f 642/1/1654 586/1/1653 587/1/1653
f 643/1/1655 644/1/1656 645/1/1656
f 645/1/1656 646/1/1656 643/1/1655
f 623/1/1657 647/1/1657 648/1/1657
f 648/1/1657 621/1/1657 623/1/1657
f 624/1/1658 649/1/1658 650/1/1658
f 650/1/1658 622/1/1658 624/1/1658
f 612/1/1659 611/1/1659 625/1/1659
f 625/1/1659 651/1/1659 612/1/1659
f 623/1/1660 626/1/1660 652/1/1660
f 652/1/1660 647/1/1660 623/1/1660
f 627/1/1661 653/1/1661 649/1/1661
f 649/1/1661 624/1/1661 627/1/1661
f 628/1/1662 646/1/1662 651/1/1662
f 651/1/1662 625/1/1662 628/1/1662
f 652/1/1663 626/1/1663 629/1/1663
f 629/1/1663 654/1/1663 652/1/1663
f 655/1/1664 653/1/1664 627/1/1664
f 627/1/1664 619/1/1664 655/1/1664
f 630/1/1665 643/1/1665 646/1/1665
f 646/1/1665 628/1/1665 630/1/1665
f 631/1/1666 656/1/1666 654/1/1666
f 654/1/1666 629/1/1666 631/1/1666
f 643/1/1667 630/1/1667 632/1/1667
f 632/1/1667 657/1/1667 643/1/1667
f 631/1/1668 633/1/1668 658/1/1668
f 658/1/1668 656/1/1668 631/1/1668
f 634/1/1669 659/1/1669 657/1/1669
f 657/1/1669 632/1/1669 634/1/1669
f 658/1/1670 633/1/1670 635/1/1671
f 635/1/1671 660/1/1670 658/1/1670
f 636/1/1672 661/1/1672 659/1/1672
f 659/1/1672 634/1/1672 636/1/1672
f 637/1/1673 662/1/1673 660/1/1673
f 660/1/1673 635/1/1673 637/1/1673
f 661/1/1674 636/1/1674 638/1/1674
f 638/1/1674 663/1/1674 661/1/1674
f 639/1/1675 664/1/1675 662/1/1675
f 662/1/1675 637/1/1675 639/1/1675
f 640/1/1676 665/1/1677 663/1/1677
f 663/1/1677 638/1/1678 640/1/1676
f 639/1/1679 641/1/1679 666/1/1679
f 666/1/1679 664/1/1679 639/1/1679
f 642/1/1680 667/1/1681 665/1/1681
f 665/1/1681 640/1/1681 642/1/1680
f 668/1/1682 666/1/1682 641/1/1682
f 641/1/1682 581/1/1682 668/1/1682
f 667/1/1683 642/1/1683 616/1/1684
f 616/1/1684 669/1/1683 667/1/1683
f 668/1/1685 581/1/1685 580/1/1685
f 580/1/1685 670/1/1685 668/1/1685
f 615/1/1686 671/1/1686 669/1/1686
f 669/1/1686 616/1/1686 615/1/1686
f 670/1/1687 580/1/1687 617/1/1687
f 617/1/1687 672/1/1687 670/1/1687
f 618/1/1688 673/1/1689 655/1/1688
f 655/1/1688 619/1/1689 618/1/1688
f 620/1/1690 674/1/1690 671/1/1690
f 671/1/1690 615/1/1690 620/1/1690
f 614/1/1691 613/1/1691 672/1/1691
f 672/1/1691 617/1/1691 614/1/1691
f 673/1/1692 618/1/1692 621/1/1692
f 621/1/1692 648/1/1692 673/1/1692
f 674/1/1693 620/1/1693 622/1/1693
f 622/1/1693 650/1/1693 674/1/1693
f 675/1/1694 676/1/1694 677/1/1694
f 677/1/1694 678/1/1694 675/1/1694
f 679/1/1695 654/1/1696 656/1/1697
f 656/1/1697 680/1/1698 679/1/1695
f 657/1/1699 681/1/1700 644/1/1701
f 644/1/1701 643/1/1699 657/1/1699
f 658/1/1702 682/1/1703 680/1/1704
f 680/1/1704 656/1/1705 658/1/1702
f 681/1/1706 657/1/1707 659/1/1707
f 659/1/1707 678/1/1708 681/1/1706
f 660/1/1709 683/1/1710 682/1/1711
f 682/1/1711 658/1/1711 660/1/1709
f 661/1/1712 675/1/1712 678/1/1712
f 678/1/1712 659/1/1712 661/1/1712
f 683/1/1713 660/1/1713 662/1/1713
f 662/1/1713 684/1/1714 683/1/1713
f 663/1/1715 685/1/1716 675/1/1717
f 675/1/1717 661/1/1717 663/1/1715
f 664/1/1718 686/1/1719 684/1/1720
f 684/1/1720 662/1/1721 664/1/1718
f 685/1/1722 663/1/1723 665/1/1724
f 665/1/1724 687/1/1725 685/1/1722
f 666/1/1726 688/1/1727 686/1/1727
f 686/1/1727 664/1/1728 666/1/1726
f 667/1/1729 689/1/1730 687/1/1729
f 687/1/1729 665/1/1731 667/1/1729
f 688/1/1732 666/1/1733 668/1/1734
f 668/1/1734 690/1/1735 688/1/1732
f 669/1/1736 691/1/1737 689/1/1738
f 689/1/1738 667/1/1739 669/1/1736
f 670/1/1740 692/1/1740 690/1/1740
f 690/1/1740 668/1/1741 670/1/1740
f 691/1/1742 669/1/1742 671/1/1742
f 671/1/1742 693/1/1742 691/1/1742
f 672/1/1743 694/1/1744 692/1/1743
f 692/1/1743 670/1/1745 672/1/1743
f 655/1/1746 673/1/1747 695/1/1747
f 695/1/1747 696/1/1747 655/1/1746
f 674/1/1748 697/1/1749 693/1/1750
f 693/1/1750 671/1/1751 674/1/1748
f 694/1/1752 672/1/1753 613/1/1754
f 613/1/1754 698/1/1755 694/1/1752
f 648/1/1756 699/1/1757 695/1/1757
f 695/1/1757 673/1/1758 648/1/1756
f 650/1/1759 700/1/1759 697/1/1760
f 697/1/1760 674/1/1761 650/1/1759
f 612/1/1762 701/1/1763 698/1/1762
f 698/1/1762 613/1/1762 612/1/1762
f 699/1/1764 648/1/1765 647/1/1764
f 647/1/1764 702/1/1764 699/1/1764
f 700/1/1766 650/1/1767 649/1/1766
f 649/1/1766 703/1/1766 700/1/1766
f 651/1/1768 704/1/1769 701/1/1769
f 701/1/1769 612/1/1770 651/1/1768
f 652/1/1771 705/1/1772 702/1/1773
f 702/1/1773 647/1/1774 652/1/1771
f 653/1/1775 706/1/1776 703/1/1777
f 703/1/1777 649/1/1776 653/1/1775
f 704/1/1778 651/1/1779 646/1/1780
f 646/1/1780 645/1/1781 704/1/1778
f 654/1/1782 679/1/1782 705/1/1782
f 705/1/1782 652/1/1782 654/1/1782
f 696/1/1783 706/1/1784 653/1/1784
f 653/1/1784 655/1/1785 696/1/1783
f 707/1/1786 708/1/1786 709/1/1787
f 709/1/1787 710/1/1788 707/1/1786
f 684/1/1789 711/1/1790 712/1/1789
f 712/1/1789 683/1/1790 684/1/1789
f 685/1/1791 713/1/1792 676/1/1791
f 676/1/1791 675/1/1791 685/1/1791
f 686/1/1793 714/1/1793 711/1/1793
f 711/1/1793 684/1/1793 686/1/1793
f 687/1/1794 710/1/1795 713/1/1796
f 713/1/1796 685/1/1796 687/1/1794
f 715/1/1797 714/1/1797 686/1/1797
f 686/1/1797 688/1/1797 715/1/1797
f 689/1/1798 707/1/1799 710/1/1800
f 710/1/1800 687/1/1801 689/1/1798
f 690/1/1802 716/1/1803 715/1/1802
f 715/1/1802 688/1/1804 690/1/1802
f 717/1/1805 707/1/1805 689/1/1805
f 689/1/1805 691/1/1806 717/1/1805
f 716/1/1807 690/1/1807 692/1/1807
f 692/1/1807 718/1/1808 716/1/1807
f 719/1/1809 717/1/1809 691/1/1809
f 691/1/1809 693/1/1810 719/1/1809
f 694/1/1811 720/1/1811 718/1/1811
f 718/1/1811 692/1/1812 694/1/1811
f 721/1/1813 696/1/1814 695/1/1814
f 695/1/1814 722/1/1815 721/1/1813
f 723/1/1816 719/1/1816 693/1/1816
f 693/1/1816 697/1/1816 723/1/1816
f 698/1/1817 724/1/1818 720/1/1817
f 720/1/1817 694/1/1819 698/1/1817
f 722/1/1820 695/1/1821 699/1/1822
f 699/1/1822 725/1/1821 722/1/1820
f 723/1/1823 697/1/1824 700/1/1823
f 700/1/1823 726/1/1824 723/1/1823
f 701/1/1825 727/1/1826 724/1/1826
f 724/1/1826 698/1/1826 701/1/1825
f 702/1/1827 728/1/1827 725/1/1827
f 725/1/1827 699/1/1827 702/1/1827
f 703/1/1828 729/1/1828 726/1/1828
f 726/1/1828 700/1/1828 703/1/1828
f 704/1/1829 730/1/1830 727/1/1831
f 727/1/1831 701/1/1829 704/1/1829
f 728/1/1832 702/1/1833 705/1/1833
f 705/1/1833 731/1/1833 728/1/1832
f 706/1/1834 732/1/1835 729/1/1835
f 729/1/1835 703/1/1835 706/1/1834
f 645/1/1836 733/1/1837 730/1/1837
f 730/1/1837 704/1/1836 645/1/1836
f 679/1/1838 734/1/1838 731/1/1838
f 731/1/1838 705/1/1838 679/1/1838
f 721/1/1839 732/1/1840 706/1/1839
f 706/1/1839 696/1/1841 721/1/1839
f 644/1/1842 735/1/1842 733/1/1842
f 733/1/1842 645/1/1842 644/1/1842
f 680/1/1843 736/1/1843 734/1/1843
f 734/1/1843 679/1/1843 680/1/1843
f 681/1/1844 737/1/1844 735/1/1844
f 735/1/1844 644/1/1845 681/1/1844
f 736/1/1846 680/1/1846 682/1/1846
f 682/1/1846 738/1/1846 736/1/1846
f 678/1/1847 677/1/1847 737/1/1847
f 737/1/1847 681/1/1848 678/1/1847
f 712/1/1849 738/1/1849 682/1/1849
f 682/1/1849 683/1/1849 712/1/1849
f 739/1/1850 740/1/1851 741/1/1852
f 741/1/1852 742/1/1851 739/1/1850
f 743/1/1853 744/1/1853 715/1/1853
f 715/1/1853 716/1/1853 743/1/1853
f 745/1/1854 708/1/1855 707/1/1856
f 707/1/1856 717/1/1855 745/1/1854
f 718/1/1857 746/1/1857 743/1/1857
f 743/1/1857 716/1/1857 718/1/1857
f 747/1/1858 745/1/1859 717/1/1860
f 717/1/1860 719/1/1859 747/1/1858
f 720/1/1861 748/1/1861 746/1/1861
f 746/1/1861 718/1/1861 720/1/1861
f 721/1/1862 722/1/1862 749/1/1862
f 749/1/1862 750/1/1862 721/1/1862
f 723/1/1863 751/1/1863 747/1/1864
f 747/1/1864 719/1/1863 723/1/1863
f 748/1/1865 720/1/1865 724/1/1865
f 724/1/1865 752/1/1865 748/1/1865
f 725/1/1866 753/1/1866 749/1/1866
f 749/1/1866 722/1/1866 725/1/1866
f 751/1/1867 723/1/1868 726/1/1868
f 726/1/1868 754/1/1868 751/1/1867
f 727/1/1869 755/1/1869 752/1/1869
f 752/1/1869 724/1/1869 727/1/1869
f 728/1/1870 756/1/1870 753/1/1870
f 753/1/1870 725/1/1870 728/1/1870
f 757/1/1871 754/1/1872 726/1/1872
f 726/1/1872 729/1/1872 757/1/1871
f 758/1/1873 755/1/1873 727/1/1873
f 727/1/1873 730/1/1873 758/1/1873
f 731/1/1874 759/1/1874 756/1/1874
f 756/1/1874 728/1/1874 731/1/1874
f 732/1/1875 760/1/1875 757/1/1875
f 757/1/1875 729/1/1875 732/1/1875
f 758/1/1876 730/1/1877 733/1/1878
f 733/1/1878 741/1/1877 758/1/1876
f 734/1/1879 761/1/1879 759/1/1879
f 759/1/1879 731/1/1879 734/1/1879
f 750/1/1880 760/1/1880 732/1/1880
f 732/1/1880 721/1/1880 750/1/1880
f 735/1/1881 742/1/1882 741/1/1883
f 741/1/1883 733/1/1882 735/1/1881
f 761/1/1884 734/1/1884 736/1/1884
f 736/1/1884 762/1/1884 761/1/1884
f 742/1/1885 735/1/1885 737/1/1886
f 737/1/1886 763/1/1885 742/1/1885
f 738/1/1887 764/1/1887 762/1/1888
f 762/1/1888 736/1/1888 738/1/1887
f 763/1/1889 737/1/1890 677/1/1891
f 677/1/1891 765/1/1890 763/1/1889
f 766/1/1892 764/1/1892 738/1/1892
f 738/1/1892 712/1/1892 766/1/1892
f 767/1/1893 765/1/1893 677/1/1893
f 677/1/1893 676/1/1893 767/1/1893
f 768/1/1894 766/1/1894 712/1/1894
f 712/1/1894 711/1/1894 768/1/1894
f 713/1/1895 769/1/1896 767/1/1897
f 767/1/1897 676/1/1896 713/1/1895
f 714/1/1898 770/1/1898 768/1/1898
f 768/1/1898 711/1/1898 714/1/1898
f 769/1/1899 713/1/1900 710/1/1901
f 710/1/1901 709/1/1902 769/1/1899
f 714/1/1903 715/1/1903 744/1/1903
f 744/1/1903 770/1/1903 714/1/1903
f 771/1/1904 772/1/1905 773/1/1905
f 773/1/1905 774/1/1906 771/1/1904
f 761/1/1907 762/1/1908 775/1/1909
f 775/1/1909 776/1/1910 761/1/1907
f 763/1/1911 777/1/1911 739/1/1911
f 739/1/1911 742/1/1911 763/1/1911
f 778/1/1912 775/1/1913 762/1/1914
f 762/1/1914 764/1/1915 778/1/1912
f 765/1/1916 771/1/1916 777/1/1916
f 777/1/1916 763/1/1916 765/1/1916
f 766/1/1917 779/1/1918 778/1/1919
f 778/1/1919 764/1/1920 766/1/1917
f 771/1/1921 765/1/1922 767/1/1923
f 767/1/1923 772/1/1923 771/1/1921
f 768/1/1924 780/1/1925 779/1/1926
f 779/1/1926 766/1/1927 768/1/1924
f 769/1/1928 781/1/1929 772/1/1930
f 772/1/1930 767/1/1931 769/1/1928
f 768/1/1932 770/1/1933 782/1/1933
f 782/1/1933 780/1/1934 768/1/1932
f 769/1/1935 709/1/1936 783/1/1937
f 783/1/1937 781/1/1938 769/1/1935
f 744/1/1939 784/1/1940 782/1/1939
f 782/1/1939 770/1/1939 744/1/1939
f 785/1/1941 783/1/1942 709/1/1943
f 709/1/1943 708/1/1944 785/1/1941
f 786/1/1945 784/1/1946 744/1/1945
f 744/1/1945 743/1/1945 786/1/1945
f 785/1/1947 708/1/1948 745/1/1949
f 745/1/1949 787/1/1950 785/1/1947
f 788/1/1951 786/1/1952 743/1/1951
f 743/1/1951 746/1/1951 788/1/1951
f 747/1/1953 789/1/1954 787/1/1953
f 787/1/1953 745/1/1955 747/1/1953
f 746/1/1956 748/1/1956 790/1/1957
f 790/1/1957 788/1/1956 746/1/1956
f 791/1/1958 792/1/1958 750/1/1959
f 750/1/1959 749/1/1960 791/1/1958
f 747/1/1961 751/1/1961 793/1/1962
f 793/1/1962 789/1/1963 747/1/1961
f 790/1/1964 748/1/1965 752/1/1966
f 752/1/1966 794/1/1967 790/1/1964
f 791/1/1968 749/1/1969 753/1/1970
f 753/1/1970 795/1/1971 791/1/1968
f 754/1/1972 796/1/1973 793/1/1974
f 793/1/1974 751/1/1975 754/1/1972
f 752/1/1976 755/1/1977 797/1/1978
f 797/1/1978 794/1/1979 752/1/1976
f 753/1/1980 756/1/1981 798/1/1982
f 798/1/1982 795/1/1983 753/1/1980
f 799/1/1984 796/1/1985 754/1/1986
f 754/1/1986 757/1/1987 799/1/1984
f 758/1/1988 800/1/1989 797/1/1990
f 797/1/1990 755/1/1989 758/1/1988
f 801/1/1991 798/1/1992 756/1/1992
f 756/1/1992 759/1/1992 801/1/1991
f 802/1/1993 799/1/1994 757/1/1995
f 757/1/1995 760/1/1996 802/1/1993
f 800/1/1997 758/1/1998 741/1/1997
f 741/1/1997 740/1/1997 800/1/1997
f 761/1/1999 776/1/2000 801/1/1999
f 801/1/1999 759/1/2001 761/1/1999
f 760/1/2002 750/1/2003 792/1/2004
f 792/1/2004 802/1/2005 760/1/2002
f 803/1/2006 804/1/2006 805/1/2007
f 805/1/2007 806/1/2006 807/1/2008
f 805/1/2007 807/1/2008 808/1/2009
f 803/1/2006 805/1/2007 808/1/2009
f 809/1/2006 810/1/2006 811/1/2010
f 808/1/2009 809/1/2006 811/1/2010
f 811/1/2010 812/1/2006 813/1/2011
f 811/1/2010 813/1/2011 814/1/2012
f 808/1/2009 811/1/2010 814/1/2012
f 808/1/2009 814/1/2012 815/1/2006
f 808/1/2009 815/1/2006 816/1/2013
f 817/1/2006 818/1/2006 819/1/2006
f 816/1/2013 817/1/2006 819/1/2006
f 816/1/2013 819/1/2006 820/1/2014
f 816/1/2013 820/1/2014 821/1/2015
f 808/1/2009 816/1/2013 821/1/2015
f 808/1/2009 821/1/2015 822/1/2016
f 774/1/2017 773/1/2006 823/1/2018
f 822/1/2016 774/1/2017 823/1/2018
f 822/1/2016 823/1/2018 824/1/2019
f 822/1/2016 824/1/2019 825/1/2020
f 808/1/2009 822/1/2016 825/1/2020
f 808/1/2009 825/1/2020 826/1/2012
f 827/1/2021 828/1/2006 829/1/2014
f 826/1/2012 827/1/2021 829/1/2014
f 826/1/2012 829/1/2014 830/1/2022
f 808/1/2009 826/1/2012 830/1/2022
f 808/1/2009 830/1/2022 831/1/2023
f 808/1/2009 831/1/2023 832/1/2016
f 803/1/2006 808/1/2009 832/1/2016
f 811/1/2024 810/1/2025 779/1/2024
f 779/1/2024 780/1/2026 811/1/2024
f 823/1/2027 773/1/2027 772/1/2027
f 772/1/2027 781/1/2027 823/1/2027
f 780/1/2028 782/1/2028 812/1/2028
f 812/1/2028 811/1/2028 780/1/2028
f 783/1/2029 824/1/2030 823/1/2029
f 823/1/2029 781/1/2031 783/1/2029
f 813/1/2032 812/1/2033 782/1/2034
f 782/1/2034 784/1/2032 813/1/2032
f 785/1/2035 825/1/2036 824/1/2035
f 824/1/2035 783/1/2036 785/1/2035
f 786/1/2037 814/1/2038 813/1/2039
f 813/1/2039 784/1/2040 786/1/2037
f 825/1/2041 785/1/2041 787/1/2041
f 787/1/2041 826/1/2041 825/1/2041
f 788/1/2042 815/1/2043 814/1/2044
f 814/1/2044 786/1/2045 788/1/2042
f 826/1/2046 787/1/2047 789/1/2047
f 789/1/2047 827/1/2046 826/1/2046
f 815/1/2048 788/1/2049 790/1/2050
f 790/1/2050 816/1/2051 815/1/2048
f 803/1/2052 832/1/2053 792/1/2052
f 792/1/2052 791/1/2052 803/1/2052
f 789/1/2054 793/1/2054 828/1/2054
f 828/1/2054 827/1/2054 789/1/2054
f 817/1/2055 816/1/2056 790/1/2055
f 790/1/2055 794/1/2057 817/1/2055
f 804/1/2058 803/1/2059 791/1/2058
f 791/1/2058 795/1/2060 804/1/2058
f 829/1/2061 828/1/2062 793/1/2063
f 793/1/2063 796/1/2062 829/1/2061
f 794/1/2064 797/1/2064 818/1/2064
f 818/1/2064 817/1/2065 794/1/2064
f 798/1/2066 805/1/2066 804/1/2066
f 804/1/2066 795/1/2066 798/1/2066
f 799/1/2067 830/1/2068 829/1/2068
f 829/1/2068 796/1/2069 799/1/2067
f 819/1/2070 818/1/2071 797/1/2072
f 797/1/2072 800/1/2073 819/1/2070
f 805/1/2074 798/1/2074 801/1/2074
f 801/1/2074 806/1/2074 805/1/2074
f 802/1/2075 831/1/2075 830/1/2075
f 830/1/2075 799/1/2075 802/1/2075
f 740/1/2076 820/1/2076 819/1/2076
f 819/1/2076 800/1/2076 740/1/2076
f 807/1/2077 806/1/2078 801/1/2079
f 801/1/2079 776/1/2080 807/1/2077
f 831/1/2081 802/1/2082 792/1/2082
f 792/1/2082 832/1/2082 831/1/2081
f 739/1/2083 821/1/2084 820/1/2084
f 820/1/2084 740/1/2085 739/1/2083
f 775/1/2086 808/1/2087 807/1/2087
f 807/1/2087 776/1/2087 775/1/2086
f 821/1/2088 739/1/2088 777/1/2089
f 777/1/2089 822/1/2090 821/1/2088
f 778/1/2091 809/1/2091 808/1/2091
f 808/1/2091 775/1/2091 778/1/2091
f 822/1/2092 777/1/2093 771/1/2092
f 771/1/2092 774/1/2094 822/1/2092
f 809/1/2095 778/1/2095 779/1/2095
f 779/1/2095 810/1/2095 809/1/2095
o C_rculo_003
v -4.986889 1.384534 -1.555645
v -4.984289 1.383134 -1.543345
v -4.965589 1.391134 -1.545845
v -4.967589 1.392835 -1.558245
v -4.946789 1.399135 -1.547445
v -4.948189 1.401034 -1.559845
v -4.967789 1.390134 -1.570645
v -4.987689 1.381635 -1.567945
v -4.947889 1.398634 -1.572245
v -5.002889 1.375134 -1.539845
v -4.998289 1.369434 -1.529745
v -4.980189 1.377234 -1.533145
v -4.961889 1.385034 -1.535645
v -4.943489 1.392835 -1.537145
v -4.925089 1.400634 -1.537645
v -4.927889 1.407135 -1.547945
v -4.928789 1.409335 -1.560345
v -4.927889 1.407135 -1.572745
v -4.945589 1.391934 -1.582545
v -4.925089 1.400634 -1.583045
v -4.965989 1.383234 -1.580845
v -4.986289 1.374534 -1.578145
v -5.006489 1.365934 -1.574345
v -5.007389 1.373234 -1.564245
v -5.006089 1.376434 -1.552045
v -4.959789 1.321034 -1.555645
v -4.940489 1.329234 -1.558245
v -4.940289 1.331834 -1.545845
v -4.959089 1.323834 -1.543345
v -4.962389 1.322434 -1.567945
v -4.942589 1.330934 -1.570645
v -4.921089 1.337534 -1.559845
v -4.921489 1.339934 -1.547445
v -4.922589 1.339435 -1.572245
v -4.977689 1.315935 -1.539845
v -4.960489 1.330934 -1.533145
v -4.978589 1.323234 -1.529745
v -4.978989 1.312834 -1.552045
v -4.982089 1.314034 -1.564245
v -4.986789 1.319734 -1.574345
v -4.966589 1.328334 -1.578145
v -4.946289 1.337035 -1.580845
v -4.925889 1.345734 -1.582545
v -4.902589 1.347935 -1.572745
v -4.905389 1.354434 -1.583045
v -4.901689 1.345734 -1.560345
v -4.902589 1.347935 -1.547945
v -4.923789 1.346634 -1.537145
v -4.905389 1.354434 -1.537645
v -4.942189 1.338735 -1.535645
v -5.035189 1.288834 -1.535145
v -5.016689 1.296734 -1.541745
v -5.014289 1.300334 -1.529845
v -5.032189 1.292634 -1.523445
v -5.039989 1.289434 -1.546845
v -5.020989 1.297534 -1.553645
v -4.997989 1.304735 -1.547445
v -4.996089 1.308034 -1.535345
v -5.001689 1.305735 -1.559445
v -5.031789 1.300535 -1.513745
v -5.048989 1.293234 -1.506545
v -5.049889 1.285134 -1.516045
v -5.053289 1.281134 -1.527545
v -5.058589 1.281434 -1.539045
v -5.064989 1.286435 -1.548545
v -5.045889 1.294535 -1.556545
v -5.026489 1.302834 -1.563545
v -5.006689 1.311234 -1.569445
v -4.996589 1.315534 -1.525345
v -5.014289 1.308034 -1.520045
v -5.105389 1.258934 -1.499045
v -5.088489 1.266134 -1.509445
v -5.083989 1.270635 -1.498545
v -5.100389 1.263635 -1.488345
v -5.112189 1.258634 -1.509745
v -5.094789 1.266034 -1.520445
v -5.071089 1.273534 -1.518945
v -5.067089 1.277834 -1.507745
v -5.076889 1.273634 -1.530245
v -5.098289 1.272134 -1.479545
v -5.113889 1.265534 -1.468845
v -5.116389 1.256834 -1.477445
v -5.121789 1.251934 -1.487745
v -5.129089 1.251335 -1.498045
v -5.137089 1.255634 -1.506645
v -5.119789 1.263034 -1.518545
v -5.101989 1.270635 -1.529545
v -5.083689 1.278434 -1.539545
v -5.065789 1.286034 -1.498445
v -5.082289 1.279034 -1.489445
v -5.167789 1.232334 -1.448745
v -5.152989 1.238634 -1.462545
v -5.146689 1.243834 -1.452945
v -5.160989 1.237734 -1.439545
v -5.176389 1.231234 -1.457945
v -5.161189 1.237635 -1.472145
v -5.137689 1.245134 -1.475545
v -5.131789 1.250234 -1.465545
v -5.145389 1.244434 -1.485545
v -5.157389 1.247034 -1.431945
v -5.170789 1.241334 -1.418145
v -5.174689 1.231934 -1.425345
v -5.181889 1.226334 -1.434145
v -5.190889 1.225035 -1.442945
v -5.185489 1.235034 -1.465645
v -5.200289 1.228734 -1.450245
v -5.169989 1.241634 -1.480145
v -5.153889 1.248535 -1.493845
v -5.128889 1.259134 -1.457345
v -5.143489 1.252934 -1.444945
v -5.219889 1.210134 -1.386245
v -5.207989 1.215234 -1.402845
v -5.199989 1.221135 -1.394945
v -5.211689 1.216134 -1.378745
v -5.229989 1.208334 -1.393645
v -5.217689 1.213634 -1.410745
v -5.195289 1.220634 -1.418845
v -5.187689 1.226435 -1.410545
v -5.204689 1.219134 -1.427245
v -5.206789 1.225934 -1.372645
v -5.217389 1.221434 -1.356245
v -5.222489 1.211534 -1.362045
v -5.231089 1.205335 -1.368945
v -5.241589 1.203434 -1.375845
v -5.252189 1.206534 -1.381545
v -5.240389 1.211635 -1.399745
v -5.227789 1.216935 -1.417245
v -5.214489 1.222634 -1.434145
v -5.183489 1.235834 -1.403645
v -5.195489 1.230734 -1.388445
v -5.259889 1.193035 -1.313745
v -5.251089 1.196834 -1.332645
v -5.241889 1.203235 -1.326845
v -5.250389 1.199634 -1.308445
v -5.271089 1.190834 -1.319045
v -5.262089 1.194634 -1.338545
v -5.241489 1.200835 -1.351045
v -5.232589 1.207234 -1.344645
v -5.252289 1.198834 -1.357445
v -5.244589 1.209834 -1.304045
v -5.252089 1.206634 -1.285745
v -5.258089 1.196334 -1.289645
v -5.267689 1.189734 -1.294445
v -5.279189 1.187334 -1.299245
v -5.290789 1.190134 -1.303145
v -5.282489 1.193634 -1.323545
v -5.273289 1.197635 -1.343345
v -5.263189 1.201934 -1.362745
v -5.227289 1.217234 -1.339345
v -5.236389 1.213334 -1.321945
v -5.285989 1.181934 -1.234245
v -5.280789 1.184134 -1.254645
v -5.270789 1.190935 -1.251045
v -5.275889 1.188835 -1.231245
v -5.297989 1.179335 -1.237345
v -5.292689 1.181634 -1.258245
v -5.274689 1.186735 -1.274745
v -5.264889 1.193435 -1.270545
v -5.286389 1.184335 -1.278945
v -5.269389 1.199234 -1.228745
v -5.273489 1.197534 -1.209245
v -5.279989 1.187034 -1.211245
v -5.290289 1.180135 -1.213645
v -5.302389 1.177434 -1.216045
v -5.314489 1.180035 -1.218045
v -5.309989 1.181934 -1.239845
v -5.304489 1.184234 -1.261245
v -5.298089 1.187034 -1.282345
v -5.258689 1.203834 -1.267045
v -5.264489 1.201334 -1.248045
v -5.297389 1.177034 -1.150745
v -5.295989 1.177635 -1.171845
v -5.285489 1.184635 -1.170645
v -5.286889 1.184134 -1.150145
v -5.309789 1.174334 -1.151345
v -5.308289 1.174934 -1.173045
v -5.293589 1.178635 -1.192845
v -5.283189 1.185634 -1.191045
v -5.305789 1.176034 -1.194645
v -5.280189 1.194634 -1.149645
v -5.280689 1.194435 -1.129645
v -5.287389 1.183935 -1.129645
v -5.297889 1.176834 -1.129645
v -5.310289 1.174135 -1.129645
v -5.321989 1.176834 -1.151845
v -5.322489 1.176635 -1.129645
v -5.320489 1.177434 -1.174045
v -5.317989 1.178534 -1.196145
v -5.276589 1.196134 -1.189445
v -5.278889 1.195235 -1.169645
v -5.293589 1.178635 -1.066445
v -5.295989 1.177635 -1.087445
v -5.285489 1.184635 -1.088645
v -5.283189 1.185634 -1.068245
v -5.305789 1.176034 -1.064645
v -5.308289 1.174934 -1.086145
v -5.297389 1.177034 -1.108445
v -5.286889 1.184134 -1.109145
v -5.309789 1.174334 -1.107845
v -5.276589 1.196134 -1.069745
v -5.273489 1.197534 -1.050045
v -5.279989 1.187034 -1.048045
v -5.290289 1.180135 -1.045645
v -5.302389 1.177434 -1.043145
v -5.317989 1.178534 -1.063045
v -5.314489 1.180035 -1.041145
v -5.320489 1.177434 -1.085145
v -5.321989 1.176834 -1.107345
v -5.280189 1.194634 -1.109645
v -5.278889 1.195235 -1.089645
v -5.274689 1.186735 -0.984545
v -5.280789 1.184134 -1.004645
v -5.270789 1.190935 -1.008245
v -5.264889 1.193435 -0.988745
v -5.286389 1.184335 -0.980345
v -5.292689 1.181634 -1.000945
v -5.285989 1.181934 -1.024945
v -5.275889 1.188835 -1.027945
v -5.297989 1.179335 -1.021945
v -5.258689 1.203834 -0.992145
v -5.252089 1.206634 -0.973545
v -5.258089 1.196334 -0.969545
v -5.267689 1.189734 -0.964845
v -5.279189 1.187334 -0.960045
v -5.298089 1.187034 -0.976845
v -5.290789 1.190134 -0.956145
v -5.304489 1.184234 -0.998045
v -5.309989 1.181934 -1.019445
v -5.269389 1.199234 -1.030545
v -5.264489 1.201334 -1.011245
v -5.241489 1.200835 -0.908245
v -5.251089 1.196834 -0.926545
v -5.241889 1.203235 -0.932445
v -5.232589 1.207234 -0.914545
v -5.252289 1.198834 -0.901845
v -5.262089 1.194634 -0.920745
v -5.259889 1.193035 -0.945445
v -5.250389 1.199634 -0.950745
v -5.271089 1.190834 -0.940145
v -5.227289 1.217234 -0.919845
v -5.217389 1.221434 -0.902945
v -5.222489 1.211534 -0.897245
v -5.231089 1.205335 -0.890345
v -5.241589 1.203434 -0.883445
v -5.263189 1.201934 -0.896545
v -5.252189 1.206534 -0.877745
v -5.273289 1.197635 -0.915845
v -5.282489 1.193634 -0.935745
v -5.244589 1.209834 -0.955145
v -5.236389 1.213334 -0.937345
v -5.195289 1.220634 -0.840345
v -5.207989 1.215234 -0.856345
v -5.199989 1.221135 -0.864245
v -5.187689 1.226435 -0.848745
v -5.204689 1.219134 -0.832045
v -5.217689 1.213634 -0.848545
v -5.219889 1.210135 -0.873045
v -5.211689 1.216134 -0.880445
v -5.229989 1.208334 -0.865645
v -5.183489 1.235835 -0.855645
v -5.170789 1.241334 -0.841145
v -5.174689 1.231935 -0.833845
v -5.181889 1.226335 -0.825045
v -5.190889 1.225035 -0.816245
v -5.214489 1.222634 -0.825145
v -5.200289 1.228734 -0.808945
v -5.227789 1.216935 -0.841945
v -5.240389 1.211635 -0.859545
v -5.206789 1.225934 -0.886645
v -5.195489 1.230734 -0.870845
v -5.137689 1.245134 -0.783645
v -5.152989 1.238635 -0.796645
v -5.146689 1.243834 -0.806345
v -5.131789 1.250235 -0.793645
v -5.145389 1.244434 -0.773645
v -5.161189 1.237635 -0.787045
v -5.167789 1.232335 -0.810445
v -5.160989 1.237734 -0.819745
v -5.176389 1.231235 -0.801245
v -5.128889 1.259134 -0.801945
v -5.113889 1.265534 -0.790445
v -5.116389 1.256835 -0.781845
v -5.121789 1.251935 -0.771545
v -5.129089 1.251335 -0.761145
v -5.153889 1.248535 -0.765445
v -5.137089 1.255634 -0.752645
v -5.169989 1.241634 -0.779145
v -5.185489 1.235034 -0.793645
v -5.157389 1.247035 -0.827345
v -5.143489 1.252934 -0.814245
v -5.071089 1.273534 -0.740245
v -5.088489 1.266134 -0.749745
v -5.083989 1.270635 -0.760745
v -5.067089 1.277834 -0.751545
v -5.076889 1.273634 -0.729045
v -5.094789 1.266035 -0.738845
v -5.105389 1.258934 -0.760245
v -5.100389 1.263635 -0.770845
v -5.112189 1.258635 -0.749545
v -5.065789 1.286035 -0.760845
v -5.048989 1.293234 -0.752745
v -5.049889 1.285134 -0.743145
v -5.053289 1.281135 -0.731745
v -5.058589 1.281435 -0.720245
v -5.083689 1.278434 -0.719745
v -5.064989 1.286435 -0.710745
v -5.101989 1.270635 -0.729745
v -5.119789 1.263034 -0.740645
v -5.098289 1.272134 -0.779745
v -5.082289 1.279035 -0.769845
v -4.997989 1.304735 -0.711845
v -5.016689 1.296734 -0.717445
v -5.014289 1.300334 -0.729345
v -4.996089 1.308034 -0.723845
v -5.001689 1.305735 -0.699745
v -5.020989 1.297534 -0.705545
v -5.035189 1.288835 -0.724145
v -5.032189 1.292634 -0.735845
v -5.039989 1.289434 -0.712345
v -4.996589 1.315535 -0.733845
v -4.978589 1.323235 -0.729445
v -4.977689 1.315935 -0.719345
v -4.978989 1.312834 -0.707145
v -4.982089 1.314034 -0.695045
v -5.006689 1.311234 -0.689745
v -4.986789 1.319735 -0.684845
v -5.026489 1.302835 -0.695745
v -5.045889 1.294535 -0.702645
v -5.031789 1.300535 -0.745545
v -5.014289 1.308034 -0.739245
v -4.921089 1.337534 -0.699445
v -4.940489 1.329235 -0.700945
v -4.940289 1.331834 -0.713345
v -4.921489 1.339934 -0.711845
v -4.922589 1.339435 -0.687045
v -4.942589 1.330935 -0.688645
v -4.959789 1.321034 -0.703545
v -4.959089 1.323834 -0.715845
v -4.962389 1.322434 -0.691245
v -4.923789 1.346634 -0.722145
v -4.905389 1.354434 -0.721645
v -4.902589 1.347935 -0.711345
v -4.901689 1.345735 -0.698945
v -4.902589 1.347935 -0.686445
v -4.925889 1.345735 -0.676745
v -4.905389 1.354434 -0.676145
v -4.946289 1.337035 -0.678345
v -4.966589 1.328334 -0.681045
v -4.960489 1.330935 -0.726045
v -4.942189 1.338735 -0.723645
v -4.843589 1.370534 -0.703545
v -4.862889 1.362335 -0.700945
v -4.864889 1.364035 -0.713345
v -4.846189 1.372035 -0.715845
v -4.842789 1.373435 -0.691245
v -4.862689 1.364934 -0.688645
v -4.882289 1.354034 -0.699445
v -4.883689 1.356034 -0.711845
v -4.882589 1.356434 -0.687045
v -4.850289 1.377934 -0.726045
v -4.832189 1.385634 -0.729445
v -4.827589 1.379934 -0.719345
v -4.824389 1.378735 -0.707145
v -4.823089 1.381835 -0.695045
v -4.844189 1.380535 -0.681045
v -4.823989 1.389134 -0.684845
v -4.864489 1.371834 -0.678345
v -4.884889 1.363134 -0.676745
v -4.886989 1.362335 -0.722145
v -4.868589 1.370134 -0.723645
v -4.768189 1.402734 -0.724145
v -4.786689 1.394835 -0.717445
v -4.790889 1.395535 -0.729345
v -4.772989 1.403234 -0.735845
v -4.765289 1.406535 -0.712345
v -4.784289 1.398435 -0.705545
v -4.805389 1.386835 -0.711845
v -4.809089 1.387835 -0.723845
v -4.803589 1.390134 -0.699745
v -4.778989 1.408335 -0.745545
v -4.761789 1.415635 -0.752745
v -4.755389 1.410735 -0.743145
v -4.750089 1.410435 -0.731745
v -4.746589 1.414434 -0.720245
v -4.764889 1.414334 -0.702645
v -4.745789 1.422534 -0.710745
v -4.784289 1.406034 -0.695745
v -4.803989 1.397635 -0.689745
v -4.814189 1.393334 -0.733845
v -4.796489 1.400935 -0.739245
v -4.697989 1.432634 -0.760245
v -4.714889 1.425435 -0.749745
v -4.721189 1.425234 -0.760745
v -4.704789 1.432234 -0.770845
v -4.693089 1.437335 -0.749545
v -4.710489 1.429834 -0.738845
v -4.732289 1.418035 -0.740245
v -4.738089 1.418035 -0.751545
v -4.728289 1.422235 -0.729045
v -4.712489 1.436735 -0.779745
v -4.696889 1.443335 -0.790445
v -4.688889 1.439034 -0.781845
v -4.681589 1.439634 -0.771545
v -4.676189 1.444534 -0.761145
v -4.690989 1.445835 -0.740645
v -4.673689 1.453235 -0.752645
v -4.708789 1.438234 -0.729745
v -4.727089 1.430435 -0.719745
v -4.744889 1.422834 -0.760845
v -4.728489 1.429834 -0.769845
v -4.635589 1.459235 -0.810445
v -4.650389 1.452934 -0.796645
v -4.658489 1.452034 -0.806345
v -4.644189 1.458135 -0.819745
v -4.628889 1.464634 -0.801245
v -4.643989 1.458234 -0.787045
v -4.665689 1.446434 -0.783645
v -4.673389 1.445634 -0.793645
v -4.659789 1.451435 -0.773645
v -4.653389 1.461935 -0.827345
v -4.639989 1.467635 -0.841145
v -4.630589 1.463934 -0.833845
v -4.621489 1.465234 -0.825045
v -4.614389 1.470835 -0.816245
v -4.625289 1.473835 -0.793645
v -4.610489 1.480235 -0.808945
v -4.640789 1.467235 -0.779145
v -4.656889 1.460434 -0.765445
v -4.681789 1.449735 -0.801945
v -4.667289 1.455935 -0.814245
v -4.583489 1.481434 -0.873045
v -4.595389 1.476335 -0.856345
v -4.605189 1.474734 -0.864245
v -4.593589 1.479734 -0.880445
v -4.575189 1.487535 -0.865645
v -4.587489 1.482335 -0.848545
v -4.608089 1.470934 -0.840345
v -4.617489 1.469534 -0.848745
v -4.600589 1.476735 -0.832045
v -4.603989 1.482934 -0.886645
v -4.593389 1.487535 -0.902945
v -4.582689 1.484334 -0.897245
v -4.572289 1.486235 -0.890345
v -4.563689 1.492435 -0.883445
v -4.570389 1.497334 -0.859545
v -4.558589 1.502335 -0.877745
v -4.582989 1.491934 -0.841945
v -4.596289 1.486235 -0.825145
v -4.627289 1.473034 -0.855645
v -4.615289 1.478135 -0.870845
v -4.543489 1.498435 -0.945445
v -4.552289 1.494734 -0.926545
v -4.563289 1.492634 -0.932445
v -4.554789 1.496234 -0.950745
v -4.534089 1.505034 -0.940145
v -4.543089 1.501235 -0.920745
v -4.561889 1.490634 -0.908245
v -4.572589 1.488635 -0.914545
v -4.552989 1.497035 -0.901845
v -4.566089 1.499135 -0.955145
v -4.558689 1.502234 -0.973545
v -4.547089 1.499535 -0.969545
v -4.535689 1.501834 -0.964845
v -4.525989 1.508534 -0.960045
v -4.528289 1.515234 -0.935745
v -4.519989 1.518734 -0.956145
v -4.537489 1.511334 -0.915845
v -4.547589 1.507034 -0.896545
v -4.583489 1.491735 -0.919845
v -4.574389 1.495534 -0.937345
v -4.517389 1.509634 -1.024945
v -4.522589 1.507434 -1.004645
v -4.534389 1.504934 -1.008245
v -4.529389 1.507034 -1.027945
v -4.507189 1.516534 -1.021945
v -4.512489 1.514235 -1.000945
v -4.528689 1.504835 -0.984545
v -4.540389 1.502435 -0.988745
v -4.518789 1.511634 -0.980345
v -4.541389 1.509634 -1.030545
v -4.537289 1.511334 -1.050045
v -4.525289 1.508834 -1.048045
v -4.513089 1.511435 -1.045645
v -4.502789 1.518435 -1.043145
v -4.500789 1.526935 -1.019445
v -4.496289 1.528834 -1.041145
v -4.506189 1.524634 -0.998045
v -4.512689 1.521935 -0.976845
v -4.551989 1.505135 -0.992145
v -4.546289 1.507535 -1.011245
v -4.505989 1.514534 -1.108445
v -4.507389 1.513935 -1.087445
v -4.519689 1.511234 -1.088645
v -4.518289 1.511835 -1.109145
v -4.495489 1.521534 -1.107845
v -4.496989 1.520935 -1.086145
v -4.509789 1.512835 -1.066445
v -4.521989 1.510234 -1.068245
v -4.499389 1.519835 -1.064645
v -4.530589 1.514235 -1.109645
v -4.530089 1.514434 -1.129645
v -4.517889 1.512034 -1.129645
v -4.505489 1.514734 -1.129645
v -4.494989 1.521735 -1.129645
v -4.488789 1.532034 -1.107345
v -4.488289 1.532334 -1.129645
v -4.490289 1.531435 -1.085145
v -4.492789 1.530334 -1.063045
v -4.534189 1.512734 -1.069745
v -4.531889 1.513635 -1.089645
v -4.509789 1.512835 -1.192845
v -4.507389 1.513935 -1.171845
v -4.519689 1.511234 -1.170645
v -4.521989 1.510234 -1.191045
v -4.499389 1.519835 -1.194645
v -4.496989 1.520935 -1.173045
v -4.505989 1.514534 -1.150745
v -4.518289 1.511835 -1.150145
v -4.495489 1.521534 -1.151345
v -4.534189 1.512734 -1.189445
v -4.537289 1.511334 -1.209245
v -4.525289 1.508834 -1.211245
v -4.513089 1.511435 -1.213645
v -4.502789 1.518435 -1.216045
v -4.492789 1.530334 -1.196145
v -4.496289 1.528834 -1.218045
v -4.490289 1.531435 -1.174045
v -4.488789 1.532034 -1.151845
v -4.530589 1.514235 -1.149645
v -4.531889 1.513635 -1.169645
v -4.528689 1.504835 -1.274745
v -4.522589 1.507434 -1.254645
v -4.534389 1.504934 -1.251045
v -4.540389 1.502435 -1.270545
v -4.518789 1.511634 -1.278945
v -4.512489 1.514235 -1.258245
v -4.517389 1.509634 -1.234245
v -4.529389 1.507034 -1.231245
v -4.507189 1.516534 -1.237345
v -4.551989 1.505135 -1.267045
v -4.558689 1.502234 -1.285745
v -4.547089 1.499535 -1.289645
v -4.535689 1.501834 -1.294445
v -4.525989 1.508534 -1.299245
v -4.512689 1.521935 -1.282345
v -4.519989 1.518734 -1.303145
v -4.506189 1.524634 -1.261245
v -4.500789 1.526935 -1.239845
v -4.541389 1.509634 -1.228745
v -4.546289 1.507535 -1.248045
v -4.561889 1.490634 -1.351045
v -4.552289 1.494734 -1.332645
v -4.563289 1.492634 -1.326845
v -4.572589 1.488635 -1.344645
v -4.552989 1.497035 -1.357445
v -4.543089 1.501235 -1.338545
v -4.543489 1.498435 -1.313745
v -4.554789 1.496234 -1.308445
v -4.534089 1.505034 -1.319045
v -4.583489 1.491735 -1.339345
v -4.593389 1.487535 -1.356245
v -4.582689 1.484334 -1.362045
v -4.572289 1.486235 -1.368945
v -4.563689 1.492435 -1.375845
v -4.547589 1.507034 -1.362745
v -4.558589 1.502335 -1.381545
v -4.537489 1.511334 -1.343345
v -4.528289 1.515234 -1.323545
v -4.566089 1.499135 -1.304045
v -4.574389 1.495534 -1.321945
v -4.608089 1.470934 -1.418845
v -4.595389 1.476335 -1.402845
v -4.605189 1.474734 -1.394945
v -4.617489 1.469534 -1.410545
v -4.600589 1.476735 -1.427245
v -4.587489 1.482335 -1.410745
v -4.583489 1.481434 -1.386245
v -4.593589 1.479734 -1.378745
v -4.575189 1.487535 -1.393645
v -4.627289 1.473034 -1.403645
v -4.639989 1.467635 -1.418145
v -4.630589 1.463934 -1.425345
v -4.621489 1.465234 -1.434145
v -4.614389 1.470835 -1.442945
v -4.596289 1.486235 -1.434145
v -4.610489 1.480235 -1.450245
v -4.582989 1.491934 -1.417245
v -4.570389 1.497334 -1.399745
v -4.603989 1.482934 -1.372645
v -4.615289 1.478135 -1.388445
v -4.665689 1.446434 -1.475545
v -4.650389 1.452934 -1.462545
v -4.658489 1.452034 -1.452945
v -4.673389 1.445634 -1.465545
v -4.659789 1.451435 -1.485545
v -4.643989 1.458234 -1.472145
v -4.635589 1.459235 -1.448745
v -4.644189 1.458135 -1.439545
v -4.628889 1.464634 -1.457945
v -4.681789 1.449735 -1.457345
v -4.696889 1.443335 -1.468845
v -4.688889 1.439034 -1.477445
v -4.681589 1.439634 -1.487745
v -4.676189 1.444534 -1.498045
v -4.656889 1.460434 -1.493845
v -4.673689 1.453235 -1.506645
v -4.640789 1.467235 -1.480145
v -4.625289 1.473835 -1.465645
v -4.653389 1.461935 -1.431945
v -4.667289 1.455935 -1.444945
v -4.732289 1.418035 -1.518945
v -4.714889 1.425435 -1.509445
v -4.721189 1.425234 -1.498545
v -4.738089 1.418035 -1.507745
v -4.728289 1.422235 -1.530245
v -4.710489 1.429834 -1.520445
v -4.697989 1.432634 -1.499045
v -4.704789 1.432234 -1.488345
v -4.693089 1.437335 -1.509745
v -4.744889 1.422834 -1.498445
v -4.761789 1.415635 -1.506545
v -4.755389 1.410735 -1.516045
v -4.750089 1.410435 -1.527545
v -4.746589 1.414434 -1.539045
v -4.727089 1.430435 -1.539545
v -4.745789 1.422534 -1.548545
v -4.708789 1.438234 -1.529545
v -4.690989 1.445835 -1.518545
v -4.712489 1.436735 -1.479545
v -4.728489 1.429834 -1.489445
v -4.805389 1.386835 -1.547445
v -4.786689 1.394834 -1.541745
v -4.790889 1.395534 -1.529845
v -4.809089 1.387834 -1.535345
v -4.803589 1.390134 -1.559445
v -4.784289 1.398435 -1.553645
v -4.768189 1.402734 -1.535145
v -4.772989 1.403234 -1.523445
v -4.765289 1.406535 -1.546845
v -4.814189 1.393334 -1.525345
v -4.832189 1.385634 -1.529745
v -4.827589 1.379934 -1.539845
v -4.824389 1.378734 -1.552045
v -4.823089 1.381834 -1.564245
v -4.803989 1.397634 -1.569445
v -4.823989 1.389134 -1.574345
v -4.784289 1.406034 -1.563545
v -4.764889 1.414334 -1.556545
v -4.778989 1.408335 -1.513745
v -4.796489 1.400935 -1.520045
v -4.882289 1.354034 -1.559845
v -4.862889 1.362335 -1.558245
v -4.864889 1.364035 -1.545845
v -4.883689 1.356034 -1.547445
v -4.882589 1.356434 -1.572245
v -4.862689 1.364934 -1.570645
v -4.843589 1.370534 -1.555645
v -4.846189 1.372034 -1.543345
v -4.842789 1.373434 -1.567945
v -4.886989 1.362335 -1.537145
v -4.884889 1.363134 -1.582545
v -4.864489 1.371834 -1.580845
v -4.844189 1.380535 -1.578145
v -4.850289 1.377934 -1.533145
v -4.868589 1.370134 -1.535645
v -5.039589 1.359534 -1.529845
v -5.043789 1.360334 -1.541745
v -5.062289 1.352435 -1.535145
v -5.057489 1.351934 -1.523445
v -5.021389 1.367334 -1.535345
v -5.025089 1.368334 -1.547445
v -5.046189 1.356734 -1.553645
v -5.065189 1.348635 -1.546845
v -5.026889 1.364934 -1.559445
v -5.051489 1.346734 -1.513745
v -5.075089 1.344434 -1.516045
v -5.068689 1.339435 -1.506545
v -5.033989 1.354235 -1.520045
v -5.016289 1.361834 -1.525345
v -5.026489 1.357434 -1.569445
v -5.046189 1.349034 -1.563545
v -5.065589 1.340734 -1.556545
v -5.084689 1.332634 -1.548545
v -5.083889 1.340634 -1.539045
v -5.080389 1.344735 -1.527545
v -5.109289 1.329834 -1.498545
v -5.115589 1.329734 -1.509445
v -5.132489 1.322534 -1.499045
v -5.125689 1.322834 -1.488345
v -5.092389 1.337035 -1.507745
v -5.098189 1.337134 -1.518945
v -5.119989 1.325234 -1.520445
v -5.137389 1.317834 -1.509745
v -5.102189 1.332835 -1.530245
v -5.141589 1.316034 -1.477445
v -5.133589 1.311735 -1.468845
v -5.117989 1.318435 -1.479545
v -5.101989 1.325234 -1.489445
v -5.085589 1.332234 -1.498445
v -5.103389 1.324634 -1.539545
v -5.121689 1.316834 -1.529545
v -5.139489 1.309234 -1.518545
v -5.156789 1.301834 -1.506645
v -5.154289 1.310634 -1.498045
v -5.148889 1.315534 -1.487745
v -5.171989 1.303134 -1.452945
v -5.180089 1.302134 -1.462545
v -5.194889 1.295935 -1.448745
v -5.186289 1.297034 -1.439545
v -5.157089 1.309434 -1.465545
v -5.164789 1.308734 -1.475545
v -5.186489 1.296934 -1.472145
v -5.201589 1.290434 -1.457945
v -5.170689 1.303635 -1.485545
v -5.199889 1.291134 -1.425345
v -5.190489 1.287535 -1.418145
v -5.177089 1.293234 -1.431945
v -5.163189 1.299135 -1.444945
v -5.148689 1.305334 -1.457345
v -5.173589 1.294734 -1.493845
v -5.189689 1.287835 -1.480145
v -5.205189 1.281234 -1.465645
v -5.219989 1.274934 -1.450245
v -5.216089 1.284234 -1.442945
v -5.208989 1.289935 -1.434145
v -5.225289 1.280334 -1.394945
v -5.235089 1.278735 -1.402845
v -5.246989 1.273634 -1.386245
v -5.236889 1.275434 -1.378745
v -5.212989 1.285634 -1.410545
v -5.222389 1.284134 -1.418845
v -5.242989 1.272834 -1.410745
v -5.255289 1.267535 -1.393645
v -5.229889 1.278434 -1.427245
v -5.247789 1.270734 -1.362045
v -5.237089 1.267634 -1.356245
v -5.226489 1.272134 -1.372645
v -5.215189 1.277034 -1.388445
v -5.203189 1.282134 -1.403645
v -5.234189 1.268935 -1.434145
v -5.247489 1.263234 -1.417245
v -5.260089 1.257834 -1.399745
v -5.271889 1.252834 -1.381545
v -5.266789 1.262634 -1.375845
v -5.258189 1.268935 -1.368945
v -5.267189 1.262534 -1.326845
v -5.278189 1.260334 -1.332645
v -5.286989 1.256635 -1.313745
v -5.275689 1.258834 -1.308445
v -5.257889 1.266435 -1.344645
v -5.268589 1.264434 -1.351045
v -5.287389 1.253934 -1.338545
v -5.296389 1.250034 -1.319045
v -5.277489 1.258134 -1.357445
v -5.283389 1.255634 -1.289645
v -5.271789 1.252834 -1.285745
v -5.264389 1.256034 -1.304045
v -5.256089 1.259534 -1.321945
v -5.246989 1.263434 -1.339345
v -5.282889 1.248134 -1.362745
v -5.292989 1.243834 -1.343345
v -5.302189 1.239934 -1.323545
v -5.310489 1.236334 -1.303145
v -5.304489 1.246634 -1.299245
v -5.294789 1.253234 -1.294445
v -5.296089 1.250234 -1.251045
v -5.307889 1.247734 -1.254645
v -5.313089 1.245434 -1.234245
v -5.301089 1.248034 -1.231245
v -5.290089 1.252735 -1.270545
v -5.301789 1.250334 -1.274745
v -5.317989 1.240835 -1.258245
v -5.323289 1.238534 -1.237345
v -5.311689 1.243534 -1.278945
v -5.305189 1.246234 -1.211245
v -5.293189 1.243734 -1.209245
v -5.289089 1.245434 -1.228745
v -5.284189 1.247534 -1.248045
v -5.278489 1.250034 -1.267045
v -5.317789 1.233234 -1.282345
v -5.324289 1.230534 -1.261245
v -5.329689 1.228135 -1.239845
v -5.334189 1.226234 -1.218045
v -5.327689 1.236734 -1.216045
v -5.317389 1.243635 -1.213645
v -5.310789 1.243935 -1.170645
v -5.323089 1.241234 -1.171845
v -5.324489 1.240634 -1.150745
v -5.312189 1.243334 -1.150145
v -5.308489 1.244934 -1.191045
v -5.320689 1.242235 -1.192845
v -5.333589 1.234234 -1.173045
v -5.334989 1.233534 -1.151345
v -5.331089 1.235234 -1.194645
v -5.312589 1.243134 -1.129645
v -5.300389 1.240634 -1.129645
v -5.299889 1.240835 -1.149645
v -5.298589 1.241434 -1.169645
v -5.296289 1.242434 -1.189445
v -5.337689 1.224734 -1.196145
v -5.340189 1.223734 -1.174045
v -5.341689 1.223034 -1.151845
v -5.342189 1.222834 -1.129645
v -5.335489 1.233334 -1.129645
v -5.324989 1.240435 -1.129645
v -5.310789 1.243935 -1.088645
v -5.323089 1.241234 -1.087445
v -5.320689 1.242235 -1.066445
v -5.308489 1.244934 -1.068245
v -5.312189 1.243334 -1.109145
v -5.324489 1.240634 -1.108445
v -5.333589 1.234234 -1.086145
v -5.331089 1.235234 -1.064645
v -5.334989 1.233534 -1.107845
v -5.305189 1.246234 -1.048045
v -5.293189 1.243734 -1.050045
v -5.296289 1.242434 -1.069745
v -5.298589 1.241434 -1.089645
v -5.299889 1.240835 -1.109645
v -5.341689 1.223034 -1.107345
v -5.340189 1.223734 -1.085145
v -5.337689 1.224734 -1.063045
v -5.334189 1.226234 -1.041145
v -5.327689 1.236734 -1.043145
v -5.317389 1.243635 -1.045645
v -5.296089 1.250234 -1.008245
v -5.307889 1.247734 -1.004645
v -5.301789 1.250334 -0.984545
v -5.290089 1.252735 -0.988745
v -5.301089 1.248034 -1.027945
v -5.313089 1.245434 -1.024945
v -5.317989 1.240835 -1.000945
v -5.311689 1.243534 -0.980345
v -5.323289 1.238534 -1.021945
v -5.283389 1.255634 -0.969545
v -5.271789 1.252834 -0.973545
v -5.278489 1.250034 -0.992145
v -5.284189 1.247534 -1.011245
v -5.289089 1.245434 -1.030545
v -5.329689 1.228135 -1.019445
v -5.324289 1.230534 -0.998045
v -5.317789 1.233234 -0.976845
v -5.310489 1.236334 -0.956145
v -5.304489 1.246634 -0.960045
v -5.294789 1.253234 -0.964845
v -5.267189 1.262534 -0.932445
v -5.278189 1.260334 -0.926545
v -5.268589 1.264434 -0.908245
v -5.257889 1.266435 -0.914545
v -5.275689 1.258834 -0.950745
v -5.286989 1.256635 -0.945445
v -5.287389 1.253934 -0.920745
v -5.277489 1.258134 -0.901845
v -5.296389 1.250034 -0.940145
v -5.247789 1.270734 -0.897245
v -5.237089 1.267634 -0.902945
v -5.246989 1.263434 -0.919845
v -5.256089 1.259534 -0.937345
v -5.264389 1.256034 -0.955145
v -5.302189 1.239934 -0.935745
v -5.292989 1.243834 -0.915845
v -5.282889 1.248134 -0.896545
v -5.271889 1.252834 -0.877745
v -5.266789 1.262634 -0.883445
v -5.258189 1.268935 -0.890345
v -5.225289 1.280334 -0.864245
v -5.235089 1.278735 -0.856345
v -5.222389 1.284134 -0.840345
v -5.212989 1.285635 -0.848745
v -5.236889 1.275434 -0.880445
v -5.246989 1.273634 -0.873045
v -5.242989 1.272834 -0.848545
v -5.229889 1.278434 -0.832045
v -5.255289 1.267535 -0.865645
v -5.199889 1.291134 -0.833845
v -5.190489 1.287535 -0.841145
v -5.203189 1.282135 -0.855645
v -5.215189 1.277034 -0.870845
v -5.226489 1.272134 -0.886645
v -5.260089 1.257834 -0.859545
v -5.247489 1.263235 -0.841945
v -5.234189 1.268935 -0.825145
v -5.219989 1.274934 -0.808945
v -5.216089 1.284235 -0.816245
v -5.208989 1.289935 -0.825045
v -5.171989 1.303134 -0.806345
v -5.180089 1.302135 -0.796645
v -5.164789 1.308734 -0.783645
v -5.157089 1.309434 -0.793645
v -5.186289 1.297034 -0.819745
v -5.194889 1.295935 -0.810445
v -5.186489 1.296935 -0.787045
v -5.170689 1.303635 -0.773645
v -5.201589 1.290434 -0.801245
v -5.141589 1.316034 -0.781845
v -5.133589 1.311735 -0.790445
v -5.148689 1.305335 -0.801945
v -5.163189 1.299135 -0.814245
v -5.177089 1.293234 -0.827345
v -5.205189 1.281234 -0.793645
v -5.189689 1.287835 -0.779145
v -5.173589 1.294734 -0.765445
v -5.156789 1.301835 -0.752645
v -5.154289 1.310635 -0.761145
v -5.148889 1.315535 -0.771545
v -5.109289 1.329834 -0.760745
v -5.115589 1.329734 -0.749745
v -5.098189 1.337134 -0.740245
v -5.092389 1.337035 -0.751545
v -5.125689 1.322834 -0.770845
v -5.132489 1.322535 -0.760245
v -5.119989 1.325234 -0.738845
v -5.102189 1.332835 -0.729045
v -5.137389 1.317834 -0.749545
v -5.075089 1.344434 -0.743145
v -5.068689 1.339435 -0.752745
v -5.085589 1.332234 -0.760845
v -5.101989 1.325234 -0.769845
v -5.117989 1.318435 -0.779745
v -5.139489 1.309235 -0.740645
v -5.121689 1.316834 -0.729745
v -5.103389 1.324635 -0.719745
v -5.084689 1.332634 -0.710745
v -5.083889 1.340634 -0.720245
v -5.080389 1.344735 -0.731745
v -5.039589 1.359534 -0.729345
v -5.043789 1.360334 -0.717445
v -5.025089 1.368334 -0.711845
v -5.021389 1.367334 -0.723845
v -5.057489 1.351934 -0.735845
v -5.062289 1.352435 -0.724145
v -5.046189 1.356734 -0.705545
v -5.026889 1.364934 -0.699745
v -5.065189 1.348635 -0.712345
v -5.002889 1.375134 -0.719345
v -4.998289 1.369434 -0.729445
v -5.016289 1.361835 -0.733845
v -5.033989 1.354235 -0.739245
v -5.051489 1.346735 -0.745545
v -5.065589 1.340734 -0.702645
v -5.046189 1.349034 -0.695745
v -5.026489 1.357434 -0.689745
v -5.006489 1.365934 -0.684845
v -5.007389 1.373234 -0.695045
v -5.006089 1.376434 -0.707145
v -4.965589 1.391134 -0.713345
v -4.967589 1.392835 -0.700945
v -4.948189 1.401034 -0.699445
v -4.946789 1.399135 -0.711845
v -4.984289 1.383134 -0.715845
v -4.986889 1.384534 -0.703545
v -4.967789 1.390134 -0.688645
v -4.947889 1.398634 -0.687045
v -4.987689 1.381635 -0.691245
v -4.927889 1.407135 -0.711345
v -4.925089 1.400634 -0.721645
v -4.943489 1.392835 -0.722145
v -4.961889 1.385035 -0.723645
v -4.980189 1.377234 -0.726045
v -4.986289 1.374535 -0.681045
v -4.965989 1.383235 -0.678345
v -4.945589 1.391934 -0.676745
v -4.925089 1.400634 -0.676145
v -4.927889 1.407135 -0.686445
v -4.928789 1.409335 -0.698945
v -4.890189 1.423234 -0.713345
v -4.889989 1.425934 -0.700945
v -4.870689 1.434134 -0.703545
v -4.871389 1.431234 -0.715845
v -4.908989 1.415235 -0.711845
v -4.909389 1.417634 -0.699445
v -4.887889 1.424234 -0.688645
v -4.868089 1.432634 -0.691245
v -4.907889 1.415734 -0.687045
v -4.852789 1.439235 -0.719345
v -4.851889 1.431934 -0.729445
v -4.869989 1.424135 -0.726045
v -4.888289 1.416335 -0.723645
v -4.906689 1.408535 -0.722145
v -4.904589 1.409434 -0.676745
v -4.884189 1.418135 -0.678345
v -4.863889 1.426734 -0.681045
v -4.843689 1.435335 -0.684845
v -4.848389 1.441134 -0.695045
v -4.851489 1.442335 -0.707145
v -4.816189 1.454834 -0.729345
v -4.813789 1.458334 -0.717445
v -4.795289 1.466235 -0.724145
v -4.798289 1.462434 -0.735845
v -4.834389 1.447034 -0.723845
v -4.832489 1.450435 -0.711845
v -4.809489 1.457634 -0.705545
v -4.790589 1.465734 -0.712345
v -4.828789 1.449434 -0.699745
v -4.780589 1.469934 -0.743145
v -4.781489 1.461935 -0.752745
v -4.798689 1.454535 -0.745545
v -4.816189 1.447134 -0.739245
v -4.833889 1.439535 -0.733845
v -4.823789 1.443934 -0.689745
v -4.803989 1.452334 -0.695745
v -4.784589 1.460635 -0.702645
v -4.765489 1.468734 -0.710745
v -4.771889 1.473734 -0.720245
v -4.777189 1.474034 -0.731745
v -4.746489 1.484534 -0.760745
v -4.741989 1.488935 -0.749745
v -4.725089 1.496234 -0.760245
v -4.730089 1.491535 -0.770845
v -4.763389 1.477334 -0.751545
v -4.759389 1.481534 -0.740245
v -4.735689 1.489134 -0.738845
v -4.718289 1.496534 -0.749545
v -4.753589 1.481534 -0.729045
v -4.714089 1.498334 -0.781845
v -4.716589 1.489534 -0.790445
v -4.732189 1.482934 -0.779745
v -4.748189 1.476134 -0.769845
v -4.764689 1.469134 -0.760845
v -4.746789 1.476735 -0.719745
v -4.728489 1.484534 -0.729745
v -4.710689 1.492135 -0.740645
v -4.693389 1.499434 -0.752645
v -4.701389 1.503735 -0.761145
v -4.708689 1.503234 -0.771545
v -4.683789 1.511234 -0.806345
v -4.677489 1.516534 -0.796645
v -4.662689 1.522834 -0.810445
v -4.669489 1.517334 -0.819745
v -4.698689 1.504934 -0.793645
v -4.692789 1.509934 -0.783645
v -4.669289 1.517435 -0.787045
v -4.654089 1.523934 -0.801245
v -4.685089 1.510735 -0.773645
v -4.655789 1.523135 -0.833845
v -4.659689 1.513834 -0.841145
v -4.673089 1.508134 -0.827345
v -4.686989 1.502234 -0.814245
v -4.701589 1.496035 -0.801945
v -4.676589 1.506635 -0.765445
v -4.660489 1.513535 -0.779145
v -4.644989 1.520134 -0.793645
v -4.630189 1.526434 -0.808945
v -4.639589 1.530035 -0.816245
v -4.648589 1.528834 -0.825045
v -4.630489 1.534035 -0.864245
v -4.622489 1.539935 -0.856345
v -4.610589 1.545034 -0.873045
v -4.618789 1.538935 -0.880445
v -4.642789 1.528735 -0.848745
v -4.635189 1.534534 -0.840345
v -4.612789 1.541534 -0.848545
v -4.600489 1.546734 -0.865645
v -4.625789 1.535934 -0.832045
v -4.607989 1.543534 -0.897245
v -4.613089 1.533734 -0.902945
v -4.623689 1.529234 -0.886645
v -4.634989 1.524334 -0.870845
v -4.646989 1.519235 -0.855645
v -4.615989 1.532434 -0.825145
v -4.602689 1.538135 -0.841945
v -4.590089 1.543534 -0.859545
v -4.578289 1.548534 -0.877745
v -4.588889 1.551734 -0.883445
v -4.599389 1.549835 -0.890345
v -4.588589 1.551835 -0.932445
v -4.579389 1.558334 -0.926545
v -4.570589 1.562035 -0.945445
v -4.580089 1.555435 -0.950745
v -4.597889 1.547935 -0.914545
v -4.588989 1.554235 -0.908245
v -4.568389 1.560434 -0.920745
v -4.559389 1.564334 -0.940145
v -4.578189 1.556234 -0.901845
v -4.572389 1.558734 -0.969545
v -4.578389 1.548534 -0.973545
v -4.585889 1.545334 -0.955145
v -4.594089 1.541834 -0.937345
v -4.603189 1.537934 -0.919845
v -4.567289 1.553235 -0.896545
v -4.557189 1.557535 -0.915845
v -4.547989 1.561434 -0.935745
v -4.539689 1.565034 -0.956145
v -4.551289 1.567735 -0.960045
v -4.562789 1.565434 -0.964845
v -4.559689 1.564135 -1.008245
v -4.549689 1.571034 -1.004645
v -4.544489 1.573235 -1.024945
v -4.554589 1.566335 -1.027945
v -4.565589 1.561635 -0.988745
v -4.555789 1.568435 -0.984545
v -4.537789 1.573534 -1.000945
v -4.532489 1.575735 -1.021945
v -4.544089 1.570835 -0.980345
v -4.550489 1.568035 -1.048045
v -4.556989 1.557634 -1.050045
v -4.561089 1.555934 -1.030545
v -4.565989 1.553834 -1.011245
v -4.571789 1.551334 -0.992145
v -4.532389 1.568134 -0.976845
v -4.525989 1.570835 -0.998045
v -4.520489 1.573235 -1.019445
v -4.515989 1.575134 -1.041145
v -4.528089 1.577634 -1.043145
v -4.540189 1.575035 -1.045645
v -4.544989 1.570435 -1.088645
v -4.534489 1.577435 -1.087445
v -4.533089 1.578034 -1.108445
v -4.543589 1.571034 -1.109145
v -4.547289 1.569435 -1.068245
v -4.536889 1.576435 -1.066445
v -4.522189 1.580134 -1.086145
v -4.520689 1.580735 -1.107845
v -4.524689 1.579134 -1.064645
v -4.543089 1.571235 -1.129645
v -4.549789 1.560734 -1.129645
v -4.550289 1.560534 -1.109645
v -4.551589 1.559935 -1.089645
v -4.553889 1.558935 -1.069745
v -4.512489 1.576634 -1.063045
v -4.509989 1.577634 -1.085145
v -4.508489 1.578334 -1.107345
v -4.507989 1.578535 -1.129645
v -4.520189 1.580935 -1.129645
v -4.532589 1.578235 -1.129645
v -4.544989 1.570435 -1.170645
v -4.534489 1.577435 -1.171845
v -4.536889 1.576435 -1.192845
v -4.547289 1.569435 -1.191045
v -4.543589 1.571034 -1.150145
v -4.533089 1.578034 -1.150745
v -4.522189 1.580134 -1.173045
v -4.524689 1.579134 -1.194645
v -4.520689 1.580735 -1.151345
v -4.550489 1.568035 -1.211245
v -4.556989 1.557634 -1.209245
v -4.553889 1.558935 -1.189445
v -4.551589 1.559935 -1.169645
v -4.550289 1.560534 -1.149645
v -4.508489 1.578334 -1.151845
v -4.509989 1.577634 -1.174045
v -4.512489 1.576634 -1.196145
v -4.515989 1.575134 -1.218045
v -4.528089 1.577634 -1.216045
v -4.540189 1.575035 -1.213645
v -4.559689 1.564135 -1.251045
v -4.549689 1.571034 -1.254645
v -4.555789 1.568435 -1.274745
v -4.565589 1.561635 -1.270545
v -4.554589 1.566335 -1.231245
v -4.544489 1.573235 -1.234245
v -4.537789 1.573534 -1.258245
v -4.544089 1.570835 -1.278945
v -4.532489 1.575735 -1.237345
v -4.572389 1.558734 -1.289645
v -4.578389 1.548534 -1.285745
v -4.571789 1.551334 -1.267045
v -4.565989 1.553834 -1.248045
v -4.561089 1.555934 -1.228745
v -4.520489 1.573235 -1.239845
v -4.525989 1.570835 -1.261245
v -4.532389 1.568134 -1.282345
v -4.539689 1.565034 -1.303145
v -4.551289 1.567735 -1.299245
v -4.562789 1.565434 -1.294445
v -4.588589 1.551835 -1.326845
v -4.579389 1.558334 -1.332645
v -4.588989 1.554235 -1.351045
v -4.597889 1.547935 -1.344645
v -4.580089 1.555435 -1.308445
v -4.570589 1.562035 -1.313745
v -4.568389 1.560434 -1.338545
v -4.578189 1.556234 -1.357445
v -4.559389 1.564334 -1.319045
v -4.607989 1.543534 -1.362045
v -4.613089 1.533734 -1.356245
v -4.603189 1.537934 -1.339345
v -4.594089 1.541834 -1.321945
v -4.585889 1.545334 -1.304045
v -4.547989 1.561434 -1.323545
v -4.557189 1.557535 -1.343345
v -4.567289 1.553235 -1.362745
v -4.578289 1.548534 -1.381545
v -4.588889 1.551734 -1.375845
v -4.599389 1.549835 -1.368945
v -4.630489 1.534035 -1.394945
v -4.622489 1.539935 -1.402845
v -4.635189 1.534534 -1.418845
v -4.642789 1.528735 -1.410545
v -4.618789 1.538935 -1.378745
v -4.610589 1.545034 -1.386245
v -4.612789 1.541534 -1.410745
v -4.625789 1.535934 -1.427245
v -4.600489 1.546734 -1.393645
v -4.655789 1.523135 -1.425345
v -4.659689 1.513834 -1.418145
v -4.646989 1.519235 -1.403645
v -4.634989 1.524334 -1.388445
v -4.623689 1.529234 -1.372645
v -4.590089 1.543534 -1.399745
v -4.602689 1.538135 -1.417245
v -4.615989 1.532434 -1.434145
v -4.630189 1.526434 -1.450245
v -4.639589 1.530035 -1.442945
v -4.648589 1.528834 -1.434145
v -4.683789 1.511234 -1.452945
v -4.677489 1.516534 -1.462545
v -4.692789 1.509934 -1.475545
v -4.698689 1.504934 -1.465545
v -4.669489 1.517334 -1.439545
v -4.662689 1.522834 -1.448745
v -4.669289 1.517435 -1.472145
v -4.685089 1.510735 -1.485545
v -4.654089 1.523934 -1.457945
v -4.714089 1.498334 -1.477445
v -4.716589 1.489534 -1.468845
v -4.701589 1.496035 -1.457345
v -4.686989 1.502234 -1.444945
v -4.673089 1.508134 -1.431945
v -4.644989 1.520134 -1.465645
v -4.660489 1.513535 -1.480145
v -4.676589 1.506635 -1.493845
v -4.693389 1.499434 -1.506645
v -4.701389 1.503735 -1.498045
v -4.708689 1.503234 -1.487745
v -4.746489 1.484534 -1.498545
v -4.741989 1.488935 -1.509445
v -4.759389 1.481534 -1.518945
v -4.763389 1.477334 -1.507745
v -4.730089 1.491535 -1.488345
v -4.725089 1.496234 -1.499045
v -4.735689 1.489134 -1.520445
v -4.753589 1.481534 -1.530245
v -4.718289 1.496534 -1.509745
v -4.780589 1.469934 -1.516045
v -4.781489 1.461935 -1.506545
v -4.764689 1.469134 -1.498445
v -4.748189 1.476134 -1.489445
v -4.732189 1.482934 -1.479545
v -4.710689 1.492135 -1.518545
v -4.728489 1.484534 -1.529545
v -4.746789 1.476735 -1.539545
v -4.765489 1.468734 -1.548545
v -4.771889 1.473734 -1.539045
v -4.777189 1.474034 -1.527545
v -4.816189 1.454834 -1.529845
v -4.813789 1.458334 -1.541745
v -4.832489 1.450435 -1.547445
v -4.834389 1.447034 -1.535345
v -4.798289 1.462434 -1.523445
v -4.795289 1.466235 -1.535145
v -4.809489 1.457634 -1.553645
v -4.828789 1.449434 -1.559445
v -4.790589 1.465734 -1.546845
v -4.852789 1.439235 -1.539845
v -4.851889 1.431934 -1.529745
v -4.833889 1.439535 -1.525345
v -4.816189 1.447134 -1.520045
v -4.798689 1.454535 -1.513745
v -4.784589 1.460635 -1.556545
v -4.803989 1.452334 -1.563545
v -4.823789 1.443934 -1.569445
v -4.843689 1.435335 -1.574345
v -4.848389 1.441134 -1.564245
v -4.851489 1.442335 -1.552045
v -4.890189 1.423234 -1.545845
v -4.889989 1.425934 -1.558245
v -4.909389 1.417634 -1.559845
v -4.908989 1.415235 -1.547445
v -4.871389 1.431234 -1.543345
v -4.870689 1.434134 -1.555645
v -4.887889 1.424234 -1.570645
v -4.907889 1.415734 -1.572245
v -4.868089 1.432634 -1.567945
v -4.906689 1.408535 -1.537145
v -4.888289 1.416335 -1.535645
v -4.869989 1.424135 -1.533145
v -4.863889 1.426734 -1.578145
v -4.884189 1.418135 -1.580845
v -4.904589 1.409434 -1.582545
v -4.505089 1.537535 -1.263145
v -4.508589 1.550934 -1.263745
v -4.502989 1.553335 -1.241845
v -4.499489 1.539834 -1.241345
v -4.511589 1.534735 -1.284545
v -4.515089 1.548134 -1.285245
v -4.515889 1.562834 -1.263145
v -4.510289 1.565135 -1.241345
v -4.522389 1.560034 -1.284545
v -4.494989 1.541834 -1.219345
v -4.519089 1.531535 -1.305645
v -4.522589 1.544934 -1.306445
v -4.529789 1.556835 -1.305645
v -4.505789 1.567134 -1.219345
v -4.498489 1.555234 -1.219745
v -4.873689 1.380334 -1.529245
v -4.879189 1.392934 -1.527145
v -4.897189 1.385234 -1.528545
v -4.891689 1.372634 -1.530745
v -4.855689 1.388034 -1.526845
v -4.861289 1.400535 -1.524745
v -4.884389 1.405634 -1.529245
v -4.902489 1.397934 -1.530745
v -4.866389 1.413334 -1.526845
v -4.909889 1.364934 -1.531245
v -4.837789 1.395635 -1.523445
v -4.843589 1.408134 -1.521445
v -4.848589 1.420935 -1.523445
v -4.920589 1.390234 -1.531245
v -4.915289 1.377534 -1.529045
v -5.235589 1.226035 -1.318945
v -5.239289 1.239435 -1.317945
v -5.247389 1.235935 -1.300445
v -5.243789 1.222535 -1.301345
v -5.226689 1.229834 -1.336045
v -5.230389 1.243134 -1.334945
v -5.246389 1.251335 -1.318945
v -5.254589 1.247835 -1.301345
v -5.237489 1.255134 -1.336045
v -5.251089 1.219434 -1.283345
v -5.216989 1.233934 -1.352745
v -5.220789 1.247334 -1.351545
v -5.227789 1.259234 -1.352745
v -5.261889 1.244734 -1.283345
v -5.254689 1.232834 -1.282445
v -4.536789 1.523934 -1.346345
v -4.540489 1.537334 -1.347445
v -4.531089 1.541335 -1.327145
v -4.527489 1.527935 -1.326245
v -4.546989 1.519635 -1.366045
v -4.550789 1.532935 -1.367145
v -4.547589 1.549234 -1.346345
v -4.538289 1.553235 -1.326245
v -4.557789 1.544934 -1.366045
v -4.558189 1.514834 -1.385145
v -4.561889 1.528234 -1.386245
v -4.568889 1.540134 -1.385145
v -4.951289 1.347235 -1.587245
v -4.956889 1.359835 -1.589345
v -4.936089 1.368635 -1.591045
v -4.930589 1.356034 -1.588945
v -4.971889 1.338435 -1.584445
v -4.977589 1.350934 -1.586545
v -4.962089 1.372534 -1.587245
v -4.941389 1.381334 -1.588945
v -4.982689 1.363735 -1.584445
v -4.909889 1.364934 -1.589445
v -4.992389 1.329734 -1.580645
v -4.998189 1.342234 -1.582745
v -5.003189 1.355034 -1.580645
v -4.920589 1.390234 -1.589445
v -4.915289 1.377534 -1.591645
v -5.263389 1.214234 -1.246245
v -5.266889 1.227634 -1.245545
v -5.271689 1.225634 -1.226645
v -5.268189 1.212134 -1.227245
v -5.257689 1.216634 -1.264945
v -5.261189 1.230034 -1.264145
v -5.274089 1.239435 -1.246245
v -5.278989 1.237434 -1.227245
v -5.268389 1.241934 -1.264945
v -5.272189 1.210434 -1.207945
v -5.282889 1.235734 -1.207945
v -5.275589 1.223935 -1.207545
v -4.582889 1.504334 -1.421345
v -4.586789 1.517634 -1.422645
v -4.573889 1.523135 -1.404845
v -4.570089 1.509735 -1.403545
v -4.596389 1.498535 -1.438445
v -4.600389 1.511835 -1.439845
v -4.593689 1.529634 -1.421345
v -4.580889 1.535035 -1.403545
v -4.607189 1.523835 -1.438445
v -4.610789 1.492435 -1.454745
v -4.614789 1.505634 -1.456245
v -4.621489 1.517735 -1.454745
v -5.032589 1.312534 -1.569645
v -5.038589 1.324934 -1.571745
v -5.018489 1.333535 -1.577745
v -5.012589 1.321134 -1.575645
v -5.052389 1.304134 -1.562545
v -5.058389 1.316534 -1.564545
v -5.043389 1.337834 -1.569645
v -5.023389 1.346334 -1.575645
v -5.063089 1.329434 -1.562545
v -5.071689 1.295935 -1.554445
v -5.077889 1.308235 -1.556445
v -5.082489 1.321235 -1.554445
v -5.277489 1.208135 -1.168945
v -5.280889 1.221634 -1.168745
v -5.282189 1.221034 -1.149245
v -5.278789 1.207634 -1.149345
v -5.275289 1.209134 -1.188545
v -5.278689 1.222634 -1.188245
v -5.288289 1.233435 -1.168945
v -5.289589 1.232934 -1.149345
v -5.285989 1.234434 -1.188545
v -5.279289 1.207435 -1.129645
v -5.289989 1.232735 -1.129645
v -5.282689 1.220934 -1.129645
v -4.641489 1.479334 -1.485045
v -4.645689 1.492535 -1.486745
v -4.629889 1.499235 -1.471945
v -4.625789 1.486034 -1.470345
v -4.657889 1.472334 -1.498945
v -4.662089 1.485535 -1.500645
v -4.652289 1.504634 -1.485045
v -4.636589 1.511334 -1.470345
v -4.668689 1.497634 -1.498945
v -4.674889 1.465135 -1.511945
v -4.679189 1.478234 -1.513745
v -4.685589 1.490435 -1.511945
v -5.109289 1.279934 -1.535145
v -5.115589 1.292134 -1.537045
v -5.096889 1.300135 -1.547245
v -5.090689 1.287835 -1.545345
v -5.127289 1.272234 -1.524045
v -5.133689 1.284434 -1.525845
v -5.119989 1.305134 -1.535145
v -5.101489 1.313135 -1.545345
v -5.138089 1.297434 -1.524045
v -5.144889 1.264734 -1.511945
v -5.151289 1.276935 -1.513745
v -5.155589 1.290034 -1.511945
v -5.277489 1.208135 -1.090245
v -5.280889 1.221634 -1.090445
v -5.278689 1.222634 -1.071045
v -5.275289 1.209134 -1.070745
v -5.278789 1.207634 -1.109945
v -5.282189 1.221034 -1.110045
v -5.288289 1.233435 -1.090245
v -5.285989 1.234434 -1.070745
v -5.289589 1.232934 -1.109945
v -5.272189 1.210434 -1.051245
v -5.282889 1.235734 -1.051245
v -5.275589 1.223935 -1.051745
v -4.710489 1.449934 -1.535145
v -4.714889 1.462934 -1.537045
v -4.696789 1.470735 -1.525845
v -4.692389 1.457634 -1.524045
v -4.728989 1.442035 -1.545345
v -4.733589 1.455035 -1.547245
v -4.721189 1.475235 -1.535145
v -4.703189 1.482934 -1.524045
v -4.739789 1.467334 -1.545345
v -4.747989 1.433935 -1.554445
v -4.752589 1.446935 -1.556445
v -4.758789 1.459235 -1.554445
v -5.178189 1.250534 -1.485045
v -5.184789 1.262634 -1.486745
v -5.168389 1.269635 -1.500645
v -5.161789 1.257434 -1.498945
v -5.193889 1.243834 -1.470345
v -5.200589 1.255834 -1.471945
v -5.188989 1.275834 -1.485045
v -5.172589 1.282734 -1.498945
v -5.204689 1.269134 -1.470345
v -5.208989 1.237434 -1.454745
v -5.215689 1.249434 -1.456245
v -5.219689 1.262634 -1.454745
v -5.263389 1.214234 -1.013045
v -5.266889 1.227634 -1.013645
v -5.261189 1.230034 -0.995045
v -5.257689 1.216634 -0.994345
v -5.268189 1.212134 -1.032045
v -5.271689 1.225634 -1.032545
v -5.274089 1.239435 -1.013045
v -5.268389 1.241934 -0.994345
v -5.278989 1.237434 -1.032045
v -5.251089 1.219434 -0.975945
v -5.261889 1.244734 -0.975945
v -5.254689 1.232834 -0.976745
v -4.787089 1.417234 -1.569645
v -4.791889 1.430134 -1.571745
v -4.772089 1.438634 -1.564545
v -4.767389 1.425634 -1.562545
v -4.807089 1.408734 -1.575645
v -4.811989 1.421635 -1.577745
v -4.797889 1.442534 -1.569645
v -4.778089 1.450934 -1.562545
v -4.817889 1.434034 -1.575645
v -4.827289 1.400134 -1.580645
v -4.832289 1.412934 -1.582745
v -4.838089 1.425435 -1.580645
v -5.236789 1.225534 -1.421345
v -5.243689 1.237534 -1.422645
v -5.230089 1.243334 -1.439845
v -5.223289 1.231335 -1.438445
v -5.249589 1.220034 -1.403545
v -5.256589 1.232035 -1.404845
v -5.247589 1.250834 -1.421345
v -5.234089 1.256534 -1.438445
v -5.260389 1.245335 -1.403545
v -5.261589 1.214934 -1.385145
v -5.268589 1.226934 -1.386245
v -5.272289 1.240234 -1.385145
v -5.235589 1.226035 -0.940345
v -5.239289 1.239435 -0.941345
v -5.230389 1.243134 -0.924245
v -5.226689 1.229834 -0.923145
v -5.243789 1.222535 -0.957945
v -5.247389 1.235935 -0.958845
v -5.246389 1.251335 -0.940345
v -5.237489 1.255134 -0.923145
v -5.254589 1.247835 -0.957945
v -5.216989 1.233934 -0.906545
v -5.227789 1.259234 -0.906545
v -5.220789 1.247334 -0.907745
v -4.868389 1.382635 -1.587245
v -4.873589 1.395335 -1.589345
v -4.852889 1.404134 -1.586545
v -4.847789 1.391334 -1.584445
v -4.889089 1.373734 -1.588945
v -4.894389 1.386434 -1.591045
v -4.879189 1.407835 -1.587245
v -4.858589 1.416635 -1.584445
v -4.899889 1.399034 -1.588945
v -5.282889 1.205834 -1.346345
v -5.289989 1.217734 -1.347445
v -5.279689 1.222134 -1.367145
v -5.272689 1.210235 -1.366045
v -5.292189 1.201835 -1.326245
v -5.299389 1.213735 -1.327145
v -5.293689 1.231134 -1.346345
v -5.283489 1.235535 -1.366045
v -5.302989 1.227135 -1.326245
v -5.300689 1.198335 -1.305645
v -5.307889 1.210134 -1.306445
v -5.311389 1.223534 -1.305645
v -5.195389 1.243134 -0.874845
v -5.199289 1.256434 -0.876245
v -5.187489 1.261435 -0.861345
v -5.183589 1.248234 -0.859945
v -5.206589 1.238434 -0.890445
v -5.210389 1.251735 -0.891645
v -5.206189 1.268435 -0.874845
v -5.194289 1.273534 -0.859945
v -5.217289 1.263734 -0.890445
v -5.171089 1.253534 -0.845645
v -5.181789 1.278834 -0.845645
v -5.175089 1.266735 -0.847145
v -5.314589 1.192335 -1.263145
v -5.321889 1.204134 -1.263745
v -5.315389 1.206934 -1.285245
v -5.308089 1.195135 -1.284545
v -5.320189 1.189935 -1.241345
v -5.327489 1.201835 -1.241845
v -5.325389 1.217635 -1.263145
v -5.318889 1.220435 -1.284545
v -5.330989 1.215234 -1.241345
v -5.324689 1.188034 -1.219345
v -5.331989 1.199834 -1.219745
v -5.335489 1.213334 -1.219345
v -5.144189 1.265035 -0.819245
v -5.148389 1.278134 -0.820845
v -5.134089 1.284235 -0.808745
v -5.129889 1.271134 -0.807045
v -5.157889 1.259134 -0.832045
v -5.161989 1.272335 -0.833645
v -5.154989 1.290335 -0.819245
v -5.140689 1.296334 -0.807045
v -5.168689 1.284434 -0.832045
v -5.115089 1.277434 -0.795745
v -5.125889 1.302734 -0.795745
v -5.119389 1.290534 -0.797545
v -5.330789 1.185434 -1.174745
v -5.338189 1.197235 -1.174945
v -5.335589 1.198335 -1.197445
v -5.328289 1.186534 -1.197145
v -5.332289 1.184734 -1.152145
v -5.339689 1.196635 -1.152245
v -5.341589 1.210734 -1.174745
v -5.339089 1.211834 -1.197145
v -5.343089 1.210034 -1.152145
v -5.332889 1.184534 -1.129645
v -5.340189 1.196334 -1.129645
v -5.343589 1.209834 -1.129645
v -5.083989 1.290635 -0.775445
v -5.088489 1.303734 -0.777345
v -5.072389 1.310534 -0.768545
v -5.067789 1.297534 -0.766645
v -5.099789 1.283935 -0.785145
v -5.104189 1.297034 -0.787045
v -5.094789 1.315935 -0.775445
v -5.078589 1.322834 -0.766645
v -5.110589 1.309235 -0.785145
v -5.051189 1.304635 -0.758645
v -5.061989 1.329935 -0.758645
v -5.055889 1.317635 -0.760545
v -5.330789 1.185434 -1.084545
v -5.338189 1.197235 -1.084345
v -5.339689 1.196635 -1.106945
v -5.332289 1.184734 -1.107045
v -5.328289 1.186534 -1.062145
v -5.335589 1.198335 -1.061845
v -5.341589 1.210734 -1.084545
v -5.343089 1.210034 -1.107045
v -5.339089 1.211834 -1.062145
v -5.324689 1.188034 -1.039945
v -5.331989 1.199834 -1.039545
v -5.335489 1.213334 -1.039945
v -5.017089 1.319234 -0.745345
v -5.021889 1.332035 -0.747345
v -5.004489 1.339534 -0.742145
v -4.999589 1.326634 -0.740045
v -5.034289 1.311834 -0.751545
v -5.038989 1.324735 -0.753545
v -5.027889 1.344434 -0.745345
v -5.010389 1.351934 -0.740045
v -5.045089 1.337134 -0.751545
v -4.981889 1.334235 -0.735745
v -4.992689 1.359435 -0.735745
v -4.986889 1.347034 -0.737845
v -5.314589 1.192335 -0.996145
v -5.321889 1.204134 -0.995545
v -5.327489 1.201835 -1.017345
v -5.320189 1.189935 -1.017845
v -5.308089 1.195135 -0.974745
v -5.315389 1.206934 -0.973945
v -5.325389 1.217635 -0.996145
v -5.330989 1.215234 -1.017845
v -5.318889 1.220435 -0.974745
v -5.300689 1.198335 -0.953645
v -5.307889 1.210134 -0.952845
v -5.311389 1.223534 -0.953645
v -4.946089 1.349434 -0.729945
v -4.951289 1.362235 -0.732145
v -4.933289 1.369834 -0.730645
v -4.927989 1.357234 -0.728545
v -4.964089 1.341835 -0.732345
v -4.969189 1.354535 -0.734545
v -4.956789 1.374734 -0.729945
v -4.938789 1.382434 -0.728545
v -4.974789 1.367135 -0.732345
v -4.909889 1.364934 -0.728045
v -4.920589 1.390234 -0.728045
v -4.915289 1.377534 -0.730145
v -5.282889 1.205834 -0.912845
v -5.289989 1.217734 -0.911845
v -5.299389 1.213735 -0.932145
v -5.292189 1.201835 -0.933045
v -5.272689 1.210235 -0.893245
v -5.279689 1.222134 -0.892145
v -5.293689 1.231134 -0.912845
v -5.302989 1.227135 -0.933045
v -5.283489 1.235535 -0.893245
v -5.261589 1.214934 -0.874145
v -5.268589 1.226934 -0.872945
v -5.272289 1.240234 -0.874145
v -4.873689 1.380334 -0.729945
v -4.879189 1.392934 -0.732145
v -4.861289 1.400535 -0.734545
v -4.855689 1.388034 -0.732345
v -4.891689 1.372634 -0.728545
v -4.897189 1.385234 -0.730645
v -4.884389 1.405634 -0.729945
v -4.866389 1.413334 -0.732345
v -4.902489 1.397934 -0.728545
v -4.837789 1.395635 -0.735745
v -4.848589 1.420935 -0.735745
v -4.843589 1.408134 -0.737845
v -5.236789 1.225534 -0.837945
v -5.243689 1.237535 -0.836545
v -5.256589 1.232035 -0.854445
v -5.249589 1.220035 -0.855745
v -5.223289 1.231335 -0.820845
v -5.230089 1.243334 -0.819345
v -5.247589 1.250834 -0.837945
v -5.260389 1.245335 -0.855745
v -5.234089 1.256535 -0.820845
v -5.208989 1.237434 -0.804445
v -5.215689 1.249434 -0.802945
v -5.219689 1.262634 -0.804445
v -4.802589 1.410635 -0.745345
v -4.808589 1.423035 -0.747345
v -4.791489 1.430335 -0.753545
v -4.785389 1.417934 -0.751545
v -4.820089 1.403234 -0.740045
v -4.825989 1.415635 -0.742145
v -4.813389 1.435935 -0.745345
v -4.796189 1.443234 -0.751545
v -4.830889 1.428434 -0.740045
v -4.768489 1.425234 -0.758645
v -4.779289 1.450435 -0.758645
v -4.774589 1.437534 -0.760545
v -5.178189 1.250535 -0.774145
v -5.184789 1.262634 -0.772545
v -5.200589 1.255835 -0.787345
v -5.193889 1.243834 -0.788945
v -5.161789 1.257434 -0.760245
v -5.168389 1.269635 -0.758545
v -5.188989 1.275835 -0.774145
v -5.204689 1.269135 -0.788945
v -5.172589 1.282734 -0.760245
v -5.144889 1.264734 -0.747245
v -5.151289 1.276935 -0.745545
v -5.155589 1.290034 -0.747245
v -4.735689 1.439135 -0.775445
v -4.741989 1.451435 -0.777345
v -4.726289 1.458135 -0.787045
v -4.719889 1.445934 -0.785145
v -4.751889 1.432234 -0.766645
v -4.758089 1.444534 -0.768545
v -4.746489 1.464435 -0.775445
v -4.730689 1.471135 -0.785145
v -4.762689 1.457534 -0.766645
v -4.704589 1.452435 -0.795745
v -4.715389 1.477735 -0.795745
v -4.711089 1.464634 -0.797545
v -5.109289 1.279934 -0.724045
v -5.115589 1.292134 -0.722245
v -5.133689 1.284434 -0.733345
v -5.127289 1.272234 -0.735245
v -5.090689 1.287835 -0.713945
v -5.096889 1.300135 -0.712045
v -5.119989 1.305134 -0.724045
v -5.138089 1.297434 -0.735245
v -5.101489 1.313135 -0.713945
v -5.071689 1.295935 -0.704745
v -5.077889 1.308235 -0.702845
v -5.082489 1.321235 -0.704745
v -4.675489 1.464835 -0.819245
v -4.682089 1.476934 -0.820845
v -4.668489 1.482735 -0.833645
v -4.661789 1.470735 -0.832045
v -4.689789 1.458735 -0.807045
v -4.696389 1.470934 -0.808745
v -4.686289 1.490135 -0.819245
v -4.672589 1.495934 -0.832045
v -4.700589 1.484035 -0.807045
v -4.648689 1.476335 -0.845645
v -4.659389 1.501534 -0.845645
v -4.655389 1.488335 -0.847145
v -5.032589 1.312534 -0.689545
v -5.038589 1.324934 -0.687545
v -5.058389 1.316535 -0.694645
v -5.052389 1.304134 -0.696645
v -5.012589 1.321135 -0.683545
v -5.018489 1.333535 -0.681545
v -5.043389 1.337834 -0.689545
v -5.063089 1.329434 -0.696645
v -5.023389 1.346334 -0.683545
v -4.992389 1.329734 -0.678645
v -4.998189 1.342235 -0.676545
v -5.003189 1.355034 -0.678645
v -4.624289 1.486635 -0.874845
v -4.631189 1.498634 -0.876245
v -4.620089 1.503435 -0.891645
v -4.613189 1.491435 -0.890445
v -4.636189 1.481635 -0.859945
v -4.642989 1.493635 -0.861345
v -4.635089 1.511934 -0.874845
v -4.623889 1.516735 -0.890445
v -4.646889 1.506935 -0.859945
v -4.602689 1.495834 -0.906545
v -4.613489 1.521134 -0.906545
v -4.609689 1.507834 -0.907745
v -4.951289 1.347235 -0.672045
v -4.956889 1.359835 -0.669845
v -4.977589 1.350935 -0.672645
v -4.971889 1.338435 -0.674745
v -4.930589 1.356034 -0.670345
v -4.936089 1.368635 -0.668245
v -4.962089 1.372534 -0.672045
v -4.982689 1.363735 -0.674745
v -4.941389 1.381334 -0.670345
v -4.909889 1.364934 -0.669745
v -4.915289 1.377534 -0.667645
v -4.920589 1.390234 -0.669745
v -4.584089 1.503835 -0.940345
v -4.591189 1.515735 -0.941345
v -4.583089 1.519235 -0.958845
v -4.575889 1.507335 -0.957945
v -4.592989 1.500034 -0.923145
v -4.600089 1.511934 -0.924245
v -4.594889 1.529134 -0.940345
v -4.586689 1.532535 -0.957945
v -4.603789 1.525334 -0.923145
v -4.568589 1.510435 -0.975945
v -4.579389 1.535735 -0.975945
v -4.575789 1.522335 -0.976745
v -4.868389 1.382635 -0.672045
v -4.873589 1.395335 -0.669845
v -4.894389 1.386435 -0.668245
v -4.889089 1.373734 -0.670345
v -4.847789 1.391335 -0.674745
v -4.852889 1.404134 -0.672645
v -4.879189 1.407835 -0.672045
v -4.899889 1.399035 -0.670345
v -4.858589 1.416635 -0.674745
v -4.827289 1.400135 -0.678645
v -4.832289 1.412934 -0.676545
v -4.838089 1.425435 -0.678645
v -4.556389 1.515635 -1.013045
v -4.563589 1.527434 -1.013645
v -4.558789 1.529534 -1.032545
v -4.551489 1.517735 -1.032045
v -4.562089 1.513235 -0.994345
v -4.569289 1.525034 -0.995045
v -4.567089 1.540935 -1.013045
v -4.562289 1.543035 -1.032045
v -4.572789 1.538535 -0.994345
v -4.547589 1.519434 -1.051245
v -4.558289 1.544634 -1.051245
v -4.554889 1.531234 -1.051745
v -4.787089 1.417234 -0.689545
v -4.791889 1.430134 -0.687545
v -4.811989 1.421635 -0.681545
v -4.807089 1.408734 -0.683545
v -4.767389 1.425634 -0.696645
v -4.772089 1.438634 -0.694645
v -4.797889 1.442534 -0.689545
v -4.817889 1.434034 -0.683545
v -4.778089 1.450934 -0.696645
v -4.747989 1.433935 -0.704745
v -4.752589 1.446935 -0.702845
v -4.758789 1.459235 -0.704745
v -4.542189 1.521635 -1.090245
v -4.549589 1.533434 -1.090445
v -4.548289 1.534035 -1.110045
v -4.540889 1.522234 -1.109945
v -4.544489 1.520734 -1.070745
v -4.551789 1.532535 -1.071045
v -4.552989 1.546935 -1.090245
v -4.551689 1.547534 -1.109945
v -4.555189 1.546034 -1.070745
v -4.540489 1.522435 -1.129645
v -4.551189 1.547734 -1.129645
v -4.547789 1.534235 -1.129645
v -4.710489 1.449934 -0.724045
v -4.714889 1.462934 -0.722245
v -4.733589 1.455035 -0.712045
v -4.728989 1.442035 -0.713945
v -4.692389 1.457634 -0.735245
v -4.696789 1.470735 -0.733345
v -4.721189 1.475235 -0.724045
v -4.739789 1.467334 -0.713945
v -4.703189 1.482934 -0.735245
v -4.674889 1.465135 -0.747245
v -4.679189 1.478234 -0.745545
v -4.685589 1.490435 -0.747245
v -4.542189 1.521635 -1.168945
v -4.549589 1.533434 -1.168745
v -4.551789 1.532535 -1.188245
v -4.544489 1.520734 -1.188545
v -4.540889 1.522234 -1.149345
v -4.548289 1.534035 -1.149245
v -4.552989 1.546935 -1.168945
v -4.555189 1.546034 -1.188545
v -4.551689 1.547534 -1.149345
v -4.547589 1.519434 -1.207945
v -4.558289 1.544634 -1.207945
v -4.554889 1.531234 -1.207545
v -4.641489 1.479334 -0.774145
v -4.645689 1.492535 -0.772545
v -4.662089 1.485535 -0.758545
v -4.657889 1.472334 -0.760245
v -4.625789 1.486034 -0.788945
v -4.629889 1.499235 -0.787345
v -4.652289 1.504634 -0.774145
v -4.668689 1.497634 -0.760245
v -4.636589 1.511334 -0.788945
v -4.610789 1.492435 -0.804445
v -4.614789 1.505634 -0.802945
v -4.621489 1.517735 -0.804445
v -4.556389 1.515635 -1.246245
v -4.563589 1.527434 -1.245545
v -4.569289 1.525034 -1.264145
v -4.562089 1.513235 -1.264945
v -4.551489 1.517735 -1.227245
v -4.558789 1.529534 -1.226645
v -4.567089 1.540935 -1.246245
v -4.572789 1.538535 -1.264945
v -4.562289 1.543035 -1.227245
v -4.568589 1.510435 -1.283345
v -4.579389 1.535735 -1.283345
v -4.575789 1.522335 -1.282445
v -4.582889 1.504334 -0.837945
v -4.586789 1.517634 -0.836545
v -4.600389 1.511835 -0.819345
v -4.596389 1.498535 -0.820845
v -4.570089 1.509735 -0.855745
v -4.573889 1.523135 -0.854445
v -4.593689 1.529634 -0.837945
v -4.607189 1.523835 -0.820845
v -4.580889 1.535035 -0.855745
v -4.558189 1.514834 -0.874145
v -4.561889 1.528234 -0.872945
v -4.568889 1.540134 -0.874145
v -4.584089 1.503835 -1.318945
v -4.591189 1.515735 -1.317945
v -4.600089 1.511934 -1.334945
v -4.592989 1.500034 -1.336045
v -4.575889 1.507335 -1.301345
v -4.583089 1.519235 -1.300445
v -4.594889 1.529134 -1.318945
v -4.603789 1.525334 -1.336045
v -4.586689 1.532535 -1.301345
v -4.602689 1.495834 -1.352745
v -4.613489 1.521134 -1.352745
v -4.609689 1.507834 -1.351545
v -4.946089 1.349434 -1.529245
v -4.951289 1.362234 -1.527145
v -4.969189 1.354535 -1.524745
v -4.964089 1.341834 -1.526845
v -4.927989 1.357234 -1.530745
v -4.933289 1.369834 -1.528545
v -4.956789 1.374734 -1.529245
v -4.974789 1.367134 -1.526845
v -4.938789 1.382434 -1.530745
v -4.981889 1.334235 -1.523445
v -4.992689 1.359434 -1.523445
v -4.986889 1.347034 -1.521445
v -4.536789 1.523934 -0.912845
v -4.540489 1.537334 -0.911845
v -4.550789 1.532935 -0.892145
v -4.546989 1.519635 -0.893245
v -4.527489 1.527935 -0.933045
v -4.531089 1.541335 -0.932145
v -4.547589 1.549234 -0.912845
v -4.557789 1.544934 -0.893245
v -4.538289 1.553235 -0.933045
v -4.519089 1.531535 -0.953645
v -4.522589 1.544934 -0.952845
v -4.529789 1.556835 -0.953645
v -4.624289 1.486635 -1.384345
v -4.631189 1.498634 -1.383045
v -4.642989 1.493635 -1.397845
v -4.636189 1.481635 -1.399345
v -4.613189 1.491435 -1.368845
v -4.620089 1.503435 -1.367545
v -4.635089 1.511934 -1.384345
v -4.646889 1.506935 -1.399345
v -4.623889 1.516735 -1.368845
v -4.648689 1.476335 -1.413545
v -4.659389 1.501534 -1.413545
v -4.655389 1.488335 -1.412045
v -5.017089 1.319234 -1.513945
v -5.021889 1.332034 -1.511845
v -5.038989 1.324735 -1.505745
v -5.034289 1.311834 -1.507745
v -4.999589 1.326634 -1.519145
v -5.004489 1.339534 -1.517145
v -5.027889 1.344434 -1.513945
v -5.045089 1.337134 -1.507745
v -5.010389 1.351934 -1.519145
v -5.051189 1.304634 -1.500645
v -5.061989 1.329934 -1.500645
v -5.055889 1.317634 -1.498645
v -4.505089 1.537535 -0.996145
v -4.508589 1.550934 -0.995545
v -4.515089 1.548134 -0.973945
v -4.511589 1.534735 -0.974745
v -4.499489 1.539834 -1.017845
v -4.502989 1.553335 -1.017345
v -4.515889 1.562834 -0.996145
v -4.522389 1.560034 -0.974745
v -4.510289 1.565135 -1.017845
v -4.494989 1.541834 -1.039945
v -4.498489 1.555234 -1.039545
v -4.505789 1.567134 -1.039945
v -4.675489 1.464835 -1.440045
v -4.682089 1.476934 -1.438445
v -4.696389 1.470934 -1.450445
v -4.689789 1.458735 -1.452145
v -4.661789 1.470735 -1.427145
v -4.668489 1.482735 -1.425545
v -4.686289 1.490135 -1.440045
v -4.700589 1.484035 -1.452145
v -4.672589 1.495934 -1.427145
v -4.704589 1.452435 -1.463545
v -4.715389 1.477735 -1.463545
v -4.711089 1.464634 -1.461745
v -5.083989 1.290635 -1.483745
v -5.088489 1.303734 -1.481945
v -5.104189 1.297034 -1.472245
v -5.099789 1.283934 -1.474045
v -5.067789 1.297534 -1.492645
v -5.072389 1.310534 -1.490745
v -5.094789 1.315935 -1.483745
v -5.110589 1.309234 -1.474045
v -5.078589 1.322834 -1.492645
v -5.115089 1.277434 -1.463545
v -5.125889 1.302734 -1.463545
v -5.119389 1.290534 -1.461745
v -4.488889 1.544435 -1.084545
v -4.492289 1.557835 -1.084345
v -4.494889 1.556835 -1.061845
v -4.491389 1.543334 -1.062145
v -4.487389 1.545034 -1.107045
v -4.490789 1.558535 -1.106945
v -4.499689 1.569735 -1.084545
v -4.502189 1.568635 -1.062145
v -4.498189 1.570334 -1.107045
v -4.486889 1.545235 -1.129645
v -4.490289 1.558734 -1.129645
v -4.497589 1.570535 -1.129645
v -4.735689 1.439135 -1.483745
v -4.741989 1.451435 -1.481945
v -4.758089 1.444534 -1.490745
v -4.751889 1.432234 -1.492645
v -4.719889 1.445934 -1.474045
v -4.726289 1.458135 -1.472245
v -4.746489 1.464435 -1.483745
v -4.762689 1.457534 -1.492645
v -4.730689 1.471135 -1.474045
v -4.768489 1.425234 -1.500645
v -4.779289 1.450435 -1.500645
v -4.774589 1.437534 -1.498645
v -5.144189 1.265035 -1.440045
v -5.148389 1.278134 -1.438445
v -5.161989 1.272334 -1.425545
v -5.157889 1.259134 -1.427145
v -5.129889 1.271134 -1.452145
v -5.134089 1.284234 -1.450445
v -5.154989 1.290335 -1.440045
v -5.168689 1.284434 -1.427145
v -5.140689 1.296334 -1.452145
v -5.171089 1.253534 -1.413545
v -5.181789 1.278834 -1.413545
v -5.175089 1.266734 -1.412045
v -4.488889 1.544435 -1.174745
v -4.492289 1.557835 -1.174945
v -4.490789 1.558535 -1.152245
v -4.487389 1.545034 -1.152145
v -4.491389 1.543334 -1.197145
v -4.494889 1.556835 -1.197445
v -4.499689 1.569735 -1.174745
v -4.498189 1.570334 -1.152145
v -4.502189 1.568635 -1.197145
v -4.802589 1.410635 -1.513945
v -4.808589 1.423035 -1.511845
v -4.825989 1.415635 -1.517145
v -4.820089 1.403234 -1.519145
v -4.785389 1.417934 -1.507745
v -4.791489 1.430335 -1.505745
v -4.813389 1.435935 -1.513945
v -4.830889 1.428434 -1.519145
v -4.796189 1.443234 -1.507745
v -5.195389 1.243134 -1.384345
v -5.199289 1.256434 -1.383045
v -5.210389 1.251735 -1.367545
v -5.206589 1.238434 -1.368845
v -5.183589 1.248234 -1.399345
v -5.187489 1.261434 -1.397845
v -5.206189 1.268434 -1.384345
v -5.217289 1.263734 -1.368845
v -5.194289 1.273534 -1.399345
vn -0.3579 0.9150 0.1861
vn -0.3590 0.9147 0.1856
vn -0.3651 0.9121 0.1863
vn -0.3712 0.9094 0.1878
vn -0.3777 0.9066 0.1882
vn -0.3771 0.9069 0.1878
vn -0.4013 0.8976 -0.1826
vn -0.4017 0.8973 -0.1832
vn -0.4069 0.8947 -0.1844
vn -0.4136 0.8923 -0.1810
vn -0.3966 0.8986 -0.1879
vn -0.3947 0.8993 -0.1884
vn -0.2344 0.7964 0.5575
vn -0.2597 0.7855 0.5617
vn -0.2597 0.7856 0.5616
vn -0.2851 0.7748 0.5643
vn -0.3105 0.7639 0.5657
vn -0.3106 0.7639 0.5657
vn -0.3818 0.9056 0.1846
vn -0.3884 0.9028 0.1846
vn -0.3830 0.9052 -0.1841
vn -0.3845 0.9047 -0.1837
vn -0.3363 0.7529 -0.5657
vn -0.3362 0.7530 -0.5657
vn -0.3616 0.7421 -0.5643
vn -0.3617 0.7421 -0.5643
vn -0.3617 0.7422 -0.5643
vn -0.3872 0.7312 -0.5616
vn -0.3871 0.7313 -0.5616
vn -0.3871 0.7312 -0.5616
vn -0.4122 0.7206 -0.5575
vn -0.4121 0.7206 -0.5576
vn -0.4122 0.7205 -0.5576
vn -0.4190 0.8898 -0.1809
vn -0.4191 0.8897 -0.1811
vn -0.3529 0.9180 0.1809
vn -0.3525 0.9180 0.1814
vn 0.4110 -0.8924 0.1862
vn 0.3997 -0.8974 0.1868
vn 0.4035 -0.8957 0.1870
vn 0.4110 -0.8925 0.1859
vn 0.3622 -0.9133 -0.1864
vn 0.3684 -0.9116 -0.1824
vn 0.3674 -0.9122 -0.1816
vn 0.3580 -0.9151 -0.1857
vn 0.3907 -0.9020 0.1836
vn 0.3980 -0.8984 0.1855
vn 0.3729 -0.9088 -0.1873
vn 0.3805 -0.9056 -0.1872
vn 0.4124 -0.7205 0.5575
vn 0.4123 -0.7205 0.5575
vn 0.4123 -0.7205 0.5576
vn 0.4158 -0.8906 0.1844
vn 0.4211 -0.8880 0.1846
vn 0.3541 -0.9168 -0.1845
vn 0.3488 -0.9189 -0.1842
vn 0.2344 -0.7964 -0.5576
vn 0.2344 -0.7964 -0.5575
vn 0.2597 -0.7856 -0.5617
vn 0.2597 -0.7856 -0.5616
vn 0.2851 -0.7748 -0.5643
vn 0.2852 -0.7748 -0.5643
vn 0.3106 -0.7639 -0.5658
vn 0.3106 -0.7639 -0.5657
vn 0.3106 -0.7639 -0.5656
vn 0.3881 -0.9031 -0.1841
vn 0.3866 -0.9038 -0.1836
vn 0.3866 -0.9038 0.1836
vn 0.3864 -0.9039 0.1835
vn 0.3362 -0.7530 0.5657
vn 0.3617 -0.7421 0.5643
vn 0.3871 -0.7312 0.5617
vn 0.3871 -0.7313 0.5616
vn 0.3871 -0.7312 0.5616
vn 0.4436 -0.8783 0.1781
vn 0.4309 -0.8843 0.1798
vn 0.4386 -0.8812 0.1765
vn 0.4434 -0.8785 0.1776
vn 0.3281 -0.9286 -0.1735
vn 0.3364 -0.9250 -0.1766
vn 0.3363 -0.9251 -0.1764
vn 0.3282 -0.9285 -0.1738
vn 0.4270 -0.8857 0.1821
vn 0.4270 -0.8856 0.1827
vn 0.3452 -0.9215 -0.1779
vn 0.3441 -0.9220 -0.1778
vn 0.5107 -0.6786 0.5279
vn 0.4497 -0.8757 0.1759
vn 0.4545 -0.8743 0.1704
vn 0.3190 -0.9326 -0.1688
vn 0.3170 -0.9329 -0.1709
vn 0.1361 -0.8383 -0.5279
vn 0.1360 -0.8383 -0.5279
vn 0.1601 -0.8281 -0.5373
vn 0.1601 -0.8281 -0.5372
vn 0.1845 -0.8177 -0.5452
vn 0.1845 -0.8177 -0.5453
vn 0.2092 -0.8071 -0.5521
vn 0.2093 -0.8071 -0.5521
vn 0.2091 -0.8070 -0.5522
vn 0.4375 -0.7098 0.5521
vn 0.4374 -0.7098 0.5521
vn 0.4622 -0.6993 0.5453
vn 0.4866 -0.6888 0.5373
vn 0.4727 -0.8673 0.1560
vn 0.4631 -0.8711 0.1635
vn 0.4682 -0.8688 0.1611
vn 0.4769 -0.8642 0.1604
vn 0.2979 -0.9417 -0.1564
vn 0.3073 -0.9376 -0.1628
vn 0.3073 -0.9376 -0.1626
vn 0.2987 -0.9413 -0.1573
vn 0.4579 -0.8734 0.1659
vn 0.4583 -0.8733 0.1654
vn 0.3161 -0.9338 -0.1676
vn 0.3161 -0.9335 -0.1694
vn 0.6018 -0.6397 0.4781
vn 0.4777 -0.8647 0.1552
vn 0.4810 -0.8634 0.1519
vn 0.2876 -0.9448 -0.1566
vn 0.2886 -0.9446 -0.1564
vn 0.0449 -0.8771 -0.4781
vn 0.0449 -0.8772 -0.4781
vn 0.0668 -0.8678 -0.4923
vn 0.0668 -0.8678 -0.4925
vn 0.0668 -0.8679 -0.4923
vn 0.0893 -0.8582 -0.5054
vn 0.0894 -0.8583 -0.5054
vn 0.1124 -0.8484 -0.5173
vn 0.1124 -0.8484 -0.5172
vn 0.5343 -0.6685 0.5173
vn 0.5343 -0.6686 0.5172
vn 0.5574 -0.6587 0.5054
vn 0.5799 -0.6491 0.4923
vn 0.5800 -0.6491 0.4923
vn 0.4999 -0.8546 0.1405
vn 0.4928 -0.8576 0.1474
vn 0.4965 -0.8560 0.1441
vn 0.5027 -0.8534 0.1376
vn 0.2700 -0.9524 -0.1416
vn 0.2757 -0.9502 -0.1453
vn 0.2753 -0.9502 -0.1460
vn 0.2739 -0.9521 -0.1362
vn 0.4856 -0.8617 0.1471
vn 0.4845 -0.8621 0.1487
vn 0.2823 -0.9469 -0.1538
vn 0.2856 -0.9469 -0.1475
vn 0.6823 -0.6054 0.4098
vn 0.5084 -0.8509 0.1320
vn 0.5084 -0.8509 0.1324
vn 0.2654 -0.9546 -0.1353
vn 0.2611 -0.9564 -0.1307
vn -0.0356 -0.9115 -0.4098
vn -0.0355 -0.9115 -0.4098
vn -0.0166 -0.9034 -0.4285
vn -0.0166 -0.9034 -0.4284
vn 0.0031 -0.8950 -0.4461
vn 0.0237 -0.8862 -0.4626
vn 0.0237 -0.8863 -0.4626
vn 0.0237 -0.8862 -0.4627
vn 0.6231 -0.6307 0.4626
vn 0.6436 -0.6219 0.4461
vn 0.6634 -0.6135 0.4285
vn 0.5226 -0.8450 0.1136
vn 0.5172 -0.8473 0.1206
vn 0.5195 -0.8463 0.1179
vn 0.5253 -0.8437 0.1103
vn 0.2455 -0.9630 -0.1116
vn 0.2500 -0.9608 -0.1200
vn 0.2506 -0.9607 -0.1196
vn 0.2460 -0.9628 -0.1115
vn 0.5153 -0.8481 0.1230
vn 0.5144 -0.8481 0.1268
vn 0.2559 -0.9587 -0.1245
vn 0.2586 -0.9575 -0.1277
vn 0.7490 -0.5770 0.3257
vn 0.7489 -0.5772 0.3257
vn 0.7491 -0.5769 0.3257
vn 0.7492 -0.5767 0.3257
vn 0.5298 -0.8416 0.1050
vn 0.5290 -0.8419 0.1061
vn 0.2410 -0.9653 -0.1001
vn 0.2461 -0.9640 -0.1007
vn -0.1022 -0.9399 -0.3258
vn -0.1023 -0.9399 -0.3258
vn -0.0869 -0.9334 -0.3481
vn -0.0869 -0.9334 -0.3482
vn -0.0708 -0.9265 -0.3696
vn -0.0536 -0.9192 -0.3902
vn -0.0536 -0.9192 -0.3901
vn 0.7004 -0.5977 0.3901
vn 0.7005 -0.5977 0.3901
vn 0.7175 -0.5904 0.3696
vn 0.7175 -0.5904 0.3695
vn 0.7337 -0.5834 0.3482
vn 0.7336 -0.5835 0.3483
vn 0.7337 -0.5835 0.3481
vn 0.5407 -0.8371 0.0827
vn 0.5365 -0.8390 0.0904
vn 0.5383 -0.8383 0.0870
vn 0.5426 -0.8364 0.0775
vn 0.2268 -0.9708 -0.0784
vn 0.2330 -0.9684 -0.0887
vn 0.2325 -0.9685 -0.0894
vn 0.2328 -0.9694 -0.0779
vn 0.5307 -0.8423 0.0940
vn 0.5301 -0.8429 0.0927
vn 0.2420 -0.9657 -0.0940
vn 0.2410 -0.9659 -0.0950
vn 0.7992 -0.5556 0.2293
vn 0.5454 -0.8351 0.0722
vn 0.5455 -0.8350 0.0723
vn 0.2249 -0.9717 -0.0727
vn 0.2255 -0.9716 -0.0721
vn -0.1525 -0.9613 -0.2293
vn -0.1415 -0.9567 -0.2544
vn -0.1415 -0.9567 -0.2545
vn -0.1295 -0.9515 -0.2789
vn -0.1164 -0.9460 -0.3027
vn -0.1164 -0.9459 -0.3027
vn 0.7632 -0.5709 0.3027
vn 0.7631 -0.5709 0.3027
vn 0.7763 -0.5654 0.2789
vn 0.7762 -0.5654 0.2789
vn 0.7883 -0.5602 0.2544
vn 0.5493 -0.8344 0.0456
vn 0.5501 -0.8331 0.0578
vn 0.5505 -0.8333 0.0504
vn 0.5514 -0.8332 0.0420
vn 0.2170 -0.9751 -0.0459
vn 0.2221 -0.9737 -0.0507
vn 0.2212 -0.9739 -0.0502
vn 0.2173 -0.9750 -0.0464
vn 0.5488 -0.8335 0.0640
vn 0.5489 -0.8335 0.0638
vn 0.2280 -0.9716 -0.0628
vn 0.2266 -0.9720 -0.0613
vn 0.8312 -0.5420 0.1240
vn 0.8312 -0.5419 0.1240
vn 0.8312 -0.5420 0.1237
vn 0.5546 -0.8313 0.0377
vn 0.5546 -0.8312 0.0386
vn 0.2156 -0.9758 -0.0366
vn 0.2162 -0.9757 -0.0367
vn -0.1845 -0.9750 -0.1240
vn -0.1783 -0.9723 -0.1509
vn -0.1783 -0.9723 -0.1510
vn -0.1708 -0.9692 -0.1775
vn -0.1708 -0.9692 -0.1776
vn -0.1622 -0.9655 -0.2036
vn 0.8090 -0.5513 0.2036
vn 0.8090 -0.5514 0.2036
vn 0.8090 -0.5514 0.2037
vn 0.8178 -0.5474 0.1776
vn 0.8178 -0.5473 0.1776
vn 0.8177 -0.5476 0.1775
vn 0.8250 -0.5446 0.1509
vn 0.8249 -0.5447 0.1509
vn 0.5544 -0.8322 0.0105
vn 0.5570 -0.8302 0.0211
vn 0.5577 -0.8299 0.0153
vn 0.5556 -0.8314 0.0066
vn 0.2173 -0.9760 -0.0111
vn 0.2115 -0.9772 -0.0179
vn 0.2149 -0.9765 -0.0182
vn 0.2177 -0.9760 -0.0097
vn 0.5539 -0.8320 0.0306
vn 0.5560 -0.8306 0.0301
vn 0.2181 -0.9756 -0.0248
vn 0.2176 -0.9757 -0.0263
vn 0.8437 -0.5367 0.0140
vn 0.8437 -0.5366 0.0139
vn 0.8436 -0.5367 0.0140
vn 0.5550 -0.8319 -0.0000
vn 0.5549 -0.8319 -0.0000
vn 0.2175 -0.9761 0.0001
vn 0.2174 -0.9761 -0.0000
vn -0.1970 -0.9803 -0.0139
vn -0.1957 -0.9798 -0.0416
vn -0.1932 -0.9787 -0.0693
vn -0.1932 -0.9787 -0.0694
vn -0.1895 -0.9771 -0.0967
vn 0.8362 -0.5398 0.0967
vn 0.8400 -0.5382 0.0692
vn 0.8425 -0.5371 0.0416
vn 0.5565 -0.8304 -0.0290
vn 0.5569 -0.8304 -0.0151
vn 0.5576 -0.8299 -0.0193
vn 0.5545 -0.8316 -0.0308
vn 0.2180 -0.9756 0.0247
vn 0.2116 -0.9772 0.0178
vn 0.2150 -0.9764 0.0183
vn 0.2177 -0.9757 0.0262
vn 0.5547 -0.8320 -0.0090
vn 0.5545 -0.8322 -0.0083
vn 0.2173 -0.9761 0.0112
vn 0.2177 -0.9760 0.0098
vn 0.8362 -0.5398 -0.0967
vn 0.5545 -0.8313 -0.0377
vn 0.5545 -0.8313 -0.0386
vn 0.2156 -0.9758 0.0366
vn 0.2162 -0.9757 0.0367
vn -0.1895 -0.9771 0.0967
vn -0.1932 -0.9787 0.0692
vn -0.1957 -0.9798 0.0417
vn -0.1970 -0.9803 0.0139
vn 0.8437 -0.5367 -0.0139
vn 0.8437 -0.5366 -0.0139
vn 0.8436 -0.5367 -0.0139
vn 0.8425 -0.5371 -0.0416
vn 0.8400 -0.5382 -0.0692
vn 0.8400 -0.5382 -0.0691
vn 0.5491 -0.8335 -0.0605
vn 0.5505 -0.8333 -0.0506
vn 0.5514 -0.8324 -0.0555
vn 0.5473 -0.8344 -0.0661
vn 0.2280 -0.9716 0.0626
vn 0.2209 -0.9740 0.0507
vn 0.2199 -0.9742 0.0506
vn 0.2266 -0.9720 0.0613
vn 0.5500 -0.8340 -0.0440
vn 0.5499 -0.8341 -0.0428
vn 0.2170 -0.9751 0.0460
vn 0.2172 -0.9750 0.0465
vn 0.8090 -0.5515 -0.2036
vn 0.8090 -0.5514 -0.2036
vn 0.8089 -0.5516 -0.2036
vn 0.5455 -0.8350 -0.0724
vn 0.5456 -0.8349 -0.0725
vn 0.2250 -0.9716 0.0728
vn 0.2255 -0.9716 0.0721
vn -0.1622 -0.9655 0.2036
vn -0.1709 -0.9692 0.1775
vn -0.1708 -0.9692 0.1775
vn -0.1782 -0.9724 0.1508
vn -0.1781 -0.9724 0.1507
vn -0.1784 -0.9723 0.1510
vn -0.1783 -0.9723 0.1509
vn -0.1845 -0.9750 0.1240
vn 0.8312 -0.5419 -0.1240
vn 0.8250 -0.5446 -0.1509
vn 0.8177 -0.5477 -0.1775
vn 0.8176 -0.5477 -0.1775
vn 0.5312 -0.8422 -0.0925
vn 0.5381 -0.8384 -0.0862
vn 0.5370 -0.8388 -0.0898
vn 0.5300 -0.8424 -0.0977
vn 0.2415 -0.9659 0.0934
vn 0.2329 -0.9685 0.0887
vn 0.2322 -0.9685 0.0895
vn 0.2410 -0.9659 0.0948
vn 0.5418 -0.8365 -0.0815
vn 0.5420 -0.8365 -0.0808
vn 0.2266 -0.9708 0.0785
vn 0.2330 -0.9693 0.0781
vn 0.7631 -0.5710 -0.3027
vn 0.5297 -0.8416 -0.1050
vn 0.5288 -0.8420 -0.1064
vn 0.2410 -0.9654 0.1001
vn 0.2462 -0.9640 0.1008
vn -0.1164 -0.9460 0.3027
vn -0.1164 -0.9459 0.3027
vn -0.1295 -0.9516 0.2789
vn -0.1295 -0.9515 0.2789
vn -0.1415 -0.9567 0.2544
vn -0.1415 -0.9567 0.2545
vn -0.1525 -0.9613 0.2294
vn -0.1525 -0.9613 0.2293
vn 0.7993 -0.5555 -0.2293
vn 0.7992 -0.5556 -0.2293
vn 0.7883 -0.5602 -0.2544
vn 0.7763 -0.5653 -0.2789
vn 0.7763 -0.5654 -0.2789
vn 0.5153 -0.8479 -0.1243
vn 0.5197 -0.8462 -0.1175
vn 0.5175 -0.8472 -0.1205
vn 0.5108 -0.8500 -0.1285
vn 0.2570 -0.9580 0.1271
vn 0.2492 -0.9610 0.1199
vn 0.2503 -0.9607 0.1201
vn 0.2570 -0.9581 0.1267
vn 0.5238 -0.8443 -0.1129
vn 0.5240 -0.8443 -0.1127
vn 0.2454 -0.9630 0.1118
vn 0.2460 -0.9628 0.1117
vn 0.7004 -0.5977 -0.3901
vn 0.5084 -0.8509 -0.1320
vn 0.5083 -0.8509 -0.1324
vn 0.2617 -0.9559 0.1335
vn 0.2615 -0.9560 0.1329
vn -0.0536 -0.9192 0.3902
vn -0.0536 -0.9192 0.3901
vn -0.0708 -0.9265 0.3696
vn -0.0869 -0.9334 0.3480
vn -0.0869 -0.9334 0.3481
vn -0.1021 -0.9399 0.3259
vn -0.1022 -0.9399 0.3258
vn -0.1022 -0.9399 0.3259
vn 0.7489 -0.5770 -0.3258
vn 0.7337 -0.5836 -0.3481
vn 0.7337 -0.5835 -0.3481
vn 0.7336 -0.5836 -0.3481
vn 0.7176 -0.5904 -0.3694
vn 0.7176 -0.5904 -0.3695
vn 0.7176 -0.5904 -0.3693
vn 0.7177 -0.5904 -0.3694
vn 0.4899 -0.8596 -0.1454
vn 0.4963 -0.8562 -0.1436
vn 0.4930 -0.8575 -0.1469
vn 0.4845 -0.8617 -0.1508
vn 0.2797 -0.9481 0.1513
vn 0.2757 -0.9502 0.1453
vn 0.2753 -0.9502 0.1460
vn 0.2851 -0.9472 0.1470
vn 0.5013 -0.8540 -0.1390
vn 0.5015 -0.8539 -0.1391
vn 0.2699 -0.9524 0.1417
vn 0.2739 -0.9521 0.1362
vn 0.6231 -0.6307 -0.4626
vn 0.6231 -0.6307 -0.4625
vn 0.4794 -0.8642 -0.1530
vn 0.4792 -0.8643 -0.1528
vn 0.2880 -0.9448 0.1562
vn 0.2888 -0.9446 0.1560
vn 0.0237 -0.8862 0.4626
vn 0.0031 -0.8950 0.4461
vn 0.0031 -0.8950 0.4462
vn -0.0166 -0.9034 0.4285
vn -0.0166 -0.9034 0.4284
vn -0.0355 -0.9115 0.4098
vn 0.6823 -0.6054 -0.4098
vn 0.6634 -0.6134 -0.4285
vn 0.6634 -0.6135 -0.4285
vn 0.6436 -0.6219 -0.4461
vn 0.4613 -0.8717 -0.1656
vn 0.4689 -0.8684 -0.1613
vn 0.4622 -0.8713 -0.1647
vn 0.4550 -0.8745 -0.1677
vn 0.3139 -0.9349 0.1654
vn 0.3064 -0.9379 0.1626
vn 0.3065 -0.9379 0.1625
vn 0.3132 -0.9352 0.1652
vn 0.4709 -0.8680 -0.1576
vn 0.4718 -0.8676 -0.1570
vn 0.2981 -0.9416 0.1564
vn 0.2990 -0.9412 0.1576
vn 0.5343 -0.6685 -0.5173
vn 0.4529 -0.8752 -0.1697
vn 0.4537 -0.8748 -0.1702
vn 0.3191 -0.9326 0.1687
vn 0.3167 -0.9330 0.1708
vn 0.1124 -0.8484 0.5172
vn 0.1124 -0.8484 0.5173
vn 0.0889 -0.8582 0.5055
vn 0.0893 -0.8582 0.5054
vn 0.0892 -0.8582 0.5054
vn 0.0893 -0.8583 0.5054
vn 0.0668 -0.8678 0.4924
vn 0.0668 -0.8678 0.4923
vn 0.0669 -0.8678 0.4924
vn 0.0449 -0.8771 0.4781
vn 0.0449 -0.8772 0.4781
vn 0.0450 -0.8772 0.4780
vn 0.0449 -0.8772 0.4780
vn 0.6018 -0.6397 -0.4781
vn 0.6018 -0.6398 -0.4781
vn 0.5799 -0.6491 -0.4923
vn 0.5574 -0.6587 -0.5054
vn 0.4294 -0.8847 -0.1816
vn 0.4338 -0.8838 -0.1754
vn 0.4318 -0.8840 -0.1792
vn 0.4255 -0.8863 -0.1828
vn 0.3455 -0.9215 0.1775
vn 0.3364 -0.9250 0.1765
vn 0.3364 -0.9251 0.1763
vn 0.3426 -0.9226 0.1771
vn 0.4435 -0.8785 -0.1776
vn 0.4435 -0.8784 -0.1783
vn 0.3283 -0.9285 0.1733
vn 0.3285 -0.9284 0.1736
vn 0.4374 -0.7098 -0.5521
vn 0.4374 -0.7098 -0.5522
vn 0.4375 -0.7098 -0.5521
vn 0.4177 -0.8894 -0.1860
vn 0.4185 -0.8891 -0.1854
vn 0.3526 -0.9172 0.1857
vn 0.3533 -0.9170 0.1853
vn 0.2093 -0.8071 0.5521
vn 0.1845 -0.8177 0.5453
vn 0.1845 -0.8177 0.5452
vn 0.1844 -0.8177 0.5453
vn 0.1601 -0.8280 0.5374
vn 0.1601 -0.8280 0.5373
vn 0.1361 -0.8383 0.5280
vn 0.5107 -0.6786 -0.5279
vn 0.5107 -0.6786 -0.5280
vn 0.4867 -0.6888 -0.5373
vn 0.4866 -0.6888 -0.5373
vn 0.4622 -0.6993 -0.5453
vn 0.4620 -0.6994 -0.5453
vn 0.4622 -0.6993 -0.5454
vn 0.3977 -0.8985 -0.1855
vn 0.4042 -0.8954 -0.1866
vn 0.3998 -0.8973 -0.1872
vn 0.3904 -0.9019 -0.1847
vn 0.3803 -0.9058 0.1868
vn 0.3684 -0.9115 0.1831
vn 0.3678 -0.9119 0.1823
vn 0.3777 -0.9064 0.1891
vn 0.4107 -0.8926 -0.1861
vn 0.4109 -0.8924 -0.1862
vn 0.3595 -0.9143 0.1869
vn 0.3600 -0.9142 0.1862
vn 0.3360 -0.7530 -0.5657
vn 0.3361 -0.7530 -0.5657
vn 0.3860 -0.9041 -0.1833
vn 0.3863 -0.9040 -0.1834
vn 0.3885 -0.9023 0.1870
vn 0.3883 -0.9029 0.1847
vn 0.3106 -0.7639 0.5657
vn 0.2850 -0.7748 0.5643
vn 0.2849 -0.7748 0.5644
vn 0.2851 -0.7747 0.5644
vn 0.2851 -0.7748 0.5643
vn 0.2597 -0.7856 0.5616
vn 0.2344 -0.7964 0.5575
vn 0.4124 -0.7205 -0.5575
vn 0.4122 -0.7206 -0.5576
vn 0.4125 -0.7205 -0.5575
vn 0.3870 -0.7313 -0.5616
vn 0.3871 -0.7313 -0.5616
vn 0.3869 -0.7314 -0.5616
vn 0.3617 -0.7421 -0.5643
vn 0.3628 -0.9138 -0.1824
vn 0.3723 -0.9093 -0.1860
vn 0.3640 -0.9128 -0.1852
vn 0.3580 -0.9158 -0.1822
vn 0.4112 -0.8920 0.1880
vn 0.4018 -0.8962 0.1880
vn 0.4020 -0.8961 0.1882
vn 0.4136 -0.8912 0.1862
vn 0.3761 -0.9081 -0.1839
vn 0.3759 -0.9083 -0.1836
vn 0.3928 -0.9000 0.1889
vn 0.3928 -0.9001 0.1886
vn 0.3557 -0.9164 -0.1834
vn 0.3534 -0.9181 -0.1792
vn 0.4187 -0.8887 0.1869
vn 0.4202 -0.8897 0.1786
vn 0.3872 -0.7313 0.5616
vn 0.3872 -0.7313 0.5615
vn 0.3871 -0.7313 0.5615
vn 0.3362 -0.7529 0.5657
vn 0.3361 -0.7529 0.5658
vn 0.3294 -0.9272 -0.1784
vn 0.3372 -0.9240 -0.1803
vn 0.3335 -0.9256 -0.1792
vn 0.3241 -0.9298 -0.1745
vn 0.4449 -0.8777 0.1779
vn 0.4325 -0.8841 0.1770
vn 0.4319 -0.8841 0.1787
vn 0.4433 -0.8783 0.1789
vn 0.3440 -0.9220 -0.1777
vn 0.3456 -0.9216 -0.1768
vn 0.4259 -0.8859 0.1836
vn 0.4266 -0.8857 0.1833
vn 0.1361 -0.8383 -0.5280
vn 0.3226 -0.9309 -0.1714
vn 0.3214 -0.9307 -0.1748
vn 0.4520 -0.8750 0.1736
vn 0.4519 -0.8750 0.1734
vn 0.5106 -0.6787 0.5279
vn 0.4866 -0.6889 0.5373
vn 0.4374 -0.7099 0.5521
vn 0.2094 -0.8071 -0.5521
vn 0.1845 -0.8176 -0.5454
vn 0.1597 -0.8282 -0.5371
vn 0.2981 -0.9407 -0.1621
vn 0.3056 -0.9376 -0.1661
vn 0.3024 -0.9389 -0.1645
vn 0.2946 -0.9422 -0.1598
vn 0.4718 -0.8675 0.1579
vn 0.4646 -0.8697 0.1665
vn 0.4647 -0.8696 0.1670
vn 0.4723 -0.8672 0.1579
vn 0.3115 -0.9350 -0.1694
vn 0.3115 -0.9350 -0.1697
vn 0.4594 -0.8718 0.1701
vn 0.4595 -0.8718 0.1698
vn 0.0448 -0.8772 -0.4781
vn 0.0448 -0.8771 -0.4781
vn 0.2887 -0.9445 -0.1565
vn 0.2887 -0.9446 -0.1563
vn 0.4818 -0.8630 0.1519
vn 0.4812 -0.8632 0.1525
vn 0.5799 -0.6491 0.4924
vn 0.5799 -0.6490 0.4924
vn 0.2724 -0.9517 -0.1415
vn 0.2774 -0.9493 -0.1476
vn 0.2734 -0.9514 -0.1420
vn 0.2665 -0.9542 -0.1359
vn 0.5032 -0.8535 0.1355
vn 0.4908 -0.8590 0.1456
vn 0.4955 -0.8561 0.1470
vn 0.5035 -0.8530 0.1374
vn 0.2823 -0.9474 -0.1507
vn 0.2821 -0.9475 -0.1509
vn 0.4886 -0.8593 0.1512
vn 0.4881 -0.8596 0.1508
vn 0.2625 -0.9564 -0.1282
vn 0.2667 -0.9551 -0.1286
vn 0.5041 -0.8538 0.1301
vn 0.5039 -0.8538 0.1308
vn 0.6824 -0.6054 0.4096
vn 0.6825 -0.6054 0.4095
vn 0.6633 -0.6135 0.4285
vn 0.6632 -0.6136 0.4286
vn 0.6633 -0.6135 0.4286
vn 0.6436 -0.6220 0.4460
vn 0.0032 -0.8950 -0.4461
vn 0.0030 -0.8950 -0.4461
vn -0.0166 -0.9034 -0.4286
vn 0.2505 -0.9617 -0.1110
vn 0.2560 -0.9592 -0.1203
vn 0.2527 -0.9608 -0.1141
vn 0.2473 -0.9629 -0.1077
vn 0.5196 -0.8470 0.1122
vn 0.5169 -0.8480 0.1170
vn 0.5166 -0.8482 0.1168
vn 0.5217 -0.8454 0.1141
vn 0.2605 -0.9575 -0.1238
vn 0.2610 -0.9574 -0.1237
vn 0.5110 -0.8506 0.1235
vn 0.5112 -0.8505 0.1234
vn 0.2418 -0.9645 -0.1062
vn 0.2444 -0.9638 -0.1069
vn 0.5290 -0.8419 0.1066
vn 0.5290 -0.8420 0.1058
vn 0.7489 -0.5770 0.3258
vn 0.7337 -0.5835 0.3480
vn 0.7337 -0.5835 0.3482
vn 0.7338 -0.5835 0.3480
vn 0.7175 -0.5905 0.3695
vn -0.0870 -0.9334 -0.3481
vn 0.2330 -0.9691 -0.0806
vn 0.2372 -0.9673 -0.0898
vn 0.2349 -0.9684 -0.0844
vn 0.2310 -0.9699 -0.0768
vn 0.5375 -0.8395 0.0793
vn 0.5363 -0.8398 0.0845
vn 0.5358 -0.8401 0.0849
vn 0.5380 -0.8392 0.0792
vn 0.2417 -0.9657 -0.0951
vn 0.2417 -0.9658 -0.0941
vn 0.5304 -0.8426 0.0935
vn 0.5308 -0.8423 0.0939
vn -0.1526 -0.9613 -0.2293
vn 0.2289 -0.9710 -0.0688
vn 0.2287 -0.9710 -0.0691
vn 0.5428 -0.8366 0.0744
vn 0.5439 -0.8359 0.0743
vn 0.7993 -0.5555 0.2292
vn 0.7991 -0.5558 0.2291
vn 0.7992 -0.5557 0.2293
vn 0.7631 -0.5710 0.3027
vn 0.7631 -0.5709 0.3029
vn -0.1295 -0.9516 -0.2789
vn -0.1295 -0.9516 -0.2788
vn 0.2187 -0.9746 -0.0483
vn 0.2220 -0.9733 -0.0579
vn 0.2182 -0.9744 -0.0533
vn 0.2164 -0.9753 -0.0437
vn 0.5544 -0.8310 0.0453
vn 0.5505 -0.8331 0.0543
vn 0.5509 -0.8328 0.0544
vn 0.5537 -0.8316 0.0433
vn 0.2267 -0.9720 -0.0612
vn 0.2272 -0.9719 -0.0614
vn 0.5496 -0.8330 0.0628
vn 0.5441 -0.8365 0.0656
vn -0.1845 -0.9750 -0.1239
vn -0.1845 -0.9750 -0.1238
vn -0.1844 -0.9750 -0.1239
vn 0.2194 -0.9750 -0.0346
vn 0.2202 -0.9748 -0.0349
vn 0.5511 -0.8337 0.0348
vn 0.5513 -0.8335 0.0354
vn 0.8311 -0.5420 0.1243
vn 0.8315 -0.5415 0.1240
vn 0.8176 -0.5477 0.1775
vn -0.1623 -0.9655 -0.2036
vn -0.1709 -0.9692 -0.1775
vn -0.1784 -0.9723 -0.1509
vn 0.2135 -0.9769 -0.0134
vn 0.2138 -0.9766 -0.0231
vn 0.2134 -0.9769 -0.0146
vn 0.2136 -0.9769 -0.0048
vn 0.5588 -0.8292 0.0085
vn 0.5533 -0.8327 0.0199
vn 0.5546 -0.8319 0.0216
vn 0.5587 -0.8293 0.0091
vn 0.2176 -0.9757 -0.0262
vn 0.2179 -0.9756 -0.0259
vn 0.5530 -0.8326 0.0301
vn 0.5543 -0.8318 0.0308
vn 0.2175 -0.9761 -0.0002
vn 0.2179 -0.9760 -0.0003
vn 0.5589 -0.8292 -0.0000
vn 0.5590 -0.8292 -0.0000
vn 0.8436 -0.5367 0.0139
vn 0.8400 -0.5382 0.0691
vn 0.8361 -0.5399 0.0966
vn 0.8363 -0.5397 0.0967
vn 0.8362 -0.5398 0.0966
vn 0.8360 -0.5402 0.0966
vn -0.1932 -0.9787 -0.0692
vn -0.1957 -0.9798 -0.0417
vn 0.2171 -0.9758 0.0244
vn 0.2141 -0.9767 0.0149
vn 0.2113 -0.9772 0.0204
vn 0.2181 -0.9755 0.0291
vn 0.5530 -0.8327 -0.0299
vn 0.5535 -0.8326 -0.0199
vn 0.5544 -0.8319 -0.0214
vn 0.5543 -0.8317 -0.0308
vn 0.2111 -0.9774 0.0115
vn 0.2101 -0.9776 0.0091
vn 0.5589 -0.8292 -0.0085
vn 0.5586 -0.8294 -0.0091
vn 0.2194 -0.9750 0.0346
vn 0.2202 -0.9748 0.0348
vn 0.5512 -0.8337 -0.0349
vn 0.5514 -0.8335 -0.0355
vn 0.8362 -0.5399 -0.0968
vn 0.8362 -0.5398 -0.0966
vn 0.8361 -0.5399 -0.0967
vn 0.8437 -0.5366 -0.0140
vn -0.1931 -0.9787 0.0692
vn 0.2250 -0.9726 0.0588
vn 0.2183 -0.9745 0.0521
vn 0.2220 -0.9733 0.0577
vn 0.2265 -0.9718 0.0653
vn 0.5496 -0.8331 -0.0626
vn 0.5506 -0.8330 -0.0543
vn 0.5509 -0.8328 -0.0543
vn 0.5469 -0.8349 -0.0625
vn 0.2173 -0.9750 0.0465
vn 0.2167 -0.9751 0.0469
vn 0.5543 -0.8311 -0.0453
vn 0.5538 -0.8315 -0.0438
vn -0.1623 -0.9655 0.2036
vn 0.2281 -0.9712 0.0682
vn 0.2284 -0.9711 0.0687
vn 0.5429 -0.8365 -0.0745
vn 0.5440 -0.8358 -0.0744
vn 0.8251 -0.5445 -0.1508
vn 0.8252 -0.5444 -0.1507
vn 0.8311 -0.5421 -0.1239
vn 0.8312 -0.5420 -0.1239
vn 0.8312 -0.5420 -0.1240
vn 0.8314 -0.5415 -0.1244
vn 0.2380 -0.9670 0.0915
vn 0.2352 -0.9682 0.0849
vn 0.2372 -0.9674 0.0894
vn 0.2410 -0.9654 0.0995
vn 0.5303 -0.8426 -0.0936
vn 0.5374 -0.8391 -0.0844
vn 0.5360 -0.8400 -0.0846
vn 0.5307 -0.8423 -0.0940
vn 0.2323 -0.9695 0.0785
vn 0.2325 -0.9694 0.0785
vn 0.5375 -0.8396 -0.0791
vn 0.5380 -0.8393 -0.0790
vn 0.2418 -0.9645 0.1062
vn 0.2432 -0.9641 0.1072
vn 0.5289 -0.8420 -0.1066
vn 0.5289 -0.8420 -0.1058
vn 0.7632 -0.5709 -0.3027
vn 0.7632 -0.5710 -0.3026
vn 0.7762 -0.5654 -0.2789
vn 0.7762 -0.5654 -0.2790
vn 0.7882 -0.5603 -0.2545
vn 0.7881 -0.5604 -0.2545
vn 0.7992 -0.5556 -0.2294
vn 0.7990 -0.5557 -0.2297
vn -0.1524 -0.9613 0.2293
vn -0.1414 -0.9567 0.2543
vn -0.1295 -0.9516 0.2788
vn 0.2589 -0.9581 0.1224
vn 0.2517 -0.9610 0.1146
vn 0.2566 -0.9591 0.1193
vn 0.2611 -0.9570 0.1261
vn 0.5109 -0.8507 -0.1232
vn 0.5168 -0.8481 -0.1168
vn 0.5165 -0.8483 -0.1165
vn 0.5111 -0.8507 -0.1230
vn 0.2491 -0.9623 0.1088
vn 0.2493 -0.9624 0.1081
vn 0.5194 -0.8471 -0.1120
vn 0.5218 -0.8454 -0.1143
vn -0.0537 -0.9192 0.3901
vn -0.0540 -0.9194 0.3897
vn -0.0537 -0.9192 0.3900
vn 0.2638 -0.9561 0.1277
vn 0.2667 -0.9551 0.1290
vn 0.5042 -0.8538 -0.1296
vn 0.5040 -0.8538 -0.1303
vn 0.7003 -0.5978 -0.3902
vn 0.7004 -0.5978 -0.3901
vn 0.7175 -0.5904 -0.3696
vn 0.7337 -0.5835 -0.3482
vn 0.7490 -0.5770 -0.3258
vn -0.0869 -0.9334 0.3482
vn 0.2809 -0.9481 0.1493
vn 0.2744 -0.9514 0.1399
vn 0.2790 -0.9489 0.1475
vn 0.2836 -0.9469 0.1517
vn 0.4886 -0.8593 -0.1514
vn 0.4907 -0.8591 -0.1456
vn 0.4953 -0.8562 -0.1471
vn 0.4881 -0.8596 -0.1509
vn 0.2739 -0.9521 0.1363
vn 0.2741 -0.9520 0.1366
vn 0.5033 -0.8534 -0.1355
vn 0.5037 -0.8529 -0.1375
vn 0.0237 -0.8863 0.4626
vn 0.2887 -0.9445 0.1565
vn 0.2889 -0.9445 0.1563
vn 0.4806 -0.8637 -0.1519
vn 0.4806 -0.8636 -0.1527
vn 0.6436 -0.6220 -0.4461
vn 0.6633 -0.6135 -0.4285
vn 0.3099 -0.9357 0.1686
vn 0.3023 -0.9389 0.1647
vn 0.3056 -0.9375 0.1664
vn 0.3132 -0.9343 0.1704
vn 0.4592 -0.8719 -0.1698
vn 0.4656 -0.8692 -0.1665
vn 0.4658 -0.8690 -0.1669
vn 0.4592 -0.8720 -0.1697
vn 0.2963 -0.9414 0.1612
vn 0.2962 -0.9414 0.1612
vn 0.4719 -0.8674 -0.1578
vn 0.4725 -0.8671 -0.1578
vn 0.1125 -0.8484 0.5172
vn 0.3222 -0.9307 0.1732
vn 0.3205 -0.9310 0.1748
vn 0.4521 -0.8750 -0.1735
vn 0.4520 -0.8750 -0.1732
vn 0.5576 -0.6585 -0.5054
vn 0.5573 -0.6589 -0.5053
vn 0.5799 -0.6491 -0.4924
vn 0.0667 -0.8678 0.4924
vn 0.0666 -0.8679 0.4922
vn 0.0892 -0.8583 0.5054
vn 0.0893 -0.8582 0.5055
vn 0.0890 -0.8583 0.5053
vn 0.3391 -0.9232 0.1810
vn 0.3331 -0.9258 0.1786
vn 0.3364 -0.9243 0.1803
vn 0.3473 -0.9201 0.1812
vn 0.4247 -0.8866 -0.1833
vn 0.4325 -0.8841 -0.1770
vn 0.4320 -0.8842 -0.1776
vn 0.4255 -0.8861 -0.1837
vn 0.3262 -0.9283 0.1786
vn 0.3253 -0.9288 0.1776
vn 0.4464 -0.8775 -0.1750
vn 0.4445 -0.8792 -0.1715
vn 0.2094 -0.8071 0.5521
vn 0.3559 -0.9164 0.1831
vn 0.3536 -0.9181 0.1790
vn 0.4195 -0.8885 -0.1860
vn 0.4196 -0.8885 -0.1859
vn 0.4374 -0.7099 -0.5521
vn 0.4374 -0.7099 -0.5520
vn 0.4370 -0.7100 -0.5521
vn 0.4866 -0.6889 -0.5373
vn 0.5107 -0.6788 -0.5277
vn 0.1361 -0.8383 0.5279
vn 0.1601 -0.8281 0.5373
vn 0.3765 -0.9081 0.1832
vn 0.3648 -0.9125 0.1850
vn 0.3729 -0.9089 0.1866
vn 0.3771 -0.9078 0.1835
vn 0.3963 -0.8987 -0.1877
vn 0.4018 -0.8964 -0.1873
vn 0.4017 -0.8963 -0.1877
vn 0.3905 -0.9013 -0.1876
vn 0.3609 -0.9147 0.1820
vn 0.3612 -0.9147 0.1814
vn 0.4109 -0.8922 -0.1877
vn 0.4136 -0.8912 -0.1861
vn 0.3106 -0.7639 0.5656
vn 0.3362 -0.7530 -0.5657
vn 0.4123 -0.7206 -0.5574
vn 0.4120 -0.7207 -0.5576
vn 0.4121 -0.7206 -0.5575
vn 0.4123 -0.7205 -0.5575
vn 0.2344 -0.7964 0.5576
vn 0.2597 -0.7856 0.5615
vn -0.3331 0.9263 0.1759
vn -0.3385 0.9243 0.1763
vn -0.3310 0.9269 0.1771
vn -0.3237 0.9295 0.1768
vn -0.3433 0.9224 0.1770
vn -0.3471 0.9204 0.1801
vn -0.4348 0.8833 -0.1751
vn -0.4363 0.8826 -0.1749
vn -0.4425 0.8801 -0.1718
vn -0.4455 0.8786 -0.1722
vn -0.4250 0.8871 -0.1799
vn -0.4284 0.8857 -0.1788
vn -0.1361 0.8383 0.5279
vn -0.1601 0.8281 0.5373
vn -0.1601 0.8281 0.5372
vn -0.1845 0.8177 0.5453
vn -0.2093 0.8071 0.5521
vn -0.4374 0.7098 -0.5521
vn -0.4375 0.7098 -0.5521
vn -0.4374 0.7099 -0.5521
vn -0.4622 0.6993 -0.5453
vn -0.4867 0.6888 -0.5373
vn -0.4866 0.6888 -0.5373
vn -0.4866 0.6888 -0.5374
vn -0.5107 0.6786 -0.5279
vn -0.5108 0.6786 -0.5279
vn -0.4524 0.8757 -0.1690
vn -0.4479 0.8775 -0.1716
vn -0.3157 0.9331 0.1720
vn -0.3159 0.9330 0.1724
vn -0.3035 0.9391 0.1612
vn -0.3078 0.9372 0.1639
vn -0.3005 0.9404 0.1594
vn -0.2962 0.9422 0.1568
vn -0.3134 0.9351 0.1652
vn -0.3140 0.9349 0.1656
vn -0.4655 0.8701 -0.1622
vn -0.4654 0.8700 -0.1624
vn -0.4710 0.8677 -0.1593
vn -0.4745 0.8661 -0.1570
vn -0.4553 0.8744 -0.1674
vn -0.4608 0.8720 -0.1653
vn -0.0450 0.8772 0.4781
vn -0.0449 0.8772 0.4781
vn -0.0450 0.8771 0.4781
vn -0.0451 0.8771 0.4782
vn -0.0668 0.8679 0.4923
vn -0.0668 0.8678 0.4923
vn -0.0891 0.8582 0.5055
vn -0.0890 0.8583 0.5053
vn -0.0892 0.8583 0.5054
vn -0.0893 0.8582 0.5055
vn -0.1124 0.8484 0.5173
vn -0.5343 0.6685 -0.5174
vn -0.5342 0.6685 -0.5174
vn -0.5343 0.6684 -0.5175
vn -0.5343 0.6685 -0.5173
vn -0.5574 0.6587 -0.5054
vn -0.5577 0.6585 -0.5054
vn -0.5799 0.6491 -0.4923
vn -0.5801 0.6490 -0.4922
vn -0.5800 0.6491 -0.4922
vn -0.6018 0.6397 -0.4781
vn -0.6019 0.6397 -0.4781
vn -0.4792 0.8643 -0.1529
vn -0.4792 0.8643 -0.1532
vn -0.2913 0.9444 0.1528
vn -0.2912 0.9444 0.1530
vn -0.2749 0.9506 0.1441
vn -0.2777 0.9495 0.1461
vn -0.2712 0.9531 0.1341
vn -0.2691 0.9535 0.1355
vn -0.2826 0.9480 0.1461
vn -0.2830 0.9478 0.1470
vn -0.4951 0.8565 -0.1458
vn -0.4946 0.8570 -0.1451
vn -0.4997 0.8554 -0.1363
vn -0.5001 0.8551 -0.1366
vn -0.4845 0.8617 -0.1507
vn -0.4910 0.8588 -0.1464
vn 0.0355 0.9115 0.4098
vn 0.0353 0.9115 0.4098
vn 0.0354 0.9115 0.4098
vn 0.0355 0.9115 0.4097
vn 0.0166 0.9034 0.4285
vn -0.0031 0.8950 0.4461
vn -0.0237 0.8862 0.4626
vn -0.6231 0.6307 -0.4626
vn -0.6436 0.6219 -0.4460
vn -0.6437 0.6219 -0.4460
vn -0.6633 0.6135 -0.4285
vn -0.6823 0.6054 -0.4098
vn -0.5068 0.8523 -0.1295
vn -0.5047 0.8531 -0.1324
vn -0.2641 0.9558 0.1295
vn -0.2663 0.9548 0.1323
vn -0.2505 0.9613 0.1152
vn -0.2560 0.9589 0.1223
vn -0.2455 0.9628 0.1129
vn -0.2463 0.9627 0.1118
vn -0.2552 0.9589 0.1244
vn -0.2565 0.9584 0.1256
vn -0.5187 0.8464 -0.1206
vn -0.5183 0.8466 -0.1208
vn -0.5210 0.8459 -0.1143
vn -0.5244 0.8448 -0.1066
vn -0.5124 0.8491 -0.1285
vn -0.5146 0.8485 -0.1238
vn 0.1021 0.9399 0.3259
vn 0.0869 0.9334 0.3481
vn 0.0708 0.9265 0.3696
vn 0.0537 0.9193 0.3899
vn 0.0537 0.9192 0.3901
vn 0.0537 0.9192 0.3900
vn 0.0536 0.9193 0.3899
vn -0.7004 0.5977 -0.3902
vn -0.7175 0.5904 -0.3696
vn -0.7337 0.5835 -0.3481
vn -0.7491 0.5768 -0.3258
vn -0.7490 0.5770 -0.3258
vn -0.7489 0.5770 -0.3258
vn -0.5262 0.8443 -0.1014
vn -0.5265 0.8440 -0.1024
vn -0.2434 0.9646 0.1013
vn -0.2453 0.9638 0.1046
vn -0.2318 0.9688 0.0874
vn -0.2344 0.9679 0.0905
vn -0.2338 0.9692 0.0773
vn -0.2324 0.9694 0.0788
vn -0.2395 0.9665 0.0920
vn -0.2378 0.9669 0.0927
vn -0.5377 0.8384 -0.0887
vn -0.5374 0.8387 -0.0886
vn -0.5369 0.8399 -0.0799
vn -0.5413 0.8374 -0.0761
vn -0.5325 0.8406 -0.0989
vn -0.5343 0.8400 -0.0943
vn 0.1524 0.9613 0.2295
vn 0.1525 0.9613 0.2293
vn 0.1525 0.9613 0.2294
vn 0.1415 0.9567 0.2544
vn 0.1295 0.9515 0.2789
vn 0.1295 0.9516 0.2789
vn 0.1295 0.9516 0.2788
vn 0.1164 0.9460 0.3027
vn 0.1164 0.9459 0.3027
vn -0.7631 0.5711 -0.3027
vn -0.7631 0.5710 -0.3027
vn -0.7630 0.5712 -0.3027
vn -0.7763 0.5653 -0.2789
vn -0.7763 0.5653 -0.2790
vn -0.7883 0.5602 -0.2545
vn -0.7883 0.5602 -0.2544
vn -0.7992 0.5556 -0.2293
vn -0.7992 0.5556 -0.2292
vn -0.5451 0.8353 -0.0719
vn -0.5446 0.8356 -0.0717
vn -0.2252 0.9718 0.0697
vn -0.2262 0.9713 0.0734
vn -0.2194 0.9743 0.0511
vn -0.2191 0.9740 0.0578
vn -0.2172 0.9752 0.0438
vn -0.2174 0.9751 0.0444
vn -0.2250 0.9721 0.0659
vn -0.2264 0.9719 0.0638
vn -0.5477 0.8347 -0.0570
vn -0.5469 0.8353 -0.0559
vn -0.5520 0.8324 -0.0494
vn -0.5540 0.8314 -0.0429
vn -0.5470 0.8344 -0.0668
vn -0.5474 0.8349 -0.0579
vn 0.1845 0.9750 0.1240
vn 0.1845 0.9750 0.1241
vn 0.1783 0.9723 0.1509
vn 0.1709 0.9692 0.1775
vn 0.1623 0.9655 0.2036
vn -0.8090 0.5514 -0.2036
vn -0.8176 0.5477 -0.1775
vn -0.8176 0.5477 -0.1776
vn -0.8250 0.5446 -0.1509
vn -0.8312 0.5419 -0.1240
vn -0.8313 0.5418 -0.1240
vn -0.8313 0.5419 -0.1240
vn -0.5555 0.8307 -0.0361
vn -0.5552 0.8309 -0.0362
vn -0.2202 0.9748 0.0354
vn -0.2186 0.9750 0.0394
vn -0.2134 0.9769 0.0145
vn -0.2133 0.9767 0.0217
vn -0.2107 0.9775 0.0073
vn -0.2114 0.9774 0.0067
vn -0.2138 0.9765 0.0287
vn -0.2141 0.9764 0.0280
vn -0.5583 0.8294 -0.0195
vn -0.5576 0.8299 -0.0190
vn -0.5550 0.8318 -0.0118
vn -0.5552 0.8317 -0.0069
vn -0.5548 0.8314 -0.0317
vn -0.5560 0.8309 -0.0230
vn 0.1970 0.9803 0.0139
vn 0.1957 0.9798 0.0417
vn 0.1956 0.9798 0.0417
vn 0.1958 0.9798 0.0417
vn 0.1932 0.9787 0.0692
vn 0.1895 0.9771 0.0967
vn -0.8363 0.5396 -0.0967
vn -0.8362 0.5398 -0.0967
vn -0.8363 0.5397 -0.0967
vn -0.8364 0.5395 -0.0967
vn -0.8400 0.5382 -0.0692
vn -0.8425 0.5371 -0.0416
vn -0.8437 0.5366 -0.0139
vn -0.8437 0.5367 -0.0139
vn -0.5549 0.8319 -0.0000
vn -0.2161 0.9764 -0.0037
vn -0.2153 0.9765 0.0039
vn -0.2134 0.9767 -0.0217
vn -0.2126 0.9770 -0.0147
vn -0.2139 0.9764 -0.0289
vn -0.2143 0.9763 -0.0283
vn -0.2102 0.9776 -0.0097
vn -0.2108 0.9775 -0.0109
vn -0.5583 0.8294 0.0194
vn -0.5576 0.8299 0.0190
vn -0.5561 0.8308 0.0229
vn -0.5548 0.8314 0.0317
vn -0.5552 0.8317 0.0069
vn -0.5550 0.8318 0.0118
vn 0.1895 0.9771 -0.0966
vn 0.1895 0.9771 -0.0967
vn 0.1932 0.9787 -0.0691
vn 0.1932 0.9787 -0.0692
vn 0.1957 0.9798 -0.0417
vn 0.1958 0.9798 -0.0417
vn 0.1956 0.9798 -0.0417
vn 0.1970 0.9803 -0.0139
vn -0.8437 0.5367 0.0139
vn -0.8436 0.5367 0.0139
vn -0.8437 0.5366 0.0139
vn -0.8425 0.5371 0.0416
vn -0.8400 0.5382 0.0693
vn -0.8399 0.5382 0.0694
vn -0.8400 0.5382 0.0694
vn -0.8362 0.5398 0.0967
vn -0.8362 0.5398 0.0966
vn -0.5555 0.8308 0.0361
vn -0.5551 0.8310 0.0363
vn -0.2198 0.9747 -0.0394
vn -0.2182 0.9754 -0.0323
vn -0.2194 0.9739 -0.0581
vn -0.2198 0.9742 -0.0511
vn -0.2253 0.9720 -0.0661
vn -0.2270 0.9719 -0.0624
vn -0.2170 0.9752 -0.0439
vn -0.2170 0.9751 -0.0448
vn -0.5484 0.8343 0.0574
vn -0.5477 0.8347 0.0570
vn -0.5482 0.8344 0.0579
vn -0.5470 0.8345 0.0668
vn -0.5539 0.8315 0.0425
vn -0.5517 0.8325 0.0497
vn 0.1623 0.9655 -0.2036
vn 0.1709 0.9692 -0.1775
vn 0.1783 0.9723 -0.1509
vn 0.1844 0.9750 -0.1240
vn 0.1845 0.9750 -0.1242
vn 0.1844 0.9750 -0.1241
vn 0.1845 0.9750 -0.1240
vn -0.8312 0.5419 0.1240
vn -0.8312 0.5419 0.1241
vn -0.8250 0.5446 0.1508
vn -0.8250 0.5446 0.1507
vn -0.8176 0.5478 0.1775
vn -0.8176 0.5477 0.1776
vn -0.8090 0.5514 0.2036
vn -0.8090 0.5513 0.2036
vn -0.5451 0.8353 0.0720
vn -0.5446 0.8356 0.0718
vn -0.2270 0.9711 -0.0739
vn -0.2253 0.9717 -0.0708
vn -0.2334 0.9682 -0.0899
vn -0.2321 0.9689 -0.0862
vn -0.2420 0.9656 -0.0954
vn -0.2411 0.9657 -0.0968
vn -0.2332 0.9694 -0.0766
vn -0.2323 0.9695 -0.0786
vn -0.5379 0.8383 0.0887
vn -0.5375 0.8386 0.0887
vn -0.5343 0.8400 0.0943
vn -0.5326 0.8406 0.0989
vn -0.5413 0.8374 0.0760
vn -0.5369 0.8398 0.0803
vn 0.1164 0.9460 -0.3027
vn 0.1164 0.9459 -0.3027
vn 0.1295 0.9515 -0.2789
vn 0.1415 0.9567 -0.2544
vn 0.1416 0.9567 -0.2544
vn 0.1526 0.9613 -0.2293
vn 0.1525 0.9613 -0.2293
vn -0.7992 0.5556 0.2292
vn -0.7992 0.5556 0.2293
vn -0.7993 0.5555 0.2293
vn -0.7883 0.5602 0.2544
vn -0.7762 0.5654 0.2789
vn -0.7630 0.5711 0.3027
vn -0.7630 0.5712 0.3027
vn -0.5262 0.8443 0.1014
vn -0.5265 0.8440 0.1023
vn -0.2452 0.9639 -0.1037
vn -0.2426 0.9648 -0.1009
vn -0.2551 0.9593 -0.1213
vn -0.2495 0.9616 -0.1144
vn -0.2556 0.9585 -0.1266
vn -0.2572 0.9581 -0.1264
vn -0.2467 0.9624 -0.1139
vn -0.2467 0.9625 -0.1125
vn -0.5181 0.8467 0.1213
vn -0.5175 0.8470 0.1214
vn -0.5148 0.8484 0.1236
vn -0.5117 0.8494 0.1293
vn -0.5242 0.8449 0.1064
vn -0.5209 0.8460 0.1142
vn 0.0536 0.9192 -0.3902
vn 0.0707 0.9265 -0.3696
vn 0.0869 0.9334 -0.3481
vn 0.1021 0.9399 -0.3259
vn 0.1022 0.9399 -0.3259
vn -0.7489 0.5770 0.3258
vn -0.7338 0.5834 0.3481
vn -0.7337 0.5835 0.3481
vn -0.7339 0.5833 0.3481
vn -0.7176 0.5905 0.3693
vn -0.7175 0.5904 0.3696
vn -0.7176 0.5905 0.3694
vn -0.7176 0.5904 0.3694
vn -0.7004 0.5977 0.3902
vn -0.5055 0.8529 0.1307
vn -0.5057 0.8527 0.1310
vn -0.2659 0.9550 -0.1316
vn -0.2634 0.9560 -0.1294
vn -0.2771 0.9497 -0.1460
vn -0.2747 0.9508 -0.1435
vn -0.2862 0.9469 -0.1466
vn -0.2860 0.9466 -0.1490
vn -0.2719 0.9519 -0.1412
vn -0.2719 0.9521 -0.1401
vn -0.4951 0.8565 0.1458
vn -0.4945 0.8570 0.1451
vn -0.4911 0.8587 0.1465
vn -0.4845 0.8617 0.1508
vn -0.5013 0.8546 0.1358
vn -0.4981 0.8561 0.1379
vn -0.0237 0.8862 -0.4626
vn -0.0238 0.8862 -0.4627
vn -0.0031 0.8950 -0.4461
vn -0.0031 0.8950 -0.4460
vn 0.0166 0.9034 -0.4285
vn 0.0354 0.9115 -0.4098
vn 0.0355 0.9115 -0.4098
vn -0.6823 0.6054 0.4098
vn -0.6823 0.6055 0.4098
vn -0.6633 0.6135 0.4285
vn -0.6436 0.6219 0.4461
vn -0.6231 0.6307 0.4626
vn -0.6231 0.6307 0.4625
vn -0.6231 0.6307 0.4624
vn -0.4792 0.8644 0.1524
vn -0.4789 0.8645 0.1526
vn -0.2926 0.9437 -0.1543
vn -0.2892 0.9451 -0.1523
vn -0.3085 0.9369 -0.1644
vn -0.3034 0.9392 -0.1608
vn -0.3122 0.9357 -0.1644
vn -0.3092 0.9365 -0.1656
vn -0.2985 0.9413 -0.1578
vn -0.2986 0.9412 -0.1580
vn -0.4655 0.8700 0.1625
vn -0.4656 0.8699 0.1628
vn -0.4602 0.8722 0.1656
vn -0.4559 0.8741 0.1673
vn -0.4745 0.8662 0.1569
vn -0.4710 0.8676 0.1592
vn -0.1124 0.8484 -0.5172
vn -0.1124 0.8484 -0.5173
vn -0.1123 0.8484 -0.5173
vn -0.0893 0.8582 -0.5056
vn -0.0893 0.8582 -0.5054
vn -0.0894 0.8582 -0.5055
vn -0.0895 0.8582 -0.5055
vn -0.0668 0.8678 -0.4923
vn -0.0668 0.8679 -0.4923
vn -0.0449 0.8772 -0.4781
vn -0.6018 0.6397 0.4781
vn -0.6018 0.6397 0.4782
vn -0.5799 0.6491 0.4924
vn -0.5798 0.6491 0.4924
vn -0.5575 0.6586 0.5054
vn -0.5574 0.6587 0.5054
vn -0.5342 0.6685 0.5173
vn -0.5342 0.6686 0.5173
vn -0.5343 0.6686 0.5173
vn -0.5343 0.6685 0.5174
vn -0.4501 0.8767 0.1694
vn -0.4506 0.8765 0.1696
vn -0.3241 0.9303 -0.1718
vn -0.3169 0.9331 -0.1697
vn -0.3388 0.9240 -0.1773
vn -0.3334 0.9263 -0.1754
vn -0.3448 0.9216 -0.1784
vn -0.3456 0.9213 -0.1785
vn -0.3310 0.9269 -0.1770
vn -0.3274 0.9278 -0.1788
vn -0.4347 0.8834 0.1748
vn -0.4361 0.8828 0.1747
vn -0.4287 0.8856 0.1786
vn -0.4250 0.8872 0.1797
vn -0.4476 0.8769 0.1752
vn -0.4398 0.8805 0.1770
vn -0.2093 0.8071 -0.5521
vn -0.1845 0.8176 -0.5454
vn -0.1844 0.8176 -0.5454
vn -0.1599 0.8283 -0.5370
vn -0.1601 0.8281 -0.5373
vn -0.1361 0.8383 -0.5279
vn -0.1361 0.8383 -0.5280
vn -0.5107 0.6785 0.5280
vn -0.5107 0.6786 0.5279
vn -0.5107 0.6786 0.5280
vn -0.4866 0.6888 0.5374
vn -0.4866 0.6888 0.5373
vn -0.4622 0.6993 0.5453
vn -0.4375 0.7098 0.5521
vn -0.4189 0.8898 0.1810
vn -0.4189 0.8898 0.1813
vn -0.3540 0.9174 -0.1816
vn -0.3505 0.9189 -0.1811
vn -0.3715 0.9094 -0.1871
vn -0.3652 0.9119 -0.1871
vn -0.3776 0.9066 -0.1882
vn -0.3773 0.9069 -0.1877
vn -0.3586 0.9145 -0.1870
vn -0.3600 0.9142 -0.1862
vn -0.4020 0.8972 0.1828
vn -0.4020 0.8970 0.1836
vn -0.3971 0.8986 0.1864
vn -0.3929 0.9000 0.1888
vn -0.4126 0.8928 0.1806
vn -0.4070 0.8946 0.1842
vn -0.3106 0.7639 -0.5657
vn -0.2851 0.7748 -0.5642
vn -0.2851 0.7748 -0.5643
vn -0.2597 0.7856 -0.5616
vn -0.2597 0.7856 -0.5615
vn -0.2344 0.7964 -0.5575
vn -0.4123 0.7205 0.5576
vn -0.4123 0.7205 0.5575
vn -0.4124 0.7205 0.5575
vn -0.3871 0.7313 0.5616
vn -0.3871 0.7313 0.5615
vn -0.3870 0.7313 0.5616
vn -0.3617 0.7421 0.5643
vn -0.3367 0.7529 0.5655
vn -0.3362 0.7529 0.5658
vn -0.3362 0.7531 0.5656
vn -0.3363 0.7530 0.5656
vn -0.3820 0.9051 0.1866
vn -0.3826 0.9053 0.1846
vn -0.3871 0.9036 -0.1834
vn -0.3819 0.9054 -0.1853
vn -0.4045 0.8959 -0.1836
vn -0.4002 0.8979 -0.1834
vn -0.4098 0.8939 -0.1816
vn -0.4096 0.8939 -0.1821
vn -0.3927 0.9012 -0.1832
vn -0.3918 0.9016 -0.1835
vn -0.3696 0.9110 0.1829
vn -0.3695 0.9110 0.1834
vn -0.3623 0.9140 0.1824
vn -0.3580 0.9158 0.1822
vn -0.3766 0.9069 0.1889
vn -0.3735 0.9088 0.1860
vn -0.4123 0.7205 -0.5575
vn -0.4124 0.7205 -0.5575
vn -0.4123 0.7206 -0.5575
vn -0.3870 0.7313 -0.5616
vn -0.3616 0.7422 -0.5643
vn -0.3615 0.7422 -0.5643
vn -0.3106 0.7638 0.5658
vn -0.3107 0.7638 0.5658
vn -0.2850 0.7750 0.5640
vn -0.2850 0.7748 0.5643
vn -0.2597 0.7856 0.5615
vn -0.3482 0.9192 0.1839
vn -0.3509 0.9178 0.1859
vn -0.4227 0.8877 -0.1825
vn -0.4147 0.8911 -0.1845
vn -0.4368 0.8816 -0.1791
vn -0.4334 0.8830 -0.1802
vn -0.4443 0.8780 -0.1779
vn -0.4445 0.8782 -0.1766
vn -0.4294 0.8854 -0.1781
vn -0.4276 0.8862 -0.1783
vn -0.3350 0.9247 0.1809
vn -0.3345 0.9249 0.1807
vn -0.3286 0.9277 0.1774
vn -0.3251 0.9292 0.1758
vn -0.3468 0.9202 0.1813
vn -0.3459 0.9208 0.1801
vn -0.4865 0.6889 -0.5374
vn -0.4866 0.6889 -0.5373
vn -0.4622 0.6993 -0.5454
vn -0.4622 0.6992 -0.5454
vn -0.4374 0.7098 -0.5522
vn -0.2093 0.8071 0.5520
vn -0.1844 0.8177 0.5453
vn -0.1600 0.8281 0.5372
vn -0.1362 0.8383 0.5279
vn -0.3182 0.9318 0.1745
vn -0.3164 0.9324 0.1745
vn -0.4516 0.8758 -0.1701
vn -0.4487 0.8770 -0.1720
vn -0.4679 0.8683 -0.1648
vn -0.4648 0.8697 -0.1661
vn -0.4700 0.8679 -0.1609
vn -0.4730 0.8671 -0.1562
vn -0.4599 0.8716 -0.1698
vn -0.4596 0.8719 -0.1692
vn -0.3036 0.9382 0.1661
vn -0.3040 0.9381 0.1659
vn -0.3010 0.9403 0.1586
vn -0.2955 0.9423 0.1572
vn -0.3133 0.9343 0.1704
vn -0.3100 0.9356 0.1687
vn -0.0893 0.8582 0.5054
vn -0.0893 0.8583 0.5054
vn -0.0894 0.8582 0.5054
vn -0.0668 0.8678 0.4924
vn -0.0449 0.8772 0.4780
vn -0.0448 0.8772 0.4781
vn -0.2929 0.9439 0.1528
vn -0.2922 0.9440 0.1535
vn -0.4822 0.8629 -0.1514
vn -0.4777 0.8647 -0.1550
vn -0.4954 0.8572 -0.1411
vn -0.4905 0.8594 -0.1442
vn -0.4998 0.8555 -0.1353
vn -0.5005 0.8552 -0.1348
vn -0.4888 0.8592 -0.1514
vn -0.4882 0.8596 -0.1507
vn -0.2779 0.9503 0.1403
vn -0.2786 0.9498 0.1420
vn -0.2732 0.9517 0.1399
vn -0.2711 0.9531 0.1344
vn -0.2833 0.9470 0.1517
vn -0.2809 0.9481 0.1489
vn -0.6634 0.6134 -0.4285
vn -0.6435 0.6219 -0.4462
vn -0.6436 0.6219 -0.4461
vn -0.6435 0.6220 -0.4461
vn -0.0237 0.8862 0.4627
vn -0.0031 0.8950 0.4460
vn -0.0033 0.8950 0.4460
vn -0.0030 0.8950 0.4461
vn -0.0030 0.8950 0.4460
vn -0.2658 0.9551 0.1306
vn -0.2655 0.9552 0.1307
vn -0.5067 0.8525 -0.1287
vn -0.5040 0.8535 -0.1324
vn -0.5198 0.8461 -0.1179
vn -0.5172 0.8473 -0.1206
vn -0.5216 0.8463 -0.1086
vn -0.5222 0.8458 -0.1091
vn -0.5134 0.8486 -0.1281
vn -0.5150 0.8479 -0.1259
vn -0.2557 0.9598 0.1158
vn -0.2493 0.9610 0.1201
vn -0.2505 0.9617 0.1109
vn -0.2473 0.9629 0.1079
vn -0.2610 0.9571 0.1256
vn -0.2581 0.9584 0.1220
vn -0.7338 0.5834 -0.3481
vn -0.7003 0.5977 -0.3902
vn 0.0536 0.9192 0.3901
vn 0.0703 0.9264 0.3699
vn 0.0707 0.9265 0.3696
vn 0.0707 0.9265 0.3697
vn 0.1022 0.9399 0.3259
vn 0.1022 0.9398 0.3259
vn -0.2461 0.9639 0.1021
vn -0.2469 0.9635 0.1039
vn -0.5271 0.8438 -0.1010
vn -0.5258 0.8441 -0.1048
vn -0.5379 0.8387 -0.0846
vn -0.5386 0.8380 -0.0873
vn -0.5431 0.8357 -0.0814
vn -0.5425 0.8362 -0.0802
vn -0.5350 0.8393 -0.0967
vn -0.5341 0.8399 -0.0964
vn -0.2356 0.9681 0.0848
vn -0.2355 0.9681 0.0858
vn -0.2303 0.9696 0.0823
vn -0.2283 0.9704 0.0790
vn -0.2411 0.9656 0.0977
vn -0.2396 0.9664 0.0928
vn 0.1163 0.9460 0.3027
vn 0.1416 0.9567 0.2544
vn 0.1524 0.9613 0.2294
vn -0.2290 0.9710 0.0685
vn -0.2286 0.9711 0.0694
vn -0.5426 0.8371 -0.0694
vn -0.5416 0.8375 -0.0734
vn -0.5487 0.8344 -0.0517
vn -0.5476 0.8349 -0.0553
vn -0.5498 0.8341 -0.0443
vn -0.5497 0.8342 -0.0443
vn -0.5451 0.8360 -0.0621
vn -0.5451 0.8360 -0.0622
vn -0.2245 0.9729 0.0551
vn -0.2229 0.9732 0.0573
vn -0.2213 0.9741 0.0470
vn -0.2204 0.9745 0.0427
vn -0.2271 0.9717 0.0645
vn -0.2243 0.9727 0.0590
vn 0.1621 0.9655 0.2035
vn 0.1622 0.9655 0.2036
vn 0.1708 0.9692 0.1775
vn 0.1782 0.9724 0.1509
vn 0.1781 0.9724 0.1509
vn -0.2213 0.9746 0.0348
vn -0.2192 0.9749 0.0394
vn -0.5524 0.8329 -0.0333
vn -0.5514 0.8334 -0.0384
vn -0.5577 0.8299 -0.0163
vn -0.5570 0.8302 -0.0212
vn -0.5586 0.8294 -0.0089
vn -0.5549 0.8315 -0.0273
vn -0.5550 0.8315 -0.0232
vn -0.2132 0.9768 0.0206
vn -0.2136 0.9767 0.0207
vn -0.2153 0.9765 0.0131
vn -0.2161 0.9763 0.0055
vn -0.2145 0.9763 0.0299
vn -0.2140 0.9765 0.0252
vn -0.8436 0.5368 -0.0140
vn -0.8400 0.5381 -0.0692
vn -0.8362 0.5398 -0.0966
vn -0.8362 0.5398 -0.0968
vn 0.1894 0.9771 0.0967
vn -0.2175 0.9761 -0.0000
vn -0.2174 0.9761 -0.0000
vn -0.5582 0.8297 0.0028
vn -0.5582 0.8297 -0.0029
vn -0.5572 0.8301 0.0210
vn -0.5574 0.8301 0.0158
vn -0.5536 0.8322 0.0311
vn -0.5539 0.8320 0.0306
vn -0.5586 0.8294 0.0090
vn -0.5586 0.8294 0.0091
vn -0.2132 0.9768 -0.0207
vn -0.2137 0.9767 -0.0208
vn -0.2140 0.9765 -0.0252
vn -0.2144 0.9763 -0.0298
vn -0.2161 0.9764 -0.0054
vn -0.2153 0.9765 -0.0131
vn -0.8362 0.5399 0.0966
vn -0.8362 0.5399 0.0967
vn -0.8362 0.5398 0.0968
vn -0.8400 0.5381 0.0693
vn -0.8401 0.5381 0.0692
vn -0.8400 0.5382 0.0692
vn -0.8425 0.5371 0.0415
vn -0.8437 0.5367 0.0140
vn 0.1957 0.9798 -0.0416
vn 0.1932 0.9787 -0.0693
vn 0.1895 0.9771 -0.0968
vn -0.2211 0.9746 -0.0346
vn -0.2199 0.9747 -0.0390
vn -0.5512 0.8335 0.0378
vn -0.5525 0.8329 0.0332
vn -0.5476 0.8349 0.0555
vn -0.5486 0.8345 0.0518
vn -0.5452 0.8360 0.0620
vn -0.5499 0.8341 0.0442
vn -0.5499 0.8340 0.0440
vn -0.2244 0.9729 -0.0550
vn -0.2237 0.9730 -0.0567
vn -0.2243 0.9727 -0.0591
vn -0.2270 0.9718 -0.0644
vn -0.2204 0.9745 -0.0427
vn -0.2213 0.9741 -0.0471
vn -0.8176 0.5477 0.1775
vn -0.8250 0.5446 0.1509
vn 0.1709 0.9692 -0.1774
vn 0.1621 0.9655 -0.2036
vn 0.1622 0.9655 -0.2036
vn 0.1623 0.9655 -0.2038
vn -0.2287 0.9711 -0.0684
vn -0.2285 0.9711 -0.0694
vn -0.5414 0.8375 0.0735
vn -0.5429 0.8370 0.0685
vn -0.5339 0.8405 0.0922
vn -0.5378 0.8389 0.0839
vn -0.5343 0.8396 0.0976
vn -0.5335 0.8402 0.0970
vn -0.5420 0.8363 0.0827
vn -0.5420 0.8364 0.0815
vn -0.2354 0.9682 -0.0844
vn -0.2355 0.9681 -0.0853
vn -0.2397 0.9664 -0.0929
vn -0.2410 0.9656 -0.0978
vn -0.2282 0.9704 -0.0789
vn -0.2303 0.9696 -0.0823
vn -0.7631 0.5709 0.3027
vn -0.7631 0.5710 0.3027
vn -0.7763 0.5653 0.2788
vn -0.7763 0.5653 0.2789
vn -0.7762 0.5655 0.2787
vn 0.1415 0.9567 -0.2545
vn 0.1415 0.9567 -0.2543
vn 0.1294 0.9516 -0.2789
vn 0.1295 0.9516 -0.2789
vn 0.1164 0.9460 -0.3026
vn -0.2461 0.9639 -0.1020
vn -0.2469 0.9635 -0.1039
vn -0.5256 0.8443 0.1041
vn -0.5276 0.8435 0.1005
vn -0.5179 0.8470 0.1202
vn -0.5199 0.8462 0.1171
vn -0.5109 0.8501 0.1281
vn -0.5107 0.8503 0.1272
vn -0.5207 0.8468 0.1091
vn -0.5209 0.8465 0.1103
vn -0.2551 0.9601 -0.1144
vn -0.2501 0.9608 -0.1200
vn -0.2577 0.9585 -0.1217
vn -0.2612 0.9571 -0.1256
vn -0.2472 0.9629 -0.1079
vn -0.2505 0.9618 -0.1108
vn -0.7004 0.5977 0.3901
vn -0.7004 0.5978 0.3900
vn 0.1020 0.9399 -0.3258
vn 0.1022 0.9399 -0.3258
vn 0.0869 0.9334 -0.3482
vn 0.0708 0.9265 -0.3696
vn 0.0536 0.9192 -0.3901
vn -0.2658 0.9551 -0.1306
vn -0.2655 0.9552 -0.1307
vn -0.5042 0.8535 0.1317
vn -0.5072 0.8522 0.1287
vn -0.4911 0.8590 0.1446
vn -0.4941 0.8578 0.1414
vn -0.4888 0.8591 0.1517
vn -0.4882 0.8596 0.1508
vn -0.4995 0.8556 0.1358
vn -0.4994 0.8557 0.1355
vn -0.2779 0.9503 -0.1403
vn -0.2786 0.9499 -0.1420
vn -0.2808 0.9481 -0.1490
vn -0.2833 0.9470 -0.1518
vn -0.2710 0.9531 -0.1344
vn -0.2732 0.9517 -0.1399
vn -0.6822 0.6054 0.4099
vn -0.6821 0.6055 0.4100
vn 0.0165 0.9034 -0.4285
vn 0.0164 0.9034 -0.4285
vn -0.0237 0.8863 -0.4626
vn -0.2925 0.9439 -0.1532
vn -0.2918 0.9441 -0.1537
vn -0.4788 0.8644 0.1534
vn -0.4826 0.8625 0.1522
vn -0.4650 0.8695 0.1664
vn -0.4683 0.8681 0.1648
vn -0.4595 0.8716 0.1706
vn -0.4588 0.8721 0.1702
vn -0.4713 0.8669 0.1623
vn -0.4712 0.8671 0.1615
vn -0.3037 0.9382 -0.1658
vn -0.3041 0.9381 -0.1656
vn -0.3101 0.9356 -0.1686
vn -0.3132 0.9343 -0.1702
vn -0.2956 0.9423 -0.1572
vn -0.3014 0.9402 -0.1590
vn -0.5343 0.6685 0.5173
vn -0.5800 0.6491 0.4923
vn -0.5799 0.6492 0.4922
vn -0.5799 0.6491 0.4923
vn -0.0449 0.8772 -0.4780
vn -0.0668 0.8678 -0.4924
vn -0.0668 0.8679 -0.4922
vn -0.0891 0.8583 -0.5054
vn -0.0893 0.8583 -0.5054
vn -0.1124 0.8483 -0.5174
vn -0.3184 0.9317 -0.1746
vn -0.3209 0.9306 -0.1759
vn -0.4492 0.8769 0.1711
vn -0.4526 0.8753 0.1700
vn -0.4340 0.8827 0.1802
vn -0.4372 0.8814 0.1786
vn -0.4302 0.8842 0.1821
vn -0.4265 0.8869 0.1772
vn -0.4430 0.8787 0.1782
vn -0.4425 0.8790 0.1774
vn -0.3351 0.9246 -0.1812
vn -0.3345 0.9249 -0.1807
vn -0.3447 0.9216 -0.1787
vn -0.3467 0.9204 -0.1809
vn -0.3248 0.9294 -0.1755
vn -0.3283 0.9277 -0.1777
vn -0.4374 0.7098 0.5521
vn -0.4374 0.7098 0.5522
vn -0.4867 0.6888 0.5373
vn -0.1601 0.8281 -0.5372
vn -0.1845 0.8177 -0.5453
vn -0.2093 0.8071 -0.5520
vn -0.3494 0.9185 -0.1850
vn -0.3509 0.9180 -0.1850
vn -0.4152 0.8910 0.1838
vn -0.4222 0.8875 0.1848
vn -0.3998 0.8980 0.1837
vn -0.4042 0.8962 0.1831
vn -0.3924 0.9013 0.1835
vn -0.3918 0.9016 0.1836
vn -0.4102 0.8938 0.1815
vn -0.4106 0.8935 0.1817
vn -0.3705 0.9106 -0.1831
vn -0.3704 0.9106 -0.1834
vn -0.3736 0.9087 -0.1862
vn -0.3747 0.9079 -0.1881
vn -0.3578 0.9158 -0.1823
vn -0.3622 0.9141 -0.1823
vn -0.3362 0.7530 0.5657
vn -0.3362 0.7529 0.5657
vn -0.3870 0.7313 0.5617
vn -0.2344 0.7963 -0.5576
vn -0.2344 0.7964 -0.5576
vn 0.9362 0.2326 -0.2635
vn 0.9233 0.2271 -0.3099
vn 0.9232 0.2271 -0.3099
vn 0.9233 0.2269 -0.3098
vn 0.9231 0.2272 -0.3101
vn 0.8160 0.5145 -0.2636
vn 0.8160 0.5144 -0.2636
vn 0.8030 0.5091 -0.3098
vn 0.8031 0.5090 -0.3099
vn 0.8029 0.5091 -0.3100
vn 0.9746 -0.1165 -0.1911
vn 0.9746 -0.1166 -0.1910
vn 0.9746 -0.1166 -0.1911
vn 0.9651 -0.1207 -0.2326
vn 0.9536 -0.1255 -0.2735
vn 0.9536 -0.1255 -0.2736
vn 0.9404 -0.1312 -0.3138
vn 0.9082 0.2207 -0.3556
vn 0.7880 0.5026 -0.3556
vn 0.7880 0.5026 -0.3555
vn 0.5564 0.7694 -0.3138
vn 0.5564 0.7694 -0.3137
vn 0.5697 0.7750 -0.2735
vn 0.5811 0.7799 -0.2326
vn 0.5906 0.7840 -0.1911
vn 0.5906 0.7840 -0.1908
vn 0.5906 0.7840 -0.1910
vn 0.8268 0.5191 -0.2166
vn 0.8268 0.5192 -0.2166
vn 0.9470 0.2372 -0.2166
vn -0.0068 -0.1695 0.9855
vn -0.0512 -0.1884 0.9808
vn -0.1270 0.1125 0.9855
vn -0.1270 0.1124 0.9855
vn -0.1713 0.0935 0.9808
vn 0.1723 -0.4587 0.8717
vn 0.1330 -0.4755 0.8696
vn 0.0938 -0.4921 0.8655
vn 0.0549 -0.5087 0.8592
vn 0.0550 -0.5089 0.8591
vn 0.0549 -0.5088 0.8591
vn -0.0953 -0.2072 0.9736
vn -0.2155 0.0747 0.9736
vn -0.3291 0.3918 0.8592
vn -0.3292 0.3918 0.8592
vn -0.2902 0.4084 0.8654
vn -0.2510 0.4251 0.8697
vn -0.2510 0.4251 0.8696
vn -0.2118 0.4420 0.8717
vn -0.2117 0.4419 0.8717
vn -0.2122 0.4421 0.8715
vn -0.0824 0.1314 0.9879
vn 0.0377 -0.1505 0.9879
vn 0.8720 0.2053 0.4444
vn 0.8720 0.2053 0.4443
vn 0.8720 0.2053 0.4445
vn 0.8510 0.1963 0.4871
vn 0.7518 0.4872 0.4443
vn 0.7518 0.4871 0.4443
vn 0.7308 0.4782 0.4871
vn 0.7309 0.4781 0.4871
vn 0.9253 -0.1376 0.3534
vn 0.9253 -0.1375 0.3534
vn 0.9085 -0.1448 0.3921
vn 0.8899 -0.1527 0.4298
vn 0.8697 -0.1614 0.4665
vn 0.8697 -0.1613 0.4665
vn 0.8281 0.1865 0.5286
vn 0.7079 0.4685 0.5286
vn 0.7079 0.4684 0.5286
vn 0.7080 0.4685 0.5285
vn 0.4857 0.7393 0.4665
vn 0.4856 0.7393 0.4665
vn 0.5059 0.7479 0.4298
vn 0.5245 0.7558 0.3920
vn 0.5245 0.7558 0.3921
vn 0.5413 0.7630 0.3533
vn 0.5412 0.7631 0.3533
vn 0.5412 0.7631 0.3532
vn 0.7709 0.4953 0.4005
vn 0.8911 0.2134 0.4004
vn 0.8911 0.2134 0.4005
vn 0.8720 0.2053 -0.4443
vn 0.8721 0.2052 -0.4443
vn 0.8721 0.2050 -0.4443
vn 0.8721 0.2051 -0.4443
vn 0.8510 0.1963 -0.4871
vn 0.7518 0.4872 -0.4443
vn 0.7519 0.4871 -0.4443
vn 0.7308 0.4782 -0.4871
vn 0.9253 -0.1377 -0.3534
vn 0.9085 -0.1448 -0.3921
vn 0.8899 -0.1528 -0.4298
vn 0.8899 -0.1527 -0.4298
vn 0.8697 -0.1614 -0.4665
vn 0.8281 0.1865 -0.5286
vn 0.7079 0.4684 -0.5286
vn 0.4857 0.7392 -0.4666
vn 0.4857 0.7392 -0.4665
vn 0.5059 0.7479 -0.4298
vn 0.5245 0.7558 -0.3921
vn 0.5413 0.7629 -0.3534
vn 0.7709 0.4953 -0.4005
vn 0.8911 0.2134 -0.4005
vn -0.0068 -0.1695 -0.9855
vn -0.0512 -0.1884 -0.9808
vn -0.1270 0.1124 -0.9855
vn -0.1270 0.1123 -0.9855
vn -0.1713 0.0934 -0.9808
vn -0.1714 0.0933 -0.9808
vn -0.1713 0.0935 -0.9808
vn 0.1723 -0.4587 -0.8717
vn 0.1330 -0.4755 -0.8696
vn 0.1330 -0.4756 -0.8696
vn 0.0938 -0.4922 -0.8654
vn 0.0937 -0.4921 -0.8655
vn 0.0938 -0.4921 -0.8655
vn 0.0938 -0.4921 -0.8654
vn 0.0550 -0.5088 -0.8591
vn 0.0549 -0.5088 -0.8591
vn 0.0549 -0.5086 -0.8592
vn -0.0953 -0.2072 -0.9736
vn -0.2155 0.0747 -0.9736
vn -0.3291 0.3918 -0.8592
vn -0.2902 0.4084 -0.8654
vn -0.2510 0.4251 -0.8696
vn -0.2117 0.4420 -0.8717
vn -0.2117 0.4419 -0.8717
vn -0.2116 0.4420 -0.8717
vn -0.2115 0.4421 -0.8717
vn -0.0824 0.1314 -0.9879
vn 0.0377 -0.1505 -0.9879
vn 0.0377 -0.1507 -0.9879
vn 0.9362 0.2326 0.2636
vn 0.9232 0.2271 0.3099
vn 0.8160 0.5144 0.2636
vn 0.8160 0.5144 0.2637
vn 0.8160 0.5145 0.2636
vn 0.8030 0.5090 0.3100
vn 0.8030 0.5090 0.3101
vn 0.9746 -0.1166 0.1911
vn 0.9746 -0.1165 0.1912
vn 0.9651 -0.1207 0.2326
vn 0.9536 -0.1256 0.2735
vn 0.9404 -0.1312 0.3138
vn 0.9082 0.2207 0.3556
vn 0.7881 0.5025 0.3556
vn 0.7880 0.5026 0.3556
vn 0.7879 0.5025 0.3560
vn 0.5564 0.7694 0.3138
vn 0.5563 0.7694 0.3138
vn 0.5697 0.7750 0.2735
vn 0.5811 0.7798 0.2326
vn 0.5811 0.7799 0.2326
vn 0.5906 0.7840 0.1911
vn 0.8268 0.5191 0.2166
vn 0.9470 0.2372 0.2166
vn 0.9470 0.2372 0.2165
vn 0.7767 0.1646 -0.6080
vn 0.7484 0.1526 -0.6454
vn 0.6565 0.4465 -0.6080
vn 0.6283 0.4344 -0.6454
vn 0.6282 0.4345 -0.6454
vn 0.8478 -0.1707 -0.5021
vn 0.8478 -0.1706 -0.5021
vn 0.8243 -0.1807 -0.5365
vn 0.7994 -0.1913 -0.5695
vn 0.7730 -0.2026 -0.6012
vn 0.7729 -0.2026 -0.6013
vn 0.7184 0.1398 -0.6814
vn 0.7184 0.1398 -0.6815
vn 0.7185 0.1398 -0.6814
vn 0.5983 0.4217 -0.6814
vn 0.3888 0.6980 -0.6013
vn 0.3889 0.6980 -0.6013
vn 0.3888 0.6980 -0.6014
vn 0.4154 0.7093 -0.5694
vn 0.4154 0.7094 -0.5694
vn 0.4154 0.7093 -0.5695
vn 0.4403 0.7199 -0.5365
vn 0.4638 0.7299 -0.5022
vn 0.4638 0.7300 -0.5021
vn 0.4637 0.7300 -0.5021
vn 0.6831 0.4578 -0.5690
vn 0.8033 0.1759 -0.5690
vn 0.8033 0.1758 -0.5690
vn -0.1824 -0.2443 -0.9524
vn -0.2250 -0.2625 -0.9383
vn -0.3026 0.0376 -0.9524
vn -0.3453 0.0194 -0.9383
vn -0.3455 0.0194 -0.9382
vn -0.3452 0.0194 -0.9383
vn 0.0162 -0.5252 -0.8508
vn -0.0220 -0.5415 -0.8404
vn -0.0219 -0.5415 -0.8404
vn -0.0597 -0.5577 -0.8279
vn -0.0598 -0.5578 -0.8278
vn -0.0597 -0.5578 -0.8278
vn -0.0967 -0.5734 -0.8136
vn -0.0966 -0.5733 -0.8136
vn -0.0967 -0.5733 -0.8136
vn -0.2670 -0.2804 -0.9220
vn -0.2669 -0.2803 -0.9220
vn -0.3872 0.0015 -0.9220
vn -0.4806 0.3272 -0.8136
vn -0.4807 0.3272 -0.8136
vn -0.4436 0.3429 -0.8280
vn -0.4436 0.3430 -0.8280
vn -0.4060 0.3591 -0.8404
vn -0.3678 0.3754 -0.8508
vn -0.2593 0.0560 -0.9642
vn -0.1391 -0.2259 -0.9642
vn 0.9667 0.2456 0.0726
vn 0.9667 0.2456 0.0727
vn 0.9666 0.2456 0.0726
vn 0.9623 0.2436 0.1209
vn 0.9623 0.2437 0.1209
vn 0.8465 0.5274 0.0727
vn 0.8465 0.5275 0.0727
vn 0.8464 0.5275 0.0727
vn 0.8421 0.5256 0.1209
vn 0.9939 -0.1084 0.0214
vn 0.9919 -0.1093 0.0642
vn 0.9919 -0.1092 0.0642
vn 0.9881 -0.1108 0.1068
vn 0.9881 -0.1109 0.1067
vn 0.9823 -0.1133 0.1490
vn 0.9557 0.2409 0.1689
vn 0.8357 0.5226 0.1688
vn 0.8357 0.5226 0.1689
vn 0.8359 0.5223 0.1689
vn 0.8357 0.5227 0.1686
vn 0.5983 0.7873 0.1490
vn 0.6041 0.7897 0.1067
vn 0.6080 0.7914 0.0641
vn 0.6079 0.7914 0.0642
vn 0.6080 0.7914 0.0642
vn 0.6099 0.7922 0.0214
vn 0.8486 0.5284 0.0243
vn 0.9688 0.2465 0.0243
vn 0.6538 0.1121 -0.7483
vn 0.6537 0.1121 -0.7484
vn 0.6538 0.1122 -0.7483
vn 0.6194 0.0975 -0.7790
vn 0.5336 0.3940 -0.7483
vn 0.5336 0.3941 -0.7483
vn 0.5336 0.3940 -0.7484
vn 0.4992 0.3794 -0.7790
vn 0.7451 -0.2145 -0.6315
vn 0.7451 -0.2145 -0.6316
vn 0.7159 -0.2269 -0.6603
vn 0.7159 -0.2268 -0.6604
vn 0.7159 -0.2268 -0.6603
vn 0.6855 -0.2399 -0.6874
vn 0.6855 -0.2397 -0.6875
vn 0.6855 -0.2398 -0.6874
vn 0.6539 -0.2534 -0.7129
vn 0.5835 0.0822 -0.8079
vn 0.5836 0.0822 -0.8079
vn 0.4634 0.3642 -0.8078
vn 0.4634 0.3641 -0.8079
vn 0.2699 0.6472 -0.7129
vn 0.3015 0.6607 -0.6875
vn 0.3015 0.6607 -0.6874
vn 0.3319 0.6737 -0.6603
vn 0.3610 0.6861 -0.6316
vn 0.3611 0.6861 -0.6316
vn 0.5667 0.4082 -0.7157
vn 0.6869 0.1263 -0.7157
vn -0.3486 -0.3152 -0.8827
vn -0.3879 -0.3320 -0.8598
vn -0.4688 -0.0333 -0.8827
vn -0.4687 -0.0334 -0.8827
vn -0.5080 -0.0502 -0.8599
vn -0.5081 -0.0501 -0.8598
vn -0.1331 -0.5889 -0.7972
vn -0.1329 -0.5888 -0.7973
vn -0.1687 -0.6040 -0.7789
vn -0.1687 -0.6041 -0.7789
vn -0.2037 -0.6187 -0.7587
vn -0.2035 -0.6189 -0.7587
vn -0.2034 -0.6189 -0.7587
vn -0.2371 -0.6333 -0.7367
vn -0.4262 -0.3483 -0.8349
vn -0.5464 -0.0665 -0.8349
vn -0.5464 -0.0664 -0.8349
vn -0.6211 0.2673 -0.7367
vn -0.6211 0.2673 -0.7368
vn -0.5873 0.2817 -0.7587
vn -0.5872 0.2818 -0.7588
vn -0.5527 0.2965 -0.7789
vn -0.5527 0.2965 -0.7788
vn -0.5171 0.3117 -0.7972
vn -0.4285 -0.0161 -0.9034
vn -0.3083 -0.2980 -0.9034
vn 0.9623 0.2437 -0.1209
vn 0.9667 0.2455 -0.0726
vn 0.9667 0.2455 -0.0725
vn 0.9666 0.2456 -0.0727
vn 0.8421 0.5256 -0.1209
vn 0.8464 0.5275 -0.0727
vn 0.9823 -0.1132 -0.1489
vn 0.9823 -0.1133 -0.1490
vn 0.9823 -0.1132 -0.1490
vn 0.9881 -0.1109 -0.1067
vn 0.9919 -0.1092 -0.0642
vn 0.9939 -0.1084 -0.0214
vn 0.9688 0.2465 -0.0243
vn 0.8486 0.5284 -0.0243
vn 0.8487 0.5284 -0.0243
vn 0.8487 0.5283 -0.0243
vn 0.6099 0.7922 -0.0214
vn 0.6079 0.7914 -0.0642
vn 0.6080 0.7914 -0.0642
vn 0.6041 0.7897 -0.1067
vn 0.5983 0.7873 -0.1490
vn 0.5983 0.7873 -0.1489
vn 0.8356 0.5227 -0.1688
vn 0.8356 0.5228 -0.1689
vn 0.8355 0.5229 -0.1687
vn 0.9557 0.2409 -0.1689
vn 0.5081 0.0501 -0.8598
vn 0.5081 0.0501 -0.8599
vn 0.4688 0.0332 -0.8827
vn 0.4688 0.0333 -0.8827
vn 0.3879 0.3320 -0.8598
vn 0.3880 0.3320 -0.8598
vn 0.3487 0.3152 -0.8827
vn 0.3488 0.3152 -0.8826
vn 0.3486 0.3152 -0.8827
vn 0.6212 -0.2673 -0.7367
vn 0.6211 -0.2673 -0.7367
vn 0.5877 -0.2817 -0.7585
vn 0.5874 -0.2817 -0.7586
vn 0.5874 -0.2817 -0.7587
vn 0.5873 -0.2817 -0.7587
vn 0.5528 -0.2965 -0.7788
vn 0.5527 -0.2965 -0.7789
vn 0.5171 -0.3117 -0.7972
vn 0.4285 0.0161 -0.9034
vn 0.3082 0.2981 -0.9034
vn 0.3083 0.2980 -0.9034
vn 0.1330 0.5889 -0.7972
vn 0.1330 0.5888 -0.7972
vn 0.1331 0.5889 -0.7972
vn 0.1687 0.6040 -0.7789
vn 0.1686 0.6041 -0.7789
vn 0.1687 0.6041 -0.7789
vn 0.2033 0.6189 -0.7587
vn 0.2034 0.6190 -0.7586
vn 0.2034 0.6189 -0.7587
vn 0.2371 0.6333 -0.7367
vn 0.2370 0.6333 -0.7367
vn 0.2366 0.6334 -0.7368
vn 0.4262 0.3483 -0.8349
vn 0.5464 0.0664 -0.8349
vn 0.5465 0.0664 -0.8348
vn -0.4992 -0.3794 -0.7790
vn -0.5336 -0.3941 -0.7483
vn -0.6194 -0.0976 -0.7790
vn -0.6194 -0.0974 -0.7790
vn -0.6192 -0.0971 -0.7792
vn -0.6192 -0.0974 -0.7791
vn -0.6538 -0.1122 -0.7483
vn -0.6538 -0.1123 -0.7483
vn -0.2695 -0.6473 -0.7130
vn -0.2699 -0.6472 -0.7130
vn -0.2698 -0.6472 -0.7130
vn -0.2699 -0.6472 -0.7129
vn -0.3016 -0.6607 -0.6874
vn -0.3015 -0.6607 -0.6874
vn -0.3319 -0.6737 -0.6603
vn -0.3319 -0.6736 -0.6603
vn -0.3611 -0.6861 -0.6316
vn -0.5667 -0.4082 -0.7157
vn -0.5667 -0.4083 -0.7157
vn -0.6869 -0.1263 -0.7157
vn -0.7451 0.2145 -0.6315
vn -0.7451 0.2145 -0.6316
vn -0.7452 0.2145 -0.6314
vn -0.7157 0.2270 -0.6605
vn -0.7155 0.2271 -0.6607
vn -0.7157 0.2271 -0.6605
vn -0.7159 0.2270 -0.6603
vn -0.6855 0.2399 -0.6874
vn -0.6539 0.2534 -0.7129
vn -0.5835 -0.0822 -0.8080
vn -0.5833 -0.0820 -0.8081
vn -0.5835 -0.0821 -0.8080
vn -0.5835 -0.0822 -0.8079
vn -0.4634 -0.3641 -0.8079
vn 0.9362 0.2326 -0.2636
vn 0.8030 0.5090 -0.3099
vn 0.8159 0.5146 -0.2636
vn 0.8161 0.5144 -0.2635
vn 0.9536 -0.1256 -0.2735
vn 0.9536 -0.1256 -0.2736
vn 0.9470 0.2371 -0.2166
vn 0.3452 -0.0194 -0.9383
vn 0.3451 -0.0194 -0.9384
vn 0.3026 -0.0376 -0.9524
vn 0.2250 0.2625 -0.9383
vn 0.1824 0.2443 -0.9524
vn 0.4805 -0.3271 -0.8137
vn 0.4806 -0.3272 -0.8136
vn 0.4436 -0.3430 -0.8280
vn 0.4060 -0.3591 -0.8404
vn 0.3678 -0.3753 -0.8508
vn 0.3678 -0.3754 -0.8507
vn 0.2593 -0.0560 -0.9642
vn 0.1391 0.2259 -0.9642
vn -0.0162 0.5252 -0.8509
vn -0.0162 0.5252 -0.8508
vn 0.0220 0.5415 -0.8404
vn 0.0596 0.5576 -0.8280
vn 0.0967 0.5734 -0.8136
vn 0.0967 0.5734 -0.8135
vn 0.0967 0.5733 -0.8136
vn 0.2670 0.2804 -0.9220
vn 0.2671 0.2805 -0.9220
vn 0.2670 0.2805 -0.9220
vn 0.3872 -0.0015 -0.9220
vn -0.6283 -0.4344 -0.6454
vn -0.6282 -0.4344 -0.6454
vn -0.6565 -0.4465 -0.6080
vn -0.7484 -0.1525 -0.6454
vn -0.7767 -0.1646 -0.6080
vn -0.3890 -0.6980 -0.6012
vn -0.4155 -0.7093 -0.5695
vn -0.4154 -0.7093 -0.5695
vn -0.4403 -0.7199 -0.5365
vn -0.4404 -0.7199 -0.5365
vn -0.4638 -0.7299 -0.5021
vn -0.6831 -0.4578 -0.5691
vn -0.8033 -0.1759 -0.5690
vn -0.8033 -0.1760 -0.5690
vn -0.8478 0.1707 -0.5021
vn -0.8243 0.1807 -0.5365
vn -0.8243 0.1808 -0.5365
vn -0.7994 0.1913 -0.5695
vn -0.7730 0.2026 -0.6012
vn -0.7184 -0.1398 -0.6814
vn -0.7185 -0.1398 -0.6814
vn -0.5983 -0.4217 -0.6814
vn -0.5983 -0.4216 -0.6814
vn 0.8509 0.1963 -0.4872
vn 0.7519 0.4871 -0.4442
vn 0.8697 -0.1613 -0.4665
vn 0.8697 -0.1613 -0.4664
vn 0.9254 -0.1376 -0.3533
vn 0.9253 -0.1376 -0.3534
vn 0.9253 -0.1376 -0.3533
vn 0.5413 0.7630 -0.3534
vn 0.5244 0.7558 -0.3921
vn 0.4856 0.7393 -0.4665
vn 0.7078 0.4683 -0.5288
vn 0.7080 0.4682 -0.5288
vn 0.7079 0.4683 -0.5287
vn 0.7079 0.4684 -0.5287
vn 0.8281 0.1865 -0.5287
vn 0.1713 -0.0936 -0.9808
vn 0.1713 -0.0935 -0.9808
vn 0.1270 -0.1124 -0.9855
vn 0.0511 0.1884 -0.9808
vn 0.0510 0.1884 -0.9808
vn 0.0068 0.1695 -0.9855
vn 0.3291 -0.3918 -0.8592
vn 0.3290 -0.3918 -0.8592
vn 0.2901 -0.4082 -0.8656
vn 0.2900 -0.4082 -0.8656
vn 0.2510 -0.4251 -0.8696
vn 0.2510 -0.4251 -0.8697
vn 0.2117 -0.4419 -0.8717
vn 0.0824 -0.1314 -0.9879
vn 0.0825 -0.1315 -0.9879
vn -0.0377 0.1506 -0.9879
vn -0.0377 0.1505 -0.9879
vn -0.0378 0.1505 -0.9879
vn -0.1723 0.4587 -0.8717
vn -0.1330 0.4755 -0.8696
vn -0.0938 0.4922 -0.8654
vn -0.0937 0.4922 -0.8654
vn -0.0549 0.5087 -0.8592
vn 0.0953 0.2072 -0.9736
vn 0.2155 -0.0747 -0.9736
vn -0.7306 -0.4783 -0.4872
vn -0.7307 -0.4782 -0.4871
vn -0.7308 -0.4782 -0.4871
vn -0.7518 -0.4872 -0.4443
vn -0.7518 -0.4871 -0.4443
vn -0.8511 -0.1963 -0.4870
vn -0.8511 -0.1963 -0.4869
vn -0.8510 -0.1963 -0.4870
vn -0.8720 -0.2053 -0.4443
vn -0.8721 -0.2052 -0.4443
vn -0.4857 -0.7392 -0.4665
vn -0.5059 -0.7479 -0.4298
vn -0.5245 -0.7558 -0.3921
vn -0.5413 -0.7630 -0.3534
vn -0.7709 -0.4953 -0.4005
vn -0.8911 -0.2134 -0.4005
vn -0.9253 0.1376 -0.3534
vn -0.9085 0.1448 -0.3921
vn -0.8899 0.1527 -0.4298
vn -0.8697 0.1613 -0.4665
vn -0.8281 -0.1865 -0.5286
vn -0.7079 -0.4684 -0.5286
vn 0.7485 0.1525 -0.6454
vn 0.7484 0.1525 -0.6454
vn 0.7484 0.1525 -0.6455
vn 0.7766 0.1647 -0.6081
vn 0.6282 0.4344 -0.6455
vn 0.7733 -0.2026 -0.6008
vn 0.7995 -0.1912 -0.5695
vn 0.8243 -0.1807 -0.5366
vn 0.8242 -0.1806 -0.5367
vn 0.8478 -0.1708 -0.5021
vn 0.8033 0.1760 -0.5689
vn 0.8034 0.1761 -0.5689
vn 0.4638 0.7299 -0.5021
vn 0.4153 0.7093 -0.5696
vn 0.3890 0.6981 -0.6011
vn 0.3890 0.6980 -0.6012
vn 0.3890 0.6982 -0.6010
vn 0.5982 0.4217 -0.6814
vn 0.5983 0.4217 -0.6813
vn -0.8030 -0.5090 -0.3099
vn -0.8031 -0.5090 -0.3099
vn -0.8161 -0.5143 -0.2637
vn -0.8160 -0.5145 -0.2636
vn -0.9232 -0.2271 -0.3099
vn -0.9232 -0.2272 -0.3099
vn -0.9362 -0.2326 -0.2636
vn -0.5564 -0.7694 -0.3138
vn -0.5697 -0.7750 -0.2736
vn -0.5697 -0.7750 -0.2735
vn -0.5811 -0.7799 -0.2326
vn -0.5906 -0.7840 -0.1910
vn -0.5906 -0.7840 -0.1911
vn -0.8268 -0.5191 -0.2166
vn -0.9470 -0.2372 -0.2166
vn -0.9470 -0.2372 -0.2165
vn -0.9746 0.1166 -0.1911
vn -0.9746 0.1167 -0.1911
vn -0.9651 0.1207 -0.2326
vn -0.9536 0.1256 -0.2735
vn -0.9404 0.1312 -0.3138
vn -0.9082 -0.2207 -0.3556
vn -0.7880 -0.5026 -0.3556
vn 0.6855 -0.2400 -0.6874
vn 0.6855 -0.2399 -0.6875
vn 0.7160 -0.2269 -0.6602
vn 0.7161 -0.2269 -0.6601
vn 0.7450 -0.2145 -0.6316
vn 0.7450 -0.2145 -0.6317
vn 0.5667 0.4081 -0.7157
vn 0.3611 0.6861 -0.6315
vn 0.3318 0.6737 -0.6603
vn 0.3016 0.6607 -0.6874
vn 0.2699 0.6472 -0.7130
vn 0.2699 0.6473 -0.7129
vn 0.5835 0.0823 -0.8079
vn 0.5835 0.0823 -0.8080
vn -0.8421 -0.5256 -0.1209
vn -0.8418 -0.5260 -0.1209
vn -0.8465 -0.5275 -0.0727
vn -0.9623 -0.2435 -0.1209
vn -0.9623 -0.2437 -0.1209
vn -0.9623 -0.2438 -0.1210
vn -0.9666 -0.2456 -0.0727
vn -0.5983 -0.7873 -0.1489
vn -0.5983 -0.7873 -0.1490
vn -0.6040 -0.7897 -0.1071
vn -0.6041 -0.7897 -0.1067
vn -0.6043 -0.7896 -0.1067
vn -0.6079 -0.7914 -0.0642
vn -0.6083 -0.7911 -0.0641
vn -0.6099 -0.7922 -0.0214
vn -0.6098 -0.7922 -0.0214
vn -0.8486 -0.5284 -0.0243
vn -0.9688 -0.2465 -0.0243
vn -0.9939 0.1084 -0.0214
vn -0.9939 0.1085 -0.0214
vn -0.9920 0.1092 -0.0641
vn -0.9920 0.1091 -0.0641
vn -0.9919 0.1092 -0.0642
vn -0.9881 0.1109 -0.1067
vn -0.9823 0.1133 -0.1490
vn -0.9823 0.1135 -0.1490
vn -0.9557 -0.2409 -0.1689
vn -0.8355 -0.5228 -0.1689
vn 0.4687 0.0331 -0.8827
vn 0.4686 0.0329 -0.8828
vn 0.5080 0.0501 -0.8599
vn 0.3485 0.3152 -0.8827
vn 0.5173 -0.3118 -0.7970
vn 0.5171 -0.3117 -0.7971
vn 0.5173 -0.3117 -0.7970
vn 0.5873 -0.2817 -0.7588
vn 0.5872 -0.2817 -0.7588
vn 0.2033 0.6188 -0.7588
vn -0.8464 -0.5275 0.0727
vn -0.8464 -0.5276 0.0727
vn -0.8465 -0.5274 0.0728
vn -0.8421 -0.5256 0.1209
vn -0.9667 -0.2456 0.0727
vn -0.9666 -0.2456 0.0727
vn -0.9623 -0.2438 0.1210
vn -0.9623 -0.2437 0.1209
vn -0.9623 -0.2436 0.1209
vn -0.6099 -0.7922 0.0214
vn -0.6098 -0.7922 0.0214
vn -0.6080 -0.7914 0.0642
vn -0.6079 -0.7914 0.0642
vn -0.6080 -0.7913 0.0642
vn -0.6041 -0.7897 0.1067
vn -0.6041 -0.7897 0.1068
vn -0.6041 -0.7897 0.1069
vn -0.5983 -0.7873 0.1490
vn -0.5983 -0.7873 0.1491
vn -0.8355 -0.5228 0.1689
vn -0.8356 -0.5228 0.1689
vn -0.9557 -0.2409 0.1689
vn -0.9823 0.1133 0.1490
vn -0.9881 0.1109 0.1067
vn -0.9919 0.1092 0.0642
vn -0.9920 0.1092 0.0641
vn -0.9939 0.1084 0.0214
vn -0.9939 0.1083 0.0214
vn -0.9689 -0.2464 0.0243
vn -0.9689 -0.2463 0.0243
vn -0.9688 -0.2465 0.0243
vn -0.8486 -0.5284 0.0243
vn 0.3022 -0.0374 -0.9525
vn 0.1825 0.2444 -0.9524
vn 0.2252 0.2625 -0.9383
vn 0.2251 0.2625 -0.9383
vn 0.3678 -0.3752 -0.8508
vn 0.3679 -0.3753 -0.8508
vn 0.4060 -0.3590 -0.8404
vn 0.4807 -0.3272 -0.8136
vn 0.3873 -0.0015 -0.9220
vn 0.0968 0.5734 -0.8135
vn 0.0966 0.5734 -0.8136
vn 0.0221 0.5415 -0.8404
vn -0.8160 -0.5145 0.2636
vn -0.8030 -0.5091 0.3099
vn -0.8030 -0.5090 0.3099
vn -0.9362 -0.2326 0.2636
vn -0.9232 -0.2271 0.3099
vn -0.5906 -0.7840 0.1911
vn -0.5811 -0.7799 0.2326
vn -0.5697 -0.7750 0.2735
vn -0.5697 -0.7750 0.2736
vn -0.5564 -0.7694 0.3138
vn -0.7880 -0.5026 0.3556
vn -0.9082 -0.2207 0.3556
vn -0.9404 0.1312 0.3137
vn -0.9405 0.1311 0.3136
vn -0.9404 0.1312 0.3138
vn -0.9536 0.1256 0.2735
vn -0.9651 0.1207 0.2326
vn -0.9746 0.1166 0.1911
vn -0.9746 0.1166 0.1912
vn -0.9470 -0.2372 0.2166
vn -0.8268 -0.5191 0.2166
vn 0.1268 -0.1124 -0.9855
vn 0.2114 -0.4419 -0.8718
vn 0.2116 -0.4418 -0.8718
vn 0.2117 -0.4420 -0.8717
vn 0.2902 -0.4084 -0.8654
vn 0.3292 -0.3914 -0.8593
vn -0.0549 0.5088 -0.8591
vn -0.0549 0.5088 -0.8592
vn -0.0938 0.4921 -0.8655
vn -0.1331 0.4754 -0.8696
vn -0.1724 0.4587 -0.8717
vn -0.1724 0.4588 -0.8717
vn -0.0377 0.1504 -0.9879
vn -0.7519 -0.4872 0.4443
vn -0.7518 -0.4871 0.4443
vn -0.7518 -0.4872 0.4443
vn -0.7308 -0.4782 0.4871
vn -0.7308 -0.4781 0.4871
vn -0.7308 -0.4783 0.4871
vn -0.8721 -0.2052 0.4443
vn -0.8720 -0.2053 0.4443
vn -0.8720 -0.2052 0.4444
vn -0.8721 -0.2051 0.4443
vn -0.8510 -0.1962 0.4871
vn -0.8510 -0.1963 0.4871
vn -0.5413 -0.7630 0.3534
vn -0.5245 -0.7558 0.3921
vn -0.5244 -0.7558 0.3921
vn -0.5059 -0.7479 0.4298
vn -0.4857 -0.7392 0.4665
vn -0.4857 -0.7393 0.4665
vn -0.7079 -0.4684 0.5286
vn -0.7080 -0.4684 0.5286
vn -0.8281 -0.1865 0.5286
vn -0.8281 -0.1864 0.5287
vn -0.8697 0.1613 0.4665
vn -0.8697 0.1614 0.4665
vn -0.8899 0.1527 0.4298
vn -0.8899 0.1524 0.4299
vn -0.8899 0.1525 0.4298
vn -0.9085 0.1448 0.3921
vn -0.9253 0.1376 0.3534
vn -0.8911 -0.2134 0.4005
vn -0.7709 -0.4953 0.4005
vn -0.0511 -0.1884 -0.9808
vn -0.1712 0.0935 -0.9808
vn -0.1269 0.1124 -0.9855
vn 0.0550 -0.5088 -0.8592
vn 0.0549 -0.5087 -0.8592
vn 0.1330 -0.4754 -0.8696
vn 0.1723 -0.4589 -0.8716
vn -0.2118 0.4419 -0.8717
vn -0.2510 0.4250 -0.8697
vn -0.2509 0.4249 -0.8698
vn -0.2509 0.4250 -0.8697
vn -0.2902 0.4085 -0.8654
vn -0.3292 0.3917 -0.8592
vn -0.3291 0.3917 -0.8592
vn -0.6565 -0.4465 0.6080
vn -0.6282 -0.4345 0.6454
vn -0.7767 -0.1646 0.6080
vn -0.7485 -0.1525 0.6454
vn -0.7484 -0.1525 0.6454
vn -0.4638 -0.7299 0.5021
vn -0.4404 -0.7199 0.5364
vn -0.4404 -0.7199 0.5365
vn -0.4154 -0.7093 0.5695
vn -0.4155 -0.7093 0.5695
vn -0.3890 -0.6980 0.6012
vn -0.3890 -0.6980 0.6013
vn -0.3890 -0.6981 0.6012
vn -0.5983 -0.4216 0.6814
vn -0.5983 -0.4217 0.6814
vn -0.5983 -0.4217 0.6813
vn -0.7185 -0.1398 0.6813
vn -0.7185 -0.1398 0.6814
vn -0.7730 0.2026 0.6012
vn -0.7995 0.1913 0.5694
vn -0.7996 0.1913 0.5693
vn -0.7994 0.1913 0.5695
vn -0.8245 0.1807 0.5363
vn -0.8243 0.1807 0.5365
vn -0.8243 0.1808 0.5365
vn -0.8477 0.1707 0.5022
vn -0.8475 0.1705 0.5026
vn -0.8478 0.1707 0.5021
vn -0.8033 -0.1759 0.5690
vn -0.6831 -0.4578 0.5691
vn -0.6831 -0.4578 0.5690
vn -0.2251 -0.2625 -0.9383
vn -0.2252 -0.2625 -0.9383
vn -0.3025 0.0376 -0.9524
vn -0.0966 -0.5734 -0.8136
vn -0.0966 -0.5734 -0.8135
vn -0.0596 -0.5576 -0.8280
vn -0.0221 -0.5415 -0.8404
vn 0.0161 -0.5252 -0.8509
vn -0.1391 -0.2260 -0.9642
vn -0.1390 -0.2265 -0.9640
vn -0.2593 0.0561 -0.9642
vn -0.2594 0.0562 -0.9641
vn -0.3678 0.3753 -0.8508
vn -0.4060 0.3591 -0.8403
vn -0.2671 -0.2804 -0.9220
vn -0.2671 -0.2805 -0.9220
vn -0.2671 -0.2805 -0.9219
vn -0.5336 -0.3941 0.7483
vn -0.4992 -0.3794 0.7790
vn -0.6538 -0.1121 0.7483
vn -0.6538 -0.1122 0.7483
vn -0.6194 -0.0975 0.7790
vn -0.3611 -0.6861 0.6316
vn -0.3319 -0.6736 0.6603
vn -0.3319 -0.6737 0.6603
vn -0.3015 -0.6607 0.6874
vn -0.3016 -0.6607 0.6874
vn -0.2699 -0.6472 0.7129
vn -0.4634 -0.3641 0.8079
vn -0.5835 -0.0822 0.8079
vn -0.6539 0.2534 0.7129
vn -0.6855 0.2399 0.6874
vn -0.6856 0.2399 0.6874
vn -0.7159 0.2269 0.6603
vn -0.7159 0.2270 0.6603
vn -0.7451 0.2143 0.6315
vn -0.7451 0.2145 0.6316
vn -0.7452 0.2145 0.6314
vn -0.7453 0.2144 0.6313
vn -0.6869 -0.1263 0.7157
vn -0.5666 -0.4082 0.7158
vn -0.5667 -0.4082 0.7157
vn -0.3881 -0.3320 -0.8597
vn -0.3880 -0.3320 -0.8598
vn -0.4686 -0.0332 -0.8828
vn -0.4684 -0.0331 -0.8829
vn -0.2371 -0.6332 -0.7367
vn -0.2371 -0.6332 -0.7368
vn -0.5171 0.3116 -0.7972
vn -0.5528 0.2965 -0.7788
vn -0.5874 0.2817 -0.7587
vn -0.5873 0.2817 -0.7588
vn -0.3879 -0.3320 0.8598
vn -0.3486 -0.3152 0.8827
vn -0.3486 -0.3151 0.8827
vn -0.5081 -0.0501 0.8598
vn -0.4687 -0.0334 0.8827
vn -0.4688 -0.0333 0.8827
vn -0.2371 -0.6332 0.7368
vn -0.2033 -0.6189 0.7587
vn -0.1687 -0.6041 0.7789
vn -0.1687 -0.6041 0.7788
vn -0.1331 -0.5889 0.7972
vn -0.1330 -0.5889 0.7972
vn -0.3083 -0.2980 0.9034
vn -0.4285 -0.0161 0.9034
vn -0.5171 0.3117 0.7972
vn -0.5527 0.2965 0.7789
vn -0.5527 0.2965 0.7788
vn -0.5873 0.2817 0.7587
vn -0.5873 0.2817 0.7588
vn -0.6212 0.2673 0.7367
vn -0.6211 0.2673 0.7367
vn -0.5464 -0.0664 0.8349
vn -0.4262 -0.3483 0.8349
vn -0.6194 -0.0975 -0.7790
vn -0.3611 -0.6860 -0.6316
vn -0.3610 -0.6862 -0.6315
vn -0.3015 -0.6608 -0.6874
vn -0.3017 -0.6606 -0.6874
vn -0.5836 -0.0822 -0.8079
vn -0.6855 0.2399 -0.6875
vn -0.6855 0.2400 -0.6874
vn -0.7159 0.2269 -0.6603
vn -0.7450 0.2145 -0.6316
vn -0.5666 -0.4083 -0.7157
vn -0.2250 -0.2624 0.9383
vn -0.2250 -0.2625 0.9383
vn -0.1824 -0.2443 0.9524
vn -0.1824 -0.2442 0.9524
vn -0.3451 0.0194 0.9383
vn -0.3452 0.0193 0.9383
vn -0.3451 0.0193 0.9384
vn -0.3451 0.0194 0.9384
vn -0.3026 0.0376 0.9524
vn -0.0966 -0.5734 0.8136
vn -0.0966 -0.5734 0.8135
vn -0.0596 -0.5576 0.8280
vn -0.0595 -0.5576 0.8280
vn -0.0220 -0.5416 0.8404
vn -0.0220 -0.5415 0.8404
vn 0.0162 -0.5252 0.8508
vn -0.1390 -0.2259 0.9642
vn -0.1390 -0.2257 0.9642
vn -0.1391 -0.2259 0.9642
vn -0.2593 0.0560 0.9642
vn -0.3678 0.3752 0.8508
vn -0.3678 0.3753 0.8508
vn -0.3678 0.3752 0.8509
vn -0.4060 0.3591 0.8404
vn -0.4436 0.3430 0.8280
vn -0.4435 0.3430 0.8280
vn -0.4806 0.3272 0.8136
vn -0.3872 0.0015 0.9220
vn -0.3872 0.0014 0.9220
vn -0.2670 -0.2804 0.9220
vn -0.6283 -0.4344 -0.6453
vn -0.7485 -0.1526 -0.6453
vn -0.7485 -0.1526 -0.6454
vn -0.4638 -0.7299 -0.5022
vn -0.7185 -0.1398 -0.6813
vn -0.7729 0.2026 -0.6013
vn -0.7995 0.1912 -0.5695
vn -0.7994 0.1912 -0.5695
vn -0.8478 0.1708 -0.5021
vn -0.8477 0.1708 -0.5022
vn -0.6831 -0.4578 -0.5690
vn 0.0938 -0.4922 0.8654
vn 0.1330 -0.4756 0.8696
vn 0.1722 -0.4588 0.8717
vn 0.1723 -0.4586 0.8718
vn -0.2118 0.4419 0.8717
vn -0.2511 0.4252 0.8696
vn -0.2510 0.4252 0.8696
vn -0.2901 0.4083 0.8655
vn -0.2901 0.4082 0.8656
vn -0.3291 0.3917 0.8592
vn -0.2154 0.0747 0.9737
vn -0.0952 -0.2072 0.9737
vn -0.7518 -0.4871 -0.4444
vn -0.7519 -0.4870 -0.4444
vn -0.7308 -0.4782 -0.4870
vn -0.8720 -0.2054 -0.4443
vn -0.8720 -0.2054 -0.4444
vn -0.8510 -0.1963 -0.4871
vn -0.8510 -0.1962 -0.4871
vn -0.5413 -0.7629 -0.3534
vn -0.5414 -0.7629 -0.3534
vn -0.7080 -0.4684 -0.5286
vn -0.9253 0.1376 -0.3533
vn -0.7709 -0.4953 -0.4004
vn 0.1270 -0.1124 0.9855
vn 0.1269 -0.1123 0.9855
vn 0.1713 -0.0936 0.9808
vn 0.1713 -0.0935 0.9808
vn 0.0068 0.1695 0.9855
vn 0.0512 0.1884 0.9808
vn 0.2118 -0.4418 0.8717
vn 0.2118 -0.4418 0.8718
vn 0.2119 -0.4418 0.8717
vn 0.2118 -0.4419 0.8717
vn 0.2510 -0.4251 0.8696
vn 0.2511 -0.4251 0.8696
vn 0.2901 -0.4083 0.8655
vn 0.2902 -0.4084 0.8654
vn 0.2902 -0.4083 0.8655
vn 0.2901 -0.4082 0.8656
vn 0.3291 -0.3918 0.8592
vn 0.3291 -0.3917 0.8592
vn 0.2156 -0.0747 0.9736
vn 0.2155 -0.0747 0.9736
vn 0.0952 0.2072 0.9736
vn 0.0949 0.2072 0.9737
vn 0.0952 0.2072 0.9737
vn 0.0953 0.2072 0.9736
vn -0.0549 0.5086 0.8592
vn -0.0549 0.5087 0.8592
vn -0.0938 0.4921 0.8655
vn -0.1330 0.4755 0.8696
vn -0.1723 0.4587 0.8717
vn -0.0377 0.1505 0.9879
vn 0.0824 -0.1314 0.9879
vn -0.8160 -0.5144 -0.2636
vn -0.8030 -0.5090 -0.3100
vn -0.8030 -0.5090 -0.3101
vn -0.9362 -0.2327 -0.2636
vn -0.9362 -0.2327 -0.2635
vn -0.9361 -0.2329 -0.2636
vn -0.7881 -0.5025 -0.3555
vn -0.9536 0.1255 -0.2735
vn 0.3026 -0.0375 0.9524
vn 0.3451 -0.0196 0.9384
vn 0.3449 -0.0197 0.9384
vn 0.3451 -0.0195 0.9384
vn 0.3452 -0.0193 0.9383
vn 0.1824 0.2444 0.9524
vn 0.1824 0.2443 0.9524
vn 0.2249 0.2624 0.9384
vn 0.2250 0.2625 0.9383
vn 0.2250 0.2624 0.9384
vn 0.2247 0.2623 0.9385
vn 0.3678 -0.3753 0.8508
vn 0.4061 -0.3590 0.8404
vn 0.4060 -0.3591 0.8404
vn 0.4436 -0.3430 0.8280
vn 0.4436 -0.3431 0.8280
vn 0.4806 -0.3272 0.8136
vn 0.3872 -0.0014 0.9220
vn 0.3872 -0.0015 0.9220
vn 0.2670 0.2804 0.9220
vn 0.0967 0.5734 0.8136
vn 0.0596 0.5576 0.8280
vn 0.0596 0.5575 0.8280
vn 0.0597 0.5576 0.8280
vn 0.0220 0.5415 0.8404
vn -0.0162 0.5252 0.8509
vn -0.0162 0.5252 0.8508
vn 0.1391 0.2259 0.9642
vn 0.1392 0.2259 0.9642
vn 0.2593 -0.0560 0.9642
vn -0.8464 -0.5275 -0.0727
vn -0.8421 -0.5255 -0.1208
vn -0.9623 -0.2436 -0.1209
vn -0.6099 -0.7922 -0.0215
vn -0.6080 -0.7914 -0.0642
vn -0.6042 -0.7897 -0.1066
vn -0.5984 -0.7872 -0.1489
vn -0.8356 -0.5228 -0.1689
vn -0.8355 -0.5229 -0.1687
vn -0.9557 -0.2410 -0.1689
vn -0.9823 0.1133 -0.1491
vn -0.9881 0.1110 -0.1067
vn -0.8487 -0.5284 -0.0243
vn -0.8486 -0.5284 -0.0242
vn 0.4688 0.0333 0.8827
vn 0.5081 0.0501 0.8598
vn 0.3486 0.3152 0.8827
vn 0.3878 0.3321 0.8598
vn 0.3879 0.3320 0.8598
vn 0.5171 -0.3117 0.7972
vn 0.5171 -0.3117 0.7971
vn 0.5527 -0.2964 0.7789
vn 0.5527 -0.2965 0.7789
vn 0.5873 -0.2817 0.7588
vn 0.5873 -0.2817 0.7587
vn 0.6211 -0.2673 0.7367
vn 0.5464 0.0665 0.8349
vn 0.5464 0.0664 0.8349
vn 0.4261 0.3482 0.8350
vn 0.4262 0.3483 0.8349
vn 0.2371 0.6333 0.7367
vn 0.2033 0.6189 0.7587
vn 0.1687 0.6041 0.7789
vn 0.1687 0.6040 0.7789
vn 0.1331 0.5889 0.7972
vn 0.3083 0.2980 0.9034
vn 0.4285 0.0161 0.9034
vn -0.8421 -0.5257 0.1209
vn -0.8465 -0.5275 0.0727
vn -0.5984 -0.7872 0.1489
vn -0.5983 -0.7873 0.1489
vn -0.5983 -0.7874 0.1488
vn -0.6041 -0.7897 0.1066
vn -0.8487 -0.5284 0.0243
vn -0.9881 0.1109 0.1068
vn -0.9823 0.1133 0.1491
vn -0.9823 0.1134 0.1492
vn -0.9557 -0.2410 0.1689
vn -0.8355 -0.5228 0.1690
vn -0.8357 -0.5225 0.1690
vn -0.8356 -0.5227 0.1689
vn 0.6194 0.0975 0.7790
vn 0.6537 0.1123 0.7484
vn 0.6535 0.1123 0.7485
vn 0.6538 0.1122 0.7483
vn 0.4992 0.3794 0.7790
vn 0.5336 0.3940 0.7483
vn 0.5336 0.3941 0.7483
vn 0.6539 -0.2534 0.7129
vn 0.6855 -0.2399 0.6874
vn 0.7160 -0.2271 0.6602
vn 0.7159 -0.2269 0.6603
vn 0.7450 -0.2144 0.6317
vn 0.7450 -0.2145 0.6316
vn 0.7450 -0.2146 0.6316
vn 0.6868 0.1263 0.7157
vn 0.6869 0.1263 0.7157
vn 0.5668 0.4081 0.7157
vn 0.5669 0.4081 0.7156
vn 0.5667 0.4082 0.7157
vn 0.3611 0.6861 0.6316
vn 0.3319 0.6737 0.6603
vn 0.3015 0.6608 0.6874
vn 0.3015 0.6607 0.6874
vn 0.2699 0.6472 0.7129
vn 0.4634 0.3641 0.8079
vn 0.5835 0.0822 0.8079
vn -0.8030 -0.5090 0.3100
vn -0.8159 -0.5145 0.2636
vn -0.9233 -0.2271 0.3099
vn -0.9362 -0.2325 0.2635
vn -0.9470 -0.2371 0.2166
vn -0.9536 0.1255 0.2735
vn -0.7880 -0.5027 0.3556
vn -0.7880 -0.5027 0.3555
vn 0.7484 0.1526 0.6454
vn 0.7485 0.1526 0.6454
vn 0.7767 0.1646 0.6080
vn 0.6282 0.4344 0.6454
vn 0.6565 0.4465 0.6080
vn 0.6565 0.4466 0.6080
vn 0.7730 -0.2026 0.6012
vn 0.7994 -0.1913 0.5695
vn 0.7995 -0.1914 0.5694
vn 0.8243 -0.1807 0.5365
vn 0.8242 -0.1806 0.5367
vn 0.8243 -0.1808 0.5366
vn 0.8478 -0.1707 0.5020
vn 0.8478 -0.1707 0.5021
vn 0.8479 -0.1708 0.5019
vn 0.8033 0.1759 0.5690
vn 0.6831 0.4578 0.5690
vn 0.4637 0.7299 0.5021
vn 0.4638 0.7299 0.5021
vn 0.4639 0.7298 0.5022
vn 0.4403 0.7199 0.5365
vn 0.4155 0.7092 0.5695
vn 0.4153 0.7093 0.5695
vn 0.4156 0.7093 0.5693
vn 0.4154 0.7093 0.5695
vn 0.3890 0.6981 0.6012
vn 0.3890 0.6982 0.6010
vn 0.3890 0.6981 0.6011
vn 0.3890 0.6980 0.6012
vn 0.5983 0.4217 0.6814
vn 0.7185 0.1398 0.6813
vn 0.7184 0.1398 0.6814
vn 0.7185 0.1398 0.6814
vn -0.7307 -0.4782 0.4872
vn -0.7519 -0.4871 0.4443
vn -0.7520 -0.4871 0.4442
vn -0.8510 -0.1963 0.4870
vn -0.8720 -0.2053 0.4444
vn -0.4856 -0.7393 0.4666
vn -0.5060 -0.7479 0.4297
vn -0.5413 -0.7630 0.3533
vn -0.5413 -0.7630 0.3532
vn -0.8911 -0.2133 0.4006
vn -0.9253 0.1375 0.3534
vn -0.9085 0.1447 0.3921
vn -0.8281 -0.1865 0.5287
vn -0.7079 -0.4685 0.5286
vn 0.1714 -0.0935 0.9808
vn 0.0511 0.1883 0.9808
vn 0.0511 0.1884 0.9808
vn 0.2902 -0.4084 0.8655
vn 0.2902 -0.4085 0.8654
vn 0.2117 -0.4419 0.8718
vn 0.2116 -0.4418 0.8718
vn 0.2117 -0.4419 0.8717
vn -0.1723 0.4588 0.8717
vn -0.1329 0.4755 0.8696
vn -0.1328 0.4755 0.8696
vn -0.0939 0.4921 0.8654
vn -0.0938 0.4921 0.8654
vn -0.0550 0.5087 0.8592
vn 0.2154 -0.0747 0.9737
vn 0.8510 0.1963 0.4870
vn 0.8720 0.2052 0.4443
vn 0.8721 0.2051 0.4443
vn 0.8721 0.2052 0.4443
vn 0.7309 0.4782 0.4870
vn 0.7308 0.4782 0.4870
vn 0.7519 0.4870 0.4444
vn 0.7519 0.4871 0.4443
vn 0.7519 0.4870 0.4443
vn 0.9084 -0.1448 0.3921
vn 0.8911 0.2133 0.4005
vn 0.8912 0.2130 0.4005
vn 0.5413 0.7629 0.3534
vn 0.5058 0.7480 0.4299
vn 0.5059 0.7478 0.4299
vn 0.4857 0.7392 0.4666
vn 0.4857 0.7392 0.4665
vn -0.6282 -0.4344 0.6455
vn -0.6283 -0.4345 0.6454
vn -0.7484 -0.1526 0.6454
vn -0.4403 -0.7199 0.5365
vn -0.4638 -0.7299 0.5022
vn -0.4637 -0.7299 0.5022
vn -0.8032 -0.1761 0.5691
vn -0.8034 -0.1759 0.5689
vn -0.8244 0.1807 0.5365
vn -0.7184 -0.1398 0.6814
vn 0.3452 -0.0194 0.9383
vn 0.3453 -0.0194 0.9383
vn 0.3026 -0.0376 0.9524
vn 0.1824 0.2445 0.9523
vn 0.4806 -0.3273 0.8136
vn 0.4059 -0.3591 0.8404
vn 0.3680 -0.3753 0.8507
vn 0.3678 -0.3755 0.8507
vn -0.0161 0.5253 0.8508
vn -0.0160 0.5252 0.8508
vn -0.0161 0.5252 0.8508
vn -0.0162 0.5253 0.8508
vn 0.0594 0.5572 0.8282
vn 0.0966 0.5733 0.8136
vn 0.0965 0.5733 0.8137
vn 0.0965 0.5733 0.8136
vn 0.0966 0.5734 0.8136
vn 0.2672 0.2804 0.9220
vn 0.3874 -0.0015 0.9219
vn 0.3876 -0.0015 0.9218
vn 0.9232 0.2271 0.3100
vn 0.8030 0.5090 0.3099
vn 0.8031 0.5088 0.3101
vn 0.8031 0.5089 0.3100
vn 0.8031 0.5090 0.3099
vn 0.8160 0.5145 0.2635
vn 0.9404 -0.1311 0.3138
vn 0.9536 -0.1255 0.2736
vn 0.9537 -0.1255 0.2735
vn 0.9536 -0.1255 0.2735
vn 0.9651 -0.1207 0.2325
vn 0.5811 0.7799 0.2327
vn 0.7880 0.5026 0.3555
vn 0.7880 0.5025 0.3556
vn -0.2700 -0.6472 0.7129
vn -0.3016 -0.6606 0.6874
vn -0.3015 -0.6608 0.6874
vn -0.5666 -0.4081 0.7158
vn -0.7450 0.2146 0.6316
vn -0.7450 0.2145 0.6316
vn -0.7160 0.2271 0.6601
vn -0.6854 0.2398 0.6875
vn -0.6854 0.2400 0.6875
vn -0.6855 0.2400 0.6874
vn -0.4634 -0.3642 0.8079
vn -0.4633 -0.3642 0.8079
vn 0.5874 -0.2817 0.7587
vn 0.5874 -0.2818 0.7587
vn 0.5526 -0.2965 0.7789
vn 0.5172 -0.3118 0.7971
vn 0.4285 0.0162 0.9034
vn 0.4284 0.0163 0.9034
vn 0.3083 0.2981 0.9034
vn 0.1332 0.5889 0.7972
vn 0.1333 0.5888 0.7972
vn 0.1687 0.6041 0.7788
vn 0.2035 0.6189 0.7586
vn 0.2034 0.6189 0.7587
vn 0.2371 0.6333 0.7366
vn 0.2371 0.6334 0.7366
vn 0.4262 0.3485 0.8348
vn 0.5468 0.0664 0.8347
vn 0.9622 0.2439 0.1211
vn 0.9666 0.2456 0.0727
vn 0.8421 0.5255 0.1209
vn 0.9823 -0.1133 0.1491
vn 0.9823 -0.1132 0.1490
vn 0.9920 -0.1091 0.0642
vn 0.9919 -0.1091 0.0643
vn 0.9939 -0.1085 0.0214
vn 0.9939 -0.1085 0.0215
vn 0.8486 0.5285 0.0243
vn 0.6099 0.7922 0.0215
vn 0.6041 0.7897 0.1066
vn 0.5983 0.7873 0.1491
vn 0.5983 0.7873 0.1489
vn 0.8355 0.5228 0.1689
vn 0.8355 0.5229 0.1689
vn 0.9557 0.2410 0.1689
vn -0.3880 -0.3320 0.8598
vn -0.1687 -0.6040 0.7789
vn -0.2034 -0.6188 0.7587
vn -0.2034 -0.6187 0.7589
vn -0.2033 -0.6188 0.7588
vn -0.2034 -0.6189 0.7587
vn -0.2371 -0.6332 0.7367
vn -0.2372 -0.6332 0.7368
vn -0.2371 -0.6333 0.7367
vn -0.4261 -0.3483 0.8349
vn -0.5466 -0.0665 0.8347
vn -0.6212 0.2673 0.7366
vn -0.5874 0.2816 0.7587
vn -0.5873 0.2818 0.7587
vn -0.5526 0.2966 0.7789
vn -0.5527 0.2961 0.7790
vn -0.5171 0.3116 0.7972
vn -0.3083 -0.2979 0.9034
vn -0.3084 -0.2979 0.9034
vn 0.7451 -0.2145 0.6316
vn 0.6853 -0.2401 0.6876
vn 0.6854 -0.2399 0.6875
vn 0.6855 -0.2401 0.6873
vn 0.5836 0.0822 0.8079
vn 0.4634 0.3642 0.8079
vn 0.3317 0.6738 0.6602
vn 0.3318 0.6738 0.6603
vn 0.5667 0.4081 0.7157
vn 0.9667 0.2456 -0.0727
vn 0.9623 0.2438 -0.1208
vn 0.8464 0.5276 -0.0727
vn 0.8421 0.5255 -0.1209
vn 0.9939 -0.1085 -0.0215
vn 0.9939 -0.1086 -0.0216
vn 0.9920 -0.1090 -0.0640
vn 0.9920 -0.1089 -0.0642
vn 0.9920 -0.1091 -0.0642
vn 0.8355 0.5228 -0.1689
vn 0.5983 0.7873 -0.1491
vn 0.6041 0.7898 -0.1066
vn 0.6041 0.7897 -0.1066
vn 0.6080 0.7913 -0.0642
vn 0.6098 0.7922 -0.0213
vn 0.6099 0.7922 -0.0215
vn 0.8486 0.5285 -0.0243
vn 0.9689 0.2464 -0.0243
vn -0.2250 -0.2626 0.9383
vn -0.3026 0.0375 0.9524
vn -0.3453 0.0194 0.9383
vn -0.3454 0.0194 0.9382
vn -0.3452 0.0194 0.9383
vn -0.0219 -0.5415 0.8404
vn -0.0597 -0.5576 0.8280
vn -0.2669 -0.2804 0.9220
vn -0.3874 0.0015 0.9219
vn -0.3873 0.0015 0.9220
vn -0.4435 0.3429 0.8280
vn -0.4434 0.3428 0.8282
vn -0.4435 0.3429 0.8281
vn -0.4059 0.3591 0.8404
vn -0.3677 0.3754 0.8508
vn -0.3677 0.3755 0.8508
vn 0.7485 0.1524 0.6454
vn 0.7484 0.1525 0.6454
vn 0.6282 0.4344 0.6455
vn 0.6283 0.4343 0.6455
vn 0.8478 -0.1708 0.5021
vn 0.7995 -0.1913 0.5694
vn 0.7995 -0.1913 0.5693
vn 0.7729 -0.2026 0.6013
vn 0.7185 0.1397 0.6814
vn 0.5982 0.4217 0.6814
vn 0.4154 0.7093 0.5694
vn 0.4156 0.7094 0.5692
vn 0.6830 0.4578 0.5691
vn 0.6830 0.4579 0.5691
vn 0.6831 0.4579 0.5690
vn 0.8033 0.1758 0.5691
vn 0.8033 0.1757 0.5690
vt 0.000000 0.000000
s 1
g off
usemtl Goddard_None
f 833/2/2096 834/2/2097 835/2/2098
f 835/2/2098 836/2/2099 833/2/2096
f 836/2/2099 835/2/2098 837/2/2100
f 837/2/2100 838/2/2101 836/2/2099
f 836/2/2102 839/2/2103 840/2/2104
f 840/2/2104 833/2/2105 836/2/2102
f 841/2/2106 839/2/2103 836/2/2102
f 836/2/2102 838/2/2107 841/2/2106
f 842/2/2108 843/2/2108 844/2/2108
f 844/2/2108 834/2/2108 842/2/2108
f 845/2/2109 835/2/2110 834/2/2110
f 834/2/2110 844/2/2110 845/2/2109
f 845/2/2111 846/2/2111 837/2/2111
f 837/2/2111 835/2/2111 845/2/2111
f 837/2/2112 846/2/2113 847/2/2112
f 847/2/2112 848/2/2112 837/2/2112
f 849/2/2114 838/2/2101 837/2/2100
f 837/2/2100 848/2/2115 849/2/2114
f 849/2/2116 850/2/2117 841/2/2106
f 841/2/2106 838/2/2107 849/2/2116
f 851/2/2118 841/2/2119 850/2/2119
f 850/2/2119 852/2/2119 851/2/2118
f 841/2/2120 851/2/2121 853/2/2122
f 853/2/2122 839/2/2121 841/2/2120
f 839/2/2123 853/2/2124 854/2/2125
f 854/2/2125 840/2/2124 839/2/2123
f 854/2/2126 855/2/2127 856/2/2127
f 856/2/2127 840/2/2128 854/2/2126
f 833/2/2105 840/2/2104 856/2/2129
f 856/2/2129 857/2/2130 833/2/2105
f 842/2/2131 834/2/2097 833/2/2096
f 833/2/2096 857/2/2132 842/2/2131
f 858/2/2133 859/2/2134 860/2/2135
f 860/2/2135 861/2/2136 858/2/2133
f 862/2/2137 863/2/2138 859/2/2139
f 859/2/2139 858/2/2140 862/2/2137
f 859/2/2134 864/2/2141 865/2/2142
f 865/2/2142 860/2/2135 859/2/2134
f 859/2/2139 863/2/2138 866/2/2143
f 866/2/2143 864/2/2144 859/2/2139
f 867/2/2145 861/2/2145 868/2/2146
f 868/2/2146 869/2/2147 867/2/2145
f 858/2/2133 861/2/2136 867/2/2148
f 867/2/2148 870/2/2149 858/2/2133
f 871/2/2150 862/2/2137 858/2/2140
f 858/2/2140 870/2/2151 871/2/2150
f 862/2/2152 871/2/2153 872/2/2153
f 872/2/2153 873/2/2153 862/2/2152
f 874/2/2154 863/2/2155 862/2/2155
f 862/2/2155 873/2/2155 874/2/2154
f 875/2/2156 866/2/2157 863/2/2156
f 863/2/2156 874/2/2156 875/2/2156
f 876/2/2158 866/2/2159 875/2/2160
f 875/2/2160 877/2/2159 876/2/2158
f 876/2/2161 878/2/2162 864/2/2144
f 864/2/2144 866/2/2143 876/2/2161
f 864/2/2141 878/2/2163 879/2/2164
f 879/2/2164 865/2/2142 864/2/2141
f 880/2/2165 865/2/2165 879/2/2165
f 879/2/2165 881/2/2165 880/2/2165
f 860/2/2166 865/2/2166 880/2/2166
f 880/2/2166 882/2/2166 860/2/2166
f 861/2/2167 860/2/2168 882/2/2168
f 882/2/2168 868/2/2169 861/2/2167
f 883/2/2170 884/2/2171 885/2/2172
f 885/2/2172 886/2/2173 883/2/2170
f 887/2/2174 888/2/2175 884/2/2176
f 884/2/2176 883/2/2177 887/2/2174
f 884/2/2171 889/2/2178 890/2/2179
f 890/2/2179 885/2/2172 884/2/2171
f 884/2/2176 888/2/2175 891/2/2180
f 891/2/2180 889/2/2181 884/2/2176
f 886/2/2182 892/2/2182 893/2/2182
f 893/2/2182 894/2/2182 886/2/2182
f 894/2/2183 895/2/2184 883/2/2170
f 883/2/2170 886/2/2173 894/2/2183
f 887/2/2174 883/2/2177 895/2/2185
f 895/2/2185 896/2/2186 887/2/2174
f 896/2/2187 897/2/2187 898/2/2187
f 898/2/2187 887/2/2188 896/2/2187
f 899/2/2189 888/2/2190 887/2/2189
f 887/2/2189 898/2/2189 899/2/2189
f 900/2/2191 891/2/2191 888/2/2192
f 888/2/2192 899/2/2192 900/2/2191
f 871/2/2193 891/2/2194 900/2/2193
f 900/2/2193 872/2/2195 871/2/2193
f 870/2/2151 889/2/2181 891/2/2180
f 891/2/2180 871/2/2150 870/2/2151
f 870/2/2149 867/2/2148 890/2/2179
f 890/2/2179 889/2/2178 870/2/2149
f 867/2/2196 869/2/2197 901/2/2197
f 901/2/2197 890/2/2196 867/2/2196
f 885/2/2198 890/2/2198 901/2/2198
f 901/2/2198 902/2/2198 885/2/2198
f 886/2/2199 885/2/2199 902/2/2199
f 902/2/2199 892/2/2199 886/2/2199
f 903/2/2200 904/2/2201 905/2/2202
f 905/2/2202 906/2/2203 903/2/2200
f 907/2/2204 908/2/2205 904/2/2206
f 904/2/2206 903/2/2207 907/2/2204
f 904/2/2201 909/2/2208 910/2/2209
f 910/2/2209 905/2/2202 904/2/2201
f 904/2/2206 908/2/2205 911/2/2210
f 911/2/2210 909/2/2211 904/2/2206
f 912/2/2212 913/2/2212 914/2/2212
f 914/2/2212 906/2/2212 912/2/2212
f 903/2/2200 906/2/2203 914/2/2213
f 914/2/2213 915/2/2214 903/2/2200
f 907/2/2204 903/2/2207 915/2/2215
f 915/2/2215 916/2/2216 907/2/2204
f 916/2/2217 917/2/2218 918/2/2218
f 918/2/2218 907/2/2218 916/2/2217
f 919/2/2219 908/2/2220 907/2/2221
f 907/2/2221 918/2/2221 919/2/2219
f 920/2/2222 911/2/2222 908/2/2222
f 908/2/2222 919/2/2223 920/2/2222
f 897/2/2224 896/2/2225 911/2/2224
f 911/2/2224 920/2/2224 897/2/2224
f 895/2/2185 909/2/2211 911/2/2210
f 911/2/2210 896/2/2186 895/2/2185
f 895/2/2184 894/2/2183 910/2/2209
f 910/2/2209 909/2/2208 895/2/2184
f 894/2/2226 893/2/2226 921/2/2227
f 921/2/2227 910/2/2226 894/2/2226
f 910/2/2228 921/2/2228 922/2/2228
f 922/2/2228 905/2/2228 910/2/2228
f 906/2/2229 905/2/2230 922/2/2229
f 922/2/2229 912/2/2229 906/2/2229
f 923/2/2231 924/2/2232 925/2/2233
f 925/2/2233 926/2/2234 923/2/2231
f 927/2/2235 928/2/2236 924/2/2237
f 924/2/2237 923/2/2238 927/2/2235
f 924/2/2232 929/2/2239 930/2/2240
f 930/2/2240 925/2/2233 924/2/2232
f 924/2/2237 928/2/2236 931/2/2241
f 931/2/2241 929/2/2242 924/2/2237
f 926/2/2243 932/2/2243 933/2/2243
f 933/2/2243 934/2/2243 926/2/2243
f 926/2/2234 934/2/2244 935/2/2245
f 935/2/2245 923/2/2231 926/2/2234
f 935/2/2246 936/2/2247 927/2/2235
f 927/2/2235 923/2/2238 935/2/2246
f 937/2/2248 927/2/2249 936/2/2249
f 936/2/2249 938/2/2249 937/2/2248
f 928/2/2250 927/2/2250 937/2/2251
f 937/2/2251 939/2/2250 928/2/2250
f 940/2/2252 931/2/2252 928/2/2252
f 928/2/2252 939/2/2252 940/2/2252
f 917/2/2253 916/2/2254 931/2/2255
f 931/2/2255 940/2/2255 917/2/2253
f 915/2/2215 929/2/2242 931/2/2241
f 931/2/2241 916/2/2216 915/2/2215
f 915/2/2214 914/2/2213 930/2/2240
f 930/2/2240 929/2/2239 915/2/2214
f 914/2/2256 913/2/2256 941/2/2256
f 941/2/2256 930/2/2256 914/2/2256
f 930/2/2257 941/2/2257 942/2/2257
f 942/2/2257 925/2/2257 930/2/2257
f 932/2/2258 926/2/2258 925/2/2258
f 925/2/2258 942/2/2258 932/2/2258
f 943/2/2259 944/2/2260 945/2/2261
f 945/2/2261 946/2/2262 943/2/2259
f 947/2/2263 948/2/2264 944/2/2265
f 944/2/2265 943/2/2266 947/2/2263
f 944/2/2260 949/2/2267 950/2/2268
f 950/2/2268 945/2/2261 944/2/2260
f 944/2/2265 948/2/2264 951/2/2269
f 951/2/2269 949/2/2270 944/2/2265
f 946/2/2271 952/2/2272 953/2/2273
f 953/2/2273 954/2/2274 946/2/2271
f 946/2/2262 954/2/2275 955/2/2276
f 955/2/2276 943/2/2259 946/2/2262
f 947/2/2263 943/2/2266 955/2/2277
f 955/2/2277 956/2/2278 947/2/2263
f 956/2/2279 957/2/2279 958/2/2279
f 958/2/2279 947/2/2280 956/2/2279
f 948/2/2281 947/2/2281 958/2/2281
f 958/2/2281 959/2/2282 948/2/2281
f 960/2/2283 951/2/2283 948/2/2283
f 948/2/2283 959/2/2283 960/2/2283
f 936/2/2284 951/2/2285 960/2/2284
f 960/2/2284 938/2/2284 936/2/2284
f 949/2/2270 951/2/2269 936/2/2247
f 936/2/2247 935/2/2246 949/2/2270
f 935/2/2245 934/2/2244 950/2/2268
f 950/2/2268 949/2/2267 935/2/2245
f 934/2/2286 933/2/2286 961/2/2286
f 961/2/2286 950/2/2287 934/2/2286
f 950/2/2288 961/2/2289 962/2/2288
f 962/2/2288 945/2/2288 950/2/2288
f 952/2/2290 946/2/2291 945/2/2290
f 945/2/2290 962/2/2292 952/2/2290
f 963/2/2293 964/2/2294 965/2/2295
f 965/2/2295 966/2/2296 963/2/2293
f 967/2/2297 968/2/2298 964/2/2299
f 964/2/2299 963/2/2300 967/2/2297
f 964/2/2294 969/2/2301 970/2/2302
f 970/2/2302 965/2/2295 964/2/2294
f 964/2/2299 968/2/2298 971/2/2303
f 971/2/2303 969/2/2304 964/2/2299
f 966/2/2305 972/2/2305 973/2/2305
f 973/2/2305 974/2/2305 966/2/2305
f 966/2/2296 974/2/2306 975/2/2307
f 975/2/2307 963/2/2293 966/2/2296
f 967/2/2297 963/2/2300 975/2/2308
f 975/2/2308 976/2/2309 967/2/2297
f 976/2/2310 977/2/2310 978/2/2310
f 978/2/2310 967/2/2310 976/2/2310
f 968/2/2311 967/2/2311 978/2/2311
f 978/2/2311 979/2/2312 968/2/2311
f 980/2/2313 971/2/2313 968/2/2313
f 968/2/2313 979/2/2313 980/2/2313
f 956/2/2314 971/2/2314 980/2/2315
f 980/2/2315 957/2/2315 956/2/2314
f 955/2/2277 969/2/2304 971/2/2303
f 971/2/2303 956/2/2278 955/2/2277
f 955/2/2276 954/2/2275 970/2/2302
f 970/2/2302 969/2/2301 955/2/2276
f 954/2/2316 953/2/2317 981/2/2316
f 981/2/2316 970/2/2316 954/2/2316
f 970/2/2318 981/2/2319 982/2/2319
f 982/2/2319 965/2/2318 970/2/2318
f 972/2/2320 966/2/2320 965/2/2320
f 965/2/2320 982/2/2320 972/2/2320
f 983/2/2321 984/2/2322 985/2/2323
f 985/2/2323 986/2/2324 983/2/2321
f 987/2/2325 988/2/2326 984/2/2327
f 984/2/2327 983/2/2328 987/2/2325
f 984/2/2322 989/2/2329 990/2/2330
f 990/2/2330 985/2/2323 984/2/2322
f 984/2/2327 988/2/2326 991/2/2331
f 991/2/2331 989/2/2332 984/2/2327
f 986/2/2333 992/2/2334 993/2/2335
f 993/2/2335 994/2/2334 986/2/2333
f 986/2/2324 994/2/2336 995/2/2337
f 995/2/2337 983/2/2321 986/2/2324
f 987/2/2325 983/2/2328 995/2/2338
f 995/2/2338 996/2/2339 987/2/2325
f 996/2/2340 997/2/2340 998/2/2340
f 998/2/2340 987/2/2340 996/2/2340
f 988/2/2341 987/2/2341 998/2/2342
f 998/2/2342 999/2/2341 988/2/2341
f 1000/2/2343 991/2/2343 988/2/2344
f 988/2/2344 999/2/2343 1000/2/2343
f 976/2/2345 991/2/2345 1000/2/2345
f 1000/2/2345 977/2/2345 976/2/2345
f 975/2/2308 989/2/2332 991/2/2331
f 991/2/2331 976/2/2309 975/2/2308
f 975/2/2307 974/2/2306 990/2/2330
f 990/2/2330 989/2/2329 975/2/2307
f 974/2/2346 973/2/2347 1001/2/2347
f 1001/2/2347 990/2/2348 974/2/2346
f 990/2/2349 1001/2/2350 1002/2/2349
f 1002/2/2349 985/2/2351 990/2/2349
f 992/2/2352 986/2/2352 985/2/2352
f 985/2/2352 1002/2/2353 992/2/2352
f 1003/2/2354 1004/2/2355 1005/2/2356
f 1005/2/2356 1006/2/2357 1003/2/2354
f 1007/2/2358 1008/2/2359 1004/2/2360
f 1004/2/2360 1003/2/2361 1007/2/2358
f 1004/2/2355 1009/2/2362 1010/2/2363
f 1010/2/2363 1005/2/2356 1004/2/2355
f 1004/2/2360 1008/2/2359 1011/2/2364
f 1011/2/2364 1009/2/2365 1004/2/2360
f 1006/2/2366 1012/2/2367 1013/2/2367
f 1013/2/2367 1014/2/2368 1006/2/2366
f 1006/2/2357 1014/2/2369 1015/2/2370
f 1015/2/2370 1003/2/2354 1006/2/2357
f 1007/2/2358 1003/2/2361 1015/2/2371
f 1015/2/2371 1016/2/2372 1007/2/2358
f 1017/2/2373 1007/2/2373 1016/2/2373
f 1016/2/2373 1018/2/2373 1017/2/2373
f 1008/2/2374 1007/2/2374 1017/2/2374
f 1017/2/2374 1019/2/2374 1008/2/2374
f 1020/2/2375 1011/2/2376 1008/2/2375
f 1008/2/2375 1019/2/2375 1020/2/2375
f 996/2/2377 1011/2/2377 1020/2/2377
f 1020/2/2377 997/2/2377 996/2/2377
f 995/2/2338 1009/2/2365 1011/2/2364
f 1011/2/2364 996/2/2339 995/2/2338
f 995/2/2337 994/2/2336 1010/2/2363
f 1010/2/2363 1009/2/2362 995/2/2337
f 994/2/2378 993/2/2378 1021/2/2378
f 1021/2/2378 1010/2/2378 994/2/2378
f 1010/2/2379 1021/2/2379 1022/2/2379
f 1022/2/2379 1005/2/2379 1010/2/2379
f 1012/2/2380 1006/2/2380 1005/2/2380
f 1005/2/2380 1022/2/2380 1012/2/2380
f 1023/2/2381 1024/2/2382 1025/2/2383
f 1025/2/2383 1026/2/2384 1023/2/2381
f 1027/2/2385 1028/2/2386 1024/2/2387
f 1024/2/2387 1023/2/2388 1027/2/2385
f 1024/2/2382 1029/2/2389 1030/2/2390
f 1030/2/2390 1025/2/2383 1024/2/2382
f 1024/2/2387 1028/2/2386 1031/2/2391
f 1031/2/2391 1029/2/2392 1024/2/2387
f 1026/2/2393 1032/2/2393 1033/2/2393
f 1033/2/2393 1034/2/2393 1026/2/2393
f 1026/2/2384 1034/2/2394 1035/2/2395
f 1035/2/2395 1023/2/2381 1026/2/2384
f 1027/2/2385 1023/2/2388 1035/2/2396
f 1035/2/2396 1036/2/2397 1027/2/2385
f 1037/2/2398 1027/2/2398 1036/2/2398
f 1036/2/2398 1038/2/2398 1037/2/2398
f 1028/2/2399 1027/2/2399 1037/2/2399
f 1037/2/2399 1039/2/2399 1028/2/2399
f 1040/2/2400 1031/2/2400 1028/2/2400
f 1028/2/2400 1039/2/2400 1040/2/2400
f 1018/2/2401 1016/2/2401 1031/2/2401
f 1031/2/2401 1040/2/2401 1018/2/2401
f 1015/2/2371 1029/2/2392 1031/2/2391
f 1031/2/2391 1016/2/2372 1015/2/2371
f 1015/2/2370 1014/2/2369 1030/2/2390
f 1030/2/2390 1029/2/2389 1015/2/2370
f 1014/2/2402 1013/2/2403 1041/2/2402
f 1041/2/2402 1030/2/2404 1014/2/2402
f 1030/2/2405 1041/2/2405 1042/2/2405
f 1042/2/2405 1025/2/2405 1030/2/2405
f 1032/2/2406 1026/2/2407 1025/2/2406
f 1025/2/2406 1042/2/2406 1032/2/2406
f 1043/2/2408 1044/2/2409 1045/2/2410
f 1045/2/2410 1046/2/2411 1043/2/2408
f 1047/2/2412 1048/2/2413 1044/2/2414
f 1044/2/2414 1043/2/2415 1047/2/2412
f 1044/2/2409 1049/2/2416 1050/2/2417
f 1050/2/2417 1045/2/2410 1044/2/2409
f 1044/2/2414 1048/2/2413 1051/2/2418
f 1051/2/2418 1049/2/2419 1044/2/2414
f 1046/2/2420 1052/2/2421 1053/2/2421
f 1053/2/2421 1054/2/2422 1046/2/2420
f 1046/2/2411 1054/2/2423 1055/2/2424
f 1055/2/2424 1043/2/2408 1046/2/2411
f 1047/2/2412 1043/2/2415 1055/2/2425
f 1055/2/2425 1056/2/2426 1047/2/2412
f 1057/2/2427 1047/2/2427 1056/2/2427
f 1056/2/2427 1058/2/2427 1057/2/2427
f 1048/2/2428 1047/2/2428 1057/2/2429
f 1057/2/2429 1059/2/2429 1048/2/2428
f 1060/2/2430 1051/2/2431 1048/2/2432
f 1048/2/2432 1059/2/2433 1060/2/2430
f 1038/2/2434 1036/2/2434 1051/2/2434
f 1051/2/2434 1060/2/2434 1038/2/2434
f 1035/2/2396 1049/2/2419 1051/2/2418
f 1051/2/2418 1036/2/2397 1035/2/2396
f 1035/2/2395 1034/2/2394 1050/2/2417
f 1050/2/2417 1049/2/2416 1035/2/2395
f 1034/2/2435 1033/2/2435 1061/2/2435
f 1061/2/2435 1050/2/2435 1034/2/2435
f 1050/2/2436 1061/2/2436 1062/2/2436
f 1062/2/2436 1045/2/2436 1050/2/2436
f 1052/2/2437 1046/2/2438 1045/2/2437
f 1045/2/2437 1062/2/2437 1052/2/2437
f 1063/2/2439 1064/2/2440 1065/2/2441
f 1065/2/2441 1066/2/2442 1063/2/2439
f 1067/2/2443 1068/2/2444 1064/2/2445
f 1064/2/2445 1063/2/2446 1067/2/2443
f 1064/2/2440 1069/2/2447 1070/2/2448
f 1070/2/2448 1065/2/2441 1064/2/2440
f 1064/2/2445 1068/2/2444 1071/2/2449
f 1071/2/2449 1069/2/2450 1064/2/2445
f 1066/2/2451 1072/2/2451 1073/2/2451
f 1073/2/2451 1074/2/2451 1066/2/2451
f 1066/2/2442 1074/2/2452 1075/2/2453
f 1075/2/2453 1063/2/2439 1066/2/2442
f 1067/2/2443 1063/2/2446 1075/2/2454
f 1075/2/2454 1076/2/2455 1067/2/2443
f 1077/2/2456 1067/2/2456 1076/2/2456
f 1076/2/2456 1078/2/2457 1077/2/2456
f 1068/2/2458 1067/2/2458 1077/2/2458
f 1077/2/2458 1079/2/2459 1068/2/2458
f 1080/2/2460 1071/2/2460 1068/2/2461
f 1068/2/2461 1079/2/2461 1080/2/2460
f 1058/2/2462 1056/2/2463 1071/2/2463
f 1071/2/2463 1080/2/2463 1058/2/2462
f 1055/2/2425 1069/2/2450 1071/2/2449
f 1071/2/2449 1056/2/2426 1055/2/2425
f 1055/2/2424 1054/2/2423 1070/2/2448
f 1070/2/2448 1069/2/2447 1055/2/2424
f 1054/2/2464 1053/2/2464 1081/2/2465
f 1081/2/2465 1070/2/2465 1054/2/2464
f 1070/2/2466 1081/2/2466 1082/2/2466
f 1082/2/2466 1065/2/2466 1070/2/2466
f 1072/2/2467 1066/2/2468 1065/2/2467
f 1065/2/2467 1082/2/2467 1072/2/2467
f 1083/2/2469 1084/2/2470 1085/2/2471
f 1085/2/2471 1086/2/2472 1083/2/2469
f 1087/2/2473 1088/2/2474 1084/2/2475
f 1084/2/2475 1083/2/2476 1087/2/2473
f 1084/2/2470 1089/2/2477 1090/2/2478
f 1090/2/2478 1085/2/2471 1084/2/2470
f 1084/2/2475 1088/2/2474 1091/2/2479
f 1091/2/2479 1089/2/2480 1084/2/2475
f 1086/2/2481 1092/2/2481 1093/2/2481
f 1093/2/2481 1094/2/2481 1086/2/2481
f 1086/2/2472 1094/2/2482 1095/2/2483
f 1095/2/2483 1083/2/2469 1086/2/2472
f 1087/2/2473 1083/2/2476 1095/2/2484
f 1095/2/2484 1096/2/2485 1087/2/2473
f 1097/2/2486 1087/2/2487 1096/2/2486
f 1096/2/2486 1098/2/2486 1097/2/2486
f 1088/2/2488 1087/2/2488 1097/2/2488
f 1097/2/2488 1099/2/2488 1088/2/2488
f 1100/2/2489 1091/2/2490 1088/2/2490
f 1088/2/2490 1099/2/2490 1100/2/2489
f 1078/2/2491 1076/2/2492 1091/2/2492
f 1091/2/2492 1100/2/2493 1078/2/2491
f 1075/2/2454 1089/2/2480 1091/2/2479
f 1091/2/2479 1076/2/2455 1075/2/2454
f 1075/2/2453 1074/2/2452 1090/2/2478
f 1090/2/2478 1089/2/2477 1075/2/2453
f 1074/2/2494 1073/2/2494 1101/2/2494
f 1101/2/2494 1090/2/2494 1074/2/2494
f 1090/2/2495 1101/2/2496 1102/2/2497
f 1102/2/2497 1085/2/2496 1090/2/2495
f 1092/2/2498 1086/2/2499 1085/2/2500
f 1085/2/2500 1102/2/2501 1092/2/2498
f 1103/2/2502 1104/2/2503 1105/2/2504
f 1105/2/2504 1106/2/2505 1103/2/2502
f 1107/2/2506 1108/2/2507 1104/2/2508
f 1104/2/2508 1103/2/2509 1107/2/2506
f 1104/2/2503 1109/2/2510 1110/2/2511
f 1110/2/2511 1105/2/2504 1104/2/2503
f 1104/2/2508 1108/2/2507 1111/2/2512
f 1111/2/2512 1109/2/2513 1104/2/2508
f 1106/2/2514 1112/2/2514 1113/2/2514
f 1113/2/2514 1114/2/2515 1106/2/2514
f 1106/2/2505 1114/2/2516 1115/2/2517
f 1115/2/2517 1103/2/2502 1106/2/2505
f 1107/2/2506 1103/2/2509 1115/2/2518
f 1115/2/2518 1116/2/2519 1107/2/2506
f 1117/2/2520 1107/2/2520 1116/2/2520
f 1116/2/2520 1118/2/2520 1117/2/2520
f 1108/2/2521 1107/2/2522 1117/2/2521
f 1117/2/2521 1119/2/2521 1108/2/2521
f 1120/2/2523 1111/2/2523 1108/2/2523
f 1108/2/2523 1119/2/2524 1120/2/2523
f 1098/2/2525 1096/2/2525 1111/2/2525
f 1111/2/2525 1120/2/2525 1098/2/2525
f 1095/2/2484 1109/2/2513 1111/2/2512
f 1111/2/2512 1096/2/2485 1095/2/2484
f 1095/2/2483 1094/2/2482 1110/2/2511
f 1110/2/2511 1109/2/2510 1095/2/2483
f 1094/2/2526 1093/2/2526 1121/2/2526
f 1121/2/2526 1110/2/2526 1094/2/2526
f 1110/2/2527 1121/2/2527 1122/2/2527
f 1122/2/2527 1105/2/2528 1110/2/2527
f 1112/2/2529 1106/2/2529 1105/2/2529
f 1105/2/2529 1122/2/2529 1112/2/2529
f 1123/2/2530 1124/2/2531 1125/2/2532
f 1125/2/2532 1126/2/2533 1123/2/2530
f 1127/2/2534 1128/2/2535 1124/2/2536
f 1124/2/2536 1123/2/2537 1127/2/2534
f 1124/2/2531 1129/2/2538 1130/2/2539
f 1130/2/2539 1125/2/2532 1124/2/2531
f 1124/2/2536 1128/2/2535 1131/2/2540
f 1131/2/2540 1129/2/2541 1124/2/2536
f 1126/2/2542 1132/2/2542 1133/2/2542
f 1133/2/2542 1134/2/2542 1126/2/2542
f 1126/2/2533 1134/2/2543 1135/2/2544
f 1135/2/2544 1123/2/2530 1126/2/2533
f 1127/2/2534 1123/2/2537 1135/2/2545
f 1135/2/2545 1136/2/2546 1127/2/2534
f 1137/2/2547 1127/2/2548 1136/2/2548
f 1136/2/2548 1138/2/2548 1137/2/2547
f 1128/2/2549 1127/2/2550 1137/2/2551
f 1137/2/2551 1139/2/2552 1128/2/2549
f 1140/2/2553 1131/2/2554 1128/2/2555
f 1128/2/2555 1139/2/2553 1140/2/2553
f 1118/2/2556 1116/2/2557 1131/2/2558
f 1131/2/2558 1140/2/2559 1118/2/2556
f 1115/2/2518 1129/2/2541 1131/2/2540
f 1131/2/2540 1116/2/2519 1115/2/2518
f 1115/2/2517 1114/2/2516 1130/2/2539
f 1130/2/2539 1129/2/2538 1115/2/2517
f 1114/2/2560 1113/2/2561 1141/2/2560
f 1141/2/2560 1130/2/2560 1114/2/2560
f 1130/2/2562 1141/2/2562 1142/2/2562
f 1142/2/2562 1125/2/2562 1130/2/2562
f 1132/2/2563 1126/2/2563 1125/2/2563
f 1125/2/2563 1142/2/2563 1132/2/2563
f 1143/2/2564 1144/2/2565 1145/2/2566
f 1145/2/2566 1146/2/2567 1143/2/2564
f 1147/2/2568 1148/2/2569 1144/2/2570
f 1144/2/2570 1143/2/2571 1147/2/2568
f 1144/2/2565 1149/2/2572 1150/2/2573
f 1150/2/2573 1145/2/2566 1144/2/2565
f 1144/2/2570 1148/2/2569 1151/2/2574
f 1151/2/2574 1149/2/2575 1144/2/2570
f 1146/2/2576 1152/2/2577 1153/2/2578
f 1153/2/2578 1154/2/2576 1146/2/2576
f 1146/2/2567 1154/2/2579 1155/2/2580
f 1155/2/2580 1143/2/2564 1146/2/2567
f 1147/2/2568 1143/2/2571 1155/2/2581
f 1155/2/2581 1156/2/2582 1147/2/2568
f 1157/2/2583 1147/2/2583 1156/2/2583
f 1156/2/2583 1158/2/2583 1157/2/2583
f 1148/2/2584 1147/2/2584 1157/2/2585
f 1157/2/2585 1159/2/2586 1148/2/2584
f 1160/2/2587 1151/2/2587 1148/2/2588
f 1148/2/2588 1159/2/2588 1160/2/2587
f 1138/2/2589 1136/2/2589 1151/2/2589
f 1151/2/2589 1160/2/2589 1138/2/2589
f 1135/2/2545 1149/2/2575 1151/2/2574
f 1151/2/2574 1136/2/2546 1135/2/2545
f 1135/2/2544 1134/2/2543 1150/2/2573
f 1150/2/2573 1149/2/2572 1135/2/2544
f 1134/2/2590 1133/2/2590 1161/2/2590
f 1161/2/2590 1150/2/2591 1134/2/2590
f 1150/2/2592 1161/2/2593 1162/2/2592
f 1162/2/2592 1145/2/2592 1150/2/2592
f 1152/2/2594 1146/2/2594 1145/2/2595
f 1145/2/2595 1162/2/2596 1152/2/2594
f 1163/2/2597 1164/2/2598 1165/2/2599
f 1165/2/2599 1166/2/2600 1163/2/2597
f 1167/2/2601 1168/2/2602 1164/2/2603
f 1164/2/2603 1163/2/2604 1167/2/2601
f 1164/2/2598 1169/2/2605 1170/2/2606
f 1170/2/2606 1165/2/2599 1164/2/2598
f 1164/2/2603 1168/2/2602 1171/2/2607
f 1171/2/2607 1169/2/2608 1164/2/2603
f 1166/2/2609 1172/2/2610 1173/2/2610
f 1173/2/2610 1174/2/2610 1166/2/2609
f 1166/2/2600 1174/2/2611 1175/2/2612
f 1175/2/2612 1163/2/2597 1166/2/2600
f 1167/2/2601 1163/2/2604 1175/2/2613
f 1175/2/2613 1176/2/2614 1167/2/2601
f 1177/2/2615 1167/2/2615 1176/2/2615
f 1176/2/2615 1178/2/2615 1177/2/2615
f 1168/2/2616 1167/2/2617 1177/2/2618
f 1177/2/2618 1179/2/2619 1168/2/2616
f 1180/2/2620 1171/2/2620 1168/2/2620
f 1168/2/2620 1179/2/2620 1180/2/2620
f 1158/2/2621 1156/2/2621 1171/2/2621
f 1171/2/2621 1180/2/2621 1158/2/2621
f 1155/2/2581 1169/2/2608 1171/2/2607
f 1171/2/2607 1156/2/2582 1155/2/2581
f 1155/2/2580 1154/2/2579 1170/2/2606
f 1170/2/2606 1169/2/2605 1155/2/2580
f 1154/2/2622 1153/2/2623 1181/2/2622
f 1181/2/2622 1170/2/2624 1154/2/2622
f 1170/2/2625 1181/2/2626 1182/2/2626
f 1182/2/2626 1165/2/2627 1170/2/2625
f 1172/2/2628 1166/2/2628 1165/2/2628
f 1165/2/2628 1182/2/2628 1172/2/2628
f 1183/2/2629 1184/2/2630 1185/2/2631
f 1185/2/2631 1186/2/2632 1183/2/2629
f 1187/2/2633 1188/2/2634 1184/2/2635
f 1184/2/2635 1183/2/2636 1187/2/2633
f 1184/2/2630 1189/2/2637 1190/2/2638
f 1190/2/2638 1185/2/2631 1184/2/2630
f 1184/2/2635 1188/2/2634 1191/2/2639
f 1191/2/2639 1189/2/2640 1184/2/2635
f 1186/2/2153 1192/2/2153 1193/2/2153
f 1193/2/2153 1194/2/2153 1186/2/2153
f 1186/2/2632 1194/2/2641 1195/2/2642
f 1195/2/2642 1183/2/2629 1186/2/2632
f 1187/2/2633 1183/2/2636 1195/2/2643
f 1195/2/2643 1196/2/2644 1187/2/2633
f 1197/2/2146 1187/2/2145 1196/2/2146
f 1196/2/2146 1198/2/2146 1197/2/2146
f 1188/2/2645 1187/2/2646 1197/2/2647
f 1197/2/2647 1199/2/2168 1188/2/2645
f 1200/2/2166 1191/2/2166 1188/2/2166
f 1188/2/2166 1199/2/2166 1200/2/2166
f 1178/2/2648 1176/2/2165 1191/2/2649
f 1191/2/2649 1200/2/2648 1178/2/2648
f 1175/2/2613 1189/2/2640 1191/2/2639
f 1191/2/2639 1176/2/2614 1175/2/2613
f 1175/2/2612 1174/2/2611 1190/2/2638
f 1190/2/2638 1189/2/2637 1175/2/2612
f 1174/2/2159 1173/2/2159 1201/2/2159
f 1201/2/2159 1190/2/2159 1174/2/2159
f 1190/2/2156 1201/2/2156 1202/2/2156
f 1202/2/2156 1185/2/2156 1190/2/2156
f 1192/2/2155 1186/2/2155 1185/2/2155
f 1185/2/2155 1202/2/2155 1192/2/2155
f 1203/2/2650 1204/2/2651 1205/2/2652
f 1205/2/2652 1206/2/2653 1203/2/2650
f 1207/2/2654 1208/2/2655 1204/2/2656
f 1204/2/2656 1203/2/2657 1207/2/2654
f 1204/2/2651 1209/2/2658 1210/2/2659
f 1210/2/2659 1205/2/2652 1204/2/2651
f 1204/2/2656 1208/2/2655 1211/2/2660
f 1211/2/2660 1209/2/2661 1204/2/2656
f 1206/2/2662 1212/2/2662 1213/2/2187
f 1213/2/2187 1214/2/2187 1206/2/2662
f 1206/2/2653 1214/2/2663 1215/2/2664
f 1215/2/2664 1203/2/2650 1206/2/2653
f 1207/2/2654 1203/2/2657 1215/2/2665
f 1215/2/2665 1216/2/2666 1207/2/2654
f 1217/2/2667 1207/2/2182 1216/2/2182
f 1216/2/2182 1218/2/2182 1217/2/2667
f 1208/2/2199 1207/2/2199 1217/2/2668
f 1217/2/2668 1219/2/2668 1208/2/2199
f 1220/2/2198 1211/2/2198 1208/2/2198
f 1208/2/2198 1219/2/2198 1220/2/2198
f 1198/2/2669 1196/2/2197 1211/2/2669
f 1211/2/2669 1220/2/2669 1198/2/2669
f 1195/2/2643 1209/2/2661 1211/2/2660
f 1211/2/2660 1196/2/2644 1195/2/2643
f 1195/2/2642 1194/2/2641 1210/2/2659
f 1210/2/2659 1209/2/2658 1195/2/2642
f 1194/2/2194 1193/2/2194 1221/2/2670
f 1221/2/2670 1210/2/2670 1194/2/2194
f 1210/2/2671 1221/2/2671 1222/2/2671
f 1222/2/2671 1205/2/2192 1210/2/2671
f 1212/2/2672 1206/2/2189 1205/2/2189
f 1205/2/2189 1222/2/2189 1212/2/2672
f 1223/2/2673 1224/2/2674 1225/2/2675
f 1225/2/2675 1226/2/2676 1223/2/2673
f 1227/2/2677 1228/2/2678 1224/2/2679
f 1224/2/2679 1223/2/2680 1227/2/2677
f 1224/2/2674 1229/2/2681 1230/2/2682
f 1230/2/2682 1225/2/2675 1224/2/2674
f 1224/2/2679 1228/2/2678 1231/2/2683
f 1231/2/2683 1229/2/2684 1224/2/2679
f 1226/2/2685 1232/2/2218 1233/2/2686
f 1233/2/2686 1234/2/2686 1226/2/2685
f 1226/2/2676 1234/2/2687 1235/2/2688
f 1235/2/2688 1223/2/2673 1226/2/2676
f 1227/2/2677 1223/2/2680 1235/2/2689
f 1235/2/2689 1236/2/2690 1227/2/2677
f 1237/2/2212 1227/2/2212 1236/2/2212
f 1236/2/2212 1238/2/2212 1237/2/2212
f 1228/2/2691 1227/2/2692 1237/2/2691
f 1237/2/2691 1239/2/2691 1228/2/2691
f 1240/2/2228 1231/2/2228 1228/2/2228
f 1228/2/2228 1239/2/2228 1240/2/2228
f 1218/2/2226 1216/2/2226 1231/2/2226
f 1231/2/2226 1240/2/2226 1218/2/2226
f 1215/2/2665 1229/2/2684 1231/2/2683
f 1231/2/2683 1216/2/2666 1215/2/2665
f 1215/2/2664 1214/2/2663 1230/2/2682
f 1230/2/2682 1229/2/2681 1215/2/2664
f 1214/2/2224 1213/2/2224 1241/2/2224
f 1241/2/2224 1230/2/2224 1214/2/2224
f 1230/2/2222 1241/2/2222 1242/2/2222
f 1242/2/2222 1225/2/2222 1230/2/2222
f 1232/2/2221 1226/2/2221 1225/2/2221
f 1225/2/2221 1242/2/2221 1232/2/2221
f 1243/2/2693 1244/2/2694 1245/2/2695
f 1245/2/2695 1246/2/2696 1243/2/2693
f 1247/2/2697 1248/2/2698 1244/2/2699
f 1244/2/2699 1243/2/2700 1247/2/2697
f 1244/2/2694 1249/2/2701 1250/2/2702
f 1250/2/2702 1245/2/2695 1244/2/2694
f 1244/2/2699 1248/2/2698 1251/2/2703
f 1251/2/2703 1249/2/2704 1244/2/2699
f 1246/2/2249 1252/2/2249 1253/2/2249
f 1253/2/2249 1254/2/2249 1246/2/2249
f 1246/2/2696 1254/2/2705 1255/2/2706
f 1255/2/2706 1243/2/2693 1246/2/2696
f 1247/2/2697 1243/2/2700 1255/2/2707
f 1255/2/2707 1256/2/2708 1247/2/2697
f 1257/2/2709 1247/2/2710 1256/2/2709
f 1256/2/2709 1258/2/2243 1257/2/2709
f 1248/2/2711 1247/2/2712 1257/2/2713
f 1257/2/2713 1259/2/2711 1248/2/2711
f 1260/2/2257 1251/2/2714 1248/2/2257
f 1248/2/2257 1259/2/2257 1260/2/2257
f 1238/2/2256 1236/2/2256 1251/2/2256
f 1251/2/2256 1260/2/2256 1238/2/2256
f 1235/2/2689 1249/2/2704 1251/2/2703
f 1251/2/2703 1236/2/2690 1235/2/2689
f 1235/2/2688 1234/2/2687 1250/2/2702
f 1250/2/2702 1249/2/2701 1235/2/2688
f 1234/2/2255 1233/2/2255 1261/2/2253
f 1261/2/2253 1250/2/2253 1234/2/2255
f 1250/2/2252 1261/2/2715 1262/2/2715
f 1262/2/2715 1245/2/2716 1250/2/2252
f 1252/2/2717 1246/2/2250 1245/2/2250
f 1245/2/2250 1262/2/2250 1252/2/2717
f 1263/2/2718 1264/2/2719 1265/2/2720
f 1265/2/2720 1266/2/2721 1263/2/2718
f 1267/2/2722 1268/2/2723 1264/2/2724
f 1264/2/2724 1263/2/2725 1267/2/2722
f 1264/2/2719 1269/2/2726 1270/2/2727
f 1270/2/2727 1265/2/2720 1264/2/2719
f 1264/2/2724 1268/2/2723 1271/2/2728
f 1271/2/2728 1269/2/2729 1264/2/2724
f 1266/2/2279 1272/2/2279 1273/2/2279
f 1273/2/2279 1274/2/2279 1266/2/2279
f 1266/2/2721 1274/2/2730 1275/2/2731
f 1275/2/2731 1263/2/2718 1266/2/2721
f 1267/2/2722 1263/2/2725 1275/2/2732
f 1275/2/2732 1276/2/2733 1267/2/2722
f 1277/2/2734 1267/2/2734 1276/2/2734
f 1276/2/2734 1278/2/2734 1277/2/2734
f 1268/2/2735 1267/2/2736 1277/2/2292
f 1277/2/2292 1279/2/2737 1268/2/2735
f 1280/2/2738 1271/2/2288 1268/2/2288
f 1268/2/2288 1279/2/2288 1280/2/2738
f 1258/2/2286 1256/2/2286 1271/2/2286
f 1271/2/2286 1280/2/2286 1258/2/2286
f 1255/2/2707 1269/2/2729 1271/2/2728
f 1271/2/2728 1256/2/2708 1255/2/2707
f 1255/2/2706 1254/2/2705 1270/2/2727
f 1270/2/2727 1269/2/2726 1255/2/2706
f 1254/2/2284 1253/2/2285 1281/2/2285
f 1281/2/2285 1270/2/2284 1254/2/2284
f 1270/2/2283 1281/2/2283 1282/2/2283
f 1282/2/2283 1265/2/2283 1270/2/2283
f 1272/2/2281 1266/2/2281 1265/2/2281
f 1265/2/2281 1282/2/2739 1272/2/2281
f 1283/2/2740 1284/2/2741 1285/2/2742
f 1285/2/2742 1286/2/2743 1283/2/2740
f 1287/2/2744 1288/2/2745 1284/2/2746
f 1284/2/2746 1283/2/2747 1287/2/2744
f 1284/2/2741 1289/2/2748 1290/2/2749
f 1290/2/2749 1285/2/2742 1284/2/2741
f 1284/2/2746 1288/2/2745 1291/2/2750
f 1291/2/2750 1289/2/2751 1284/2/2746
f 1286/2/2310 1292/2/2752 1293/2/2310
f 1293/2/2310 1294/2/2310 1286/2/2310
f 1286/2/2743 1294/2/2753 1295/2/2754
f 1295/2/2754 1283/2/2740 1286/2/2743
f 1287/2/2744 1283/2/2747 1295/2/2755
f 1295/2/2755 1296/2/2756 1287/2/2744
f 1297/2/2757 1287/2/2305 1296/2/2758
f 1296/2/2758 1298/2/2759 1297/2/2757
f 1288/2/2320 1287/2/2320 1297/2/2320
f 1297/2/2320 1299/2/2320 1288/2/2320
f 1300/2/2319 1291/2/2318 1288/2/2319
f 1288/2/2319 1299/2/2319 1300/2/2319
f 1278/2/2760 1276/2/2760 1291/2/2761
f 1291/2/2761 1300/2/2316 1278/2/2760
f 1275/2/2732 1289/2/2751 1291/2/2750
f 1291/2/2750 1276/2/2733 1275/2/2732
f 1275/2/2731 1274/2/2730 1290/2/2749
f 1290/2/2749 1289/2/2748 1275/2/2731
f 1274/2/2314 1273/2/2315 1301/2/2315
f 1301/2/2315 1290/2/2315 1274/2/2314
f 1290/2/2762 1301/2/2762 1302/2/2763
f 1302/2/2763 1285/2/2762 1290/2/2762
f 1292/2/2311 1286/2/2311 1285/2/2311
f 1285/2/2311 1302/2/2311 1292/2/2311
f 1303/2/2764 1304/2/2765 1305/2/2766
f 1305/2/2766 1306/2/2767 1303/2/2764
f 1307/2/2768 1308/2/2769 1304/2/2770
f 1304/2/2770 1303/2/2771 1307/2/2768
f 1304/2/2765 1309/2/2772 1310/2/2773
f 1310/2/2773 1305/2/2766 1304/2/2765
f 1304/2/2770 1308/2/2769 1311/2/2774
f 1311/2/2774 1309/2/2775 1304/2/2770
f 1306/2/2776 1312/2/2777 1313/2/2778
f 1313/2/2778 1314/2/2340 1306/2/2776
f 1306/2/2767 1314/2/2779 1315/2/2780
f 1315/2/2780 1303/2/2764 1306/2/2767
f 1307/2/2768 1303/2/2771 1315/2/2781
f 1315/2/2781 1316/2/2782 1307/2/2768
f 1317/2/2783 1307/2/2784 1316/2/2334
f 1316/2/2334 1318/2/2334 1317/2/2783
f 1308/2/2352 1307/2/2352 1317/2/2352
f 1317/2/2352 1319/2/2352 1308/2/2352
f 1320/2/2785 1311/2/2785 1308/2/2785
f 1308/2/2785 1319/2/2785 1320/2/2785
f 1298/2/2347 1296/2/2347 1311/2/2347
f 1311/2/2347 1320/2/2347 1298/2/2347
f 1295/2/2755 1309/2/2775 1311/2/2774
f 1311/2/2774 1296/2/2756 1295/2/2755
f 1295/2/2754 1294/2/2753 1310/2/2773
f 1310/2/2773 1309/2/2772 1295/2/2754
f 1294/2/2345 1293/2/2786 1321/2/2345
f 1321/2/2345 1310/2/2345 1294/2/2345
f 1310/2/2787 1321/2/2787 1322/2/2787
f 1322/2/2787 1305/2/2787 1310/2/2787
f 1312/2/2341 1306/2/2341 1305/2/2341
f 1305/2/2341 1322/2/2788 1312/2/2341
f 1323/2/2789 1324/2/2790 1325/2/2791
f 1325/2/2791 1326/2/2792 1323/2/2789
f 1327/2/2793 1328/2/2794 1324/2/2795
f 1324/2/2795 1323/2/2796 1327/2/2793
f 1324/2/2790 1329/2/2797 1330/2/2798
f 1330/2/2798 1325/2/2791 1324/2/2790
f 1324/2/2795 1328/2/2794 1331/2/2799
f 1331/2/2799 1329/2/2800 1324/2/2795
f 1326/2/2373 1332/2/2373 1333/2/2373
f 1333/2/2373 1334/2/2373 1326/2/2373
f 1326/2/2792 1334/2/2801 1335/2/2802
f 1335/2/2802 1323/2/2789 1326/2/2792
f 1327/2/2793 1323/2/2796 1335/2/2803
f 1335/2/2803 1336/2/2804 1327/2/2793
f 1337/2/2367 1327/2/2805 1336/2/2367
f 1336/2/2367 1338/2/2367 1337/2/2367
f 1328/2/2380 1327/2/2380 1337/2/2380
f 1337/2/2380 1339/2/2380 1328/2/2380
f 1340/2/2806 1331/2/2806 1328/2/2379
f 1328/2/2379 1339/2/2379 1340/2/2806
f 1318/2/2807 1316/2/2808 1331/2/2809
f 1331/2/2809 1340/2/2810 1318/2/2807
f 1315/2/2781 1329/2/2800 1331/2/2799
f 1331/2/2799 1316/2/2782 1315/2/2781
f 1315/2/2780 1314/2/2779 1330/2/2798
f 1330/2/2798 1329/2/2797 1315/2/2780
f 1314/2/2377 1313/2/2377 1341/2/2377
f 1341/2/2377 1330/2/2377 1314/2/2377
f 1330/2/2811 1341/2/2811 1342/2/2811
f 1342/2/2811 1325/2/2811 1330/2/2811
f 1332/2/2812 1326/2/2812 1325/2/2812
f 1325/2/2812 1342/2/2812 1332/2/2812
f 1343/2/2813 1344/2/2814 1345/2/2815
f 1345/2/2815 1346/2/2816 1343/2/2813
f 1347/2/2817 1348/2/2818 1344/2/2819
f 1344/2/2819 1343/2/2820 1347/2/2817
f 1344/2/2814 1349/2/2821 1350/2/2822
f 1350/2/2822 1345/2/2815 1344/2/2814
f 1344/2/2819 1348/2/2818 1351/2/2823
f 1351/2/2823 1349/2/2824 1344/2/2819
f 1346/2/2398 1352/2/2398 1353/2/2398
f 1353/2/2398 1354/2/2398 1346/2/2398
f 1346/2/2816 1354/2/2825 1355/2/2826
f 1355/2/2826 1343/2/2813 1346/2/2816
f 1347/2/2817 1343/2/2820 1355/2/2827
f 1355/2/2827 1356/2/2828 1347/2/2817
f 1357/2/2829 1347/2/2830 1356/2/2393
f 1356/2/2393 1358/2/2831 1357/2/2829
f 1348/2/2406 1347/2/2406 1357/2/2406
f 1357/2/2406 1359/2/2406 1348/2/2406
f 1360/2/2405 1351/2/2405 1348/2/2405
f 1348/2/2405 1359/2/2405 1360/2/2405
f 1338/2/2403 1336/2/2403 1351/2/2832
f 1351/2/2832 1360/2/2403 1338/2/2403
f 1335/2/2803 1349/2/2824 1351/2/2823
f 1351/2/2823 1336/2/2804 1335/2/2803
f 1335/2/2802 1334/2/2801 1350/2/2822
f 1350/2/2822 1349/2/2821 1335/2/2802
f 1334/2/2401 1333/2/2401 1361/2/2401
f 1361/2/2401 1350/2/2401 1334/2/2401
f 1350/2/2400 1361/2/2400 1362/2/2400
f 1362/2/2400 1345/2/2400 1350/2/2400
f 1352/2/2399 1346/2/2833 1345/2/2399
f 1345/2/2399 1362/2/2399 1352/2/2399
f 1363/2/2834 1364/2/2835 1365/2/2836
f 1365/2/2836 1366/2/2837 1363/2/2834
f 1367/2/2838 1368/2/2839 1364/2/2840
f 1364/2/2840 1363/2/2841 1367/2/2838
f 1364/2/2835 1369/2/2842 1370/2/2843
f 1370/2/2843 1365/2/2836 1364/2/2835
f 1364/2/2840 1368/2/2839 1371/2/2844
f 1371/2/2844 1369/2/2845 1364/2/2840
f 1366/2/2846 1372/2/2846 1373/2/2846
f 1373/2/2846 1374/2/2846 1366/2/2846
f 1366/2/2837 1374/2/2847 1375/2/2848
f 1375/2/2848 1363/2/2834 1366/2/2837
f 1367/2/2838 1363/2/2841 1375/2/2849
f 1375/2/2849 1376/2/2850 1367/2/2838
f 1377/2/2421 1367/2/2421 1376/2/2421
f 1376/2/2421 1378/2/2421 1377/2/2421
f 1368/2/2438 1367/2/2438 1377/2/2438
f 1377/2/2438 1379/2/2438 1368/2/2438
f 1380/2/2851 1371/2/2436 1368/2/2851
f 1368/2/2851 1379/2/2852 1380/2/2851
f 1358/2/2853 1356/2/2854 1371/2/2855
f 1371/2/2855 1380/2/2856 1358/2/2853
f 1355/2/2827 1369/2/2845 1371/2/2844
f 1371/2/2844 1356/2/2828 1355/2/2827
f 1355/2/2826 1354/2/2825 1370/2/2843
f 1370/2/2843 1369/2/2842 1355/2/2826
f 1354/2/2434 1353/2/2434 1381/2/2434
f 1381/2/2434 1370/2/2434 1354/2/2434
f 1370/2/2433 1381/2/2433 1382/2/2433
f 1382/2/2433 1365/2/2433 1370/2/2433
f 1372/2/2428 1366/2/2429 1365/2/2428
f 1365/2/2428 1382/2/2428 1372/2/2428
f 1383/2/2857 1384/2/2858 1385/2/2859
f 1385/2/2859 1386/2/2860 1383/2/2857
f 1387/2/2861 1388/2/2862 1384/2/2863
f 1384/2/2863 1383/2/2864 1387/2/2861
f 1384/2/2858 1389/2/2865 1390/2/2866
f 1390/2/2866 1385/2/2859 1384/2/2858
f 1384/2/2863 1388/2/2862 1391/2/2867
f 1391/2/2867 1389/2/2868 1384/2/2863
f 1386/2/2457 1392/2/2456 1393/2/2456
f 1393/2/2456 1394/2/2457 1386/2/2457
f 1386/2/2860 1394/2/2869 1395/2/2870
f 1395/2/2870 1383/2/2857 1386/2/2860
f 1387/2/2861 1383/2/2864 1395/2/2871
f 1395/2/2871 1396/2/2872 1387/2/2861
f 1397/2/2873 1387/2/2874 1396/2/2451
f 1396/2/2451 1398/2/2451 1397/2/2873
f 1388/2/2875 1387/2/2875 1397/2/2876
f 1397/2/2876 1399/2/2468 1388/2/2875
f 1400/2/2877 1391/2/2878 1388/2/2877
f 1388/2/2877 1399/2/2466 1400/2/2877
f 1378/2/2879 1376/2/2465 1391/2/2465
f 1391/2/2465 1400/2/2880 1378/2/2879
f 1375/2/2849 1389/2/2868 1391/2/2867
f 1391/2/2867 1376/2/2850 1375/2/2849
f 1375/2/2848 1374/2/2847 1390/2/2866
f 1390/2/2866 1389/2/2865 1375/2/2848
f 1374/2/2463 1373/2/2463 1401/2/2881
f 1401/2/2881 1390/2/2463 1374/2/2463
f 1390/2/2460 1401/2/2460 1402/2/2882
f 1402/2/2882 1385/2/2460 1390/2/2460
f 1392/2/2459 1386/2/2458 1385/2/2883
f 1385/2/2883 1402/2/2883 1392/2/2459
f 1403/2/2884 1404/2/2885 1405/2/2886
f 1405/2/2886 1406/2/2887 1403/2/2884
f 1407/2/2888 1408/2/2889 1404/2/2890
f 1404/2/2890 1403/2/2891 1407/2/2888
f 1404/2/2885 1409/2/2892 1410/2/2893
f 1410/2/2893 1405/2/2886 1404/2/2885
f 1404/2/2890 1408/2/2889 1411/2/2894
f 1411/2/2894 1409/2/2895 1404/2/2890
f 1406/2/2896 1412/2/2897 1413/2/2898
f 1413/2/2898 1414/2/2487 1406/2/2896
f 1406/2/2887 1414/2/2899 1415/2/2900
f 1415/2/2900 1403/2/2884 1406/2/2887
f 1407/2/2888 1403/2/2891 1415/2/2901
f 1415/2/2901 1416/2/2902 1407/2/2888
f 1417/2/2903 1407/2/2904 1416/2/2481
f 1416/2/2481 1418/2/2481 1417/2/2903
f 1408/2/2905 1407/2/2905 1417/2/2905
f 1417/2/2905 1419/2/2905 1408/2/2905
f 1420/2/2496 1411/2/2906 1408/2/2496
f 1408/2/2496 1419/2/2496 1420/2/2496
f 1398/2/2907 1396/2/2494 1411/2/2494
f 1411/2/2494 1420/2/2494 1398/2/2907
f 1395/2/2871 1409/2/2895 1411/2/2894
f 1411/2/2894 1396/2/2872 1395/2/2871
f 1395/2/2870 1394/2/2869 1410/2/2893
f 1410/2/2893 1409/2/2892 1395/2/2870
f 1394/2/2492 1393/2/2492 1421/2/2492
f 1421/2/2492 1410/2/2492 1394/2/2492
f 1410/2/2490 1421/2/2490 1422/2/2908
f 1422/2/2908 1405/2/2490 1410/2/2490
f 1412/2/2488 1406/2/2488 1405/2/2488
f 1405/2/2488 1422/2/2488 1412/2/2488
f 1423/2/2909 1424/2/2910 1425/2/2911
f 1425/2/2911 1426/2/2912 1423/2/2909
f 1427/2/2913 1428/2/2914 1424/2/2915
f 1424/2/2915 1423/2/2916 1427/2/2913
f 1424/2/2910 1429/2/2917 1430/2/2918
f 1430/2/2918 1425/2/2911 1424/2/2910
f 1424/2/2915 1428/2/2914 1431/2/2919
f 1431/2/2919 1429/2/2920 1424/2/2915
f 1426/2/2921 1432/2/2921 1433/2/2520
f 1433/2/2520 1434/2/2520 1426/2/2921
f 1426/2/2912 1434/2/2922 1435/2/2923
f 1435/2/2923 1423/2/2909 1426/2/2912
f 1427/2/2913 1423/2/2916 1435/2/2924
f 1435/2/2924 1436/2/2925 1427/2/2913
f 1437/2/2514 1427/2/2514 1436/2/2514
f 1436/2/2514 1438/2/2514 1437/2/2514
f 1428/2/2926 1427/2/2529 1437/2/2529
f 1437/2/2529 1439/2/2529 1428/2/2926
f 1440/2/2927 1431/2/2927 1428/2/2927
f 1428/2/2927 1439/2/2927 1440/2/2927
f 1418/2/2526 1416/2/2526 1431/2/2526
f 1431/2/2526 1440/2/2526 1418/2/2526
f 1415/2/2901 1429/2/2920 1431/2/2919
f 1431/2/2919 1416/2/2902 1415/2/2901
f 1415/2/2900 1414/2/2899 1430/2/2918
f 1430/2/2918 1429/2/2917 1415/2/2900
f 1414/2/2525 1413/2/2525 1441/2/2525
f 1441/2/2525 1430/2/2525 1414/2/2525
f 1430/2/2523 1441/2/2523 1442/2/2523
f 1442/2/2523 1425/2/2523 1430/2/2523
f 1432/2/2521 1426/2/2521 1425/2/2521
f 1425/2/2521 1442/2/2521 1432/2/2521
f 1443/2/2928 1444/2/2929 1445/2/2930
f 1445/2/2930 1446/2/2931 1443/2/2928
f 1447/2/2932 1448/2/2933 1444/2/2934
f 1444/2/2934 1443/2/2935 1447/2/2932
f 1444/2/2929 1449/2/2936 1450/2/2937
f 1450/2/2937 1445/2/2930 1444/2/2929
f 1444/2/2934 1448/2/2933 1451/2/2938
f 1451/2/2938 1449/2/2939 1444/2/2934
f 1446/2/2940 1452/2/2548 1453/2/2548
f 1453/2/2548 1454/2/2548 1446/2/2940
f 1446/2/2931 1454/2/2941 1455/2/2942
f 1455/2/2942 1443/2/2928 1446/2/2931
f 1447/2/2932 1443/2/2935 1455/2/2943
f 1455/2/2943 1456/2/2944 1447/2/2932
f 1457/2/2542 1447/2/2542 1456/2/2542
f 1456/2/2542 1458/2/2542 1457/2/2542
f 1448/2/2945 1447/2/2563 1457/2/2563
f 1457/2/2563 1459/2/2946 1448/2/2945
f 1460/2/2562 1451/2/2562 1448/2/2562
f 1448/2/2562 1459/2/2947 1460/2/2562
f 1438/2/2560 1436/2/2560 1451/2/2560
f 1451/2/2560 1460/2/2560 1438/2/2560
f 1435/2/2924 1449/2/2939 1451/2/2938
f 1451/2/2938 1436/2/2925 1435/2/2924
f 1435/2/2923 1434/2/2922 1450/2/2937
f 1450/2/2937 1449/2/2936 1435/2/2923
f 1434/2/2557 1433/2/2557 1461/2/2557
f 1461/2/2557 1450/2/2556 1434/2/2557
f 1450/2/2948 1461/2/2553 1462/2/2948
f 1462/2/2948 1445/2/2949 1450/2/2948
f 1452/2/2950 1446/2/2951 1445/2/2950
f 1445/2/2950 1462/2/2952 1452/2/2950
f 1463/2/2953 1464/2/2954 1465/2/2955
f 1465/2/2955 1466/2/2956 1463/2/2953
f 1467/2/2957 1468/2/2958 1464/2/2959
f 1464/2/2959 1463/2/2960 1467/2/2957
f 1464/2/2954 1469/2/2961 1470/2/2962
f 1470/2/2962 1465/2/2955 1464/2/2954
f 1464/2/2959 1468/2/2958 1471/2/2963
f 1471/2/2963 1469/2/2964 1464/2/2959
f 1466/2/2965 1472/2/2965 1473/2/2583
f 1473/2/2583 1474/2/2583 1466/2/2965
f 1466/2/2956 1474/2/2966 1475/2/2967
f 1475/2/2967 1463/2/2953 1466/2/2956
f 1467/2/2957 1463/2/2960 1475/2/2968
f 1475/2/2968 1476/2/2969 1467/2/2957
f 1477/2/2970 1467/2/2576 1476/2/2971
f 1476/2/2971 1478/2/2972 1477/2/2970
f 1468/2/2594 1467/2/2594 1477/2/2594
f 1477/2/2594 1479/2/2594 1468/2/2594
f 1480/2/2973 1471/2/2973 1468/2/2593
f 1468/2/2593 1479/2/2593 1480/2/2973
f 1458/2/2590 1456/2/2590 1471/2/2974
f 1471/2/2974 1480/2/2590 1458/2/2590
f 1455/2/2943 1469/2/2964 1471/2/2963
f 1471/2/2963 1456/2/2944 1455/2/2943
f 1455/2/2942 1454/2/2941 1470/2/2962
f 1470/2/2962 1469/2/2961 1455/2/2942
f 1454/2/2975 1453/2/2975 1481/2/2975
f 1481/2/2975 1470/2/2975 1454/2/2975
f 1470/2/2976 1481/2/2976 1482/2/2976
f 1482/2/2976 1465/2/2976 1470/2/2976
f 1472/2/2584 1466/2/2585 1465/2/2584
f 1465/2/2584 1482/2/2584 1472/2/2584
f 1483/2/2977 1484/2/2978 1485/2/2979
f 1485/2/2979 1486/2/2980 1483/2/2977
f 1487/2/2981 1488/2/2982 1484/2/2983
f 1484/2/2983 1483/2/2984 1487/2/2981
f 1484/2/2978 1489/2/2985 1490/2/2986
f 1490/2/2986 1485/2/2979 1484/2/2978
f 1484/2/2983 1488/2/2982 1491/2/2987
f 1491/2/2987 1489/2/2988 1484/2/2983
f 1486/2/2989 1492/2/2615 881/2/2989
f 881/2/2989 879/2/2989 1486/2/2989
f 1483/2/2977 1486/2/2980 879/2/2164
f 879/2/2164 878/2/2163 1483/2/2977
f 1483/2/2984 878/2/2162 876/2/2161
f 876/2/2161 1487/2/2981 1483/2/2984
f 876/2/2990 877/2/2990 1493/2/2610
f 1493/2/2610 1487/2/2610 876/2/2990
f 1488/2/2628 1487/2/2628 1493/2/2628
f 1493/2/2628 1494/2/2628 1488/2/2628
f 1495/2/2625 1491/2/2625 1488/2/2626
f 1488/2/2626 1494/2/2626 1495/2/2625
f 1478/2/2991 1476/2/2992 1491/2/2993
f 1491/2/2993 1495/2/2994 1478/2/2991
f 1475/2/2968 1489/2/2988 1491/2/2987
f 1491/2/2987 1476/2/2969 1475/2/2968
f 1475/2/2967 1474/2/2966 1490/2/2986
f 1490/2/2986 1489/2/2985 1475/2/2967
f 1474/2/2995 1473/2/2621 1496/2/2621
f 1496/2/2621 1490/2/2621 1474/2/2995
f 1490/2/2996 1496/2/2620 1497/2/2620
f 1497/2/2620 1485/2/2620 1490/2/2996
f 1492/2/2619 1486/2/2619 1485/2/2619
f 1485/2/2619 1497/2/2619 1492/2/2619
f 1498/2/2997 1499/2/2998 1500/2/2999
f 1500/2/2999 1501/2/3000 1498/2/2997
f 1502/2/3001 1503/2/3002 1499/2/2998
f 1499/2/2998 1498/2/2997 1502/2/3001
f 1499/2/3003 1504/2/3004 1505/2/3005
f 1505/2/3005 1500/2/3006 1499/2/3003
f 1499/2/3003 1503/2/3007 1506/2/3008
f 1506/2/3008 1504/2/3004 1499/2/3003
f 1507/2/3009 1501/2/3009 1508/2/3009
f 1508/2/3009 1509/2/3009 1507/2/3009
f 1510/2/3010 1498/2/3010 1501/2/3010
f 1501/2/3010 1507/2/3011 1510/2/3010
f 1498/2/3012 1510/2/3012 1511/2/3012
f 1511/2/3012 1502/2/3012 1498/2/3012
f 842/2/3013 1502/2/3013 1511/2/3013
f 1511/2/3013 843/2/3013 842/2/3013
f 842/2/2131 857/2/2132 1503/2/3002
f 1503/2/3002 1502/2/3001 842/2/2131
f 856/2/2129 1506/2/3008 1503/2/3007
f 1503/2/3007 857/2/2130 856/2/2129
f 1506/2/3014 856/2/3015 855/2/3015
f 855/2/3015 1512/2/3016 1506/2/3014
f 1512/2/3017 1513/2/3017 1504/2/3017
f 1504/2/3017 1506/2/3017 1512/2/3017
f 1504/2/3018 1513/2/3019 1514/2/3019
f 1514/2/3019 1505/2/3020 1504/2/3018
f 1514/2/3021 1515/2/3022 1516/2/3021
f 1516/2/3021 1505/2/3021 1514/2/3021
f 1505/2/3005 1516/2/3023 1517/2/3024
f 1517/2/3024 1500/2/3006 1505/2/3005
f 1501/2/3000 1500/2/2999 1517/2/3025
f 1517/2/3025 1508/2/3026 1501/2/3000
f 1518/2/3027 1519/2/3028 1520/2/3029
f 1520/2/3029 1521/2/3030 1518/2/3027
f 1522/2/3031 1523/2/3032 1519/2/3028
f 1519/2/3028 1518/2/3027 1522/2/3031
f 1519/2/3033 1524/2/3034 1525/2/3035
f 1525/2/3035 1520/2/3036 1519/2/3033
f 1519/2/3033 1523/2/3037 1526/2/3038
f 1526/2/3038 1524/2/3034 1519/2/3033
f 1527/2/3039 1528/2/3040 1529/2/3041
f 1529/2/3041 1521/2/3042 1527/2/3039
f 1529/2/3043 1530/2/3044 1518/2/3043
f 1518/2/3043 1521/2/3043 1529/2/3043
f 1518/2/3045 1530/2/3046 1531/2/3047
f 1531/2/3047 1522/2/3048 1518/2/3045
f 1508/2/3049 1522/2/3049 1531/2/3049
f 1531/2/3049 1509/2/3049 1508/2/3049
f 1522/2/3031 1508/2/3026 1517/2/3025
f 1517/2/3025 1523/2/3032 1522/2/3031
f 1516/2/3023 1526/2/3038 1523/2/3037
f 1523/2/3037 1517/2/3024 1516/2/3023
f 1526/2/3050 1516/2/3051 1515/2/3052
f 1515/2/3052 1532/2/3053 1526/2/3050
f 1532/2/3054 1533/2/3054 1524/2/3055
f 1524/2/3055 1526/2/3054 1532/2/3054
f 1534/2/3056 1525/2/3056 1524/2/3057
f 1524/2/3057 1533/2/3058 1534/2/3056
f 1534/2/3059 1535/2/3060 1536/2/3059
f 1536/2/3059 1525/2/3059 1534/2/3059
f 1520/2/3036 1525/2/3035 1536/2/3061
f 1536/2/3061 1537/2/3062 1520/2/3036
f 1537/2/3063 1527/2/3064 1521/2/3030
f 1521/2/3030 1520/2/3029 1537/2/3063
f 1538/2/3065 1539/2/3066 1540/2/3067
f 1540/2/3067 1541/2/3068 1538/2/3065
f 1542/2/3069 1543/2/3070 1539/2/3066
f 1539/2/3066 1538/2/3065 1542/2/3069
f 1539/2/3071 1544/2/3072 1545/2/3073
f 1545/2/3073 1540/2/3074 1539/2/3071
f 1539/2/3071 1543/2/3075 1546/2/3076
f 1546/2/3076 1544/2/3072 1539/2/3071
f 1547/2/3077 1548/2/3078 1549/2/3079
f 1549/2/3079 1541/2/3080 1547/2/3077
f 1538/2/3081 1541/2/3081 1549/2/3081
f 1549/2/3081 1550/2/3081 1538/2/3081
f 1538/2/3082 1550/2/3082 1551/2/3082
f 1551/2/3082 1542/2/3082 1538/2/3082
f 1527/2/3083 1542/2/3083 1551/2/3083
f 1551/2/3083 1528/2/3083 1527/2/3083
f 1542/2/3069 1527/2/3064 1537/2/3063
f 1537/2/3063 1543/2/3070 1542/2/3069
f 1536/2/3061 1546/2/3076 1543/2/3075
f 1543/2/3075 1537/2/3062 1536/2/3061
f 1546/2/3084 1536/2/3084 1535/2/3084
f 1535/2/3084 1552/2/3084 1546/2/3084
f 1552/2/3085 1553/2/3085 1544/2/3086
f 1544/2/3086 1546/2/3085 1552/2/3085
f 1553/2/3087 1554/2/3087 1545/2/3087
f 1545/2/3087 1544/2/3087 1553/2/3087
f 1554/2/3088 1555/2/3088 1556/2/3088
f 1556/2/3088 1545/2/3088 1554/2/3088
f 1545/2/3073 1556/2/3089 1557/2/3090
f 1557/2/3090 1540/2/3074 1545/2/3073
f 1540/2/3067 1557/2/3091 1547/2/3092
f 1547/2/3092 1541/2/3068 1540/2/3067
f 1558/2/3093 1559/2/3094 1560/2/3095
f 1560/2/3095 1561/2/3096 1558/2/3093
f 1562/2/3097 1563/2/3098 1559/2/3094
f 1559/2/3094 1558/2/3093 1562/2/3097
f 1559/2/3099 1564/2/3100 1565/2/3101
f 1565/2/3101 1560/2/3102 1559/2/3099
f 1559/2/3099 1563/2/3103 1566/2/3104
f 1566/2/3104 1564/2/3100 1559/2/3099
f 1567/2/3105 1568/2/3105 1569/2/3105
f 1569/2/3105 1561/2/3105 1567/2/3105
f 1558/2/3106 1561/2/3106 1569/2/3106
f 1569/2/3106 1570/2/3106 1558/2/3106
f 1558/2/3107 1570/2/3107 1571/2/3107
f 1571/2/3107 1562/2/3107 1558/2/3107
f 1547/2/3108 1562/2/3109 1571/2/3110
f 1571/2/3110 1548/2/3111 1547/2/3108
f 1562/2/3097 1547/2/3092 1557/2/3091
f 1557/2/3091 1563/2/3098 1562/2/3097
f 1563/2/3103 1557/2/3090 1556/2/3089
f 1556/2/3089 1566/2/3104 1563/2/3103
f 1566/2/3112 1556/2/3112 1555/2/3112
f 1555/2/3112 1572/2/3112 1566/2/3112
f 1572/2/3113 1573/2/3113 1564/2/3113
f 1564/2/3113 1566/2/3113 1572/2/3113
f 1573/2/3114 1574/2/3114 1565/2/3114
f 1565/2/3114 1564/2/3114 1573/2/3114
f 1574/2/3115 1575/2/3116 1576/2/3117
f 1576/2/3117 1565/2/3117 1574/2/3115
f 1560/2/3102 1565/2/3101 1576/2/3118
f 1576/2/3118 1577/2/3119 1560/2/3102
f 1560/2/3095 1577/2/3120 1567/2/3121
f 1567/2/3121 1561/2/3096 1560/2/3095
f 1578/2/3122 1579/2/3123 1580/2/3124
f 1580/2/3124 1581/2/3125 1578/2/3122
f 1582/2/3126 1583/2/3127 1579/2/3123
f 1579/2/3123 1578/2/3122 1582/2/3126
f 1579/2/3128 1584/2/3129 1585/2/3130
f 1585/2/3130 1580/2/3131 1579/2/3128
f 1579/2/3128 1583/2/3132 1586/2/3133
f 1586/2/3133 1584/2/3129 1579/2/3128
f 1587/2/3134 1588/2/3135 1589/2/3136
f 1589/2/3136 1581/2/3135 1587/2/3134
f 1578/2/3137 1581/2/3137 1589/2/3137
f 1589/2/3137 1590/2/3137 1578/2/3137
f 1578/2/3138 1590/2/3138 1591/2/3139
f 1591/2/3139 1582/2/3140 1578/2/3138
f 1567/2/3141 1582/2/3142 1591/2/3141
f 1591/2/3141 1568/2/3141 1567/2/3141
f 1582/2/3126 1567/2/3121 1577/2/3120
f 1577/2/3120 1583/2/3127 1582/2/3126
f 1576/2/3118 1586/2/3133 1583/2/3132
f 1583/2/3132 1577/2/3119 1576/2/3118
f 1586/2/3143 1576/2/3144 1575/2/3144
f 1575/2/3144 1592/2/3145 1586/2/3143
f 1592/2/3146 1593/2/3146 1584/2/3147
f 1584/2/3147 1586/2/3146 1592/2/3146
f 1593/2/3148 1594/2/3149 1585/2/3149
f 1585/2/3149 1584/2/3149 1593/2/3148
f 1594/2/3150 1595/2/3150 1596/2/3151
f 1596/2/3151 1585/2/3150 1594/2/3150
f 1580/2/3131 1585/2/3130 1596/2/3152
f 1596/2/3152 1597/2/3153 1580/2/3131
f 1580/2/3124 1597/2/3154 1587/2/3155
f 1587/2/3155 1581/2/3125 1580/2/3124
f 1598/2/3156 1599/2/3157 1600/2/3158
f 1600/2/3158 1601/2/3159 1598/2/3156
f 1602/2/3160 1603/2/3161 1599/2/3157
f 1599/2/3157 1598/2/3156 1602/2/3160
f 1599/2/3162 1604/2/3163 1605/2/3164
f 1605/2/3164 1600/2/3165 1599/2/3162
f 1599/2/3162 1603/2/3166 1606/2/3167
f 1606/2/3167 1604/2/3163 1599/2/3162
f 1607/2/3168 1608/2/3168 1609/2/3169
f 1609/2/3169 1601/2/3168 1607/2/3168
f 1598/2/3170 1601/2/3170 1609/2/3170
f 1609/2/3170 1610/2/3170 1598/2/3170
f 1598/2/3171 1610/2/3171 1611/2/3171
f 1611/2/3171 1602/2/3171 1598/2/3171
f 1587/2/3172 1602/2/3172 1611/2/3172
f 1611/2/3172 1588/2/3172 1587/2/3172
f 1602/2/3160 1587/2/3155 1597/2/3154
f 1597/2/3154 1603/2/3161 1602/2/3160
f 1596/2/3152 1606/2/3167 1603/2/3166
f 1603/2/3166 1597/2/3153 1596/2/3152
f 1606/2/3173 1596/2/3173 1595/2/3173
f 1595/2/3173 1612/2/3173 1606/2/3173
f 1612/2/3174 1613/2/3175 1604/2/3174
f 1604/2/3174 1606/2/3174 1612/2/3174
f 1613/2/3176 1614/2/3176 1605/2/3176
f 1605/2/3176 1604/2/3176 1613/2/3176
f 1614/2/3177 1615/2/3178 1616/2/3179
f 1616/2/3179 1605/2/3177 1614/2/3177
f 1600/2/3165 1605/2/3164 1616/2/3180
f 1616/2/3180 1617/2/3181 1600/2/3165
f 1600/2/3158 1617/2/3182 1607/2/3183
f 1607/2/3183 1601/2/3159 1600/2/3158
f 1618/2/3184 1619/2/3185 1620/2/3186
f 1620/2/3186 1621/2/3187 1618/2/3184
f 1622/2/3188 1623/2/3189 1619/2/3185
f 1619/2/3185 1618/2/3184 1622/2/3188
f 1619/2/3190 1624/2/3191 1625/2/3192
f 1625/2/3192 1620/2/3193 1619/2/3190
f 1619/2/3190 1623/2/3194 1626/2/3195
f 1626/2/3195 1624/2/3191 1619/2/3190
f 1627/2/3196 1628/2/3196 1629/2/3196
f 1629/2/3196 1621/2/3196 1627/2/3196
f 1618/2/3197 1621/2/3198 1629/2/3199
f 1629/2/3199 1630/2/3199 1618/2/3197
f 1618/2/3200 1630/2/3200 1631/2/3200
f 1631/2/3200 1622/2/3200 1618/2/3200
f 1607/2/3201 1622/2/3201 1631/2/3201
f 1631/2/3201 1608/2/3201 1607/2/3201
f 1622/2/3188 1607/2/3183 1617/2/3182
f 1617/2/3182 1623/2/3189 1622/2/3188
f 1616/2/3180 1626/2/3195 1623/2/3194
f 1623/2/3194 1617/2/3181 1616/2/3180
f 1626/2/3202 1616/2/3203 1615/2/3204
f 1615/2/3204 1632/2/3205 1626/2/3202
f 1632/2/3206 1633/2/3206 1624/2/3206
f 1624/2/3206 1626/2/3206 1632/2/3206
f 1633/2/3207 1634/2/3207 1625/2/3207
f 1625/2/3207 1624/2/3207 1633/2/3207
f 1634/2/3208 1635/2/3209 1636/2/3208
f 1636/2/3208 1625/2/3208 1634/2/3208
f 1620/2/3193 1625/2/3192 1636/2/3210
f 1636/2/3210 1637/2/3210 1620/2/3193
f 1620/2/3186 1637/2/3211 1627/2/3212
f 1627/2/3212 1621/2/3187 1620/2/3186
f 1638/2/3213 1639/2/3214 1640/2/3215
f 1640/2/3215 1641/2/3216 1638/2/3213
f 1642/2/3217 1643/2/3218 1639/2/3214
f 1639/2/3214 1638/2/3213 1642/2/3217
f 1639/2/3219 1644/2/3220 1645/2/3221
f 1645/2/3221 1640/2/3222 1639/2/3219
f 1639/2/3219 1643/2/3223 1646/2/3224
f 1646/2/3224 1644/2/3220 1639/2/3219
f 1647/2/3225 1648/2/3226 1649/2/3226
f 1649/2/3226 1641/2/3226 1647/2/3225
f 1638/2/3227 1641/2/3228 1649/2/3228
f 1649/2/3228 1650/2/3227 1638/2/3227
f 1638/2/3229 1650/2/3230 1651/2/3229
f 1651/2/3229 1642/2/3231 1638/2/3229
f 1627/2/3232 1642/2/3232 1651/2/3232
f 1651/2/3232 1628/2/3232 1627/2/3232
f 1642/2/3217 1627/2/3212 1637/2/3211
f 1637/2/3211 1643/2/3218 1642/2/3217
f 1636/2/3210 1646/2/3224 1643/2/3223
f 1643/2/3223 1637/2/3210 1636/2/3210
f 1652/2/3233 1646/2/3234 1636/2/3235
f 1636/2/3235 1635/2/3235 1652/2/3233
f 1652/2/3236 1653/2/3236 1644/2/3236
f 1644/2/3236 1646/2/3236 1652/2/3236
f 1653/2/3237 1654/2/3238 1645/2/3239
f 1645/2/3239 1644/2/3237 1653/2/3237
f 1654/2/3240 1655/2/3240 1656/2/3241
f 1656/2/3241 1645/2/3241 1654/2/3240
f 1640/2/3222 1645/2/3221 1656/2/3242
f 1656/2/3242 1657/2/3243 1640/2/3222
f 1640/2/3215 1657/2/3244 1647/2/3245
f 1647/2/3245 1641/2/3216 1640/2/3215
f 1658/2/3246 1659/2/3247 1660/2/3248
f 1660/2/3248 1661/2/3249 1658/2/3246
f 1662/2/3250 1663/2/3251 1659/2/3247
f 1659/2/3247 1658/2/3246 1662/2/3250
f 1659/2/3252 1664/2/3253 1665/2/3254
f 1665/2/3254 1660/2/3255 1659/2/3252
f 1659/2/3252 1663/2/3256 1666/2/3257
f 1666/2/3257 1664/2/3253 1659/2/3252
f 1667/2/3258 1668/2/3258 1669/2/3258
f 1669/2/3258 1661/2/3258 1667/2/3258
f 1658/2/3259 1661/2/3259 1669/2/3259
f 1669/2/3259 1670/2/3259 1658/2/3259
f 1658/2/3260 1670/2/3260 1671/2/3260
f 1671/2/3260 1662/2/3260 1658/2/3260
f 1647/2/3261 1662/2/3262 1671/2/3263
f 1671/2/3263 1648/2/3264 1647/2/3261
f 1662/2/3250 1647/2/3245 1657/2/3244
f 1657/2/3244 1663/2/3251 1662/2/3250
f 1656/2/3242 1666/2/3257 1663/2/3256
f 1663/2/3256 1657/2/3243 1656/2/3242
f 1666/2/3265 1656/2/3265 1655/2/3265
f 1655/2/3265 1672/2/3266 1666/2/3265
f 1672/2/3267 1673/2/3267 1664/2/3267
f 1664/2/3267 1666/2/3268 1672/2/3267
f 1673/2/3269 1674/2/3270 1665/2/3270
f 1665/2/3270 1664/2/3269 1673/2/3269
f 1674/2/3271 1675/2/3271 1676/2/3272
f 1676/2/3272 1665/2/3271 1674/2/3271
f 1660/2/3255 1665/2/3254 1676/2/3273
f 1676/2/3273 1677/2/3274 1660/2/3255
f 1660/2/3248 1677/2/3275 1667/2/3276
f 1667/2/3276 1661/2/3249 1660/2/3248
f 1678/2/3277 1679/2/3278 1680/2/3279
f 1680/2/3279 1681/2/3280 1678/2/3277
f 1682/2/3281 1683/2/3282 1679/2/3278
f 1679/2/3278 1678/2/3277 1682/2/3281
f 1679/2/3283 1684/2/3284 1685/2/3285
f 1685/2/3285 1680/2/3286 1679/2/3283
f 1679/2/3283 1683/2/3287 1686/2/3288
f 1686/2/3288 1684/2/3284 1679/2/3283
f 1687/2/3289 1688/2/3289 1689/2/3290
f 1689/2/3290 1681/2/3290 1687/2/3289
f 1678/2/3291 1681/2/3291 1689/2/3291
f 1689/2/3291 1690/2/3291 1678/2/3291
f 1678/2/3292 1690/2/3293 1691/2/3292
f 1691/2/3292 1682/2/3292 1678/2/3292
f 1667/2/3294 1682/2/3295 1691/2/3294
f 1691/2/3294 1668/2/3294 1667/2/3294
f 1682/2/3281 1667/2/3276 1677/2/3275
f 1677/2/3275 1683/2/3282 1682/2/3281
f 1676/2/3273 1686/2/3288 1683/2/3287
f 1683/2/3287 1677/2/3274 1676/2/3273
f 1686/2/3296 1676/2/3297 1675/2/3298
f 1675/2/3298 1692/2/3297 1686/2/3296
f 1692/2/3299 1693/2/3299 1684/2/3299
f 1684/2/3299 1686/2/3299 1692/2/3299
f 1693/2/3300 1694/2/3300 1685/2/3300
f 1685/2/3300 1684/2/3300 1693/2/3300
f 1694/2/3301 1695/2/3301 1696/2/3301
f 1696/2/3301 1685/2/3302 1694/2/3301
f 1680/2/3286 1685/2/3285 1696/2/3303
f 1696/2/3303 1697/2/3304 1680/2/3286
f 1680/2/3279 1697/2/3305 1687/2/3306
f 1687/2/3306 1681/2/3280 1680/2/3279
f 1698/2/3307 1699/2/3308 1700/2/3309
f 1700/2/3309 1701/2/3310 1698/2/3307
f 1702/2/3311 1703/2/3312 1699/2/3308
f 1699/2/3308 1698/2/3307 1702/2/3311
f 1699/2/3313 1704/2/3314 1705/2/3315
f 1705/2/3315 1700/2/3316 1699/2/3313
f 1699/2/3313 1703/2/3317 1706/2/3318
f 1706/2/3318 1704/2/3314 1699/2/3313
f 1707/2/3319 1708/2/3319 1709/2/3319
f 1709/2/3319 1701/2/3319 1707/2/3319
f 1698/2/3320 1701/2/3320 1709/2/3320
f 1709/2/3320 1710/2/3320 1698/2/3320
f 1698/2/3321 1710/2/3321 1711/2/3321
f 1711/2/3321 1702/2/3321 1698/2/3321
f 1687/2/3322 1702/2/3323 1711/2/3323
f 1711/2/3323 1688/2/3323 1687/2/3322
f 1702/2/3311 1687/2/3306 1697/2/3305
f 1697/2/3305 1703/2/3312 1702/2/3311
f 1696/2/3303 1706/2/3318 1703/2/3317
f 1703/2/3317 1697/2/3304 1696/2/3303
f 1706/2/3324 1696/2/3324 1695/2/3324
f 1695/2/3324 1712/2/3324 1706/2/3324
f 1712/2/3325 1713/2/3326 1704/2/3325
f 1704/2/3325 1706/2/3327 1712/2/3325
f 1713/2/3328 1714/2/3329 1705/2/3330
f 1705/2/3330 1704/2/3331 1713/2/3328
f 1714/2/3332 1715/2/3332 1716/2/3332
f 1716/2/3332 1705/2/3332 1714/2/3332
f 1700/2/3316 1705/2/3315 1716/2/3333
f 1716/2/3333 1717/2/3334 1700/2/3316
f 1700/2/3309 1717/2/3335 1707/2/3336
f 1707/2/3336 1701/2/3310 1700/2/3309
f 1718/2/3337 1719/2/3338 1720/2/3339
f 1720/2/3339 1721/2/3340 1718/2/3337
f 1722/2/3341 1723/2/3342 1719/2/3338
f 1719/2/3338 1718/2/3337 1722/2/3341
f 1719/2/3343 1724/2/3344 1725/2/3345
f 1725/2/3345 1720/2/3346 1719/2/3343
f 1719/2/3343 1723/2/3347 1726/2/3348
f 1726/2/3348 1724/2/3344 1719/2/3343
f 1727/2/3349 1728/2/3349 1729/2/3350
f 1729/2/3350 1721/2/3349 1727/2/3349
f 1718/2/3351 1721/2/3351 1729/2/3351
f 1729/2/3351 1730/2/3352 1718/2/3351
f 1718/2/3353 1730/2/3353 1731/2/3353
f 1731/2/3353 1722/2/3353 1718/2/3353
f 1707/2/3354 1722/2/3355 1731/2/3355
f 1731/2/3355 1708/2/3354 1707/2/3354
f 1722/2/3341 1707/2/3336 1717/2/3335
f 1717/2/3335 1723/2/3342 1722/2/3341
f 1716/2/3333 1726/2/3348 1723/2/3347
f 1723/2/3347 1717/2/3334 1716/2/3333
f 1726/2/3356 1716/2/3356 1715/2/3357
f 1715/2/3357 1732/2/3356 1726/2/3356
f 1732/2/3358 1733/2/3358 1724/2/3358
f 1724/2/3358 1726/2/3358 1732/2/3358
f 1733/2/3359 1734/2/3359 1725/2/3359
f 1725/2/3359 1724/2/3359 1733/2/3359
f 1734/2/3360 1735/2/3360 1736/2/3361
f 1736/2/3361 1725/2/3362 1734/2/3360
f 1720/2/3346 1725/2/3345 1736/2/3363
f 1736/2/3363 1737/2/3364 1720/2/3346
f 1720/2/3339 1737/2/3365 1727/2/3366
f 1727/2/3366 1721/2/3340 1720/2/3339
f 1738/2/3367 1739/2/3368 1740/2/3369
f 1740/2/3369 1741/2/3370 1738/2/3367
f 1742/2/3371 1743/2/3372 1739/2/3368
f 1739/2/3368 1738/2/3367 1742/2/3371
f 1739/2/3373 1744/2/3374 1745/2/3375
f 1745/2/3375 1740/2/3376 1739/2/3373
f 1739/2/3373 1743/2/3377 1746/2/3378
f 1746/2/3378 1744/2/3374 1739/2/3373
f 1747/2/3379 1748/2/3380 1749/2/3380
f 1749/2/3380 1741/2/3381 1747/2/3379
f 1738/2/3382 1741/2/3383 1749/2/3384
f 1749/2/3384 1750/2/3385 1738/2/3382
f 1738/2/3386 1750/2/3387 1751/2/3386
f 1751/2/3386 1742/2/3387 1738/2/3386
f 1727/2/3388 1742/2/3388 1751/2/3388
f 1751/2/3388 1728/2/3388 1727/2/3388
f 1742/2/3371 1727/2/3366 1737/2/3365
f 1737/2/3365 1743/2/3372 1742/2/3371
f 1736/2/3363 1746/2/3378 1743/2/3377
f 1743/2/3377 1737/2/3364 1736/2/3363
f 1746/2/3389 1736/2/3390 1735/2/3389
f 1735/2/3389 1752/2/3389 1746/2/3389
f 1752/2/3391 1753/2/3391 1744/2/3392
f 1744/2/3392 1746/2/3391 1752/2/3391
f 1753/2/3393 1754/2/3394 1745/2/3394
f 1745/2/3394 1744/2/3394 1753/2/3393
f 1754/2/3395 1755/2/3396 1756/2/3397
f 1756/2/3397 1745/2/3398 1754/2/3395
f 1740/2/3376 1745/2/3375 1756/2/3399
f 1756/2/3399 1757/2/3400 1740/2/3376
f 1740/2/3369 1757/2/3401 1747/2/3402
f 1747/2/3402 1741/2/3370 1740/2/3369
f 1758/2/3403 1759/2/3404 1760/2/3405
f 1760/2/3405 1761/2/3406 1758/2/3403
f 1762/2/3407 1763/2/3408 1759/2/3404
f 1759/2/3404 1758/2/3403 1762/2/3407
f 1759/2/3409 1764/2/3410 1765/2/3411
f 1765/2/3411 1760/2/3412 1759/2/3409
f 1759/2/3409 1763/2/3413 1766/2/3414
f 1766/2/3414 1764/2/3410 1759/2/3409
f 1767/2/3415 1768/2/3415 1769/2/3415
f 1769/2/3415 1761/2/3415 1767/2/3415
f 1758/2/3416 1761/2/3417 1769/2/3416
f 1769/2/3416 1770/2/3416 1758/2/3416
f 1758/2/3418 1770/2/3419 1771/2/3419
f 1771/2/3419 1762/2/3419 1758/2/3418
f 1747/2/3420 1762/2/3420 1771/2/3420
f 1771/2/3420 1748/2/3421 1747/2/3420
f 1762/2/3407 1747/2/3402 1757/2/3401
f 1757/2/3401 1763/2/3408 1762/2/3407
f 1756/2/3399 1766/2/3414 1763/2/3413
f 1763/2/3413 1757/2/3400 1756/2/3399
f 1766/2/3422 1756/2/3423 1755/2/3424
f 1755/2/3424 1772/2/3424 1766/2/3422
f 1772/2/3425 1773/2/3426 1764/2/3426
f 1764/2/3426 1766/2/3425 1772/2/3425
f 1773/2/3427 1774/2/3427 1765/2/3427
f 1765/2/3427 1764/2/3427 1773/2/3427
f 1774/2/3428 1775/2/3428 1776/2/3428
f 1776/2/3428 1765/2/3428 1774/2/3428
f 1760/2/3412 1765/2/3411 1776/2/3429
f 1776/2/3429 1777/2/3430 1760/2/3412
f 1760/2/3405 1777/2/3431 1767/2/3432
f 1767/2/3432 1761/2/3406 1760/2/3405
f 1778/2/3433 1779/2/3434 1780/2/3435
f 1780/2/3435 1781/2/3436 1778/2/3433
f 1782/2/3437 1783/2/3438 1779/2/3434
f 1779/2/3434 1778/2/3433 1782/2/3437
f 1779/2/3439 1784/2/3440 1785/2/3441
f 1785/2/3441 1780/2/3442 1779/2/3439
f 1779/2/3439 1783/2/3443 1786/2/3444
f 1786/2/3444 1784/2/3440 1779/2/3439
f 1787/2/3445 1788/2/3445 1789/2/3445
f 1789/2/3445 1781/2/3445 1787/2/3445
f 1778/2/3446 1781/2/3447 1789/2/3447
f 1789/2/3447 1790/2/3447 1778/2/3446
f 1778/2/3448 1790/2/3448 1791/2/3448
f 1791/2/3448 1782/2/3449 1778/2/3448
f 1767/2/3450 1782/2/3450 1791/2/3450
f 1791/2/3450 1768/2/3450 1767/2/3450
f 1782/2/3437 1767/2/3432 1777/2/3431
f 1777/2/3431 1783/2/3438 1782/2/3437
f 1776/2/3429 1786/2/3444 1783/2/3443
f 1783/2/3443 1777/2/3430 1776/2/3429
f 1786/2/3451 1776/2/3452 1775/2/3453
f 1775/2/3453 1792/2/3453 1786/2/3451
f 1792/2/3454 1793/2/3454 1784/2/3455
f 1784/2/3455 1786/2/3456 1792/2/3454
f 1793/2/3457 1794/2/3457 1785/2/3457
f 1785/2/3457 1784/2/3457 1793/2/3457
f 1794/2/3458 1795/2/3459 1796/2/3460
f 1796/2/3460 1785/2/3461 1794/2/3458
f 1780/2/3442 1785/2/3441 1796/2/3462
f 1796/2/3462 1797/2/3463 1780/2/3442
f 1780/2/3435 1797/2/3464 1787/2/3465
f 1787/2/3465 1781/2/3436 1780/2/3435
f 1798/2/3466 1799/2/3467 1800/2/3468
f 1800/2/3468 1801/2/3469 1798/2/3466
f 1802/2/3470 1803/2/3471 1799/2/3467
f 1799/2/3467 1798/2/3466 1802/2/3470
f 1799/2/3472 1804/2/3473 1805/2/3474
f 1805/2/3474 1800/2/3475 1799/2/3472
f 1799/2/3472 1803/2/3476 1806/2/3477
f 1806/2/3477 1804/2/3473 1799/2/3472
f 1807/2/3478 1808/2/3479 1809/2/3478
f 1809/2/3478 1801/2/3480 1807/2/3478
f 1798/2/2124 1801/2/3481 1809/2/3481
f 1809/2/3481 1810/2/2124 1798/2/2124
f 1798/2/3482 1810/2/2121 1811/2/3482
f 1811/2/3482 1802/2/3483 1798/2/3482
f 1787/2/2119 1802/2/2119 1811/2/2119
f 1811/2/2119 1788/2/2119 1787/2/2119
f 1802/2/3470 1787/2/3465 1797/2/3464
f 1797/2/3464 1803/2/3471 1802/2/3470
f 1796/2/3462 1806/2/3477 1803/2/3476
f 1803/2/3476 1797/2/3463 1796/2/3462
f 1806/2/3484 1796/2/3485 1795/2/3484
f 1795/2/3484 1812/2/2113 1806/2/3484
f 1812/2/3486 1813/2/2111 1804/2/2111
f 1804/2/2111 1806/2/3487 1812/2/3486
f 1813/2/3488 1814/2/2110 1805/2/3488
f 1805/2/3488 1804/2/2110 1813/2/3488
f 1814/2/2108 1815/2/2108 1816/2/2108
f 1816/2/2108 1805/2/2108 1814/2/2108
f 1800/2/3475 1805/2/3474 1816/2/3489
f 1816/2/3489 1817/2/3490 1800/2/3475
f 1800/2/3468 1817/2/3491 1807/2/3492
f 1807/2/3492 1801/2/3469 1800/2/3468
f 1818/2/3493 1819/2/3494 1820/2/3495
f 1820/2/3495 1821/2/3496 1818/2/3493
f 1822/2/3497 1823/2/3498 1819/2/3494
f 1819/2/3494 1818/2/3493 1822/2/3497
f 1819/2/3499 1824/2/3500 1825/2/3501
f 1825/2/3501 1820/2/3502 1819/2/3499
f 1819/2/3499 1823/2/3503 1826/2/3504
f 1826/2/3504 1824/2/3500 1819/2/3499
f 1827/2/3021 1828/2/3021 1829/2/3021
f 1829/2/3021 1821/2/3021 1827/2/3021
f 1818/2/3505 1821/2/3506 1829/2/3019
f 1829/2/3019 1830/2/3506 1818/2/3505
f 1818/2/3507 1830/2/3508 1831/2/3507
f 1831/2/3507 1822/2/3508 1818/2/3507
f 1807/2/3509 1822/2/3509 1831/2/3509
f 1831/2/3509 1808/2/3014 1807/2/3509
f 1822/2/3497 1807/2/3492 1817/2/3491
f 1817/2/3491 1823/2/3498 1822/2/3497
f 1816/2/3489 1826/2/3504 1823/2/3503
f 1823/2/3503 1817/2/3490 1816/2/3489
f 1826/2/3013 1816/2/3510 1815/2/3013
f 1815/2/3013 1832/2/3013 1826/2/3013
f 1832/2/3012 1833/2/3511 1824/2/3012
f 1824/2/3012 1826/2/3012 1832/2/3012
f 1833/2/3011 1834/2/3010 1825/2/3011
f 1825/2/3011 1824/2/3512 1833/2/3011
f 1834/2/3513 1835/2/3009 1836/2/3009
f 1836/2/3009 1825/2/3009 1834/2/3513
f 1820/2/3502 1825/2/3501 1836/2/3514
f 1836/2/3514 1837/2/3515 1820/2/3502
f 1820/2/3495 1837/2/3516 1827/2/3517
f 1827/2/3517 1821/2/3496 1820/2/3495
f 1838/2/3518 1839/2/3519 1840/2/3520
f 1840/2/3520 1841/2/3521 1838/2/3518
f 1842/2/3522 1843/2/3523 1839/2/3519
f 1839/2/3519 1838/2/3518 1842/2/3522
f 1839/2/3524 1844/2/3525 1845/2/3526
f 1845/2/3526 1840/2/3527 1839/2/3524
f 1839/2/3524 1843/2/3528 1846/2/3529
f 1846/2/3529 1844/2/3525 1839/2/3524
f 1847/2/3059 1848/2/3059 1849/2/3059
f 1849/2/3059 1841/2/3059 1847/2/3059
f 1838/2/3056 1841/2/3056 1849/2/3056
f 1849/2/3056 1850/2/3056 1838/2/3056
f 1838/2/3054 1850/2/3054 1851/2/3054
f 1851/2/3054 1842/2/3054 1838/2/3054
f 1827/2/3053 1842/2/3053 1851/2/3053
f 1851/2/3053 1828/2/3053 1827/2/3053
f 1842/2/3522 1827/2/3517 1837/2/3516
f 1837/2/3516 1843/2/3523 1842/2/3522
f 1836/2/3514 1846/2/3529 1843/2/3528
f 1843/2/3528 1837/2/3515 1836/2/3514
f 1846/2/3049 1836/2/3049 1835/2/3049
f 1835/2/3049 1852/2/3049 1846/2/3049
f 1852/2/3530 1853/2/3531 1844/2/3532
f 1844/2/3532 1846/2/3530 1852/2/3530
f 1853/2/3043 1854/2/3533 1845/2/3044
f 1845/2/3044 1844/2/3043 1853/2/3043
f 1854/2/3534 1855/2/3535 1856/2/3040
f 1856/2/3040 1845/2/3040 1854/2/3534
f 1840/2/3527 1845/2/3526 1856/2/3536
f 1856/2/3536 1857/2/3537 1840/2/3527
f 1840/2/3520 1857/2/3538 1847/2/3539
f 1847/2/3539 1841/2/3521 1840/2/3520
f 1858/2/3540 1859/2/3541 1860/2/3542
f 1860/2/3542 1861/2/3543 1858/2/3540
f 1862/2/3544 1863/2/3545 1859/2/3541
f 1859/2/3541 1858/2/3540 1862/2/3544
f 1859/2/3546 1864/2/3547 1865/2/3548
f 1865/2/3548 1860/2/3549 1859/2/3546
f 1859/2/3546 1863/2/3550 1866/2/3551
f 1866/2/3551 1864/2/3547 1859/2/3546
f 1867/2/3088 1868/2/3088 1869/2/3088
f 1869/2/3088 1861/2/3088 1867/2/3088
f 1858/2/3087 1861/2/3087 1869/2/3552
f 1869/2/3552 1870/2/3087 1858/2/3087
f 1858/2/3553 1870/2/3554 1871/2/3555
f 1871/2/3555 1862/2/3554 1858/2/3553
f 1847/2/3084 1862/2/3084 1871/2/3084
f 1871/2/3084 1848/2/3084 1847/2/3084
f 1862/2/3544 1847/2/3539 1857/2/3538
f 1857/2/3538 1863/2/3545 1862/2/3544
f 1856/2/3536 1866/2/3551 1863/2/3550
f 1863/2/3550 1857/2/3537 1856/2/3536
f 1866/2/3083 1856/2/3083 1855/2/3556
f 1855/2/3556 1872/2/3083 1866/2/3083
f 1872/2/3557 1873/2/3558 1864/2/3559
f 1864/2/3559 1866/2/3560 1872/2/3557
f 1873/2/3081 1874/2/3081 1865/2/3081
f 1865/2/3081 1864/2/3081 1873/2/3081
f 1874/2/3077 1875/2/3077 1876/2/3077
f 1876/2/3077 1865/2/3077 1874/2/3077
f 1860/2/3549 1865/2/3548 1876/2/3561
f 1876/2/3561 1877/2/3562 1860/2/3549
f 1860/2/3542 1877/2/3563 1867/2/3564
f 1867/2/3564 1861/2/3543 1860/2/3542
f 1878/2/3565 1879/2/3566 1880/2/3567
f 1880/2/3567 1881/2/3568 1878/2/3565
f 1882/2/3569 1883/2/3570 1879/2/3566
f 1879/2/3566 1878/2/3565 1882/2/3569
f 1879/2/3571 1884/2/3572 1885/2/3573
f 1885/2/3573 1880/2/3574 1879/2/3571
f 1879/2/3571 1883/2/3575 1886/2/3576
f 1886/2/3576 1884/2/3572 1879/2/3571
f 1887/2/3117 1888/2/3117 1889/2/3117
f 1889/2/3117 1881/2/3117 1887/2/3117
f 1878/2/3577 1881/2/3114 1889/2/3114
f 1889/2/3114 1890/2/3114 1878/2/3577
f 1878/2/3113 1890/2/3113 1891/2/3113
f 1891/2/3113 1882/2/3113 1878/2/3113
f 1867/2/3578 1882/2/3112 1891/2/3112
f 1891/2/3112 1868/2/3112 1867/2/3578
f 1882/2/3569 1867/2/3564 1877/2/3563
f 1877/2/3563 1883/2/3570 1882/2/3569
f 1876/2/3561 1886/2/3576 1883/2/3575
f 1883/2/3575 1877/2/3562 1876/2/3561
f 1886/2/3579 1876/2/3579 1875/2/3579
f 1875/2/3579 1892/2/3579 1886/2/3579
f 1892/2/3580 1893/2/3581 1884/2/3582
f 1884/2/3582 1886/2/3107 1892/2/3580
f 1893/2/3106 1894/2/3106 1885/2/3106
f 1885/2/3106 1884/2/3106 1893/2/3106
f 1894/2/3583 1895/2/3583 1896/2/3584
f 1896/2/3584 1885/2/3583 1894/2/3583
f 1880/2/3574 1885/2/3573 1896/2/3585
f 1896/2/3585 1897/2/3586 1880/2/3574
f 1880/2/3567 1897/2/3587 1887/2/3588
f 1887/2/3588 1881/2/3568 1880/2/3567
f 1898/2/3589 1899/2/3590 1900/2/3591
f 1900/2/3591 1901/2/3592 1898/2/3589
f 1902/2/3593 1903/2/3594 1899/2/3590
f 1899/2/3590 1898/2/3589 1902/2/3593
f 1899/2/3595 1904/2/3596 1905/2/3597
f 1905/2/3597 1900/2/3598 1899/2/3595
f 1899/2/3595 1903/2/3599 1906/2/3600
f 1906/2/3600 1904/2/3596 1899/2/3595
f 1907/2/3150 1908/2/3150 1909/2/3150
f 1909/2/3150 1901/2/3150 1907/2/3150
f 1898/2/3149 1901/2/3149 1909/2/3149
f 1909/2/3149 1910/2/3149 1898/2/3149
f 1898/2/3146 1910/2/3146 1911/2/3146
f 1911/2/3146 1902/2/3146 1898/2/3146
f 1887/2/3144 1902/2/3144 1911/2/3144
f 1911/2/3144 1888/2/3144 1887/2/3144
f 1902/2/3593 1887/2/3588 1897/2/3587
f 1897/2/3587 1903/2/3594 1902/2/3593
f 1896/2/3585 1906/2/3600 1903/2/3599
f 1903/2/3599 1897/2/3586 1896/2/3585
f 1906/2/3601 1896/2/3141 1895/2/3141
f 1895/2/3141 1912/2/3601 1906/2/3601
f 1912/2/3139 1913/2/3138 1904/2/3139
f 1904/2/3139 1906/2/3139 1912/2/3139
f 1913/2/3137 1914/2/3137 1905/2/3602
f 1905/2/3602 1904/2/3137 1913/2/3137
f 1914/2/3603 1915/2/3135 1916/2/3135
f 1916/2/3135 1905/2/3135 1914/2/3603
f 1900/2/3598 1905/2/3597 1916/2/3604
f 1916/2/3604 1917/2/3605 1900/2/3598
f 1900/2/3591 1917/2/3606 1907/2/3607
f 1907/2/3607 1901/2/3592 1900/2/3591
f 1918/2/3608 1919/2/3609 1920/2/3610
f 1920/2/3610 1921/2/3611 1918/2/3608
f 1922/2/3612 1923/2/3613 1919/2/3609
f 1919/2/3609 1918/2/3608 1922/2/3612
f 1919/2/3614 1924/2/3615 1925/2/3616
f 1925/2/3616 1920/2/3617 1919/2/3614
f 1919/2/3614 1923/2/3618 1926/2/3619
f 1926/2/3619 1924/2/3615 1919/2/3614
f 1927/2/3177 1928/2/3177 1929/2/3177
f 1929/2/3177 1921/2/3177 1927/2/3177
f 1918/2/3176 1921/2/3176 1929/2/3176
f 1929/2/3176 1930/2/3176 1918/2/3176
f 1918/2/3174 1930/2/3174 1931/2/3174
f 1931/2/3174 1922/2/3174 1918/2/3174
f 1907/2/3173 1922/2/3173 1931/2/3173
f 1931/2/3173 1908/2/3173 1907/2/3173
f 1922/2/3612 1907/2/3607 1917/2/3606
f 1917/2/3606 1923/2/3613 1922/2/3612
f 1916/2/3604 1926/2/3619 1923/2/3618
f 1923/2/3618 1917/2/3605 1916/2/3604
f 1926/2/3620 1916/2/3621 1915/2/3621
f 1915/2/3621 1932/2/3621 1926/2/3620
f 1932/2/3622 1933/2/3622 1924/2/3622
f 1924/2/3622 1926/2/3622 1932/2/3622
f 1933/2/3623 1934/2/3623 1925/2/3624
f 1925/2/3624 1924/2/3623 1933/2/3623
f 1934/2/3168 1935/2/3168 1936/2/3168
f 1936/2/3168 1925/2/3168 1934/2/3168
f 1920/2/3617 1925/2/3616 1936/2/3625
f 1936/2/3625 1937/2/3626 1920/2/3617
f 1920/2/3610 1937/2/3627 1927/2/3628
f 1927/2/3628 1921/2/3611 1920/2/3610
f 1938/2/3629 1939/2/3630 1940/2/3631
f 1940/2/3631 1941/2/3631 1938/2/3629
f 1942/2/3632 1943/2/3633 1939/2/3630
f 1939/2/3630 1938/2/3629 1942/2/3632
f 1939/2/3634 1944/2/3635 1945/2/3636
f 1945/2/3636 1940/2/3637 1939/2/3634
f 1939/2/3634 1943/2/3638 1946/2/3639
f 1946/2/3639 1944/2/3635 1939/2/3634
f 1947/2/3208 1948/2/3208 1949/2/3209
f 1949/2/3209 1941/2/3640 1947/2/3208
f 1938/2/3207 1941/2/3207 1949/2/3207
f 1949/2/3207 1950/2/3207 1938/2/3207
f 1938/2/3206 1950/2/3206 1951/2/3641
f 1951/2/3641 1942/2/3206 1938/2/3206
f 1927/2/3203 1942/2/3642 1951/2/3643
f 1951/2/3643 1928/2/3203 1927/2/3203
f 1942/2/3632 1927/2/3628 1937/2/3627
f 1937/2/3627 1943/2/3633 1942/2/3632
f 1936/2/3625 1946/2/3639 1943/2/3638
f 1943/2/3638 1937/2/3626 1936/2/3625
f 1946/2/3644 1936/2/3201 1935/2/3201
f 1935/2/3201 1952/2/3201 1946/2/3644
f 1952/2/3200 1953/2/3200 1944/2/3200
f 1944/2/3200 1946/2/3200 1952/2/3200
f 1953/2/3198 1954/2/3197 1945/2/3197
f 1945/2/3197 1944/2/3197 1953/2/3198
f 1954/2/3196 1955/2/3196 1956/2/3196
f 1956/2/3196 1945/2/3196 1954/2/3196
f 1940/2/3637 1945/2/3636 1956/2/3645
f 1956/2/3645 1957/2/3646 1940/2/3637
f 1940/2/3631 1957/2/3647 1947/2/3648
f 1947/2/3648 1941/2/3631 1940/2/3631
f 1958/2/3649 1959/2/3650 1960/2/3651
f 1960/2/3651 1961/2/3652 1958/2/3649
f 1962/2/3653 1963/2/3654 1959/2/3650
f 1959/2/3650 1958/2/3649 1962/2/3653
f 1959/2/3655 1964/2/3656 1965/2/3657
f 1965/2/3657 1960/2/3658 1959/2/3655
f 1959/2/3655 1963/2/3659 1966/2/3660
f 1966/2/3660 1964/2/3656 1959/2/3655
f 1967/2/3240 1968/2/3661 1969/2/3662
f 1969/2/3662 1961/2/3663 1967/2/3240
f 1958/2/3664 1961/2/3237 1969/2/3665
f 1969/2/3665 1970/2/3666 1958/2/3664
f 1958/2/3236 1970/2/3236 1971/2/3667
f 1971/2/3667 1962/2/3236 1958/2/3236
f 1947/2/3235 1962/2/3235 1971/2/3668
f 1971/2/3668 1948/2/3668 1947/2/3235
f 1962/2/3653 1947/2/3648 1957/2/3647
f 1957/2/3647 1963/2/3654 1962/2/3653
f 1956/2/3645 1966/2/3660 1963/2/3659
f 1963/2/3659 1957/2/3646 1956/2/3645
f 1966/2/3232 1956/2/3232 1955/2/3232
f 1955/2/3232 1972/2/3232 1966/2/3232
f 1972/2/3669 1973/2/3669 1964/2/3669
f 1964/2/3669 1966/2/3669 1972/2/3669
f 1973/2/3670 1974/2/3228 1965/2/3228
f 1965/2/3228 1964/2/3228 1973/2/3670
f 1974/2/3226 1975/2/3226 1976/2/3226
f 1976/2/3226 1965/2/3671 1974/2/3226
f 1960/2/3658 1965/2/3657 1976/2/3672
f 1976/2/3672 1977/2/3673 1960/2/3658
f 1960/2/3651 1977/2/3674 1967/2/3675
f 1967/2/3675 1961/2/3652 1960/2/3651
f 1978/2/3676 1979/2/3677 1980/2/3678
f 1980/2/3678 1981/2/3678 1978/2/3676
f 1982/2/3679 1983/2/3680 1979/2/3677
f 1979/2/3677 1978/2/3676 1982/2/3679
f 1979/2/3681 1984/2/3682 1985/2/3683
f 1985/2/3683 1980/2/3684 1979/2/3681
f 1979/2/3681 1983/2/3685 1986/2/3686
f 1986/2/3686 1984/2/3682 1979/2/3681
f 1987/2/3271 1988/2/3271 1989/2/3271
f 1989/2/3271 1981/2/3271 1987/2/3271
f 1978/2/3269 1981/2/3269 1989/2/3687
f 1989/2/3687 1990/2/3687 1978/2/3269
f 1978/2/3688 1990/2/3688 1991/2/3688
f 1991/2/3688 1982/2/3688 1978/2/3688
f 1967/2/3265 1982/2/3265 1991/2/3265
f 1991/2/3265 1968/2/3265 1967/2/3265
f 1982/2/3679 1967/2/3675 1977/2/3674
f 1977/2/3674 1983/2/3680 1982/2/3679
f 1976/2/3672 1986/2/3686 1983/2/3685
f 1983/2/3685 1977/2/3673 1976/2/3672
f 1986/2/3264 1976/2/3264 1975/2/3264
f 1975/2/3264 1992/2/3264 1986/2/3264
f 1992/2/3260 1993/2/3260 1984/2/3260
f 1984/2/3260 1986/2/3260 1992/2/3260
f 1993/2/3259 1994/2/3259 1985/2/3259
f 1985/2/3259 1984/2/3689 1993/2/3259
f 1994/2/3690 1995/2/3691 1996/2/3691
f 1996/2/3691 1985/2/3692 1994/2/3690
f 1980/2/3684 1985/2/3683 1996/2/3693
f 1996/2/3693 1997/2/3694 1980/2/3684
f 1980/2/3678 1997/2/3695 1987/2/3696
f 1987/2/3696 1981/2/3678 1980/2/3678
f 1998/2/3697 1999/2/3698 2000/2/3699
f 2000/2/3699 2001/2/3700 1998/2/3697
f 2002/2/3701 2003/2/3702 1999/2/3698
f 1999/2/3698 1998/2/3697 2002/2/3701
f 1999/2/3703 2004/2/3704 2005/2/3705
f 2005/2/3705 2000/2/3706 1999/2/3703
f 1999/2/3703 2003/2/3707 2006/2/3708
f 2006/2/3708 2004/2/3704 1999/2/3703
f 2007/2/3709 2008/2/3710 2009/2/3710
f 2009/2/3710 2001/2/3710 2007/2/3709
f 1998/2/3711 2001/2/3712 2009/2/3711
f 2009/2/3711 2010/2/3713 1998/2/3711
f 1998/2/3299 2010/2/3299 2011/2/3299
f 2011/2/3299 2002/2/3299 1998/2/3299
f 1987/2/3297 2002/2/3297 2011/2/3297
f 2011/2/3297 1988/2/3297 1987/2/3297
f 2002/2/3701 1987/2/3696 1997/2/3695
f 1997/2/3695 2003/2/3702 2002/2/3701
f 1996/2/3693 2006/2/3708 2003/2/3707
f 2003/2/3707 1997/2/3694 1996/2/3693
f 2006/2/3295 1996/2/3295 1995/2/3295
f 1995/2/3295 2012/2/3295 2006/2/3295
f 2012/2/3714 2013/2/3715 2004/2/3292
f 2004/2/3292 2006/2/3714 2012/2/3714
f 2013/2/3716 2014/2/3717 2005/2/3717
f 2005/2/3717 2004/2/3717 2013/2/3716
f 2014/2/3718 2015/2/3289 2016/2/3289
f 2016/2/3289 2005/2/3289 2014/2/3718
f 2000/2/3706 2005/2/3705 2016/2/3719
f 2016/2/3719 2017/2/3720 2000/2/3706
f 2000/2/3699 2017/2/3721 2007/2/3722
f 2007/2/3722 2001/2/3700 2000/2/3699
f 2018/2/3723 2019/2/3724 2020/2/3725
f 2020/2/3725 2021/2/3726 2018/2/3723
f 2022/2/3727 2023/2/3728 2019/2/3724
f 2019/2/3724 2018/2/3723 2022/2/3727
f 2019/2/3729 2024/2/3730 2025/2/3731
f 2025/2/3731 2020/2/3732 2019/2/3729
f 2019/2/3729 2023/2/3733 2026/2/3734
f 2026/2/3734 2024/2/3730 2019/2/3729
f 2027/2/3735 2028/2/3736 2029/2/3735
f 2029/2/3735 2021/2/3735 2027/2/3735
f 2018/2/3329 2021/2/3329 2029/2/3329
f 2029/2/3329 2030/2/3329 2018/2/3329
f 2018/2/3326 2030/2/3326 2031/2/3326
f 2031/2/3326 2022/2/3326 2018/2/3326
f 2007/2/3324 2022/2/3324 2031/2/3324
f 2031/2/3324 2008/2/3324 2007/2/3324
f 2022/2/3727 2007/2/3722 2017/2/3721
f 2017/2/3721 2023/2/3728 2022/2/3727
f 2016/2/3719 2026/2/3734 2023/2/3733
f 2023/2/3733 2017/2/3720 2016/2/3719
f 2026/2/3737 2016/2/3738 2015/2/3738
f 2015/2/3738 2032/2/3738 2026/2/3737
f 2032/2/3321 2033/2/3321 2024/2/3739
f 2024/2/3739 2026/2/3321 2032/2/3321
f 2033/2/3740 2034/2/3740 2025/2/3320
f 2025/2/3320 2024/2/3740 2033/2/3740
f 2034/2/3741 2035/2/3741 2036/2/3741
f 2036/2/3741 2025/2/3741 2034/2/3741
f 2020/2/3732 2025/2/3731 2036/2/3742
f 2036/2/3742 2037/2/3743 2020/2/3732
f 2020/2/3725 2037/2/3744 2027/2/3745
f 2027/2/3745 2021/2/3726 2020/2/3725
f 2038/2/3746 2039/2/3747 2040/2/3748
f 2040/2/3748 2041/2/3749 2038/2/3746
f 2042/2/3750 2043/2/3751 2039/2/3747
f 2039/2/3747 2038/2/3746 2042/2/3750
f 2039/2/3752 2044/2/3753 2045/2/3754
f 2045/2/3754 2040/2/3755 2039/2/3752
f 2039/2/3752 2043/2/3756 2046/2/3757
f 2046/2/3757 2044/2/3753 2039/2/3752
f 2047/2/3360 2048/2/3360 2049/2/3360
f 2049/2/3360 2041/2/3360 2047/2/3360
f 2038/2/3359 2041/2/3359 2049/2/3359
f 2049/2/3359 2050/2/3359 2038/2/3359
f 2038/2/3358 2050/2/3358 2051/2/3358
f 2051/2/3358 2042/2/3358 2038/2/3358
f 2027/2/3758 2042/2/3759 2051/2/3356
f 2051/2/3356 2028/2/3356 2027/2/3758
f 2042/2/3750 2027/2/3745 2037/2/3744
f 2037/2/3744 2043/2/3751 2042/2/3750
f 2036/2/3742 2046/2/3757 2043/2/3756
f 2043/2/3756 2037/2/3743 2036/2/3742
f 2046/2/3355 2036/2/3355 2035/2/3355
f 2035/2/3355 2052/2/3355 2046/2/3355
f 2052/2/3760 2053/2/3353 2044/2/3760
f 2044/2/3760 2046/2/3761 2052/2/3760
f 2053/2/3351 2054/2/3351 2045/2/3351
f 2045/2/3351 2044/2/3351 2053/2/3351
f 2054/2/3349 2055/2/3762 2056/2/3762
f 2056/2/3762 2045/2/3349 2054/2/3349
f 2040/2/3755 2045/2/3754 2056/2/3763
f 2056/2/3763 2057/2/3764 2040/2/3755
f 2040/2/3748 2057/2/3765 2047/2/3766
f 2047/2/3766 2041/2/3749 2040/2/3748
f 2058/2/3767 2059/2/3768 2060/2/3769
f 2060/2/3769 2061/2/3770 2058/2/3767
f 2062/2/3771 2063/2/3772 2059/2/3768
f 2059/2/3768 2058/2/3767 2062/2/3771
f 2059/2/3773 2064/2/3774 2065/2/3775
f 2065/2/3775 2060/2/3776 2059/2/3773
f 2059/2/3773 2063/2/3777 2066/2/3778
f 2066/2/3778 2064/2/3774 2059/2/3773
f 2067/2/3779 2068/2/3779 2069/2/3779
f 2069/2/3779 2061/2/3779 2067/2/3779
f 2058/2/3394 2061/2/3394 2069/2/3394
f 2069/2/3394 2070/2/3394 2058/2/3394
f 2058/2/3780 2070/2/3781 2071/2/3780
f 2071/2/3780 2062/2/3782 2058/2/3780
f 2047/2/3389 2062/2/3390 2071/2/3389
f 2071/2/3389 2048/2/3389 2047/2/3389
f 2062/2/3771 2047/2/3766 2057/2/3765
f 2057/2/3765 2063/2/3772 2062/2/3771
f 2056/2/3763 2066/2/3778 2063/2/3777
f 2063/2/3777 2057/2/3764 2056/2/3763
f 2066/2/3783 2056/2/3783 2055/2/3783
f 2055/2/3783 2072/2/3783 2066/2/3783
f 2072/2/3784 2073/2/3784 2064/2/3386
f 2064/2/3386 2066/2/3785 2072/2/3784
f 2073/2/3786 2074/2/3383 2065/2/3383
f 2065/2/3383 2064/2/3787 2073/2/3786
f 2074/2/3380 2075/2/3380 2076/2/3380
f 2076/2/3380 2065/2/3788 2074/2/3380
f 2060/2/3776 2065/2/3775 2076/2/3789
f 2076/2/3789 2077/2/3790 2060/2/3776
f 2060/2/3769 2077/2/3791 2067/2/3792
f 2067/2/3792 2061/2/3770 2060/2/3769
f 2078/2/3793 2079/2/3794 2080/2/3795
f 2080/2/3795 2081/2/3796 2078/2/3793
f 2082/2/3797 2083/2/3798 2079/2/3794
f 2079/2/3794 2078/2/3793 2082/2/3797
f 2079/2/3799 2084/2/3800 2085/2/3801
f 2085/2/3801 2080/2/3802 2079/2/3799
f 2079/2/3799 2083/2/3803 2086/2/3804
f 2086/2/3804 2084/2/3800 2079/2/3799
f 2087/2/3805 2088/2/3806 2089/2/3805
f 2089/2/3805 2081/2/3805 2087/2/3805
f 2078/2/3427 2081/2/3427 2089/2/3427
f 2089/2/3427 2090/2/3427 2078/2/3427
f 2078/2/3426 2090/2/3807 2091/2/3426
f 2091/2/3426 2082/2/3426 2078/2/3426
f 2067/2/3423 2082/2/3423 2091/2/3423
f 2091/2/3423 2068/2/3423 2067/2/3423
f 2082/2/3797 2067/2/3792 2077/2/3791
f 2077/2/3791 2083/2/3798 2082/2/3797
f 2076/2/3789 2086/2/3804 2083/2/3803
f 2083/2/3803 2077/2/3790 2076/2/3789
f 2086/2/3420 2076/2/3420 2075/2/3421
f 2075/2/3421 2092/2/3421 2086/2/3420
f 2092/2/3419 2093/2/3419 2084/2/3808
f 2084/2/3808 2086/2/3419 2092/2/3419
f 2093/2/3809 2094/2/3809 2085/2/3809
f 2085/2/3809 2084/2/3809 2093/2/3809
f 2094/2/3415 2095/2/3810 2096/2/3415
f 2096/2/3415 2085/2/3415 2094/2/3415
f 2080/2/3802 2085/2/3801 2096/2/3811
f 2096/2/3811 2097/2/3812 2080/2/3802
f 2080/2/3795 2097/2/3813 2087/2/3814
f 2087/2/3814 2081/2/3796 2080/2/3795
f 2098/2/3815 2099/2/3816 2100/2/3817
f 2100/2/3817 2101/2/3818 2098/2/3815
f 2102/2/3819 2103/2/3820 2099/2/3816
f 2099/2/3816 2098/2/3815 2102/2/3819
f 2099/2/3821 2104/2/3822 2105/2/3823
f 2105/2/3823 2100/2/3824 2099/2/3821
f 2099/2/3821 2103/2/3825 2106/2/3826
f 2106/2/3826 2104/2/3822 2099/2/3821
f 848/2/3827 847/2/3828 2107/2/3827
f 2107/2/3827 2101/2/3827 848/2/3827
f 2098/2/3457 2101/2/3457 2107/2/3457
f 2107/2/3457 2108/2/3457 2098/2/3457
f 2098/2/3454 2108/2/3455 2109/2/3454
f 2109/2/3454 2102/2/3829 2098/2/3454
f 2087/2/3453 2102/2/3453 2109/2/3453
f 2109/2/3453 2088/2/3453 2087/2/3453
f 2102/2/3819 2087/2/3814 2097/2/3813
f 2097/2/3813 2103/2/3820 2102/2/3819
f 2096/2/3811 2106/2/3826 2103/2/3825
f 2103/2/3825 2097/2/3812 2096/2/3811
f 2106/2/3830 2096/2/3450 2095/2/3831
f 2095/2/3831 2110/2/3830 2106/2/3830
f 2110/2/3448 2111/2/3448 2104/2/3448
f 2104/2/3448 2106/2/3448 2110/2/3448
f 2111/2/3447 2112/2/3447 2105/2/3447
f 2105/2/3447 2104/2/3447 2111/2/3447
f 850/2/3445 2105/2/3445 2112/2/3445
f 2112/2/3445 852/2/3445 850/2/3445
f 2105/2/3823 850/2/2117 849/2/2116
f 849/2/2116 2100/2/3824 2105/2/3823
f 2100/2/3817 849/2/2114 848/2/2115
f 848/2/2115 2101/2/3818 2100/2/3817
f 2113/2/3832 2114/2/3832 2115/2/3832
f 2115/2/3832 2116/2/3832 2113/2/3832
f 2117/2/3833 2118/2/3834 2114/2/3835
f 2114/2/3835 2113/2/3836 2117/2/3833
f 2114/2/3837 2119/2/3838 2120/2/3837
f 2120/2/3837 2115/2/3837 2114/2/3837
f 2121/2/3839 2119/2/3840 2114/2/3841
f 2114/2/3841 2118/2/3840 2121/2/3839
f 2122/2/3842 1358/2/3843 1380/2/3842
f 1380/2/3842 2116/2/3844 2122/2/3842
f 2116/2/3845 1380/2/3845 1379/2/3845
f 1379/2/3845 2113/2/3845 2116/2/3845
f 2117/2/3846 2113/2/3846 1379/2/3847
f 1379/2/3847 1377/2/3846 2117/2/3846
f 2117/2/3848 1377/2/3848 1378/2/3848
f 1378/2/3848 2123/2/3848 2117/2/3848
f 2117/2/3849 2123/2/3849 2124/2/3849
f 2124/2/3849 2118/2/3849 2117/2/3849
f 2125/2/3850 2121/2/3851 2118/2/3851
f 2118/2/3851 2124/2/3850 2125/2/3850
f 2121/2/3852 2125/2/3852 1995/2/3853
f 1995/2/3853 1994/2/3852 2121/2/3852
f 2121/2/3854 1994/2/3854 1993/2/3854
f 1993/2/3854 2119/2/3854 2121/2/3854
f 1993/2/3855 1992/2/3855 2120/2/3855
f 2120/2/3855 2119/2/3855 1993/2/3855
f 1992/2/3856 1975/2/3857 2126/2/3858
f 2126/2/3858 2120/2/3856 1992/2/3856
f 2115/2/3859 2120/2/3860 2126/2/3860
f 2126/2/3860 2127/2/3859 2115/2/3859
f 2115/2/3861 2127/2/3861 2122/2/3861
f 2122/2/3861 2116/2/3861 2115/2/3861
f 2128/2/3862 2129/2/3862 2130/2/3862
f 2130/2/3862 2131/2/3862 2128/2/3862
f 2132/2/3863 2133/2/3863 2129/2/3863
f 2129/2/3863 2128/2/3863 2132/2/3863
f 2129/2/3864 2134/2/3865 2135/2/3864
f 2135/2/3864 2130/2/3864 2129/2/3864
f 2133/2/3866 2136/2/3866 2134/2/3866
f 2134/2/3866 2129/2/3866 2133/2/3866
f 881/2/3867 1492/2/3867 2131/2/3867
f 2131/2/3867 2137/2/3867 881/2/3867
f 1497/2/3868 2128/2/3868 2131/2/3868
f 2131/2/3868 1492/2/3868 1497/2/3868
f 1497/2/3869 1496/2/3869 2132/2/3869
f 2132/2/3869 2128/2/3869 1497/2/3869
f 1496/2/3870 1473/2/3871 2138/2/3872
f 2138/2/3872 2132/2/3870 1496/2/3870
f 2132/2/3873 2138/2/3873 2139/2/3873
f 2139/2/3873 2133/2/3873 2132/2/3873
f 2140/2/3874 2136/2/3874 2133/2/3874
f 2133/2/3874 2139/2/3874 2140/2/3874
f 2136/2/3875 2140/2/3875 2088/2/3876
f 2088/2/3876 2109/2/3875 2136/2/3875
f 2136/2/3877 2109/2/3877 2108/2/3877
f 2108/2/3877 2134/2/3877 2136/2/3877
f 2134/2/3878 2108/2/3878 2107/2/3878
f 2107/2/3878 2135/2/3879 2134/2/3878
f 2107/2/3880 847/2/3881 2141/2/3880
f 2141/2/3880 2135/2/3882 2107/2/3880
f 2135/2/3883 2141/2/3883 2142/2/3883
f 2142/2/3883 2130/2/3883 2135/2/3883
f 2130/2/3884 2142/2/3884 2137/2/3884
f 2137/2/3884 2131/2/3884 2130/2/3884
f 2143/2/3885 2144/2/3886 2145/2/3887
f 2145/2/3887 2146/2/3885 2143/2/3885
f 2147/2/3888 2148/2/3888 2144/2/3888
f 2144/2/3888 2143/2/3888 2147/2/3888
f 2144/2/3889 2149/2/3890 2150/2/3889
f 2150/2/3889 2145/2/3889 2144/2/3889
f 2144/2/3891 2148/2/3891 2151/2/3892
f 2151/2/3892 2149/2/3892 2144/2/3891
f 2146/2/3893 2152/2/3893 973/2/3894
f 973/2/3894 972/2/3893 2146/2/3893
f 2146/2/3895 972/2/3895 982/2/3895
f 982/2/3895 2143/2/3895 2146/2/3895
f 2147/2/3896 2143/2/3896 982/2/3896
f 982/2/3896 981/2/3896 2147/2/3896
f 981/2/3897 953/2/3898 2153/2/3898
f 2153/2/3898 2147/2/3898 981/2/3897
f 2147/2/3899 2153/2/3899 2154/2/3899
f 2154/2/3899 2148/2/3899 2147/2/3899
f 2155/2/3900 2151/2/3901 2148/2/3902
f 2148/2/3902 2154/2/3900 2155/2/3900
f 1568/2/3903 1591/2/3903 2151/2/3904
f 2151/2/3904 2155/2/3903 1568/2/3903
f 2151/2/3905 1591/2/3905 1590/2/3905
f 1590/2/3905 2149/2/3905 2151/2/3905
f 1590/2/3906 1589/2/3906 2150/2/3906
f 2150/2/3906 2149/2/3907 1590/2/3906
f 1589/2/3908 1588/2/3909 2156/2/3910
f 2156/2/3910 2150/2/3908 1589/2/3908
f 2157/2/3911 2145/2/3911 2150/2/3911
f 2150/2/3911 2156/2/3911 2157/2/3911
f 2145/2/3912 2157/2/3913 2152/2/3913
f 2152/2/3913 2146/2/3913 2145/2/3912
f 2158/2/3914 2159/2/3915 2160/2/3916
f 2160/2/3916 2161/2/3917 2158/2/3914
f 2162/2/3918 2163/2/3918 2159/2/3918
f 2159/2/3918 2158/2/3918 2162/2/3918
f 2159/2/3919 2164/2/3920 2165/2/3920
f 2165/2/3920 2160/2/3919 2159/2/3919
f 2166/2/3921 2164/2/3921 2159/2/3921
f 2159/2/3921 2163/2/3921 2166/2/3921
f 2161/2/3922 2123/2/3922 1378/2/3922
f 1378/2/3922 1400/2/3922 2161/2/3922
f 2161/2/3923 1400/2/3923 1399/2/3923
f 1399/2/3923 2158/2/3923 2161/2/3923
f 2162/2/3924 2158/2/3925 1399/2/3924
f 1399/2/3924 1397/2/3924 2162/2/3924
f 2167/2/3926 2162/2/3926 1397/2/3926
f 1397/2/3926 1398/2/3926 2167/2/3926
f 2167/2/3927 2168/2/3927 2163/2/3927
f 2163/2/3927 2162/2/3927 2167/2/3927
f 2169/2/3928 2166/2/3928 2163/2/3928
f 2163/2/3928 2168/2/3928 2169/2/3928
f 2166/2/3929 2169/2/3930 2015/2/3930
f 2015/2/3930 2014/2/3929 2166/2/3929
f 2166/2/3931 2014/2/3931 2013/2/3931
f 2013/2/3931 2164/2/3931 2166/2/3931
f 2013/2/3932 2012/2/3932 2165/2/3932
f 2165/2/3932 2164/2/3932 2013/2/3932
f 1995/2/3933 2125/2/3933 2165/2/3933
f 2165/2/3933 2012/2/3933 1995/2/3933
f 2160/2/3934 2165/2/3934 2125/2/3934
f 2125/2/3934 2124/2/3934 2160/2/3934
f 2161/2/3935 2160/2/3935 2124/2/3935
f 2124/2/3935 2123/2/3935 2161/2/3935
f 2170/2/3936 2171/2/3936 2172/2/3936
f 2172/2/3936 2173/2/3936 2170/2/3936
f 2174/2/3937 2175/2/3937 2171/2/3937
f 2171/2/3937 2170/2/3937 2174/2/3937
f 2171/2/3938 2176/2/3938 2177/2/3939
f 2177/2/3939 2172/2/3939 2171/2/3938
f 2175/2/3940 2178/2/3941 2176/2/3940
f 2176/2/3940 2171/2/3942 2175/2/3940
f 2179/2/3943 877/2/3943 875/2/3943
f 875/2/3943 2173/2/3943 2179/2/3943
f 874/2/3944 2170/2/3944 2173/2/3945
f 2173/2/3945 875/2/3944 874/2/3944
f 873/2/3946 2174/2/3947 2170/2/3948
f 2170/2/3948 874/2/3949 873/2/3946
f 2180/2/3950 2174/2/3951 873/2/3951
f 873/2/3951 872/2/3952 2180/2/3950
f 2180/2/3953 2181/2/3953 2175/2/3953
f 2175/2/3953 2174/2/3953 2180/2/3953
f 2182/2/3954 2178/2/3954 2175/2/3954
f 2175/2/3954 2181/2/3954 2182/2/3954
f 2182/2/3955 855/2/3955 854/2/3955
f 854/2/3955 2178/2/3955 2182/2/3955
f 2176/2/3956 2178/2/3956 854/2/3956
f 854/2/3956 853/2/3956 2176/2/3956
f 2177/2/3957 2176/2/3957 853/2/3957
f 853/2/3957 851/2/3957 2177/2/3957
f 851/2/3958 852/2/3959 2183/2/3960
f 2183/2/3960 2177/2/3961 851/2/3958
f 2172/2/3962 2177/2/3962 2183/2/3962
f 2183/2/3962 2184/2/3962 2172/2/3962
f 2184/2/3963 2179/2/3963 2173/2/3964
f 2173/2/3964 2172/2/3963 2184/2/3963
f 2185/2/3965 2186/2/3965 2187/2/3965
f 2187/2/3965 2188/2/3965 2185/2/3965
f 2189/2/3966 2190/2/3966 2186/2/3966
f 2186/2/3966 2185/2/3966 2189/2/3966
f 2186/2/3967 2191/2/3968 2192/2/3969
f 2192/2/3969 2187/2/3969 2186/2/3967
f 2190/2/3970 2193/2/3970 2191/2/3970
f 2191/2/3970 2186/2/3971 2190/2/3970
f 2194/2/3972 993/2/3972 992/2/3973
f 992/2/3973 2188/2/3972 2194/2/3972
f 1002/2/3974 2185/2/3974 2188/2/3974
f 2188/2/3974 992/2/3974 1002/2/3974
f 1002/2/3975 1001/2/3975 2189/2/3975
f 2189/2/3975 2185/2/3975 1002/2/3975
f 2152/2/3976 2189/2/3976 1001/2/3976
f 1001/2/3976 973/2/3976 2152/2/3976
f 2190/2/3977 2189/2/3977 2152/2/3977
f 2152/2/3977 2157/2/3977 2190/2/3977
f 2190/2/3978 2157/2/3979 2156/2/3980
f 2156/2/3980 2193/2/3979 2190/2/3978
f 1588/2/3981 1611/2/3982 2193/2/3981
f 2193/2/3981 2156/2/3981 1588/2/3981
f 2193/2/3983 1611/2/3983 1610/2/3983
f 1610/2/3983 2191/2/3983 2193/2/3983
f 2191/2/3984 1610/2/3985 1609/2/3985
f 1609/2/3985 2192/2/3985 2191/2/3984
f 1608/2/3986 2195/2/3986 2192/2/3986
f 2192/2/3986 1609/2/3986 1608/2/3986
f 2196/2/3987 2187/2/3987 2192/2/3987
f 2192/2/3987 2195/2/3987 2196/2/3987
f 2196/2/3988 2194/2/3988 2188/2/3988
f 2188/2/3988 2187/2/3989 2196/2/3988
f 2197/2/3990 2198/2/3990 2199/2/3990
f 2199/2/3990 2200/2/3990 2197/2/3990
f 2201/2/3991 2202/2/3991 2198/2/3991
f 2198/2/3991 2197/2/3991 2201/2/3991
f 2198/2/3992 2203/2/3992 2204/2/3992
f 2204/2/3992 2199/2/3992 2198/2/3992
f 2205/2/3993 2203/2/3994 2198/2/3993
f 2198/2/3993 2202/2/3993 2205/2/3993
f 2167/2/3995 1398/2/3996 1420/2/3995
f 1420/2/3995 2200/2/3995 2167/2/3995
f 2200/2/3997 1420/2/3997 1419/2/3997
f 1419/2/3997 2197/2/3997 2200/2/3997
f 2201/2/3998 2197/2/3998 1419/2/3998
f 1419/2/3998 1417/2/3998 2201/2/3998
f 2206/2/3999 2201/2/4000 1417/2/3999
f 1417/2/3999 1418/2/3999 2206/2/3999
f 2206/2/4001 2207/2/4002 2202/2/4001
f 2202/2/4001 2201/2/4003 2206/2/4001
f 2207/2/4004 2208/2/4004 2205/2/4004
f 2205/2/4004 2202/2/4004 2207/2/4004
f 2205/2/4005 2208/2/4006 2035/2/4006
f 2035/2/4006 2034/2/4007 2205/2/4005
f 2205/2/4008 2034/2/4009 2033/2/4008
f 2033/2/4008 2203/2/4010 2205/2/4008
f 2033/2/4011 2032/2/4011 2204/2/4011
f 2204/2/4011 2203/2/4011 2033/2/4011
f 2032/2/4012 2015/2/4013 2169/2/4014
f 2169/2/4014 2204/2/4012 2032/2/4012
f 2169/2/4015 2168/2/4015 2199/2/4015
f 2199/2/4015 2204/2/4015 2169/2/4015
f 2167/2/4016 2200/2/4016 2199/2/4017
f 2199/2/4017 2168/2/4016 2167/2/4016
f 2209/2/4018 2210/2/4018 2211/2/4018
f 2211/2/4018 2212/2/4018 2209/2/4018
f 2213/2/4019 2214/2/4019 2210/2/4019
f 2210/2/4019 2209/2/4019 2213/2/4019
f 2210/2/4020 2215/2/4020 2216/2/4020
f 2216/2/4020 2211/2/4020 2210/2/4020
f 2214/2/4021 2217/2/4022 2215/2/4021
f 2215/2/4021 2210/2/4023 2214/2/4021
f 2180/2/4024 872/2/4024 900/2/4024
f 900/2/4024 2212/2/4024 2180/2/4024
f 899/2/4025 2209/2/4026 2212/2/4025
f 2212/2/4025 900/2/4025 899/2/4025
f 898/2/4027 2213/2/4028 2209/2/4028
f 2209/2/4028 899/2/4029 898/2/4027
f 898/2/4030 897/2/4031 2218/2/4031
f 2218/2/4031 2213/2/4032 898/2/4030
f 2218/2/4033 2219/2/4033 2214/2/4034
f 2214/2/4034 2213/2/4033 2218/2/4033
f 2220/2/4035 2217/2/4035 2214/2/4035
f 2214/2/4035 2219/2/4035 2220/2/4035
f 2217/2/4036 2220/2/4037 1515/2/4037
f 1515/2/4037 1514/2/4037 2217/2/4036
f 2215/2/4038 2217/2/4038 1514/2/4038
f 1514/2/4038 1513/2/4039 2215/2/4038
f 2216/2/4040 2215/2/4040 1513/2/4040
f 1513/2/4040 1512/2/4040 2216/2/4040
f 1512/2/4041 855/2/4041 2182/2/4041
f 2182/2/4041 2216/2/4041 1512/2/4041
f 2181/2/4042 2211/2/4042 2216/2/4042
f 2216/2/4042 2182/2/4042 2181/2/4042
f 2212/2/4043 2211/2/4043 2181/2/4043
f 2181/2/4043 2180/2/4043 2212/2/4043
f 2221/2/4044 2222/2/4045 2223/2/4044
f 2223/2/4044 2224/2/4046 2221/2/4044
f 2225/2/4047 2226/2/4048 2222/2/4047
f 2222/2/4047 2221/2/4047 2225/2/4047
f 2222/2/4049 2227/2/4050 2228/2/4050
f 2228/2/4050 2223/2/4051 2222/2/4049
f 2226/2/4052 2229/2/4052 2227/2/4052
f 2227/2/4052 2222/2/4052 2226/2/4052
f 2224/2/4053 2230/2/4053 1013/2/4053
f 1013/2/4053 1012/2/4053 2224/2/4053
f 1022/2/4054 2221/2/4054 2224/2/4054
f 2224/2/4054 1012/2/4055 1022/2/4054
f 1022/2/4056 1021/2/4057 2225/2/4057
f 2225/2/4057 2221/2/4057 1022/2/4056
f 993/2/4058 2194/2/4058 2225/2/4058
f 2225/2/4058 1021/2/4058 993/2/4058
f 2194/2/4059 2196/2/4059 2226/2/4059
f 2226/2/4059 2225/2/4059 2194/2/4059
f 2229/2/4060 2226/2/4061 2196/2/4062
f 2196/2/4062 2195/2/4063 2229/2/4060
f 2229/2/4064 2195/2/4064 1608/2/4064
f 1608/2/4064 1631/2/4064 2229/2/4064
f 2229/2/4065 1631/2/4065 1630/2/4065
f 1630/2/4065 2227/2/4065 2229/2/4065
f 2227/2/4066 1630/2/4067 1629/2/4067
f 1629/2/4067 2228/2/4068 2227/2/4066
f 1629/2/4069 1628/2/4069 2231/2/4069
f 2231/2/4069 2228/2/4069 1629/2/4069
f 2223/2/4070 2228/2/4070 2231/2/4070
f 2231/2/4070 2232/2/4070 2223/2/4070
f 2232/2/4071 2230/2/4071 2224/2/4071
f 2224/2/4071 2223/2/4071 2232/2/4071
f 2233/2/4072 2234/2/4072 2235/2/4073
f 2235/2/4073 2236/2/4074 2233/2/4072
f 2237/2/4075 2238/2/4075 2234/2/4075
f 2234/2/4075 2233/2/4075 2237/2/4075
f 2234/2/4076 2239/2/4077 2240/2/4076
f 2240/2/4076 2235/2/4078 2234/2/4076
f 2241/2/4079 2239/2/4079 2234/2/4079
f 2234/2/4079 2238/2/4079 2241/2/4079
f 2206/2/4080 1418/2/4081 1440/2/4080
f 1440/2/4080 2236/2/4080 2206/2/4080
f 2236/2/4082 1440/2/4083 1439/2/4084
f 1439/2/4084 2233/2/4082 2236/2/4082
f 2237/2/4085 2233/2/4086 1439/2/4087
f 1439/2/4087 1437/2/4085 2237/2/4085
f 2242/2/4088 2237/2/4088 1437/2/4088
f 1437/2/4088 1438/2/4088 2242/2/4088
f 2242/2/4089 2243/2/4090 2238/2/4089
f 2238/2/4089 2237/2/4089 2242/2/4089
f 2241/2/4091 2238/2/4092 2243/2/4092
f 2243/2/4092 2244/2/4092 2241/2/4091
f 2241/2/4093 2244/2/4093 2055/2/4093
f 2055/2/4093 2054/2/4093 2241/2/4093
f 2241/2/4094 2054/2/4095 2053/2/4095
f 2053/2/4095 2239/2/4095 2241/2/4094
f 2053/2/4096 2052/2/4096 2240/2/4096
f 2240/2/4096 2239/2/4096 2053/2/4096
f 2035/2/4097 2208/2/4098 2240/2/4098
f 2240/2/4098 2052/2/4098 2035/2/4097
f 2207/2/4099 2235/2/4099 2240/2/4099
f 2240/2/4099 2208/2/4099 2207/2/4099
f 2236/2/4100 2235/2/4100 2207/2/4100
f 2207/2/4100 2206/2/4100 2236/2/4100
f 2245/2/4101 2246/2/4101 2247/2/4101
f 2247/2/4101 2248/2/4101 2245/2/4101
f 2249/2/4102 2250/2/4102 2246/2/4102
f 2246/2/4102 2245/2/4102 2249/2/4102
f 2246/2/4103 2251/2/4103 2252/2/4104
f 2252/2/4104 2247/2/4104 2246/2/4103
f 2250/2/4105 2253/2/4106 2251/2/4106
f 2251/2/4106 2246/2/4106 2250/2/4105
f 2218/2/4107 897/2/4108 920/2/4107
f 920/2/4107 2248/2/4107 2218/2/4107
f 2248/2/4109 920/2/4110 919/2/4110
f 919/2/4110 2245/2/4110 2248/2/4109
f 918/2/4111 2249/2/4112 2245/2/4112
f 2245/2/4112 919/2/4113 918/2/4111
f 918/2/4114 917/2/4114 2254/2/4114
f 2254/2/4114 2249/2/4114 918/2/4114
f 2254/2/4115 2255/2/4115 2250/2/4115
f 2250/2/4115 2249/2/4115 2254/2/4115
f 2253/2/4116 2250/2/4117 2255/2/4117
f 2255/2/4117 2256/2/4117 2253/2/4116
f 2253/2/4118 2256/2/4118 1535/2/4118
f 1535/2/4118 1534/2/4119 2253/2/4118
f 2251/2/4120 2253/2/4120 1534/2/4121
f 1534/2/4121 1533/2/4120 2251/2/4120
f 1533/2/4122 1532/2/4122 2252/2/4123
f 2252/2/4123 2251/2/4122 1533/2/4122
f 1532/2/4124 1515/2/4124 2220/2/4124
f 2220/2/4124 2252/2/4124 1532/2/4124
f 2219/2/4125 2247/2/4125 2252/2/4125
f 2252/2/4125 2220/2/4125 2219/2/4125
f 2247/2/4126 2219/2/4126 2218/2/4126
f 2218/2/4126 2248/2/4126 2247/2/4126
f 2257/2/4127 2258/2/4127 2259/2/4127
f 2259/2/4127 2260/2/4127 2257/2/4127
f 2261/2/4128 2262/2/4129 2258/2/4128
f 2258/2/4128 2257/2/4130 2261/2/4128
f 2258/2/4131 2263/2/4131 2264/2/4131
f 2264/2/4131 2259/2/4131 2258/2/4131
f 2262/2/4132 2265/2/4132 2263/2/4132
f 2263/2/4132 2258/2/4132 2262/2/4132
f 1033/2/4133 1032/2/4134 2260/2/4135
f 2260/2/4135 2266/2/4133 1033/2/4133
f 1042/2/4136 2257/2/4136 2260/2/4136
f 2260/2/4136 1032/2/4136 1042/2/4136
f 1042/2/4137 1041/2/4137 2261/2/4137
f 2261/2/4137 2257/2/4137 1042/2/4137
f 2261/2/4138 1041/2/4138 1013/2/4138
f 1013/2/4138 2230/2/4138 2261/2/4138
f 2262/2/4139 2261/2/4139 2230/2/4139
f 2230/2/4139 2232/2/4139 2262/2/4139
f 2231/2/4140 2265/2/4140 2262/2/4141
f 2262/2/4141 2232/2/4142 2231/2/4140
f 1651/2/4143 2265/2/4143 2231/2/4143
f 2231/2/4143 1628/2/4143 1651/2/4143
f 2265/2/4144 1651/2/4144 1650/2/4144
f 1650/2/4144 2263/2/4145 2265/2/4144
f 2263/2/4146 1650/2/4146 1649/2/4146
f 1649/2/4146 2264/2/4146 2263/2/4146
f 1649/2/4147 1648/2/4148 2267/2/4147
f 2267/2/4147 2264/2/4147 1649/2/4147
f 2259/2/4149 2264/2/4150 2267/2/4151
f 2267/2/4151 2268/2/4150 2259/2/4149
f 2268/2/4152 2266/2/4152 2260/2/4152
f 2260/2/4152 2259/2/4152 2268/2/4152
f 2269/2/4153 2270/2/4153 2271/2/4153
f 2271/2/4153 2272/2/4154 2269/2/4153
f 2273/2/4155 2274/2/4156 2270/2/4156
f 2270/2/4156 2269/2/4156 2273/2/4155
f 2270/2/4157 2275/2/4157 2276/2/4158
f 2276/2/4158 2271/2/4157 2270/2/4157
f 2277/2/4159 2275/2/4160 2270/2/4159
f 2270/2/4159 2274/2/4161 2277/2/4159
f 2242/2/4162 1438/2/4163 1460/2/4163
f 1460/2/4163 2272/2/4163 2242/2/4162
f 2272/2/4164 1460/2/4165 1459/2/4166
f 1459/2/4166 2269/2/4167 2272/2/4164
f 2273/2/4168 2269/2/4169 1459/2/4169
f 1459/2/4169 1457/2/4169 2273/2/4168
f 2278/2/4170 2273/2/4170 1457/2/4170
f 1457/2/4170 1458/2/4170 2278/2/4170
f 2278/2/4171 2279/2/4171 2274/2/4171
f 2274/2/4171 2273/2/4171 2278/2/4171
f 2277/2/4172 2274/2/4173 2279/2/4173
f 2279/2/4173 2280/2/4173 2277/2/4172
f 2277/2/4174 2280/2/4175 2075/2/4176
f 2075/2/4176 2074/2/4176 2277/2/4174
f 2277/2/4177 2074/2/4177 2073/2/4178
f 2073/2/4178 2275/2/4179 2277/2/4177
f 2073/2/4180 2072/2/4181 2276/2/4182
f 2276/2/4182 2275/2/4180 2073/2/4180
f 2072/2/4183 2055/2/4183 2244/2/4184
f 2244/2/4184 2276/2/4185 2072/2/4183
f 2271/2/4186 2276/2/4186 2244/2/4186
f 2244/2/4186 2243/2/4186 2271/2/4186
f 2272/2/4187 2271/2/4187 2243/2/4188
f 2243/2/4188 2242/2/4187 2272/2/4187
f 2281/2/4189 2282/2/4189 2283/2/4189
f 2283/2/4189 2284/2/4189 2281/2/4189
f 2285/2/4190 2286/2/4190 2282/2/4190
f 2282/2/4190 2281/2/4190 2285/2/4190
f 2282/2/4191 2287/2/4192 2288/2/4193
f 2288/2/4193 2283/2/4194 2282/2/4191
f 2286/2/4195 2289/2/4196 2287/2/4195
f 2287/2/4195 2282/2/4195 2286/2/4195
f 2284/2/4197 2254/2/4198 917/2/4199
f 917/2/4199 940/2/4200 2284/2/4197
f 939/2/4201 2281/2/4202 2284/2/4202
f 2284/2/4202 940/2/4202 939/2/4201
f 937/2/4203 2285/2/4203 2281/2/4203
f 2281/2/4203 939/2/4204 937/2/4203
f 2290/2/4205 2285/2/4205 937/2/4205
f 937/2/4205 938/2/4205 2290/2/4205
f 2290/2/4206 2291/2/4206 2286/2/4207
f 2286/2/4207 2285/2/4206 2290/2/4206
f 2289/2/4208 2286/2/4208 2291/2/4208
f 2291/2/4208 2292/2/4208 2289/2/4208
f 2289/2/4209 2292/2/4210 1555/2/4209
f 1555/2/4209 1554/2/4211 2289/2/4209
f 2287/2/4212 2289/2/4213 1554/2/4214
f 1554/2/4214 1553/2/4215 2287/2/4212
f 2288/2/4216 2287/2/4216 1553/2/4216
f 1553/2/4216 1552/2/4216 2288/2/4216
f 1552/2/4217 1535/2/4217 2256/2/4217
f 2256/2/4217 2288/2/4217 1552/2/4217
f 2255/2/4218 2283/2/4219 2288/2/4220
f 2288/2/4220 2256/2/4221 2255/2/4218
f 2284/2/4222 2283/2/4222 2255/2/4222
f 2255/2/4222 2254/2/4222 2284/2/4222
f 2293/2/3834 2294/2/3833 2295/2/3834
f 2295/2/3834 2296/2/3834 2293/2/3834
f 2297/2/4223 2298/2/4223 2294/2/4223
f 2294/2/4223 2293/2/4223 2297/2/4223
f 2294/2/4224 2299/2/4224 2300/2/4224
f 2300/2/4224 2295/2/4224 2294/2/4224
f 2298/2/4225 2301/2/4226 2299/2/3837
f 2299/2/3837 2294/2/3837 2298/2/4225
f 2296/2/3848 2302/2/3848 1053/2/3848
f 1053/2/3848 1052/2/3848 2296/2/3848
f 1062/2/4227 2293/2/4227 2296/2/4228
f 2296/2/4228 1052/2/4227 1062/2/4227
f 1062/2/3845 1061/2/3845 2297/2/3845
f 2297/2/3845 2293/2/3845 1062/2/3845
f 2266/2/3844 2297/2/3844 1061/2/3844
f 1061/2/3844 1033/2/3844 2266/2/3844
f 2298/2/3861 2297/2/3861 2266/2/4229
f 2266/2/4229 2268/2/3861 2298/2/3861
f 2267/2/3859 2301/2/3859 2298/2/3859
f 2298/2/3859 2268/2/3859 2267/2/3859
f 1671/2/3858 2301/2/3856 2267/2/3856
f 2267/2/3856 1648/2/3856 1671/2/3858
f 2301/2/3855 1671/2/3855 1670/2/3855
f 1670/2/3855 2299/2/3855 2301/2/3855
f 2299/2/3854 1670/2/3854 1669/2/3854
f 1669/2/3854 2300/2/3854 2299/2/3854
f 1669/2/3852 1668/2/3852 2303/2/3852
f 2303/2/3852 2300/2/3852 1669/2/3852
f 2295/2/3850 2300/2/3850 2303/2/3850
f 2303/2/3850 2304/2/3850 2295/2/3850
f 2304/2/3849 2302/2/3849 2296/2/3849
f 2296/2/3849 2295/2/3849 2304/2/3849
f 2305/2/4230 2306/2/4230 2307/2/4230
f 2307/2/4230 2308/2/4231 2305/2/4230
f 2309/2/4232 2310/2/4232 2306/2/4232
f 2306/2/4232 2305/2/4232 2309/2/4232
f 2306/2/4233 2311/2/4233 2312/2/4233
f 2312/2/4233 2307/2/4233 2306/2/4233
f 2313/2/4234 2311/2/4234 2306/2/4234
f 2306/2/4234 2310/2/4234 2313/2/4234
f 2278/2/4235 1458/2/4236 1480/2/4235
f 1480/2/4235 2308/2/4236 2278/2/4235
f 2308/2/4237 1480/2/4237 1479/2/4237
f 1479/2/4237 2305/2/4237 2308/2/4237
f 2309/2/4238 2305/2/4238 1479/2/4238
f 1479/2/4238 1477/2/4238 2309/2/4238
f 2314/2/4239 2309/2/4239 1477/2/4239
f 1477/2/4239 1478/2/4240 2314/2/4239
f 2314/2/4241 2315/2/4241 2310/2/4241
f 2310/2/4241 2309/2/4241 2314/2/4241
f 2313/2/4242 2310/2/4242 2315/2/4242
f 2315/2/4242 2316/2/4242 2313/2/4242
f 2313/2/4243 2316/2/4244 2095/2/4244
f 2095/2/4244 2094/2/4244 2313/2/4243
f 2313/2/4245 2094/2/4245 2093/2/4245
f 2093/2/4245 2311/2/4245 2313/2/4245
f 2093/2/4246 2092/2/4246 2312/2/4246
f 2312/2/4246 2311/2/4246 2093/2/4246
f 2092/2/4247 2075/2/4248 2280/2/4247
f 2280/2/4247 2312/2/4249 2092/2/4247
f 2307/2/4250 2312/2/4251 2280/2/4252
f 2280/2/4252 2279/2/4250 2307/2/4250
f 2308/2/4253 2307/2/4253 2279/2/4253
f 2279/2/4253 2278/2/4253 2308/2/4253
f 2317/2/4254 2318/2/4255 2319/2/4254
f 2319/2/4254 2320/2/4254 2317/2/4254
f 2321/2/4256 2322/2/4256 2318/2/4256
f 2318/2/4256 2317/2/4256 2321/2/4256
f 2318/2/4257 2323/2/4257 2324/2/4257
f 2324/2/4257 2319/2/4257 2318/2/4257
f 2322/2/4258 2325/2/4258 2323/2/4258
f 2323/2/4258 2318/2/4258 2322/2/4258
f 2290/2/4259 938/2/4259 960/2/4259
f 960/2/4259 2320/2/4259 2290/2/4259
f 959/2/4260 2317/2/4260 2320/2/4260
f 2320/2/4260 960/2/4261 959/2/4260
f 958/2/4262 2321/2/4262 2317/2/4262
f 2317/2/4262 959/2/4263 958/2/4262
f 2326/2/4264 2321/2/4264 958/2/4264
f 958/2/4264 957/2/4264 2326/2/4264
f 2326/2/4265 2327/2/4265 2322/2/4265
f 2322/2/4265 2321/2/4265 2326/2/4265
f 2325/2/4266 2322/2/4266 2327/2/4267
f 2327/2/4267 2328/2/4267 2325/2/4266
f 2325/2/4268 2328/2/4268 1575/2/4268
f 1575/2/4268 1574/2/4268 2325/2/4268
f 2323/2/4269 2325/2/4270 1574/2/4269
f 1574/2/4269 1573/2/4269 2323/2/4269
f 2324/2/4271 2323/2/4271 1573/2/4271
f 1573/2/4271 1572/2/4271 2324/2/4271
f 1572/2/4272 1555/2/4272 2292/2/4272
f 2292/2/4272 2324/2/4272 1572/2/4272
f 2291/2/4273 2319/2/4274 2324/2/4274
f 2324/2/4274 2292/2/4274 2291/2/4273
f 2320/2/4275 2319/2/4275 2291/2/4276
f 2291/2/4276 2290/2/4275 2320/2/4275
f 2329/2/3918 2330/2/3918 2331/2/3918
f 2331/2/3918 2332/2/4277 2329/2/3918
f 2333/2/3915 2334/2/3914 2330/2/3914
f 2330/2/3914 2329/2/3915 2333/2/3915
f 2330/2/3921 2335/2/3921 2336/2/3921
f 2336/2/3921 2331/2/3921 2330/2/3921
f 2334/2/4278 2337/2/3920 2335/2/3920
f 2335/2/3920 2330/2/4278 2334/2/4278
f 2332/2/4279 2338/2/4280 1073/2/4279
f 1073/2/4279 1072/2/4279 2332/2/4279
f 1082/2/3925 2329/2/3925 2332/2/3925
f 2332/2/3925 1072/2/3925 1082/2/3925
f 1082/2/3923 1081/2/3923 2333/2/3923
f 2333/2/3923 2329/2/3923 1082/2/3923
f 2302/2/4281 2333/2/4282 1081/2/4283
f 1081/2/4283 1053/2/4282 2302/2/4281
f 2334/2/3935 2333/2/3935 2302/2/3935
f 2302/2/3935 2304/2/3935 2334/2/3935
f 2303/2/3934 2337/2/3934 2334/2/3934
f 2334/2/3934 2304/2/3934 2303/2/3934
f 1691/2/4284 2337/2/4284 2303/2/4284
f 2303/2/4284 1668/2/4284 1691/2/4284
f 2337/2/3932 1691/2/4285 1690/2/3932
f 1690/2/3932 2335/2/3932 2337/2/3932
f 2335/2/3931 1690/2/3931 1689/2/3931
f 1689/2/3931 2336/2/3931 2335/2/3931
f 1689/2/4286 1688/2/3930 2339/2/3930
f 2339/2/3930 2336/2/3930 1689/2/4286
f 2331/2/4287 2336/2/4288 2339/2/4289
f 2339/2/4289 2340/2/4290 2331/2/4287
f 2340/2/3927 2338/2/3927 2332/2/4291
f 2332/2/4291 2331/2/3927 2340/2/3927
f 2341/2/4292 2342/2/4292 2343/2/4292
f 2343/2/4292 2344/2/4293 2341/2/4292
f 2345/2/4294 2346/2/4294 2342/2/4294
f 2342/2/4294 2341/2/4294 2345/2/4294
f 2342/2/4295 2347/2/4295 2348/2/4295
f 2348/2/4295 2343/2/4296 2342/2/4295
f 2349/2/4297 2347/2/4297 2342/2/4297
f 2342/2/4297 2346/2/4297 2349/2/4297
f 2314/2/4298 1478/2/4298 1495/2/4299
f 1495/2/4299 2344/2/4299 2314/2/4298
f 2344/2/4300 1495/2/4300 1494/2/4300
f 1494/2/4300 2341/2/4301 2344/2/4300
f 2345/2/4302 2341/2/4303 1494/2/4302
f 1494/2/4302 1493/2/4302 2345/2/4302
f 2179/2/4304 2345/2/4304 1493/2/4304
f 1493/2/4304 877/2/4304 2179/2/4304
f 2184/2/4305 2346/2/4305 2345/2/4306
f 2345/2/4306 2179/2/4305 2184/2/4305
f 2183/2/4307 2349/2/4308 2346/2/4309
f 2346/2/4309 2184/2/4308 2183/2/4307
f 2349/2/4310 2183/2/4310 852/2/4310
f 852/2/4310 2112/2/4310 2349/2/4310
f 2349/2/4311 2112/2/4311 2111/2/4311
f 2111/2/4311 2347/2/4311 2349/2/4311
f 2111/2/4312 2110/2/4312 2348/2/4313
f 2348/2/4313 2347/2/4312 2111/2/4312
f 2110/2/4314 2095/2/4314 2316/2/4314
f 2316/2/4314 2348/2/4314 2110/2/4314
f 2343/2/4315 2348/2/4315 2316/2/4315
f 2316/2/4315 2315/2/4315 2343/2/4315
f 2344/2/4316 2343/2/4316 2315/2/4316
f 2315/2/4316 2314/2/4316 2344/2/4316
f 2350/2/4317 2351/2/4318 2352/2/4319
f 2352/2/4319 2353/2/4319 2350/2/4317
f 2354/2/4320 2355/2/4320 2351/2/4320
f 2351/2/4320 2350/2/4321 2354/2/4320
f 2351/2/4322 2356/2/4323 2357/2/4322
f 2357/2/4322 2352/2/4324 2351/2/4322
f 2355/2/4325 2358/2/4325 2356/2/4325
f 2356/2/4325 2351/2/4326 2355/2/4325
f 2326/2/4327 957/2/4327 980/2/4327
f 980/2/4327 2353/2/4327 2326/2/4327
f 979/2/4328 2350/2/4328 2353/2/4328
f 2353/2/4328 980/2/4328 979/2/4328
f 978/2/4329 2354/2/4329 2350/2/4329
f 2350/2/4329 979/2/4329 978/2/4329
f 978/2/4330 977/2/4330 2359/2/4330
f 2359/2/4330 2354/2/4330 978/2/4330
f 2359/2/4331 2360/2/4331 2355/2/4331
f 2355/2/4331 2354/2/4331 2359/2/4331
f 2355/2/4332 2360/2/4332 2361/2/4332
f 2361/2/4332 2358/2/4332 2355/2/4332
f 1595/2/4333 1594/2/4333 2358/2/4333
f 2358/2/4333 2361/2/4333 1595/2/4333
f 2356/2/4334 2358/2/4334 1594/2/4334
f 1594/2/4334 1593/2/4334 2356/2/4334
f 2357/2/4335 2356/2/4335 1593/2/4335
f 1593/2/4335 1592/2/4335 2357/2/4335
f 1592/2/4336 1575/2/4336 2328/2/4336
f 2328/2/4336 2357/2/4336 1592/2/4336
f 2327/2/4337 2352/2/4337 2357/2/4337
f 2357/2/4337 2328/2/4337 2327/2/4337
f 2353/2/4338 2352/2/4338 2327/2/4338
f 2327/2/4338 2326/2/4338 2353/2/4338
f 2362/2/4339 2363/2/4340 2364/2/4339
f 2364/2/4339 2365/2/4341 2362/2/4339
f 2366/2/3990 2367/2/3990 2363/2/4342
f 2363/2/4342 2362/2/3990 2366/2/3990
f 2363/2/3993 2368/2/4343 2369/2/3993
f 2369/2/3993 2364/2/3993 2363/2/3993
f 2367/2/3992 2370/2/3992 2368/2/3992
f 2368/2/3992 2363/2/3992 2367/2/3992
f 2365/2/3999 2371/2/4344 1093/2/4000
f 1093/2/4000 1092/2/4000 2365/2/3999
f 1102/2/4345 2362/2/4345 2365/2/4345
f 2365/2/4345 1092/2/3998 1102/2/4345
f 1102/2/3997 1101/2/3997 2366/2/4346
f 2366/2/4346 2362/2/4347 1102/2/3997
f 2338/2/4348 2366/2/3995 1101/2/3995
f 1101/2/3995 1073/2/3996 2338/2/4348
f 2367/2/4349 2366/2/4016 2338/2/4349
f 2338/2/4349 2340/2/4350 2367/2/4349
f 2339/2/4015 2370/2/4015 2367/2/4015
f 2367/2/4015 2340/2/4015 2339/2/4015
f 1711/2/4351 2370/2/4351 2339/2/4351
f 2339/2/4351 1688/2/4351 1711/2/4351
f 2370/2/4011 1711/2/4011 1710/2/4011
f 1710/2/4011 2368/2/4011 2370/2/4011
f 2368/2/4010 1710/2/4010 1709/2/4352
f 1709/2/4352 2369/2/4010 2368/2/4010
f 2369/2/4353 1709/2/4354 1708/2/4353
f 1708/2/4353 2372/2/4355 2369/2/4353
f 2369/2/4004 2372/2/4356 2373/2/4004
f 2373/2/4004 2364/2/4357 2369/2/4004
f 2364/2/4003 2373/2/4001 2371/2/4003
f 2371/2/4003 2365/2/4003 2364/2/4003
f 2374/2/4358 2375/2/4359 2376/2/4358
f 2376/2/4358 2377/2/4358 2374/2/4358
f 2378/2/4360 2379/2/4361 2375/2/4361
f 2375/2/4361 2374/2/4361 2378/2/4360
f 2375/2/4362 2380/2/4363 2381/2/4362
f 2381/2/4362 2376/2/4362 2375/2/4362
f 2382/2/4364 2380/2/4364 2375/2/4364
f 2375/2/4364 2379/2/4364 2382/2/4364
f 2359/2/4365 977/2/4365 1000/2/4365
f 1000/2/4365 2377/2/4365 2359/2/4365
f 2377/2/4366 1000/2/4367 999/2/4367
f 999/2/4367 2374/2/4366 2377/2/4366
f 2378/2/4368 2374/2/4368 999/2/4368
f 999/2/4368 998/2/4368 2378/2/4368
f 2383/2/4369 2378/2/4370 998/2/4370
f 998/2/4370 997/2/4370 2383/2/4369
f 2383/2/4371 2384/2/4371 2379/2/4371
f 2379/2/4371 2378/2/4371 2383/2/4371
f 2382/2/4372 2379/2/4372 2384/2/4372
f 2384/2/4372 2385/2/4373 2382/2/4372
f 1615/2/4374 1614/2/4374 2382/2/4375
f 2382/2/4375 2385/2/4374 1615/2/4374
f 2382/2/4376 1614/2/4376 1613/2/4376
f 1613/2/4376 2380/2/4376 2382/2/4376
f 1613/2/4377 1612/2/4377 2381/2/4377
f 2381/2/4377 2380/2/4377 1613/2/4377
f 1612/2/4378 1595/2/4378 2361/2/4378
f 2361/2/4378 2381/2/4378 1612/2/4378
f 2376/2/4379 2381/2/4379 2361/2/4379
f 2361/2/4379 2360/2/4379 2376/2/4379
f 2377/2/4380 2376/2/4380 2360/2/4380
f 2360/2/4380 2359/2/4380 2377/2/4380
f 2386/2/4075 2387/2/4075 2388/2/4075
f 2388/2/4075 2389/2/4075 2386/2/4075
f 2390/2/4074 2391/2/4074 2387/2/4074
f 2387/2/4074 2386/2/4074 2390/2/4074
f 2387/2/4079 2392/2/4079 2393/2/4079
f 2393/2/4079 2388/2/4079 2387/2/4079
f 2391/2/4077 2394/2/4077 2392/2/4077
f 2392/2/4077 2387/2/4077 2391/2/4077
f 2389/2/4088 2395/2/4088 1113/2/4088
f 1113/2/4088 1112/2/4088 2389/2/4088
f 1122/2/4381 2386/2/4085 2389/2/4382
f 2389/2/4382 1112/2/4085 1122/2/4381
f 1122/2/4383 1121/2/4384 2390/2/4383
f 2390/2/4383 2386/2/4082 1122/2/4383
f 1121/2/4385 1093/2/4385 2371/2/4385
f 2371/2/4385 2390/2/4386 1121/2/4385
f 2391/2/4100 2390/2/4100 2371/2/4100
f 2371/2/4100 2373/2/4100 2391/2/4100
f 2372/2/4099 2394/2/4099 2391/2/4387
f 2391/2/4387 2373/2/4099 2372/2/4099
f 2372/2/4388 1708/2/4098 1731/2/4098
f 1731/2/4098 2394/2/4098 2372/2/4388
f 2394/2/4096 1731/2/4096 1730/2/4389
f 1730/2/4389 2392/2/4096 2394/2/4096
f 2392/2/4095 1730/2/4095 1729/2/4095
f 1729/2/4095 2393/2/4390 2392/2/4095
f 2393/2/4093 1729/2/4391 1728/2/4093
f 1728/2/4093 2396/2/4392 2393/2/4093
f 2397/2/4092 2388/2/4092 2393/2/4092
f 2393/2/4092 2396/2/4092 2397/2/4092
f 2388/2/4393 2397/2/4393 2395/2/4393
f 2395/2/4393 2389/2/4394 2388/2/4393
f 2398/2/4395 2399/2/4395 2400/2/4396
f 2400/2/4396 2401/2/4395 2398/2/4395
f 2402/2/4397 2403/2/4397 2399/2/4397
f 2399/2/4397 2398/2/4397 2402/2/4397
f 2399/2/4398 2404/2/4399 2405/2/4400
f 2405/2/4400 2400/2/4399 2399/2/4398
f 2406/2/4401 2404/2/4401 2399/2/4401
f 2399/2/4401 2403/2/4401 2406/2/4401
f 2383/2/4402 997/2/4403 1020/2/4402
f 1020/2/4402 2401/2/4402 2383/2/4402
f 2401/2/4404 1020/2/4405 1019/2/4406
f 1019/2/4406 2398/2/4405 2401/2/4404
f 2402/2/4407 2398/2/4407 1019/2/4408
f 1019/2/4408 1017/2/4407 2402/2/4407
f 2402/2/4409 1017/2/4410 1018/2/4409
f 1018/2/4409 2407/2/4409 2402/2/4409
f 2407/2/4411 2408/2/4411 2403/2/4411
f 2403/2/4411 2402/2/4411 2407/2/4411
f 2406/2/4412 2403/2/4412 2408/2/4412
f 2408/2/4412 2409/2/4412 2406/2/4412
f 1635/2/4413 1634/2/4413 2406/2/4413
f 2406/2/4413 2409/2/4414 1635/2/4413
f 2406/2/4415 1634/2/4416 1633/2/4415
f 1633/2/4415 2404/2/4417 2406/2/4415
f 1633/2/4418 1632/2/4418 2405/2/4418
f 2405/2/4418 2404/2/4418 1633/2/4418
f 1632/2/4419 1615/2/4420 2385/2/4419
f 2385/2/4419 2405/2/4419 1632/2/4419
f 2384/2/4421 2400/2/4421 2405/2/4421
f 2405/2/4421 2385/2/4421 2384/2/4421
f 2400/2/4422 2384/2/4422 2383/2/4422
f 2383/2/4422 2401/2/4422 2400/2/4422
f 2410/2/4423 2411/2/4424 2412/2/4423
f 2412/2/4423 2413/2/4156 2410/2/4423
f 2414/2/4153 2415/2/4153 2411/2/4153
f 2411/2/4153 2410/2/4425 2414/2/4153
f 2411/2/4426 2416/2/4426 2417/2/4161
f 2417/2/4161 2412/2/4161 2411/2/4426
f 2415/2/4157 2418/2/4157 2416/2/4157
f 2416/2/4157 2411/2/4157 2415/2/4157
f 2413/2/4427 2419/2/4428 1133/2/4427
f 1133/2/4427 1132/2/4429 2413/2/4427
f 1142/2/4169 2410/2/4169 2413/2/4169
f 2413/2/4169 1132/2/4169 1142/2/4169
f 1142/2/4430 1141/2/4166 2414/2/4430
f 2414/2/4430 2410/2/4431 1142/2/4430
f 1141/2/4163 1113/2/4163 2395/2/4163
f 2395/2/4163 2414/2/4163 1141/2/4163
f 2415/2/4187 2414/2/4187 2395/2/4187
f 2395/2/4187 2397/2/4187 2415/2/4187
f 2396/2/4186 2418/2/4186 2415/2/4186
f 2415/2/4186 2397/2/4186 2396/2/4186
f 2396/2/4183 1728/2/4183 1751/2/4183
f 1751/2/4183 2418/2/4183 2396/2/4183
f 2418/2/4432 1751/2/4180 1750/2/4432
f 1750/2/4432 2416/2/4432 2418/2/4432
f 2416/2/4179 1750/2/4179 1749/2/4179
f 1749/2/4179 2417/2/4179 2416/2/4179
f 2417/2/4174 1749/2/4174 1748/2/4176
f 1748/2/4176 2420/2/4174 2417/2/4174
f 2421/2/4173 2412/2/4173 2417/2/4173
f 2417/2/4173 2420/2/4173 2421/2/4173
f 2412/2/4171 2421/2/4171 2419/2/4171
f 2419/2/4171 2413/2/4171 2412/2/4171
f 2422/2/4433 2423/2/4433 2424/2/4434
f 2424/2/4434 2425/2/4435 2422/2/4433
f 2426/2/4436 2427/2/4436 2423/2/4436
f 2423/2/4436 2422/2/4436 2426/2/4436
f 2423/2/4437 2428/2/4438 2429/2/4438
f 2429/2/4438 2424/2/4438 2423/2/4437
f 2430/2/4439 2428/2/4440 2423/2/4441
f 2423/2/4441 2427/2/4440 2430/2/4439
f 2407/2/4442 1018/2/4443 1040/2/4442
f 1040/2/4442 2425/2/4443 2407/2/4442
f 2425/2/4444 1040/2/4445 1039/2/4444
f 1039/2/4444 2422/2/4446 2425/2/4444
f 2426/2/4447 2422/2/4447 1039/2/4448
f 1039/2/4448 1037/2/4449 2426/2/4447
f 2426/2/4450 1037/2/4451 1038/2/4450
f 1038/2/4450 2431/2/4450 2426/2/4450
f 2431/2/4452 2432/2/4452 2427/2/4452
f 2427/2/4452 2426/2/4453 2431/2/4452
f 2430/2/4454 2427/2/4454 2432/2/4454
f 2432/2/4454 2433/2/4454 2430/2/4454
f 1655/2/4455 1654/2/4455 2430/2/4455
f 2430/2/4455 2433/2/4455 1655/2/4455
f 2430/2/4456 1654/2/4456 1653/2/4456
f 1653/2/4456 2428/2/4456 2430/2/4456
f 1653/2/4457 1652/2/4457 2429/2/4458
f 2429/2/4458 2428/2/4457 1653/2/4457
f 1652/2/4459 1635/2/4459 2409/2/4460
f 2409/2/4460 2429/2/4460 1652/2/4459
f 2408/2/4461 2424/2/4462 2429/2/4463
f 2429/2/4463 2409/2/4463 2408/2/4461
f 2407/2/4464 2425/2/4464 2424/2/4464
f 2424/2/4464 2408/2/4464 2407/2/4464
f 2434/2/4465 2435/2/4232 2436/2/4232
f 2436/2/4232 2437/2/4232 2434/2/4465
f 2438/2/4230 2439/2/4230 2435/2/4230
f 2435/2/4230 2434/2/4230 2438/2/4230
f 2435/2/4466 2440/2/4234 2441/2/4234
f 2441/2/4234 2436/2/4234 2435/2/4466
f 2439/2/4233 2442/2/4467 2440/2/4468
f 2440/2/4468 2435/2/4233 2439/2/4233
f 2437/2/4469 2443/2/4469 1153/2/4239
f 1153/2/4239 1152/2/4470 2437/2/4469
f 1162/2/4471 2434/2/4471 2437/2/4238
f 2437/2/4238 1152/2/4238 1162/2/4471
f 1162/2/4237 1161/2/4237 2438/2/4237
f 2438/2/4237 2434/2/4237 1162/2/4237
f 1161/2/4472 1133/2/4236 2419/2/4236
f 2419/2/4236 2438/2/4472 1161/2/4472
f 2439/2/4473 2438/2/4473 2419/2/4473
f 2419/2/4473 2421/2/4253 2439/2/4473
f 2420/2/4250 2442/2/4250 2439/2/4252
f 2439/2/4252 2421/2/4250 2420/2/4250
f 2420/2/4474 1748/2/4247 1771/2/4247
f 1771/2/4247 2442/2/4475 2420/2/4474
f 2442/2/4246 1771/2/4246 1770/2/4246
f 1770/2/4246 2440/2/4246 2442/2/4246
f 2440/2/4245 1770/2/4245 1769/2/4476
f 1769/2/4476 2441/2/4476 2440/2/4245
f 2441/2/4244 1769/2/4244 1768/2/4244
f 1768/2/4244 2444/2/4244 2441/2/4244
f 2441/2/4242 2444/2/4242 2445/2/4242
f 2445/2/4242 2436/2/4242 2441/2/4242
f 2436/2/4241 2445/2/4241 2443/2/4241
f 2443/2/4241 2437/2/4241 2436/2/4241
f 2446/2/4477 2447/2/4477 2448/2/4477
f 2448/2/4477 2449/2/4477 2446/2/4477
f 2450/2/4478 2451/2/4479 2447/2/4478
f 2447/2/4478 2446/2/4478 2450/2/4478
f 2447/2/4480 2452/2/4480 2453/2/4480
f 2453/2/4480 2448/2/4480 2447/2/4480
f 2454/2/4481 2452/2/4481 2447/2/4481
f 2447/2/4481 2451/2/4481 2454/2/4481
f 2431/2/4482 1038/2/4482 1060/2/4482
f 1060/2/4482 2449/2/4482 2431/2/4482
f 2449/2/4483 1060/2/4483 1059/2/4483
f 1059/2/4483 2446/2/4483 2449/2/4483
f 2450/2/4484 2446/2/4484 1059/2/4485
f 1059/2/4485 1057/2/4485 2450/2/4484
f 2450/2/4486 1057/2/4486 1058/2/4486
f 1058/2/4486 2455/2/4486 2450/2/4486
f 2455/2/4487 2456/2/4487 2451/2/4487
f 2451/2/4487 2450/2/4487 2455/2/4487
f 2454/2/4488 2451/2/4488 2456/2/4488
f 2456/2/4488 2457/2/4488 2454/2/4488
f 1675/2/4489 1674/2/4489 2454/2/4490
f 2454/2/4490 2457/2/4491 1675/2/4489
f 2454/2/4492 1674/2/4492 1673/2/4492
f 1673/2/4492 2452/2/4492 2454/2/4492
f 1673/2/4493 1672/2/4493 2453/2/4493
f 2453/2/4493 2452/2/4493 1673/2/4493
f 1672/2/4494 1655/2/4495 2433/2/4494
f 2433/2/4494 2453/2/4494 1672/2/4494
f 2432/2/4496 2448/2/4496 2453/2/4496
f 2453/2/4496 2433/2/4496 2432/2/4496
f 2448/2/4497 2432/2/4497 2431/2/4497
f 2431/2/4497 2449/2/4497 2448/2/4497
f 2458/2/4294 2459/2/4294 2460/2/4294
f 2460/2/4294 2461/2/4498 2458/2/4294
f 2462/2/4293 2463/2/4293 2459/2/4293
f 2459/2/4293 2458/2/4293 2462/2/4293
f 2459/2/4297 2464/2/4297 2465/2/4297
f 2465/2/4297 2460/2/4297 2459/2/4297
f 2463/2/4295 2466/2/4295 2464/2/4295
f 2464/2/4295 2459/2/4295 2463/2/4295
f 2461/2/4499 2467/2/4304 1173/2/4500
f 1173/2/4500 1172/2/4501 2461/2/4499
f 1182/2/4302 2458/2/4302 2461/2/4302
f 2461/2/4302 1172/2/4302 1182/2/4302
f 1182/2/4502 1181/2/4502 2462/2/4502
f 2462/2/4502 2458/2/4502 1182/2/4502
f 1181/2/4298 1153/2/4298 2443/2/4503
f 2443/2/4503 2462/2/4298 1181/2/4298
f 2463/2/4316 2462/2/4316 2443/2/4316
f 2443/2/4316 2445/2/4316 2463/2/4316
f 2444/2/4315 2466/2/4315 2463/2/4315
f 2463/2/4315 2445/2/4315 2444/2/4315
f 2444/2/4504 1768/2/4504 1791/2/4504
f 1791/2/4504 2466/2/4505 2444/2/4504
f 2466/2/4506 1791/2/4506 1790/2/4506
f 1790/2/4506 2464/2/4506 2466/2/4506
f 2464/2/4311 1790/2/4311 1789/2/4311
f 1789/2/4311 2465/2/4507 2464/2/4311
f 2465/2/4310 1789/2/4508 1788/2/4509
f 1788/2/4509 2468/2/4310 2465/2/4310
f 2469/2/4510 2460/2/4308 2465/2/4510
f 2465/2/4510 2468/2/4308 2469/2/4510
f 2460/2/4305 2469/2/4305 2467/2/4305
f 2467/2/4305 2461/2/4305 2460/2/4305
f 2470/2/4511 2471/2/4512 2472/2/4513
f 2472/2/4513 2473/2/4513 2470/2/4511
f 2474/2/4514 2475/2/4515 2471/2/4514
f 2471/2/4514 2470/2/4516 2474/2/4514
f 2471/2/4517 2476/2/4518 2477/2/4519
f 2477/2/4519 2472/2/4520 2471/2/4517
f 2478/2/4521 2476/2/4521 2471/2/4522
f 2471/2/4522 2475/2/4522 2478/2/4521
f 2455/2/4523 1058/2/4523 1080/2/4523
f 1080/2/4523 2473/2/4523 2455/2/4523
f 2473/2/4524 1080/2/4524 1079/2/4525
f 1079/2/4525 2470/2/4524 2473/2/4524
f 2474/2/4526 2470/2/4526 1079/2/4526
f 1079/2/4526 1077/2/4526 2474/2/4526
f 2474/2/4527 1077/2/4528 1078/2/4527
f 1078/2/4527 2479/2/4527 2474/2/4527
f 2479/2/4529 2480/2/4530 2475/2/4529
f 2475/2/4529 2474/2/4529 2479/2/4529
f 2478/2/4531 2475/2/4531 2480/2/4532
f 2480/2/4532 2481/2/4531 2478/2/4531
f 1695/2/4533 1694/2/4534 2478/2/4533
f 2478/2/4533 2481/2/4533 1695/2/4533
f 2478/2/4535 1694/2/4535 1693/2/4536
f 1693/2/4536 2476/2/4537 2478/2/4535
f 1693/2/4538 1692/2/4538 2477/2/4538
f 2477/2/4538 2476/2/4538 1693/2/4538
f 1692/2/4539 1675/2/4539 2457/2/4539
f 2457/2/4539 2477/2/4539 1692/2/4539
f 2456/2/4540 2472/2/4540 2477/2/4540
f 2477/2/4540 2457/2/4540 2456/2/4540
f 2472/2/4541 2456/2/4541 2455/2/4541
f 2455/2/4541 2473/2/4541 2472/2/4541
f 2482/2/4542 2483/2/4542 2484/2/4542
f 2484/2/4542 2485/2/4542 2482/2/4542
f 2486/2/3936 2487/2/3936 2483/2/3936
f 2483/2/3936 2482/2/3936 2486/2/3936
f 2483/2/3942 2488/2/3942 2489/2/4543
f 2489/2/4543 2484/2/3942 2483/2/3942
f 2487/2/3938 2490/2/4544 2488/2/3938
f 2488/2/3938 2483/2/3938 2487/2/3938
f 2485/2/4545 2491/2/4546 1193/2/4546
f 1193/2/4546 1192/2/3952 2485/2/4545
f 1202/2/3948 2482/2/3946 2485/2/3949
f 2485/2/3949 1192/2/3948 1202/2/3948
f 1202/2/4547 1201/2/3944 2486/2/3945
f 2486/2/3945 2482/2/3944 1202/2/4547
f 1201/2/3943 1173/2/3943 2467/2/4548
f 2467/2/4548 2486/2/3943 1201/2/3943
f 2487/2/3963 2486/2/3963 2467/2/3963
f 2467/2/3963 2469/2/3963 2487/2/3963
f 2468/2/3962 2490/2/3962 2487/2/3962
f 2487/2/3962 2469/2/3962 2468/2/3962
f 2468/2/4549 1788/2/3959 1811/2/4549
f 1811/2/4549 2490/2/4549 2468/2/4549
f 2490/2/4550 1811/2/4551 1810/2/4552
f 1810/2/4552 2488/2/3957 2490/2/4550
f 2488/2/4553 1810/2/3956 1809/2/3956
f 1809/2/3956 2489/2/4553 2488/2/4553
f 2489/2/4554 1809/2/4554 1808/2/4555
f 1808/2/4555 2492/2/3955 2489/2/4554
f 2493/2/3954 2484/2/3954 2489/2/3954
f 2489/2/3954 2492/2/3954 2493/2/3954
f 2484/2/3953 2493/2/3953 2491/2/3953
f 2491/2/3953 2485/2/3953 2484/2/3953
f 2494/2/4556 2495/2/4556 2496/2/4556
f 2496/2/4556 2497/2/4556 2494/2/4556
f 2498/2/4557 2499/2/4557 2495/2/4557
f 2495/2/4557 2494/2/4557 2498/2/4557
f 2495/2/4558 2500/2/4558 2501/2/4558
f 2501/2/4558 2496/2/4558 2495/2/4558
f 2502/2/4559 2500/2/4560 2495/2/4559
f 2495/2/4559 2499/2/4559 2502/2/4559
f 2479/2/4561 1078/2/4561 1100/2/4561
f 1100/2/4561 2497/2/4561 2479/2/4561
f 2497/2/4562 1100/2/4562 1099/2/4563
f 1099/2/4563 2494/2/4563 2497/2/4562
f 2498/2/4564 2494/2/4564 1099/2/4564
f 1099/2/4564 1097/2/4565 2498/2/4564
f 2498/2/4566 1097/2/4567 1098/2/4566
f 1098/2/4566 2503/2/4568 2498/2/4566
f 2503/2/4569 2504/2/4570 2499/2/4571
f 2499/2/4571 2498/2/4570 2503/2/4569
f 2502/2/4572 2499/2/4572 2504/2/4572
f 2504/2/4572 2505/2/4573 2502/2/4572
f 1715/2/4574 1714/2/4574 2502/2/4574
f 2502/2/4574 2505/2/4574 1715/2/4574
f 2502/2/4575 1714/2/4576 1713/2/4575
f 1713/2/4575 2500/2/4577 2502/2/4575
f 1713/2/4578 1712/2/4579 2501/2/4580
f 2501/2/4580 2500/2/4580 1713/2/4578
f 1712/2/4581 1695/2/4582 2481/2/4581
f 2481/2/4581 2501/2/4583 1712/2/4581
f 2480/2/4584 2496/2/4584 2501/2/4584
f 2501/2/4584 2481/2/4584 2480/2/4584
f 2479/2/4585 2497/2/4586 2496/2/4586
f 2496/2/4586 2480/2/4586 2479/2/4585
f 2506/2/4587 2507/2/4019 2508/2/4587
f 2508/2/4587 2509/2/4588 2506/2/4587
f 2510/2/4018 2511/2/4018 2507/2/4018
f 2507/2/4018 2506/2/4018 2510/2/4018
f 2507/2/4023 2512/2/4023 2513/2/4023
f 2513/2/4023 2508/2/4021 2507/2/4023
f 2511/2/4020 2514/2/4589 2512/2/4589
f 2512/2/4589 2507/2/4020 2511/2/4020
f 2509/2/4590 2515/2/4030 1213/2/4591
f 1213/2/4591 1212/2/4590 2509/2/4590
f 1222/2/4592 2506/2/4592 2509/2/4592
f 2509/2/4592 1212/2/4592 1222/2/4592
f 1222/2/4025 1221/2/4593 2510/2/4025
f 2510/2/4025 2506/2/4025 1222/2/4025
f 1221/2/4024 1193/2/4594 2491/2/4024
f 2491/2/4024 2510/2/4024 1221/2/4024
f 2511/2/4595 2510/2/4043 2491/2/4595
f 2491/2/4595 2493/2/4596 2511/2/4595
f 2492/2/4597 2514/2/4042 2511/2/4042
f 2511/2/4042 2493/2/4598 2492/2/4597
f 2492/2/4599 1808/2/4599 1831/2/4599
f 1831/2/4599 2514/2/4599 2492/2/4599
f 2514/2/4040 1831/2/4600 1830/2/4040
f 1830/2/4040 2512/2/4040 2514/2/4040
f 2512/2/4038 1830/2/4039 1829/2/4038
f 1829/2/4038 2513/2/4038 2512/2/4038
f 2513/2/4036 1829/2/4036 1828/2/4036
f 1828/2/4036 2516/2/4036 2513/2/4036
f 2517/2/4035 2508/2/4035 2513/2/4035
f 2513/2/4035 2516/2/4035 2517/2/4035
f 2508/2/4601 2517/2/4033 2515/2/4602
f 2515/2/4602 2509/2/4603 2508/2/4601
f 2518/2/4604 2519/2/4604 2520/2/4604
f 2520/2/4604 2521/2/4604 2518/2/4604
f 2522/2/4605 2523/2/4605 2519/2/4605
f 2519/2/4605 2518/2/4605 2522/2/4605
f 2519/2/4606 2524/2/4607 2525/2/4607
f 2525/2/4607 2520/2/4606 2519/2/4606
f 2526/2/4608 2524/2/4608 2519/2/4608
f 2519/2/4608 2523/2/4608 2526/2/4608
f 2503/2/4609 1098/2/4609 1120/2/4609
f 1120/2/4609 2521/2/4609 2503/2/4609
f 2521/2/4610 1120/2/4611 1119/2/4611
f 1119/2/4611 2518/2/4611 2521/2/4610
f 2522/2/4612 2518/2/4612 1119/2/4612
f 1119/2/4612 1117/2/4613 2522/2/4612
f 2522/2/4614 1117/2/4614 1118/2/4614
f 1118/2/4614 2527/2/4614 2522/2/4614
f 2527/2/4615 2528/2/4615 2523/2/4615
f 2523/2/4615 2522/2/4615 2527/2/4615
f 2526/2/4616 2523/2/4616 2528/2/4616
f 2528/2/4616 2529/2/4616 2526/2/4616
f 1735/2/4617 1734/2/4617 2526/2/4617
f 2526/2/4617 2529/2/4617 1735/2/4617
f 2526/2/4618 1734/2/4619 1733/2/4618
f 1733/2/4618 2524/2/4618 2526/2/4618
f 1733/2/4620 1732/2/4620 2525/2/4621
f 2525/2/4621 2524/2/4620 1733/2/4620
f 1732/2/4622 1715/2/4623 2505/2/4624
f 2505/2/4624 2525/2/4625 1732/2/4622
f 2504/2/4626 2520/2/4626 2525/2/4626
f 2525/2/4626 2505/2/4626 2504/2/4626
f 2503/2/4627 2521/2/4628 2520/2/4628
f 2520/2/4628 2504/2/4628 2503/2/4627
f 2530/2/4102 2531/2/4629 2532/2/4630
f 2532/2/4630 2533/2/4102 2530/2/4102
f 2534/2/4101 2535/2/4101 2531/2/4101
f 2531/2/4101 2530/2/4101 2534/2/4101
f 2531/2/4106 2536/2/4106 2537/2/4106
f 2537/2/4106 2532/2/4106 2531/2/4106
f 2535/2/4631 2538/2/4103 2536/2/4631
f 2536/2/4631 2531/2/4632 2535/2/4631
f 2533/2/4633 2539/2/4634 1233/2/4633
f 1233/2/4633 1232/2/4633 2533/2/4633
f 1242/2/4113 2530/2/4113 2533/2/4113
f 2533/2/4113 1232/2/4113 1242/2/4113
f 1242/2/4110 1241/2/4109 2534/2/4110
f 2534/2/4110 2530/2/4110 1242/2/4110
f 1241/2/4107 1213/2/4107 2515/2/4107
f 2515/2/4107 2534/2/4107 1241/2/4107
f 2535/2/4126 2534/2/4126 2515/2/4126
f 2515/2/4126 2517/2/4126 2535/2/4126
f 2516/2/4125 2538/2/4125 2535/2/4125
f 2535/2/4125 2517/2/4125 2516/2/4125
f 2516/2/4635 1828/2/4635 1851/2/4635
f 1851/2/4635 2538/2/4635 2516/2/4635
f 2538/2/4123 1851/2/4636 1850/2/4122
f 1850/2/4122 2536/2/4122 2538/2/4123
f 2536/2/4120 1850/2/4637 1849/2/4120
f 1849/2/4120 2537/2/4638 2536/2/4120
f 2537/2/4118 1849/2/4118 1848/2/4118
f 1848/2/4118 2540/2/4118 2537/2/4118
f 2541/2/4117 2532/2/4117 2537/2/4117
f 2537/2/4117 2540/2/4117 2541/2/4117
f 2532/2/4115 2541/2/4115 2539/2/4115
f 2539/2/4115 2533/2/4115 2532/2/4115
f 2542/2/4639 2543/2/4639 2544/2/4639
f 2544/2/4639 2545/2/4639 2542/2/4639
f 2546/2/4640 2547/2/4641 2543/2/4641
f 2543/2/4641 2542/2/4640 2546/2/4640
f 2543/2/4642 2548/2/4642 2549/2/4642
f 2549/2/4642 2544/2/4642 2543/2/4642
f 2550/2/4643 2548/2/4644 2543/2/4644
f 2543/2/4644 2547/2/4643 2550/2/4643
f 2527/2/4645 1118/2/4645 1140/2/4645
f 1140/2/4645 2545/2/4645 2527/2/4645
f 2545/2/4646 1140/2/4646 1139/2/4646
f 1139/2/4646 2542/2/4646 2545/2/4646
f 2546/2/4647 2542/2/4647 1139/2/4647
f 1139/2/4647 1137/2/4648 2546/2/4647
f 2546/2/4649 1137/2/4650 1138/2/4649
f 1138/2/4649 2551/2/4649 2546/2/4649
f 2551/2/4651 2552/2/4651 2547/2/4651
f 2547/2/4651 2546/2/4651 2551/2/4651
f 2550/2/4652 2547/2/4652 2552/2/4652
f 2552/2/4652 2553/2/4652 2550/2/4652
f 1755/2/4653 1754/2/4653 2550/2/4653
f 2550/2/4653 2553/2/4653 1755/2/4653
f 2550/2/4654 1754/2/4655 1753/2/4654
f 1753/2/4654 2548/2/4655 2550/2/4654
f 1753/2/4656 1752/2/4657 2549/2/4657
f 2549/2/4657 2548/2/4656 1753/2/4656
f 1752/2/4658 1735/2/4659 2529/2/4659
f 2529/2/4659 2549/2/4659 1752/2/4658
f 2528/2/4660 2544/2/4660 2549/2/4660
f 2549/2/4660 2529/2/4660 2528/2/4660
f 2544/2/4661 2528/2/4661 2527/2/4661
f 2527/2/4661 2545/2/4661 2544/2/4661
f 2554/2/4190 2555/2/4190 2556/2/4190
f 2556/2/4190 2557/2/4190 2554/2/4190
f 2558/2/4189 2559/2/4189 2555/2/4189
f 2555/2/4189 2554/2/4189 2558/2/4189
f 2555/2/4195 2560/2/4195 2561/2/4195
f 2561/2/4195 2556/2/4195 2555/2/4195
f 2559/2/4662 2562/2/4662 2560/2/4662
f 2560/2/4662 2555/2/4662 2559/2/4662
f 2557/2/4205 2563/2/4663 1253/2/4664
f 1253/2/4664 1252/2/4205 2557/2/4205
f 1262/2/4203 2554/2/4203 2557/2/4203
f 2557/2/4203 1252/2/4203 1262/2/4203
f 1262/2/4665 1261/2/4202 2558/2/4666
f 2558/2/4666 2554/2/4202 1262/2/4665
f 1261/2/4200 1233/2/4200 2539/2/4200
f 2539/2/4200 2558/2/4200 1261/2/4200
f 2559/2/4222 2558/2/4222 2539/2/4222
f 2539/2/4222 2541/2/4222 2559/2/4222
f 2540/2/4667 2562/2/4667 2559/2/4667
f 2559/2/4667 2541/2/4221 2540/2/4667
f 2540/2/4217 1848/2/4217 1871/2/4217
f 1871/2/4217 2562/2/4217 2540/2/4217
f 2562/2/4668 1871/2/4216 1870/2/4216
f 1870/2/4216 2560/2/4669 2562/2/4668
f 2560/2/4215 1870/2/4670 1869/2/4215
f 1869/2/4215 2561/2/4670 2560/2/4215
f 2561/2/4671 1869/2/4671 1868/2/4210
f 1868/2/4210 2564/2/4210 2561/2/4671
f 2565/2/4208 2556/2/4208 2561/2/4208
f 2561/2/4208 2564/2/4208 2565/2/4208
f 2556/2/4672 2565/2/4206 2563/2/4206
f 2563/2/4206 2557/2/4206 2556/2/4672
f 2566/2/4673 2567/2/4674 2568/2/4674
f 2568/2/4674 2569/2/4674 2566/2/4673
f 2570/2/4675 2571/2/4675 2567/2/4675
f 2567/2/4675 2566/2/4676 2570/2/4675
f 2567/2/4677 2572/2/4678 2573/2/4679
f 2573/2/4679 2568/2/4680 2567/2/4677
f 2574/2/4681 2572/2/4681 2567/2/4681
f 2567/2/4681 2571/2/4681 2574/2/4681
f 2551/2/4682 1138/2/4682 1160/2/4682
f 1160/2/4682 2569/2/4683 2551/2/4682
f 2569/2/4684 1160/2/4685 1159/2/4684
f 1159/2/4684 2566/2/4684 2569/2/4684
f 2570/2/4686 2566/2/4687 1159/2/4687
f 1159/2/4687 1157/2/4687 2570/2/4686
f 2570/2/4688 1157/2/4688 1158/2/4688
f 1158/2/4688 2575/2/4688 2570/2/4688
f 2575/2/4689 2576/2/4690 2571/2/4691
f 2571/2/4691 2570/2/4691 2575/2/4689
f 2574/2/4692 2571/2/4692 2576/2/4692
f 2576/2/4692 2577/2/4692 2574/2/4692
f 1775/2/4693 1774/2/4694 2574/2/4693
f 2574/2/4693 2577/2/4695 1775/2/4693
f 2574/2/4696 1774/2/4696 1773/2/4696
f 1773/2/4696 2572/2/4696 2574/2/4696
f 1773/2/4697 1772/2/4698 2573/2/4697
f 2573/2/4697 2572/2/4697 1773/2/4697
f 1772/2/4699 1755/2/4699 2553/2/4699
f 2553/2/4699 2573/2/4699 1772/2/4699
f 2552/2/4700 2568/2/4700 2573/2/4701
f 2573/2/4701 2553/2/4700 2552/2/4700
f 2568/2/4702 2552/2/4702 2551/2/4702
f 2551/2/4702 2569/2/4702 2568/2/4702
f 2578/2/4256 2579/2/4256 2580/2/4256
f 2580/2/4256 2581/2/4256 2578/2/4256
f 2582/2/4254 2583/2/4254 2579/2/4703
f 2579/2/4703 2578/2/4255 2582/2/4254
f 2579/2/4258 2584/2/4258 2585/2/4258
f 2585/2/4258 2580/2/4258 2579/2/4258
f 2583/2/4704 2586/2/4705 2584/2/4705
f 2584/2/4705 2579/2/4705 2583/2/4704
f 2581/2/4264 2587/2/4264 1273/2/4264
f 1273/2/4264 1272/2/4706 2581/2/4264
f 1282/2/4262 2578/2/4262 2581/2/4262
f 2581/2/4262 1272/2/4262 1282/2/4262
f 1282/2/4261 1281/2/4261 2582/2/4261
f 2582/2/4261 2578/2/4261 1282/2/4261
f 1281/2/4259 1253/2/4259 2563/2/4259
f 2563/2/4259 2582/2/4259 1281/2/4259
f 2583/2/4275 2582/2/4275 2563/2/4275
f 2563/2/4275 2565/2/4275 2583/2/4275
f 2564/2/4707 2586/2/4274 2583/2/4273
f 2583/2/4273 2565/2/4274 2564/2/4707
f 2564/2/4708 1868/2/4708 1891/2/4708
f 1891/2/4708 2586/2/4708 2564/2/4708
f 2586/2/4271 1891/2/4271 1890/2/4709
f 1890/2/4709 2584/2/4710 2586/2/4271
f 2584/2/4269 1890/2/4269 1889/2/4269
f 1889/2/4269 2585/2/4269 2584/2/4269
f 2585/2/4268 1889/2/4268 1888/2/4711
f 1888/2/4711 2588/2/4712 2585/2/4268
f 2589/2/4266 2580/2/4266 2585/2/4266
f 2585/2/4266 2588/2/4266 2589/2/4266
f 2580/2/4713 2589/2/4713 2587/2/4713
f 2587/2/4713 2581/2/4713 2580/2/4713
f 2590/2/3863 2591/2/3863 2592/2/3863
f 2592/2/3863 2593/2/3863 2590/2/3863
f 2594/2/3862 2595/2/3862 2591/2/3862
f 2591/2/3862 2590/2/3862 2594/2/3862
f 2591/2/3866 2596/2/3866 2597/2/3866
f 2597/2/3866 2592/2/3866 2591/2/3866
f 2598/2/3865 2596/2/3865 2591/2/3865
f 2591/2/3865 2595/2/3865 2598/2/3865
f 2575/2/3872 1158/2/3872 1180/2/3872
f 1180/2/3872 2593/2/3872 2575/2/3872
f 2593/2/4714 1180/2/4714 1179/2/4714
f 1179/2/4714 2590/2/4714 2593/2/4714
f 2594/2/4715 2590/2/3868 1179/2/3868
f 1179/2/3868 1177/2/3868 2594/2/4715
f 2594/2/3867 1177/2/3867 1178/2/4716
f 1178/2/4716 2599/2/4717 2594/2/3867
f 2599/2/3884 2600/2/3884 2595/2/3884
f 2595/2/3884 2594/2/3884 2599/2/3884
f 2598/2/3883 2595/2/3883 2600/2/3883
f 2600/2/3883 2601/2/3883 2598/2/3883
f 1795/2/4718 1794/2/4718 2598/2/4718
f 2598/2/4718 2601/2/3881 1795/2/4718
f 2598/2/4719 1794/2/3879 1793/2/4720
f 1793/2/4720 2596/2/3879 2598/2/4719
f 1793/2/4721 1792/2/4722 2597/2/4721
f 2597/2/4721 2596/2/3877 1793/2/4721
f 1792/2/3875 1775/2/3875 2577/2/3875
f 2577/2/3875 2597/2/4723 1792/2/3875
f 2576/2/4724 2592/2/3874 2597/2/3874
f 2597/2/3874 2577/2/3874 2576/2/4724
f 2575/2/4725 2593/2/4725 2592/2/4725
f 2592/2/4725 2576/2/3873 2575/2/4725
f 2602/2/4726 2603/2/4727 2604/2/4726
f 2604/2/4726 2605/2/4321 2602/2/4726
f 2606/2/4728 2607/2/4319 2603/2/4319
f 2603/2/4319 2602/2/4319 2606/2/4728
f 2603/2/4729 2608/2/4730 2609/2/4729
f 2609/2/4729 2604/2/4729 2603/2/4729
f 2607/2/4731 2610/2/4731 2608/2/4731
f 2608/2/4731 2603/2/4732 2607/2/4731
f 2605/2/4733 2611/2/4733 1293/2/4734
f 1293/2/4734 1292/2/4733 2605/2/4733
f 1302/2/4329 2602/2/4329 2605/2/4329
f 2605/2/4329 1292/2/4329 1302/2/4329
f 1302/2/4328 1301/2/4328 2606/2/4328
f 2606/2/4328 2602/2/4328 1302/2/4328
f 1301/2/4327 1273/2/4327 2587/2/4327
f 2587/2/4327 2606/2/4327 1301/2/4327
f 2607/2/4338 2606/2/4735 2587/2/4338
f 2587/2/4338 2589/2/4338 2607/2/4338
f 2588/2/4337 2610/2/4337 2607/2/4337
f 2607/2/4337 2589/2/4337 2588/2/4337
f 2588/2/4336 1888/2/4336 1911/2/4336
f 1911/2/4336 2610/2/4336 2588/2/4336
f 2610/2/4335 1911/2/4335 1910/2/4335
f 1910/2/4335 2608/2/4335 2610/2/4335
f 2608/2/4334 1910/2/4334 1909/2/4334
f 1909/2/4334 2609/2/4334 2608/2/4334
f 2609/2/4333 1909/2/4333 1908/2/4736
f 1908/2/4736 2612/2/4333 2609/2/4333
f 2613/2/4332 2604/2/4332 2609/2/4332
f 2609/2/4332 2612/2/4332 2613/2/4332
f 2604/2/4737 2613/2/4331 2611/2/4737
f 2611/2/4737 2605/2/4331 2604/2/4737
f 2614/2/4738 2615/2/4738 2616/2/4739
f 2616/2/4739 2617/2/4738 2614/2/4738
f 2618/2/4740 2619/2/4741 2615/2/4741
f 2615/2/4741 2614/2/4741 2618/2/4740
f 2615/2/4742 2620/2/4742 2621/2/4742
f 2621/2/4742 2616/2/4742 2615/2/4742
f 2622/2/4743 2620/2/4743 2615/2/4743
f 2615/2/4743 2619/2/4743 2622/2/4743
f 2599/2/4744 1178/2/4745 1200/2/4746
f 1200/2/4746 2617/2/4747 2599/2/4744
f 2617/2/4748 1200/2/4749 1199/2/4748
f 1199/2/4748 2614/2/4748 2617/2/4748
f 2618/2/4750 2614/2/4751 1199/2/4752
f 1199/2/4752 1197/2/4753 2618/2/4750
f 2618/2/4754 1197/2/4754 1198/2/4755
f 1198/2/4755 2623/2/4754 2618/2/4754
f 2623/2/4756 2624/2/4757 2619/2/4757
f 2619/2/4757 2618/2/4757 2623/2/4756
f 2622/2/4758 2619/2/4759 2624/2/4760
f 2624/2/4760 2625/2/4761 2622/2/4758
f 1815/2/4762 1814/2/4763 2622/2/4763
f 2622/2/4763 2625/2/4763 1815/2/4762
f 2622/2/4764 1814/2/4764 1813/2/4764
f 1813/2/4764 2620/2/4764 2622/2/4764
f 1813/2/4765 1812/2/4765 2621/2/4765
f 2621/2/4765 2620/2/4765 1813/2/4765
f 1812/2/4766 1795/2/4766 2601/2/4766
f 2601/2/4766 2621/2/4766 1812/2/4766
f 2600/2/4767 2616/2/4767 2621/2/4767
f 2621/2/4767 2601/2/4767 2600/2/4767
f 2599/2/4768 2617/2/4768 2616/2/4768
f 2616/2/4768 2600/2/4768 2599/2/4768
f 2626/2/4361 2627/2/4769 2628/2/4361
f 2628/2/4361 2629/2/4361 2626/2/4361
f 2630/2/4770 2631/2/4771 2627/2/4770
f 2627/2/4770 2626/2/4358 2630/2/4770
f 2627/2/4772 2632/2/4364 2633/2/4773
f 2633/2/4773 2628/2/4774 2627/2/4772
f 2631/2/4362 2634/2/4362 2632/2/4362
f 2632/2/4362 2627/2/4362 2631/2/4362
f 2629/2/4370 2635/2/4370 1313/2/4370
f 1313/2/4370 1312/2/4370 2629/2/4370
f 1322/2/4368 2626/2/4368 2629/2/4368
f 2629/2/4368 1312/2/4368 1322/2/4368
f 1322/2/4367 1321/2/4367 2630/2/4367
f 2630/2/4367 2626/2/4367 1322/2/4367
f 1321/2/4365 1293/2/4365 2611/2/4365
f 2611/2/4365 2630/2/4365 1321/2/4365
f 2631/2/4380 2630/2/4775 2611/2/4380
f 2611/2/4380 2613/2/4380 2631/2/4380
f 2612/2/4379 2634/2/4379 2631/2/4379
f 2631/2/4379 2613/2/4379 2612/2/4379
f 2612/2/4378 1908/2/4378 1931/2/4378
f 1931/2/4378 2634/2/4378 2612/2/4378
f 2634/2/4776 1931/2/4776 1930/2/4776
f 1930/2/4776 2632/2/4776 2634/2/4776
f 2632/2/4376 1930/2/4376 1929/2/4376
f 1929/2/4376 2633/2/4376 2632/2/4376
f 2633/2/4374 1929/2/4374 1928/2/4374
f 1928/2/4374 2636/2/4374 2633/2/4374
f 2633/2/4372 2636/2/4372 2637/2/4372
f 2637/2/4372 2628/2/4372 2633/2/4372
f 2628/2/4371 2637/2/4371 2635/2/4371
f 2635/2/4371 2629/2/4371 2628/2/4371
f 2638/2/4777 2639/2/4777 2640/2/4777
f 2640/2/4777 2641/2/4777 2638/2/4777
f 2642/2/4778 2643/2/4779 2639/2/4780
f 2639/2/4780 2638/2/4781 2642/2/4778
f 2639/2/4782 2644/2/4782 2645/2/4782
f 2645/2/4782 2640/2/4783 2639/2/4782
f 2646/2/4784 2644/2/4785 2639/2/4786
f 2639/2/4786 2643/2/4787 2646/2/4784
f 2623/2/4788 1198/2/4788 1220/2/4788
f 1220/2/4788 2641/2/4788 2623/2/4788
f 2641/2/4789 1220/2/4790 1219/2/4790
f 1219/2/4790 2638/2/4790 2641/2/4789
f 2642/2/4791 2638/2/4791 1219/2/4792
f 1219/2/4792 1217/2/4791 2642/2/4791
f 2642/2/4793 1217/2/4793 1218/2/4793
f 1218/2/4793 2647/2/4793 2642/2/4793
f 2647/2/4794 2648/2/4795 2643/2/4795
f 2643/2/4795 2642/2/4795 2647/2/4794
f 2646/2/4796 2643/2/4796 2648/2/4796
f 2648/2/4796 2649/2/4796 2646/2/4796
f 1835/2/4797 1834/2/4797 2646/2/4797
f 2646/2/4797 2649/2/4797 1835/2/4797
f 2646/2/4798 1834/2/4799 1833/2/4800
f 1833/2/4800 2644/2/4798 2646/2/4798
f 1833/2/4801 1832/2/4801 2645/2/4801
f 2645/2/4801 2644/2/4801 1833/2/4801
f 1832/2/4802 1815/2/4803 2625/2/4803
f 2625/2/4803 2645/2/4803 1832/2/4802
f 2624/2/4804 2640/2/4804 2645/2/4804
f 2645/2/4804 2625/2/4805 2624/2/4804
f 2640/2/4806 2624/2/4806 2623/2/4806
f 2623/2/4806 2641/2/4806 2640/2/4806
f 2650/2/4397 2651/2/4807 2652/2/4807
f 2652/2/4807 2653/2/4397 2650/2/4397
f 2654/2/4808 2655/2/4395 2651/2/4395
f 2651/2/4395 2650/2/4395 2654/2/4808
f 2651/2/4401 2656/2/4401 2657/2/4401
f 2657/2/4401 2652/2/4401 2651/2/4401
f 2655/2/4809 2658/2/4399 2656/2/4809
f 2656/2/4809 2651/2/4809 2655/2/4809
f 2653/2/4810 2659/2/4810 1333/2/4409
f 1333/2/4409 1332/2/4409 2653/2/4810
f 1342/2/4407 2650/2/4407 2653/2/4811
f 2653/2/4811 1332/2/4811 1342/2/4407
f 1342/2/4405 1341/2/4405 2654/2/4812
f 2654/2/4812 2650/2/4405 1342/2/4405
f 1341/2/4813 1313/2/4403 2635/2/4403
f 2635/2/4403 2654/2/4403 1341/2/4813
f 2655/2/4814 2654/2/4814 2635/2/4815
f 2635/2/4815 2637/2/4422 2655/2/4814
f 2636/2/4421 2658/2/4816 2655/2/4421
f 2655/2/4421 2637/2/4421 2636/2/4421
f 2636/2/4419 1928/2/4817 1951/2/4419
f 1951/2/4419 2658/2/4419 2636/2/4419
f 2658/2/4418 1951/2/4418 1950/2/4418
f 1950/2/4418 2656/2/4818 2658/2/4418
f 2656/2/4417 1950/2/4417 1949/2/4417
f 1949/2/4417 2657/2/4417 2656/2/4417
f 2657/2/4413 1949/2/4413 1948/2/4413
f 1948/2/4413 2660/2/4413 2657/2/4413
f 2657/2/4412 2660/2/4412 2661/2/4412
f 2661/2/4412 2652/2/4412 2657/2/4412
f 2652/2/4819 2661/2/4411 2659/2/4820
f 2659/2/4820 2653/2/4411 2652/2/4819
f 2662/2/4821 2663/2/4821 2664/2/4821
f 2664/2/4821 2665/2/4821 2662/2/4821
f 2666/2/4822 2667/2/4822 2663/2/4822
f 2663/2/4822 2662/2/4822 2666/2/4822
f 2663/2/4823 2668/2/4823 2669/2/4823
f 2669/2/4823 2664/2/4823 2663/2/4823
f 2670/2/4824 2668/2/4825 2663/2/4825
f 2663/2/4825 2667/2/4825 2670/2/4824
f 2647/2/4826 1218/2/4826 1240/2/4827
f 1240/2/4827 2665/2/4826 2647/2/4826
f 2665/2/4828 1240/2/4828 1239/2/4829
f 1239/2/4829 2662/2/4829 2665/2/4828
f 2666/2/4830 2662/2/4831 1239/2/4831
f 1239/2/4831 1237/2/4830 2666/2/4830
f 2666/2/4832 1237/2/4832 1238/2/4832
f 1238/2/4832 2671/2/4832 2666/2/4832
f 2671/2/4833 2672/2/4834 2667/2/4834
f 2667/2/4834 2666/2/4834 2671/2/4833
f 2670/2/4835 2667/2/4836 2672/2/4836
f 2672/2/4836 2673/2/4836 2670/2/4835
f 1855/2/4837 1854/2/4837 2670/2/4837
f 2670/2/4837 2673/2/4837 1855/2/4837
f 2670/2/4838 1854/2/4838 1853/2/4838
f 1853/2/4838 2668/2/4838 2670/2/4838
f 1853/2/4839 1852/2/4840 2669/2/4839
f 2669/2/4839 2668/2/4839 1853/2/4839
f 1852/2/4841 1835/2/4841 2649/2/4841
f 2649/2/4841 2669/2/4841 1852/2/4841
f 2648/2/4842 2664/2/4842 2669/2/4842
f 2669/2/4842 2649/2/4842 2648/2/4842
f 2647/2/4843 2665/2/4843 2664/2/4843
f 2664/2/4843 2648/2/4843 2647/2/4843
f 2674/2/4844 2675/2/4436 2676/2/4436
f 2676/2/4436 2677/2/4436 2674/2/4844
f 2678/2/4433 2679/2/4845 2675/2/4845
f 2675/2/4845 2674/2/4433 2678/2/4433
f 2675/2/4440 2680/2/4440 2681/2/4440
f 2681/2/4440 2676/2/4440 2675/2/4440
f 2679/2/4438 2682/2/4438 2680/2/4438
f 2680/2/4438 2675/2/4437 2679/2/4438
f 2677/2/4846 2683/2/4450 1353/2/4847
f 1353/2/4847 1352/2/4848 2677/2/4846
f 1362/2/4849 2674/2/4447 2677/2/4849
f 2677/2/4849 1352/2/4849 1362/2/4849
f 1362/2/4444 1361/2/4444 2678/2/4446
f 2678/2/4446 2674/2/4446 1362/2/4444
f 1361/2/4442 1333/2/4442 2659/2/4442
f 2659/2/4442 2678/2/4442 1361/2/4442
f 2679/2/4464 2678/2/4850 2659/2/4850
f 2659/2/4850 2661/2/4850 2679/2/4464
f 2660/2/4463 2682/2/4463 2679/2/4463
f 2679/2/4463 2661/2/4463 2660/2/4463
f 2660/2/4459 1948/2/4459 1971/2/4459
f 1971/2/4459 2682/2/4459 2660/2/4459
f 2682/2/4457 1971/2/4457 1970/2/4457
f 1970/2/4457 2680/2/4457 2682/2/4457
f 2680/2/4456 1970/2/4851 1969/2/4456
f 1969/2/4456 2681/2/4456 2680/2/4456
f 2681/2/4852 1969/2/4455 1968/2/4852
f 1968/2/4852 2684/2/4853 2681/2/4852
f 2685/2/4854 2676/2/4454 2681/2/4454
f 2681/2/4454 2684/2/4454 2685/2/4854
f 2676/2/4453 2685/2/4855 2683/2/4856
f 2683/2/4856 2677/2/4857 2676/2/4453
f 2686/2/4858 2687/2/4858 2688/2/4858
f 2688/2/4858 2689/2/4858 2686/2/4858
f 2690/2/4859 2691/2/4860 2687/2/4859
f 2687/2/4859 2686/2/4861 2690/2/4859
f 2687/2/4862 2692/2/4862 2693/2/4862
f 2693/2/4862 2688/2/4862 2687/2/4862
f 2694/2/4863 2692/2/4864 2687/2/4863
f 2687/2/4863 2691/2/4864 2694/2/4863
f 2671/2/4865 1238/2/4865 1260/2/4865
f 1260/2/4865 2689/2/4865 2671/2/4865
f 2689/2/4866 1260/2/4866 1259/2/4866
f 1259/2/4866 2686/2/4866 2689/2/4866
f 2690/2/4867 2686/2/4868 1259/2/4868
f 1259/2/4868 1257/2/4868 2690/2/4867
f 2690/2/4869 1257/2/4870 1258/2/4870
f 1258/2/4870 2695/2/4871 2690/2/4869
f 2695/2/4872 2696/2/4873 2691/2/4873
f 2691/2/4873 2690/2/4873 2695/2/4872
f 2694/2/4874 2691/2/4875 2696/2/4874
f 2696/2/4874 2697/2/4876 2694/2/4874
f 1875/2/4877 1874/2/4877 2694/2/4877
f 2694/2/4877 2697/2/4877 1875/2/4877
f 2694/2/4878 1874/2/4878 1873/2/4878
f 1873/2/4878 2692/2/4878 2694/2/4878
f 1873/2/4879 1872/2/4880 2693/2/4880
f 2693/2/4880 2692/2/4879 1873/2/4879
f 1872/2/4881 1855/2/4881 2673/2/4881
f 2673/2/4881 2693/2/4881 1872/2/4881
f 2672/2/4882 2688/2/4882 2693/2/4882
f 2693/2/4882 2673/2/4882 2672/2/4882
f 2671/2/4883 2689/2/4883 2688/2/4883
f 2688/2/4883 2672/2/4883 2671/2/4883
f 2698/2/4884 2699/2/4884 2700/2/4884
f 2700/2/4884 2701/2/4479 2698/2/4884
f 2702/2/4477 2703/2/4885 2699/2/4477
f 2699/2/4477 2698/2/4477 2702/2/4477
f 2699/2/4481 2704/2/4886 2705/2/4481
f 2705/2/4481 2700/2/4481 2699/2/4481
f 2703/2/4887 2706/2/4887 2704/2/4887
f 2704/2/4887 2699/2/4480 2703/2/4887
f 2701/2/4486 2707/2/4486 1373/2/4486
f 1373/2/4486 1372/2/4486 2701/2/4486
f 1382/2/4484 2698/2/4484 2701/2/4484
f 2701/2/4484 1372/2/4484 1382/2/4484
f 1382/2/4483 1381/2/4483 2702/2/4483
f 2702/2/4483 2698/2/4483 1382/2/4483
f 1381/2/4482 1353/2/4482 2683/2/4482
f 2683/2/4482 2702/2/4482 1381/2/4482
f 2703/2/4497 2702/2/4497 2683/2/4497
f 2683/2/4497 2685/2/4497 2703/2/4497
f 2684/2/4888 2706/2/4888 2703/2/4496
f 2703/2/4496 2685/2/4496 2684/2/4888
f 2684/2/4494 1968/2/4494 1991/2/4494
f 1991/2/4494 2706/2/4494 2684/2/4494
f 2706/2/4493 1991/2/4493 1990/2/4493
f 1990/2/4493 2704/2/4493 2706/2/4493
f 2704/2/4889 1990/2/4889 1989/2/4889
f 1989/2/4889 2705/2/4889 2704/2/4889
f 2705/2/4491 1989/2/4491 1988/2/4491
f 1988/2/4491 2708/2/4491 2705/2/4491
f 2709/2/4488 2700/2/4488 2705/2/4488
f 2705/2/4488 2708/2/4488 2709/2/4488
f 2700/2/4890 2709/2/4487 2707/2/4891
f 2707/2/4891 2701/2/4487 2700/2/4890
f 2710/2/4892 2711/2/4892 2712/2/4893
f 2712/2/4893 2713/2/4893 2710/2/4892
f 2714/2/4894 2715/2/4894 2711/2/4894
f 2711/2/4894 2710/2/4894 2714/2/4894
f 2711/2/4895 2716/2/4895 2717/2/4895
f 2717/2/4895 2712/2/4895 2711/2/4895
f 2718/2/4896 2716/2/4897 2711/2/4896
f 2711/2/4896 2715/2/4896 2718/2/4896
f 2695/2/4898 1258/2/4898 1280/2/4898
f 1280/2/4898 2713/2/4898 2695/2/4898
f 2713/2/4899 1280/2/4900 1279/2/4899
f 1279/2/4899 2710/2/4899 2713/2/4899
f 2714/2/4901 2710/2/4902 1279/2/4903
f 1279/2/4903 1277/2/4901 2714/2/4901
f 2714/2/4904 1277/2/4905 1278/2/4904
f 1278/2/4904 2719/2/4906 2714/2/4904
f 2719/2/4907 2720/2/4907 2715/2/4907
f 2715/2/4907 2714/2/4907 2719/2/4907
f 2718/2/4908 2715/2/4908 2720/2/4908
f 2720/2/4908 2721/2/4908 2718/2/4908
f 1895/2/4909 1894/2/4910 2718/2/4911
f 2718/2/4911 2721/2/4910 1895/2/4909
f 2718/2/4912 1894/2/4912 1893/2/4912
f 1893/2/4912 2716/2/4912 2718/2/4912
f 1893/2/4913 1892/2/4914 2717/2/4915
f 2717/2/4915 2716/2/4916 1893/2/4913
f 1892/2/4917 1875/2/4918 2697/2/4919
f 2697/2/4919 2717/2/4920 1892/2/4917
f 2696/2/4921 2712/2/4921 2717/2/4921
f 2717/2/4921 2697/2/4921 2696/2/4921
f 2712/2/4922 2696/2/4922 2695/2/4923
f 2695/2/4923 2713/2/4924 2712/2/4922
f 2722/2/4925 2723/2/4514 2724/2/4514
f 2724/2/4514 2725/2/4514 2722/2/4925
f 2726/2/4926 2727/2/4927 2723/2/4926
f 2723/2/4926 2722/2/4926 2726/2/4926
f 2723/2/4928 2728/2/4928 2729/2/4928
f 2729/2/4928 2724/2/4522 2723/2/4928
f 2727/2/4929 2730/2/4929 2728/2/4929
f 2728/2/4929 2723/2/4518 2727/2/4929
f 2725/2/4527 2731/2/4527 1393/2/4930
f 1393/2/4930 1392/2/4527 2725/2/4527
f 1402/2/4931 2722/2/4526 2725/2/4526
f 2725/2/4526 1392/2/4526 1402/2/4931
f 1402/2/4524 1401/2/4524 2726/2/4524
f 2726/2/4524 2722/2/4524 1402/2/4524
f 1401/2/4932 1373/2/4523 2707/2/4932
f 2707/2/4932 2726/2/4933 1401/2/4932
f 2727/2/4541 2726/2/4541 2707/2/4541
f 2707/2/4541 2709/2/4541 2727/2/4541
f 2708/2/4540 2730/2/4934 2727/2/4540
f 2727/2/4540 2709/2/4540 2708/2/4540
f 2708/2/4935 1988/2/4539 2011/2/4539
f 2011/2/4539 2730/2/4539 2708/2/4935
f 2730/2/4538 2011/2/4538 2010/2/4936
f 2010/2/4936 2728/2/4538 2730/2/4538
f 2728/2/4535 2010/2/4535 2009/2/4535
f 2009/2/4535 2729/2/4535 2728/2/4535
f 2729/2/4534 2009/2/4534 2008/2/4534
f 2008/2/4534 2732/2/4534 2729/2/4534
f 2729/2/4937 2732/2/4937 2733/2/4937
f 2733/2/4937 2724/2/4937 2729/2/4937
f 2724/2/4938 2733/2/4529 2731/2/4529
f 2731/2/4529 2725/2/4938 2724/2/4938
f 2734/2/4741 2735/2/4741 2736/2/4741
f 2736/2/4741 2737/2/4939 2734/2/4741
f 2738/2/4738 2739/2/4738 2735/2/4738
f 2735/2/4738 2734/2/4738 2738/2/4738
f 2735/2/4940 2740/2/4941 2741/2/4941
f 2741/2/4941 2736/2/4941 2735/2/4940
f 2735/2/4742 2739/2/4742 2742/2/4742
f 2742/2/4742 2740/2/4742 2735/2/4742
f 2737/2/4755 2743/2/4754 869/2/4754
f 869/2/4754 868/2/4754 2737/2/4755
f 2737/2/4942 868/2/4751 882/2/4943
f 882/2/4943 2734/2/4751 2737/2/4942
f 880/2/4748 2738/2/4748 2734/2/4748
f 2734/2/4748 882/2/4748 880/2/4748
f 2137/2/4944 2738/2/4747 880/2/4945
f 880/2/4945 881/2/4946 2137/2/4944
f 2738/2/4768 2137/2/4768 2142/2/4768
f 2142/2/4768 2739/2/4768 2738/2/4768
f 2739/2/4767 2142/2/4767 2141/2/4767
f 2141/2/4767 2742/2/4767 2739/2/4767
f 847/2/4947 846/2/4766 2742/2/4947
f 2742/2/4947 2141/2/4947 847/2/4947
f 2742/2/4948 846/2/4765 845/2/4948
f 845/2/4948 2740/2/4949 2742/2/4948
f 2741/2/4950 2740/2/4950 845/2/4951
f 845/2/4951 844/2/4951 2741/2/4950
f 844/2/4763 843/2/4763 2744/2/4952
f 2744/2/4952 2741/2/4763 844/2/4763
f 2736/2/4761 2741/2/4761 2744/2/4761
f 2744/2/4761 2745/2/4761 2736/2/4761
f 2736/2/4757 2745/2/4757 2743/2/4757
f 2743/2/4757 2737/2/4953 2736/2/4757
f 2746/2/4954 2747/2/4954 2748/2/4954
f 2748/2/4954 2749/2/4954 2746/2/4954
f 2750/2/4955 2751/2/4956 2747/2/4957
f 2747/2/4957 2746/2/3886 2750/2/4955
f 2747/2/4958 2752/2/4958 2753/2/4958
f 2753/2/4958 2748/2/4959 2747/2/4958
f 2754/2/4960 2752/2/4961 2747/2/4961
f 2747/2/4961 2751/2/4962 2754/2/4960
f 2719/2/3897 1278/2/3897 1300/2/3897
f 1300/2/3897 2749/2/3897 2719/2/3897
f 2749/2/3896 1300/2/3896 1299/2/3896
f 1299/2/3896 2746/2/3896 2749/2/3896
f 2750/2/4963 2746/2/4963 1299/2/3895
f 1299/2/3895 1297/2/3895 2750/2/4963
f 2755/2/3893 2750/2/3893 1297/2/3893
f 1297/2/3893 1298/2/3893 2755/2/3893
f 2755/2/4964 2756/2/3913 2751/2/3913
f 2751/2/3913 2750/2/4965 2755/2/4964
f 2754/2/3911 2751/2/3911 2756/2/3911
f 2756/2/3911 2757/2/3911 2754/2/3911
f 2754/2/4966 2757/2/4966 1915/2/4966
f 1915/2/4966 1914/2/4966 2754/2/4966
f 2754/2/3907 1914/2/3907 1913/2/3907
f 1913/2/3907 2752/2/3907 2754/2/3907
f 1913/2/3905 1912/2/4967 2753/2/4968
f 2753/2/4968 2752/2/3905 1913/2/3905
f 1912/2/4969 1895/2/4970 2721/2/4970
f 2721/2/4970 2753/2/4970 1912/2/4969
f 2721/2/3901 2720/2/3901 2748/2/3901
f 2748/2/3901 2753/2/3901 2721/2/3901
f 2719/2/3899 2749/2/3899 2748/2/3899
f 2748/2/3899 2720/2/3899 2719/2/3899
f 2758/2/4971 2759/2/4971 2760/2/4972
f 2760/2/4972 2761/2/4557 2758/2/4971
f 2762/2/4556 2763/2/4556 2759/2/4556
f 2759/2/4556 2758/2/4556 2762/2/4556
f 2759/2/4973 2764/2/4973 2765/2/4973
f 2765/2/4973 2760/2/4973 2759/2/4973
f 2763/2/4558 2766/2/4558 2764/2/4558
f 2764/2/4558 2759/2/4558 2763/2/4558
f 2761/2/4566 2767/2/4566 1413/2/4566
f 1413/2/4566 1412/2/4566 2761/2/4566
f 1422/2/4564 2758/2/4564 2761/2/4564
f 2761/2/4564 1412/2/4564 1422/2/4564
f 1422/2/4974 1421/2/4974 2762/2/4562
f 2762/2/4562 2758/2/4974 1422/2/4974
f 1421/2/4975 1393/2/4976 2731/2/4976
f 2731/2/4976 2762/2/4561 1421/2/4975
f 2763/2/4586 2762/2/4585 2731/2/4585
f 2731/2/4585 2733/2/4585 2763/2/4586
f 2732/2/4977 2766/2/4584 2763/2/4978
f 2763/2/4978 2733/2/4584 2732/2/4977
f 2732/2/4583 2008/2/4583 2031/2/4583
f 2031/2/4583 2766/2/4583 2732/2/4583
f 2766/2/4579 2031/2/4579 2030/2/4979
f 2030/2/4979 2764/2/4579 2766/2/4579
f 2764/2/4577 2030/2/4577 2029/2/4577
f 2029/2/4577 2765/2/4577 2764/2/4577
f 2029/2/4574 2028/2/4574 2768/2/4574
f 2768/2/4574 2765/2/4574 2029/2/4574
f 2760/2/4980 2765/2/4573 2768/2/4980
f 2768/2/4980 2769/2/4980 2760/2/4980
f 2761/2/4570 2760/2/4570 2769/2/4570
f 2769/2/4570 2767/2/4570 2761/2/4570
f 2770/2/4981 2771/2/4981 2772/2/4982
f 2772/2/4982 2773/2/4982 2770/2/4981
f 2774/2/4983 2775/2/4983 2771/2/4983
f 2771/2/4983 2770/2/4983 2774/2/4983
f 2771/2/4785 2776/2/4785 2777/2/4785
f 2777/2/4785 2772/2/4785 2771/2/4785
f 2771/2/4783 2775/2/4783 2778/2/4984
f 2778/2/4984 2776/2/4783 2771/2/4783
f 893/2/4985 892/2/4793 2773/2/4793
f 2773/2/4793 2779/2/4793 893/2/4985
f 2773/2/4791 892/2/4791 902/2/4791
f 902/2/4791 2770/2/4791 2773/2/4791
f 902/2/4790 901/2/4986 2774/2/4986
f 2774/2/4986 2770/2/4790 902/2/4790
f 2774/2/4788 901/2/4987 869/2/4788
f 869/2/4788 2743/2/4988 2774/2/4788
f 2745/2/4806 2775/2/4806 2774/2/4806
f 2774/2/4806 2743/2/4806 2745/2/4806
f 2744/2/4804 2778/2/4804 2775/2/4804
f 2775/2/4804 2745/2/4804 2744/2/4804
f 843/2/4989 1511/2/4990 2778/2/4991
f 2778/2/4991 2744/2/4992 843/2/4989
f 2778/2/4801 1511/2/4801 1510/2/4801
f 1510/2/4801 2776/2/4801 2778/2/4801
f 2777/2/4799 2776/2/4798 1510/2/4799
f 1510/2/4799 1507/2/4993 2777/2/4799
f 1507/2/4994 1509/2/4995 2780/2/4996
f 2780/2/4996 2777/2/4997 1507/2/4994
f 2772/2/4796 2777/2/4998 2780/2/4796
f 2780/2/4796 2781/2/4796 2772/2/4796
f 2772/2/4999 2781/2/5000 2779/2/4999
f 2779/2/4999 2773/2/4999 2772/2/4999
f 2782/2/5001 2783/2/5001 2784/2/5001
f 2784/2/5001 2785/2/5001 2782/2/5001
f 2786/2/3965 2787/2/3965 2783/2/3965
f 2783/2/3965 2782/2/3965 2786/2/3965
f 2783/2/5002 2788/2/5003 2789/2/5004
f 2789/2/5004 2784/2/5005 2783/2/5002
f 2790/2/3969 2788/2/5006 2783/2/5006
f 2783/2/5006 2787/2/3969 2790/2/3969
f 2755/2/3976 1298/2/3976 1320/2/5007
f 1320/2/5007 2785/2/3976 2755/2/3976
f 2785/2/5008 1320/2/5009 1319/2/5010
f 1319/2/5010 2782/2/5010 2785/2/5008
f 2786/2/3974 2782/2/3974 1319/2/5011
f 1319/2/5011 1317/2/3974 2786/2/3974
f 2791/2/3972 2786/2/3972 1317/2/3972
f 1317/2/3972 1318/2/3972 2791/2/3972
f 2791/2/3988 2792/2/3988 2787/2/3988
f 2787/2/3988 2786/2/3988 2791/2/3988
f 2790/2/3987 2787/2/3987 2792/2/3987
f 2792/2/3987 2793/2/3987 2790/2/3987
f 2790/2/3986 2793/2/3986 1935/2/3986
f 1935/2/3986 1934/2/3986 2790/2/3986
f 2790/2/3985 1934/2/3985 1933/2/5012
f 1933/2/5012 2788/2/3985 2790/2/3985
f 1933/2/3983 1932/2/3983 2789/2/3983
f 2789/2/3983 2788/2/3983 1933/2/3983
f 1932/2/3981 1915/2/3981 2757/2/3981
f 2757/2/3981 2789/2/3981 1932/2/3981
f 2784/2/3979 2789/2/3979 2757/2/5013
f 2757/2/5013 2756/2/5014 2784/2/3979
f 2785/2/3977 2784/2/3977 2756/2/3977
f 2756/2/3977 2755/2/3977 2785/2/3977
f 2794/2/4605 2795/2/4605 2796/2/4605
f 2796/2/4605 2797/2/4605 2794/2/4605
f 2798/2/4604 2799/2/4604 2795/2/4604
f 2795/2/4604 2794/2/4604 2798/2/4604
f 2795/2/4608 2800/2/4608 2801/2/4608
f 2801/2/4608 2796/2/4608 2795/2/4608
f 2799/2/4607 2802/2/4607 2800/2/4607
f 2800/2/4607 2795/2/4607 2799/2/4607
f 2797/2/4614 2803/2/4614 1433/2/5015
f 1433/2/5015 1432/2/4614 2797/2/4614
f 1442/2/5016 2794/2/4612 2797/2/5017
f 2797/2/5017 1432/2/4612 1442/2/5016
f 1442/2/4611 1441/2/4611 2798/2/4611
f 2798/2/4611 2794/2/4611 1442/2/4611
f 1441/2/4609 1413/2/4609 2767/2/4609
f 2767/2/4609 2798/2/4609 1441/2/4609
f 2798/2/4628 2767/2/4628 2769/2/5018
f 2769/2/5018 2799/2/4628 2798/2/4628
f 2768/2/4626 2802/2/4626 2799/2/4626
f 2799/2/4626 2769/2/4626 2768/2/4626
f 2051/2/5019 2802/2/5019 2768/2/5020
f 2768/2/5020 2028/2/4623 2051/2/5019
f 2802/2/4620 2051/2/4620 2050/2/5021
f 2050/2/5021 2800/2/4620 2802/2/4620
f 2800/2/5022 2050/2/4618 2049/2/5023
f 2049/2/5023 2801/2/5024 2800/2/5022
f 2049/2/4617 2048/2/4617 2804/2/4617
f 2804/2/4617 2801/2/4617 2049/2/4617
f 2796/2/4616 2801/2/4616 2804/2/4616
f 2804/2/4616 2805/2/4616 2796/2/4616
f 2797/2/5025 2796/2/4615 2805/2/5025
f 2805/2/5025 2803/2/5026 2797/2/5025
f 2806/2/4822 2807/2/4822 2808/2/4822
f 2808/2/4822 2809/2/4822 2806/2/4822
f 2810/2/4821 2811/2/4821 2807/2/4821
f 2807/2/4821 2806/2/4821 2810/2/4821
f 2807/2/4825 2812/2/4825 2813/2/4825
f 2813/2/4825 2808/2/4825 2807/2/4825
f 2807/2/4823 2811/2/4823 2814/2/4823
f 2814/2/4823 2812/2/4823 2807/2/4823
f 2809/2/4832 2815/2/4832 913/2/4832
f 913/2/4832 912/2/4832 2809/2/4832
f 2809/2/4831 912/2/5027 922/2/5028
f 922/2/5028 2806/2/4831 2809/2/4831
f 2806/2/4829 922/2/4829 921/2/4829
f 921/2/4829 2810/2/5029 2806/2/4829
f 921/2/5030 893/2/4826 2779/2/4827
f 2779/2/4827 2810/2/4827 921/2/5030
f 2781/2/5031 2811/2/4843 2810/2/5031
f 2810/2/5031 2779/2/5032 2781/2/5031
f 2780/2/5033 2814/2/5033 2811/2/5033
f 2811/2/5033 2781/2/4842 2780/2/5033
f 1531/2/5034 2814/2/5035 2780/2/5034
f 2780/2/5034 1509/2/4841 1531/2/5034
f 2814/2/5036 1531/2/4839 1530/2/4839
f 1530/2/4839 2812/2/5036 2814/2/5036
f 2813/2/5037 2812/2/5038 1530/2/5038
f 1530/2/5038 1529/2/5038 2813/2/5037
f 1529/2/5039 1528/2/4837 2816/2/4837
f 2816/2/4837 2813/2/5040 1529/2/5039
f 2808/2/5041 2813/2/4836 2816/2/4836
f 2816/2/4836 2817/2/4836 2808/2/5041
f 2808/2/4833 2817/2/4834 2815/2/5042
f 2815/2/5042 2809/2/4834 2808/2/4833
f 2818/2/5043 2819/2/4047 2820/2/4048
f 2820/2/4048 2821/2/4048 2818/2/5043
f 2822/2/4046 2823/2/5044 2819/2/4046
f 2819/2/4046 2818/2/4044 2822/2/4046
f 2819/2/4052 2824/2/4052 2825/2/5045
f 2825/2/5045 2820/2/4052 2819/2/4052
f 2826/2/4051 2824/2/4051 2819/2/4051
f 2819/2/4051 2823/2/4051 2826/2/4051
f 2791/2/5046 1318/2/5047 1340/2/4058
f 1340/2/4058 2821/2/4058 2791/2/5046
f 2821/2/4057 1340/2/4057 1339/2/4057
f 1339/2/4057 2818/2/4057 2821/2/4057
f 2822/2/5048 2818/2/4055 1339/2/5049
f 1339/2/5049 1337/2/5048 2822/2/5048
f 2827/2/5050 2822/2/4053 1337/2/4053
f 1337/2/4053 1338/2/5051 2827/2/5050
f 2827/2/4071 2828/2/4071 2823/2/4071
f 2823/2/4071 2822/2/4071 2827/2/4071
f 2826/2/5052 2823/2/4070 2828/2/4070
f 2828/2/4070 2829/2/4070 2826/2/5052
f 2826/2/4069 2829/2/5053 1955/2/4069
f 1955/2/4069 1954/2/4069 2826/2/4069
f 2826/2/4068 1954/2/4067 1953/2/4067
f 1953/2/4067 2824/2/4067 2826/2/4068
f 1953/2/5054 1952/2/5054 2825/2/5054
f 2825/2/5054 2824/2/4065 1953/2/5054
f 1952/2/5055 1935/2/4064 2793/2/4064
f 2793/2/4064 2825/2/5056 1952/2/5055
f 2820/2/5057 2825/2/5057 2793/2/5058
f 2793/2/5058 2792/2/5057 2820/2/5057
f 2821/2/4059 2820/2/4059 2792/2/5059
f 2792/2/5059 2791/2/5059 2821/2/4059
f 2830/2/4640 2831/2/4640 2832/2/4640
f 2832/2/4640 2833/2/4640 2830/2/4640
f 2834/2/5060 2835/2/5060 2831/2/5060
f 2831/2/5060 2830/2/4639 2834/2/5060
f 2831/2/4644 2836/2/4644 2837/2/4644
f 2837/2/4644 2832/2/4644 2831/2/4644
f 2835/2/4642 2838/2/4642 2836/2/4642
f 2836/2/4642 2831/2/4642 2835/2/4642
f 2833/2/4649 2839/2/4649 1453/2/4649
f 1453/2/4649 1452/2/4649 2833/2/4649
f 1462/2/4647 2830/2/4647 2833/2/5061
f 2833/2/5061 1452/2/5061 1462/2/4647
f 1462/2/5062 1461/2/5063 2834/2/5064
f 2834/2/5064 2830/2/5065 1462/2/5062
f 1461/2/5066 1433/2/5067 2803/2/5068
f 2803/2/5068 2834/2/5068 1461/2/5066
f 2834/2/5069 2803/2/4661 2805/2/4661
f 2805/2/4661 2835/2/4661 2834/2/5069
f 2804/2/5070 2838/2/4660 2835/2/4660
f 2835/2/4660 2805/2/4660 2804/2/5070
f 2071/2/4659 2838/2/4659 2804/2/4659
f 2804/2/4659 2048/2/5071 2071/2/4659
f 2838/2/5072 2071/2/4656 2070/2/5073
f 2070/2/5073 2836/2/4656 2838/2/5072
f 2836/2/5074 2070/2/4654 2069/2/5075
f 2069/2/5075 2837/2/4654 2836/2/5074
f 2069/2/4653 2068/2/5076 2840/2/5076
f 2840/2/5076 2837/2/4653 2069/2/4653
f 2832/2/4652 2837/2/4652 2840/2/4652
f 2840/2/4652 2841/2/4652 2832/2/4652
f 2833/2/5077 2832/2/4651 2841/2/5078
f 2841/2/5078 2839/2/4651 2833/2/5077
f 2842/2/4861 2843/2/4861 2844/2/4861
f 2844/2/4861 2845/2/4861 2842/2/4861
f 2846/2/4858 2847/2/4858 2843/2/4858
f 2843/2/4858 2842/2/4858 2846/2/4858
f 2843/2/4864 2848/2/4864 2849/2/4864
f 2849/2/4864 2844/2/4864 2843/2/4864
f 2843/2/4862 2847/2/4862 2850/2/4862
f 2850/2/4862 2848/2/4862 2843/2/4862
f 2845/2/5079 2851/2/4870 933/2/5079
f 933/2/5079 932/2/5079 2845/2/5079
f 2845/2/4868 932/2/4868 942/2/4868
f 942/2/4868 2842/2/4868 2845/2/4868
f 2846/2/5080 2842/2/4866 942/2/5081
f 942/2/5081 941/2/5082 2846/2/5080
f 941/2/4865 913/2/4865 2815/2/4865
f 2815/2/4865 2846/2/4865 941/2/4865
f 2817/2/4883 2847/2/5083 2846/2/4883
f 2846/2/4883 2815/2/4883 2817/2/4883
f 2816/2/5084 2850/2/4882 2847/2/4882
f 2847/2/4882 2817/2/4882 2816/2/5084
f 1551/2/4881 2850/2/4881 2816/2/4881
f 2816/2/4881 1528/2/4881 1551/2/4881
f 2850/2/4880 1551/2/4880 1550/2/4880
f 1550/2/4880 2848/2/4880 2850/2/4880
f 1550/2/4878 1549/2/5085 2849/2/5086
f 2849/2/5086 2848/2/4878 1550/2/4878
f 1549/2/4877 1548/2/4877 2852/2/4877
f 2852/2/4877 2849/2/4877 1549/2/4877
f 2844/2/5087 2849/2/4876 2852/2/4876
f 2852/2/4876 2853/2/4876 2844/2/5087
f 2844/2/4873 2853/2/4873 2851/2/4873
f 2851/2/4873 2845/2/4873 2844/2/4873
f 2854/2/4130 2855/2/4130 2856/2/4130
f 2856/2/4130 2857/2/5088 2854/2/4130
f 2858/2/4127 2859/2/4127 2855/2/5089
f 2855/2/5089 2854/2/4127 2858/2/4127
f 2855/2/4132 2860/2/4132 2861/2/4132
f 2861/2/4132 2856/2/5090 2855/2/4132
f 2862/2/4131 2860/2/4131 2855/2/4131
f 2855/2/4131 2859/2/5091 2862/2/4131
f 2827/2/5092 1338/2/5093 1360/2/5092
f 1360/2/5092 2857/2/4138 2827/2/5092
f 2857/2/5094 1360/2/5095 1359/2/5096
f 1359/2/5096 2854/2/4137 2857/2/5094
f 2858/2/4136 2854/2/4136 1359/2/4136
f 1359/2/4136 1357/2/4136 2858/2/4136
f 1357/2/4134 1358/2/4134 2122/2/4134
f 2122/2/4134 2858/2/4134 1357/2/4134
f 2127/2/4152 2859/2/4152 2858/2/4152
f 2858/2/4152 2122/2/4152 2127/2/4152
f 2862/2/5097 2859/2/5097 2127/2/5097
f 2127/2/5097 2126/2/5097 2862/2/5097
f 2862/2/5098 2126/2/5098 1975/2/5098
f 1975/2/5098 1974/2/4147 2862/2/5098
f 2862/2/5099 1974/2/5100 1973/2/4146
f 1973/2/4146 2860/2/4146 2862/2/5099
f 1973/2/4144 1972/2/4144 2861/2/5101
f 2861/2/5101 2860/2/4144 1973/2/4144
f 1972/2/4143 1955/2/5102 2829/2/4143
f 2829/2/4143 2861/2/5103 1972/2/4143
f 2856/2/4140 2861/2/4140 2829/2/4140
f 2829/2/4140 2828/2/5104 2856/2/4140
f 2857/2/4139 2856/2/4139 2828/2/5105
f 2828/2/5105 2827/2/4139 2857/2/4139
f 2863/2/4675 2864/2/4675 2865/2/4675
f 2865/2/4675 2866/2/4675 2863/2/4675
f 2867/2/5106 2868/2/4674 2864/2/5106
f 2864/2/5106 2863/2/4674 2867/2/5106
f 2864/2/4681 2869/2/4681 2870/2/5107
f 2870/2/5107 2865/2/4681 2864/2/4681
f 2868/2/5108 2871/2/5109 2869/2/5108
f 2869/2/5108 2864/2/5110 2868/2/5108
f 2866/2/4688 2138/2/4688 1473/2/4688
f 1473/2/4688 1472/2/4688 2866/2/4688
f 1482/2/4687 2863/2/5111 2866/2/5111
f 2866/2/5111 1472/2/4687 1482/2/4687
f 1482/2/4684 1481/2/5112 2867/2/5112
f 2867/2/5112 2863/2/4684 1482/2/4684
f 1481/2/4682 1453/2/4682 2839/2/4682
f 2839/2/4682 2867/2/4682 1481/2/4682
f 2867/2/4702 2839/2/4702 2841/2/5113
f 2841/2/5113 2868/2/5113 2867/2/4702
f 2840/2/5114 2871/2/5115 2868/2/5114
f 2868/2/5114 2841/2/5115 2840/2/5114
f 2091/2/4699 2871/2/4699 2840/2/4699
f 2840/2/4699 2068/2/4699 2091/2/4699
f 2871/2/5116 2091/2/5117 2090/2/5118
f 2090/2/5118 2869/2/4697 2871/2/5116
f 2869/2/5119 2090/2/4696 2089/2/5119
f 2089/2/5119 2870/2/5119 2869/2/5119
f 2089/2/5120 2088/2/5121 2140/2/5120
f 2140/2/5120 2870/2/5120 2089/2/5120
f 2870/2/4692 2140/2/4692 2139/2/4692
f 2139/2/4692 2865/2/4692 2870/2/4692
f 2866/2/4691 2865/2/4691 2139/2/4691
f 2139/2/4691 2138/2/4691 2866/2/4691
f 2872/2/4894 2873/2/4894 2874/2/4894
f 2874/2/4894 2875/2/4894 2872/2/4894
f 2876/2/5122 2877/2/5123 2873/2/4893
f 2873/2/4893 2872/2/5123 2876/2/5122
f 2873/2/4896 2878/2/4896 2879/2/4896
f 2879/2/4896 2874/2/4896 2873/2/4896
f 2873/2/5124 2877/2/5124 2880/2/5124
f 2880/2/5124 2878/2/5125 2873/2/5124
f 2875/2/4905 2153/2/5126 953/2/4905
f 953/2/4905 952/2/4905 2875/2/4905
f 2875/2/4901 952/2/4901 962/2/4901
f 962/2/4901 2872/2/4901 2875/2/4901
f 2876/2/5127 2872/2/4899 962/2/4899
f 962/2/4899 961/2/5128 2876/2/5127
f 961/2/5129 933/2/5129 2851/2/5129
f 2851/2/5129 2876/2/5129 961/2/5129
f 2853/2/5130 2877/2/4924 2876/2/4924
f 2876/2/4924 2851/2/4924 2853/2/5130
f 2852/2/4921 2880/2/5131 2877/2/4921
f 2877/2/4921 2853/2/4921 2852/2/4921
f 1571/2/4920 2880/2/4920 2852/2/4920
f 2852/2/4920 1548/2/4920 1571/2/4920
f 2880/2/5132 1571/2/4916 1570/2/5133
f 1570/2/5133 2878/2/4916 2880/2/5132
f 1570/2/4912 1569/2/4912 2879/2/4912
f 2879/2/4912 2878/2/4912 1570/2/4912
f 1569/2/4910 1568/2/4910 2155/2/4910
f 2155/2/4910 2879/2/4910 1569/2/4910
f 2155/2/5134 2154/2/5135 2874/2/5136
f 2874/2/5136 2879/2/4908 2155/2/5134
f 2875/2/5137 2874/2/4907 2154/2/5138
f 2154/2/5138 2153/2/4907 2875/2/5137
o C_rculo_008_C_rculo_009
v -4.436389 -0.343765 -1.489045
v -4.366589 -0.343765 -1.482145
v -4.299389 -0.343765 -1.461745
v -4.237489 -0.343765 -1.428645
v -4.183189 -0.343765 -1.384145
v -4.138589 -0.343765 -1.329845
v -4.105489 -0.343765 -1.267945
v -4.085189 -0.343765 -1.200745
v -4.078289 -0.343765 -1.130845
v -4.085189 -0.343765 -1.061045
v -4.105489 -0.343765 -0.993845
v -4.138589 -0.343765 -0.931845
v -4.183189 -0.343765 -0.877645
v -4.237489 -0.343765 -0.833045
v -4.299389 -0.343765 -0.799945
v -4.366589 -0.343765 -0.779545
v -4.436389 -0.343765 -0.772745
v -4.506289 -0.343765 -0.779545
v -4.573489 -0.343765 -0.799945
v -4.635389 -0.343765 -0.833045
v -4.689689 -0.343765 -0.877645
v -4.734189 -0.343765 -0.931845
v -4.767289 -0.343765 -0.993845
v -4.787689 -0.343765 -1.061045
v -4.794589 -0.343765 -1.130845
v -4.787689 -0.343765 -1.200745
v -4.767289 -0.343765 -1.267945
v -4.734189 -0.343765 -1.329845
v -4.689689 -0.343765 -1.384145
v -4.506289 -0.343765 -1.482145
v -4.635389 -0.343765 -1.428645
v -4.573489 -0.343765 -1.461745
v -4.704189 -0.374665 -1.398645
v -4.704189 -0.409465 -1.398645
v -4.646789 -0.409465 -1.445745
v -4.646789 -0.374665 -1.445745
v -4.815089 -0.374665 -1.130845
v -4.807789 -0.374665 -1.057045
v -4.065089 -0.374665 -1.057045
v -4.086589 -0.374665 -0.985945
v -4.786289 -0.374665 -0.985945
v -4.057789 -0.374665 -1.130845
v -4.751289 -0.374665 -0.920545
v -4.065089 -0.374665 -1.204745
v -4.704189 -0.374665 -0.863145
v -4.086589 -0.374665 -1.275745
v -4.646789 -0.374665 -0.816045
v -4.121589 -0.374665 -1.341245
v -4.581289 -0.374665 -0.781045
v -4.436389 -0.374665 -1.509545
v -4.510289 -0.374665 -1.502245
v -4.168689 -0.374665 -1.398645
v -4.510289 -0.374665 -0.759545
v -4.581289 -0.374665 -1.480745
v -4.226089 -0.374665 -1.445745
v -4.436389 -0.374665 -0.752245
v -4.291489 -0.374665 -1.480745
v -4.362589 -0.374665 -0.759545
v -4.362589 -0.374665 -1.502245
v -4.291489 -0.374665 -0.781045
v -4.751289 -0.374665 -1.341245
v -4.226089 -0.374665 -0.816045
v -4.786289 -0.374665 -1.275745
v -4.168689 -0.374665 -0.863145
v -4.807789 -0.374665 -1.204745
v -4.121589 -0.374665 -0.920545
v -4.510289 -0.409465 -1.502245
v -4.581289 -0.409465 -1.480745
v -4.751289 -0.409465 -1.341245
v -4.786289 -0.409465 -1.275745
v -4.807789 -0.409465 -1.204745
v -4.815089 -0.409465 -1.130845
v -4.807789 -0.409465 -1.057045
v -4.786289 -0.409465 -0.985945
v -4.751289 -0.409465 -0.920545
v -4.704189 -0.409465 -0.863145
v -4.646789 -0.409465 -0.816045
v -4.581289 -0.409465 -0.781045
v -4.510289 -0.409465 -0.759545
v -4.436389 -0.409465 -0.752245
v -4.362589 -0.409465 -0.759545
v -4.291489 -0.409465 -0.781045
v -4.226089 -0.409465 -0.816045
v -4.168689 -0.409465 -0.863145
v -4.121589 -0.409465 -0.920545
v -4.086589 -0.409465 -0.985945
v -4.065089 -0.409465 -1.057045
v -4.057789 -0.409465 -1.130845
v -4.065089 -0.409465 -1.204745
v -4.086589 -0.409465 -1.275745
v -4.121589 -0.409465 -1.341245
v -4.168689 -0.409465 -1.398645
v -4.226089 -0.409465 -1.445745
v -4.291489 -0.409465 -1.480745
v -4.362589 -0.409465 -1.502245
v -4.436389 -0.409465 -1.509545
vn -0.0000 -1.0000 -0.0000
vn 0.6343 -0.0000 0.7731
vn 0.8305 -0.5509 -0.0821
vn 0.8305 -0.5510 -0.0821
vn 0.8305 -0.5509 -0.0822
vn -0.7989 -0.5505 -0.2423
vn 0.7989 -0.5506 -0.2422
vn 0.7989 -0.5505 -0.2423
vn 0.7989 -0.5505 -0.2422
vn -0.8308 -0.5505 -0.0817
vn -0.8308 -0.5506 -0.0818
vn -0.8307 -0.5506 -0.0818
vn 0.7362 -0.5506 -0.3936
vn 0.7357 -0.5511 -0.3937
vn 0.7361 -0.5507 -0.3935
vn 0.7362 -0.5506 -0.3935
vn -0.8307 -0.5507 0.0819
vn -0.8308 -0.5505 0.0818
vn 0.6453 -0.5506 -0.5295
vn 0.6451 -0.5511 -0.5293
vn 0.6454 -0.5505 -0.5295
vn 0.6455 -0.5504 -0.5296
vn -0.7989 -0.5505 0.2424
vn -0.7989 -0.5505 0.2423
vn 0.5296 -0.5506 -0.6452
vn 0.5296 -0.5505 -0.6454
vn 0.5296 -0.5505 -0.6453
vn -0.7364 -0.5502 0.3936
vn -0.7361 -0.5507 0.3935
vn -0.7364 -0.5503 0.3936
vn -0.7362 -0.5505 0.3935
vn 0.3937 -0.5500 -0.7365
vn 0.3936 -0.5502 -0.7365
vn 0.3937 -0.5502 -0.7364
vn 0.3937 -0.5503 -0.7363
vn 0.0818 -0.5506 0.8308
vn 0.0817 -0.5505 0.8309
vn 0.0818 -0.5505 0.8308
vn -0.6454 -0.5505 0.5296
vn -0.6453 -0.5506 0.5296
vn -0.6451 -0.5506 0.5297
vn -0.6454 -0.5505 0.5295
vn 0.2423 -0.5505 -0.7989
vn 0.2423 -0.5504 0.7989
vn 0.2423 -0.5505 0.7989
vn -0.5297 -0.5504 0.6453
vn -0.5296 -0.5506 0.6453
vn -0.5297 -0.5505 0.6453
vn 0.0817 -0.5504 -0.8309
vn 0.0820 -0.5510 -0.8305
vn 0.0818 -0.5505 -0.8308
vn 0.3935 -0.5507 0.7362
vn 0.3935 -0.5506 0.7362
vn -0.3935 -0.5506 0.7362
vn -0.3935 -0.5505 0.7362
vn -0.3935 -0.5505 0.7363
vn -0.0818 -0.5505 -0.8308
vn -0.0813 -0.5504 -0.8309
vn -0.0817 -0.5506 -0.8308
vn 0.5296 -0.5506 0.6453
vn 0.5295 -0.5507 0.6453
vn 0.5296 -0.5505 0.6453
vn -0.2422 -0.5506 0.7989
vn -0.2416 -0.5509 0.7988
vn -0.2423 -0.5505 0.7989
vn -0.2423 -0.5505 -0.7989
vn 0.6453 -0.5506 0.5296
vn 0.6453 -0.5505 0.5296
vn 0.6453 -0.5506 0.5295
vn -0.0819 -0.5507 0.8307
vn -0.0821 -0.5510 0.8305
vn -0.0819 -0.5506 0.8307
vn -0.0822 -0.5509 0.8305
vn -0.3938 -0.5505 -0.7361
vn -0.3935 -0.5505 -0.7362
vn -0.3937 -0.5507 -0.7361
vn -0.3935 -0.5506 -0.7362
vn 0.7362 -0.5506 0.3935
vn 0.7362 -0.5507 0.3935
vn 0.7361 -0.5507 0.3935
vn -0.5297 -0.5505 -0.6452
vn -0.5296 -0.5505 -0.6453
vn -0.5297 -0.5506 -0.6451
vn -0.5299 -0.5504 -0.6452
vn 0.7988 -0.5506 0.2422
vn 0.7988 -0.5509 0.2419
vn 0.7989 -0.5506 0.2422
vn 0.7990 -0.5504 0.2423
vn -0.6453 -0.5505 -0.5296
vn -0.6452 -0.5505 -0.5297
vn -0.6452 -0.5506 -0.5297
vn 0.8308 -0.5505 0.0818
vn 0.8307 -0.5506 0.0819
vn -0.7362 -0.5504 -0.3937
vn -0.7361 -0.5506 -0.3936
vn -0.7363 -0.5505 -0.3935
vn -0.7363 -0.5504 -0.3935
vn -0.0000 1.0000 -0.0000
vn -0.2903 -0.0000 0.9569
vn -0.2901 -0.0000 0.9570
vn -0.2903 -0.0000 -0.9569
vn -0.2901 -0.0000 -0.9570
vn 0.7731 -0.0000 0.6343
vn -0.0981 -0.0000 0.9952
vn -0.0984 -0.0000 0.9951
vn -0.0980 -0.0000 0.9952
vn -0.4716 -0.0000 -0.8818
vn -0.4718 -0.0000 -0.8817
vn -0.4713 -0.0000 -0.8820
vn 0.8820 -0.0000 0.4713
vn -0.6343 -0.0000 -0.7731
vn 0.9570 -0.0000 0.2901
vn 0.9571 -0.0000 0.2898
vn -0.7731 -0.0000 -0.6343
vn 0.9952 -0.0000 0.0983
vn 0.9952 -0.0000 0.0980
vn -0.8817 -0.0000 -0.4718
vn 0.9952 -0.0000 -0.0981
vn 0.9951 -0.0000 -0.0984
vn 0.9952 -0.0000 -0.0980
vn -0.9569 -0.0000 -0.2903
vn 0.9569 -0.0000 -0.2903
vn 0.9570 -0.0000 -0.2900
vn -0.9952 -0.0000 -0.0981
vn -0.9952 -0.0000 -0.0980
vn -0.9951 -0.0000 -0.0984
vn 0.8817 -0.0000 -0.4718
vn -0.9952 -0.0000 0.0983
vn -0.9952 -0.0000 0.0980
vn 0.7731 -0.0000 -0.6343
vn -0.9571 -0.0000 0.2898
vn -0.9569 -0.0000 0.2903
vn -0.9570 -0.0000 0.2901
vn 0.6343 -0.0000 -0.7731
vn -0.8820 -0.0000 0.4713
vn 0.4713 -0.0000 -0.8820
vn 0.0983 -0.0000 0.9952
vn -0.7731 -0.0000 0.6343
vn 0.2903 -0.0000 -0.9569
vn 0.2901 -0.0000 0.9570
vn 0.2903 -0.0000 0.9569
vn -0.6343 -0.0000 0.7731
vn 0.0983 -0.0000 -0.9952
vn 0.4713 -0.0000 0.8820
vn -0.4716 -0.0000 0.8818
vn -0.4718 -0.0000 0.8817
vn -0.4713 -0.0000 0.8820
vn -0.0981 -0.0000 -0.9952
vn -0.0980 -0.0000 -0.9952
vn -0.0984 -0.0000 -0.9951
vt 0.000000 0.000000
s 1
g off
usemtl Goddard_None
f 2881/3/5139 2882/3/5139 2883/3/5139
f 2883/3/5139 2884/3/5139 2885/3/5139
f 2881/3/5139 2883/3/5139 2885/3/5139
f 2885/3/5139 2886/3/5139 2887/3/5139
f 2887/3/5139 2888/3/5139 2889/3/5139
f 2885/3/5139 2887/3/5139 2889/3/5139
f 2881/3/5139 2885/3/5139 2889/3/5139
f 2889/3/5139 2890/3/5139 2891/3/5139
f 2891/3/5139 2892/3/5139 2893/3/5139
f 2889/3/5139 2891/3/5139 2893/3/5139
f 2893/3/5139 2894/3/5139 2895/3/5139
f 2895/3/5139 2896/3/5139 2897/3/5139
f 2893/3/5139 2895/3/5139 2897/3/5139
f 2889/3/5139 2893/3/5139 2897/3/5139
f 2897/3/5139 2898/3/5139 2899/3/5139
f 2899/3/5139 2900/3/5139 2901/3/5139
f 2897/3/5139 2899/3/5139 2901/3/5139
f 2901/3/5139 2902/3/5139 2903/3/5139
f 2903/3/5139 2904/3/5139 2905/3/5139
f 2901/3/5139 2903/3/5139 2905/3/5139
f 2897/3/5139 2901/3/5139 2905/3/5139
f 2889/3/5139 2897/3/5139 2905/3/5139
f 2881/3/5139 2889/3/5139 2905/3/5139
f 2906/3/5139 2907/3/5139 2908/3/5139
f 2905/3/5139 2906/3/5139 2908/3/5139
f 2905/3/5139 2908/3/5139 2909/3/5139
f 2881/3/5139 2905/3/5139 2909/3/5139
f 2910/3/5139 2881/3/5139 2909/3/5139
f 2910/3/5139 2909/3/5139 2911/3/5139
f 2910/3/5139 2911/3/5139 2912/3/5139
f 2913/3/5140 2914/3/5140 2915/3/5140
f 2915/3/5140 2916/3/5140 2913/3/5140
f 2917/3/5141 2905/3/5142 2904/3/5141
f 2904/3/5141 2918/3/5143 2917/3/5141
f 2890/3/5144 2919/3/5144 2920/3/5144
f 2920/3/5144 2891/3/5144 2890/3/5144
f 2904/3/5145 2903/3/5146 2921/3/5146
f 2921/3/5146 2918/3/5147 2904/3/5145
f 2889/3/5148 2922/3/5149 2919/3/5150
f 2919/3/5150 2890/3/5148 2889/3/5148
f 2902/3/5151 2923/3/5152 2921/3/5153
f 2921/3/5153 2903/3/5154 2902/3/5151
f 2888/3/5155 2924/3/5156 2922/3/5155
f 2922/3/5155 2889/3/5156 2888/3/5155
f 2901/3/5157 2925/3/5158 2923/3/5159
f 2923/3/5159 2902/3/5160 2901/3/5157
f 2887/3/5161 2926/3/5162 2924/3/5162
f 2924/3/5162 2888/3/5162 2887/3/5161
f 2900/3/5163 2927/3/5164 2925/3/5165
f 2925/3/5165 2901/3/5164 2900/3/5163
f 2886/3/5166 2928/3/5167 2926/3/5168
f 2926/3/5168 2887/3/5169 2886/3/5166
f 2899/3/5170 2929/3/5171 2927/3/5172
f 2927/3/5172 2900/3/5173 2899/3/5170
f 2930/3/5174 2881/3/5175 2910/3/5174
f 2910/3/5174 2931/3/5176 2930/3/5174
f 2885/3/5177 2932/3/5178 2928/3/5179
f 2928/3/5179 2886/3/5180 2885/3/5177
f 2898/3/5181 2933/3/5181 2929/3/5181
f 2929/3/5181 2899/3/5181 2898/3/5181
f 2931/3/5182 2910/3/5183 2912/3/5183
f 2912/3/5183 2934/3/5183 2931/3/5182
f 2884/3/5184 2935/3/5185 2932/3/5186
f 2932/3/5186 2885/3/5186 2884/3/5184
f 2897/3/5187 2936/3/5188 2933/3/5189
f 2933/3/5189 2898/3/5189 2897/3/5187
f 2934/3/5190 2912/3/5191 2911/3/5191
f 2911/3/5191 2916/3/5190 2934/3/5190
f 2883/3/5192 2937/3/5192 2935/3/5193
f 2935/3/5193 2884/3/5194 2883/3/5192
f 2896/3/5195 2938/3/5195 2936/3/5196
f 2936/3/5196 2897/3/5197 2896/3/5195
f 2911/3/5198 2909/3/5199 2913/3/5198
f 2913/3/5198 2916/3/5200 2911/3/5198
f 2882/3/5201 2939/3/5202 2937/3/5201
f 2937/3/5201 2883/3/5203 2882/3/5201
f 2895/3/5204 2940/3/5204 2938/3/5204
f 2938/3/5204 2896/3/5204 2895/3/5204
f 2908/3/5205 2941/3/5205 2913/3/5206
f 2913/3/5206 2909/3/5207 2908/3/5205
f 2882/3/5208 2881/3/5209 2930/3/5210
f 2930/3/5210 2939/3/5211 2882/3/5208
f 2894/3/5212 2942/3/5213 2940/3/5214
f 2940/3/5214 2895/3/5215 2894/3/5212
f 2943/3/5216 2941/3/5217 2908/3/5216
f 2908/3/5216 2907/3/5218 2943/3/5216
f 2893/3/5219 2944/3/5220 2942/3/5221
f 2942/3/5221 2894/3/5222 2893/3/5219
f 2906/3/5223 2945/3/5224 2943/3/5225
f 2943/3/5225 2907/3/5226 2906/3/5223
f 2892/3/5227 2946/3/5227 2944/3/5228
f 2944/3/5228 2893/3/5229 2892/3/5227
f 2917/3/5230 2945/3/5231 2906/3/5230
f 2906/3/5230 2905/3/5230 2917/3/5230
f 2891/3/5232 2920/3/5233 2946/3/5234
f 2946/3/5234 2892/3/5235 2891/3/5232
f 2947/3/5236 2948/3/5236 2915/3/5236
f 2915/3/5236 2914/3/5236 2949/3/5236
f 2947/3/5236 2915/3/5236 2949/3/5236
f 2949/3/5236 2950/3/5236 2951/3/5236
f 2949/3/5236 2951/3/5236 2952/3/5236
f 2947/3/5236 2949/3/5236 2952/3/5236
f 2947/3/5236 2952/3/5236 2953/3/5236
f 2953/3/5236 2954/3/5236 2955/3/5236
f 2955/3/5236 2956/3/5236 2957/3/5236
f 2953/3/5236 2955/3/5236 2957/3/5236
f 2957/3/5236 2958/3/5236 2959/3/5236
f 2959/3/5236 2960/3/5236 2961/3/5236
f 2957/3/5236 2959/3/5236 2961/3/5236
f 2953/3/5236 2957/3/5236 2961/3/5236
f 2961/3/5236 2962/3/5236 2963/3/5236
f 2963/3/5236 2964/3/5236 2965/3/5236
f 2961/3/5236 2963/3/5236 2965/3/5236
f 2965/3/5236 2966/3/5236 2967/3/5236
f 2967/3/5236 2968/3/5236 2969/3/5236
f 2965/3/5236 2967/3/5236 2969/3/5236
f 2961/3/5236 2965/3/5236 2969/3/5236
f 2953/3/5236 2961/3/5236 2969/3/5236
f 2969/3/5236 2970/3/5236 2971/3/5236
f 2971/3/5236 2972/3/5236 2973/3/5236
f 2969/3/5236 2971/3/5236 2973/3/5236
f 2973/3/5236 2974/3/5236 2975/3/5236
f 2973/3/5236 2975/3/5236 2976/3/5236
f 2969/3/5236 2973/3/5236 2976/3/5236
f 2953/3/5236 2969/3/5236 2976/3/5236
f 2947/3/5236 2953/3/5236 2976/3/5236
f 2939/3/5237 2975/3/5238 2974/3/5237
f 2974/3/5237 2937/3/5237 2939/3/5237
f 2940/3/5239 2962/3/5240 2961/3/5239
f 2961/3/5239 2938/3/5239 2940/3/5239
f 2941/3/5241 2949/3/5241 2914/3/5241
f 2914/3/5241 2913/3/5241 2941/3/5241
f 2939/3/5242 2930/3/5243 2976/3/5243
f 2976/3/5243 2975/3/5244 2939/3/5242
f 2942/3/5245 2963/3/5246 2962/3/5246
f 2962/3/5246 2940/3/5247 2942/3/5245
f 2943/3/5248 2950/3/5248 2949/3/5248
f 2949/3/5248 2941/3/5248 2943/3/5248
f 2944/3/5249 2964/3/5249 2963/3/5249
f 2963/3/5249 2942/3/5249 2944/3/5249
f 2945/3/5250 2951/3/5251 2950/3/5250
f 2950/3/5250 2943/3/5251 2945/3/5250
f 2946/3/5252 2965/3/5252 2964/3/5252
f 2964/3/5252 2944/3/5252 2946/3/5252
f 2917/3/5253 2952/3/5254 2951/3/5253
f 2951/3/5253 2945/3/5254 2917/3/5253
f 2920/3/5255 2966/3/5255 2965/3/5255
f 2965/3/5255 2946/3/5255 2920/3/5255
f 2918/3/5256 2953/3/5257 2952/3/5256
f 2952/3/5256 2917/3/5258 2918/3/5256
f 2919/3/5259 2967/3/5259 2966/3/5259
f 2966/3/5259 2920/3/5259 2919/3/5259
f 2921/3/5260 2954/3/5261 2953/3/5260
f 2953/3/5260 2918/3/5260 2921/3/5260
f 2922/3/5262 2968/3/5263 2967/3/5264
f 2967/3/5264 2919/3/5264 2922/3/5262
f 2923/3/5265 2955/3/5265 2954/3/5265
f 2954/3/5265 2921/3/5265 2923/3/5265
f 2924/3/5266 2969/3/5267 2968/3/5266
f 2968/3/5266 2922/3/5267 2924/3/5266
f 2925/3/5268 2956/3/5268 2955/3/5268
f 2955/3/5268 2923/3/5268 2925/3/5268
f 2926/3/5269 2970/3/5270 2969/3/5271
f 2969/3/5271 2924/3/5269 2926/3/5269
f 2927/3/5272 2957/3/5272 2956/3/5272
f 2956/3/5272 2925/3/5272 2927/3/5272
f 2928/3/5273 2971/3/5273 2970/3/5273
f 2970/3/5273 2926/3/5273 2928/3/5273
f 2929/3/5274 2958/3/5274 2957/3/5274
f 2957/3/5274 2927/3/5274 2929/3/5274
f 2931/3/5275 2947/3/5275 2976/3/5275
f 2976/3/5275 2930/3/5275 2931/3/5275
f 2932/3/5276 2972/3/5276 2971/3/5276
f 2971/3/5276 2928/3/5276 2932/3/5276
f 2933/3/5277 2959/3/5277 2958/3/5277
f 2958/3/5277 2929/3/5277 2933/3/5277
f 2934/3/5278 2948/3/5279 2947/3/5278
f 2947/3/5278 2931/3/5279 2934/3/5278
f 2935/3/5280 2973/3/5280 2972/3/5280
f 2972/3/5280 2932/3/5280 2935/3/5280
f 2936/3/5281 2960/3/5281 2959/3/5281
f 2959/3/5281 2933/3/5281 2936/3/5281
f 2916/3/5282 2915/3/5282 2948/3/5282
f 2948/3/5282 2934/3/5282 2916/3/5282
f 2937/3/5283 2974/3/5284 2973/3/5284
f 2973/3/5284 2935/3/5285 2937/3/5283
f 2938/3/5286 2961/3/5287 2960/3/5286
f 2960/3/5286 2936/3/5288 2938/3/5286
o C_rculo_009_C_rculo_010
v -4.436989 -0.408365 -1.506545
v -4.363389 -0.408365 -1.499345
v -4.292589 -0.408365 -1.477845
v -4.227389 -0.408365 -1.442945
v -4.170189 -0.408365 -1.396045
v -4.123289 -0.408365 -1.338845
v -4.088389 -0.408365 -1.273645
v -4.066889 -0.408365 -1.202845
v -4.059689 -0.408365 -1.129245
v -4.066889 -0.408365 -1.055545
v -4.088389 -0.408365 -0.984745
v -4.123289 -0.408365 -0.919545
v -4.170189 -0.408365 -0.862345
v -4.227389 -0.408365 -0.815445
v -4.292589 -0.408365 -0.780545
v -4.363389 -0.408365 -0.759045
v -4.436989 -0.408365 -0.751845
v -4.510689 -0.408365 -0.759045
v -4.581489 -0.408365 -0.780545
v -4.646689 -0.408365 -0.815445
v -4.703889 -0.408365 -0.862345
v -4.750789 -0.408365 -0.919545
v -4.785689 -0.408365 -0.984745
v -4.807189 -0.408365 -1.055545
v -4.814389 -0.408365 -1.129245
v -4.807189 -0.408365 -1.202845
v -4.785689 -0.408365 -1.273645
v -4.750789 -0.408365 -1.338845
v -4.703889 -0.408365 -1.396045
v -4.510689 -0.408365 -1.499345
v -4.646689 -0.408365 -1.442945
v -4.581489 -0.408365 -1.477845
v -4.530089 -0.587565 -1.596945
v -4.619489 -0.587565 -1.569745
v -4.701989 -0.587565 -1.525745
v -4.774189 -0.587565 -1.466345
v -4.833489 -0.587565 -1.394145
v -4.877589 -0.587565 -1.311645
v -4.904689 -0.587565 -1.222245
v -4.913889 -0.587565 -1.129245
v -4.904689 -0.587565 -1.036145
v -4.877589 -0.587565 -0.946745
v -4.833489 -0.587565 -0.864245
v -4.774189 -0.587565 -0.792045
v -4.701989 -0.587565 -0.732745
v -4.619489 -0.587565 -0.688645
v -4.530089 -0.587565 -0.661544
v -4.436989 -0.587565 -0.652345
v -4.343989 -0.587565 -0.661544
v -4.254589 -0.587565 -0.688645
v -4.172089 -0.587565 -0.732745
v -4.099889 -0.587565 -0.792045
v -4.040489 -0.587565 -0.864245
v -3.996489 -0.587565 -0.946745
v -3.969289 -0.587565 -1.036145
v -3.960189 -0.587565 -1.129245
v -3.969289 -0.587565 -1.222245
v -3.996489 -0.587565 -1.311645
v -4.040489 -0.587565 -1.394145
v -4.099889 -0.587565 -1.466345
v -4.172089 -0.587565 -1.525745
v -4.254589 -0.587565 -1.569745
v -4.343989 -0.587565 -1.596945
v -4.436989 -0.587565 -1.606045
vn -0.0000 -1.0000 -0.0000
vn -0.0000 1.0000 -0.0000
vn 0.8376 -0.4837 0.2540
vn 0.8376 -0.4836 0.2541
vn 0.8375 -0.4838 0.2540
vn -0.6767 -0.4835 -0.5553
vn -0.6766 -0.4836 -0.5553
vn -0.6767 -0.4835 -0.5552
vn -0.6770 -0.4833 -0.5551
vn 0.8712 -0.4834 0.0860
vn 0.8711 -0.4836 0.0858
vn 0.8711 -0.4836 0.0860
vn -0.7718 -0.4838 -0.4127
vn -0.7720 -0.4836 -0.4125
vn -0.7719 -0.4836 -0.4126
vn -0.7717 -0.4838 -0.4128
vn 0.8712 -0.4834 -0.0859
vn 0.8711 -0.4836 -0.0858
vn 0.8711 -0.4836 -0.0857
vn 0.8712 -0.4833 -0.0861
vn -0.8376 -0.4836 -0.2540
vn -0.8376 -0.4836 -0.2541
vn -0.8375 -0.4836 -0.2542
vn 0.8376 -0.4837 -0.2540
vn 0.8376 -0.4836 -0.2541
vn 0.8377 -0.4834 -0.2540
vn 0.8374 -0.4839 -0.2542
vn -0.8711 -0.4836 -0.0858
vn -0.8711 -0.4836 -0.0860
vn 0.7719 -0.4836 -0.4126
vn 0.7719 -0.4835 -0.4127
vn 0.7719 -0.4835 -0.4128
vn -0.8711 -0.4837 0.0852
vn -0.8711 -0.4836 0.0857
vn 0.6768 -0.4836 -0.5551
vn 0.6766 -0.4836 -0.5552
vn 0.6766 -0.4834 -0.5555
vn 0.6766 -0.4836 -0.5553
vn -0.8376 -0.4837 0.2541
vn -0.8376 -0.4836 0.2541
vn -0.8375 -0.4836 0.2544
vn -0.8375 -0.4837 0.2543
vn 0.5552 -0.4834 -0.6768
vn 0.5552 -0.4836 -0.6767
vn 0.5554 -0.4835 -0.6765
vn 0.5551 -0.4833 -0.6770
vn -0.7719 -0.4835 0.4128
vn -0.7719 -0.4836 0.4127
vn -0.7719 -0.4836 0.4126
vn 0.4126 -0.4835 -0.7720
vn 0.4127 -0.4834 -0.7720
vn 0.4128 -0.4835 -0.7719
vn 0.4126 -0.4836 -0.7719
vn 0.0858 -0.4836 0.8711
vn 0.0860 -0.4836 0.8711
vn -0.6767 -0.4835 0.5553
vn -0.6766 -0.4836 0.5553
vn -0.6767 -0.4836 0.5552
vn -0.6767 -0.4837 0.5551
vn 0.2542 -0.4834 -0.8376
vn 0.2542 -0.4839 -0.8374
vn 0.2543 -0.4837 -0.8375
vn 0.2544 -0.4835 -0.8376
vn 0.2542 -0.4836 0.8375
vn 0.2543 -0.4837 0.8375
vn 0.2541 -0.4837 0.8376
vn 0.2541 -0.4836 0.8376
vn -0.5553 -0.4835 0.6767
vn -0.5554 -0.4836 0.6765
vn -0.5553 -0.4836 0.6766
vn -0.5551 -0.4833 0.6770
vn 0.0858 -0.4835 -0.8711
vn 0.0861 -0.4836 -0.8710
vn 0.0859 -0.4836 -0.8711
vn 0.4126 -0.4836 0.7719
vn 0.4127 -0.4836 0.7719
vn 0.4128 -0.4835 0.7719
vn -0.4126 -0.4836 0.7720
vn -0.4126 -0.4836 0.7719
vn -0.0855 -0.4836 -0.8711
vn -0.0858 -0.4836 -0.8711
vn -0.0860 -0.4834 -0.8712
vn -0.0852 -0.4837 -0.8711
vn 0.5553 -0.4835 0.6767
vn 0.5555 -0.4838 0.6763
vn 0.5555 -0.4837 0.6764
vn 0.5554 -0.4836 0.6765
vn -0.2541 -0.4836 0.8376
vn -0.2539 -0.4837 0.8376
vn -0.2540 -0.4836 -0.8377
vn -0.2539 -0.4835 -0.8377
vn -0.2540 -0.4834 -0.8377
vn -0.2541 -0.4836 -0.8376
vn 0.6765 -0.4836 0.5554
vn 0.6764 -0.4836 0.5555
vn 0.6765 -0.4835 0.5554
vn 0.6766 -0.4836 0.5553
vn -0.0859 -0.4836 0.8711
vn -0.0858 -0.4836 0.8711
vn -0.4130 -0.4835 -0.7718
vn -0.4126 -0.4836 -0.7719
vn -0.4127 -0.4835 -0.7719
vn -0.4127 -0.4836 -0.7719
vn 0.7719 -0.4835 0.4127
vn 0.7719 -0.4836 0.4126
vn 0.7718 -0.4835 0.4130
vn 0.7719 -0.4835 0.4128
vn -0.5551 -0.4836 -0.6768
vn -0.5552 -0.4836 -0.6766
vn -0.5555 -0.4834 -0.6766
vn -0.5550 -0.4836 -0.6768
vt 0.000000 0.000000
s 1
g off
usemtl Goddard_None
f 2977/4/5289 2978/4/5289 2979/4/5289
f 2979/4/5289 2980/4/5289 2981/4/5289
f 2977/4/5289 2979/4/5289 2981/4/5289
f 2981/4/5289 2982/4/5289 2983/4/5289
f 2983/4/5289 2984/4/5289 2985/4/5289
f 2981/4/5289 2983/4/5289 2985/4/5289
f 2977/4/5289 2981/4/5289 2985/4/5289
f 2985/4/5289 2986/4/5289 2987/4/5289
f 2987/4/5289 2988/4/5289 2989/4/5289
f 2985/4/5289 2987/4/5289 2989/4/5289
f 2989/4/5289 2990/4/5289 2991/4/5289
f 2991/4/5289 2992/4/5289 2993/4/5289
f 2989/4/5289 2991/4/5289 2993/4/5289
f 2985/4/5289 2989/4/5289 2993/4/5289
f 2993/4/5289 2994/4/5289 2995/4/5289
f 2995/4/5289 2996/4/5289 2997/4/5289
f 2993/4/5289 2995/4/5289 2997/4/5289
f 2997/4/5289 2998/4/5289 2999/4/5289
f 2999/4/5289 3000/4/5289 3001/4/5289
f 2997/4/5289 2999/4/5289 3001/4/5289
f 2993/4/5289 2997/4/5289 3001/4/5289
f 2985/4/5289 2993/4/5289 3001/4/5289
f 2977/4/5289 2985/4/5289 3001/4/5289
f 3002/4/5289 3003/4/5289 3004/4/5289
f 3001/4/5289 3002/4/5289 3004/4/5289
f 3001/4/5289 3004/4/5289 3005/4/5289
f 2977/4/5289 3001/4/5289 3005/4/5289
f 3006/4/5289 2977/4/5289 3005/4/5289
f 3006/4/5289 3005/4/5289 3007/4/5289
f 3006/4/5289 3007/4/5289 3008/4/5289
f 3009/4/5290 3010/4/5290 3011/4/5290
f 3011/4/5290 3012/4/5290 3013/4/5290
f 3009/4/5290 3011/4/5290 3013/4/5290
f 3013/4/5290 3014/4/5290 3015/4/5290
f 3015/4/5290 3016/4/5290 3017/4/5290
f 3013/4/5290 3015/4/5290 3017/4/5290
f 3009/4/5290 3013/4/5290 3017/4/5290
f 3017/4/5290 3018/4/5290 3019/4/5290
f 3019/4/5290 3020/4/5290 3021/4/5290
f 3017/4/5290 3019/4/5290 3021/4/5290
f 3021/4/5290 3022/4/5290 3023/4/5290
f 3023/4/5290 3024/4/5290 3025/4/5290
f 3021/4/5290 3023/4/5290 3025/4/5290
f 3017/4/5290 3021/4/5290 3025/4/5290
f 3009/4/5290 3017/4/5290 3025/4/5290
f 3025/4/5290 3026/4/5290 3027/4/5290
f 3027/4/5290 3028/4/5290 3029/4/5290
f 3025/4/5290 3027/4/5290 3029/4/5290
f 3029/4/5290 3030/4/5290 3031/4/5290
f 3031/4/5290 3032/4/5290 3033/4/5290
f 3029/4/5290 3031/4/5290 3033/4/5290
f 3025/4/5290 3029/4/5290 3033/4/5290
f 3033/4/5290 3034/4/5290 3035/4/5290
f 3035/4/5290 3036/4/5290 3037/4/5290
f 3033/4/5290 3035/4/5290 3037/4/5290
f 3037/4/5290 3038/4/5290 3039/4/5290
f 3037/4/5290 3039/4/5290 3040/4/5290
f 3033/4/5290 3037/4/5290 3040/4/5290
f 3025/4/5290 3033/4/5290 3040/4/5290
f 3009/4/5290 3025/4/5290 3040/4/5290
f 3002/4/5291 3015/4/5292 3014/4/5293
f 3014/4/5293 3003/4/5292 3002/4/5291
f 2988/4/5294 3029/4/5295 3028/4/5296
f 3028/4/5296 2989/4/5297 2988/4/5294
f 3016/4/5298 3015/4/5299 3002/4/5300
f 3002/4/5300 3001/4/5299 3016/4/5298
f 2987/4/5301 3030/4/5302 3029/4/5303
f 3029/4/5303 2988/4/5304 2987/4/5301
f 3016/4/5305 3001/4/5306 3000/4/5307
f 3000/4/5307 3017/4/5308 3016/4/5305
f 2986/4/5309 3031/4/5310 3030/4/5311
f 3030/4/5311 2987/4/5310 2986/4/5309
f 3000/4/5312 2999/4/5313 3018/4/5314
f 3018/4/5314 3017/4/5315 3000/4/5312
f 2985/4/5316 3032/4/5317 3031/4/5316
f 3031/4/5316 2986/4/5316 2985/4/5316
f 2998/4/5318 3019/4/5318 3018/4/5319
f 3018/4/5319 2999/4/5320 2998/4/5318
f 2984/4/5321 3033/4/5321 3032/4/5322
f 3032/4/5322 2985/4/5321 2984/4/5321
f 2997/4/5323 3020/4/5324 3019/4/5325
f 3019/4/5325 2998/4/5326 2997/4/5323
f 2983/4/5327 3034/4/5328 3033/4/5329
f 3033/4/5329 2984/4/5330 2983/4/5327
f 2996/4/5331 3021/4/5332 3020/4/5333
f 3020/4/5333 2997/4/5334 2996/4/5331
f 2982/4/5335 3035/4/5336 3034/4/5337
f 3034/4/5337 2983/4/5337 2982/4/5335
f 2995/4/5338 3022/4/5339 3021/4/5340
f 3021/4/5340 2996/4/5341 2995/4/5338
f 3040/4/5342 2977/4/5343 3006/4/5342
f 3006/4/5342 3009/4/5342 3040/4/5342
f 2981/4/5344 3036/4/5345 3035/4/5346
f 3035/4/5346 2982/4/5347 2981/4/5344
f 2994/4/5348 3023/4/5349 3022/4/5350
f 3022/4/5350 2995/4/5351 2994/4/5348
f 3009/4/5352 3006/4/5353 3008/4/5354
f 3008/4/5354 3010/4/5355 3009/4/5352
f 2980/4/5356 3037/4/5357 3036/4/5358
f 3036/4/5358 2981/4/5359 2980/4/5356
f 2993/4/5360 3024/4/5361 3023/4/5362
f 3023/4/5362 2994/4/5362 2993/4/5360
f 3010/4/5363 3008/4/5364 3007/4/5365
f 3007/4/5365 3011/4/5363 3010/4/5363
f 2979/4/5366 3038/4/5367 3037/4/5366
f 3037/4/5366 2980/4/5366 2979/4/5366
f 2992/4/5368 3025/4/5369 3024/4/5370
f 3024/4/5370 2993/4/5371 2992/4/5368
f 3007/4/5372 3005/4/5373 3012/4/5374
f 3012/4/5374 3011/4/5375 3007/4/5372
f 2978/4/5376 3039/4/5376 3038/4/5377
f 3038/4/5377 2979/4/5377 2978/4/5376
f 2991/4/5378 3026/4/5379 3025/4/5380
f 3025/4/5380 2992/4/5381 2991/4/5378
f 3004/4/5382 3013/4/5383 3012/4/5384
f 3012/4/5384 3005/4/5385 3004/4/5382
f 2978/4/5386 2977/4/5387 3040/4/5387
f 3040/4/5387 3039/4/5387 2978/4/5386
f 2990/4/5388 3027/4/5389 3026/4/5390
f 3026/4/5390 2991/4/5391 2990/4/5388
f 3014/4/5392 3013/4/5393 3004/4/5394
f 3004/4/5394 3003/4/5395 3014/4/5392
f 2989/4/5396 3028/4/5397 3027/4/5398
f 3027/4/5398 2990/4/5399 2989/4/5396
o C_rculo_010_C_rculo_011
v -4.435789 -0.586265 -1.608145
v -4.342289 -0.586265 -1.598945
v -4.252389 -0.586265 -1.571645
v -4.169489 -0.586265 -1.527445
v -4.096889 -0.586265 -1.467745
v -4.037189 -0.586265 -1.395145
v -3.992989 -0.586265 -1.312245
v -3.965689 -0.586265 -1.222345
v -3.956489 -0.586265 -1.128845
v -3.965689 -0.586265 -1.035345
v -3.992989 -0.586265 -0.945445
v -4.037189 -0.586265 -0.862545
v -4.096889 -0.586265 -0.789845
v -4.169489 -0.586265 -0.730245
v -4.252389 -0.586265 -0.685945
v -4.342289 -0.586265 -0.658744
v -4.435789 -0.586265 -0.649545
v -4.529289 -0.586265 -0.658744
v -4.619189 -0.586265 -0.685945
v -4.702089 -0.586265 -0.730245
v -4.774689 -0.586265 -0.789845
v -4.834389 -0.586265 -0.862545
v -4.878689 -0.586265 -0.945445
v -4.905889 -0.586265 -1.035345
v -4.915089 -0.586265 -1.128845
v -4.905889 -0.586265 -1.222345
v -4.878689 -0.586265 -1.312245
v -4.834389 -0.586265 -1.395145
v -4.774689 -0.586265 -1.467745
v -4.529289 -0.586265 -1.598945
v -4.702089 -0.586265 -1.527445
v -4.619189 -0.586265 -1.571645
v -3.930789 -0.607665 -1.229245
v -3.930789 -0.708465 -1.229245
v -3.920889 -0.708465 -1.128845
v -3.920889 -0.607665 -1.128845
v -4.238789 -0.607665 -1.604545
v -4.149789 -0.607665 -1.556945
v -4.335389 -0.607665 -0.623845
v -4.435789 -0.607665 -0.613945
v -4.799889 -0.607665 -1.492945
v -4.721789 -0.607665 -1.556945
v -4.335389 -0.607665 -1.633845
v -4.238789 -0.607665 -0.653144
v -4.863889 -0.607665 -1.414845
v -4.435789 -0.607665 -1.643745
v -4.149789 -0.607665 -0.700745
v -4.911489 -0.607665 -1.325845
v -4.071689 -0.607665 -0.764745
v -4.940789 -0.607665 -1.229245
v -4.007689 -0.607665 -0.842845
v -4.950689 -0.607665 -1.128845
v -3.960089 -0.607665 -0.931845
v -4.940789 -0.607665 -1.028445
v -3.930789 -0.607665 -1.028445
v -4.911489 -0.607665 -0.931845
v -4.863889 -0.607665 -0.842845
v -4.799889 -0.607665 -0.764745
v -3.960089 -0.607665 -1.325845
v -4.721789 -0.607665 -0.700745
v -4.007689 -0.607665 -1.414845
v -4.632789 -0.607665 -0.653144
v -4.536189 -0.607665 -1.633845
v -4.071689 -0.607665 -1.492945
v -4.536189 -0.607665 -0.623845
v -4.632789 -0.607665 -1.604545
v -4.536189 -0.708465 -1.633845
v -4.632789 -0.708465 -1.604545
v -4.721789 -0.708465 -1.556945
v -4.799889 -0.708465 -1.492945
v -4.863889 -0.708465 -1.414845
v -4.911489 -0.708465 -1.325845
v -4.940789 -0.708465 -1.229245
v -4.950689 -0.708465 -1.128845
v -4.940789 -0.708465 -1.028445
v -4.911489 -0.708465 -0.931845
v -4.863889 -0.708465 -0.842845
v -4.799889 -0.708465 -0.764745
v -4.721789 -0.708465 -0.700745
v -4.632789 -0.708465 -0.653144
v -4.536189 -0.708465 -0.623845
v -4.435789 -0.708465 -0.613945
v -4.335389 -0.708465 -0.623845
v -4.238789 -0.708465 -0.653144
v -4.149789 -0.708465 -0.700745
v -4.071689 -0.708465 -0.764745
v -4.007689 -0.708465 -0.842845
v -3.960089 -0.708465 -0.931845
v -3.930789 -0.708465 -1.028445
v -3.960089 -0.708465 -1.325845
v -4.007689 -0.708465 -1.414845
v -4.071689 -0.708465 -1.492945
v -4.149789 -0.708465 -1.556945
v -4.238789 -0.708465 -1.604545
v -4.335389 -0.708465 -1.633845
v -4.435789 -0.708465 -1.643745
vn -0.0000 -1.0000 -0.0000
vn -0.9952 -0.0000 0.0981
vn -0.2439 -0.8557 0.4563
vn -0.2439 -0.8559 0.4560
vn -0.2440 -0.8556 0.4565
vn -0.2440 -0.8557 0.4564
vn -0.0507 -0.8559 -0.5147
vn -0.0508 -0.8558 -0.5148
vn -0.0507 -0.8559 -0.5146
vn -0.0506 -0.8560 -0.5145
vn 0.3284 -0.8556 0.4002
vn 0.3283 -0.8557 0.4000
vn 0.3285 -0.8554 0.4005
vn -0.1502 -0.8556 0.4954
vn -0.1502 -0.8558 0.4951
vn -0.1502 -0.8557 0.4952
vn -0.1503 -0.8557 -0.4952
vn -0.1502 -0.8557 -0.4953
vn -0.1500 -0.8557 -0.4953
vn -0.1504 -0.8556 -0.4953
vn 0.4002 -0.8556 0.3283
vn 0.3998 -0.8558 0.3283
vn 0.4001 -0.8557 0.3283
vn -0.0507 -0.8559 0.5147
vn -0.0507 -0.8557 0.5149
vn -0.0507 -0.8559 0.5146
vn -0.0508 -0.8558 0.5147
vn -0.2441 -0.8556 -0.4565
vn -0.2442 -0.8555 -0.4566
vn -0.2441 -0.8556 -0.4566
vn 0.4565 -0.8556 0.2441
vn 0.4566 -0.8555 0.2442
vn 0.4566 -0.8556 0.2441
vn 0.4569 -0.8554 0.2441
vn -0.3282 -0.8556 -0.4004
vn -0.3280 -0.8557 -0.4003
vn -0.3283 -0.8555 -0.4003
vn -0.3284 -0.8555 -0.4002
vn 0.4950 -0.8558 0.1503
vn 0.4951 -0.8558 0.1502
vn 0.4951 -0.8557 0.1502
vn -0.4003 -0.8556 -0.3284
vn -0.4001 -0.8557 -0.3283
vn -0.4001 -0.8556 -0.3284
vn -0.3998 -0.8558 -0.3283
vn 0.5149 -0.8558 0.0507
vn 0.5147 -0.8558 0.0508
vn 0.5147 -0.8559 0.0507
vn 0.5151 -0.8556 0.0507
vn -0.4563 -0.8557 -0.2439
vn -0.4559 -0.8559 -0.2439
vn -0.4564 -0.8557 -0.2439
vn -0.4566 -0.8556 -0.2440
vn 0.5149 -0.8558 -0.0508
vn 0.5145 -0.8560 -0.0506
vn 0.5150 -0.8557 -0.0508
vn 0.5147 -0.8558 -0.0508
vn -0.4950 -0.8558 -0.1502
vn -0.4951 -0.8558 -0.1502
vn -0.4948 -0.8559 -0.1502
vn 0.4953 -0.8557 -0.1501
vn 0.4956 -0.8555 -0.1501
vn 0.4952 -0.8557 -0.1501
vn 0.4951 -0.8558 -0.1502
vn -0.5149 -0.8558 -0.0507
vn -0.5150 -0.8557 -0.0507
vn -0.5147 -0.8559 -0.0507
vn -0.5148 -0.8558 -0.0507
vn 0.4565 -0.8556 -0.2441
vn 0.4566 -0.8555 -0.2441
vn 0.4569 -0.8554 -0.2441
vn -0.5147 -0.8559 0.0507
vn -0.5147 -0.8558 0.0508
vn -0.5150 -0.8557 0.0508
vn -0.5148 -0.8558 0.0507
vn 0.4003 -0.8556 -0.3282
vn 0.4001 -0.8556 -0.3284
vn 0.4001 -0.8557 -0.3283
vn 0.4001 -0.8557 -0.3282
vn -0.4948 -0.8559 0.1501
vn -0.4951 -0.8557 0.1502
vn -0.4949 -0.8558 0.1503
vn -0.4950 -0.8558 0.1503
vn 0.3283 -0.8557 -0.4000
vn 0.3284 -0.8556 -0.4002
vn 0.3283 -0.8557 -0.3999
vn -0.4564 -0.8557 0.2439
vn -0.4564 -0.8557 0.2440
vn -0.4564 -0.8557 0.2438
vn 0.2441 -0.8556 -0.4565
vn 0.2443 -0.8554 -0.4568
vn 0.2440 -0.8556 -0.4564
vn 0.0507 -0.8559 0.5146
vn 0.0506 -0.8560 0.5145
vn 0.0507 -0.8559 0.5147
vn 0.0508 -0.8558 0.5147
vn -0.4000 -0.8558 0.3281
vn -0.4000 -0.8557 0.3282
vn -0.4001 -0.8557 0.3283
vn -0.4001 -0.8557 0.3282
vn 0.1501 -0.8557 -0.4953
vn 0.1502 -0.8558 -0.4951
vn 0.1502 -0.8557 -0.4951
vn 0.1502 -0.8557 -0.4953
vn 0.1502 -0.8556 0.4954
vn 0.1502 -0.8556 0.4953
vn 0.1502 -0.8557 0.4952
vn 0.1502 -0.8558 0.4950
vn -0.3283 -0.8557 0.4001
vn -0.3283 -0.8556 0.4001
vn -0.3283 -0.8557 0.4000
vn 0.0506 -0.8558 -0.5149
vn 0.0507 -0.8560 -0.5145
vn 0.0507 -0.8559 -0.5147
vn 0.0506 -0.8558 -0.5148
vn 0.2440 -0.8556 0.4564
vn 0.2438 -0.8557 0.4564
vn 0.2440 -0.8557 0.4564
vn 0.2441 -0.8556 0.4565
vn -0.0000 1.0000 -0.0000
vn 0.7731 -0.0000 -0.6343
vn 0.7732 -0.0000 -0.6342
vn -0.9569 -0.0000 0.2903
vn 0.6343 -0.0000 -0.7731
vn 0.6342 -0.0000 -0.7732
vn 0.6343 -0.0000 -0.7730
vn -0.8818 -0.0000 0.4716
vn 0.4716 -0.0000 -0.8818
vn 0.0981 -0.0000 0.9952
vn 0.0977 -0.0000 0.9952
vn -0.7730 -0.0000 0.6344
vn -0.7735 -0.0000 0.6338
vn -0.7732 -0.0000 0.6342
vn 0.2903 -0.0000 -0.9570
vn 0.2903 -0.0000 0.9569
vn -0.6344 -0.0000 0.7730
vn 0.0981 -0.0000 -0.9952
vn 0.0977 -0.0000 -0.9952
vn 0.4716 -0.0000 0.8818
vn -0.4716 -0.0000 0.8818
vn -0.0981 -0.0000 -0.9952
vn -0.0977 -0.0000 -0.9952
vn 0.6345 -0.0000 0.7729
vn 0.6342 -0.0000 0.7732
vn 0.6346 -0.0000 0.7729
vn -0.2903 -0.0000 0.9569
vn -0.2903 -0.0000 -0.9570
vn 0.7732 -0.0000 0.6342
vn -0.0981 -0.0000 0.9952
vn -0.0977 -0.0000 0.9952
vn -0.4716 -0.0000 -0.8818
vn 0.8818 -0.0000 0.4716
vn -0.6344 -0.0000 -0.7730
vn -0.6343 -0.0000 -0.7730
vn 0.9569 -0.0000 0.2903
vn -0.7729 -0.0000 -0.6346
vn 0.9952 -0.0000 0.0981
vn -0.8818 -0.0000 -0.4716
vn 0.9952 -0.0000 -0.0981
vn -0.9569 -0.0000 -0.2903
vn 0.9569 -0.0000 -0.2903
vn -0.9952 -0.0000 -0.0981
vn 0.8818 -0.0000 -0.4716
vt 0.000000 0.000000
s 1
g off
usemtl Goddard_None
f 3041/5/5400 3042/5/5400 3043/5/5400
f 3043/5/5400 3044/5/5400 3045/5/5400
f 3041/5/5400 3043/5/5400 3045/5/5400
f 3045/5/5400 3046/5/5400 3047/5/5400
f 3047/5/5400 3048/5/5400 3049/5/5400
f 3045/5/5400 3047/5/5400 3049/5/5400
f 3041/5/5400 3045/5/5400 3049/5/5400
f 3049/5/5400 3050/5/5400 3051/5/5400
f 3051/5/5400 3052/5/5400 3053/5/5400
f 3049/5/5400 3051/5/5400 3053/5/5400
f 3053/5/5400 3054/5/5400 3055/5/5400
f 3055/5/5400 3056/5/5400 3057/5/5400
f 3053/5/5400 3055/5/5400 3057/5/5400
f 3049/5/5400 3053/5/5400 3057/5/5400
f 3057/5/5400 3058/5/5400 3059/5/5400
f 3059/5/5400 3060/5/5400 3061/5/5400
f 3057/5/5400 3059/5/5400 3061/5/5400
f 3061/5/5400 3062/5/5400 3063/5/5400
f 3063/5/5400 3064/5/5400 3065/5/5400
f 3061/5/5400 3063/5/5400 3065/5/5400
f 3057/5/5400 3061/5/5400 3065/5/5400
f 3049/5/5400 3057/5/5400 3065/5/5400
f 3041/5/5400 3049/5/5400 3065/5/5400
f 3066/5/5400 3067/5/5400 3068/5/5400
f 3065/5/5400 3066/5/5400 3068/5/5400
f 3065/5/5400 3068/5/5400 3069/5/5400
f 3041/5/5400 3065/5/5400 3069/5/5400
f 3070/5/5400 3041/5/5400 3069/5/5400
f 3070/5/5400 3069/5/5400 3071/5/5400
f 3070/5/5400 3071/5/5400 3072/5/5400
f 3073/5/5401 3074/5/5401 3075/5/5401
f 3075/5/5401 3076/5/5401 3073/5/5401
f 3043/5/5402 3077/5/5403 3078/5/5404
f 3078/5/5404 3044/5/5405 3043/5/5402
f 3056/5/5406 3079/5/5407 3080/5/5408
f 3080/5/5408 3057/5/5409 3056/5/5406
f 3071/5/5410 3069/5/5411 3081/5/5411
f 3081/5/5411 3082/5/5412 3071/5/5410
f 3042/5/5413 3083/5/5414 3077/5/5413
f 3077/5/5413 3043/5/5415 3042/5/5413
f 3055/5/5416 3084/5/5417 3079/5/5418
f 3079/5/5418 3056/5/5419 3055/5/5416
f 3068/5/5420 3085/5/5420 3081/5/5421
f 3081/5/5421 3069/5/5422 3068/5/5420
f 3042/5/5423 3041/5/5424 3086/5/5425
f 3086/5/5425 3083/5/5426 3042/5/5423
f 3054/5/5427 3087/5/5428 3084/5/5427
f 3084/5/5427 3055/5/5429 3054/5/5427
f 3088/5/5430 3085/5/5431 3068/5/5432
f 3068/5/5432 3067/5/5433 3088/5/5430
f 3053/5/5434 3089/5/5435 3087/5/5436
f 3087/5/5436 3054/5/5437 3053/5/5434
f 3066/5/5438 3090/5/5439 3088/5/5440
f 3088/5/5440 3067/5/5440 3066/5/5438
f 3052/5/5441 3091/5/5442 3089/5/5443
f 3089/5/5443 3053/5/5444 3052/5/5441
f 3092/5/5445 3090/5/5446 3066/5/5447
f 3066/5/5447 3065/5/5448 3092/5/5445
f 3051/5/5449 3093/5/5450 3091/5/5451
f 3091/5/5451 3052/5/5452 3051/5/5449
f 3092/5/5453 3065/5/5454 3064/5/5455
f 3064/5/5455 3094/5/5456 3092/5/5453
f 3050/5/5457 3095/5/5458 3093/5/5459
f 3093/5/5459 3051/5/5458 3050/5/5457
f 3064/5/5460 3063/5/5461 3096/5/5462
f 3096/5/5462 3094/5/5463 3064/5/5460
f 3049/5/5464 3076/5/5465 3095/5/5466
f 3095/5/5466 3050/5/5467 3049/5/5464
f 3062/5/5468 3097/5/5468 3096/5/5469
f 3096/5/5469 3063/5/5470 3062/5/5468
f 3048/5/5471 3073/5/5472 3076/5/5473
f 3076/5/5473 3049/5/5474 3048/5/5471
f 3061/5/5475 3098/5/5476 3097/5/5477
f 3097/5/5477 3062/5/5478 3061/5/5475
f 3047/5/5479 3099/5/5480 3073/5/5481
f 3073/5/5481 3048/5/5482 3047/5/5479
f 3060/5/5483 3100/5/5483 3098/5/5484
f 3098/5/5484 3061/5/5485 3060/5/5483
f 3046/5/5486 3101/5/5487 3099/5/5487
f 3099/5/5487 3047/5/5488 3046/5/5486
f 3059/5/5489 3102/5/5490 3100/5/5489
f 3100/5/5489 3060/5/5491 3059/5/5489
f 3086/5/5492 3041/5/5493 3070/5/5494
f 3070/5/5494 3103/5/5495 3086/5/5492
f 3045/5/5496 3104/5/5497 3101/5/5498
f 3101/5/5498 3046/5/5499 3045/5/5496
f 3058/5/5500 3105/5/5501 3102/5/5502
f 3102/5/5502 3059/5/5503 3058/5/5500
f 3103/5/5504 3070/5/5505 3072/5/5506
f 3072/5/5506 3106/5/5507 3103/5/5504
f 3044/5/5508 3078/5/5509 3104/5/5510
f 3104/5/5510 3045/5/5510 3044/5/5508
f 3057/5/5511 3080/5/5512 3105/5/5513
f 3105/5/5513 3058/5/5514 3057/5/5511
f 3106/5/5515 3072/5/5516 3071/5/5517
f 3071/5/5517 3082/5/5518 3106/5/5515
f 3107/5/5519 3108/5/5519 3109/5/5519
f 3109/5/5519 3110/5/5519 3111/5/5519
f 3107/5/5519 3109/5/5519 3111/5/5519
f 3111/5/5519 3112/5/5519 3113/5/5519
f 3111/5/5519 3113/5/5519 3114/5/5519
f 3107/5/5519 3111/5/5519 3114/5/5519
f 3107/5/5519 3114/5/5519 3115/5/5519
f 3115/5/5519 3116/5/5519 3117/5/5519
f 3117/5/5519 3118/5/5519 3119/5/5519
f 3115/5/5519 3117/5/5519 3119/5/5519
f 3119/5/5519 3120/5/5519 3121/5/5519
f 3121/5/5519 3122/5/5519 3123/5/5519
f 3119/5/5519 3121/5/5519 3123/5/5519
f 3115/5/5519 3119/5/5519 3123/5/5519
f 3123/5/5519 3124/5/5519 3125/5/5519
f 3125/5/5519 3126/5/5519 3127/5/5519
f 3123/5/5519 3125/5/5519 3127/5/5519
f 3127/5/5519 3128/5/5519 3129/5/5519
f 3129/5/5519 3075/5/5519 3074/5/5519
f 3127/5/5519 3129/5/5519 3074/5/5519
f 3123/5/5519 3127/5/5519 3074/5/5519
f 3115/5/5519 3123/5/5519 3074/5/5519
f 3074/5/5519 3130/5/5519 3131/5/5519
f 3131/5/5519 3132/5/5519 3133/5/5519
f 3074/5/5519 3131/5/5519 3133/5/5519
f 3133/5/5519 3134/5/5519 3135/5/5519
f 3133/5/5519 3135/5/5519 3136/5/5519
f 3074/5/5519 3133/5/5519 3136/5/5519
f 3115/5/5519 3074/5/5519 3136/5/5519
f 3107/5/5519 3115/5/5519 3136/5/5519
f 3098/5/5520 3118/5/5521 3117/5/5520
f 3117/5/5520 3097/5/5521 3098/5/5520
f 3099/5/5522 3130/5/5522 3074/5/5522
f 3074/5/5522 3073/5/5522 3099/5/5522
f 3100/5/5523 3119/5/5524 3118/5/5523
f 3118/5/5523 3098/5/5525 3100/5/5523
f 3101/5/5526 3131/5/5526 3130/5/5526
f 3130/5/5526 3099/5/5526 3101/5/5526
f 3102/5/5527 3120/5/5527 3119/5/5527
f 3119/5/5527 3100/5/5527 3102/5/5527
f 3103/5/5528 3107/5/5528 3136/5/5528
f 3136/5/5528 3086/5/5529 3103/5/5528
f 3104/5/5530 3132/5/5531 3131/5/5530
f 3131/5/5530 3101/5/5532 3104/5/5530
f 3105/5/5533 3121/5/5533 3120/5/5533
f 3120/5/5533 3102/5/5533 3105/5/5533
f 3106/5/5534 3108/5/5534 3107/5/5534
f 3107/5/5534 3103/5/5534 3106/5/5534
f 3078/5/5535 3133/5/5535 3132/5/5535
f 3132/5/5535 3104/5/5535 3078/5/5535
f 3080/5/5536 3122/5/5536 3121/5/5536
f 3121/5/5536 3105/5/5537 3080/5/5536
f 3082/5/5538 3109/5/5538 3108/5/5538
f 3108/5/5538 3106/5/5538 3082/5/5538
f 3077/5/5539 3134/5/5539 3133/5/5539
f 3133/5/5539 3078/5/5539 3077/5/5539
f 3079/5/5540 3123/5/5540 3122/5/5540
f 3122/5/5540 3080/5/5541 3079/5/5540
f 3081/5/5542 3110/5/5543 3109/5/5542
f 3109/5/5542 3082/5/5544 3081/5/5542
f 3083/5/5545 3135/5/5545 3134/5/5545
f 3134/5/5545 3077/5/5545 3083/5/5545
f 3084/5/5546 3124/5/5546 3123/5/5546
f 3123/5/5546 3079/5/5546 3084/5/5546
f 3085/5/5547 3111/5/5547 3110/5/5547
f 3110/5/5547 3081/5/5547 3085/5/5547
f 3083/5/5548 3086/5/5549 3136/5/5548
f 3136/5/5548 3135/5/5548 3083/5/5548
f 3087/5/5550 3125/5/5550 3124/5/5550
f 3124/5/5550 3084/5/5550 3087/5/5550
f 3088/5/5551 3112/5/5551 3111/5/5551
f 3111/5/5551 3085/5/5551 3088/5/5551
f 3089/5/5552 3126/5/5553 3125/5/5553
f 3125/5/5553 3087/5/5552 3089/5/5552
f 3090/5/5554 3113/5/5554 3112/5/5554
f 3112/5/5554 3088/5/5554 3090/5/5554
f 3091/5/5555 3127/5/5555 3126/5/5555
f 3126/5/5555 3089/5/5555 3091/5/5555
f 3092/5/5556 3114/5/5556 3113/5/5556
f 3113/5/5556 3090/5/5556 3092/5/5556
f 3093/5/5557 3128/5/5557 3127/5/5557
f 3127/5/5557 3091/5/5557 3093/5/5557
f 3094/5/5558 3115/5/5558 3114/5/5558
f 3114/5/5558 3092/5/5558 3094/5/5558
f 3095/5/5559 3129/5/5559 3128/5/5559
f 3128/5/5559 3093/5/5559 3095/5/5559
f 3096/5/5560 3116/5/5560 3115/5/5560
f 3115/5/5560 3094/5/5560 3096/5/5560
f 3076/5/5561 3075/5/5561 3129/5/5561
f 3129/5/5561 3095/5/5561 3076/5/5561
f 3097/5/5562 3117/5/5562 3116/5/5562
f 3116/5/5562 3096/5/5562 3097/5/5562
